[2025-06-25T00:00:06.382+0000] {logging_mixin.py:188} INFO - [2025-06-25T00:00:06.381+0000] {settings.py:250} DEBUG - Setting up DB connection pool (PID 15380)
[2025-06-25T00:00:06.384+0000] {logging_mixin.py:188} INFO - [2025-06-25T00:00:06.384+0000] {settings.py:330} DEBUG - settings.prepare_engine_args(): Using pool settings. pool_size=5, max_overflow=10, pool_recycle=1800, pid=15380
[2025-06-25T00:00:06.396+0000] {processor.py:161} INFO - Started process (PID=15380) to work on /opt/airflow/dags/train_dag.py
[2025-06-25T00:00:06.398+0000] {processor.py:830} INFO - Processing file /opt/airflow/dags/train_dag.py for tasks to queue
[2025-06-25T00:00:06.400+0000] {logging_mixin.py:188} INFO - [2025-06-25T00:00:06.400+0000] {dagbag.py:545} INFO - Filling up the DagBag from /opt/airflow/dags/train_dag.py
[2025-06-25T00:00:06.419+0000] {logging_mixin.py:188} INFO - [2025-06-25T00:00:06.419+0000] {dagbag.py:337} DEBUG - Importing /opt/airflow/dags/train_dag.py
[2025-06-25T00:00:06.429+0000] {processor.py:842} WARNING - No viable dags retrieved from /opt/airflow/dags/train_dag.py
[2025-06-25T00:00:06.459+0000] {processor.py:183} INFO - Processing /opt/airflow/dags/train_dag.py took 0.078 seconds
[2025-06-25T00:00:36.765+0000] {logging_mixin.py:188} INFO - [2025-06-25T00:00:36.764+0000] {settings.py:250} DEBUG - Setting up DB connection pool (PID 15448)
[2025-06-25T00:00:36.768+0000] {logging_mixin.py:188} INFO - [2025-06-25T00:00:36.767+0000] {settings.py:330} DEBUG - settings.prepare_engine_args(): Using pool settings. pool_size=5, max_overflow=10, pool_recycle=1800, pid=15448
[2025-06-25T00:00:36.784+0000] {processor.py:161} INFO - Started process (PID=15448) to work on /opt/airflow/dags/train_dag.py
[2025-06-25T00:00:36.785+0000] {processor.py:830} INFO - Processing file /opt/airflow/dags/train_dag.py for tasks to queue
[2025-06-25T00:00:36.787+0000] {logging_mixin.py:188} INFO - [2025-06-25T00:00:36.786+0000] {dagbag.py:545} INFO - Filling up the DagBag from /opt/airflow/dags/train_dag.py
[2025-06-25T00:00:36.804+0000] {logging_mixin.py:188} INFO - [2025-06-25T00:00:36.804+0000] {dagbag.py:337} DEBUG - Importing /opt/airflow/dags/train_dag.py
[2025-06-25T00:00:36.813+0000] {processor.py:842} WARNING - No viable dags retrieved from /opt/airflow/dags/train_dag.py
[2025-06-25T00:00:36.837+0000] {processor.py:183} INFO - Processing /opt/airflow/dags/train_dag.py took 0.073 seconds
[2025-06-25T00:01:07.455+0000] {logging_mixin.py:188} INFO - [2025-06-25T00:01:07.453+0000] {settings.py:250} DEBUG - Setting up DB connection pool (PID 15510)
[2025-06-25T00:01:07.457+0000] {logging_mixin.py:188} INFO - [2025-06-25T00:01:07.457+0000] {settings.py:330} DEBUG - settings.prepare_engine_args(): Using pool settings. pool_size=5, max_overflow=10, pool_recycle=1800, pid=15510
[2025-06-25T00:01:07.469+0000] {processor.py:161} INFO - Started process (PID=15510) to work on /opt/airflow/dags/train_dag.py
[2025-06-25T00:01:07.470+0000] {processor.py:830} INFO - Processing file /opt/airflow/dags/train_dag.py for tasks to queue
[2025-06-25T00:01:07.472+0000] {logging_mixin.py:188} INFO - [2025-06-25T00:01:07.472+0000] {dagbag.py:545} INFO - Filling up the DagBag from /opt/airflow/dags/train_dag.py
[2025-06-25T00:01:07.490+0000] {logging_mixin.py:188} INFO - [2025-06-25T00:01:07.489+0000] {dagbag.py:337} DEBUG - Importing /opt/airflow/dags/train_dag.py
[2025-06-25T00:01:07.500+0000] {processor.py:842} WARNING - No viable dags retrieved from /opt/airflow/dags/train_dag.py
[2025-06-25T00:01:07.532+0000] {processor.py:183} INFO - Processing /opt/airflow/dags/train_dag.py took 0.079 seconds
[2025-06-25T00:01:37.750+0000] {logging_mixin.py:188} INFO - [2025-06-25T00:01:37.749+0000] {settings.py:250} DEBUG - Setting up DB connection pool (PID 15573)
[2025-06-25T00:01:37.752+0000] {logging_mixin.py:188} INFO - [2025-06-25T00:01:37.752+0000] {settings.py:330} DEBUG - settings.prepare_engine_args(): Using pool settings. pool_size=5, max_overflow=10, pool_recycle=1800, pid=15573
[2025-06-25T00:01:37.762+0000] {processor.py:161} INFO - Started process (PID=15573) to work on /opt/airflow/dags/train_dag.py
[2025-06-25T00:01:37.764+0000] {processor.py:830} INFO - Processing file /opt/airflow/dags/train_dag.py for tasks to queue
[2025-06-25T00:01:37.765+0000] {logging_mixin.py:188} INFO - [2025-06-25T00:01:37.765+0000] {dagbag.py:545} INFO - Filling up the DagBag from /opt/airflow/dags/train_dag.py
[2025-06-25T00:01:37.780+0000] {logging_mixin.py:188} INFO - [2025-06-25T00:01:37.780+0000] {dagbag.py:337} DEBUG - Importing /opt/airflow/dags/train_dag.py
[2025-06-25T00:01:37.789+0000] {processor.py:842} WARNING - No viable dags retrieved from /opt/airflow/dags/train_dag.py
[2025-06-25T00:01:37.816+0000] {processor.py:183} INFO - Processing /opt/airflow/dags/train_dag.py took 0.067 seconds
[2025-06-25T00:02:08.261+0000] {logging_mixin.py:188} INFO - [2025-06-25T00:02:08.260+0000] {settings.py:250} DEBUG - Setting up DB connection pool (PID 15635)
[2025-06-25T00:02:08.264+0000] {logging_mixin.py:188} INFO - [2025-06-25T00:02:08.264+0000] {settings.py:330} DEBUG - settings.prepare_engine_args(): Using pool settings. pool_size=5, max_overflow=10, pool_recycle=1800, pid=15635
[2025-06-25T00:02:08.280+0000] {processor.py:161} INFO - Started process (PID=15635) to work on /opt/airflow/dags/train_dag.py
[2025-06-25T00:02:08.282+0000] {processor.py:830} INFO - Processing file /opt/airflow/dags/train_dag.py for tasks to queue
[2025-06-25T00:02:08.284+0000] {logging_mixin.py:188} INFO - [2025-06-25T00:02:08.284+0000] {dagbag.py:545} INFO - Filling up the DagBag from /opt/airflow/dags/train_dag.py
[2025-06-25T00:02:08.305+0000] {logging_mixin.py:188} INFO - [2025-06-25T00:02:08.305+0000] {dagbag.py:337} DEBUG - Importing /opt/airflow/dags/train_dag.py
[2025-06-25T00:02:08.318+0000] {processor.py:842} WARNING - No viable dags retrieved from /opt/airflow/dags/train_dag.py
[2025-06-25T00:02:08.362+0000] {processor.py:183} INFO - Processing /opt/airflow/dags/train_dag.py took 0.102 seconds
[2025-06-25T00:02:38.596+0000] {logging_mixin.py:188} INFO - [2025-06-25T00:02:38.594+0000] {settings.py:250} DEBUG - Setting up DB connection pool (PID 15699)
[2025-06-25T00:02:38.598+0000] {logging_mixin.py:188} INFO - [2025-06-25T00:02:38.597+0000] {settings.py:330} DEBUG - settings.prepare_engine_args(): Using pool settings. pool_size=5, max_overflow=10, pool_recycle=1800, pid=15699
[2025-06-25T00:02:38.610+0000] {processor.py:161} INFO - Started process (PID=15699) to work on /opt/airflow/dags/train_dag.py
[2025-06-25T00:02:38.612+0000] {processor.py:830} INFO - Processing file /opt/airflow/dags/train_dag.py for tasks to queue
[2025-06-25T00:02:38.614+0000] {logging_mixin.py:188} INFO - [2025-06-25T00:02:38.613+0000] {dagbag.py:545} INFO - Filling up the DagBag from /opt/airflow/dags/train_dag.py
[2025-06-25T00:02:38.632+0000] {logging_mixin.py:188} INFO - [2025-06-25T00:02:38.632+0000] {dagbag.py:337} DEBUG - Importing /opt/airflow/dags/train_dag.py
[2025-06-25T00:02:38.643+0000] {processor.py:842} WARNING - No viable dags retrieved from /opt/airflow/dags/train_dag.py
[2025-06-25T00:02:38.669+0000] {processor.py:183} INFO - Processing /opt/airflow/dags/train_dag.py took 0.075 seconds
[2025-06-25T00:03:09.059+0000] {logging_mixin.py:188} INFO - [2025-06-25T00:03:09.058+0000] {settings.py:250} DEBUG - Setting up DB connection pool (PID 15760)
[2025-06-25T00:03:09.061+0000] {logging_mixin.py:188} INFO - [2025-06-25T00:03:09.061+0000] {settings.py:330} DEBUG - settings.prepare_engine_args(): Using pool settings. pool_size=5, max_overflow=10, pool_recycle=1800, pid=15760
[2025-06-25T00:03:09.077+0000] {processor.py:161} INFO - Started process (PID=15760) to work on /opt/airflow/dags/train_dag.py
[2025-06-25T00:03:09.079+0000] {processor.py:830} INFO - Processing file /opt/airflow/dags/train_dag.py for tasks to queue
[2025-06-25T00:03:09.080+0000] {logging_mixin.py:188} INFO - [2025-06-25T00:03:09.080+0000] {dagbag.py:545} INFO - Filling up the DagBag from /opt/airflow/dags/train_dag.py
[2025-06-25T00:03:09.096+0000] {logging_mixin.py:188} INFO - [2025-06-25T00:03:09.095+0000] {dagbag.py:337} DEBUG - Importing /opt/airflow/dags/train_dag.py
[2025-06-25T00:03:09.104+0000] {processor.py:842} WARNING - No viable dags retrieved from /opt/airflow/dags/train_dag.py
[2025-06-25T00:03:09.130+0000] {processor.py:183} INFO - Processing /opt/airflow/dags/train_dag.py took 0.072 seconds
[2025-06-25T00:03:39.559+0000] {logging_mixin.py:188} INFO - [2025-06-25T00:03:39.558+0000] {settings.py:250} DEBUG - Setting up DB connection pool (PID 15821)
[2025-06-25T00:03:39.561+0000] {logging_mixin.py:188} INFO - [2025-06-25T00:03:39.561+0000] {settings.py:330} DEBUG - settings.prepare_engine_args(): Using pool settings. pool_size=5, max_overflow=10, pool_recycle=1800, pid=15821
[2025-06-25T00:03:39.572+0000] {processor.py:161} INFO - Started process (PID=15821) to work on /opt/airflow/dags/train_dag.py
[2025-06-25T00:03:39.574+0000] {processor.py:830} INFO - Processing file /opt/airflow/dags/train_dag.py for tasks to queue
[2025-06-25T00:03:39.575+0000] {logging_mixin.py:188} INFO - [2025-06-25T00:03:39.575+0000] {dagbag.py:545} INFO - Filling up the DagBag from /opt/airflow/dags/train_dag.py
[2025-06-25T00:03:39.593+0000] {logging_mixin.py:188} INFO - [2025-06-25T00:03:39.593+0000] {dagbag.py:337} DEBUG - Importing /opt/airflow/dags/train_dag.py
[2025-06-25T00:03:39.602+0000] {processor.py:842} WARNING - No viable dags retrieved from /opt/airflow/dags/train_dag.py
[2025-06-25T00:03:39.628+0000] {processor.py:183} INFO - Processing /opt/airflow/dags/train_dag.py took 0.070 seconds
[2025-06-25T00:04:09.827+0000] {logging_mixin.py:188} INFO - [2025-06-25T00:04:09.826+0000] {settings.py:250} DEBUG - Setting up DB connection pool (PID 15879)
[2025-06-25T00:04:09.829+0000] {logging_mixin.py:188} INFO - [2025-06-25T00:04:09.828+0000] {settings.py:330} DEBUG - settings.prepare_engine_args(): Using pool settings. pool_size=5, max_overflow=10, pool_recycle=1800, pid=15879
[2025-06-25T00:04:09.839+0000] {processor.py:161} INFO - Started process (PID=15879) to work on /opt/airflow/dags/train_dag.py
[2025-06-25T00:04:09.840+0000] {processor.py:830} INFO - Processing file /opt/airflow/dags/train_dag.py for tasks to queue
[2025-06-25T00:04:09.841+0000] {logging_mixin.py:188} INFO - [2025-06-25T00:04:09.841+0000] {dagbag.py:545} INFO - Filling up the DagBag from /opt/airflow/dags/train_dag.py
[2025-06-25T00:04:09.858+0000] {logging_mixin.py:188} INFO - [2025-06-25T00:04:09.858+0000] {dagbag.py:337} DEBUG - Importing /opt/airflow/dags/train_dag.py
[2025-06-25T00:04:09.868+0000] {processor.py:842} WARNING - No viable dags retrieved from /opt/airflow/dags/train_dag.py
[2025-06-25T00:04:09.897+0000] {processor.py:183} INFO - Processing /opt/airflow/dags/train_dag.py took 0.071 seconds
[2025-06-25T00:04:40.254+0000] {logging_mixin.py:188} INFO - [2025-06-25T00:04:40.253+0000] {settings.py:250} DEBUG - Setting up DB connection pool (PID 15939)
[2025-06-25T00:04:40.256+0000] {logging_mixin.py:188} INFO - [2025-06-25T00:04:40.256+0000] {settings.py:330} DEBUG - settings.prepare_engine_args(): Using pool settings. pool_size=5, max_overflow=10, pool_recycle=1800, pid=15939
[2025-06-25T00:04:40.269+0000] {processor.py:161} INFO - Started process (PID=15939) to work on /opt/airflow/dags/train_dag.py
[2025-06-25T00:04:40.270+0000] {processor.py:830} INFO - Processing file /opt/airflow/dags/train_dag.py for tasks to queue
[2025-06-25T00:04:40.272+0000] {logging_mixin.py:188} INFO - [2025-06-25T00:04:40.271+0000] {dagbag.py:545} INFO - Filling up the DagBag from /opt/airflow/dags/train_dag.py
[2025-06-25T00:04:40.290+0000] {logging_mixin.py:188} INFO - [2025-06-25T00:04:40.289+0000] {dagbag.py:337} DEBUG - Importing /opt/airflow/dags/train_dag.py
[2025-06-25T00:04:40.300+0000] {processor.py:842} WARNING - No viable dags retrieved from /opt/airflow/dags/train_dag.py
[2025-06-25T00:04:40.339+0000] {processor.py:183} INFO - Processing /opt/airflow/dags/train_dag.py took 0.087 seconds
[2025-06-25T00:05:10.684+0000] {logging_mixin.py:188} INFO - [2025-06-25T00:05:10.683+0000] {settings.py:250} DEBUG - Setting up DB connection pool (PID 16002)
[2025-06-25T00:05:10.686+0000] {logging_mixin.py:188} INFO - [2025-06-25T00:05:10.686+0000] {settings.py:330} DEBUG - settings.prepare_engine_args(): Using pool settings. pool_size=5, max_overflow=10, pool_recycle=1800, pid=16002
[2025-06-25T00:05:10.697+0000] {processor.py:161} INFO - Started process (PID=16002) to work on /opt/airflow/dags/train_dag.py
[2025-06-25T00:05:10.698+0000] {processor.py:830} INFO - Processing file /opt/airflow/dags/train_dag.py for tasks to queue
[2025-06-25T00:05:10.700+0000] {logging_mixin.py:188} INFO - [2025-06-25T00:05:10.699+0000] {dagbag.py:545} INFO - Filling up the DagBag from /opt/airflow/dags/train_dag.py
[2025-06-25T00:05:10.716+0000] {logging_mixin.py:188} INFO - [2025-06-25T00:05:10.715+0000] {dagbag.py:337} DEBUG - Importing /opt/airflow/dags/train_dag.py
[2025-06-25T00:05:10.725+0000] {processor.py:842} WARNING - No viable dags retrieved from /opt/airflow/dags/train_dag.py
[2025-06-25T00:05:10.752+0000] {processor.py:183} INFO - Processing /opt/airflow/dags/train_dag.py took 0.069 seconds
[2025-06-25T00:05:41.495+0000] {logging_mixin.py:188} INFO - [2025-06-25T00:05:41.494+0000] {settings.py:250} DEBUG - Setting up DB connection pool (PID 16064)
[2025-06-25T00:05:41.497+0000] {logging_mixin.py:188} INFO - [2025-06-25T00:05:41.496+0000] {settings.py:330} DEBUG - settings.prepare_engine_args(): Using pool settings. pool_size=5, max_overflow=10, pool_recycle=1800, pid=16064
[2025-06-25T00:05:41.513+0000] {processor.py:161} INFO - Started process (PID=16064) to work on /opt/airflow/dags/train_dag.py
[2025-06-25T00:05:41.515+0000] {processor.py:830} INFO - Processing file /opt/airflow/dags/train_dag.py for tasks to queue
[2025-06-25T00:05:41.517+0000] {logging_mixin.py:188} INFO - [2025-06-25T00:05:41.516+0000] {dagbag.py:545} INFO - Filling up the DagBag from /opt/airflow/dags/train_dag.py
[2025-06-25T00:05:41.534+0000] {logging_mixin.py:188} INFO - [2025-06-25T00:05:41.534+0000] {dagbag.py:337} DEBUG - Importing /opt/airflow/dags/train_dag.py
[2025-06-25T00:05:41.544+0000] {processor.py:842} WARNING - No viable dags retrieved from /opt/airflow/dags/train_dag.py
[2025-06-25T00:05:41.570+0000] {processor.py:183} INFO - Processing /opt/airflow/dags/train_dag.py took 0.076 seconds
[2025-06-25T00:06:11.774+0000] {logging_mixin.py:188} INFO - [2025-06-25T00:06:11.772+0000] {settings.py:250} DEBUG - Setting up DB connection pool (PID 16126)
[2025-06-25T00:06:11.776+0000] {logging_mixin.py:188} INFO - [2025-06-25T00:06:11.776+0000] {settings.py:330} DEBUG - settings.prepare_engine_args(): Using pool settings. pool_size=5, max_overflow=10, pool_recycle=1800, pid=16126
[2025-06-25T00:06:11.790+0000] {processor.py:161} INFO - Started process (PID=16126) to work on /opt/airflow/dags/train_dag.py
[2025-06-25T00:06:11.791+0000] {processor.py:830} INFO - Processing file /opt/airflow/dags/train_dag.py for tasks to queue
[2025-06-25T00:06:11.793+0000] {logging_mixin.py:188} INFO - [2025-06-25T00:06:11.792+0000] {dagbag.py:545} INFO - Filling up the DagBag from /opt/airflow/dags/train_dag.py
[2025-06-25T00:06:11.810+0000] {logging_mixin.py:188} INFO - [2025-06-25T00:06:11.809+0000] {dagbag.py:337} DEBUG - Importing /opt/airflow/dags/train_dag.py
[2025-06-25T00:06:11.819+0000] {processor.py:842} WARNING - No viable dags retrieved from /opt/airflow/dags/train_dag.py
[2025-06-25T00:06:11.848+0000] {processor.py:183} INFO - Processing /opt/airflow/dags/train_dag.py took 0.077 seconds
[2025-06-25T14:33:05.008+0000] {logging_mixin.py:188} INFO - [2025-06-25T14:33:05.007+0000] {settings.py:250} DEBUG - Setting up DB connection pool (PID 50)
[2025-06-25T14:33:05.011+0000] {logging_mixin.py:188} INFO - [2025-06-25T14:33:05.011+0000] {settings.py:330} DEBUG - settings.prepare_engine_args(): Using pool settings. pool_size=5, max_overflow=10, pool_recycle=1800, pid=50
[2025-06-25T14:33:05.027+0000] {processor.py:161} INFO - Started process (PID=50) to work on /opt/airflow/dags/train_dag.py
[2025-06-25T14:33:05.028+0000] {processor.py:830} INFO - Processing file /opt/airflow/dags/train_dag.py for tasks to queue
[2025-06-25T14:33:05.030+0000] {logging_mixin.py:188} INFO - [2025-06-25T14:33:05.029+0000] {dagbag.py:545} INFO - Filling up the DagBag from /opt/airflow/dags/train_dag.py
[2025-06-25T14:33:05.048+0000] {logging_mixin.py:188} INFO - [2025-06-25T14:33:05.048+0000] {dagbag.py:337} DEBUG - Importing /opt/airflow/dags/train_dag.py
[2025-06-25T14:33:05.057+0000] {processor.py:842} WARNING - No viable dags retrieved from /opt/airflow/dags/train_dag.py
[2025-06-25T14:33:05.099+0000] {processor.py:183} INFO - Processing /opt/airflow/dags/train_dag.py took 0.093 seconds
[2025-06-25T14:33:35.315+0000] {logging_mixin.py:188} INFO - [2025-06-25T14:33:35.314+0000] {settings.py:250} DEBUG - Setting up DB connection pool (PID 111)
[2025-06-25T14:33:35.317+0000] {logging_mixin.py:188} INFO - [2025-06-25T14:33:35.317+0000] {settings.py:330} DEBUG - settings.prepare_engine_args(): Using pool settings. pool_size=5, max_overflow=10, pool_recycle=1800, pid=111
[2025-06-25T14:33:35.328+0000] {processor.py:161} INFO - Started process (PID=111) to work on /opt/airflow/dags/train_dag.py
[2025-06-25T14:33:35.330+0000] {processor.py:830} INFO - Processing file /opt/airflow/dags/train_dag.py for tasks to queue
[2025-06-25T14:33:35.331+0000] {logging_mixin.py:188} INFO - [2025-06-25T14:33:35.331+0000] {dagbag.py:545} INFO - Filling up the DagBag from /opt/airflow/dags/train_dag.py
[2025-06-25T14:33:35.355+0000] {logging_mixin.py:188} INFO - [2025-06-25T14:33:35.354+0000] {dagbag.py:337} DEBUG - Importing /opt/airflow/dags/train_dag.py
[2025-06-25T14:33:35.367+0000] {processor.py:842} WARNING - No viable dags retrieved from /opt/airflow/dags/train_dag.py
[2025-06-25T14:33:35.401+0000] {processor.py:183} INFO - Processing /opt/airflow/dags/train_dag.py took 0.088 seconds
[2025-06-25T14:34:05.755+0000] {logging_mixin.py:188} INFO - [2025-06-25T14:34:05.754+0000] {settings.py:250} DEBUG - Setting up DB connection pool (PID 173)
[2025-06-25T14:34:05.757+0000] {logging_mixin.py:188} INFO - [2025-06-25T14:34:05.757+0000] {settings.py:330} DEBUG - settings.prepare_engine_args(): Using pool settings. pool_size=5, max_overflow=10, pool_recycle=1800, pid=173
[2025-06-25T14:34:05.767+0000] {processor.py:161} INFO - Started process (PID=173) to work on /opt/airflow/dags/train_dag.py
[2025-06-25T14:34:05.768+0000] {processor.py:830} INFO - Processing file /opt/airflow/dags/train_dag.py for tasks to queue
[2025-06-25T14:34:05.770+0000] {logging_mixin.py:188} INFO - [2025-06-25T14:34:05.769+0000] {dagbag.py:545} INFO - Filling up the DagBag from /opt/airflow/dags/train_dag.py
[2025-06-25T14:34:05.792+0000] {logging_mixin.py:188} INFO - [2025-06-25T14:34:05.791+0000] {dagbag.py:337} DEBUG - Importing /opt/airflow/dags/train_dag.py
[2025-06-25T14:34:05.804+0000] {processor.py:842} WARNING - No viable dags retrieved from /opt/airflow/dags/train_dag.py
[2025-06-25T14:34:05.828+0000] {processor.py:183} INFO - Processing /opt/airflow/dags/train_dag.py took 0.074 seconds
[2025-06-25T14:34:36.175+0000] {logging_mixin.py:188} INFO - [2025-06-25T14:34:36.174+0000] {settings.py:250} DEBUG - Setting up DB connection pool (PID 235)
[2025-06-25T14:34:36.177+0000] {logging_mixin.py:188} INFO - [2025-06-25T14:34:36.177+0000] {settings.py:330} DEBUG - settings.prepare_engine_args(): Using pool settings. pool_size=5, max_overflow=10, pool_recycle=1800, pid=235
[2025-06-25T14:34:36.194+0000] {processor.py:161} INFO - Started process (PID=235) to work on /opt/airflow/dags/train_dag.py
[2025-06-25T14:34:36.196+0000] {processor.py:830} INFO - Processing file /opt/airflow/dags/train_dag.py for tasks to queue
[2025-06-25T14:34:36.197+0000] {logging_mixin.py:188} INFO - [2025-06-25T14:34:36.197+0000] {dagbag.py:545} INFO - Filling up the DagBag from /opt/airflow/dags/train_dag.py
[2025-06-25T14:34:36.225+0000] {logging_mixin.py:188} INFO - [2025-06-25T14:34:36.225+0000] {dagbag.py:337} DEBUG - Importing /opt/airflow/dags/train_dag.py
[2025-06-25T14:34:36.234+0000] {processor.py:842} WARNING - No viable dags retrieved from /opt/airflow/dags/train_dag.py
[2025-06-25T14:34:36.263+0000] {processor.py:183} INFO - Processing /opt/airflow/dags/train_dag.py took 0.090 seconds
[2025-06-25T14:35:06.699+0000] {logging_mixin.py:188} INFO - [2025-06-25T14:35:06.697+0000] {settings.py:250} DEBUG - Setting up DB connection pool (PID 297)
[2025-06-25T14:35:06.701+0000] {logging_mixin.py:188} INFO - [2025-06-25T14:35:06.701+0000] {settings.py:330} DEBUG - settings.prepare_engine_args(): Using pool settings. pool_size=5, max_overflow=10, pool_recycle=1800, pid=297
[2025-06-25T14:35:06.714+0000] {processor.py:161} INFO - Started process (PID=297) to work on /opt/airflow/dags/train_dag.py
[2025-06-25T14:35:06.715+0000] {processor.py:830} INFO - Processing file /opt/airflow/dags/train_dag.py for tasks to queue
[2025-06-25T14:35:06.717+0000] {logging_mixin.py:188} INFO - [2025-06-25T14:35:06.717+0000] {dagbag.py:545} INFO - Filling up the DagBag from /opt/airflow/dags/train_dag.py
[2025-06-25T14:35:06.735+0000] {logging_mixin.py:188} INFO - [2025-06-25T14:35:06.734+0000] {dagbag.py:337} DEBUG - Importing /opt/airflow/dags/train_dag.py
[2025-06-25T14:35:06.744+0000] {processor.py:842} WARNING - No viable dags retrieved from /opt/airflow/dags/train_dag.py
[2025-06-25T14:35:06.773+0000] {processor.py:183} INFO - Processing /opt/airflow/dags/train_dag.py took 0.076 seconds
[2025-06-25T14:35:37.071+0000] {logging_mixin.py:188} INFO - [2025-06-25T14:35:37.069+0000] {settings.py:250} DEBUG - Setting up DB connection pool (PID 360)
[2025-06-25T14:35:37.073+0000] {logging_mixin.py:188} INFO - [2025-06-25T14:35:37.073+0000] {settings.py:330} DEBUG - settings.prepare_engine_args(): Using pool settings. pool_size=5, max_overflow=10, pool_recycle=1800, pid=360
[2025-06-25T14:35:37.085+0000] {processor.py:161} INFO - Started process (PID=360) to work on /opt/airflow/dags/train_dag.py
[2025-06-25T14:35:37.086+0000] {processor.py:830} INFO - Processing file /opt/airflow/dags/train_dag.py for tasks to queue
[2025-06-25T14:35:37.087+0000] {logging_mixin.py:188} INFO - [2025-06-25T14:35:37.087+0000] {dagbag.py:545} INFO - Filling up the DagBag from /opt/airflow/dags/train_dag.py
[2025-06-25T14:35:37.104+0000] {logging_mixin.py:188} INFO - [2025-06-25T14:35:37.104+0000] {dagbag.py:337} DEBUG - Importing /opt/airflow/dags/train_dag.py
[2025-06-25T14:35:37.113+0000] {processor.py:842} WARNING - No viable dags retrieved from /opt/airflow/dags/train_dag.py
[2025-06-25T14:35:37.148+0000] {processor.py:183} INFO - Processing /opt/airflow/dags/train_dag.py took 0.079 seconds
[2025-06-25T14:36:07.295+0000] {logging_mixin.py:188} INFO - [2025-06-25T14:36:07.294+0000] {settings.py:250} DEBUG - Setting up DB connection pool (PID 422)
[2025-06-25T14:36:07.297+0000] {logging_mixin.py:188} INFO - [2025-06-25T14:36:07.297+0000] {settings.py:330} DEBUG - settings.prepare_engine_args(): Using pool settings. pool_size=5, max_overflow=10, pool_recycle=1800, pid=422
[2025-06-25T14:36:07.307+0000] {processor.py:161} INFO - Started process (PID=422) to work on /opt/airflow/dags/train_dag.py
[2025-06-25T14:36:07.308+0000] {processor.py:830} INFO - Processing file /opt/airflow/dags/train_dag.py for tasks to queue
[2025-06-25T14:36:07.309+0000] {logging_mixin.py:188} INFO - [2025-06-25T14:36:07.309+0000] {dagbag.py:545} INFO - Filling up the DagBag from /opt/airflow/dags/train_dag.py
[2025-06-25T14:36:07.323+0000] {logging_mixin.py:188} INFO - [2025-06-25T14:36:07.322+0000] {dagbag.py:337} DEBUG - Importing /opt/airflow/dags/train_dag.py
[2025-06-25T14:36:07.330+0000] {processor.py:842} WARNING - No viable dags retrieved from /opt/airflow/dags/train_dag.py
[2025-06-25T14:36:07.352+0000] {processor.py:183} INFO - Processing /opt/airflow/dags/train_dag.py took 0.058 seconds
[2025-06-25T14:36:37.515+0000] {logging_mixin.py:188} INFO - [2025-06-25T14:36:37.513+0000] {settings.py:250} DEBUG - Setting up DB connection pool (PID 484)
[2025-06-25T14:36:37.518+0000] {logging_mixin.py:188} INFO - [2025-06-25T14:36:37.517+0000] {settings.py:330} DEBUG - settings.prepare_engine_args(): Using pool settings. pool_size=5, max_overflow=10, pool_recycle=1800, pid=484
[2025-06-25T14:36:37.536+0000] {processor.py:161} INFO - Started process (PID=484) to work on /opt/airflow/dags/train_dag.py
[2025-06-25T14:36:37.538+0000] {processor.py:830} INFO - Processing file /opt/airflow/dags/train_dag.py for tasks to queue
[2025-06-25T14:36:37.540+0000] {logging_mixin.py:188} INFO - [2025-06-25T14:36:37.540+0000] {dagbag.py:545} INFO - Filling up the DagBag from /opt/airflow/dags/train_dag.py
[2025-06-25T14:36:37.567+0000] {logging_mixin.py:188} INFO - [2025-06-25T14:36:37.567+0000] {dagbag.py:337} DEBUG - Importing /opt/airflow/dags/train_dag.py
[2025-06-25T14:36:37.579+0000] {processor.py:842} WARNING - No viable dags retrieved from /opt/airflow/dags/train_dag.py
[2025-06-25T14:36:37.612+0000] {processor.py:183} INFO - Processing /opt/airflow/dags/train_dag.py took 0.098 seconds
[2025-06-25T14:37:08.226+0000] {logging_mixin.py:188} INFO - [2025-06-25T14:37:08.225+0000] {settings.py:250} DEBUG - Setting up DB connection pool (PID 546)
[2025-06-25T14:37:08.228+0000] {logging_mixin.py:188} INFO - [2025-06-25T14:37:08.228+0000] {settings.py:330} DEBUG - settings.prepare_engine_args(): Using pool settings. pool_size=5, max_overflow=10, pool_recycle=1800, pid=546
[2025-06-25T14:37:08.245+0000] {processor.py:161} INFO - Started process (PID=546) to work on /opt/airflow/dags/train_dag.py
[2025-06-25T14:37:08.246+0000] {processor.py:830} INFO - Processing file /opt/airflow/dags/train_dag.py for tasks to queue
[2025-06-25T14:37:08.248+0000] {logging_mixin.py:188} INFO - [2025-06-25T14:37:08.248+0000] {dagbag.py:545} INFO - Filling up the DagBag from /opt/airflow/dags/train_dag.py
[2025-06-25T14:37:08.269+0000] {logging_mixin.py:188} INFO - [2025-06-25T14:37:08.268+0000] {dagbag.py:337} DEBUG - Importing /opt/airflow/dags/train_dag.py
[2025-06-25T14:37:08.277+0000] {processor.py:842} WARNING - No viable dags retrieved from /opt/airflow/dags/train_dag.py
[2025-06-25T14:37:08.306+0000] {processor.py:183} INFO - Processing /opt/airflow/dags/train_dag.py took 0.081 seconds
[2025-06-25T14:37:39.012+0000] {logging_mixin.py:188} INFO - [2025-06-25T14:37:39.010+0000] {settings.py:250} DEBUG - Setting up DB connection pool (PID 608)
[2025-06-25T14:37:39.014+0000] {logging_mixin.py:188} INFO - [2025-06-25T14:37:39.013+0000] {settings.py:330} DEBUG - settings.prepare_engine_args(): Using pool settings. pool_size=5, max_overflow=10, pool_recycle=1800, pid=608
[2025-06-25T14:37:39.030+0000] {processor.py:161} INFO - Started process (PID=608) to work on /opt/airflow/dags/train_dag.py
[2025-06-25T14:37:39.031+0000] {processor.py:830} INFO - Processing file /opt/airflow/dags/train_dag.py for tasks to queue
[2025-06-25T14:37:39.034+0000] {logging_mixin.py:188} INFO - [2025-06-25T14:37:39.033+0000] {dagbag.py:545} INFO - Filling up the DagBag from /opt/airflow/dags/train_dag.py
[2025-06-25T14:37:39.055+0000] {logging_mixin.py:188} INFO - [2025-06-25T14:37:39.055+0000] {dagbag.py:337} DEBUG - Importing /opt/airflow/dags/train_dag.py
[2025-06-25T14:37:39.068+0000] {processor.py:842} WARNING - No viable dags retrieved from /opt/airflow/dags/train_dag.py
[2025-06-25T14:37:39.100+0000] {processor.py:183} INFO - Processing /opt/airflow/dags/train_dag.py took 0.090 seconds
[2025-06-25T14:38:09.458+0000] {logging_mixin.py:188} INFO - [2025-06-25T14:38:09.457+0000] {settings.py:250} DEBUG - Setting up DB connection pool (PID 670)
[2025-06-25T14:38:09.460+0000] {logging_mixin.py:188} INFO - [2025-06-25T14:38:09.460+0000] {settings.py:330} DEBUG - settings.prepare_engine_args(): Using pool settings. pool_size=5, max_overflow=10, pool_recycle=1800, pid=670
[2025-06-25T14:38:09.474+0000] {processor.py:161} INFO - Started process (PID=670) to work on /opt/airflow/dags/train_dag.py
[2025-06-25T14:38:09.476+0000] {processor.py:830} INFO - Processing file /opt/airflow/dags/train_dag.py for tasks to queue
[2025-06-25T14:38:09.478+0000] {logging_mixin.py:188} INFO - [2025-06-25T14:38:09.477+0000] {dagbag.py:545} INFO - Filling up the DagBag from /opt/airflow/dags/train_dag.py
[2025-06-25T14:38:09.494+0000] {logging_mixin.py:188} INFO - [2025-06-25T14:38:09.494+0000] {dagbag.py:337} DEBUG - Importing /opt/airflow/dags/train_dag.py
[2025-06-25T14:38:09.503+0000] {processor.py:842} WARNING - No viable dags retrieved from /opt/airflow/dags/train_dag.py
[2025-06-25T14:38:09.536+0000] {processor.py:183} INFO - Processing /opt/airflow/dags/train_dag.py took 0.079 seconds
[2025-06-25T14:38:40.008+0000] {logging_mixin.py:188} INFO - [2025-06-25T14:38:40.007+0000] {settings.py:250} DEBUG - Setting up DB connection pool (PID 730)
[2025-06-25T14:38:40.010+0000] {logging_mixin.py:188} INFO - [2025-06-25T14:38:40.010+0000] {settings.py:330} DEBUG - settings.prepare_engine_args(): Using pool settings. pool_size=5, max_overflow=10, pool_recycle=1800, pid=730
[2025-06-25T14:38:40.021+0000] {processor.py:161} INFO - Started process (PID=730) to work on /opt/airflow/dags/train_dag.py
[2025-06-25T14:38:40.022+0000] {processor.py:830} INFO - Processing file /opt/airflow/dags/train_dag.py for tasks to queue
[2025-06-25T14:38:40.023+0000] {logging_mixin.py:188} INFO - [2025-06-25T14:38:40.023+0000] {dagbag.py:545} INFO - Filling up the DagBag from /opt/airflow/dags/train_dag.py
[2025-06-25T14:38:40.039+0000] {logging_mixin.py:188} INFO - [2025-06-25T14:38:40.038+0000] {dagbag.py:337} DEBUG - Importing /opt/airflow/dags/train_dag.py
[2025-06-25T14:38:40.047+0000] {processor.py:842} WARNING - No viable dags retrieved from /opt/airflow/dags/train_dag.py
[2025-06-25T14:38:40.074+0000] {processor.py:183} INFO - Processing /opt/airflow/dags/train_dag.py took 0.067 seconds
[2025-06-25T14:39:10.267+0000] {logging_mixin.py:188} INFO - [2025-06-25T14:39:10.265+0000] {settings.py:250} DEBUG - Setting up DB connection pool (PID 793)
[2025-06-25T14:39:10.269+0000] {logging_mixin.py:188} INFO - [2025-06-25T14:39:10.268+0000] {settings.py:330} DEBUG - settings.prepare_engine_args(): Using pool settings. pool_size=5, max_overflow=10, pool_recycle=1800, pid=793
[2025-06-25T14:39:10.281+0000] {processor.py:161} INFO - Started process (PID=793) to work on /opt/airflow/dags/train_dag.py
[2025-06-25T14:39:10.282+0000] {processor.py:830} INFO - Processing file /opt/airflow/dags/train_dag.py for tasks to queue
[2025-06-25T14:39:10.283+0000] {logging_mixin.py:188} INFO - [2025-06-25T14:39:10.283+0000] {dagbag.py:545} INFO - Filling up the DagBag from /opt/airflow/dags/train_dag.py
[2025-06-25T14:39:10.300+0000] {logging_mixin.py:188} INFO - [2025-06-25T14:39:10.299+0000] {dagbag.py:337} DEBUG - Importing /opt/airflow/dags/train_dag.py
[2025-06-25T14:39:10.311+0000] {processor.py:842} WARNING - No viable dags retrieved from /opt/airflow/dags/train_dag.py
[2025-06-25T14:39:10.345+0000] {processor.py:183} INFO - Processing /opt/airflow/dags/train_dag.py took 0.080 seconds
[2025-06-25T14:39:40.609+0000] {logging_mixin.py:188} INFO - [2025-06-25T14:39:40.607+0000] {settings.py:250} DEBUG - Setting up DB connection pool (PID 855)
[2025-06-25T14:39:40.611+0000] {logging_mixin.py:188} INFO - [2025-06-25T14:39:40.610+0000] {settings.py:330} DEBUG - settings.prepare_engine_args(): Using pool settings. pool_size=5, max_overflow=10, pool_recycle=1800, pid=855
[2025-06-25T14:39:40.621+0000] {processor.py:161} INFO - Started process (PID=855) to work on /opt/airflow/dags/train_dag.py
[2025-06-25T14:39:40.622+0000] {processor.py:830} INFO - Processing file /opt/airflow/dags/train_dag.py for tasks to queue
[2025-06-25T14:39:40.623+0000] {logging_mixin.py:188} INFO - [2025-06-25T14:39:40.623+0000] {dagbag.py:545} INFO - Filling up the DagBag from /opt/airflow/dags/train_dag.py
[2025-06-25T14:39:40.643+0000] {logging_mixin.py:188} INFO - [2025-06-25T14:39:40.643+0000] {dagbag.py:337} DEBUG - Importing /opt/airflow/dags/train_dag.py
[2025-06-25T14:39:40.653+0000] {processor.py:842} WARNING - No viable dags retrieved from /opt/airflow/dags/train_dag.py
[2025-06-25T14:39:40.680+0000] {processor.py:183} INFO - Processing /opt/airflow/dags/train_dag.py took 0.072 seconds
[2025-06-25T14:40:10.960+0000] {logging_mixin.py:188} INFO - [2025-06-25T14:40:10.959+0000] {settings.py:250} DEBUG - Setting up DB connection pool (PID 917)
[2025-06-25T14:40:10.962+0000] {logging_mixin.py:188} INFO - [2025-06-25T14:40:10.962+0000] {settings.py:330} DEBUG - settings.prepare_engine_args(): Using pool settings. pool_size=5, max_overflow=10, pool_recycle=1800, pid=917
[2025-06-25T14:40:10.974+0000] {processor.py:161} INFO - Started process (PID=917) to work on /opt/airflow/dags/train_dag.py
[2025-06-25T14:40:10.975+0000] {processor.py:830} INFO - Processing file /opt/airflow/dags/train_dag.py for tasks to queue
[2025-06-25T14:40:10.976+0000] {logging_mixin.py:188} INFO - [2025-06-25T14:40:10.976+0000] {dagbag.py:545} INFO - Filling up the DagBag from /opt/airflow/dags/train_dag.py
[2025-06-25T14:40:10.993+0000] {logging_mixin.py:188} INFO - [2025-06-25T14:40:10.993+0000] {dagbag.py:337} DEBUG - Importing /opt/airflow/dags/train_dag.py
[2025-06-25T14:40:11.005+0000] {processor.py:842} WARNING - No viable dags retrieved from /opt/airflow/dags/train_dag.py
[2025-06-25T14:40:11.037+0000] {processor.py:183} INFO - Processing /opt/airflow/dags/train_dag.py took 0.078 seconds
[2025-06-25T14:40:41.329+0000] {logging_mixin.py:188} INFO - [2025-06-25T14:40:41.328+0000] {settings.py:250} DEBUG - Setting up DB connection pool (PID 979)
[2025-06-25T14:40:41.331+0000] {logging_mixin.py:188} INFO - [2025-06-25T14:40:41.331+0000] {settings.py:330} DEBUG - settings.prepare_engine_args(): Using pool settings. pool_size=5, max_overflow=10, pool_recycle=1800, pid=979
[2025-06-25T14:40:41.341+0000] {processor.py:161} INFO - Started process (PID=979) to work on /opt/airflow/dags/train_dag.py
[2025-06-25T14:40:41.342+0000] {processor.py:830} INFO - Processing file /opt/airflow/dags/train_dag.py for tasks to queue
[2025-06-25T14:40:41.343+0000] {logging_mixin.py:188} INFO - [2025-06-25T14:40:41.343+0000] {dagbag.py:545} INFO - Filling up the DagBag from /opt/airflow/dags/train_dag.py
[2025-06-25T14:40:41.360+0000] {logging_mixin.py:188} INFO - [2025-06-25T14:40:41.360+0000] {dagbag.py:337} DEBUG - Importing /opt/airflow/dags/train_dag.py
[2025-06-25T14:40:41.373+0000] {processor.py:842} WARNING - No viable dags retrieved from /opt/airflow/dags/train_dag.py
[2025-06-25T14:40:41.399+0000] {processor.py:183} INFO - Processing /opt/airflow/dags/train_dag.py took 0.071 seconds
[2025-06-25T14:41:11.669+0000] {logging_mixin.py:188} INFO - [2025-06-25T14:41:11.667+0000] {settings.py:250} DEBUG - Setting up DB connection pool (PID 1041)
[2025-06-25T14:41:11.671+0000] {logging_mixin.py:188} INFO - [2025-06-25T14:41:11.670+0000] {settings.py:330} DEBUG - settings.prepare_engine_args(): Using pool settings. pool_size=5, max_overflow=10, pool_recycle=1800, pid=1041
[2025-06-25T14:41:11.681+0000] {processor.py:161} INFO - Started process (PID=1041) to work on /opt/airflow/dags/train_dag.py
[2025-06-25T14:41:11.682+0000] {processor.py:830} INFO - Processing file /opt/airflow/dags/train_dag.py for tasks to queue
[2025-06-25T14:41:11.683+0000] {logging_mixin.py:188} INFO - [2025-06-25T14:41:11.683+0000] {dagbag.py:545} INFO - Filling up the DagBag from /opt/airflow/dags/train_dag.py
[2025-06-25T14:41:11.697+0000] {logging_mixin.py:188} INFO - [2025-06-25T14:41:11.697+0000] {dagbag.py:337} DEBUG - Importing /opt/airflow/dags/train_dag.py
[2025-06-25T14:41:11.706+0000] {processor.py:842} WARNING - No viable dags retrieved from /opt/airflow/dags/train_dag.py
[2025-06-25T14:41:11.732+0000] {processor.py:183} INFO - Processing /opt/airflow/dags/train_dag.py took 0.065 seconds
[2025-06-25T14:41:42.050+0000] {logging_mixin.py:188} INFO - [2025-06-25T14:41:42.048+0000] {settings.py:250} DEBUG - Setting up DB connection pool (PID 1103)
[2025-06-25T14:41:42.052+0000] {logging_mixin.py:188} INFO - [2025-06-25T14:41:42.052+0000] {settings.py:330} DEBUG - settings.prepare_engine_args(): Using pool settings. pool_size=5, max_overflow=10, pool_recycle=1800, pid=1103
[2025-06-25T14:41:42.064+0000] {processor.py:161} INFO - Started process (PID=1103) to work on /opt/airflow/dags/train_dag.py
[2025-06-25T14:41:42.065+0000] {processor.py:830} INFO - Processing file /opt/airflow/dags/train_dag.py for tasks to queue
[2025-06-25T14:41:42.067+0000] {logging_mixin.py:188} INFO - [2025-06-25T14:41:42.067+0000] {dagbag.py:545} INFO - Filling up the DagBag from /opt/airflow/dags/train_dag.py
[2025-06-25T14:41:42.084+0000] {logging_mixin.py:188} INFO - [2025-06-25T14:41:42.084+0000] {dagbag.py:337} DEBUG - Importing /opt/airflow/dags/train_dag.py
[2025-06-25T14:41:42.092+0000] {processor.py:842} WARNING - No viable dags retrieved from /opt/airflow/dags/train_dag.py
[2025-06-25T14:41:42.115+0000] {processor.py:183} INFO - Processing /opt/airflow/dags/train_dag.py took 0.067 seconds
[2025-06-25T14:42:12.792+0000] {logging_mixin.py:188} INFO - [2025-06-25T14:42:12.790+0000] {settings.py:250} DEBUG - Setting up DB connection pool (PID 1165)
[2025-06-25T14:42:12.794+0000] {logging_mixin.py:188} INFO - [2025-06-25T14:42:12.794+0000] {settings.py:330} DEBUG - settings.prepare_engine_args(): Using pool settings. pool_size=5, max_overflow=10, pool_recycle=1800, pid=1165
[2025-06-25T14:42:12.808+0000] {processor.py:161} INFO - Started process (PID=1165) to work on /opt/airflow/dags/train_dag.py
[2025-06-25T14:42:12.809+0000] {processor.py:830} INFO - Processing file /opt/airflow/dags/train_dag.py for tasks to queue
[2025-06-25T14:42:12.812+0000] {logging_mixin.py:188} INFO - [2025-06-25T14:42:12.811+0000] {dagbag.py:545} INFO - Filling up the DagBag from /opt/airflow/dags/train_dag.py
[2025-06-25T14:42:12.830+0000] {logging_mixin.py:188} INFO - [2025-06-25T14:42:12.830+0000] {dagbag.py:337} DEBUG - Importing /opt/airflow/dags/train_dag.py
[2025-06-25T14:42:12.840+0000] {processor.py:842} WARNING - No viable dags retrieved from /opt/airflow/dags/train_dag.py
[2025-06-25T14:42:12.869+0000] {processor.py:183} INFO - Processing /opt/airflow/dags/train_dag.py took 0.079 seconds
[2025-06-25T14:42:43.578+0000] {logging_mixin.py:188} INFO - [2025-06-25T14:42:43.577+0000] {settings.py:250} DEBUG - Setting up DB connection pool (PID 1227)
[2025-06-25T14:42:43.580+0000] {logging_mixin.py:188} INFO - [2025-06-25T14:42:43.580+0000] {settings.py:330} DEBUG - settings.prepare_engine_args(): Using pool settings. pool_size=5, max_overflow=10, pool_recycle=1800, pid=1227
[2025-06-25T14:42:43.590+0000] {processor.py:161} INFO - Started process (PID=1227) to work on /opt/airflow/dags/train_dag.py
[2025-06-25T14:42:43.592+0000] {processor.py:830} INFO - Processing file /opt/airflow/dags/train_dag.py for tasks to queue
[2025-06-25T14:42:43.593+0000] {logging_mixin.py:188} INFO - [2025-06-25T14:42:43.593+0000] {dagbag.py:545} INFO - Filling up the DagBag from /opt/airflow/dags/train_dag.py
[2025-06-25T14:42:43.609+0000] {logging_mixin.py:188} INFO - [2025-06-25T14:42:43.609+0000] {dagbag.py:337} DEBUG - Importing /opt/airflow/dags/train_dag.py
[2025-06-25T14:42:43.618+0000] {processor.py:842} WARNING - No viable dags retrieved from /opt/airflow/dags/train_dag.py
[2025-06-25T14:42:43.643+0000] {processor.py:183} INFO - Processing /opt/airflow/dags/train_dag.py took 0.066 seconds
[2025-06-25T14:43:14.404+0000] {logging_mixin.py:188} INFO - [2025-06-25T14:43:14.403+0000] {settings.py:250} DEBUG - Setting up DB connection pool (PID 1288)
[2025-06-25T14:43:14.407+0000] {logging_mixin.py:188} INFO - [2025-06-25T14:43:14.407+0000] {settings.py:330} DEBUG - settings.prepare_engine_args(): Using pool settings. pool_size=5, max_overflow=10, pool_recycle=1800, pid=1288
[2025-06-25T14:43:14.426+0000] {processor.py:161} INFO - Started process (PID=1288) to work on /opt/airflow/dags/train_dag.py
[2025-06-25T14:43:14.428+0000] {processor.py:830} INFO - Processing file /opt/airflow/dags/train_dag.py for tasks to queue
[2025-06-25T14:43:14.433+0000] {logging_mixin.py:188} INFO - [2025-06-25T14:43:14.432+0000] {dagbag.py:545} INFO - Filling up the DagBag from /opt/airflow/dags/train_dag.py
[2025-06-25T14:43:14.455+0000] {logging_mixin.py:188} INFO - [2025-06-25T14:43:14.454+0000] {dagbag.py:337} DEBUG - Importing /opt/airflow/dags/train_dag.py
[2025-06-25T14:43:14.467+0000] {processor.py:842} WARNING - No viable dags retrieved from /opt/airflow/dags/train_dag.py
[2025-06-25T14:43:14.499+0000] {processor.py:183} INFO - Processing /opt/airflow/dags/train_dag.py took 0.097 seconds
[2025-06-25T14:43:44.817+0000] {logging_mixin.py:188} INFO - [2025-06-25T14:43:44.816+0000] {settings.py:250} DEBUG - Setting up DB connection pool (PID 1349)
[2025-06-25T14:43:44.820+0000] {logging_mixin.py:188} INFO - [2025-06-25T14:43:44.819+0000] {settings.py:330} DEBUG - settings.prepare_engine_args(): Using pool settings. pool_size=5, max_overflow=10, pool_recycle=1800, pid=1349
[2025-06-25T14:43:44.832+0000] {processor.py:161} INFO - Started process (PID=1349) to work on /opt/airflow/dags/train_dag.py
[2025-06-25T14:43:44.833+0000] {processor.py:830} INFO - Processing file /opt/airflow/dags/train_dag.py for tasks to queue
[2025-06-25T14:43:44.835+0000] {logging_mixin.py:188} INFO - [2025-06-25T14:43:44.835+0000] {dagbag.py:545} INFO - Filling up the DagBag from /opt/airflow/dags/train_dag.py
[2025-06-25T14:43:44.854+0000] {logging_mixin.py:188} INFO - [2025-06-25T14:43:44.853+0000] {dagbag.py:337} DEBUG - Importing /opt/airflow/dags/train_dag.py
[2025-06-25T14:43:44.865+0000] {processor.py:842} WARNING - No viable dags retrieved from /opt/airflow/dags/train_dag.py
[2025-06-25T14:43:44.898+0000] {processor.py:183} INFO - Processing /opt/airflow/dags/train_dag.py took 0.082 seconds
[2025-06-25T14:44:15.035+0000] {logging_mixin.py:188} INFO - [2025-06-25T14:44:15.033+0000] {settings.py:250} DEBUG - Setting up DB connection pool (PID 1411)
[2025-06-25T14:44:15.036+0000] {logging_mixin.py:188} INFO - [2025-06-25T14:44:15.036+0000] {settings.py:330} DEBUG - settings.prepare_engine_args(): Using pool settings. pool_size=5, max_overflow=10, pool_recycle=1800, pid=1411
[2025-06-25T14:44:15.050+0000] {processor.py:161} INFO - Started process (PID=1411) to work on /opt/airflow/dags/train_dag.py
[2025-06-25T14:44:15.051+0000] {processor.py:830} INFO - Processing file /opt/airflow/dags/train_dag.py for tasks to queue
[2025-06-25T14:44:15.053+0000] {logging_mixin.py:188} INFO - [2025-06-25T14:44:15.052+0000] {dagbag.py:545} INFO - Filling up the DagBag from /opt/airflow/dags/train_dag.py
[2025-06-25T14:44:15.072+0000] {logging_mixin.py:188} INFO - [2025-06-25T14:44:15.071+0000] {dagbag.py:337} DEBUG - Importing /opt/airflow/dags/train_dag.py
[2025-06-25T14:44:15.081+0000] {processor.py:842} WARNING - No viable dags retrieved from /opt/airflow/dags/train_dag.py
[2025-06-25T14:44:15.110+0000] {processor.py:183} INFO - Processing /opt/airflow/dags/train_dag.py took 0.077 seconds
[2025-06-25T14:44:46.052+0000] {logging_mixin.py:188} INFO - [2025-06-25T14:44:46.051+0000] {settings.py:250} DEBUG - Setting up DB connection pool (PID 1473)
[2025-06-25T14:44:46.054+0000] {logging_mixin.py:188} INFO - [2025-06-25T14:44:46.054+0000] {settings.py:330} DEBUG - settings.prepare_engine_args(): Using pool settings. pool_size=5, max_overflow=10, pool_recycle=1800, pid=1473
[2025-06-25T14:44:46.068+0000] {processor.py:161} INFO - Started process (PID=1473) to work on /opt/airflow/dags/train_dag.py
[2025-06-25T14:44:46.069+0000] {processor.py:830} INFO - Processing file /opt/airflow/dags/train_dag.py for tasks to queue
[2025-06-25T14:44:46.071+0000] {logging_mixin.py:188} INFO - [2025-06-25T14:44:46.070+0000] {dagbag.py:545} INFO - Filling up the DagBag from /opt/airflow/dags/train_dag.py
[2025-06-25T14:44:46.087+0000] {logging_mixin.py:188} INFO - [2025-06-25T14:44:46.087+0000] {dagbag.py:337} DEBUG - Importing /opt/airflow/dags/train_dag.py
[2025-06-25T14:44:46.097+0000] {processor.py:842} WARNING - No viable dags retrieved from /opt/airflow/dags/train_dag.py
[2025-06-25T14:44:46.125+0000] {processor.py:183} INFO - Processing /opt/airflow/dags/train_dag.py took 0.075 seconds
[2025-06-25T14:45:16.361+0000] {logging_mixin.py:188} INFO - [2025-06-25T14:45:16.360+0000] {settings.py:250} DEBUG - Setting up DB connection pool (PID 1535)
[2025-06-25T14:45:16.363+0000] {logging_mixin.py:188} INFO - [2025-06-25T14:45:16.363+0000] {settings.py:330} DEBUG - settings.prepare_engine_args(): Using pool settings. pool_size=5, max_overflow=10, pool_recycle=1800, pid=1535
[2025-06-25T14:45:16.375+0000] {processor.py:161} INFO - Started process (PID=1535) to work on /opt/airflow/dags/train_dag.py
[2025-06-25T14:45:16.377+0000] {processor.py:830} INFO - Processing file /opt/airflow/dags/train_dag.py for tasks to queue
[2025-06-25T14:45:16.379+0000] {logging_mixin.py:188} INFO - [2025-06-25T14:45:16.378+0000] {dagbag.py:545} INFO - Filling up the DagBag from /opt/airflow/dags/train_dag.py
[2025-06-25T14:45:16.395+0000] {logging_mixin.py:188} INFO - [2025-06-25T14:45:16.395+0000] {dagbag.py:337} DEBUG - Importing /opt/airflow/dags/train_dag.py
[2025-06-25T14:45:16.403+0000] {processor.py:842} WARNING - No viable dags retrieved from /opt/airflow/dags/train_dag.py
[2025-06-25T14:45:16.428+0000] {processor.py:183} INFO - Processing /opt/airflow/dags/train_dag.py took 0.069 seconds
[2025-06-25T14:45:46.678+0000] {logging_mixin.py:188} INFO - [2025-06-25T14:45:46.677+0000] {settings.py:250} DEBUG - Setting up DB connection pool (PID 1595)
[2025-06-25T14:45:46.680+0000] {logging_mixin.py:188} INFO - [2025-06-25T14:45:46.680+0000] {settings.py:330} DEBUG - settings.prepare_engine_args(): Using pool settings. pool_size=5, max_overflow=10, pool_recycle=1800, pid=1595
[2025-06-25T14:45:46.692+0000] {processor.py:161} INFO - Started process (PID=1595) to work on /opt/airflow/dags/train_dag.py
[2025-06-25T14:45:46.693+0000] {processor.py:830} INFO - Processing file /opt/airflow/dags/train_dag.py for tasks to queue
[2025-06-25T14:45:46.695+0000] {logging_mixin.py:188} INFO - [2025-06-25T14:45:46.694+0000] {dagbag.py:545} INFO - Filling up the DagBag from /opt/airflow/dags/train_dag.py
[2025-06-25T14:45:46.710+0000] {logging_mixin.py:188} INFO - [2025-06-25T14:45:46.709+0000] {dagbag.py:337} DEBUG - Importing /opt/airflow/dags/train_dag.py
[2025-06-25T14:45:46.719+0000] {processor.py:842} WARNING - No viable dags retrieved from /opt/airflow/dags/train_dag.py
[2025-06-25T14:45:46.746+0000] {processor.py:183} INFO - Processing /opt/airflow/dags/train_dag.py took 0.070 seconds
[2025-06-25T14:46:17.477+0000] {logging_mixin.py:188} INFO - [2025-06-25T14:46:17.475+0000] {settings.py:250} DEBUG - Setting up DB connection pool (PID 1657)
[2025-06-25T14:46:17.479+0000] {logging_mixin.py:188} INFO - [2025-06-25T14:46:17.479+0000] {settings.py:330} DEBUG - settings.prepare_engine_args(): Using pool settings. pool_size=5, max_overflow=10, pool_recycle=1800, pid=1657
[2025-06-25T14:46:17.492+0000] {processor.py:161} INFO - Started process (PID=1657) to work on /opt/airflow/dags/train_dag.py
[2025-06-25T14:46:17.523+0000] {processor.py:830} INFO - Processing file /opt/airflow/dags/train_dag.py for tasks to queue
[2025-06-25T14:46:17.525+0000] {logging_mixin.py:188} INFO - [2025-06-25T14:46:17.525+0000] {dagbag.py:545} INFO - Filling up the DagBag from /opt/airflow/dags/train_dag.py
[2025-06-25T14:46:17.563+0000] {logging_mixin.py:188} INFO - [2025-06-25T14:46:17.563+0000] {dagbag.py:337} DEBUG - Importing /opt/airflow/dags/train_dag.py
[2025-06-25T14:46:17.574+0000] {processor.py:842} WARNING - No viable dags retrieved from /opt/airflow/dags/train_dag.py
[2025-06-25T14:46:17.603+0000] {processor.py:183} INFO - Processing /opt/airflow/dags/train_dag.py took 0.128 seconds
[2025-06-25T14:46:47.884+0000] {logging_mixin.py:188} INFO - [2025-06-25T14:46:47.882+0000] {settings.py:250} DEBUG - Setting up DB connection pool (PID 1720)
[2025-06-25T14:46:47.886+0000] {logging_mixin.py:188} INFO - [2025-06-25T14:46:47.886+0000] {settings.py:330} DEBUG - settings.prepare_engine_args(): Using pool settings. pool_size=5, max_overflow=10, pool_recycle=1800, pid=1720
[2025-06-25T14:46:47.904+0000] {processor.py:161} INFO - Started process (PID=1720) to work on /opt/airflow/dags/train_dag.py
[2025-06-25T14:46:47.905+0000] {processor.py:830} INFO - Processing file /opt/airflow/dags/train_dag.py for tasks to queue
[2025-06-25T14:46:47.907+0000] {logging_mixin.py:188} INFO - [2025-06-25T14:46:47.906+0000] {dagbag.py:545} INFO - Filling up the DagBag from /opt/airflow/dags/train_dag.py
[2025-06-25T14:46:47.927+0000] {logging_mixin.py:188} INFO - [2025-06-25T14:46:47.927+0000] {dagbag.py:337} DEBUG - Importing /opt/airflow/dags/train_dag.py
[2025-06-25T14:46:47.935+0000] {processor.py:842} WARNING - No viable dags retrieved from /opt/airflow/dags/train_dag.py
[2025-06-25T14:46:47.963+0000] {processor.py:183} INFO - Processing /opt/airflow/dags/train_dag.py took 0.081 seconds
[2025-06-25T14:47:18.400+0000] {logging_mixin.py:188} INFO - [2025-06-25T14:47:18.398+0000] {settings.py:250} DEBUG - Setting up DB connection pool (PID 1782)
[2025-06-25T14:47:18.401+0000] {logging_mixin.py:188} INFO - [2025-06-25T14:47:18.401+0000] {settings.py:330} DEBUG - settings.prepare_engine_args(): Using pool settings. pool_size=5, max_overflow=10, pool_recycle=1800, pid=1782
[2025-06-25T14:47:18.414+0000] {processor.py:161} INFO - Started process (PID=1782) to work on /opt/airflow/dags/train_dag.py
[2025-06-25T14:47:18.416+0000] {processor.py:830} INFO - Processing file /opt/airflow/dags/train_dag.py for tasks to queue
[2025-06-25T14:47:18.418+0000] {logging_mixin.py:188} INFO - [2025-06-25T14:47:18.417+0000] {dagbag.py:545} INFO - Filling up the DagBag from /opt/airflow/dags/train_dag.py
[2025-06-25T14:47:18.439+0000] {logging_mixin.py:188} INFO - [2025-06-25T14:47:18.438+0000] {dagbag.py:337} DEBUG - Importing /opt/airflow/dags/train_dag.py
[2025-06-25T14:47:18.448+0000] {processor.py:842} WARNING - No viable dags retrieved from /opt/airflow/dags/train_dag.py
[2025-06-25T14:47:18.472+0000] {processor.py:183} INFO - Processing /opt/airflow/dags/train_dag.py took 0.074 seconds
[2025-06-25T14:47:49.066+0000] {logging_mixin.py:188} INFO - [2025-06-25T14:47:49.064+0000] {settings.py:250} DEBUG - Setting up DB connection pool (PID 1844)
[2025-06-25T14:47:49.068+0000] {logging_mixin.py:188} INFO - [2025-06-25T14:47:49.068+0000] {settings.py:330} DEBUG - settings.prepare_engine_args(): Using pool settings. pool_size=5, max_overflow=10, pool_recycle=1800, pid=1844
[2025-06-25T14:47:49.086+0000] {processor.py:161} INFO - Started process (PID=1844) to work on /opt/airflow/dags/train_dag.py
[2025-06-25T14:47:49.088+0000] {processor.py:830} INFO - Processing file /opt/airflow/dags/train_dag.py for tasks to queue
[2025-06-25T14:47:49.089+0000] {logging_mixin.py:188} INFO - [2025-06-25T14:47:49.089+0000] {dagbag.py:545} INFO - Filling up the DagBag from /opt/airflow/dags/train_dag.py
[2025-06-25T14:47:49.110+0000] {logging_mixin.py:188} INFO - [2025-06-25T14:47:49.109+0000] {dagbag.py:337} DEBUG - Importing /opt/airflow/dags/train_dag.py
[2025-06-25T14:47:49.120+0000] {processor.py:842} WARNING - No viable dags retrieved from /opt/airflow/dags/train_dag.py
[2025-06-25T14:47:49.148+0000] {processor.py:183} INFO - Processing /opt/airflow/dags/train_dag.py took 0.084 seconds
[2025-06-25T14:48:20.146+0000] {logging_mixin.py:188} INFO - [2025-06-25T14:48:20.144+0000] {settings.py:250} DEBUG - Setting up DB connection pool (PID 1904)
[2025-06-25T14:48:20.149+0000] {logging_mixin.py:188} INFO - [2025-06-25T14:48:20.148+0000] {settings.py:330} DEBUG - settings.prepare_engine_args(): Using pool settings. pool_size=5, max_overflow=10, pool_recycle=1800, pid=1904
[2025-06-25T14:48:20.163+0000] {processor.py:161} INFO - Started process (PID=1904) to work on /opt/airflow/dags/train_dag.py
[2025-06-25T14:48:20.165+0000] {processor.py:830} INFO - Processing file /opt/airflow/dags/train_dag.py for tasks to queue
[2025-06-25T14:48:20.167+0000] {logging_mixin.py:188} INFO - [2025-06-25T14:48:20.167+0000] {dagbag.py:545} INFO - Filling up the DagBag from /opt/airflow/dags/train_dag.py
[2025-06-25T14:48:20.188+0000] {logging_mixin.py:188} INFO - [2025-06-25T14:48:20.188+0000] {dagbag.py:337} DEBUG - Importing /opt/airflow/dags/train_dag.py
[2025-06-25T14:48:20.203+0000] {processor.py:842} WARNING - No viable dags retrieved from /opt/airflow/dags/train_dag.py
[2025-06-25T14:48:20.231+0000] {processor.py:183} INFO - Processing /opt/airflow/dags/train_dag.py took 0.087 seconds
[2025-06-25T14:48:50.632+0000] {logging_mixin.py:188} INFO - [2025-06-25T14:48:50.630+0000] {settings.py:250} DEBUG - Setting up DB connection pool (PID 1967)
[2025-06-25T14:48:50.633+0000] {logging_mixin.py:188} INFO - [2025-06-25T14:48:50.633+0000] {settings.py:330} DEBUG - settings.prepare_engine_args(): Using pool settings. pool_size=5, max_overflow=10, pool_recycle=1800, pid=1967
[2025-06-25T14:48:50.647+0000] {processor.py:161} INFO - Started process (PID=1967) to work on /opt/airflow/dags/train_dag.py
[2025-06-25T14:48:50.649+0000] {processor.py:830} INFO - Processing file /opt/airflow/dags/train_dag.py for tasks to queue
[2025-06-25T14:48:50.651+0000] {logging_mixin.py:188} INFO - [2025-06-25T14:48:50.650+0000] {dagbag.py:545} INFO - Filling up the DagBag from /opt/airflow/dags/train_dag.py
[2025-06-25T14:48:50.669+0000] {logging_mixin.py:188} INFO - [2025-06-25T14:48:50.668+0000] {dagbag.py:337} DEBUG - Importing /opt/airflow/dags/train_dag.py
[2025-06-25T14:48:50.678+0000] {processor.py:842} WARNING - No viable dags retrieved from /opt/airflow/dags/train_dag.py
[2025-06-25T14:48:50.705+0000] {processor.py:183} INFO - Processing /opt/airflow/dags/train_dag.py took 0.075 seconds
[2025-06-25T14:49:20.973+0000] {logging_mixin.py:188} INFO - [2025-06-25T14:49:20.971+0000] {settings.py:250} DEBUG - Setting up DB connection pool (PID 2029)
[2025-06-25T14:49:20.975+0000] {logging_mixin.py:188} INFO - [2025-06-25T14:49:20.975+0000] {settings.py:330} DEBUG - settings.prepare_engine_args(): Using pool settings. pool_size=5, max_overflow=10, pool_recycle=1800, pid=2029
[2025-06-25T14:49:20.989+0000] {processor.py:161} INFO - Started process (PID=2029) to work on /opt/airflow/dags/train_dag.py
[2025-06-25T14:49:20.990+0000] {processor.py:830} INFO - Processing file /opt/airflow/dags/train_dag.py for tasks to queue
[2025-06-25T14:49:20.991+0000] {logging_mixin.py:188} INFO - [2025-06-25T14:49:20.991+0000] {dagbag.py:545} INFO - Filling up the DagBag from /opt/airflow/dags/train_dag.py
[2025-06-25T14:49:21.016+0000] {logging_mixin.py:188} INFO - [2025-06-25T14:49:21.015+0000] {dagbag.py:337} DEBUG - Importing /opt/airflow/dags/train_dag.py
[2025-06-25T14:49:21.027+0000] {processor.py:842} WARNING - No viable dags retrieved from /opt/airflow/dags/train_dag.py
[2025-06-25T14:49:21.059+0000] {processor.py:183} INFO - Processing /opt/airflow/dags/train_dag.py took 0.088 seconds
[2025-06-25T14:49:51.211+0000] {logging_mixin.py:188} INFO - [2025-06-25T14:49:51.210+0000] {settings.py:250} DEBUG - Setting up DB connection pool (PID 2091)
[2025-06-25T14:49:51.212+0000] {logging_mixin.py:188} INFO - [2025-06-25T14:49:51.212+0000] {settings.py:330} DEBUG - settings.prepare_engine_args(): Using pool settings. pool_size=5, max_overflow=10, pool_recycle=1800, pid=2091
[2025-06-25T14:49:51.223+0000] {processor.py:161} INFO - Started process (PID=2091) to work on /opt/airflow/dags/train_dag.py
[2025-06-25T14:49:51.224+0000] {processor.py:830} INFO - Processing file /opt/airflow/dags/train_dag.py for tasks to queue
[2025-06-25T14:49:51.225+0000] {logging_mixin.py:188} INFO - [2025-06-25T14:49:51.225+0000] {dagbag.py:545} INFO - Filling up the DagBag from /opt/airflow/dags/train_dag.py
[2025-06-25T14:49:51.239+0000] {logging_mixin.py:188} INFO - [2025-06-25T14:49:51.239+0000] {dagbag.py:337} DEBUG - Importing /opt/airflow/dags/train_dag.py
[2025-06-25T14:49:51.248+0000] {processor.py:842} WARNING - No viable dags retrieved from /opt/airflow/dags/train_dag.py
[2025-06-25T14:49:51.271+0000] {processor.py:183} INFO - Processing /opt/airflow/dags/train_dag.py took 0.061 seconds
[2025-06-25T14:50:21.843+0000] {logging_mixin.py:188} INFO - [2025-06-25T14:50:21.842+0000] {settings.py:250} DEBUG - Setting up DB connection pool (PID 2153)
[2025-06-25T14:50:21.845+0000] {logging_mixin.py:188} INFO - [2025-06-25T14:50:21.844+0000] {settings.py:330} DEBUG - settings.prepare_engine_args(): Using pool settings. pool_size=5, max_overflow=10, pool_recycle=1800, pid=2153
[2025-06-25T14:50:21.860+0000] {processor.py:161} INFO - Started process (PID=2153) to work on /opt/airflow/dags/train_dag.py
[2025-06-25T14:50:21.862+0000] {processor.py:830} INFO - Processing file /opt/airflow/dags/train_dag.py for tasks to queue
[2025-06-25T14:50:21.863+0000] {logging_mixin.py:188} INFO - [2025-06-25T14:50:21.863+0000] {dagbag.py:545} INFO - Filling up the DagBag from /opt/airflow/dags/train_dag.py
[2025-06-25T14:50:21.881+0000] {logging_mixin.py:188} INFO - [2025-06-25T14:50:21.881+0000] {dagbag.py:337} DEBUG - Importing /opt/airflow/dags/train_dag.py
[2025-06-25T14:50:21.890+0000] {processor.py:842} WARNING - No viable dags retrieved from /opt/airflow/dags/train_dag.py
[2025-06-25T14:50:21.914+0000] {processor.py:183} INFO - Processing /opt/airflow/dags/train_dag.py took 0.072 seconds
[2025-06-25T14:50:52.478+0000] {logging_mixin.py:188} INFO - [2025-06-25T14:50:52.476+0000] {settings.py:250} DEBUG - Setting up DB connection pool (PID 2215)
[2025-06-25T14:50:52.480+0000] {logging_mixin.py:188} INFO - [2025-06-25T14:50:52.479+0000] {settings.py:330} DEBUG - settings.prepare_engine_args(): Using pool settings. pool_size=5, max_overflow=10, pool_recycle=1800, pid=2215
[2025-06-25T14:50:52.495+0000] {processor.py:161} INFO - Started process (PID=2215) to work on /opt/airflow/dags/train_dag.py
[2025-06-25T14:50:52.496+0000] {processor.py:830} INFO - Processing file /opt/airflow/dags/train_dag.py for tasks to queue
[2025-06-25T14:50:52.498+0000] {logging_mixin.py:188} INFO - [2025-06-25T14:50:52.498+0000] {dagbag.py:545} INFO - Filling up the DagBag from /opt/airflow/dags/train_dag.py
[2025-06-25T14:50:52.516+0000] {logging_mixin.py:188} INFO - [2025-06-25T14:50:52.516+0000] {dagbag.py:337} DEBUG - Importing /opt/airflow/dags/train_dag.py
[2025-06-25T14:50:52.525+0000] {processor.py:842} WARNING - No viable dags retrieved from /opt/airflow/dags/train_dag.py
[2025-06-25T14:50:52.551+0000] {processor.py:183} INFO - Processing /opt/airflow/dags/train_dag.py took 0.075 seconds
[2025-06-25T14:51:22.640+0000] {logging_mixin.py:188} INFO - [2025-06-25T14:51:22.639+0000] {settings.py:250} DEBUG - Setting up DB connection pool (PID 2277)
[2025-06-25T14:51:22.643+0000] {logging_mixin.py:188} INFO - [2025-06-25T14:51:22.642+0000] {settings.py:330} DEBUG - settings.prepare_engine_args(): Using pool settings. pool_size=5, max_overflow=10, pool_recycle=1800, pid=2277
[2025-06-25T14:51:22.657+0000] {processor.py:161} INFO - Started process (PID=2277) to work on /opt/airflow/dags/train_dag.py
[2025-06-25T14:51:22.659+0000] {processor.py:830} INFO - Processing file /opt/airflow/dags/train_dag.py for tasks to queue
[2025-06-25T14:51:22.660+0000] {logging_mixin.py:188} INFO - [2025-06-25T14:51:22.660+0000] {dagbag.py:545} INFO - Filling up the DagBag from /opt/airflow/dags/train_dag.py
[2025-06-25T14:51:22.679+0000] {logging_mixin.py:188} INFO - [2025-06-25T14:51:22.679+0000] {dagbag.py:337} DEBUG - Importing /opt/airflow/dags/train_dag.py
[2025-06-25T14:51:22.687+0000] {processor.py:842} WARNING - No viable dags retrieved from /opt/airflow/dags/train_dag.py
[2025-06-25T14:51:22.712+0000] {processor.py:183} INFO - Processing /opt/airflow/dags/train_dag.py took 0.073 seconds
[2025-06-25T14:51:52.966+0000] {logging_mixin.py:188} INFO - [2025-06-25T14:51:52.965+0000] {settings.py:250} DEBUG - Setting up DB connection pool (PID 2339)
[2025-06-25T14:51:52.968+0000] {logging_mixin.py:188} INFO - [2025-06-25T14:51:52.968+0000] {settings.py:330} DEBUG - settings.prepare_engine_args(): Using pool settings. pool_size=5, max_overflow=10, pool_recycle=1800, pid=2339
[2025-06-25T14:51:52.978+0000] {processor.py:161} INFO - Started process (PID=2339) to work on /opt/airflow/dags/train_dag.py
[2025-06-25T14:51:52.979+0000] {processor.py:830} INFO - Processing file /opt/airflow/dags/train_dag.py for tasks to queue
[2025-06-25T14:51:52.980+0000] {logging_mixin.py:188} INFO - [2025-06-25T14:51:52.980+0000] {dagbag.py:545} INFO - Filling up the DagBag from /opt/airflow/dags/train_dag.py
[2025-06-25T14:51:53.011+0000] {logging_mixin.py:188} INFO - [2025-06-25T14:51:53.011+0000] {dagbag.py:337} DEBUG - Importing /opt/airflow/dags/train_dag.py
[2025-06-25T14:51:53.020+0000] {processor.py:842} WARNING - No viable dags retrieved from /opt/airflow/dags/train_dag.py
[2025-06-25T14:51:53.042+0000] {processor.py:183} INFO - Processing /opt/airflow/dags/train_dag.py took 0.078 seconds
[2025-06-25T14:52:23.141+0000] {logging_mixin.py:188} INFO - [2025-06-25T14:52:23.140+0000] {settings.py:250} DEBUG - Setting up DB connection pool (PID 2401)
[2025-06-25T14:52:23.144+0000] {logging_mixin.py:188} INFO - [2025-06-25T14:52:23.143+0000] {settings.py:330} DEBUG - settings.prepare_engine_args(): Using pool settings. pool_size=5, max_overflow=10, pool_recycle=1800, pid=2401
[2025-06-25T14:52:23.157+0000] {processor.py:161} INFO - Started process (PID=2401) to work on /opt/airflow/dags/train_dag.py
[2025-06-25T14:52:23.159+0000] {processor.py:830} INFO - Processing file /opt/airflow/dags/train_dag.py for tasks to queue
[2025-06-25T14:52:23.160+0000] {logging_mixin.py:188} INFO - [2025-06-25T14:52:23.160+0000] {dagbag.py:545} INFO - Filling up the DagBag from /opt/airflow/dags/train_dag.py
[2025-06-25T14:52:23.187+0000] {logging_mixin.py:188} INFO - [2025-06-25T14:52:23.186+0000] {dagbag.py:337} DEBUG - Importing /opt/airflow/dags/train_dag.py
[2025-06-25T14:52:23.204+0000] {processor.py:842} WARNING - No viable dags retrieved from /opt/airflow/dags/train_dag.py
[2025-06-25T14:52:23.249+0000] {processor.py:183} INFO - Processing /opt/airflow/dags/train_dag.py took 0.109 seconds
[2025-06-25T14:52:54.082+0000] {logging_mixin.py:188} INFO - [2025-06-25T14:52:54.080+0000] {settings.py:250} DEBUG - Setting up DB connection pool (PID 2461)
[2025-06-25T14:52:54.084+0000] {logging_mixin.py:188} INFO - [2025-06-25T14:52:54.084+0000] {settings.py:330} DEBUG - settings.prepare_engine_args(): Using pool settings. pool_size=5, max_overflow=10, pool_recycle=1800, pid=2461
[2025-06-25T14:52:54.100+0000] {processor.py:161} INFO - Started process (PID=2461) to work on /opt/airflow/dags/train_dag.py
[2025-06-25T14:52:54.102+0000] {processor.py:830} INFO - Processing file /opt/airflow/dags/train_dag.py for tasks to queue
[2025-06-25T14:52:54.103+0000] {logging_mixin.py:188} INFO - [2025-06-25T14:52:54.103+0000] {dagbag.py:545} INFO - Filling up the DagBag from /opt/airflow/dags/train_dag.py
[2025-06-25T14:52:54.124+0000] {logging_mixin.py:188} INFO - [2025-06-25T14:52:54.123+0000] {dagbag.py:337} DEBUG - Importing /opt/airflow/dags/train_dag.py
[2025-06-25T14:52:54.135+0000] {processor.py:842} WARNING - No viable dags retrieved from /opt/airflow/dags/train_dag.py
[2025-06-25T14:52:54.165+0000] {processor.py:183} INFO - Processing /opt/airflow/dags/train_dag.py took 0.086 seconds
[2025-06-25T14:53:24.325+0000] {logging_mixin.py:188} INFO - [2025-06-25T14:53:24.324+0000] {settings.py:250} DEBUG - Setting up DB connection pool (PID 2523)
[2025-06-25T14:53:24.328+0000] {logging_mixin.py:188} INFO - [2025-06-25T14:53:24.327+0000] {settings.py:330} DEBUG - settings.prepare_engine_args(): Using pool settings. pool_size=5, max_overflow=10, pool_recycle=1800, pid=2523
[2025-06-25T14:53:24.340+0000] {processor.py:161} INFO - Started process (PID=2523) to work on /opt/airflow/dags/train_dag.py
[2025-06-25T14:53:24.341+0000] {processor.py:830} INFO - Processing file /opt/airflow/dags/train_dag.py for tasks to queue
[2025-06-25T14:53:24.343+0000] {logging_mixin.py:188} INFO - [2025-06-25T14:53:24.342+0000] {dagbag.py:545} INFO - Filling up the DagBag from /opt/airflow/dags/train_dag.py
[2025-06-25T14:53:24.363+0000] {logging_mixin.py:188} INFO - [2025-06-25T14:53:24.363+0000] {dagbag.py:337} DEBUG - Importing /opt/airflow/dags/train_dag.py
[2025-06-25T14:53:24.373+0000] {processor.py:842} WARNING - No viable dags retrieved from /opt/airflow/dags/train_dag.py
[2025-06-25T14:53:24.399+0000] {processor.py:183} INFO - Processing /opt/airflow/dags/train_dag.py took 0.075 seconds
[2025-06-25T14:53:54.718+0000] {logging_mixin.py:188} INFO - [2025-06-25T14:53:54.716+0000] {settings.py:250} DEBUG - Setting up DB connection pool (PID 2585)
[2025-06-25T14:53:54.721+0000] {logging_mixin.py:188} INFO - [2025-06-25T14:53:54.720+0000] {settings.py:330} DEBUG - settings.prepare_engine_args(): Using pool settings. pool_size=5, max_overflow=10, pool_recycle=1800, pid=2585
[2025-06-25T14:53:54.735+0000] {processor.py:161} INFO - Started process (PID=2585) to work on /opt/airflow/dags/train_dag.py
[2025-06-25T14:53:54.736+0000] {processor.py:830} INFO - Processing file /opt/airflow/dags/train_dag.py for tasks to queue
[2025-06-25T14:53:54.738+0000] {logging_mixin.py:188} INFO - [2025-06-25T14:53:54.738+0000] {dagbag.py:545} INFO - Filling up the DagBag from /opt/airflow/dags/train_dag.py
[2025-06-25T14:53:54.757+0000] {logging_mixin.py:188} INFO - [2025-06-25T14:53:54.757+0000] {dagbag.py:337} DEBUG - Importing /opt/airflow/dags/train_dag.py
[2025-06-25T14:53:54.770+0000] {processor.py:842} WARNING - No viable dags retrieved from /opt/airflow/dags/train_dag.py
[2025-06-25T14:53:54.801+0000] {processor.py:183} INFO - Processing /opt/airflow/dags/train_dag.py took 0.085 seconds
[2025-06-25T14:54:25.469+0000] {logging_mixin.py:188} INFO - [2025-06-25T14:54:25.468+0000] {settings.py:250} DEBUG - Setting up DB connection pool (PID 2647)
[2025-06-25T14:54:25.474+0000] {logging_mixin.py:188} INFO - [2025-06-25T14:54:25.474+0000] {settings.py:330} DEBUG - settings.prepare_engine_args(): Using pool settings. pool_size=5, max_overflow=10, pool_recycle=1800, pid=2647
[2025-06-25T14:54:25.490+0000] {processor.py:161} INFO - Started process (PID=2647) to work on /opt/airflow/dags/train_dag.py
[2025-06-25T14:54:25.491+0000] {processor.py:830} INFO - Processing file /opt/airflow/dags/train_dag.py for tasks to queue
[2025-06-25T14:54:25.492+0000] {logging_mixin.py:188} INFO - [2025-06-25T14:54:25.492+0000] {dagbag.py:545} INFO - Filling up the DagBag from /opt/airflow/dags/train_dag.py
[2025-06-25T14:54:25.510+0000] {logging_mixin.py:188} INFO - [2025-06-25T14:54:25.510+0000] {dagbag.py:337} DEBUG - Importing /opt/airflow/dags/train_dag.py
[2025-06-25T14:54:25.519+0000] {processor.py:842} WARNING - No viable dags retrieved from /opt/airflow/dags/train_dag.py
[2025-06-25T14:54:25.542+0000] {processor.py:183} INFO - Processing /opt/airflow/dags/train_dag.py took 0.075 seconds
[2025-06-25T14:54:55.925+0000] {logging_mixin.py:188} INFO - [2025-06-25T14:54:55.923+0000] {settings.py:250} DEBUG - Setting up DB connection pool (PID 2709)
[2025-06-25T14:54:55.927+0000] {logging_mixin.py:188} INFO - [2025-06-25T14:54:55.927+0000] {settings.py:330} DEBUG - settings.prepare_engine_args(): Using pool settings. pool_size=5, max_overflow=10, pool_recycle=1800, pid=2709
[2025-06-25T14:54:55.945+0000] {processor.py:161} INFO - Started process (PID=2709) to work on /opt/airflow/dags/train_dag.py
[2025-06-25T14:54:55.947+0000] {processor.py:830} INFO - Processing file /opt/airflow/dags/train_dag.py for tasks to queue
[2025-06-25T14:54:55.949+0000] {logging_mixin.py:188} INFO - [2025-06-25T14:54:55.949+0000] {dagbag.py:545} INFO - Filling up the DagBag from /opt/airflow/dags/train_dag.py
[2025-06-25T14:54:55.982+0000] {logging_mixin.py:188} INFO - [2025-06-25T14:54:55.981+0000] {dagbag.py:337} DEBUG - Importing /opt/airflow/dags/train_dag.py
[2025-06-25T14:54:55.995+0000] {processor.py:842} WARNING - No viable dags retrieved from /opt/airflow/dags/train_dag.py
[2025-06-25T14:54:56.032+0000] {processor.py:183} INFO - Processing /opt/airflow/dags/train_dag.py took 0.109 seconds
[2025-06-25T14:55:26.355+0000] {logging_mixin.py:188} INFO - [2025-06-25T14:55:26.353+0000] {settings.py:250} DEBUG - Setting up DB connection pool (PID 2771)
[2025-06-25T14:55:26.357+0000] {logging_mixin.py:188} INFO - [2025-06-25T14:55:26.356+0000] {settings.py:330} DEBUG - settings.prepare_engine_args(): Using pool settings. pool_size=5, max_overflow=10, pool_recycle=1800, pid=2771
[2025-06-25T14:55:26.368+0000] {processor.py:161} INFO - Started process (PID=2771) to work on /opt/airflow/dags/train_dag.py
[2025-06-25T14:55:26.369+0000] {processor.py:830} INFO - Processing file /opt/airflow/dags/train_dag.py for tasks to queue
[2025-06-25T14:55:26.370+0000] {logging_mixin.py:188} INFO - [2025-06-25T14:55:26.370+0000] {dagbag.py:545} INFO - Filling up the DagBag from /opt/airflow/dags/train_dag.py
[2025-06-25T14:55:26.386+0000] {logging_mixin.py:188} INFO - [2025-06-25T14:55:26.386+0000] {dagbag.py:337} DEBUG - Importing /opt/airflow/dags/train_dag.py
[2025-06-25T14:55:26.401+0000] {processor.py:842} WARNING - No viable dags retrieved from /opt/airflow/dags/train_dag.py
[2025-06-25T14:55:26.428+0000] {processor.py:183} INFO - Processing /opt/airflow/dags/train_dag.py took 0.075 seconds
[2025-06-25T14:55:57.191+0000] {logging_mixin.py:188} INFO - [2025-06-25T14:55:57.190+0000] {settings.py:250} DEBUG - Setting up DB connection pool (PID 2833)
[2025-06-25T14:55:57.193+0000] {logging_mixin.py:188} INFO - [2025-06-25T14:55:57.193+0000] {settings.py:330} DEBUG - settings.prepare_engine_args(): Using pool settings. pool_size=5, max_overflow=10, pool_recycle=1800, pid=2833
[2025-06-25T14:55:57.206+0000] {processor.py:161} INFO - Started process (PID=2833) to work on /opt/airflow/dags/train_dag.py
[2025-06-25T14:55:57.208+0000] {processor.py:830} INFO - Processing file /opt/airflow/dags/train_dag.py for tasks to queue
[2025-06-25T14:55:57.209+0000] {logging_mixin.py:188} INFO - [2025-06-25T14:55:57.209+0000] {dagbag.py:545} INFO - Filling up the DagBag from /opt/airflow/dags/train_dag.py
[2025-06-25T14:55:57.228+0000] {logging_mixin.py:188} INFO - [2025-06-25T14:55:57.227+0000] {dagbag.py:337} DEBUG - Importing /opt/airflow/dags/train_dag.py
[2025-06-25T14:55:57.237+0000] {processor.py:842} WARNING - No viable dags retrieved from /opt/airflow/dags/train_dag.py
[2025-06-25T14:55:57.263+0000] {processor.py:183} INFO - Processing /opt/airflow/dags/train_dag.py took 0.074 seconds
[2025-06-25T14:56:27.602+0000] {logging_mixin.py:188} INFO - [2025-06-25T14:56:27.601+0000] {settings.py:250} DEBUG - Setting up DB connection pool (PID 2896)
[2025-06-25T14:56:27.604+0000] {logging_mixin.py:188} INFO - [2025-06-25T14:56:27.604+0000] {settings.py:330} DEBUG - settings.prepare_engine_args(): Using pool settings. pool_size=5, max_overflow=10, pool_recycle=1800, pid=2896
[2025-06-25T14:56:27.616+0000] {processor.py:161} INFO - Started process (PID=2896) to work on /opt/airflow/dags/train_dag.py
[2025-06-25T14:56:27.618+0000] {processor.py:830} INFO - Processing file /opt/airflow/dags/train_dag.py for tasks to queue
[2025-06-25T14:56:27.619+0000] {logging_mixin.py:188} INFO - [2025-06-25T14:56:27.619+0000] {dagbag.py:545} INFO - Filling up the DagBag from /opt/airflow/dags/train_dag.py
[2025-06-25T14:56:27.636+0000] {logging_mixin.py:188} INFO - [2025-06-25T14:56:27.636+0000] {dagbag.py:337} DEBUG - Importing /opt/airflow/dags/train_dag.py
[2025-06-25T14:56:27.647+0000] {processor.py:842} WARNING - No viable dags retrieved from /opt/airflow/dags/train_dag.py
[2025-06-25T14:56:27.675+0000] {processor.py:183} INFO - Processing /opt/airflow/dags/train_dag.py took 0.074 seconds
[2025-06-25T14:56:57.759+0000] {logging_mixin.py:188} INFO - [2025-06-25T14:56:57.758+0000] {settings.py:250} DEBUG - Setting up DB connection pool (PID 2958)
[2025-06-25T14:56:57.760+0000] {logging_mixin.py:188} INFO - [2025-06-25T14:56:57.760+0000] {settings.py:330} DEBUG - settings.prepare_engine_args(): Using pool settings. pool_size=5, max_overflow=10, pool_recycle=1800, pid=2958
[2025-06-25T14:56:57.771+0000] {processor.py:161} INFO - Started process (PID=2958) to work on /opt/airflow/dags/train_dag.py
[2025-06-25T14:56:57.772+0000] {processor.py:830} INFO - Processing file /opt/airflow/dags/train_dag.py for tasks to queue
[2025-06-25T14:56:57.773+0000] {logging_mixin.py:188} INFO - [2025-06-25T14:56:57.773+0000] {dagbag.py:545} INFO - Filling up the DagBag from /opt/airflow/dags/train_dag.py
[2025-06-25T14:56:57.789+0000] {logging_mixin.py:188} INFO - [2025-06-25T14:56:57.789+0000] {dagbag.py:337} DEBUG - Importing /opt/airflow/dags/train_dag.py
[2025-06-25T14:56:57.798+0000] {processor.py:842} WARNING - No viable dags retrieved from /opt/airflow/dags/train_dag.py
[2025-06-25T14:56:57.827+0000] {processor.py:183} INFO - Processing /opt/airflow/dags/train_dag.py took 0.069 seconds
[2025-06-25T14:57:28.166+0000] {logging_mixin.py:188} INFO - [2025-06-25T14:57:28.164+0000] {settings.py:250} DEBUG - Setting up DB connection pool (PID 3018)
[2025-06-25T14:57:28.168+0000] {logging_mixin.py:188} INFO - [2025-06-25T14:57:28.168+0000] {settings.py:330} DEBUG - settings.prepare_engine_args(): Using pool settings. pool_size=5, max_overflow=10, pool_recycle=1800, pid=3018
[2025-06-25T14:57:28.182+0000] {processor.py:161} INFO - Started process (PID=3018) to work on /opt/airflow/dags/train_dag.py
[2025-06-25T14:57:28.184+0000] {processor.py:830} INFO - Processing file /opt/airflow/dags/train_dag.py for tasks to queue
[2025-06-25T14:57:28.186+0000] {logging_mixin.py:188} INFO - [2025-06-25T14:57:28.186+0000] {dagbag.py:545} INFO - Filling up the DagBag from /opt/airflow/dags/train_dag.py
[2025-06-25T14:57:28.205+0000] {logging_mixin.py:188} INFO - [2025-06-25T14:57:28.205+0000] {dagbag.py:337} DEBUG - Importing /opt/airflow/dags/train_dag.py
[2025-06-25T14:57:28.216+0000] {processor.py:842} WARNING - No viable dags retrieved from /opt/airflow/dags/train_dag.py
[2025-06-25T14:57:28.247+0000] {processor.py:183} INFO - Processing /opt/airflow/dags/train_dag.py took 0.082 seconds
[2025-06-25T14:57:58.376+0000] {logging_mixin.py:188} INFO - [2025-06-25T14:57:58.375+0000] {settings.py:250} DEBUG - Setting up DB connection pool (PID 3081)
[2025-06-25T14:57:58.378+0000] {logging_mixin.py:188} INFO - [2025-06-25T14:57:58.378+0000] {settings.py:330} DEBUG - settings.prepare_engine_args(): Using pool settings. pool_size=5, max_overflow=10, pool_recycle=1800, pid=3081
[2025-06-25T14:57:58.388+0000] {processor.py:161} INFO - Started process (PID=3081) to work on /opt/airflow/dags/train_dag.py
[2025-06-25T14:57:58.389+0000] {processor.py:830} INFO - Processing file /opt/airflow/dags/train_dag.py for tasks to queue
[2025-06-25T14:57:58.390+0000] {logging_mixin.py:188} INFO - [2025-06-25T14:57:58.390+0000] {dagbag.py:545} INFO - Filling up the DagBag from /opt/airflow/dags/train_dag.py
[2025-06-25T14:57:58.408+0000] {logging_mixin.py:188} INFO - [2025-06-25T14:57:58.408+0000] {dagbag.py:337} DEBUG - Importing /opt/airflow/dags/train_dag.py
[2025-06-25T14:57:58.417+0000] {processor.py:842} WARNING - No viable dags retrieved from /opt/airflow/dags/train_dag.py
[2025-06-25T14:57:58.443+0000] {processor.py:183} INFO - Processing /opt/airflow/dags/train_dag.py took 0.069 seconds
[2025-06-25T14:58:28.519+0000] {logging_mixin.py:188} INFO - [2025-06-25T14:58:28.518+0000] {settings.py:250} DEBUG - Setting up DB connection pool (PID 3143)
[2025-06-25T14:58:28.521+0000] {logging_mixin.py:188} INFO - [2025-06-25T14:58:28.521+0000] {settings.py:330} DEBUG - settings.prepare_engine_args(): Using pool settings. pool_size=5, max_overflow=10, pool_recycle=1800, pid=3143
[2025-06-25T14:58:28.532+0000] {processor.py:161} INFO - Started process (PID=3143) to work on /opt/airflow/dags/train_dag.py
[2025-06-25T14:58:28.534+0000] {processor.py:830} INFO - Processing file /opt/airflow/dags/train_dag.py for tasks to queue
[2025-06-25T14:58:28.536+0000] {logging_mixin.py:188} INFO - [2025-06-25T14:58:28.536+0000] {dagbag.py:545} INFO - Filling up the DagBag from /opt/airflow/dags/train_dag.py
[2025-06-25T14:58:28.555+0000] {logging_mixin.py:188} INFO - [2025-06-25T14:58:28.555+0000] {dagbag.py:337} DEBUG - Importing /opt/airflow/dags/train_dag.py
[2025-06-25T14:58:28.565+0000] {processor.py:842} WARNING - No viable dags retrieved from /opt/airflow/dags/train_dag.py
[2025-06-25T14:58:28.592+0000] {processor.py:183} INFO - Processing /opt/airflow/dags/train_dag.py took 0.075 seconds
[2025-06-25T14:58:58.811+0000] {logging_mixin.py:188} INFO - [2025-06-25T14:58:58.809+0000] {settings.py:250} DEBUG - Setting up DB connection pool (PID 3205)
[2025-06-25T14:58:58.814+0000] {logging_mixin.py:188} INFO - [2025-06-25T14:58:58.814+0000] {settings.py:330} DEBUG - settings.prepare_engine_args(): Using pool settings. pool_size=5, max_overflow=10, pool_recycle=1800, pid=3205
[2025-06-25T14:58:58.829+0000] {processor.py:161} INFO - Started process (PID=3205) to work on /opt/airflow/dags/train_dag.py
[2025-06-25T14:58:58.830+0000] {processor.py:830} INFO - Processing file /opt/airflow/dags/train_dag.py for tasks to queue
[2025-06-25T14:58:58.832+0000] {logging_mixin.py:188} INFO - [2025-06-25T14:58:58.832+0000] {dagbag.py:545} INFO - Filling up the DagBag from /opt/airflow/dags/train_dag.py
[2025-06-25T14:58:58.849+0000] {logging_mixin.py:188} INFO - [2025-06-25T14:58:58.849+0000] {dagbag.py:337} DEBUG - Importing /opt/airflow/dags/train_dag.py
[2025-06-25T14:58:58.857+0000] {processor.py:842} WARNING - No viable dags retrieved from /opt/airflow/dags/train_dag.py
[2025-06-25T14:58:58.881+0000] {processor.py:183} INFO - Processing /opt/airflow/dags/train_dag.py took 0.072 seconds
[2025-06-25T14:59:29.927+0000] {logging_mixin.py:188} INFO - [2025-06-25T14:59:29.923+0000] {settings.py:250} DEBUG - Setting up DB connection pool (PID 3268)
[2025-06-25T14:59:29.930+0000] {logging_mixin.py:188} INFO - [2025-06-25T14:59:29.929+0000] {settings.py:330} DEBUG - settings.prepare_engine_args(): Using pool settings. pool_size=5, max_overflow=10, pool_recycle=1800, pid=3268
[2025-06-25T14:59:29.944+0000] {processor.py:161} INFO - Started process (PID=3268) to work on /opt/airflow/dags/train_dag.py
[2025-06-25T14:59:29.946+0000] {processor.py:830} INFO - Processing file /opt/airflow/dags/train_dag.py for tasks to queue
[2025-06-25T14:59:29.949+0000] {logging_mixin.py:188} INFO - [2025-06-25T14:59:29.949+0000] {dagbag.py:545} INFO - Filling up the DagBag from /opt/airflow/dags/train_dag.py
[2025-06-25T14:59:29.986+0000] {logging_mixin.py:188} INFO - [2025-06-25T14:59:29.986+0000] {dagbag.py:337} DEBUG - Importing /opt/airflow/dags/train_dag.py
[2025-06-25T14:59:30.000+0000] {processor.py:842} WARNING - No viable dags retrieved from /opt/airflow/dags/train_dag.py
[2025-06-25T14:59:30.038+0000] {processor.py:183} INFO - Processing /opt/airflow/dags/train_dag.py took 0.115 seconds
[2025-06-25T15:00:00.148+0000] {logging_mixin.py:188} INFO - [2025-06-25T15:00:00.147+0000] {settings.py:250} DEBUG - Setting up DB connection pool (PID 3330)
[2025-06-25T15:00:00.150+0000] {logging_mixin.py:188} INFO - [2025-06-25T15:00:00.149+0000] {settings.py:330} DEBUG - settings.prepare_engine_args(): Using pool settings. pool_size=5, max_overflow=10, pool_recycle=1800, pid=3330
[2025-06-25T15:00:00.159+0000] {processor.py:161} INFO - Started process (PID=3330) to work on /opt/airflow/dags/train_dag.py
[2025-06-25T15:00:00.160+0000] {processor.py:830} INFO - Processing file /opt/airflow/dags/train_dag.py for tasks to queue
[2025-06-25T15:00:00.161+0000] {logging_mixin.py:188} INFO - [2025-06-25T15:00:00.161+0000] {dagbag.py:545} INFO - Filling up the DagBag from /opt/airflow/dags/train_dag.py
[2025-06-25T15:00:00.178+0000] {logging_mixin.py:188} INFO - [2025-06-25T15:00:00.177+0000] {dagbag.py:337} DEBUG - Importing /opt/airflow/dags/train_dag.py
[2025-06-25T15:00:00.186+0000] {processor.py:842} WARNING - No viable dags retrieved from /opt/airflow/dags/train_dag.py
[2025-06-25T15:00:00.211+0000] {processor.py:183} INFO - Processing /opt/airflow/dags/train_dag.py took 0.064 seconds
[2025-06-25T15:00:31.208+0000] {logging_mixin.py:188} INFO - [2025-06-25T15:00:31.207+0000] {settings.py:250} DEBUG - Setting up DB connection pool (PID 3392)
[2025-06-25T15:00:31.210+0000] {logging_mixin.py:188} INFO - [2025-06-25T15:00:31.209+0000] {settings.py:330} DEBUG - settings.prepare_engine_args(): Using pool settings. pool_size=5, max_overflow=10, pool_recycle=1800, pid=3392
[2025-06-25T15:00:31.221+0000] {processor.py:161} INFO - Started process (PID=3392) to work on /opt/airflow/dags/train_dag.py
[2025-06-25T15:00:31.222+0000] {processor.py:830} INFO - Processing file /opt/airflow/dags/train_dag.py for tasks to queue
[2025-06-25T15:00:31.224+0000] {logging_mixin.py:188} INFO - [2025-06-25T15:00:31.224+0000] {dagbag.py:545} INFO - Filling up the DagBag from /opt/airflow/dags/train_dag.py
[2025-06-25T15:00:31.243+0000] {logging_mixin.py:188} INFO - [2025-06-25T15:00:31.243+0000] {dagbag.py:337} DEBUG - Importing /opt/airflow/dags/train_dag.py
[2025-06-25T15:00:31.255+0000] {processor.py:842} WARNING - No viable dags retrieved from /opt/airflow/dags/train_dag.py
[2025-06-25T15:00:31.284+0000] {processor.py:183} INFO - Processing /opt/airflow/dags/train_dag.py took 0.078 seconds
[2025-06-25T15:01:01.668+0000] {logging_mixin.py:188} INFO - [2025-06-25T15:01:01.667+0000] {settings.py:250} DEBUG - Setting up DB connection pool (PID 3454)
[2025-06-25T15:01:01.671+0000] {logging_mixin.py:188} INFO - [2025-06-25T15:01:01.670+0000] {settings.py:330} DEBUG - settings.prepare_engine_args(): Using pool settings. pool_size=5, max_overflow=10, pool_recycle=1800, pid=3454
[2025-06-25T15:01:01.688+0000] {processor.py:161} INFO - Started process (PID=3454) to work on /opt/airflow/dags/train_dag.py
[2025-06-25T15:01:01.690+0000] {processor.py:830} INFO - Processing file /opt/airflow/dags/train_dag.py for tasks to queue
[2025-06-25T15:01:01.691+0000] {logging_mixin.py:188} INFO - [2025-06-25T15:01:01.691+0000] {dagbag.py:545} INFO - Filling up the DagBag from /opt/airflow/dags/train_dag.py
[2025-06-25T15:01:01.707+0000] {logging_mixin.py:188} INFO - [2025-06-25T15:01:01.706+0000] {dagbag.py:337} DEBUG - Importing /opt/airflow/dags/train_dag.py
[2025-06-25T15:01:01.715+0000] {processor.py:842} WARNING - No viable dags retrieved from /opt/airflow/dags/train_dag.py
[2025-06-25T15:01:01.738+0000] {processor.py:183} INFO - Processing /opt/airflow/dags/train_dag.py took 0.071 seconds
[2025-06-25T15:01:32.385+0000] {logging_mixin.py:188} INFO - [2025-06-25T15:01:32.383+0000] {settings.py:250} DEBUG - Setting up DB connection pool (PID 3516)
[2025-06-25T15:01:32.386+0000] {logging_mixin.py:188} INFO - [2025-06-25T15:01:32.386+0000] {settings.py:330} DEBUG - settings.prepare_engine_args(): Using pool settings. pool_size=5, max_overflow=10, pool_recycle=1800, pid=3516
[2025-06-25T15:01:32.404+0000] {processor.py:161} INFO - Started process (PID=3516) to work on /opt/airflow/dags/train_dag.py
[2025-06-25T15:01:32.406+0000] {processor.py:830} INFO - Processing file /opt/airflow/dags/train_dag.py for tasks to queue
[2025-06-25T15:01:32.407+0000] {logging_mixin.py:188} INFO - [2025-06-25T15:01:32.407+0000] {dagbag.py:545} INFO - Filling up the DagBag from /opt/airflow/dags/train_dag.py
[2025-06-25T15:01:32.427+0000] {logging_mixin.py:188} INFO - [2025-06-25T15:01:32.426+0000] {dagbag.py:337} DEBUG - Importing /opt/airflow/dags/train_dag.py
[2025-06-25T15:01:32.436+0000] {processor.py:842} WARNING - No viable dags retrieved from /opt/airflow/dags/train_dag.py
[2025-06-25T15:01:32.458+0000] {processor.py:183} INFO - Processing /opt/airflow/dags/train_dag.py took 0.075 seconds
[2025-06-25T15:02:03.020+0000] {logging_mixin.py:188} INFO - [2025-06-25T15:02:03.019+0000] {settings.py:250} DEBUG - Setting up DB connection pool (PID 3573)
[2025-06-25T15:02:03.022+0000] {logging_mixin.py:188} INFO - [2025-06-25T15:02:03.022+0000] {settings.py:330} DEBUG - settings.prepare_engine_args(): Using pool settings. pool_size=5, max_overflow=10, pool_recycle=1800, pid=3573
[2025-06-25T15:02:03.032+0000] {processor.py:161} INFO - Started process (PID=3573) to work on /opt/airflow/dags/train_dag.py
[2025-06-25T15:02:03.033+0000] {processor.py:830} INFO - Processing file /opt/airflow/dags/train_dag.py for tasks to queue
[2025-06-25T15:02:03.034+0000] {logging_mixin.py:188} INFO - [2025-06-25T15:02:03.034+0000] {dagbag.py:545} INFO - Filling up the DagBag from /opt/airflow/dags/train_dag.py
[2025-06-25T15:02:03.049+0000] {logging_mixin.py:188} INFO - [2025-06-25T15:02:03.049+0000] {dagbag.py:337} DEBUG - Importing /opt/airflow/dags/train_dag.py
[2025-06-25T15:02:03.060+0000] {processor.py:842} WARNING - No viable dags retrieved from /opt/airflow/dags/train_dag.py
[2025-06-25T15:02:03.085+0000] {processor.py:183} INFO - Processing /opt/airflow/dags/train_dag.py took 0.066 seconds
[2025-06-25T15:02:34.038+0000] {logging_mixin.py:188} INFO - [2025-06-25T15:02:34.037+0000] {settings.py:250} DEBUG - Setting up DB connection pool (PID 3634)
[2025-06-25T15:02:34.040+0000] {logging_mixin.py:188} INFO - [2025-06-25T15:02:34.040+0000] {settings.py:330} DEBUG - settings.prepare_engine_args(): Using pool settings. pool_size=5, max_overflow=10, pool_recycle=1800, pid=3634
[2025-06-25T15:02:34.051+0000] {processor.py:161} INFO - Started process (PID=3634) to work on /opt/airflow/dags/train_dag.py
[2025-06-25T15:02:34.052+0000] {processor.py:830} INFO - Processing file /opt/airflow/dags/train_dag.py for tasks to queue
[2025-06-25T15:02:34.055+0000] {logging_mixin.py:188} INFO - [2025-06-25T15:02:34.055+0000] {dagbag.py:545} INFO - Filling up the DagBag from /opt/airflow/dags/train_dag.py
[2025-06-25T15:02:34.077+0000] {logging_mixin.py:188} INFO - [2025-06-25T15:02:34.077+0000] {dagbag.py:337} DEBUG - Importing /opt/airflow/dags/train_dag.py
[2025-06-25T15:02:34.089+0000] {processor.py:842} WARNING - No viable dags retrieved from /opt/airflow/dags/train_dag.py
[2025-06-25T15:02:34.121+0000] {processor.py:183} INFO - Processing /opt/airflow/dags/train_dag.py took 0.084 seconds
[2025-06-25T15:03:04.776+0000] {logging_mixin.py:188} INFO - [2025-06-25T15:03:04.775+0000] {settings.py:250} DEBUG - Setting up DB connection pool (PID 3696)
[2025-06-25T15:03:04.778+0000] {logging_mixin.py:188} INFO - [2025-06-25T15:03:04.778+0000] {settings.py:330} DEBUG - settings.prepare_engine_args(): Using pool settings. pool_size=5, max_overflow=10, pool_recycle=1800, pid=3696
[2025-06-25T15:03:04.793+0000] {processor.py:161} INFO - Started process (PID=3696) to work on /opt/airflow/dags/train_dag.py
[2025-06-25T15:03:04.795+0000] {processor.py:830} INFO - Processing file /opt/airflow/dags/train_dag.py for tasks to queue
[2025-06-25T15:03:04.796+0000] {logging_mixin.py:188} INFO - [2025-06-25T15:03:04.796+0000] {dagbag.py:545} INFO - Filling up the DagBag from /opt/airflow/dags/train_dag.py
[2025-06-25T15:03:04.817+0000] {logging_mixin.py:188} INFO - [2025-06-25T15:03:04.816+0000] {dagbag.py:337} DEBUG - Importing /opt/airflow/dags/train_dag.py
[2025-06-25T15:03:04.828+0000] {processor.py:842} WARNING - No viable dags retrieved from /opt/airflow/dags/train_dag.py
[2025-06-25T15:03:04.863+0000] {processor.py:183} INFO - Processing /opt/airflow/dags/train_dag.py took 0.089 seconds
[2025-06-25T15:03:35.365+0000] {logging_mixin.py:188} INFO - [2025-06-25T15:03:35.363+0000] {settings.py:250} DEBUG - Setting up DB connection pool (PID 3758)
[2025-06-25T15:03:35.367+0000] {logging_mixin.py:188} INFO - [2025-06-25T15:03:35.367+0000] {settings.py:330} DEBUG - settings.prepare_engine_args(): Using pool settings. pool_size=5, max_overflow=10, pool_recycle=1800, pid=3758
[2025-06-25T15:03:35.385+0000] {processor.py:161} INFO - Started process (PID=3758) to work on /opt/airflow/dags/train_dag.py
[2025-06-25T15:03:35.386+0000] {processor.py:830} INFO - Processing file /opt/airflow/dags/train_dag.py for tasks to queue
[2025-06-25T15:03:35.388+0000] {logging_mixin.py:188} INFO - [2025-06-25T15:03:35.388+0000] {dagbag.py:545} INFO - Filling up the DagBag from /opt/airflow/dags/train_dag.py
[2025-06-25T15:03:35.405+0000] {logging_mixin.py:188} INFO - [2025-06-25T15:03:35.405+0000] {dagbag.py:337} DEBUG - Importing /opt/airflow/dags/train_dag.py
[2025-06-25T15:03:35.416+0000] {processor.py:842} WARNING - No viable dags retrieved from /opt/airflow/dags/train_dag.py
[2025-06-25T15:03:35.451+0000] {processor.py:183} INFO - Processing /opt/airflow/dags/train_dag.py took 0.088 seconds
[2025-06-25T15:04:05.981+0000] {logging_mixin.py:188} INFO - [2025-06-25T15:04:05.979+0000] {settings.py:250} DEBUG - Setting up DB connection pool (PID 3820)
[2025-06-25T15:04:05.983+0000] {logging_mixin.py:188} INFO - [2025-06-25T15:04:05.983+0000] {settings.py:330} DEBUG - settings.prepare_engine_args(): Using pool settings. pool_size=5, max_overflow=10, pool_recycle=1800, pid=3820
[2025-06-25T15:04:06.002+0000] {processor.py:161} INFO - Started process (PID=3820) to work on /opt/airflow/dags/train_dag.py
[2025-06-25T15:04:06.003+0000] {processor.py:830} INFO - Processing file /opt/airflow/dags/train_dag.py for tasks to queue
[2025-06-25T15:04:06.004+0000] {logging_mixin.py:188} INFO - [2025-06-25T15:04:06.004+0000] {dagbag.py:545} INFO - Filling up the DagBag from /opt/airflow/dags/train_dag.py
[2025-06-25T15:04:06.024+0000] {logging_mixin.py:188} INFO - [2025-06-25T15:04:06.023+0000] {dagbag.py:337} DEBUG - Importing /opt/airflow/dags/train_dag.py
[2025-06-25T15:04:06.038+0000] {processor.py:842} WARNING - No viable dags retrieved from /opt/airflow/dags/train_dag.py
[2025-06-25T15:04:06.065+0000] {processor.py:183} INFO - Processing /opt/airflow/dags/train_dag.py took 0.086 seconds
[2025-06-25T15:04:36.290+0000] {logging_mixin.py:188} INFO - [2025-06-25T15:04:36.289+0000] {settings.py:250} DEBUG - Setting up DB connection pool (PID 3882)
[2025-06-25T15:04:36.292+0000] {logging_mixin.py:188} INFO - [2025-06-25T15:04:36.291+0000] {settings.py:330} DEBUG - settings.prepare_engine_args(): Using pool settings. pool_size=5, max_overflow=10, pool_recycle=1800, pid=3882
[2025-06-25T15:04:36.303+0000] {processor.py:161} INFO - Started process (PID=3882) to work on /opt/airflow/dags/train_dag.py
[2025-06-25T15:04:36.304+0000] {processor.py:830} INFO - Processing file /opt/airflow/dags/train_dag.py for tasks to queue
[2025-06-25T15:04:36.305+0000] {logging_mixin.py:188} INFO - [2025-06-25T15:04:36.305+0000] {dagbag.py:545} INFO - Filling up the DagBag from /opt/airflow/dags/train_dag.py
[2025-06-25T15:04:36.322+0000] {logging_mixin.py:188} INFO - [2025-06-25T15:04:36.322+0000] {dagbag.py:337} DEBUG - Importing /opt/airflow/dags/train_dag.py
[2025-06-25T15:04:36.331+0000] {processor.py:842} WARNING - No viable dags retrieved from /opt/airflow/dags/train_dag.py
[2025-06-25T15:04:36.355+0000] {processor.py:183} INFO - Processing /opt/airflow/dags/train_dag.py took 0.066 seconds
[2025-06-25T15:05:06.862+0000] {logging_mixin.py:188} INFO - [2025-06-25T15:05:06.860+0000] {settings.py:250} DEBUG - Setting up DB connection pool (PID 3944)
[2025-06-25T15:05:06.864+0000] {logging_mixin.py:188} INFO - [2025-06-25T15:05:06.863+0000] {settings.py:330} DEBUG - settings.prepare_engine_args(): Using pool settings. pool_size=5, max_overflow=10, pool_recycle=1800, pid=3944
[2025-06-25T15:05:06.873+0000] {processor.py:161} INFO - Started process (PID=3944) to work on /opt/airflow/dags/train_dag.py
[2025-06-25T15:05:06.875+0000] {processor.py:830} INFO - Processing file /opt/airflow/dags/train_dag.py for tasks to queue
[2025-06-25T15:05:06.876+0000] {logging_mixin.py:188} INFO - [2025-06-25T15:05:06.876+0000] {dagbag.py:545} INFO - Filling up the DagBag from /opt/airflow/dags/train_dag.py
[2025-06-25T15:05:06.890+0000] {logging_mixin.py:188} INFO - [2025-06-25T15:05:06.890+0000] {dagbag.py:337} DEBUG - Importing /opt/airflow/dags/train_dag.py
[2025-06-25T15:05:06.898+0000] {processor.py:842} WARNING - No viable dags retrieved from /opt/airflow/dags/train_dag.py
[2025-06-25T15:05:06.921+0000] {processor.py:183} INFO - Processing /opt/airflow/dags/train_dag.py took 0.060 seconds
[2025-06-25T15:05:37.553+0000] {logging_mixin.py:188} INFO - [2025-06-25T15:05:37.551+0000] {settings.py:250} DEBUG - Setting up DB connection pool (PID 4007)
[2025-06-25T15:05:37.555+0000] {logging_mixin.py:188} INFO - [2025-06-25T15:05:37.555+0000] {settings.py:330} DEBUG - settings.prepare_engine_args(): Using pool settings. pool_size=5, max_overflow=10, pool_recycle=1800, pid=4007
[2025-06-25T15:05:37.566+0000] {processor.py:161} INFO - Started process (PID=4007) to work on /opt/airflow/dags/train_dag.py
[2025-06-25T15:05:37.568+0000] {processor.py:830} INFO - Processing file /opt/airflow/dags/train_dag.py for tasks to queue
[2025-06-25T15:05:37.569+0000] {logging_mixin.py:188} INFO - [2025-06-25T15:05:37.569+0000] {dagbag.py:545} INFO - Filling up the DagBag from /opt/airflow/dags/train_dag.py
[2025-06-25T15:05:37.585+0000] {logging_mixin.py:188} INFO - [2025-06-25T15:05:37.585+0000] {dagbag.py:337} DEBUG - Importing /opt/airflow/dags/train_dag.py
[2025-06-25T15:05:37.596+0000] {processor.py:842} WARNING - No viable dags retrieved from /opt/airflow/dags/train_dag.py
[2025-06-25T15:05:37.622+0000] {processor.py:183} INFO - Processing /opt/airflow/dags/train_dag.py took 0.071 seconds
[2025-06-25T15:06:07.846+0000] {logging_mixin.py:188} INFO - [2025-06-25T15:06:07.845+0000] {settings.py:250} DEBUG - Setting up DB connection pool (PID 4069)
[2025-06-25T15:06:07.847+0000] {logging_mixin.py:188} INFO - [2025-06-25T15:06:07.847+0000] {settings.py:330} DEBUG - settings.prepare_engine_args(): Using pool settings. pool_size=5, max_overflow=10, pool_recycle=1800, pid=4069
[2025-06-25T15:06:07.857+0000] {processor.py:161} INFO - Started process (PID=4069) to work on /opt/airflow/dags/train_dag.py
[2025-06-25T15:06:07.858+0000] {processor.py:830} INFO - Processing file /opt/airflow/dags/train_dag.py for tasks to queue
[2025-06-25T15:06:07.859+0000] {logging_mixin.py:188} INFO - [2025-06-25T15:06:07.859+0000] {dagbag.py:545} INFO - Filling up the DagBag from /opt/airflow/dags/train_dag.py
[2025-06-25T15:06:07.879+0000] {logging_mixin.py:188} INFO - [2025-06-25T15:06:07.878+0000] {dagbag.py:337} DEBUG - Importing /opt/airflow/dags/train_dag.py
[2025-06-25T15:06:07.888+0000] {processor.py:842} WARNING - No viable dags retrieved from /opt/airflow/dags/train_dag.py
[2025-06-25T15:06:07.910+0000] {processor.py:183} INFO - Processing /opt/airflow/dags/train_dag.py took 0.065 seconds
[2025-06-25T15:06:38.732+0000] {logging_mixin.py:188} INFO - [2025-06-25T15:06:38.731+0000] {settings.py:250} DEBUG - Setting up DB connection pool (PID 4121)
[2025-06-25T15:06:38.734+0000] {logging_mixin.py:188} INFO - [2025-06-25T15:06:38.734+0000] {settings.py:330} DEBUG - settings.prepare_engine_args(): Using pool settings. pool_size=5, max_overflow=10, pool_recycle=1800, pid=4121
[2025-06-25T15:06:38.745+0000] {processor.py:161} INFO - Started process (PID=4121) to work on /opt/airflow/dags/train_dag.py
[2025-06-25T15:06:38.746+0000] {processor.py:830} INFO - Processing file /opt/airflow/dags/train_dag.py for tasks to queue
[2025-06-25T15:06:38.747+0000] {logging_mixin.py:188} INFO - [2025-06-25T15:06:38.747+0000] {dagbag.py:545} INFO - Filling up the DagBag from /opt/airflow/dags/train_dag.py
[2025-06-25T15:06:38.766+0000] {logging_mixin.py:188} INFO - [2025-06-25T15:06:38.765+0000] {dagbag.py:337} DEBUG - Importing /opt/airflow/dags/train_dag.py
[2025-06-25T15:06:38.775+0000] {processor.py:842} WARNING - No viable dags retrieved from /opt/airflow/dags/train_dag.py
[2025-06-25T15:06:38.800+0000] {processor.py:183} INFO - Processing /opt/airflow/dags/train_dag.py took 0.069 seconds
[2025-06-25T15:07:09.014+0000] {logging_mixin.py:188} INFO - [2025-06-25T15:07:09.013+0000] {settings.py:250} DEBUG - Setting up DB connection pool (PID 4182)
[2025-06-25T15:07:09.016+0000] {logging_mixin.py:188} INFO - [2025-06-25T15:07:09.016+0000] {settings.py:330} DEBUG - settings.prepare_engine_args(): Using pool settings. pool_size=5, max_overflow=10, pool_recycle=1800, pid=4182
[2025-06-25T15:07:09.028+0000] {processor.py:161} INFO - Started process (PID=4182) to work on /opt/airflow/dags/train_dag.py
[2025-06-25T15:07:09.029+0000] {processor.py:830} INFO - Processing file /opt/airflow/dags/train_dag.py for tasks to queue
[2025-06-25T15:07:09.030+0000] {logging_mixin.py:188} INFO - [2025-06-25T15:07:09.030+0000] {dagbag.py:545} INFO - Filling up the DagBag from /opt/airflow/dags/train_dag.py
[2025-06-25T15:07:09.048+0000] {logging_mixin.py:188} INFO - [2025-06-25T15:07:09.047+0000] {dagbag.py:337} DEBUG - Importing /opt/airflow/dags/train_dag.py
[2025-06-25T15:07:09.059+0000] {processor.py:842} WARNING - No viable dags retrieved from /opt/airflow/dags/train_dag.py
[2025-06-25T15:07:09.085+0000] {processor.py:183} INFO - Processing /opt/airflow/dags/train_dag.py took 0.072 seconds
[2025-06-25T15:07:39.297+0000] {logging_mixin.py:188} INFO - [2025-06-25T15:07:39.296+0000] {settings.py:250} DEBUG - Setting up DB connection pool (PID 4244)
[2025-06-25T15:07:39.298+0000] {logging_mixin.py:188} INFO - [2025-06-25T15:07:39.298+0000] {settings.py:330} DEBUG - settings.prepare_engine_args(): Using pool settings. pool_size=5, max_overflow=10, pool_recycle=1800, pid=4244
[2025-06-25T15:07:39.309+0000] {processor.py:161} INFO - Started process (PID=4244) to work on /opt/airflow/dags/train_dag.py
[2025-06-25T15:07:39.310+0000] {processor.py:830} INFO - Processing file /opt/airflow/dags/train_dag.py for tasks to queue
[2025-06-25T15:07:39.311+0000] {logging_mixin.py:188} INFO - [2025-06-25T15:07:39.311+0000] {dagbag.py:545} INFO - Filling up the DagBag from /opt/airflow/dags/train_dag.py
[2025-06-25T15:07:39.327+0000] {logging_mixin.py:188} INFO - [2025-06-25T15:07:39.327+0000] {dagbag.py:337} DEBUG - Importing /opt/airflow/dags/train_dag.py
[2025-06-25T15:07:39.335+0000] {processor.py:842} WARNING - No viable dags retrieved from /opt/airflow/dags/train_dag.py
[2025-06-25T15:07:39.370+0000] {processor.py:183} INFO - Processing /opt/airflow/dags/train_dag.py took 0.074 seconds
[2025-06-25T15:08:09.763+0000] {logging_mixin.py:188} INFO - [2025-06-25T15:08:09.761+0000] {settings.py:250} DEBUG - Setting up DB connection pool (PID 4306)
[2025-06-25T15:08:09.765+0000] {logging_mixin.py:188} INFO - [2025-06-25T15:08:09.764+0000] {settings.py:330} DEBUG - settings.prepare_engine_args(): Using pool settings. pool_size=5, max_overflow=10, pool_recycle=1800, pid=4306
[2025-06-25T15:08:09.775+0000] {processor.py:161} INFO - Started process (PID=4306) to work on /opt/airflow/dags/train_dag.py
[2025-06-25T15:08:09.776+0000] {processor.py:830} INFO - Processing file /opt/airflow/dags/train_dag.py for tasks to queue
[2025-06-25T15:08:09.778+0000] {logging_mixin.py:188} INFO - [2025-06-25T15:08:09.777+0000] {dagbag.py:545} INFO - Filling up the DagBag from /opt/airflow/dags/train_dag.py
[2025-06-25T15:08:09.796+0000] {logging_mixin.py:188} INFO - [2025-06-25T15:08:09.795+0000] {dagbag.py:337} DEBUG - Importing /opt/airflow/dags/train_dag.py
[2025-06-25T15:08:09.804+0000] {processor.py:842} WARNING - No viable dags retrieved from /opt/airflow/dags/train_dag.py
[2025-06-25T15:08:09.833+0000] {processor.py:183} INFO - Processing /opt/airflow/dags/train_dag.py took 0.071 seconds
[2025-06-25T15:08:40.252+0000] {logging_mixin.py:188} INFO - [2025-06-25T15:08:40.251+0000] {settings.py:250} DEBUG - Setting up DB connection pool (PID 4367)
[2025-06-25T15:08:40.254+0000] {logging_mixin.py:188} INFO - [2025-06-25T15:08:40.254+0000] {settings.py:330} DEBUG - settings.prepare_engine_args(): Using pool settings. pool_size=5, max_overflow=10, pool_recycle=1800, pid=4367
[2025-06-25T15:08:40.264+0000] {processor.py:161} INFO - Started process (PID=4367) to work on /opt/airflow/dags/train_dag.py
[2025-06-25T15:08:40.265+0000] {processor.py:830} INFO - Processing file /opt/airflow/dags/train_dag.py for tasks to queue
[2025-06-25T15:08:40.267+0000] {logging_mixin.py:188} INFO - [2025-06-25T15:08:40.267+0000] {dagbag.py:545} INFO - Filling up the DagBag from /opt/airflow/dags/train_dag.py
[2025-06-25T15:08:40.284+0000] {logging_mixin.py:188} INFO - [2025-06-25T15:08:40.284+0000] {dagbag.py:337} DEBUG - Importing /opt/airflow/dags/train_dag.py
[2025-06-25T15:08:40.293+0000] {processor.py:842} WARNING - No viable dags retrieved from /opt/airflow/dags/train_dag.py
[2025-06-25T15:08:40.318+0000] {processor.py:183} INFO - Processing /opt/airflow/dags/train_dag.py took 0.067 seconds
[2025-06-25T15:09:10.625+0000] {logging_mixin.py:188} INFO - [2025-06-25T15:09:10.624+0000] {settings.py:250} DEBUG - Setting up DB connection pool (PID 4426)
[2025-06-25T15:09:10.627+0000] {logging_mixin.py:188} INFO - [2025-06-25T15:09:10.627+0000] {settings.py:330} DEBUG - settings.prepare_engine_args(): Using pool settings. pool_size=5, max_overflow=10, pool_recycle=1800, pid=4426
[2025-06-25T15:09:10.638+0000] {processor.py:161} INFO - Started process (PID=4426) to work on /opt/airflow/dags/train_dag.py
[2025-06-25T15:09:10.639+0000] {processor.py:830} INFO - Processing file /opt/airflow/dags/train_dag.py for tasks to queue
[2025-06-25T15:09:10.640+0000] {logging_mixin.py:188} INFO - [2025-06-25T15:09:10.640+0000] {dagbag.py:545} INFO - Filling up the DagBag from /opt/airflow/dags/train_dag.py
[2025-06-25T15:09:10.655+0000] {logging_mixin.py:188} INFO - [2025-06-25T15:09:10.655+0000] {dagbag.py:337} DEBUG - Importing /opt/airflow/dags/train_dag.py
[2025-06-25T15:09:10.664+0000] {processor.py:842} WARNING - No viable dags retrieved from /opt/airflow/dags/train_dag.py
[2025-06-25T15:09:10.690+0000] {processor.py:183} INFO - Processing /opt/airflow/dags/train_dag.py took 0.066 seconds
[2025-06-25T15:09:41.171+0000] {logging_mixin.py:188} INFO - [2025-06-25T15:09:41.169+0000] {settings.py:250} DEBUG - Setting up DB connection pool (PID 4488)
[2025-06-25T15:09:41.173+0000] {logging_mixin.py:188} INFO - [2025-06-25T15:09:41.172+0000] {settings.py:330} DEBUG - settings.prepare_engine_args(): Using pool settings. pool_size=5, max_overflow=10, pool_recycle=1800, pid=4488
[2025-06-25T15:09:41.184+0000] {processor.py:161} INFO - Started process (PID=4488) to work on /opt/airflow/dags/train_dag.py
[2025-06-25T15:09:41.185+0000] {processor.py:830} INFO - Processing file /opt/airflow/dags/train_dag.py for tasks to queue
[2025-06-25T15:09:41.186+0000] {logging_mixin.py:188} INFO - [2025-06-25T15:09:41.186+0000] {dagbag.py:545} INFO - Filling up the DagBag from /opt/airflow/dags/train_dag.py
[2025-06-25T15:09:41.201+0000] {logging_mixin.py:188} INFO - [2025-06-25T15:09:41.201+0000] {dagbag.py:337} DEBUG - Importing /opt/airflow/dags/train_dag.py
[2025-06-25T15:09:41.209+0000] {processor.py:842} WARNING - No viable dags retrieved from /opt/airflow/dags/train_dag.py
[2025-06-25T15:09:41.234+0000] {processor.py:183} INFO - Processing /opt/airflow/dags/train_dag.py took 0.065 seconds
[2025-06-25T15:10:11.594+0000] {logging_mixin.py:188} INFO - [2025-06-25T15:10:11.592+0000] {settings.py:250} DEBUG - Setting up DB connection pool (PID 4547)
[2025-06-25T15:10:11.596+0000] {logging_mixin.py:188} INFO - [2025-06-25T15:10:11.596+0000] {settings.py:330} DEBUG - settings.prepare_engine_args(): Using pool settings. pool_size=5, max_overflow=10, pool_recycle=1800, pid=4547
[2025-06-25T15:10:11.612+0000] {processor.py:161} INFO - Started process (PID=4547) to work on /opt/airflow/dags/train_dag.py
[2025-06-25T15:10:11.614+0000] {processor.py:830} INFO - Processing file /opt/airflow/dags/train_dag.py for tasks to queue
[2025-06-25T15:10:11.616+0000] {logging_mixin.py:188} INFO - [2025-06-25T15:10:11.616+0000] {dagbag.py:545} INFO - Filling up the DagBag from /opt/airflow/dags/train_dag.py
[2025-06-25T15:10:11.633+0000] {logging_mixin.py:188} INFO - [2025-06-25T15:10:11.633+0000] {dagbag.py:337} DEBUG - Importing /opt/airflow/dags/train_dag.py
[2025-06-25T15:10:11.642+0000] {processor.py:842} WARNING - No viable dags retrieved from /opt/airflow/dags/train_dag.py
[2025-06-25T15:10:11.671+0000] {processor.py:183} INFO - Processing /opt/airflow/dags/train_dag.py took 0.078 seconds
[2025-06-25T15:10:42.228+0000] {logging_mixin.py:188} INFO - [2025-06-25T15:10:42.226+0000] {settings.py:250} DEBUG - Setting up DB connection pool (PID 4609)
[2025-06-25T15:10:42.230+0000] {logging_mixin.py:188} INFO - [2025-06-25T15:10:42.230+0000] {settings.py:330} DEBUG - settings.prepare_engine_args(): Using pool settings. pool_size=5, max_overflow=10, pool_recycle=1800, pid=4609
[2025-06-25T15:10:42.242+0000] {processor.py:161} INFO - Started process (PID=4609) to work on /opt/airflow/dags/train_dag.py
[2025-06-25T15:10:42.244+0000] {processor.py:830} INFO - Processing file /opt/airflow/dags/train_dag.py for tasks to queue
[2025-06-25T15:10:42.245+0000] {logging_mixin.py:188} INFO - [2025-06-25T15:10:42.245+0000] {dagbag.py:545} INFO - Filling up the DagBag from /opt/airflow/dags/train_dag.py
[2025-06-25T15:10:42.263+0000] {logging_mixin.py:188} INFO - [2025-06-25T15:10:42.263+0000] {dagbag.py:337} DEBUG - Importing /opt/airflow/dags/train_dag.py
[2025-06-25T15:10:42.276+0000] {processor.py:842} WARNING - No viable dags retrieved from /opt/airflow/dags/train_dag.py
[2025-06-25T15:10:42.311+0000] {processor.py:183} INFO - Processing /opt/airflow/dags/train_dag.py took 0.085 seconds
[2025-06-25T15:11:12.943+0000] {logging_mixin.py:188} INFO - [2025-06-25T15:11:12.941+0000] {settings.py:250} DEBUG - Setting up DB connection pool (PID 4671)
[2025-06-25T15:11:12.945+0000] {logging_mixin.py:188} INFO - [2025-06-25T15:11:12.944+0000] {settings.py:330} DEBUG - settings.prepare_engine_args(): Using pool settings. pool_size=5, max_overflow=10, pool_recycle=1800, pid=4671
[2025-06-25T15:11:12.957+0000] {processor.py:161} INFO - Started process (PID=4671) to work on /opt/airflow/dags/train_dag.py
[2025-06-25T15:11:12.959+0000] {processor.py:830} INFO - Processing file /opt/airflow/dags/train_dag.py for tasks to queue
[2025-06-25T15:11:12.960+0000] {logging_mixin.py:188} INFO - [2025-06-25T15:11:12.960+0000] {dagbag.py:545} INFO - Filling up the DagBag from /opt/airflow/dags/train_dag.py
[2025-06-25T15:11:12.977+0000] {logging_mixin.py:188} INFO - [2025-06-25T15:11:12.976+0000] {dagbag.py:337} DEBUG - Importing /opt/airflow/dags/train_dag.py
[2025-06-25T15:11:12.986+0000] {processor.py:842} WARNING - No viable dags retrieved from /opt/airflow/dags/train_dag.py
[2025-06-25T15:11:13.026+0000] {processor.py:183} INFO - Processing /opt/airflow/dags/train_dag.py took 0.085 seconds
[2025-06-25T15:11:43.628+0000] {logging_mixin.py:188} INFO - [2025-06-25T15:11:43.626+0000] {settings.py:250} DEBUG - Setting up DB connection pool (PID 4733)
[2025-06-25T15:11:43.630+0000] {logging_mixin.py:188} INFO - [2025-06-25T15:11:43.630+0000] {settings.py:330} DEBUG - settings.prepare_engine_args(): Using pool settings. pool_size=5, max_overflow=10, pool_recycle=1800, pid=4733
[2025-06-25T15:11:43.646+0000] {processor.py:161} INFO - Started process (PID=4733) to work on /opt/airflow/dags/train_dag.py
[2025-06-25T15:11:43.647+0000] {processor.py:830} INFO - Processing file /opt/airflow/dags/train_dag.py for tasks to queue
[2025-06-25T15:11:43.648+0000] {logging_mixin.py:188} INFO - [2025-06-25T15:11:43.648+0000] {dagbag.py:545} INFO - Filling up the DagBag from /opt/airflow/dags/train_dag.py
[2025-06-25T15:11:43.665+0000] {logging_mixin.py:188} INFO - [2025-06-25T15:11:43.664+0000] {dagbag.py:337} DEBUG - Importing /opt/airflow/dags/train_dag.py
[2025-06-25T15:11:43.674+0000] {processor.py:842} WARNING - No viable dags retrieved from /opt/airflow/dags/train_dag.py
[2025-06-25T15:11:43.702+0000] {processor.py:183} INFO - Processing /opt/airflow/dags/train_dag.py took 0.076 seconds
[2025-06-25T15:12:13.995+0000] {logging_mixin.py:188} INFO - [2025-06-25T15:12:13.993+0000] {settings.py:250} DEBUG - Setting up DB connection pool (PID 4793)
[2025-06-25T15:12:13.997+0000] {logging_mixin.py:188} INFO - [2025-06-25T15:12:13.996+0000] {settings.py:330} DEBUG - settings.prepare_engine_args(): Using pool settings. pool_size=5, max_overflow=10, pool_recycle=1800, pid=4793
[2025-06-25T15:12:14.011+0000] {processor.py:161} INFO - Started process (PID=4793) to work on /opt/airflow/dags/train_dag.py
[2025-06-25T15:12:14.012+0000] {processor.py:830} INFO - Processing file /opt/airflow/dags/train_dag.py for tasks to queue
[2025-06-25T15:12:14.013+0000] {logging_mixin.py:188} INFO - [2025-06-25T15:12:14.013+0000] {dagbag.py:545} INFO - Filling up the DagBag from /opt/airflow/dags/train_dag.py
[2025-06-25T15:12:14.031+0000] {logging_mixin.py:188} INFO - [2025-06-25T15:12:14.031+0000] {dagbag.py:337} DEBUG - Importing /opt/airflow/dags/train_dag.py
[2025-06-25T15:12:14.042+0000] {processor.py:842} WARNING - No viable dags retrieved from /opt/airflow/dags/train_dag.py
[2025-06-25T15:12:14.076+0000] {processor.py:183} INFO - Processing /opt/airflow/dags/train_dag.py took 0.083 seconds
[2025-06-25T15:12:44.302+0000] {logging_mixin.py:188} INFO - [2025-06-25T15:12:44.300+0000] {settings.py:250} DEBUG - Setting up DB connection pool (PID 4855)
[2025-06-25T15:12:44.304+0000] {logging_mixin.py:188} INFO - [2025-06-25T15:12:44.303+0000] {settings.py:330} DEBUG - settings.prepare_engine_args(): Using pool settings. pool_size=5, max_overflow=10, pool_recycle=1800, pid=4855
[2025-06-25T15:12:44.316+0000] {processor.py:161} INFO - Started process (PID=4855) to work on /opt/airflow/dags/train_dag.py
[2025-06-25T15:12:44.317+0000] {processor.py:830} INFO - Processing file /opt/airflow/dags/train_dag.py for tasks to queue
[2025-06-25T15:12:44.319+0000] {logging_mixin.py:188} INFO - [2025-06-25T15:12:44.319+0000] {dagbag.py:545} INFO - Filling up the DagBag from /opt/airflow/dags/train_dag.py
[2025-06-25T15:12:44.337+0000] {logging_mixin.py:188} INFO - [2025-06-25T15:12:44.337+0000] {dagbag.py:337} DEBUG - Importing /opt/airflow/dags/train_dag.py
[2025-06-25T15:12:44.345+0000] {processor.py:842} WARNING - No viable dags retrieved from /opt/airflow/dags/train_dag.py
[2025-06-25T15:12:44.369+0000] {processor.py:183} INFO - Processing /opt/airflow/dags/train_dag.py took 0.069 seconds
[2025-06-25T15:13:15.254+0000] {logging_mixin.py:188} INFO - [2025-06-25T15:13:15.253+0000] {settings.py:250} DEBUG - Setting up DB connection pool (PID 4923)
[2025-06-25T15:13:15.256+0000] {logging_mixin.py:188} INFO - [2025-06-25T15:13:15.256+0000] {settings.py:330} DEBUG - settings.prepare_engine_args(): Using pool settings. pool_size=5, max_overflow=10, pool_recycle=1800, pid=4923
[2025-06-25T15:13:15.270+0000] {processor.py:161} INFO - Started process (PID=4923) to work on /opt/airflow/dags/train_dag.py
[2025-06-25T15:13:15.272+0000] {processor.py:830} INFO - Processing file /opt/airflow/dags/train_dag.py for tasks to queue
[2025-06-25T15:13:15.274+0000] {logging_mixin.py:188} INFO - [2025-06-25T15:13:15.273+0000] {dagbag.py:545} INFO - Filling up the DagBag from /opt/airflow/dags/train_dag.py
[2025-06-25T15:13:15.292+0000] {logging_mixin.py:188} INFO - [2025-06-25T15:13:15.292+0000] {dagbag.py:337} DEBUG - Importing /opt/airflow/dags/train_dag.py
[2025-06-25T15:13:15.301+0000] {processor.py:842} WARNING - No viable dags retrieved from /opt/airflow/dags/train_dag.py
[2025-06-25T15:13:15.330+0000] {processor.py:183} INFO - Processing /opt/airflow/dags/train_dag.py took 0.077 seconds
[2025-06-25T15:13:45.417+0000] {logging_mixin.py:188} INFO - [2025-06-25T15:13:45.416+0000] {settings.py:250} DEBUG - Setting up DB connection pool (PID 4985)
[2025-06-25T15:13:45.418+0000] {logging_mixin.py:188} INFO - [2025-06-25T15:13:45.418+0000] {settings.py:330} DEBUG - settings.prepare_engine_args(): Using pool settings. pool_size=5, max_overflow=10, pool_recycle=1800, pid=4985
[2025-06-25T15:13:45.429+0000] {processor.py:161} INFO - Started process (PID=4985) to work on /opt/airflow/dags/train_dag.py
[2025-06-25T15:13:45.430+0000] {processor.py:830} INFO - Processing file /opt/airflow/dags/train_dag.py for tasks to queue
[2025-06-25T15:13:45.432+0000] {logging_mixin.py:188} INFO - [2025-06-25T15:13:45.431+0000] {dagbag.py:545} INFO - Filling up the DagBag from /opt/airflow/dags/train_dag.py
[2025-06-25T15:13:45.446+0000] {logging_mixin.py:188} INFO - [2025-06-25T15:13:45.446+0000] {dagbag.py:337} DEBUG - Importing /opt/airflow/dags/train_dag.py
[2025-06-25T15:13:45.455+0000] {processor.py:842} WARNING - No viable dags retrieved from /opt/airflow/dags/train_dag.py
[2025-06-25T15:13:45.479+0000] {processor.py:183} INFO - Processing /opt/airflow/dags/train_dag.py took 0.064 seconds
[2025-06-25T15:14:16.133+0000] {logging_mixin.py:188} INFO - [2025-06-25T15:14:16.130+0000] {settings.py:250} DEBUG - Setting up DB connection pool (PID 5047)
[2025-06-25T15:14:16.136+0000] {logging_mixin.py:188} INFO - [2025-06-25T15:14:16.136+0000] {settings.py:330} DEBUG - settings.prepare_engine_args(): Using pool settings. pool_size=5, max_overflow=10, pool_recycle=1800, pid=5047
[2025-06-25T15:14:16.158+0000] {processor.py:161} INFO - Started process (PID=5047) to work on /opt/airflow/dags/train_dag.py
[2025-06-25T15:14:16.159+0000] {processor.py:830} INFO - Processing file /opt/airflow/dags/train_dag.py for tasks to queue
[2025-06-25T15:14:16.161+0000] {logging_mixin.py:188} INFO - [2025-06-25T15:14:16.161+0000] {dagbag.py:545} INFO - Filling up the DagBag from /opt/airflow/dags/train_dag.py
[2025-06-25T15:14:16.190+0000] {logging_mixin.py:188} INFO - [2025-06-25T15:14:16.189+0000] {dagbag.py:337} DEBUG - Importing /opt/airflow/dags/train_dag.py
[2025-06-25T15:14:16.207+0000] {processor.py:842} WARNING - No viable dags retrieved from /opt/airflow/dags/train_dag.py
[2025-06-25T15:14:16.238+0000] {processor.py:183} INFO - Processing /opt/airflow/dags/train_dag.py took 0.107 seconds
[2025-06-25T15:14:46.567+0000] {logging_mixin.py:188} INFO - [2025-06-25T15:14:46.565+0000] {settings.py:250} DEBUG - Setting up DB connection pool (PID 5109)
[2025-06-25T15:14:46.572+0000] {logging_mixin.py:188} INFO - [2025-06-25T15:14:46.572+0000] {settings.py:330} DEBUG - settings.prepare_engine_args(): Using pool settings. pool_size=5, max_overflow=10, pool_recycle=1800, pid=5109
[2025-06-25T15:14:46.588+0000] {processor.py:161} INFO - Started process (PID=5109) to work on /opt/airflow/dags/train_dag.py
[2025-06-25T15:14:46.589+0000] {processor.py:830} INFO - Processing file /opt/airflow/dags/train_dag.py for tasks to queue
[2025-06-25T15:14:46.591+0000] {logging_mixin.py:188} INFO - [2025-06-25T15:14:46.591+0000] {dagbag.py:545} INFO - Filling up the DagBag from /opt/airflow/dags/train_dag.py
[2025-06-25T15:14:46.609+0000] {logging_mixin.py:188} INFO - [2025-06-25T15:14:46.609+0000] {dagbag.py:337} DEBUG - Importing /opt/airflow/dags/train_dag.py
[2025-06-25T15:14:46.631+0000] {processor.py:842} WARNING - No viable dags retrieved from /opt/airflow/dags/train_dag.py
[2025-06-25T15:14:46.673+0000] {processor.py:183} INFO - Processing /opt/airflow/dags/train_dag.py took 0.109 seconds
[2025-06-25T15:15:17.294+0000] {logging_mixin.py:188} INFO - [2025-06-25T15:15:17.292+0000] {settings.py:250} DEBUG - Setting up DB connection pool (PID 5171)
[2025-06-25T15:15:17.295+0000] {logging_mixin.py:188} INFO - [2025-06-25T15:15:17.295+0000] {settings.py:330} DEBUG - settings.prepare_engine_args(): Using pool settings. pool_size=5, max_overflow=10, pool_recycle=1800, pid=5171
[2025-06-25T15:15:17.310+0000] {processor.py:161} INFO - Started process (PID=5171) to work on /opt/airflow/dags/train_dag.py
[2025-06-25T15:15:17.312+0000] {processor.py:830} INFO - Processing file /opt/airflow/dags/train_dag.py for tasks to queue
[2025-06-25T15:15:17.313+0000] {logging_mixin.py:188} INFO - [2025-06-25T15:15:17.313+0000] {dagbag.py:545} INFO - Filling up the DagBag from /opt/airflow/dags/train_dag.py
[2025-06-25T15:15:17.332+0000] {logging_mixin.py:188} INFO - [2025-06-25T15:15:17.331+0000] {dagbag.py:337} DEBUG - Importing /opt/airflow/dags/train_dag.py
[2025-06-25T15:15:17.343+0000] {processor.py:842} WARNING - No viable dags retrieved from /opt/airflow/dags/train_dag.py
[2025-06-25T15:15:17.372+0000] {processor.py:183} INFO - Processing /opt/airflow/dags/train_dag.py took 0.081 seconds
[2025-06-25T15:15:47.631+0000] {logging_mixin.py:188} INFO - [2025-06-25T15:15:47.629+0000] {settings.py:250} DEBUG - Setting up DB connection pool (PID 5233)
[2025-06-25T15:15:47.633+0000] {logging_mixin.py:188} INFO - [2025-06-25T15:15:47.633+0000] {settings.py:330} DEBUG - settings.prepare_engine_args(): Using pool settings. pool_size=5, max_overflow=10, pool_recycle=1800, pid=5233
[2025-06-25T15:15:47.648+0000] {processor.py:161} INFO - Started process (PID=5233) to work on /opt/airflow/dags/train_dag.py
[2025-06-25T15:15:47.649+0000] {processor.py:830} INFO - Processing file /opt/airflow/dags/train_dag.py for tasks to queue
[2025-06-25T15:15:47.651+0000] {logging_mixin.py:188} INFO - [2025-06-25T15:15:47.651+0000] {dagbag.py:545} INFO - Filling up the DagBag from /opt/airflow/dags/train_dag.py
[2025-06-25T15:15:47.670+0000] {logging_mixin.py:188} INFO - [2025-06-25T15:15:47.669+0000] {dagbag.py:337} DEBUG - Importing /opt/airflow/dags/train_dag.py
[2025-06-25T15:15:47.679+0000] {processor.py:842} WARNING - No viable dags retrieved from /opt/airflow/dags/train_dag.py
[2025-06-25T15:15:47.708+0000] {processor.py:183} INFO - Processing /opt/airflow/dags/train_dag.py took 0.079 seconds
[2025-06-25T15:16:18.127+0000] {logging_mixin.py:188} INFO - [2025-06-25T15:16:18.125+0000] {settings.py:250} DEBUG - Setting up DB connection pool (PID 5295)
[2025-06-25T15:16:18.129+0000] {logging_mixin.py:188} INFO - [2025-06-25T15:16:18.128+0000] {settings.py:330} DEBUG - settings.prepare_engine_args(): Using pool settings. pool_size=5, max_overflow=10, pool_recycle=1800, pid=5295
[2025-06-25T15:16:18.140+0000] {processor.py:161} INFO - Started process (PID=5295) to work on /opt/airflow/dags/train_dag.py
[2025-06-25T15:16:18.141+0000] {processor.py:830} INFO - Processing file /opt/airflow/dags/train_dag.py for tasks to queue
[2025-06-25T15:16:18.142+0000] {logging_mixin.py:188} INFO - [2025-06-25T15:16:18.142+0000] {dagbag.py:545} INFO - Filling up the DagBag from /opt/airflow/dags/train_dag.py
[2025-06-25T15:16:18.157+0000] {logging_mixin.py:188} INFO - [2025-06-25T15:16:18.157+0000] {dagbag.py:337} DEBUG - Importing /opt/airflow/dags/train_dag.py
[2025-06-25T15:16:18.166+0000] {processor.py:842} WARNING - No viable dags retrieved from /opt/airflow/dags/train_dag.py
[2025-06-25T15:16:18.192+0000] {processor.py:183} INFO - Processing /opt/airflow/dags/train_dag.py took 0.067 seconds
[2025-06-25T15:16:49.060+0000] {logging_mixin.py:188} INFO - [2025-06-25T15:16:49.058+0000] {settings.py:250} DEBUG - Setting up DB connection pool (PID 5357)
[2025-06-25T15:16:49.063+0000] {logging_mixin.py:188} INFO - [2025-06-25T15:16:49.063+0000] {settings.py:330} DEBUG - settings.prepare_engine_args(): Using pool settings. pool_size=5, max_overflow=10, pool_recycle=1800, pid=5357
[2025-06-25T15:16:49.084+0000] {processor.py:161} INFO - Started process (PID=5357) to work on /opt/airflow/dags/train_dag.py
[2025-06-25T15:16:49.085+0000] {processor.py:830} INFO - Processing file /opt/airflow/dags/train_dag.py for tasks to queue
[2025-06-25T15:16:49.086+0000] {logging_mixin.py:188} INFO - [2025-06-25T15:16:49.086+0000] {dagbag.py:545} INFO - Filling up the DagBag from /opt/airflow/dags/train_dag.py
[2025-06-25T15:16:49.105+0000] {logging_mixin.py:188} INFO - [2025-06-25T15:16:49.105+0000] {dagbag.py:337} DEBUG - Importing /opt/airflow/dags/train_dag.py
[2025-06-25T15:16:49.115+0000] {processor.py:842} WARNING - No viable dags retrieved from /opt/airflow/dags/train_dag.py
[2025-06-25T15:16:49.142+0000] {processor.py:183} INFO - Processing /opt/airflow/dags/train_dag.py took 0.084 seconds
[2025-06-25T15:17:19.871+0000] {logging_mixin.py:188} INFO - [2025-06-25T15:17:19.869+0000] {settings.py:250} DEBUG - Setting up DB connection pool (PID 5418)
[2025-06-25T15:17:19.873+0000] {logging_mixin.py:188} INFO - [2025-06-25T15:17:19.872+0000] {settings.py:330} DEBUG - settings.prepare_engine_args(): Using pool settings. pool_size=5, max_overflow=10, pool_recycle=1800, pid=5418
[2025-06-25T15:17:19.884+0000] {processor.py:161} INFO - Started process (PID=5418) to work on /opt/airflow/dags/train_dag.py
[2025-06-25T15:17:19.885+0000] {processor.py:830} INFO - Processing file /opt/airflow/dags/train_dag.py for tasks to queue
[2025-06-25T15:17:19.886+0000] {logging_mixin.py:188} INFO - [2025-06-25T15:17:19.886+0000] {dagbag.py:545} INFO - Filling up the DagBag from /opt/airflow/dags/train_dag.py
[2025-06-25T15:17:19.901+0000] {logging_mixin.py:188} INFO - [2025-06-25T15:17:19.900+0000] {dagbag.py:337} DEBUG - Importing /opt/airflow/dags/train_dag.py
[2025-06-25T15:17:19.910+0000] {processor.py:842} WARNING - No viable dags retrieved from /opt/airflow/dags/train_dag.py
[2025-06-25T15:17:19.937+0000] {processor.py:183} INFO - Processing /opt/airflow/dags/train_dag.py took 0.068 seconds
[2025-06-25T15:17:50.335+0000] {logging_mixin.py:188} INFO - [2025-06-25T15:17:50.333+0000] {settings.py:250} DEBUG - Setting up DB connection pool (PID 5480)
[2025-06-25T15:17:50.337+0000] {logging_mixin.py:188} INFO - [2025-06-25T15:17:50.337+0000] {settings.py:330} DEBUG - settings.prepare_engine_args(): Using pool settings. pool_size=5, max_overflow=10, pool_recycle=1800, pid=5480
[2025-06-25T15:17:50.350+0000] {processor.py:161} INFO - Started process (PID=5480) to work on /opt/airflow/dags/train_dag.py
[2025-06-25T15:17:50.353+0000] {processor.py:830} INFO - Processing file /opt/airflow/dags/train_dag.py for tasks to queue
[2025-06-25T15:17:50.355+0000] {logging_mixin.py:188} INFO - [2025-06-25T15:17:50.354+0000] {dagbag.py:545} INFO - Filling up the DagBag from /opt/airflow/dags/train_dag.py
[2025-06-25T15:17:50.375+0000] {logging_mixin.py:188} INFO - [2025-06-25T15:17:50.374+0000] {dagbag.py:337} DEBUG - Importing /opt/airflow/dags/train_dag.py
[2025-06-25T15:17:50.384+0000] {processor.py:842} WARNING - No viable dags retrieved from /opt/airflow/dags/train_dag.py
[2025-06-25T15:17:50.410+0000] {processor.py:183} INFO - Processing /opt/airflow/dags/train_dag.py took 0.077 seconds
[2025-06-25T15:18:20.606+0000] {logging_mixin.py:188} INFO - [2025-06-25T15:18:20.604+0000] {settings.py:250} DEBUG - Setting up DB connection pool (PID 5542)
[2025-06-25T15:18:20.608+0000] {logging_mixin.py:188} INFO - [2025-06-25T15:18:20.608+0000] {settings.py:330} DEBUG - settings.prepare_engine_args(): Using pool settings. pool_size=5, max_overflow=10, pool_recycle=1800, pid=5542
[2025-06-25T15:18:20.626+0000] {processor.py:161} INFO - Started process (PID=5542) to work on /opt/airflow/dags/train_dag.py
[2025-06-25T15:18:20.627+0000] {processor.py:830} INFO - Processing file /opt/airflow/dags/train_dag.py for tasks to queue
[2025-06-25T15:18:20.629+0000] {logging_mixin.py:188} INFO - [2025-06-25T15:18:20.628+0000] {dagbag.py:545} INFO - Filling up the DagBag from /opt/airflow/dags/train_dag.py
[2025-06-25T15:18:20.647+0000] {logging_mixin.py:188} INFO - [2025-06-25T15:18:20.646+0000] {dagbag.py:337} DEBUG - Importing /opt/airflow/dags/train_dag.py
[2025-06-25T15:18:20.656+0000] {processor.py:842} WARNING - No viable dags retrieved from /opt/airflow/dags/train_dag.py
[2025-06-25T15:18:20.684+0000] {processor.py:183} INFO - Processing /opt/airflow/dags/train_dag.py took 0.080 seconds
[2025-06-25T15:18:51.064+0000] {logging_mixin.py:188} INFO - [2025-06-25T15:18:51.062+0000] {settings.py:250} DEBUG - Setting up DB connection pool (PID 5605)
[2025-06-25T15:18:51.066+0000] {logging_mixin.py:188} INFO - [2025-06-25T15:18:51.066+0000] {settings.py:330} DEBUG - settings.prepare_engine_args(): Using pool settings. pool_size=5, max_overflow=10, pool_recycle=1800, pid=5605
[2025-06-25T15:18:51.080+0000] {processor.py:161} INFO - Started process (PID=5605) to work on /opt/airflow/dags/train_dag.py
[2025-06-25T15:18:51.081+0000] {processor.py:830} INFO - Processing file /opt/airflow/dags/train_dag.py for tasks to queue
[2025-06-25T15:18:51.083+0000] {logging_mixin.py:188} INFO - [2025-06-25T15:18:51.083+0000] {dagbag.py:545} INFO - Filling up the DagBag from /opt/airflow/dags/train_dag.py
[2025-06-25T15:18:51.101+0000] {logging_mixin.py:188} INFO - [2025-06-25T15:18:51.100+0000] {dagbag.py:337} DEBUG - Importing /opt/airflow/dags/train_dag.py
[2025-06-25T15:18:51.111+0000] {processor.py:842} WARNING - No viable dags retrieved from /opt/airflow/dags/train_dag.py
[2025-06-25T15:18:51.141+0000] {processor.py:183} INFO - Processing /opt/airflow/dags/train_dag.py took 0.079 seconds
[2025-06-25T15:19:21.543+0000] {logging_mixin.py:188} INFO - [2025-06-25T15:19:21.541+0000] {settings.py:250} DEBUG - Setting up DB connection pool (PID 5667)
[2025-06-25T15:19:21.545+0000] {logging_mixin.py:188} INFO - [2025-06-25T15:19:21.544+0000] {settings.py:330} DEBUG - settings.prepare_engine_args(): Using pool settings. pool_size=5, max_overflow=10, pool_recycle=1800, pid=5667
[2025-06-25T15:19:21.558+0000] {processor.py:161} INFO - Started process (PID=5667) to work on /opt/airflow/dags/train_dag.py
[2025-06-25T15:19:21.559+0000] {processor.py:830} INFO - Processing file /opt/airflow/dags/train_dag.py for tasks to queue
[2025-06-25T15:19:21.561+0000] {logging_mixin.py:188} INFO - [2025-06-25T15:19:21.561+0000] {dagbag.py:545} INFO - Filling up the DagBag from /opt/airflow/dags/train_dag.py
[2025-06-25T15:19:21.583+0000] {logging_mixin.py:188} INFO - [2025-06-25T15:19:21.582+0000] {dagbag.py:337} DEBUG - Importing /opt/airflow/dags/train_dag.py
[2025-06-25T15:19:21.593+0000] {processor.py:842} WARNING - No viable dags retrieved from /opt/airflow/dags/train_dag.py
[2025-06-25T15:19:21.631+0000] {processor.py:183} INFO - Processing /opt/airflow/dags/train_dag.py took 0.090 seconds
[2025-06-25T15:19:52.077+0000] {logging_mixin.py:188} INFO - [2025-06-25T15:19:52.076+0000] {settings.py:250} DEBUG - Setting up DB connection pool (PID 5729)
[2025-06-25T15:19:52.080+0000] {logging_mixin.py:188} INFO - [2025-06-25T15:19:52.080+0000] {settings.py:330} DEBUG - settings.prepare_engine_args(): Using pool settings. pool_size=5, max_overflow=10, pool_recycle=1800, pid=5729
[2025-06-25T15:19:52.095+0000] {processor.py:161} INFO - Started process (PID=5729) to work on /opt/airflow/dags/train_dag.py
[2025-06-25T15:19:52.096+0000] {processor.py:830} INFO - Processing file /opt/airflow/dags/train_dag.py for tasks to queue
[2025-06-25T15:19:52.098+0000] {logging_mixin.py:188} INFO - [2025-06-25T15:19:52.097+0000] {dagbag.py:545} INFO - Filling up the DagBag from /opt/airflow/dags/train_dag.py
[2025-06-25T15:19:52.116+0000] {logging_mixin.py:188} INFO - [2025-06-25T15:19:52.116+0000] {dagbag.py:337} DEBUG - Importing /opt/airflow/dags/train_dag.py
[2025-06-25T15:19:52.128+0000] {processor.py:842} WARNING - No viable dags retrieved from /opt/airflow/dags/train_dag.py
[2025-06-25T15:19:52.160+0000] {processor.py:183} INFO - Processing /opt/airflow/dags/train_dag.py took 0.084 seconds
[2025-06-25T15:20:22.941+0000] {logging_mixin.py:188} INFO - [2025-06-25T15:20:22.939+0000] {settings.py:250} DEBUG - Setting up DB connection pool (PID 5791)
[2025-06-25T15:20:22.943+0000] {logging_mixin.py:188} INFO - [2025-06-25T15:20:22.943+0000] {settings.py:330} DEBUG - settings.prepare_engine_args(): Using pool settings. pool_size=5, max_overflow=10, pool_recycle=1800, pid=5791
[2025-06-25T15:20:22.960+0000] {processor.py:161} INFO - Started process (PID=5791) to work on /opt/airflow/dags/train_dag.py
[2025-06-25T15:20:22.962+0000] {processor.py:830} INFO - Processing file /opt/airflow/dags/train_dag.py for tasks to queue
[2025-06-25T15:20:22.964+0000] {logging_mixin.py:188} INFO - [2025-06-25T15:20:22.963+0000] {dagbag.py:545} INFO - Filling up the DagBag from /opt/airflow/dags/train_dag.py
[2025-06-25T15:20:22.981+0000] {logging_mixin.py:188} INFO - [2025-06-25T15:20:22.980+0000] {dagbag.py:337} DEBUG - Importing /opt/airflow/dags/train_dag.py
[2025-06-25T15:20:22.990+0000] {processor.py:842} WARNING - No viable dags retrieved from /opt/airflow/dags/train_dag.py
[2025-06-25T15:20:23.023+0000] {processor.py:183} INFO - Processing /opt/airflow/dags/train_dag.py took 0.084 seconds
[2025-06-25T15:20:53.536+0000] {logging_mixin.py:188} INFO - [2025-06-25T15:20:53.534+0000] {settings.py:250} DEBUG - Setting up DB connection pool (PID 5853)
[2025-06-25T15:20:53.538+0000] {logging_mixin.py:188} INFO - [2025-06-25T15:20:53.538+0000] {settings.py:330} DEBUG - settings.prepare_engine_args(): Using pool settings. pool_size=5, max_overflow=10, pool_recycle=1800, pid=5853
[2025-06-25T15:20:53.557+0000] {processor.py:161} INFO - Started process (PID=5853) to work on /opt/airflow/dags/train_dag.py
[2025-06-25T15:20:53.559+0000] {processor.py:830} INFO - Processing file /opt/airflow/dags/train_dag.py for tasks to queue
[2025-06-25T15:20:53.564+0000] {logging_mixin.py:188} INFO - [2025-06-25T15:20:53.563+0000] {dagbag.py:545} INFO - Filling up the DagBag from /opt/airflow/dags/train_dag.py
[2025-06-25T15:20:53.588+0000] {logging_mixin.py:188} INFO - [2025-06-25T15:20:53.588+0000] {dagbag.py:337} DEBUG - Importing /opt/airflow/dags/train_dag.py
[2025-06-25T15:20:53.599+0000] {processor.py:842} WARNING - No viable dags retrieved from /opt/airflow/dags/train_dag.py
[2025-06-25T15:20:53.630+0000] {processor.py:183} INFO - Processing /opt/airflow/dags/train_dag.py took 0.097 seconds
[2025-06-25T15:21:23.761+0000] {logging_mixin.py:188} INFO - [2025-06-25T15:21:23.760+0000] {settings.py:250} DEBUG - Setting up DB connection pool (PID 5915)
[2025-06-25T15:21:23.766+0000] {logging_mixin.py:188} INFO - [2025-06-25T15:21:23.766+0000] {settings.py:330} DEBUG - settings.prepare_engine_args(): Using pool settings. pool_size=5, max_overflow=10, pool_recycle=1800, pid=5915
[2025-06-25T15:21:23.784+0000] {processor.py:161} INFO - Started process (PID=5915) to work on /opt/airflow/dags/train_dag.py
[2025-06-25T15:21:23.786+0000] {processor.py:830} INFO - Processing file /opt/airflow/dags/train_dag.py for tasks to queue
[2025-06-25T15:21:23.788+0000] {logging_mixin.py:188} INFO - [2025-06-25T15:21:23.787+0000] {dagbag.py:545} INFO - Filling up the DagBag from /opt/airflow/dags/train_dag.py
[2025-06-25T15:21:23.808+0000] {logging_mixin.py:188} INFO - [2025-06-25T15:21:23.807+0000] {dagbag.py:337} DEBUG - Importing /opt/airflow/dags/train_dag.py
[2025-06-25T15:21:23.818+0000] {processor.py:842} WARNING - No viable dags retrieved from /opt/airflow/dags/train_dag.py
[2025-06-25T15:21:23.844+0000] {processor.py:183} INFO - Processing /opt/airflow/dags/train_dag.py took 0.085 seconds
[2025-06-25T15:21:54.719+0000] {logging_mixin.py:188} INFO - [2025-06-25T15:21:54.716+0000] {settings.py:250} DEBUG - Setting up DB connection pool (PID 5977)
[2025-06-25T15:21:54.722+0000] {logging_mixin.py:188} INFO - [2025-06-25T15:21:54.721+0000] {settings.py:330} DEBUG - settings.prepare_engine_args(): Using pool settings. pool_size=5, max_overflow=10, pool_recycle=1800, pid=5977
[2025-06-25T15:21:54.738+0000] {processor.py:161} INFO - Started process (PID=5977) to work on /opt/airflow/dags/train_dag.py
[2025-06-25T15:21:54.740+0000] {processor.py:830} INFO - Processing file /opt/airflow/dags/train_dag.py for tasks to queue
[2025-06-25T15:21:54.742+0000] {logging_mixin.py:188} INFO - [2025-06-25T15:21:54.741+0000] {dagbag.py:545} INFO - Filling up the DagBag from /opt/airflow/dags/train_dag.py
[2025-06-25T15:21:54.759+0000] {logging_mixin.py:188} INFO - [2025-06-25T15:21:54.759+0000] {dagbag.py:337} DEBUG - Importing /opt/airflow/dags/train_dag.py
[2025-06-25T15:21:54.769+0000] {processor.py:842} WARNING - No viable dags retrieved from /opt/airflow/dags/train_dag.py
[2025-06-25T15:21:54.801+0000] {processor.py:183} INFO - Processing /opt/airflow/dags/train_dag.py took 0.085 seconds
[2025-06-25T15:22:25.113+0000] {logging_mixin.py:188} INFO - [2025-06-25T15:22:25.112+0000] {settings.py:250} DEBUG - Setting up DB connection pool (PID 6038)
[2025-06-25T15:22:25.116+0000] {logging_mixin.py:188} INFO - [2025-06-25T15:22:25.116+0000] {settings.py:330} DEBUG - settings.prepare_engine_args(): Using pool settings. pool_size=5, max_overflow=10, pool_recycle=1800, pid=6038
[2025-06-25T15:22:25.131+0000] {processor.py:161} INFO - Started process (PID=6038) to work on /opt/airflow/dags/train_dag.py
[2025-06-25T15:22:25.132+0000] {processor.py:830} INFO - Processing file /opt/airflow/dags/train_dag.py for tasks to queue
[2025-06-25T15:22:25.134+0000] {logging_mixin.py:188} INFO - [2025-06-25T15:22:25.134+0000] {dagbag.py:545} INFO - Filling up the DagBag from /opt/airflow/dags/train_dag.py
[2025-06-25T15:22:25.151+0000] {logging_mixin.py:188} INFO - [2025-06-25T15:22:25.150+0000] {dagbag.py:337} DEBUG - Importing /opt/airflow/dags/train_dag.py
[2025-06-25T15:22:25.161+0000] {processor.py:842} WARNING - No viable dags retrieved from /opt/airflow/dags/train_dag.py
[2025-06-25T15:22:25.190+0000] {processor.py:183} INFO - Processing /opt/airflow/dags/train_dag.py took 0.079 seconds
[2025-06-25T15:22:55.629+0000] {logging_mixin.py:188} INFO - [2025-06-25T15:22:55.628+0000] {settings.py:250} DEBUG - Setting up DB connection pool (PID 6100)
[2025-06-25T15:22:55.631+0000] {logging_mixin.py:188} INFO - [2025-06-25T15:22:55.631+0000] {settings.py:330} DEBUG - settings.prepare_engine_args(): Using pool settings. pool_size=5, max_overflow=10, pool_recycle=1800, pid=6100
[2025-06-25T15:22:55.641+0000] {processor.py:161} INFO - Started process (PID=6100) to work on /opt/airflow/dags/train_dag.py
[2025-06-25T15:22:55.644+0000] {processor.py:830} INFO - Processing file /opt/airflow/dags/train_dag.py for tasks to queue
[2025-06-25T15:22:55.646+0000] {logging_mixin.py:188} INFO - [2025-06-25T15:22:55.646+0000] {dagbag.py:545} INFO - Filling up the DagBag from /opt/airflow/dags/train_dag.py
[2025-06-25T15:22:55.662+0000] {logging_mixin.py:188} INFO - [2025-06-25T15:22:55.662+0000] {dagbag.py:337} DEBUG - Importing /opt/airflow/dags/train_dag.py
[2025-06-25T15:22:55.670+0000] {processor.py:842} WARNING - No viable dags retrieved from /opt/airflow/dags/train_dag.py
[2025-06-25T15:22:55.697+0000] {processor.py:183} INFO - Processing /opt/airflow/dags/train_dag.py took 0.070 seconds
[2025-06-25T15:23:26.020+0000] {logging_mixin.py:188} INFO - [2025-06-25T15:23:26.019+0000] {settings.py:250} DEBUG - Setting up DB connection pool (PID 6162)
[2025-06-25T15:23:26.022+0000] {logging_mixin.py:188} INFO - [2025-06-25T15:23:26.022+0000] {settings.py:330} DEBUG - settings.prepare_engine_args(): Using pool settings. pool_size=5, max_overflow=10, pool_recycle=1800, pid=6162
[2025-06-25T15:23:26.033+0000] {processor.py:161} INFO - Started process (PID=6162) to work on /opt/airflow/dags/train_dag.py
[2025-06-25T15:23:26.035+0000] {processor.py:830} INFO - Processing file /opt/airflow/dags/train_dag.py for tasks to queue
[2025-06-25T15:23:26.037+0000] {logging_mixin.py:188} INFO - [2025-06-25T15:23:26.036+0000] {dagbag.py:545} INFO - Filling up the DagBag from /opt/airflow/dags/train_dag.py
[2025-06-25T15:23:26.056+0000] {logging_mixin.py:188} INFO - [2025-06-25T15:23:26.055+0000] {dagbag.py:337} DEBUG - Importing /opt/airflow/dags/train_dag.py
[2025-06-25T15:23:26.065+0000] {processor.py:842} WARNING - No viable dags retrieved from /opt/airflow/dags/train_dag.py
[2025-06-25T15:23:26.090+0000] {processor.py:183} INFO - Processing /opt/airflow/dags/train_dag.py took 0.071 seconds
[2025-06-25T15:23:56.324+0000] {logging_mixin.py:188} INFO - [2025-06-25T15:23:56.323+0000] {settings.py:250} DEBUG - Setting up DB connection pool (PID 6225)
[2025-06-25T15:23:56.326+0000] {logging_mixin.py:188} INFO - [2025-06-25T15:23:56.326+0000] {settings.py:330} DEBUG - settings.prepare_engine_args(): Using pool settings. pool_size=5, max_overflow=10, pool_recycle=1800, pid=6225
[2025-06-25T15:23:56.337+0000] {processor.py:161} INFO - Started process (PID=6225) to work on /opt/airflow/dags/train_dag.py
[2025-06-25T15:23:56.338+0000] {processor.py:830} INFO - Processing file /opt/airflow/dags/train_dag.py for tasks to queue
[2025-06-25T15:23:56.339+0000] {logging_mixin.py:188} INFO - [2025-06-25T15:23:56.339+0000] {dagbag.py:545} INFO - Filling up the DagBag from /opt/airflow/dags/train_dag.py
[2025-06-25T15:23:56.356+0000] {logging_mixin.py:188} INFO - [2025-06-25T15:23:56.356+0000] {dagbag.py:337} DEBUG - Importing /opt/airflow/dags/train_dag.py
[2025-06-25T15:23:56.367+0000] {processor.py:842} WARNING - No viable dags retrieved from /opt/airflow/dags/train_dag.py
[2025-06-25T15:23:56.399+0000] {processor.py:183} INFO - Processing /opt/airflow/dags/train_dag.py took 0.076 seconds
[2025-06-25T15:24:27.315+0000] {logging_mixin.py:188} INFO - [2025-06-25T15:24:27.314+0000] {settings.py:250} DEBUG - Setting up DB connection pool (PID 6287)
[2025-06-25T15:24:27.318+0000] {logging_mixin.py:188} INFO - [2025-06-25T15:24:27.318+0000] {settings.py:330} DEBUG - settings.prepare_engine_args(): Using pool settings. pool_size=5, max_overflow=10, pool_recycle=1800, pid=6287
[2025-06-25T15:24:27.350+0000] {processor.py:161} INFO - Started process (PID=6287) to work on /opt/airflow/dags/train_dag.py
[2025-06-25T15:24:27.363+0000] {processor.py:830} INFO - Processing file /opt/airflow/dags/train_dag.py for tasks to queue
[2025-06-25T15:24:27.369+0000] {logging_mixin.py:188} INFO - [2025-06-25T15:24:27.369+0000] {dagbag.py:545} INFO - Filling up the DagBag from /opt/airflow/dags/train_dag.py
[2025-06-25T15:24:27.416+0000] {logging_mixin.py:188} INFO - [2025-06-25T15:24:27.416+0000] {dagbag.py:337} DEBUG - Importing /opt/airflow/dags/train_dag.py
[2025-06-25T15:24:27.436+0000] {processor.py:842} WARNING - No viable dags retrieved from /opt/airflow/dags/train_dag.py
[2025-06-25T15:24:27.518+0000] {processor.py:183} INFO - Processing /opt/airflow/dags/train_dag.py took 0.204 seconds
[2025-06-25T15:24:57.686+0000] {logging_mixin.py:188} INFO - [2025-06-25T15:24:57.684+0000] {settings.py:250} DEBUG - Setting up DB connection pool (PID 6349)
[2025-06-25T15:24:57.690+0000] {logging_mixin.py:188} INFO - [2025-06-25T15:24:57.689+0000] {settings.py:330} DEBUG - settings.prepare_engine_args(): Using pool settings. pool_size=5, max_overflow=10, pool_recycle=1800, pid=6349
[2025-06-25T15:24:57.705+0000] {processor.py:161} INFO - Started process (PID=6349) to work on /opt/airflow/dags/train_dag.py
[2025-06-25T15:24:57.708+0000] {processor.py:830} INFO - Processing file /opt/airflow/dags/train_dag.py for tasks to queue
[2025-06-25T15:24:57.710+0000] {logging_mixin.py:188} INFO - [2025-06-25T15:24:57.710+0000] {dagbag.py:545} INFO - Filling up the DagBag from /opt/airflow/dags/train_dag.py
[2025-06-25T15:24:57.727+0000] {logging_mixin.py:188} INFO - [2025-06-25T15:24:57.726+0000] {dagbag.py:337} DEBUG - Importing /opt/airflow/dags/train_dag.py
[2025-06-25T15:24:57.739+0000] {processor.py:842} WARNING - No viable dags retrieved from /opt/airflow/dags/train_dag.py
[2025-06-25T15:24:57.766+0000] {processor.py:183} INFO - Processing /opt/airflow/dags/train_dag.py took 0.081 seconds
[2025-06-25T15:25:28.318+0000] {logging_mixin.py:188} INFO - [2025-06-25T15:25:28.316+0000] {settings.py:250} DEBUG - Setting up DB connection pool (PID 6412)
[2025-06-25T15:25:28.320+0000] {logging_mixin.py:188} INFO - [2025-06-25T15:25:28.320+0000] {settings.py:330} DEBUG - settings.prepare_engine_args(): Using pool settings. pool_size=5, max_overflow=10, pool_recycle=1800, pid=6412
[2025-06-25T15:25:28.333+0000] {processor.py:161} INFO - Started process (PID=6412) to work on /opt/airflow/dags/train_dag.py
[2025-06-25T15:25:28.334+0000] {processor.py:830} INFO - Processing file /opt/airflow/dags/train_dag.py for tasks to queue
[2025-06-25T15:25:28.336+0000] {logging_mixin.py:188} INFO - [2025-06-25T15:25:28.335+0000] {dagbag.py:545} INFO - Filling up the DagBag from /opt/airflow/dags/train_dag.py
[2025-06-25T15:25:28.352+0000] {logging_mixin.py:188} INFO - [2025-06-25T15:25:28.352+0000] {dagbag.py:337} DEBUG - Importing /opt/airflow/dags/train_dag.py
[2025-06-25T15:25:28.361+0000] {processor.py:842} WARNING - No viable dags retrieved from /opt/airflow/dags/train_dag.py
[2025-06-25T15:25:28.388+0000] {processor.py:183} INFO - Processing /opt/airflow/dags/train_dag.py took 0.072 seconds
[2025-06-25T15:25:59.176+0000] {logging_mixin.py:188} INFO - [2025-06-25T15:25:59.175+0000] {settings.py:250} DEBUG - Setting up DB connection pool (PID 6474)
[2025-06-25T15:25:59.178+0000] {logging_mixin.py:188} INFO - [2025-06-25T15:25:59.178+0000] {settings.py:330} DEBUG - settings.prepare_engine_args(): Using pool settings. pool_size=5, max_overflow=10, pool_recycle=1800, pid=6474
[2025-06-25T15:25:59.201+0000] {processor.py:161} INFO - Started process (PID=6474) to work on /opt/airflow/dags/train_dag.py
[2025-06-25T15:25:59.204+0000] {processor.py:830} INFO - Processing file /opt/airflow/dags/train_dag.py for tasks to queue
[2025-06-25T15:25:59.214+0000] {logging_mixin.py:188} INFO - [2025-06-25T15:25:59.214+0000] {dagbag.py:545} INFO - Filling up the DagBag from /opt/airflow/dags/train_dag.py
[2025-06-25T15:25:59.330+0000] {logging_mixin.py:188} INFO - [2025-06-25T15:25:59.329+0000] {dagbag.py:337} DEBUG - Importing /opt/airflow/dags/train_dag.py
[2025-06-25T15:25:59.342+0000] {processor.py:842} WARNING - No viable dags retrieved from /opt/airflow/dags/train_dag.py
[2025-06-25T15:25:59.377+0000] {processor.py:183} INFO - Processing /opt/airflow/dags/train_dag.py took 0.203 seconds
[2025-06-25T15:26:29.859+0000] {logging_mixin.py:188} INFO - [2025-06-25T15:26:29.858+0000] {settings.py:250} DEBUG - Setting up DB connection pool (PID 6536)
[2025-06-25T15:26:29.861+0000] {logging_mixin.py:188} INFO - [2025-06-25T15:26:29.861+0000] {settings.py:330} DEBUG - settings.prepare_engine_args(): Using pool settings. pool_size=5, max_overflow=10, pool_recycle=1800, pid=6536
[2025-06-25T15:26:29.871+0000] {processor.py:161} INFO - Started process (PID=6536) to work on /opt/airflow/dags/train_dag.py
[2025-06-25T15:26:29.873+0000] {processor.py:830} INFO - Processing file /opt/airflow/dags/train_dag.py for tasks to queue
[2025-06-25T15:26:29.875+0000] {logging_mixin.py:188} INFO - [2025-06-25T15:26:29.874+0000] {dagbag.py:545} INFO - Filling up the DagBag from /opt/airflow/dags/train_dag.py
[2025-06-25T15:26:29.892+0000] {logging_mixin.py:188} INFO - [2025-06-25T15:26:29.892+0000] {dagbag.py:337} DEBUG - Importing /opt/airflow/dags/train_dag.py
[2025-06-25T15:26:29.901+0000] {processor.py:842} WARNING - No viable dags retrieved from /opt/airflow/dags/train_dag.py
[2025-06-25T15:26:29.927+0000] {processor.py:183} INFO - Processing /opt/airflow/dags/train_dag.py took 0.069 seconds
[2025-06-25T15:27:00.351+0000] {logging_mixin.py:188} INFO - [2025-06-25T15:27:00.350+0000] {settings.py:250} DEBUG - Setting up DB connection pool (PID 6597)
[2025-06-25T15:27:00.353+0000] {logging_mixin.py:188} INFO - [2025-06-25T15:27:00.353+0000] {settings.py:330} DEBUG - settings.prepare_engine_args(): Using pool settings. pool_size=5, max_overflow=10, pool_recycle=1800, pid=6597
[2025-06-25T15:27:00.363+0000] {processor.py:161} INFO - Started process (PID=6597) to work on /opt/airflow/dags/train_dag.py
[2025-06-25T15:27:00.364+0000] {processor.py:830} INFO - Processing file /opt/airflow/dags/train_dag.py for tasks to queue
[2025-06-25T15:27:00.365+0000] {logging_mixin.py:188} INFO - [2025-06-25T15:27:00.365+0000] {dagbag.py:545} INFO - Filling up the DagBag from /opt/airflow/dags/train_dag.py
[2025-06-25T15:27:00.382+0000] {logging_mixin.py:188} INFO - [2025-06-25T15:27:00.382+0000] {dagbag.py:337} DEBUG - Importing /opt/airflow/dags/train_dag.py
[2025-06-25T15:27:00.407+0000] {processor.py:842} WARNING - No viable dags retrieved from /opt/airflow/dags/train_dag.py
[2025-06-25T15:27:00.434+0000] {processor.py:183} INFO - Processing /opt/airflow/dags/train_dag.py took 0.084 seconds
[2025-06-25T15:27:30.786+0000] {logging_mixin.py:188} INFO - [2025-06-25T15:27:30.784+0000] {settings.py:250} DEBUG - Setting up DB connection pool (PID 6659)
[2025-06-25T15:27:30.788+0000] {logging_mixin.py:188} INFO - [2025-06-25T15:27:30.788+0000] {settings.py:330} DEBUG - settings.prepare_engine_args(): Using pool settings. pool_size=5, max_overflow=10, pool_recycle=1800, pid=6659
[2025-06-25T15:27:30.800+0000] {processor.py:161} INFO - Started process (PID=6659) to work on /opt/airflow/dags/train_dag.py
[2025-06-25T15:27:30.801+0000] {processor.py:830} INFO - Processing file /opt/airflow/dags/train_dag.py for tasks to queue
[2025-06-25T15:27:30.803+0000] {logging_mixin.py:188} INFO - [2025-06-25T15:27:30.802+0000] {dagbag.py:545} INFO - Filling up the DagBag from /opt/airflow/dags/train_dag.py
[2025-06-25T15:27:30.824+0000] {logging_mixin.py:188} INFO - [2025-06-25T15:27:30.823+0000] {dagbag.py:337} DEBUG - Importing /opt/airflow/dags/train_dag.py
[2025-06-25T15:27:30.833+0000] {processor.py:842} WARNING - No viable dags retrieved from /opt/airflow/dags/train_dag.py
[2025-06-25T15:27:30.862+0000] {processor.py:183} INFO - Processing /opt/airflow/dags/train_dag.py took 0.078 seconds
[2025-06-25T15:28:01.097+0000] {logging_mixin.py:188} INFO - [2025-06-25T15:28:01.096+0000] {settings.py:250} DEBUG - Setting up DB connection pool (PID 6721)
[2025-06-25T15:28:01.099+0000] {logging_mixin.py:188} INFO - [2025-06-25T15:28:01.099+0000] {settings.py:330} DEBUG - settings.prepare_engine_args(): Using pool settings. pool_size=5, max_overflow=10, pool_recycle=1800, pid=6721
[2025-06-25T15:28:01.111+0000] {processor.py:161} INFO - Started process (PID=6721) to work on /opt/airflow/dags/train_dag.py
[2025-06-25T15:28:01.112+0000] {processor.py:830} INFO - Processing file /opt/airflow/dags/train_dag.py for tasks to queue
[2025-06-25T15:28:01.113+0000] {logging_mixin.py:188} INFO - [2025-06-25T15:28:01.113+0000] {dagbag.py:545} INFO - Filling up the DagBag from /opt/airflow/dags/train_dag.py
[2025-06-25T15:28:01.127+0000] {logging_mixin.py:188} INFO - [2025-06-25T15:28:01.127+0000] {dagbag.py:337} DEBUG - Importing /opt/airflow/dags/train_dag.py
[2025-06-25T15:28:01.139+0000] {processor.py:842} WARNING - No viable dags retrieved from /opt/airflow/dags/train_dag.py
[2025-06-25T15:28:01.170+0000] {processor.py:183} INFO - Processing /opt/airflow/dags/train_dag.py took 0.074 seconds
[2025-06-25T15:28:31.632+0000] {logging_mixin.py:188} INFO - [2025-06-25T15:28:31.631+0000] {settings.py:250} DEBUG - Setting up DB connection pool (PID 6783)
[2025-06-25T15:28:31.634+0000] {logging_mixin.py:188} INFO - [2025-06-25T15:28:31.634+0000] {settings.py:330} DEBUG - settings.prepare_engine_args(): Using pool settings. pool_size=5, max_overflow=10, pool_recycle=1800, pid=6783
[2025-06-25T15:28:31.646+0000] {processor.py:161} INFO - Started process (PID=6783) to work on /opt/airflow/dags/train_dag.py
[2025-06-25T15:28:31.647+0000] {processor.py:830} INFO - Processing file /opt/airflow/dags/train_dag.py for tasks to queue
[2025-06-25T15:28:31.648+0000] {logging_mixin.py:188} INFO - [2025-06-25T15:28:31.648+0000] {dagbag.py:545} INFO - Filling up the DagBag from /opt/airflow/dags/train_dag.py
[2025-06-25T15:28:31.662+0000] {logging_mixin.py:188} INFO - [2025-06-25T15:28:31.662+0000] {dagbag.py:337} DEBUG - Importing /opt/airflow/dags/train_dag.py
[2025-06-25T15:28:31.670+0000] {processor.py:842} WARNING - No viable dags retrieved from /opt/airflow/dags/train_dag.py
[2025-06-25T15:28:31.694+0000] {processor.py:183} INFO - Processing /opt/airflow/dags/train_dag.py took 0.063 seconds
[2025-06-25T15:29:02.509+0000] {logging_mixin.py:188} INFO - [2025-06-25T15:29:02.507+0000] {settings.py:250} DEBUG - Setting up DB connection pool (PID 6845)
[2025-06-25T15:29:02.511+0000] {logging_mixin.py:188} INFO - [2025-06-25T15:29:02.510+0000] {settings.py:330} DEBUG - settings.prepare_engine_args(): Using pool settings. pool_size=5, max_overflow=10, pool_recycle=1800, pid=6845
[2025-06-25T15:29:02.523+0000] {processor.py:161} INFO - Started process (PID=6845) to work on /opt/airflow/dags/train_dag.py
[2025-06-25T15:29:02.524+0000] {processor.py:830} INFO - Processing file /opt/airflow/dags/train_dag.py for tasks to queue
[2025-06-25T15:29:02.526+0000] {logging_mixin.py:188} INFO - [2025-06-25T15:29:02.525+0000] {dagbag.py:545} INFO - Filling up the DagBag from /opt/airflow/dags/train_dag.py
[2025-06-25T15:29:02.544+0000] {logging_mixin.py:188} INFO - [2025-06-25T15:29:02.544+0000] {dagbag.py:337} DEBUG - Importing /opt/airflow/dags/train_dag.py
[2025-06-25T15:29:02.552+0000] {processor.py:842} WARNING - No viable dags retrieved from /opt/airflow/dags/train_dag.py
[2025-06-25T15:29:02.579+0000] {processor.py:183} INFO - Processing /opt/airflow/dags/train_dag.py took 0.071 seconds
[2025-06-25T15:29:33.408+0000] {logging_mixin.py:188} INFO - [2025-06-25T15:29:33.407+0000] {settings.py:250} DEBUG - Setting up DB connection pool (PID 6907)
[2025-06-25T15:29:33.410+0000] {logging_mixin.py:188} INFO - [2025-06-25T15:29:33.409+0000] {settings.py:330} DEBUG - settings.prepare_engine_args(): Using pool settings. pool_size=5, max_overflow=10, pool_recycle=1800, pid=6907
[2025-06-25T15:29:33.421+0000] {processor.py:161} INFO - Started process (PID=6907) to work on /opt/airflow/dags/train_dag.py
[2025-06-25T15:29:33.423+0000] {processor.py:830} INFO - Processing file /opt/airflow/dags/train_dag.py for tasks to queue
[2025-06-25T15:29:33.426+0000] {logging_mixin.py:188} INFO - [2025-06-25T15:29:33.425+0000] {dagbag.py:545} INFO - Filling up the DagBag from /opt/airflow/dags/train_dag.py
[2025-06-25T15:29:33.448+0000] {logging_mixin.py:188} INFO - [2025-06-25T15:29:33.447+0000] {dagbag.py:337} DEBUG - Importing /opt/airflow/dags/train_dag.py
[2025-06-25T15:29:33.459+0000] {processor.py:842} WARNING - No viable dags retrieved from /opt/airflow/dags/train_dag.py
[2025-06-25T15:29:33.500+0000] {processor.py:183} INFO - Processing /opt/airflow/dags/train_dag.py took 0.093 seconds
[2025-06-25T15:30:03.763+0000] {logging_mixin.py:188} INFO - [2025-06-25T15:30:03.762+0000] {settings.py:250} DEBUG - Setting up DB connection pool (PID 6969)
[2025-06-25T15:30:03.765+0000] {logging_mixin.py:188} INFO - [2025-06-25T15:30:03.765+0000] {settings.py:330} DEBUG - settings.prepare_engine_args(): Using pool settings. pool_size=5, max_overflow=10, pool_recycle=1800, pid=6969
[2025-06-25T15:30:03.778+0000] {processor.py:161} INFO - Started process (PID=6969) to work on /opt/airflow/dags/train_dag.py
[2025-06-25T15:30:03.779+0000] {processor.py:830} INFO - Processing file /opt/airflow/dags/train_dag.py for tasks to queue
[2025-06-25T15:30:03.780+0000] {logging_mixin.py:188} INFO - [2025-06-25T15:30:03.780+0000] {dagbag.py:545} INFO - Filling up the DagBag from /opt/airflow/dags/train_dag.py
[2025-06-25T15:30:03.796+0000] {logging_mixin.py:188} INFO - [2025-06-25T15:30:03.796+0000] {dagbag.py:337} DEBUG - Importing /opt/airflow/dags/train_dag.py
[2025-06-25T15:30:03.805+0000] {processor.py:842} WARNING - No viable dags retrieved from /opt/airflow/dags/train_dag.py
[2025-06-25T15:30:03.829+0000] {processor.py:183} INFO - Processing /opt/airflow/dags/train_dag.py took 0.067 seconds
[2025-06-25T15:30:34.177+0000] {logging_mixin.py:188} INFO - [2025-06-25T15:30:34.176+0000] {settings.py:250} DEBUG - Setting up DB connection pool (PID 7031)
[2025-06-25T15:30:34.179+0000] {logging_mixin.py:188} INFO - [2025-06-25T15:30:34.178+0000] {settings.py:330} DEBUG - settings.prepare_engine_args(): Using pool settings. pool_size=5, max_overflow=10, pool_recycle=1800, pid=7031
[2025-06-25T15:30:34.189+0000] {processor.py:161} INFO - Started process (PID=7031) to work on /opt/airflow/dags/train_dag.py
[2025-06-25T15:30:34.190+0000] {processor.py:830} INFO - Processing file /opt/airflow/dags/train_dag.py for tasks to queue
[2025-06-25T15:30:34.191+0000] {logging_mixin.py:188} INFO - [2025-06-25T15:30:34.191+0000] {dagbag.py:545} INFO - Filling up the DagBag from /opt/airflow/dags/train_dag.py
[2025-06-25T15:30:34.206+0000] {logging_mixin.py:188} INFO - [2025-06-25T15:30:34.206+0000] {dagbag.py:337} DEBUG - Importing /opt/airflow/dags/train_dag.py
[2025-06-25T15:30:34.215+0000] {processor.py:842} WARNING - No viable dags retrieved from /opt/airflow/dags/train_dag.py
[2025-06-25T15:30:34.242+0000] {processor.py:183} INFO - Processing /opt/airflow/dags/train_dag.py took 0.066 seconds
[2025-06-25T15:31:04.609+0000] {logging_mixin.py:188} INFO - [2025-06-25T15:31:04.607+0000] {settings.py:250} DEBUG - Setting up DB connection pool (PID 7093)
[2025-06-25T15:31:04.610+0000] {logging_mixin.py:188} INFO - [2025-06-25T15:31:04.610+0000] {settings.py:330} DEBUG - settings.prepare_engine_args(): Using pool settings. pool_size=5, max_overflow=10, pool_recycle=1800, pid=7093
[2025-06-25T15:31:04.622+0000] {processor.py:161} INFO - Started process (PID=7093) to work on /opt/airflow/dags/train_dag.py
[2025-06-25T15:31:04.623+0000] {processor.py:830} INFO - Processing file /opt/airflow/dags/train_dag.py for tasks to queue
[2025-06-25T15:31:04.625+0000] {logging_mixin.py:188} INFO - [2025-06-25T15:31:04.625+0000] {dagbag.py:545} INFO - Filling up the DagBag from /opt/airflow/dags/train_dag.py
[2025-06-25T15:31:04.640+0000] {logging_mixin.py:188} INFO - [2025-06-25T15:31:04.640+0000] {dagbag.py:337} DEBUG - Importing /opt/airflow/dags/train_dag.py
[2025-06-25T15:31:04.648+0000] {processor.py:842} WARNING - No viable dags retrieved from /opt/airflow/dags/train_dag.py
[2025-06-25T15:31:04.675+0000] {processor.py:183} INFO - Processing /opt/airflow/dags/train_dag.py took 0.067 seconds
[2025-06-25T15:31:34.988+0000] {logging_mixin.py:188} INFO - [2025-06-25T15:31:34.987+0000] {settings.py:250} DEBUG - Setting up DB connection pool (PID 7155)
[2025-06-25T15:31:34.991+0000] {logging_mixin.py:188} INFO - [2025-06-25T15:31:34.990+0000] {settings.py:330} DEBUG - settings.prepare_engine_args(): Using pool settings. pool_size=5, max_overflow=10, pool_recycle=1800, pid=7155
[2025-06-25T15:31:35.004+0000] {processor.py:161} INFO - Started process (PID=7155) to work on /opt/airflow/dags/train_dag.py
[2025-06-25T15:31:35.006+0000] {processor.py:830} INFO - Processing file /opt/airflow/dags/train_dag.py for tasks to queue
[2025-06-25T15:31:35.007+0000] {logging_mixin.py:188} INFO - [2025-06-25T15:31:35.007+0000] {dagbag.py:545} INFO - Filling up the DagBag from /opt/airflow/dags/train_dag.py
[2025-06-25T15:31:35.027+0000] {logging_mixin.py:188} INFO - [2025-06-25T15:31:35.026+0000] {dagbag.py:337} DEBUG - Importing /opt/airflow/dags/train_dag.py
[2025-06-25T15:31:35.038+0000] {processor.py:842} WARNING - No viable dags retrieved from /opt/airflow/dags/train_dag.py
[2025-06-25T15:31:35.067+0000] {processor.py:183} INFO - Processing /opt/airflow/dags/train_dag.py took 0.080 seconds
[2025-06-25T15:32:05.474+0000] {logging_mixin.py:188} INFO - [2025-06-25T15:32:05.473+0000] {settings.py:250} DEBUG - Setting up DB connection pool (PID 7217)
[2025-06-25T15:32:05.476+0000] {logging_mixin.py:188} INFO - [2025-06-25T15:32:05.475+0000] {settings.py:330} DEBUG - settings.prepare_engine_args(): Using pool settings. pool_size=5, max_overflow=10, pool_recycle=1800, pid=7217
[2025-06-25T15:32:05.484+0000] {processor.py:161} INFO - Started process (PID=7217) to work on /opt/airflow/dags/train_dag.py
[2025-06-25T15:32:05.486+0000] {processor.py:830} INFO - Processing file /opt/airflow/dags/train_dag.py for tasks to queue
[2025-06-25T15:32:05.487+0000] {logging_mixin.py:188} INFO - [2025-06-25T15:32:05.487+0000] {dagbag.py:545} INFO - Filling up the DagBag from /opt/airflow/dags/train_dag.py
[2025-06-25T15:32:05.503+0000] {logging_mixin.py:188} INFO - [2025-06-25T15:32:05.503+0000] {dagbag.py:337} DEBUG - Importing /opt/airflow/dags/train_dag.py
[2025-06-25T15:32:05.512+0000] {processor.py:842} WARNING - No viable dags retrieved from /opt/airflow/dags/train_dag.py
[2025-06-25T15:32:05.534+0000] {processor.py:183} INFO - Processing /opt/airflow/dags/train_dag.py took 0.061 seconds
[2025-06-25T15:32:35.756+0000] {logging_mixin.py:188} INFO - [2025-06-25T15:32:35.754+0000] {settings.py:250} DEBUG - Setting up DB connection pool (PID 7278)
[2025-06-25T15:32:35.758+0000] {logging_mixin.py:188} INFO - [2025-06-25T15:32:35.758+0000] {settings.py:330} DEBUG - settings.prepare_engine_args(): Using pool settings. pool_size=5, max_overflow=10, pool_recycle=1800, pid=7278
[2025-06-25T15:32:35.769+0000] {processor.py:161} INFO - Started process (PID=7278) to work on /opt/airflow/dags/train_dag.py
[2025-06-25T15:32:35.771+0000] {processor.py:830} INFO - Processing file /opt/airflow/dags/train_dag.py for tasks to queue
[2025-06-25T15:32:35.772+0000] {logging_mixin.py:188} INFO - [2025-06-25T15:32:35.772+0000] {dagbag.py:545} INFO - Filling up the DagBag from /opt/airflow/dags/train_dag.py
[2025-06-25T15:32:35.788+0000] {logging_mixin.py:188} INFO - [2025-06-25T15:32:35.787+0000] {dagbag.py:337} DEBUG - Importing /opt/airflow/dags/train_dag.py
[2025-06-25T15:32:35.797+0000] {processor.py:842} WARNING - No viable dags retrieved from /opt/airflow/dags/train_dag.py
[2025-06-25T15:32:35.819+0000] {processor.py:183} INFO - Processing /opt/airflow/dags/train_dag.py took 0.065 seconds
[2025-06-25T15:33:06.407+0000] {logging_mixin.py:188} INFO - [2025-06-25T15:33:06.406+0000] {settings.py:250} DEBUG - Setting up DB connection pool (PID 7338)
[2025-06-25T15:33:06.409+0000] {logging_mixin.py:188} INFO - [2025-06-25T15:33:06.409+0000] {settings.py:330} DEBUG - settings.prepare_engine_args(): Using pool settings. pool_size=5, max_overflow=10, pool_recycle=1800, pid=7338
[2025-06-25T15:33:06.419+0000] {processor.py:161} INFO - Started process (PID=7338) to work on /opt/airflow/dags/train_dag.py
[2025-06-25T15:33:06.420+0000] {processor.py:830} INFO - Processing file /opt/airflow/dags/train_dag.py for tasks to queue
[2025-06-25T15:33:06.421+0000] {logging_mixin.py:188} INFO - [2025-06-25T15:33:06.421+0000] {dagbag.py:545} INFO - Filling up the DagBag from /opt/airflow/dags/train_dag.py
[2025-06-25T15:33:06.435+0000] {logging_mixin.py:188} INFO - [2025-06-25T15:33:06.435+0000] {dagbag.py:337} DEBUG - Importing /opt/airflow/dags/train_dag.py
[2025-06-25T15:33:06.443+0000] {processor.py:842} WARNING - No viable dags retrieved from /opt/airflow/dags/train_dag.py
[2025-06-25T15:33:06.484+0000] {processor.py:183} INFO - Processing /opt/airflow/dags/train_dag.py took 0.078 seconds
[2025-06-25T15:33:36.988+0000] {logging_mixin.py:188} INFO - [2025-06-25T15:33:36.986+0000] {settings.py:250} DEBUG - Setting up DB connection pool (PID 7400)
[2025-06-25T15:33:36.990+0000] {logging_mixin.py:188} INFO - [2025-06-25T15:33:36.990+0000] {settings.py:330} DEBUG - settings.prepare_engine_args(): Using pool settings. pool_size=5, max_overflow=10, pool_recycle=1800, pid=7400
[2025-06-25T15:33:37.008+0000] {processor.py:161} INFO - Started process (PID=7400) to work on /opt/airflow/dags/train_dag.py
[2025-06-25T15:33:37.010+0000] {processor.py:830} INFO - Processing file /opt/airflow/dags/train_dag.py for tasks to queue
[2025-06-25T15:33:37.012+0000] {logging_mixin.py:188} INFO - [2025-06-25T15:33:37.011+0000] {dagbag.py:545} INFO - Filling up the DagBag from /opt/airflow/dags/train_dag.py
[2025-06-25T15:33:37.034+0000] {logging_mixin.py:188} INFO - [2025-06-25T15:33:37.034+0000] {dagbag.py:337} DEBUG - Importing /opt/airflow/dags/train_dag.py
[2025-06-25T15:33:37.046+0000] {processor.py:842} WARNING - No viable dags retrieved from /opt/airflow/dags/train_dag.py
[2025-06-25T15:33:37.086+0000] {processor.py:183} INFO - Processing /opt/airflow/dags/train_dag.py took 0.099 seconds
[2025-06-25T15:34:07.337+0000] {logging_mixin.py:188} INFO - [2025-06-25T15:34:07.336+0000] {settings.py:250} DEBUG - Setting up DB connection pool (PID 7462)
[2025-06-25T15:34:07.342+0000] {logging_mixin.py:188} INFO - [2025-06-25T15:34:07.342+0000] {settings.py:330} DEBUG - settings.prepare_engine_args(): Using pool settings. pool_size=5, max_overflow=10, pool_recycle=1800, pid=7462
[2025-06-25T15:34:07.353+0000] {processor.py:161} INFO - Started process (PID=7462) to work on /opt/airflow/dags/train_dag.py
[2025-06-25T15:34:07.354+0000] {processor.py:830} INFO - Processing file /opt/airflow/dags/train_dag.py for tasks to queue
[2025-06-25T15:34:07.355+0000] {logging_mixin.py:188} INFO - [2025-06-25T15:34:07.355+0000] {dagbag.py:545} INFO - Filling up the DagBag from /opt/airflow/dags/train_dag.py
[2025-06-25T15:34:07.369+0000] {logging_mixin.py:188} INFO - [2025-06-25T15:34:07.369+0000] {dagbag.py:337} DEBUG - Importing /opt/airflow/dags/train_dag.py
[2025-06-25T15:34:07.386+0000] {processor.py:842} WARNING - No viable dags retrieved from /opt/airflow/dags/train_dag.py
[2025-06-25T15:34:07.411+0000] {processor.py:183} INFO - Processing /opt/airflow/dags/train_dag.py took 0.075 seconds
[2025-06-25T15:34:37.781+0000] {logging_mixin.py:188} INFO - [2025-06-25T15:34:37.779+0000] {settings.py:250} DEBUG - Setting up DB connection pool (PID 7524)
[2025-06-25T15:34:37.784+0000] {logging_mixin.py:188} INFO - [2025-06-25T15:34:37.784+0000] {settings.py:330} DEBUG - settings.prepare_engine_args(): Using pool settings. pool_size=5, max_overflow=10, pool_recycle=1800, pid=7524
[2025-06-25T15:34:37.799+0000] {processor.py:161} INFO - Started process (PID=7524) to work on /opt/airflow/dags/train_dag.py
[2025-06-25T15:34:37.800+0000] {processor.py:830} INFO - Processing file /opt/airflow/dags/train_dag.py for tasks to queue
[2025-06-25T15:34:37.802+0000] {logging_mixin.py:188} INFO - [2025-06-25T15:34:37.802+0000] {dagbag.py:545} INFO - Filling up the DagBag from /opt/airflow/dags/train_dag.py
[2025-06-25T15:34:37.818+0000] {logging_mixin.py:188} INFO - [2025-06-25T15:34:37.818+0000] {dagbag.py:337} DEBUG - Importing /opt/airflow/dags/train_dag.py
[2025-06-25T15:34:37.826+0000] {processor.py:842} WARNING - No viable dags retrieved from /opt/airflow/dags/train_dag.py
[2025-06-25T15:34:37.851+0000] {processor.py:183} INFO - Processing /opt/airflow/dags/train_dag.py took 0.072 seconds
[2025-06-25T15:35:08.219+0000] {logging_mixin.py:188} INFO - [2025-06-25T15:35:08.218+0000] {settings.py:250} DEBUG - Setting up DB connection pool (PID 7586)
[2025-06-25T15:35:08.221+0000] {logging_mixin.py:188} INFO - [2025-06-25T15:35:08.221+0000] {settings.py:330} DEBUG - settings.prepare_engine_args(): Using pool settings. pool_size=5, max_overflow=10, pool_recycle=1800, pid=7586
[2025-06-25T15:35:08.235+0000] {processor.py:161} INFO - Started process (PID=7586) to work on /opt/airflow/dags/train_dag.py
[2025-06-25T15:35:08.237+0000] {processor.py:830} INFO - Processing file /opt/airflow/dags/train_dag.py for tasks to queue
[2025-06-25T15:35:08.239+0000] {logging_mixin.py:188} INFO - [2025-06-25T15:35:08.239+0000] {dagbag.py:545} INFO - Filling up the DagBag from /opt/airflow/dags/train_dag.py
[2025-06-25T15:35:08.257+0000] {logging_mixin.py:188} INFO - [2025-06-25T15:35:08.257+0000] {dagbag.py:337} DEBUG - Importing /opt/airflow/dags/train_dag.py
[2025-06-25T15:35:08.266+0000] {processor.py:842} WARNING - No viable dags retrieved from /opt/airflow/dags/train_dag.py
[2025-06-25T15:35:08.291+0000] {processor.py:183} INFO - Processing /opt/airflow/dags/train_dag.py took 0.073 seconds
[2025-06-25T15:35:38.940+0000] {logging_mixin.py:188} INFO - [2025-06-25T15:35:38.938+0000] {settings.py:250} DEBUG - Setting up DB connection pool (PID 7648)
[2025-06-25T15:35:38.942+0000] {logging_mixin.py:188} INFO - [2025-06-25T15:35:38.942+0000] {settings.py:330} DEBUG - settings.prepare_engine_args(): Using pool settings. pool_size=5, max_overflow=10, pool_recycle=1800, pid=7648
[2025-06-25T15:35:38.952+0000] {processor.py:161} INFO - Started process (PID=7648) to work on /opt/airflow/dags/train_dag.py
[2025-06-25T15:35:38.953+0000] {processor.py:830} INFO - Processing file /opt/airflow/dags/train_dag.py for tasks to queue
[2025-06-25T15:35:38.954+0000] {logging_mixin.py:188} INFO - [2025-06-25T15:35:38.954+0000] {dagbag.py:545} INFO - Filling up the DagBag from /opt/airflow/dags/train_dag.py
[2025-06-25T15:35:38.972+0000] {logging_mixin.py:188} INFO - [2025-06-25T15:35:38.971+0000] {dagbag.py:337} DEBUG - Importing /opt/airflow/dags/train_dag.py
[2025-06-25T15:35:38.982+0000] {processor.py:842} WARNING - No viable dags retrieved from /opt/airflow/dags/train_dag.py
[2025-06-25T15:35:39.009+0000] {processor.py:183} INFO - Processing /opt/airflow/dags/train_dag.py took 0.070 seconds
[2025-06-25T15:36:09.486+0000] {logging_mixin.py:188} INFO - [2025-06-25T15:36:09.485+0000] {settings.py:250} DEBUG - Setting up DB connection pool (PID 7710)
[2025-06-25T15:36:09.489+0000] {logging_mixin.py:188} INFO - [2025-06-25T15:36:09.488+0000] {settings.py:330} DEBUG - settings.prepare_engine_args(): Using pool settings. pool_size=5, max_overflow=10, pool_recycle=1800, pid=7710
[2025-06-25T15:36:09.502+0000] {processor.py:161} INFO - Started process (PID=7710) to work on /opt/airflow/dags/train_dag.py
[2025-06-25T15:36:09.503+0000] {processor.py:830} INFO - Processing file /opt/airflow/dags/train_dag.py for tasks to queue
[2025-06-25T15:36:09.505+0000] {logging_mixin.py:188} INFO - [2025-06-25T15:36:09.504+0000] {dagbag.py:545} INFO - Filling up the DagBag from /opt/airflow/dags/train_dag.py
[2025-06-25T15:36:09.523+0000] {logging_mixin.py:188} INFO - [2025-06-25T15:36:09.523+0000] {dagbag.py:337} DEBUG - Importing /opt/airflow/dags/train_dag.py
[2025-06-25T15:36:09.533+0000] {processor.py:842} WARNING - No viable dags retrieved from /opt/airflow/dags/train_dag.py
[2025-06-25T15:36:09.560+0000] {processor.py:183} INFO - Processing /opt/airflow/dags/train_dag.py took 0.075 seconds
[2025-06-25T15:36:40.390+0000] {logging_mixin.py:188} INFO - [2025-06-25T15:36:40.388+0000] {settings.py:250} DEBUG - Setting up DB connection pool (PID 7772)
[2025-06-25T15:36:40.393+0000] {logging_mixin.py:188} INFO - [2025-06-25T15:36:40.392+0000] {settings.py:330} DEBUG - settings.prepare_engine_args(): Using pool settings. pool_size=5, max_overflow=10, pool_recycle=1800, pid=7772
[2025-06-25T15:36:40.409+0000] {processor.py:161} INFO - Started process (PID=7772) to work on /opt/airflow/dags/train_dag.py
[2025-06-25T15:36:40.410+0000] {processor.py:830} INFO - Processing file /opt/airflow/dags/train_dag.py for tasks to queue
[2025-06-25T15:36:40.412+0000] {logging_mixin.py:188} INFO - [2025-06-25T15:36:40.412+0000] {dagbag.py:545} INFO - Filling up the DagBag from /opt/airflow/dags/train_dag.py
[2025-06-25T15:36:40.428+0000] {logging_mixin.py:188} INFO - [2025-06-25T15:36:40.428+0000] {dagbag.py:337} DEBUG - Importing /opt/airflow/dags/train_dag.py
[2025-06-25T15:36:40.437+0000] {processor.py:842} WARNING - No viable dags retrieved from /opt/airflow/dags/train_dag.py
[2025-06-25T15:36:40.465+0000] {processor.py:183} INFO - Processing /opt/airflow/dags/train_dag.py took 0.077 seconds
[2025-06-25T15:37:10.858+0000] {logging_mixin.py:188} INFO - [2025-06-25T15:37:10.857+0000] {settings.py:250} DEBUG - Setting up DB connection pool (PID 7832)
[2025-06-25T15:37:10.860+0000] {logging_mixin.py:188} INFO - [2025-06-25T15:37:10.860+0000] {settings.py:330} DEBUG - settings.prepare_engine_args(): Using pool settings. pool_size=5, max_overflow=10, pool_recycle=1800, pid=7832
[2025-06-25T15:37:10.871+0000] {processor.py:161} INFO - Started process (PID=7832) to work on /opt/airflow/dags/train_dag.py
[2025-06-25T15:37:10.872+0000] {processor.py:830} INFO - Processing file /opt/airflow/dags/train_dag.py for tasks to queue
[2025-06-25T15:37:10.874+0000] {logging_mixin.py:188} INFO - [2025-06-25T15:37:10.874+0000] {dagbag.py:545} INFO - Filling up the DagBag from /opt/airflow/dags/train_dag.py
[2025-06-25T15:37:10.892+0000] {logging_mixin.py:188} INFO - [2025-06-25T15:37:10.892+0000] {dagbag.py:337} DEBUG - Importing /opt/airflow/dags/train_dag.py
[2025-06-25T15:37:10.901+0000] {processor.py:842} WARNING - No viable dags retrieved from /opt/airflow/dags/train_dag.py
[2025-06-25T15:37:10.924+0000] {processor.py:183} INFO - Processing /opt/airflow/dags/train_dag.py took 0.068 seconds
[2025-06-25T15:37:41.468+0000] {logging_mixin.py:188} INFO - [2025-06-25T15:37:41.467+0000] {settings.py:250} DEBUG - Setting up DB connection pool (PID 7894)
[2025-06-25T15:37:41.470+0000] {logging_mixin.py:188} INFO - [2025-06-25T15:37:41.470+0000] {settings.py:330} DEBUG - settings.prepare_engine_args(): Using pool settings. pool_size=5, max_overflow=10, pool_recycle=1800, pid=7894
[2025-06-25T15:37:41.480+0000] {processor.py:161} INFO - Started process (PID=7894) to work on /opt/airflow/dags/train_dag.py
[2025-06-25T15:37:41.481+0000] {processor.py:830} INFO - Processing file /opt/airflow/dags/train_dag.py for tasks to queue
[2025-06-25T15:37:41.482+0000] {logging_mixin.py:188} INFO - [2025-06-25T15:37:41.482+0000] {dagbag.py:545} INFO - Filling up the DagBag from /opt/airflow/dags/train_dag.py
[2025-06-25T15:37:41.498+0000] {logging_mixin.py:188} INFO - [2025-06-25T15:37:41.498+0000] {dagbag.py:337} DEBUG - Importing /opt/airflow/dags/train_dag.py
[2025-06-25T15:37:41.507+0000] {processor.py:842} WARNING - No viable dags retrieved from /opt/airflow/dags/train_dag.py
[2025-06-25T15:37:41.538+0000] {processor.py:183} INFO - Processing /opt/airflow/dags/train_dag.py took 0.071 seconds
[2025-06-25T15:38:11.799+0000] {logging_mixin.py:188} INFO - [2025-06-25T15:38:11.797+0000] {settings.py:250} DEBUG - Setting up DB connection pool (PID 7957)
[2025-06-25T15:38:11.801+0000] {logging_mixin.py:188} INFO - [2025-06-25T15:38:11.801+0000] {settings.py:330} DEBUG - settings.prepare_engine_args(): Using pool settings. pool_size=5, max_overflow=10, pool_recycle=1800, pid=7957
[2025-06-25T15:38:11.814+0000] {processor.py:161} INFO - Started process (PID=7957) to work on /opt/airflow/dags/train_dag.py
[2025-06-25T15:38:11.815+0000] {processor.py:830} INFO - Processing file /opt/airflow/dags/train_dag.py for tasks to queue
[2025-06-25T15:38:11.817+0000] {logging_mixin.py:188} INFO - [2025-06-25T15:38:11.816+0000] {dagbag.py:545} INFO - Filling up the DagBag from /opt/airflow/dags/train_dag.py
[2025-06-25T15:38:11.834+0000] {logging_mixin.py:188} INFO - [2025-06-25T15:38:11.834+0000] {dagbag.py:337} DEBUG - Importing /opt/airflow/dags/train_dag.py
[2025-06-25T15:38:11.845+0000] {processor.py:842} WARNING - No viable dags retrieved from /opt/airflow/dags/train_dag.py
[2025-06-25T15:38:11.878+0000] {processor.py:183} INFO - Processing /opt/airflow/dags/train_dag.py took 0.080 seconds
[2025-06-25T15:38:42.088+0000] {logging_mixin.py:188} INFO - [2025-06-25T15:38:42.086+0000] {settings.py:250} DEBUG - Setting up DB connection pool (PID 8019)
[2025-06-25T15:38:42.090+0000] {logging_mixin.py:188} INFO - [2025-06-25T15:38:42.090+0000] {settings.py:330} DEBUG - settings.prepare_engine_args(): Using pool settings. pool_size=5, max_overflow=10, pool_recycle=1800, pid=8019
[2025-06-25T15:38:42.102+0000] {processor.py:161} INFO - Started process (PID=8019) to work on /opt/airflow/dags/train_dag.py
[2025-06-25T15:38:42.104+0000] {processor.py:830} INFO - Processing file /opt/airflow/dags/train_dag.py for tasks to queue
[2025-06-25T15:38:42.105+0000] {logging_mixin.py:188} INFO - [2025-06-25T15:38:42.105+0000] {dagbag.py:545} INFO - Filling up the DagBag from /opt/airflow/dags/train_dag.py
[2025-06-25T15:38:42.121+0000] {logging_mixin.py:188} INFO - [2025-06-25T15:38:42.121+0000] {dagbag.py:337} DEBUG - Importing /opt/airflow/dags/train_dag.py
[2025-06-25T15:38:42.130+0000] {processor.py:842} WARNING - No viable dags retrieved from /opt/airflow/dags/train_dag.py
[2025-06-25T15:38:42.155+0000] {processor.py:183} INFO - Processing /opt/airflow/dags/train_dag.py took 0.070 seconds
[2025-06-25T15:39:12.409+0000] {logging_mixin.py:188} INFO - [2025-06-25T15:39:12.407+0000] {settings.py:250} DEBUG - Setting up DB connection pool (PID 8081)
[2025-06-25T15:39:12.411+0000] {logging_mixin.py:188} INFO - [2025-06-25T15:39:12.410+0000] {settings.py:330} DEBUG - settings.prepare_engine_args(): Using pool settings. pool_size=5, max_overflow=10, pool_recycle=1800, pid=8081
[2025-06-25T15:39:12.423+0000] {processor.py:161} INFO - Started process (PID=8081) to work on /opt/airflow/dags/train_dag.py
[2025-06-25T15:39:12.424+0000] {processor.py:830} INFO - Processing file /opt/airflow/dags/train_dag.py for tasks to queue
[2025-06-25T15:39:12.425+0000] {logging_mixin.py:188} INFO - [2025-06-25T15:39:12.425+0000] {dagbag.py:545} INFO - Filling up the DagBag from /opt/airflow/dags/train_dag.py
[2025-06-25T15:39:12.440+0000] {logging_mixin.py:188} INFO - [2025-06-25T15:39:12.440+0000] {dagbag.py:337} DEBUG - Importing /opt/airflow/dags/train_dag.py
[2025-06-25T15:39:12.449+0000] {processor.py:842} WARNING - No viable dags retrieved from /opt/airflow/dags/train_dag.py
[2025-06-25T15:39:12.476+0000] {processor.py:183} INFO - Processing /opt/airflow/dags/train_dag.py took 0.069 seconds
[2025-06-25T15:39:43.186+0000] {logging_mixin.py:188} INFO - [2025-06-25T15:39:43.185+0000] {settings.py:250} DEBUG - Setting up DB connection pool (PID 8143)
[2025-06-25T15:39:43.189+0000] {logging_mixin.py:188} INFO - [2025-06-25T15:39:43.189+0000] {settings.py:330} DEBUG - settings.prepare_engine_args(): Using pool settings. pool_size=5, max_overflow=10, pool_recycle=1800, pid=8143
[2025-06-25T15:39:43.203+0000] {processor.py:161} INFO - Started process (PID=8143) to work on /opt/airflow/dags/train_dag.py
[2025-06-25T15:39:43.204+0000] {processor.py:830} INFO - Processing file /opt/airflow/dags/train_dag.py for tasks to queue
[2025-06-25T15:39:43.205+0000] {logging_mixin.py:188} INFO - [2025-06-25T15:39:43.205+0000] {dagbag.py:545} INFO - Filling up the DagBag from /opt/airflow/dags/train_dag.py
[2025-06-25T15:39:43.220+0000] {logging_mixin.py:188} INFO - [2025-06-25T15:39:43.219+0000] {dagbag.py:337} DEBUG - Importing /opt/airflow/dags/train_dag.py
[2025-06-25T15:39:43.229+0000] {processor.py:842} WARNING - No viable dags retrieved from /opt/airflow/dags/train_dag.py
[2025-06-25T15:39:43.253+0000] {processor.py:183} INFO - Processing /opt/airflow/dags/train_dag.py took 0.069 seconds
[2025-06-25T15:40:13.796+0000] {logging_mixin.py:188} INFO - [2025-06-25T15:40:13.795+0000] {settings.py:250} DEBUG - Setting up DB connection pool (PID 8205)
[2025-06-25T15:40:13.798+0000] {logging_mixin.py:188} INFO - [2025-06-25T15:40:13.798+0000] {settings.py:330} DEBUG - settings.prepare_engine_args(): Using pool settings. pool_size=5, max_overflow=10, pool_recycle=1800, pid=8205
[2025-06-25T15:40:13.808+0000] {processor.py:161} INFO - Started process (PID=8205) to work on /opt/airflow/dags/train_dag.py
[2025-06-25T15:40:13.809+0000] {processor.py:830} INFO - Processing file /opt/airflow/dags/train_dag.py for tasks to queue
[2025-06-25T15:40:13.811+0000] {logging_mixin.py:188} INFO - [2025-06-25T15:40:13.810+0000] {dagbag.py:545} INFO - Filling up the DagBag from /opt/airflow/dags/train_dag.py
[2025-06-25T15:40:13.828+0000] {logging_mixin.py:188} INFO - [2025-06-25T15:40:13.828+0000] {dagbag.py:337} DEBUG - Importing /opt/airflow/dags/train_dag.py
[2025-06-25T15:40:13.841+0000] {processor.py:842} WARNING - No viable dags retrieved from /opt/airflow/dags/train_dag.py
[2025-06-25T15:40:13.871+0000] {processor.py:183} INFO - Processing /opt/airflow/dags/train_dag.py took 0.076 seconds
[2025-06-25T15:40:44.418+0000] {logging_mixin.py:188} INFO - [2025-06-25T15:40:44.417+0000] {settings.py:250} DEBUG - Setting up DB connection pool (PID 8267)
[2025-06-25T15:40:44.420+0000] {logging_mixin.py:188} INFO - [2025-06-25T15:40:44.420+0000] {settings.py:330} DEBUG - settings.prepare_engine_args(): Using pool settings. pool_size=5, max_overflow=10, pool_recycle=1800, pid=8267
[2025-06-25T15:40:44.434+0000] {processor.py:161} INFO - Started process (PID=8267) to work on /opt/airflow/dags/train_dag.py
[2025-06-25T15:40:44.435+0000] {processor.py:830} INFO - Processing file /opt/airflow/dags/train_dag.py for tasks to queue
[2025-06-25T15:40:44.437+0000] {logging_mixin.py:188} INFO - [2025-06-25T15:40:44.437+0000] {dagbag.py:545} INFO - Filling up the DagBag from /opt/airflow/dags/train_dag.py
[2025-06-25T15:40:44.456+0000] {logging_mixin.py:188} INFO - [2025-06-25T15:40:44.455+0000] {dagbag.py:337} DEBUG - Importing /opt/airflow/dags/train_dag.py
[2025-06-25T15:40:44.467+0000] {processor.py:842} WARNING - No viable dags retrieved from /opt/airflow/dags/train_dag.py
[2025-06-25T15:40:44.497+0000] {processor.py:183} INFO - Processing /opt/airflow/dags/train_dag.py took 0.080 seconds
[2025-06-25T15:41:14.708+0000] {logging_mixin.py:188} INFO - [2025-06-25T15:41:14.707+0000] {settings.py:250} DEBUG - Setting up DB connection pool (PID 8329)
[2025-06-25T15:41:14.710+0000] {logging_mixin.py:188} INFO - [2025-06-25T15:41:14.710+0000] {settings.py:330} DEBUG - settings.prepare_engine_args(): Using pool settings. pool_size=5, max_overflow=10, pool_recycle=1800, pid=8329
[2025-06-25T15:41:14.719+0000] {processor.py:161} INFO - Started process (PID=8329) to work on /opt/airflow/dags/train_dag.py
[2025-06-25T15:41:14.720+0000] {processor.py:830} INFO - Processing file /opt/airflow/dags/train_dag.py for tasks to queue
[2025-06-25T15:41:14.721+0000] {logging_mixin.py:188} INFO - [2025-06-25T15:41:14.721+0000] {dagbag.py:545} INFO - Filling up the DagBag from /opt/airflow/dags/train_dag.py
[2025-06-25T15:41:14.737+0000] {logging_mixin.py:188} INFO - [2025-06-25T15:41:14.736+0000] {dagbag.py:337} DEBUG - Importing /opt/airflow/dags/train_dag.py
[2025-06-25T15:41:14.744+0000] {processor.py:842} WARNING - No viable dags retrieved from /opt/airflow/dags/train_dag.py
[2025-06-25T15:41:14.766+0000] {processor.py:183} INFO - Processing /opt/airflow/dags/train_dag.py took 0.060 seconds
[2025-06-25T15:41:44.936+0000] {logging_mixin.py:188} INFO - [2025-06-25T15:41:44.934+0000] {settings.py:250} DEBUG - Setting up DB connection pool (PID 8388)
[2025-06-25T15:41:44.937+0000] {logging_mixin.py:188} INFO - [2025-06-25T15:41:44.937+0000] {settings.py:330} DEBUG - settings.prepare_engine_args(): Using pool settings. pool_size=5, max_overflow=10, pool_recycle=1800, pid=8388
[2025-06-25T15:41:44.947+0000] {processor.py:161} INFO - Started process (PID=8388) to work on /opt/airflow/dags/train_dag.py
[2025-06-25T15:41:44.948+0000] {processor.py:830} INFO - Processing file /opt/airflow/dags/train_dag.py for tasks to queue
[2025-06-25T15:41:44.950+0000] {logging_mixin.py:188} INFO - [2025-06-25T15:41:44.949+0000] {dagbag.py:545} INFO - Filling up the DagBag from /opt/airflow/dags/train_dag.py
[2025-06-25T15:41:44.965+0000] {logging_mixin.py:188} INFO - [2025-06-25T15:41:44.965+0000] {dagbag.py:337} DEBUG - Importing /opt/airflow/dags/train_dag.py
[2025-06-25T15:41:44.974+0000] {processor.py:842} WARNING - No viable dags retrieved from /opt/airflow/dags/train_dag.py
[2025-06-25T15:41:45.000+0000] {processor.py:183} INFO - Processing /opt/airflow/dags/train_dag.py took 0.065 seconds
[2025-06-25T15:42:15.409+0000] {logging_mixin.py:188} INFO - [2025-06-25T15:42:15.407+0000] {settings.py:250} DEBUG - Setting up DB connection pool (PID 8450)
[2025-06-25T15:42:15.415+0000] {logging_mixin.py:188} INFO - [2025-06-25T15:42:15.414+0000] {settings.py:330} DEBUG - settings.prepare_engine_args(): Using pool settings. pool_size=5, max_overflow=10, pool_recycle=1800, pid=8450
[2025-06-25T15:42:15.426+0000] {processor.py:161} INFO - Started process (PID=8450) to work on /opt/airflow/dags/train_dag.py
[2025-06-25T15:42:15.427+0000] {processor.py:830} INFO - Processing file /opt/airflow/dags/train_dag.py for tasks to queue
[2025-06-25T15:42:15.429+0000] {logging_mixin.py:188} INFO - [2025-06-25T15:42:15.428+0000] {dagbag.py:545} INFO - Filling up the DagBag from /opt/airflow/dags/train_dag.py
[2025-06-25T15:42:15.444+0000] {logging_mixin.py:188} INFO - [2025-06-25T15:42:15.444+0000] {dagbag.py:337} DEBUG - Importing /opt/airflow/dags/train_dag.py
[2025-06-25T15:42:15.453+0000] {processor.py:842} WARNING - No viable dags retrieved from /opt/airflow/dags/train_dag.py
[2025-06-25T15:42:15.478+0000] {processor.py:183} INFO - Processing /opt/airflow/dags/train_dag.py took 0.070 seconds
[2025-06-25T15:42:45.776+0000] {logging_mixin.py:188} INFO - [2025-06-25T15:42:45.775+0000] {settings.py:250} DEBUG - Setting up DB connection pool (PID 8508)
[2025-06-25T15:42:45.778+0000] {logging_mixin.py:188} INFO - [2025-06-25T15:42:45.778+0000] {settings.py:330} DEBUG - settings.prepare_engine_args(): Using pool settings. pool_size=5, max_overflow=10, pool_recycle=1800, pid=8508
[2025-06-25T15:42:45.787+0000] {processor.py:161} INFO - Started process (PID=8508) to work on /opt/airflow/dags/train_dag.py
[2025-06-25T15:42:45.788+0000] {processor.py:830} INFO - Processing file /opt/airflow/dags/train_dag.py for tasks to queue
[2025-06-25T15:42:45.789+0000] {logging_mixin.py:188} INFO - [2025-06-25T15:42:45.789+0000] {dagbag.py:545} INFO - Filling up the DagBag from /opt/airflow/dags/train_dag.py
[2025-06-25T15:42:45.804+0000] {logging_mixin.py:188} INFO - [2025-06-25T15:42:45.804+0000] {dagbag.py:337} DEBUG - Importing /opt/airflow/dags/train_dag.py
[2025-06-25T15:42:45.812+0000] {processor.py:842} WARNING - No viable dags retrieved from /opt/airflow/dags/train_dag.py
[2025-06-25T15:42:45.834+0000] {processor.py:183} INFO - Processing /opt/airflow/dags/train_dag.py took 0.059 seconds
[2025-06-25T15:43:16.668+0000] {logging_mixin.py:188} INFO - [2025-06-25T15:43:16.666+0000] {settings.py:250} DEBUG - Setting up DB connection pool (PID 8570)
[2025-06-25T15:43:16.670+0000] {logging_mixin.py:188} INFO - [2025-06-25T15:43:16.670+0000] {settings.py:330} DEBUG - settings.prepare_engine_args(): Using pool settings. pool_size=5, max_overflow=10, pool_recycle=1800, pid=8570
[2025-06-25T15:43:16.682+0000] {processor.py:161} INFO - Started process (PID=8570) to work on /opt/airflow/dags/train_dag.py
[2025-06-25T15:43:16.684+0000] {processor.py:830} INFO - Processing file /opt/airflow/dags/train_dag.py for tasks to queue
[2025-06-25T15:43:16.685+0000] {logging_mixin.py:188} INFO - [2025-06-25T15:43:16.685+0000] {dagbag.py:545} INFO - Filling up the DagBag from /opt/airflow/dags/train_dag.py
[2025-06-25T15:43:16.702+0000] {logging_mixin.py:188} INFO - [2025-06-25T15:43:16.701+0000] {dagbag.py:337} DEBUG - Importing /opt/airflow/dags/train_dag.py
[2025-06-25T15:43:16.710+0000] {processor.py:842} WARNING - No viable dags retrieved from /opt/airflow/dags/train_dag.py
[2025-06-25T15:43:16.735+0000] {processor.py:183} INFO - Processing /opt/airflow/dags/train_dag.py took 0.069 seconds
[2025-06-25T15:43:47.349+0000] {logging_mixin.py:188} INFO - [2025-06-25T15:43:47.348+0000] {settings.py:250} DEBUG - Setting up DB connection pool (PID 8632)
[2025-06-25T15:43:47.351+0000] {logging_mixin.py:188} INFO - [2025-06-25T15:43:47.351+0000] {settings.py:330} DEBUG - settings.prepare_engine_args(): Using pool settings. pool_size=5, max_overflow=10, pool_recycle=1800, pid=8632
[2025-06-25T15:43:47.363+0000] {processor.py:161} INFO - Started process (PID=8632) to work on /opt/airflow/dags/train_dag.py
[2025-06-25T15:43:47.364+0000] {processor.py:830} INFO - Processing file /opt/airflow/dags/train_dag.py for tasks to queue
[2025-06-25T15:43:47.366+0000] {logging_mixin.py:188} INFO - [2025-06-25T15:43:47.365+0000] {dagbag.py:545} INFO - Filling up the DagBag from /opt/airflow/dags/train_dag.py
[2025-06-25T15:43:47.380+0000] {logging_mixin.py:188} INFO - [2025-06-25T15:43:47.380+0000] {dagbag.py:337} DEBUG - Importing /opt/airflow/dags/train_dag.py
[2025-06-25T15:43:47.389+0000] {processor.py:842} WARNING - No viable dags retrieved from /opt/airflow/dags/train_dag.py
[2025-06-25T15:43:47.414+0000] {processor.py:183} INFO - Processing /opt/airflow/dags/train_dag.py took 0.066 seconds
[2025-06-25T15:44:17.923+0000] {logging_mixin.py:188} INFO - [2025-06-25T15:44:17.921+0000] {settings.py:250} DEBUG - Setting up DB connection pool (PID 8694)
[2025-06-25T15:44:17.925+0000] {logging_mixin.py:188} INFO - [2025-06-25T15:44:17.925+0000] {settings.py:330} DEBUG - settings.prepare_engine_args(): Using pool settings. pool_size=5, max_overflow=10, pool_recycle=1800, pid=8694
[2025-06-25T15:44:17.939+0000] {processor.py:161} INFO - Started process (PID=8694) to work on /opt/airflow/dags/train_dag.py
[2025-06-25T15:44:17.940+0000] {processor.py:830} INFO - Processing file /opt/airflow/dags/train_dag.py for tasks to queue
[2025-06-25T15:44:17.942+0000] {logging_mixin.py:188} INFO - [2025-06-25T15:44:17.942+0000] {dagbag.py:545} INFO - Filling up the DagBag from /opt/airflow/dags/train_dag.py
[2025-06-25T15:44:17.960+0000] {logging_mixin.py:188} INFO - [2025-06-25T15:44:17.960+0000] {dagbag.py:337} DEBUG - Importing /opt/airflow/dags/train_dag.py
[2025-06-25T15:44:17.973+0000] {processor.py:842} WARNING - No viable dags retrieved from /opt/airflow/dags/train_dag.py
[2025-06-25T15:44:18.004+0000] {processor.py:183} INFO - Processing /opt/airflow/dags/train_dag.py took 0.083 seconds
[2025-06-25T15:44:48.620+0000] {logging_mixin.py:188} INFO - [2025-06-25T15:44:48.618+0000] {settings.py:250} DEBUG - Setting up DB connection pool (PID 8756)
[2025-06-25T15:44:48.622+0000] {logging_mixin.py:188} INFO - [2025-06-25T15:44:48.622+0000] {settings.py:330} DEBUG - settings.prepare_engine_args(): Using pool settings. pool_size=5, max_overflow=10, pool_recycle=1800, pid=8756
[2025-06-25T15:44:48.635+0000] {processor.py:161} INFO - Started process (PID=8756) to work on /opt/airflow/dags/train_dag.py
[2025-06-25T15:44:48.636+0000] {processor.py:830} INFO - Processing file /opt/airflow/dags/train_dag.py for tasks to queue
[2025-06-25T15:44:48.638+0000] {logging_mixin.py:188} INFO - [2025-06-25T15:44:48.638+0000] {dagbag.py:545} INFO - Filling up the DagBag from /opt/airflow/dags/train_dag.py
[2025-06-25T15:44:48.659+0000] {logging_mixin.py:188} INFO - [2025-06-25T15:44:48.658+0000] {dagbag.py:337} DEBUG - Importing /opt/airflow/dags/train_dag.py
[2025-06-25T15:44:48.671+0000] {processor.py:842} WARNING - No viable dags retrieved from /opt/airflow/dags/train_dag.py
[2025-06-25T15:44:48.700+0000] {processor.py:183} INFO - Processing /opt/airflow/dags/train_dag.py took 0.082 seconds
[2025-06-25T15:45:19.485+0000] {logging_mixin.py:188} INFO - [2025-06-25T15:45:19.484+0000] {settings.py:250} DEBUG - Setting up DB connection pool (PID 8818)
[2025-06-25T15:45:19.487+0000] {logging_mixin.py:188} INFO - [2025-06-25T15:45:19.487+0000] {settings.py:330} DEBUG - settings.prepare_engine_args(): Using pool settings. pool_size=5, max_overflow=10, pool_recycle=1800, pid=8818
[2025-06-25T15:45:19.496+0000] {processor.py:161} INFO - Started process (PID=8818) to work on /opt/airflow/dags/train_dag.py
[2025-06-25T15:45:19.497+0000] {processor.py:830} INFO - Processing file /opt/airflow/dags/train_dag.py for tasks to queue
[2025-06-25T15:45:19.498+0000] {logging_mixin.py:188} INFO - [2025-06-25T15:45:19.498+0000] {dagbag.py:545} INFO - Filling up the DagBag from /opt/airflow/dags/train_dag.py
[2025-06-25T15:45:19.513+0000] {logging_mixin.py:188} INFO - [2025-06-25T15:45:19.513+0000] {dagbag.py:337} DEBUG - Importing /opt/airflow/dags/train_dag.py
[2025-06-25T15:45:19.522+0000] {processor.py:842} WARNING - No viable dags retrieved from /opt/airflow/dags/train_dag.py
[2025-06-25T15:45:19.546+0000] {processor.py:183} INFO - Processing /opt/airflow/dags/train_dag.py took 0.062 seconds
[2025-06-25T15:45:49.874+0000] {logging_mixin.py:188} INFO - [2025-06-25T15:45:49.872+0000] {settings.py:250} DEBUG - Setting up DB connection pool (PID 8880)
[2025-06-25T15:45:49.875+0000] {logging_mixin.py:188} INFO - [2025-06-25T15:45:49.875+0000] {settings.py:330} DEBUG - settings.prepare_engine_args(): Using pool settings. pool_size=5, max_overflow=10, pool_recycle=1800, pid=8880
[2025-06-25T15:45:49.887+0000] {processor.py:161} INFO - Started process (PID=8880) to work on /opt/airflow/dags/train_dag.py
[2025-06-25T15:45:49.888+0000] {processor.py:830} INFO - Processing file /opt/airflow/dags/train_dag.py for tasks to queue
[2025-06-25T15:45:49.890+0000] {logging_mixin.py:188} INFO - [2025-06-25T15:45:49.890+0000] {dagbag.py:545} INFO - Filling up the DagBag from /opt/airflow/dags/train_dag.py
[2025-06-25T15:45:49.905+0000] {logging_mixin.py:188} INFO - [2025-06-25T15:45:49.904+0000] {dagbag.py:337} DEBUG - Importing /opt/airflow/dags/train_dag.py
[2025-06-25T15:45:49.913+0000] {processor.py:842} WARNING - No viable dags retrieved from /opt/airflow/dags/train_dag.py
[2025-06-25T15:45:49.938+0000] {processor.py:183} INFO - Processing /opt/airflow/dags/train_dag.py took 0.066 seconds
[2025-06-25T15:46:20.400+0000] {logging_mixin.py:188} INFO - [2025-06-25T15:46:20.398+0000] {settings.py:250} DEBUG - Setting up DB connection pool (PID 8942)
[2025-06-25T15:46:20.402+0000] {logging_mixin.py:188} INFO - [2025-06-25T15:46:20.401+0000] {settings.py:330} DEBUG - settings.prepare_engine_args(): Using pool settings. pool_size=5, max_overflow=10, pool_recycle=1800, pid=8942
[2025-06-25T15:46:20.417+0000] {processor.py:161} INFO - Started process (PID=8942) to work on /opt/airflow/dags/train_dag.py
[2025-06-25T15:46:20.419+0000] {processor.py:830} INFO - Processing file /opt/airflow/dags/train_dag.py for tasks to queue
[2025-06-25T15:46:20.421+0000] {logging_mixin.py:188} INFO - [2025-06-25T15:46:20.421+0000] {dagbag.py:545} INFO - Filling up the DagBag from /opt/airflow/dags/train_dag.py
[2025-06-25T15:46:20.438+0000] {logging_mixin.py:188} INFO - [2025-06-25T15:46:20.438+0000] {dagbag.py:337} DEBUG - Importing /opt/airflow/dags/train_dag.py
[2025-06-25T15:46:20.449+0000] {processor.py:842} WARNING - No viable dags retrieved from /opt/airflow/dags/train_dag.py
[2025-06-25T15:46:20.495+0000] {processor.py:183} INFO - Processing /opt/airflow/dags/train_dag.py took 0.097 seconds
[2025-06-25T15:46:51.083+0000] {logging_mixin.py:188} INFO - [2025-06-25T15:46:51.082+0000] {settings.py:250} DEBUG - Setting up DB connection pool (PID 9002)
[2025-06-25T15:46:51.085+0000] {logging_mixin.py:188} INFO - [2025-06-25T15:46:51.085+0000] {settings.py:330} DEBUG - settings.prepare_engine_args(): Using pool settings. pool_size=5, max_overflow=10, pool_recycle=1800, pid=9002
[2025-06-25T15:46:51.095+0000] {processor.py:161} INFO - Started process (PID=9002) to work on /opt/airflow/dags/train_dag.py
[2025-06-25T15:46:51.097+0000] {processor.py:830} INFO - Processing file /opt/airflow/dags/train_dag.py for tasks to queue
[2025-06-25T15:46:51.098+0000] {logging_mixin.py:188} INFO - [2025-06-25T15:46:51.098+0000] {dagbag.py:545} INFO - Filling up the DagBag from /opt/airflow/dags/train_dag.py
[2025-06-25T15:46:51.118+0000] {logging_mixin.py:188} INFO - [2025-06-25T15:46:51.117+0000] {dagbag.py:337} DEBUG - Importing /opt/airflow/dags/train_dag.py
[2025-06-25T15:46:51.128+0000] {processor.py:842} WARNING - No viable dags retrieved from /opt/airflow/dags/train_dag.py
[2025-06-25T15:46:51.155+0000] {processor.py:183} INFO - Processing /opt/airflow/dags/train_dag.py took 0.073 seconds
[2025-06-25T15:47:21.397+0000] {logging_mixin.py:188} INFO - [2025-06-25T15:47:21.396+0000] {settings.py:250} DEBUG - Setting up DB connection pool (PID 9064)
[2025-06-25T15:47:21.399+0000] {logging_mixin.py:188} INFO - [2025-06-25T15:47:21.398+0000] {settings.py:330} DEBUG - settings.prepare_engine_args(): Using pool settings. pool_size=5, max_overflow=10, pool_recycle=1800, pid=9064
[2025-06-25T15:47:21.408+0000] {processor.py:161} INFO - Started process (PID=9064) to work on /opt/airflow/dags/train_dag.py
[2025-06-25T15:47:21.409+0000] {processor.py:830} INFO - Processing file /opt/airflow/dags/train_dag.py for tasks to queue
[2025-06-25T15:47:21.411+0000] {logging_mixin.py:188} INFO - [2025-06-25T15:47:21.411+0000] {dagbag.py:545} INFO - Filling up the DagBag from /opt/airflow/dags/train_dag.py
[2025-06-25T15:47:21.428+0000] {logging_mixin.py:188} INFO - [2025-06-25T15:47:21.427+0000] {dagbag.py:337} DEBUG - Importing /opt/airflow/dags/train_dag.py
[2025-06-25T15:47:21.436+0000] {processor.py:842} WARNING - No viable dags retrieved from /opt/airflow/dags/train_dag.py
[2025-06-25T15:47:21.460+0000] {processor.py:183} INFO - Processing /opt/airflow/dags/train_dag.py took 0.065 seconds
[2025-06-25T15:47:51.768+0000] {logging_mixin.py:188} INFO - [2025-06-25T15:47:51.767+0000] {settings.py:250} DEBUG - Setting up DB connection pool (PID 9126)
[2025-06-25T15:47:51.770+0000] {logging_mixin.py:188} INFO - [2025-06-25T15:47:51.770+0000] {settings.py:330} DEBUG - settings.prepare_engine_args(): Using pool settings. pool_size=5, max_overflow=10, pool_recycle=1800, pid=9126
[2025-06-25T15:47:51.781+0000] {processor.py:161} INFO - Started process (PID=9126) to work on /opt/airflow/dags/train_dag.py
[2025-06-25T15:47:51.782+0000] {processor.py:830} INFO - Processing file /opt/airflow/dags/train_dag.py for tasks to queue
[2025-06-25T15:47:51.784+0000] {logging_mixin.py:188} INFO - [2025-06-25T15:47:51.783+0000] {dagbag.py:545} INFO - Filling up the DagBag from /opt/airflow/dags/train_dag.py
[2025-06-25T15:47:51.798+0000] {logging_mixin.py:188} INFO - [2025-06-25T15:47:51.797+0000] {dagbag.py:337} DEBUG - Importing /opt/airflow/dags/train_dag.py
[2025-06-25T15:47:51.806+0000] {processor.py:842} WARNING - No viable dags retrieved from /opt/airflow/dags/train_dag.py
[2025-06-25T15:47:51.829+0000] {processor.py:183} INFO - Processing /opt/airflow/dags/train_dag.py took 0.062 seconds
[2025-06-25T15:48:22.157+0000] {logging_mixin.py:188} INFO - [2025-06-25T15:48:22.156+0000] {settings.py:250} DEBUG - Setting up DB connection pool (PID 9188)
[2025-06-25T15:48:22.159+0000] {logging_mixin.py:188} INFO - [2025-06-25T15:48:22.158+0000] {settings.py:330} DEBUG - settings.prepare_engine_args(): Using pool settings. pool_size=5, max_overflow=10, pool_recycle=1800, pid=9188
[2025-06-25T15:48:22.169+0000] {processor.py:161} INFO - Started process (PID=9188) to work on /opt/airflow/dags/train_dag.py
[2025-06-25T15:48:22.170+0000] {processor.py:830} INFO - Processing file /opt/airflow/dags/train_dag.py for tasks to queue
[2025-06-25T15:48:22.171+0000] {logging_mixin.py:188} INFO - [2025-06-25T15:48:22.170+0000] {dagbag.py:545} INFO - Filling up the DagBag from /opt/airflow/dags/train_dag.py
[2025-06-25T15:48:22.185+0000] {logging_mixin.py:188} INFO - [2025-06-25T15:48:22.184+0000] {dagbag.py:337} DEBUG - Importing /opt/airflow/dags/train_dag.py
[2025-06-25T15:48:22.194+0000] {processor.py:842} WARNING - No viable dags retrieved from /opt/airflow/dags/train_dag.py
[2025-06-25T15:48:22.216+0000] {processor.py:183} INFO - Processing /opt/airflow/dags/train_dag.py took 0.061 seconds
[2025-06-25T15:48:52.946+0000] {logging_mixin.py:188} INFO - [2025-06-25T15:48:52.944+0000] {settings.py:250} DEBUG - Setting up DB connection pool (PID 9250)
[2025-06-25T15:48:52.948+0000] {logging_mixin.py:188} INFO - [2025-06-25T15:48:52.947+0000] {settings.py:330} DEBUG - settings.prepare_engine_args(): Using pool settings. pool_size=5, max_overflow=10, pool_recycle=1800, pid=9250
[2025-06-25T15:48:52.958+0000] {processor.py:161} INFO - Started process (PID=9250) to work on /opt/airflow/dags/train_dag.py
[2025-06-25T15:48:52.959+0000] {processor.py:830} INFO - Processing file /opt/airflow/dags/train_dag.py for tasks to queue
[2025-06-25T15:48:52.960+0000] {logging_mixin.py:188} INFO - [2025-06-25T15:48:52.960+0000] {dagbag.py:545} INFO - Filling up the DagBag from /opt/airflow/dags/train_dag.py
[2025-06-25T15:48:52.974+0000] {logging_mixin.py:188} INFO - [2025-06-25T15:48:52.974+0000] {dagbag.py:337} DEBUG - Importing /opt/airflow/dags/train_dag.py
[2025-06-25T15:48:52.983+0000] {processor.py:842} WARNING - No viable dags retrieved from /opt/airflow/dags/train_dag.py
[2025-06-25T15:48:53.013+0000] {processor.py:183} INFO - Processing /opt/airflow/dags/train_dag.py took 0.069 seconds
[2025-06-25T15:49:23.328+0000] {logging_mixin.py:188} INFO - [2025-06-25T15:49:23.326+0000] {settings.py:250} DEBUG - Setting up DB connection pool (PID 9312)
[2025-06-25T15:49:23.331+0000] {logging_mixin.py:188} INFO - [2025-06-25T15:49:23.331+0000] {settings.py:330} DEBUG - settings.prepare_engine_args(): Using pool settings. pool_size=5, max_overflow=10, pool_recycle=1800, pid=9312
[2025-06-25T15:49:23.350+0000] {processor.py:161} INFO - Started process (PID=9312) to work on /opt/airflow/dags/train_dag.py
[2025-06-25T15:49:23.352+0000] {processor.py:830} INFO - Processing file /opt/airflow/dags/train_dag.py for tasks to queue
[2025-06-25T15:49:23.354+0000] {logging_mixin.py:188} INFO - [2025-06-25T15:49:23.353+0000] {dagbag.py:545} INFO - Filling up the DagBag from /opt/airflow/dags/train_dag.py
[2025-06-25T15:49:23.371+0000] {logging_mixin.py:188} INFO - [2025-06-25T15:49:23.371+0000] {dagbag.py:337} DEBUG - Importing /opt/airflow/dags/train_dag.py
[2025-06-25T15:49:23.381+0000] {processor.py:842} WARNING - No viable dags retrieved from /opt/airflow/dags/train_dag.py
[2025-06-25T15:49:23.413+0000] {processor.py:183} INFO - Processing /opt/airflow/dags/train_dag.py took 0.087 seconds
[2025-06-25T15:49:53.539+0000] {logging_mixin.py:188} INFO - [2025-06-25T15:49:53.537+0000] {settings.py:250} DEBUG - Setting up DB connection pool (PID 9378)
[2025-06-25T15:49:53.541+0000] {logging_mixin.py:188} INFO - [2025-06-25T15:49:53.541+0000] {settings.py:330} DEBUG - settings.prepare_engine_args(): Using pool settings. pool_size=5, max_overflow=10, pool_recycle=1800, pid=9378
[2025-06-25T15:49:53.561+0000] {processor.py:161} INFO - Started process (PID=9378) to work on /opt/airflow/dags/train_dag.py
[2025-06-25T15:49:53.563+0000] {processor.py:830} INFO - Processing file /opt/airflow/dags/train_dag.py for tasks to queue
[2025-06-25T15:49:53.564+0000] {logging_mixin.py:188} INFO - [2025-06-25T15:49:53.564+0000] {dagbag.py:545} INFO - Filling up the DagBag from /opt/airflow/dags/train_dag.py
[2025-06-25T15:49:53.581+0000] {logging_mixin.py:188} INFO - [2025-06-25T15:49:53.580+0000] {dagbag.py:337} DEBUG - Importing /opt/airflow/dags/train_dag.py
[2025-06-25T15:49:53.590+0000] {processor.py:842} WARNING - No viable dags retrieved from /opt/airflow/dags/train_dag.py
[2025-06-25T15:49:53.616+0000] {processor.py:183} INFO - Processing /opt/airflow/dags/train_dag.py took 0.080 seconds
[2025-06-25T15:50:24.035+0000] {logging_mixin.py:188} INFO - [2025-06-25T15:50:24.034+0000] {settings.py:250} DEBUG - Setting up DB connection pool (PID 9441)
[2025-06-25T15:50:24.037+0000] {logging_mixin.py:188} INFO - [2025-06-25T15:50:24.036+0000] {settings.py:330} DEBUG - settings.prepare_engine_args(): Using pool settings. pool_size=5, max_overflow=10, pool_recycle=1800, pid=9441
[2025-06-25T15:50:24.051+0000] {processor.py:161} INFO - Started process (PID=9441) to work on /opt/airflow/dags/train_dag.py
[2025-06-25T15:50:24.057+0000] {processor.py:830} INFO - Processing file /opt/airflow/dags/train_dag.py for tasks to queue
[2025-06-25T15:50:24.058+0000] {logging_mixin.py:188} INFO - [2025-06-25T15:50:24.058+0000] {dagbag.py:545} INFO - Filling up the DagBag from /opt/airflow/dags/train_dag.py
[2025-06-25T15:50:24.077+0000] {logging_mixin.py:188} INFO - [2025-06-25T15:50:24.076+0000] {dagbag.py:337} DEBUG - Importing /opt/airflow/dags/train_dag.py
[2025-06-25T15:50:24.087+0000] {processor.py:842} WARNING - No viable dags retrieved from /opt/airflow/dags/train_dag.py
[2025-06-25T15:50:24.112+0000] {processor.py:183} INFO - Processing /opt/airflow/dags/train_dag.py took 0.079 seconds
[2025-06-25T15:50:54.556+0000] {logging_mixin.py:188} INFO - [2025-06-25T15:50:54.555+0000] {settings.py:250} DEBUG - Setting up DB connection pool (PID 9503)
[2025-06-25T15:50:54.558+0000] {logging_mixin.py:188} INFO - [2025-06-25T15:50:54.558+0000] {settings.py:330} DEBUG - settings.prepare_engine_args(): Using pool settings. pool_size=5, max_overflow=10, pool_recycle=1800, pid=9503
[2025-06-25T15:50:54.568+0000] {processor.py:161} INFO - Started process (PID=9503) to work on /opt/airflow/dags/train_dag.py
[2025-06-25T15:50:54.570+0000] {processor.py:830} INFO - Processing file /opt/airflow/dags/train_dag.py for tasks to queue
[2025-06-25T15:50:54.571+0000] {logging_mixin.py:188} INFO - [2025-06-25T15:50:54.571+0000] {dagbag.py:545} INFO - Filling up the DagBag from /opt/airflow/dags/train_dag.py
[2025-06-25T15:50:54.587+0000] {logging_mixin.py:188} INFO - [2025-06-25T15:50:54.587+0000] {dagbag.py:337} DEBUG - Importing /opt/airflow/dags/train_dag.py
[2025-06-25T15:50:54.597+0000] {processor.py:842} WARNING - No viable dags retrieved from /opt/airflow/dags/train_dag.py
[2025-06-25T15:50:54.620+0000] {processor.py:183} INFO - Processing /opt/airflow/dags/train_dag.py took 0.066 seconds
[2025-06-25T15:51:25.388+0000] {logging_mixin.py:188} INFO - [2025-06-25T15:51:25.387+0000] {settings.py:250} DEBUG - Setting up DB connection pool (PID 9564)
[2025-06-25T15:51:25.390+0000] {logging_mixin.py:188} INFO - [2025-06-25T15:51:25.390+0000] {settings.py:330} DEBUG - settings.prepare_engine_args(): Using pool settings. pool_size=5, max_overflow=10, pool_recycle=1800, pid=9564
[2025-06-25T15:51:25.400+0000] {processor.py:161} INFO - Started process (PID=9564) to work on /opt/airflow/dags/train_dag.py
[2025-06-25T15:51:25.401+0000] {processor.py:830} INFO - Processing file /opt/airflow/dags/train_dag.py for tasks to queue
[2025-06-25T15:51:25.402+0000] {logging_mixin.py:188} INFO - [2025-06-25T15:51:25.402+0000] {dagbag.py:545} INFO - Filling up the DagBag from /opt/airflow/dags/train_dag.py
[2025-06-25T15:51:25.418+0000] {logging_mixin.py:188} INFO - [2025-06-25T15:51:25.418+0000] {dagbag.py:337} DEBUG - Importing /opt/airflow/dags/train_dag.py
[2025-06-25T15:51:25.427+0000] {processor.py:842} WARNING - No viable dags retrieved from /opt/airflow/dags/train_dag.py
[2025-06-25T15:51:25.457+0000] {processor.py:183} INFO - Processing /opt/airflow/dags/train_dag.py took 0.070 seconds
[2025-06-25T15:51:55.566+0000] {logging_mixin.py:188} INFO - [2025-06-25T15:51:55.564+0000] {settings.py:250} DEBUG - Setting up DB connection pool (PID 9625)
[2025-06-25T15:51:55.568+0000] {logging_mixin.py:188} INFO - [2025-06-25T15:51:55.568+0000] {settings.py:330} DEBUG - settings.prepare_engine_args(): Using pool settings. pool_size=5, max_overflow=10, pool_recycle=1800, pid=9625
[2025-06-25T15:51:55.583+0000] {processor.py:161} INFO - Started process (PID=9625) to work on /opt/airflow/dags/train_dag.py
[2025-06-25T15:51:55.584+0000] {processor.py:830} INFO - Processing file /opt/airflow/dags/train_dag.py for tasks to queue
[2025-06-25T15:51:55.587+0000] {logging_mixin.py:188} INFO - [2025-06-25T15:51:55.586+0000] {dagbag.py:545} INFO - Filling up the DagBag from /opt/airflow/dags/train_dag.py
[2025-06-25T15:51:55.606+0000] {logging_mixin.py:188} INFO - [2025-06-25T15:51:55.606+0000] {dagbag.py:337} DEBUG - Importing /opt/airflow/dags/train_dag.py
[2025-06-25T15:51:55.616+0000] {processor.py:842} WARNING - No viable dags retrieved from /opt/airflow/dags/train_dag.py
[2025-06-25T15:51:55.648+0000] {processor.py:183} INFO - Processing /opt/airflow/dags/train_dag.py took 0.084 seconds
[2025-06-25T15:52:26.053+0000] {logging_mixin.py:188} INFO - [2025-06-25T15:52:26.051+0000] {settings.py:250} DEBUG - Setting up DB connection pool (PID 9686)
[2025-06-25T15:52:26.057+0000] {logging_mixin.py:188} INFO - [2025-06-25T15:52:26.057+0000] {settings.py:330} DEBUG - settings.prepare_engine_args(): Using pool settings. pool_size=5, max_overflow=10, pool_recycle=1800, pid=9686
[2025-06-25T15:52:26.072+0000] {processor.py:161} INFO - Started process (PID=9686) to work on /opt/airflow/dags/train_dag.py
[2025-06-25T15:52:26.073+0000] {processor.py:830} INFO - Processing file /opt/airflow/dags/train_dag.py for tasks to queue
[2025-06-25T15:52:26.075+0000] {logging_mixin.py:188} INFO - [2025-06-25T15:52:26.075+0000] {dagbag.py:545} INFO - Filling up the DagBag from /opt/airflow/dags/train_dag.py
[2025-06-25T15:52:26.095+0000] {logging_mixin.py:188} INFO - [2025-06-25T15:52:26.094+0000] {dagbag.py:337} DEBUG - Importing /opt/airflow/dags/train_dag.py
[2025-06-25T15:52:26.106+0000] {processor.py:842} WARNING - No viable dags retrieved from /opt/airflow/dags/train_dag.py
[2025-06-25T15:52:26.146+0000] {processor.py:183} INFO - Processing /opt/airflow/dags/train_dag.py took 0.094 seconds
[2025-06-25T15:52:56.513+0000] {logging_mixin.py:188} INFO - [2025-06-25T15:52:56.511+0000] {settings.py:250} DEBUG - Setting up DB connection pool (PID 9748)
[2025-06-25T15:52:56.515+0000] {logging_mixin.py:188} INFO - [2025-06-25T15:52:56.515+0000] {settings.py:330} DEBUG - settings.prepare_engine_args(): Using pool settings. pool_size=5, max_overflow=10, pool_recycle=1800, pid=9748
[2025-06-25T15:52:56.527+0000] {processor.py:161} INFO - Started process (PID=9748) to work on /opt/airflow/dags/train_dag.py
[2025-06-25T15:52:56.528+0000] {processor.py:830} INFO - Processing file /opt/airflow/dags/train_dag.py for tasks to queue
[2025-06-25T15:52:56.530+0000] {logging_mixin.py:188} INFO - [2025-06-25T15:52:56.529+0000] {dagbag.py:545} INFO - Filling up the DagBag from /opt/airflow/dags/train_dag.py
[2025-06-25T15:52:56.550+0000] {logging_mixin.py:188} INFO - [2025-06-25T15:52:56.549+0000] {dagbag.py:337} DEBUG - Importing /opt/airflow/dags/train_dag.py
[2025-06-25T15:52:56.560+0000] {processor.py:842} WARNING - No viable dags retrieved from /opt/airflow/dags/train_dag.py
[2025-06-25T15:52:56.595+0000] {processor.py:183} INFO - Processing /opt/airflow/dags/train_dag.py took 0.084 seconds
[2025-06-25T15:53:26.875+0000] {logging_mixin.py:188} INFO - [2025-06-25T15:53:26.874+0000] {settings.py:250} DEBUG - Setting up DB connection pool (PID 9810)
[2025-06-25T15:53:26.878+0000] {logging_mixin.py:188} INFO - [2025-06-25T15:53:26.877+0000] {settings.py:330} DEBUG - settings.prepare_engine_args(): Using pool settings. pool_size=5, max_overflow=10, pool_recycle=1800, pid=9810
[2025-06-25T15:53:26.893+0000] {processor.py:161} INFO - Started process (PID=9810) to work on /opt/airflow/dags/train_dag.py
[2025-06-25T15:53:26.895+0000] {processor.py:830} INFO - Processing file /opt/airflow/dags/train_dag.py for tasks to queue
[2025-06-25T15:53:26.896+0000] {logging_mixin.py:188} INFO - [2025-06-25T15:53:26.896+0000] {dagbag.py:545} INFO - Filling up the DagBag from /opt/airflow/dags/train_dag.py
[2025-06-25T15:53:26.915+0000] {logging_mixin.py:188} INFO - [2025-06-25T15:53:26.914+0000] {dagbag.py:337} DEBUG - Importing /opt/airflow/dags/train_dag.py
[2025-06-25T15:53:26.925+0000] {processor.py:842} WARNING - No viable dags retrieved from /opt/airflow/dags/train_dag.py
[2025-06-25T15:53:26.955+0000] {processor.py:183} INFO - Processing /opt/airflow/dags/train_dag.py took 0.081 seconds
[2025-06-25T15:53:57.454+0000] {logging_mixin.py:188} INFO - [2025-06-25T15:53:57.453+0000] {settings.py:250} DEBUG - Setting up DB connection pool (PID 9872)
[2025-06-25T15:53:57.457+0000] {logging_mixin.py:188} INFO - [2025-06-25T15:53:57.457+0000] {settings.py:330} DEBUG - settings.prepare_engine_args(): Using pool settings. pool_size=5, max_overflow=10, pool_recycle=1800, pid=9872
[2025-06-25T15:53:57.470+0000] {processor.py:161} INFO - Started process (PID=9872) to work on /opt/airflow/dags/train_dag.py
[2025-06-25T15:53:57.471+0000] {processor.py:830} INFO - Processing file /opt/airflow/dags/train_dag.py for tasks to queue
[2025-06-25T15:53:57.473+0000] {logging_mixin.py:188} INFO - [2025-06-25T15:53:57.472+0000] {dagbag.py:545} INFO - Filling up the DagBag from /opt/airflow/dags/train_dag.py
[2025-06-25T15:53:57.490+0000] {logging_mixin.py:188} INFO - [2025-06-25T15:53:57.490+0000] {dagbag.py:337} DEBUG - Importing /opt/airflow/dags/train_dag.py
[2025-06-25T15:53:57.501+0000] {processor.py:842} WARNING - No viable dags retrieved from /opt/airflow/dags/train_dag.py
[2025-06-25T15:53:57.535+0000] {processor.py:183} INFO - Processing /opt/airflow/dags/train_dag.py took 0.082 seconds
[2025-06-25T15:54:28.319+0000] {logging_mixin.py:188} INFO - [2025-06-25T15:54:28.317+0000] {settings.py:250} DEBUG - Setting up DB connection pool (PID 9934)
[2025-06-25T15:54:28.321+0000] {logging_mixin.py:188} INFO - [2025-06-25T15:54:28.321+0000] {settings.py:330} DEBUG - settings.prepare_engine_args(): Using pool settings. pool_size=5, max_overflow=10, pool_recycle=1800, pid=9934
[2025-06-25T15:54:28.331+0000] {processor.py:161} INFO - Started process (PID=9934) to work on /opt/airflow/dags/train_dag.py
[2025-06-25T15:54:28.332+0000] {processor.py:830} INFO - Processing file /opt/airflow/dags/train_dag.py for tasks to queue
[2025-06-25T15:54:28.334+0000] {logging_mixin.py:188} INFO - [2025-06-25T15:54:28.334+0000] {dagbag.py:545} INFO - Filling up the DagBag from /opt/airflow/dags/train_dag.py
[2025-06-25T15:54:28.357+0000] {logging_mixin.py:188} INFO - [2025-06-25T15:54:28.356+0000] {dagbag.py:337} DEBUG - Importing /opt/airflow/dags/train_dag.py
[2025-06-25T15:54:28.368+0000] {processor.py:842} WARNING - No viable dags retrieved from /opt/airflow/dags/train_dag.py
[2025-06-25T15:54:28.405+0000] {processor.py:183} INFO - Processing /opt/airflow/dags/train_dag.py took 0.087 seconds
[2025-06-25T15:54:58.778+0000] {logging_mixin.py:188} INFO - [2025-06-25T15:54:58.776+0000] {settings.py:250} DEBUG - Setting up DB connection pool (PID 9996)
[2025-06-25T15:54:58.779+0000] {logging_mixin.py:188} INFO - [2025-06-25T15:54:58.779+0000] {settings.py:330} DEBUG - settings.prepare_engine_args(): Using pool settings. pool_size=5, max_overflow=10, pool_recycle=1800, pid=9996
[2025-06-25T15:54:58.790+0000] {processor.py:161} INFO - Started process (PID=9996) to work on /opt/airflow/dags/train_dag.py
[2025-06-25T15:54:58.791+0000] {processor.py:830} INFO - Processing file /opt/airflow/dags/train_dag.py for tasks to queue
[2025-06-25T15:54:58.793+0000] {logging_mixin.py:188} INFO - [2025-06-25T15:54:58.792+0000] {dagbag.py:545} INFO - Filling up the DagBag from /opt/airflow/dags/train_dag.py
[2025-06-25T15:54:58.809+0000] {logging_mixin.py:188} INFO - [2025-06-25T15:54:58.808+0000] {dagbag.py:337} DEBUG - Importing /opt/airflow/dags/train_dag.py
[2025-06-25T15:54:58.818+0000] {processor.py:842} WARNING - No viable dags retrieved from /opt/airflow/dags/train_dag.py
[2025-06-25T15:54:58.853+0000] {processor.py:183} INFO - Processing /opt/airflow/dags/train_dag.py took 0.076 seconds
[2025-06-25T15:55:29.051+0000] {logging_mixin.py:188} INFO - [2025-06-25T15:55:29.049+0000] {settings.py:250} DEBUG - Setting up DB connection pool (PID 10058)
[2025-06-25T15:55:29.053+0000] {logging_mixin.py:188} INFO - [2025-06-25T15:55:29.052+0000] {settings.py:330} DEBUG - settings.prepare_engine_args(): Using pool settings. pool_size=5, max_overflow=10, pool_recycle=1800, pid=10058
[2025-06-25T15:55:29.066+0000] {processor.py:161} INFO - Started process (PID=10058) to work on /opt/airflow/dags/train_dag.py
[2025-06-25T15:55:29.067+0000] {processor.py:830} INFO - Processing file /opt/airflow/dags/train_dag.py for tasks to queue
[2025-06-25T15:55:29.069+0000] {logging_mixin.py:188} INFO - [2025-06-25T15:55:29.068+0000] {dagbag.py:545} INFO - Filling up the DagBag from /opt/airflow/dags/train_dag.py
[2025-06-25T15:55:29.101+0000] {logging_mixin.py:188} INFO - [2025-06-25T15:55:29.100+0000] {dagbag.py:337} DEBUG - Importing /opt/airflow/dags/train_dag.py
[2025-06-25T15:55:29.116+0000] {processor.py:842} WARNING - No viable dags retrieved from /opt/airflow/dags/train_dag.py
[2025-06-25T15:55:29.156+0000] {processor.py:183} INFO - Processing /opt/airflow/dags/train_dag.py took 0.106 seconds
[2025-06-25T15:55:59.711+0000] {logging_mixin.py:188} INFO - [2025-06-25T15:55:59.710+0000] {settings.py:250} DEBUG - Setting up DB connection pool (PID 10120)
[2025-06-25T15:55:59.712+0000] {logging_mixin.py:188} INFO - [2025-06-25T15:55:59.712+0000] {settings.py:330} DEBUG - settings.prepare_engine_args(): Using pool settings. pool_size=5, max_overflow=10, pool_recycle=1800, pid=10120
[2025-06-25T15:55:59.723+0000] {processor.py:161} INFO - Started process (PID=10120) to work on /opt/airflow/dags/train_dag.py
[2025-06-25T15:55:59.725+0000] {processor.py:830} INFO - Processing file /opt/airflow/dags/train_dag.py for tasks to queue
[2025-06-25T15:55:59.726+0000] {logging_mixin.py:188} INFO - [2025-06-25T15:55:59.726+0000] {dagbag.py:545} INFO - Filling up the DagBag from /opt/airflow/dags/train_dag.py
[2025-06-25T15:55:59.744+0000] {logging_mixin.py:188} INFO - [2025-06-25T15:55:59.744+0000] {dagbag.py:337} DEBUG - Importing /opt/airflow/dags/train_dag.py
[2025-06-25T15:55:59.753+0000] {processor.py:842} WARNING - No viable dags retrieved from /opt/airflow/dags/train_dag.py
[2025-06-25T15:55:59.778+0000] {processor.py:183} INFO - Processing /opt/airflow/dags/train_dag.py took 0.069 seconds
[2025-06-25T15:56:30.206+0000] {logging_mixin.py:188} INFO - [2025-06-25T15:56:30.205+0000] {settings.py:250} DEBUG - Setting up DB connection pool (PID 10180)
[2025-06-25T15:56:30.208+0000] {logging_mixin.py:188} INFO - [2025-06-25T15:56:30.207+0000] {settings.py:330} DEBUG - settings.prepare_engine_args(): Using pool settings. pool_size=5, max_overflow=10, pool_recycle=1800, pid=10180
[2025-06-25T15:56:30.223+0000] {processor.py:161} INFO - Started process (PID=10180) to work on /opt/airflow/dags/train_dag.py
[2025-06-25T15:56:30.225+0000] {processor.py:830} INFO - Processing file /opt/airflow/dags/train_dag.py for tasks to queue
[2025-06-25T15:56:30.227+0000] {logging_mixin.py:188} INFO - [2025-06-25T15:56:30.227+0000] {dagbag.py:545} INFO - Filling up the DagBag from /opt/airflow/dags/train_dag.py
[2025-06-25T15:56:30.262+0000] {logging_mixin.py:188} INFO - [2025-06-25T15:56:30.262+0000] {dagbag.py:337} DEBUG - Importing /opt/airflow/dags/train_dag.py
[2025-06-25T15:56:30.271+0000] {processor.py:842} WARNING - No viable dags retrieved from /opt/airflow/dags/train_dag.py
[2025-06-25T15:56:30.298+0000] {processor.py:183} INFO - Processing /opt/airflow/dags/train_dag.py took 0.094 seconds
[2025-06-25T15:57:00.609+0000] {logging_mixin.py:188} INFO - [2025-06-25T15:57:00.608+0000] {settings.py:250} DEBUG - Setting up DB connection pool (PID 10242)
[2025-06-25T15:57:00.611+0000] {logging_mixin.py:188} INFO - [2025-06-25T15:57:00.610+0000] {settings.py:330} DEBUG - settings.prepare_engine_args(): Using pool settings. pool_size=5, max_overflow=10, pool_recycle=1800, pid=10242
[2025-06-25T15:57:00.623+0000] {processor.py:161} INFO - Started process (PID=10242) to work on /opt/airflow/dags/train_dag.py
[2025-06-25T15:57:00.625+0000] {processor.py:830} INFO - Processing file /opt/airflow/dags/train_dag.py for tasks to queue
[2025-06-25T15:57:00.626+0000] {logging_mixin.py:188} INFO - [2025-06-25T15:57:00.626+0000] {dagbag.py:545} INFO - Filling up the DagBag from /opt/airflow/dags/train_dag.py
[2025-06-25T15:57:00.644+0000] {logging_mixin.py:188} INFO - [2025-06-25T15:57:00.643+0000] {dagbag.py:337} DEBUG - Importing /opt/airflow/dags/train_dag.py
[2025-06-25T15:57:00.652+0000] {processor.py:842} WARNING - No viable dags retrieved from /opt/airflow/dags/train_dag.py
[2025-06-25T15:57:00.686+0000] {processor.py:183} INFO - Processing /opt/airflow/dags/train_dag.py took 0.079 seconds
[2025-06-25T15:57:30.893+0000] {logging_mixin.py:188} INFO - [2025-06-25T15:57:30.892+0000] {settings.py:250} DEBUG - Setting up DB connection pool (PID 10304)
[2025-06-25T15:57:30.896+0000] {logging_mixin.py:188} INFO - [2025-06-25T15:57:30.895+0000] {settings.py:330} DEBUG - settings.prepare_engine_args(): Using pool settings. pool_size=5, max_overflow=10, pool_recycle=1800, pid=10304
[2025-06-25T15:57:30.912+0000] {processor.py:161} INFO - Started process (PID=10304) to work on /opt/airflow/dags/train_dag.py
[2025-06-25T15:57:30.913+0000] {processor.py:830} INFO - Processing file /opt/airflow/dags/train_dag.py for tasks to queue
[2025-06-25T15:57:30.915+0000] {logging_mixin.py:188} INFO - [2025-06-25T15:57:30.915+0000] {dagbag.py:545} INFO - Filling up the DagBag from /opt/airflow/dags/train_dag.py
[2025-06-25T15:57:30.932+0000] {logging_mixin.py:188} INFO - [2025-06-25T15:57:30.932+0000] {dagbag.py:337} DEBUG - Importing /opt/airflow/dags/train_dag.py
[2025-06-25T15:57:30.941+0000] {processor.py:842} WARNING - No viable dags retrieved from /opt/airflow/dags/train_dag.py
[2025-06-25T15:57:30.964+0000] {processor.py:183} INFO - Processing /opt/airflow/dags/train_dag.py took 0.072 seconds
[2025-06-25T15:58:01.730+0000] {logging_mixin.py:188} INFO - [2025-06-25T15:58:01.728+0000] {settings.py:250} DEBUG - Setting up DB connection pool (PID 10366)
[2025-06-25T15:58:01.732+0000] {logging_mixin.py:188} INFO - [2025-06-25T15:58:01.732+0000] {settings.py:330} DEBUG - settings.prepare_engine_args(): Using pool settings. pool_size=5, max_overflow=10, pool_recycle=1800, pid=10366
[2025-06-25T15:58:01.751+0000] {processor.py:161} INFO - Started process (PID=10366) to work on /opt/airflow/dags/train_dag.py
[2025-06-25T15:58:01.752+0000] {processor.py:830} INFO - Processing file /opt/airflow/dags/train_dag.py for tasks to queue
[2025-06-25T15:58:01.754+0000] {logging_mixin.py:188} INFO - [2025-06-25T15:58:01.754+0000] {dagbag.py:545} INFO - Filling up the DagBag from /opt/airflow/dags/train_dag.py
[2025-06-25T15:58:01.773+0000] {logging_mixin.py:188} INFO - [2025-06-25T15:58:01.773+0000] {dagbag.py:337} DEBUG - Importing /opt/airflow/dags/train_dag.py
[2025-06-25T15:58:01.785+0000] {processor.py:842} WARNING - No viable dags retrieved from /opt/airflow/dags/train_dag.py
[2025-06-25T15:58:01.815+0000] {processor.py:183} INFO - Processing /opt/airflow/dags/train_dag.py took 0.088 seconds
[2025-06-25T15:58:31.965+0000] {logging_mixin.py:188} INFO - [2025-06-25T15:58:31.964+0000] {settings.py:250} DEBUG - Setting up DB connection pool (PID 10428)
[2025-06-25T15:58:31.967+0000] {logging_mixin.py:188} INFO - [2025-06-25T15:58:31.967+0000] {settings.py:330} DEBUG - settings.prepare_engine_args(): Using pool settings. pool_size=5, max_overflow=10, pool_recycle=1800, pid=10428
[2025-06-25T15:58:31.978+0000] {processor.py:161} INFO - Started process (PID=10428) to work on /opt/airflow/dags/train_dag.py
[2025-06-25T15:58:31.980+0000] {processor.py:830} INFO - Processing file /opt/airflow/dags/train_dag.py for tasks to queue
[2025-06-25T15:58:31.981+0000] {logging_mixin.py:188} INFO - [2025-06-25T15:58:31.981+0000] {dagbag.py:545} INFO - Filling up the DagBag from /opt/airflow/dags/train_dag.py
[2025-06-25T15:58:31.997+0000] {logging_mixin.py:188} INFO - [2025-06-25T15:58:31.997+0000] {dagbag.py:337} DEBUG - Importing /opt/airflow/dags/train_dag.py
[2025-06-25T15:58:32.012+0000] {processor.py:842} WARNING - No viable dags retrieved from /opt/airflow/dags/train_dag.py
[2025-06-25T15:58:32.046+0000] {processor.py:183} INFO - Processing /opt/airflow/dags/train_dag.py took 0.083 seconds
[2025-06-25T15:59:02.824+0000] {logging_mixin.py:188} INFO - [2025-06-25T15:59:02.823+0000] {settings.py:250} DEBUG - Setting up DB connection pool (PID 10490)
[2025-06-25T15:59:02.826+0000] {logging_mixin.py:188} INFO - [2025-06-25T15:59:02.826+0000] {settings.py:330} DEBUG - settings.prepare_engine_args(): Using pool settings. pool_size=5, max_overflow=10, pool_recycle=1800, pid=10490
[2025-06-25T15:59:02.838+0000] {processor.py:161} INFO - Started process (PID=10490) to work on /opt/airflow/dags/train_dag.py
[2025-06-25T15:59:02.840+0000] {processor.py:830} INFO - Processing file /opt/airflow/dags/train_dag.py for tasks to queue
[2025-06-25T15:59:02.841+0000] {logging_mixin.py:188} INFO - [2025-06-25T15:59:02.841+0000] {dagbag.py:545} INFO - Filling up the DagBag from /opt/airflow/dags/train_dag.py
[2025-06-25T15:59:02.860+0000] {logging_mixin.py:188} INFO - [2025-06-25T15:59:02.860+0000] {dagbag.py:337} DEBUG - Importing /opt/airflow/dags/train_dag.py
[2025-06-25T15:59:02.871+0000] {processor.py:842} WARNING - No viable dags retrieved from /opt/airflow/dags/train_dag.py
[2025-06-25T15:59:02.898+0000] {processor.py:183} INFO - Processing /opt/airflow/dags/train_dag.py took 0.076 seconds
[2025-06-25T15:59:33.058+0000] {logging_mixin.py:188} INFO - [2025-06-25T15:59:33.056+0000] {settings.py:250} DEBUG - Setting up DB connection pool (PID 10550)
[2025-06-25T15:59:33.060+0000] {logging_mixin.py:188} INFO - [2025-06-25T15:59:33.060+0000] {settings.py:330} DEBUG - settings.prepare_engine_args(): Using pool settings. pool_size=5, max_overflow=10, pool_recycle=1800, pid=10550
[2025-06-25T15:59:33.074+0000] {processor.py:161} INFO - Started process (PID=10550) to work on /opt/airflow/dags/train_dag.py
[2025-06-25T15:59:33.075+0000] {processor.py:830} INFO - Processing file /opt/airflow/dags/train_dag.py for tasks to queue
[2025-06-25T15:59:33.077+0000] {logging_mixin.py:188} INFO - [2025-06-25T15:59:33.077+0000] {dagbag.py:545} INFO - Filling up the DagBag from /opt/airflow/dags/train_dag.py
[2025-06-25T15:59:33.096+0000] {logging_mixin.py:188} INFO - [2025-06-25T15:59:33.095+0000] {dagbag.py:337} DEBUG - Importing /opt/airflow/dags/train_dag.py
[2025-06-25T15:59:33.105+0000] {processor.py:842} WARNING - No viable dags retrieved from /opt/airflow/dags/train_dag.py
[2025-06-25T15:59:33.136+0000] {processor.py:183} INFO - Processing /opt/airflow/dags/train_dag.py took 0.080 seconds
[2025-06-25T16:00:03.270+0000] {logging_mixin.py:188} INFO - [2025-06-25T16:00:03.268+0000] {settings.py:250} DEBUG - Setting up DB connection pool (PID 10609)
[2025-06-25T16:00:03.272+0000] {logging_mixin.py:188} INFO - [2025-06-25T16:00:03.271+0000] {settings.py:330} DEBUG - settings.prepare_engine_args(): Using pool settings. pool_size=5, max_overflow=10, pool_recycle=1800, pid=10609
[2025-06-25T16:00:03.282+0000] {processor.py:161} INFO - Started process (PID=10609) to work on /opt/airflow/dags/train_dag.py
[2025-06-25T16:00:03.284+0000] {processor.py:830} INFO - Processing file /opt/airflow/dags/train_dag.py for tasks to queue
[2025-06-25T16:00:03.286+0000] {logging_mixin.py:188} INFO - [2025-06-25T16:00:03.285+0000] {dagbag.py:545} INFO - Filling up the DagBag from /opt/airflow/dags/train_dag.py
[2025-06-25T16:00:03.303+0000] {logging_mixin.py:188} INFO - [2025-06-25T16:00:03.303+0000] {dagbag.py:337} DEBUG - Importing /opt/airflow/dags/train_dag.py
[2025-06-25T16:00:03.311+0000] {processor.py:842} WARNING - No viable dags retrieved from /opt/airflow/dags/train_dag.py
[2025-06-25T16:00:03.339+0000] {processor.py:183} INFO - Processing /opt/airflow/dags/train_dag.py took 0.071 seconds
[2025-06-25T16:00:33.702+0000] {logging_mixin.py:188} INFO - [2025-06-25T16:00:33.701+0000] {settings.py:250} DEBUG - Setting up DB connection pool (PID 10670)
[2025-06-25T16:00:33.705+0000] {logging_mixin.py:188} INFO - [2025-06-25T16:00:33.704+0000] {settings.py:330} DEBUG - settings.prepare_engine_args(): Using pool settings. pool_size=5, max_overflow=10, pool_recycle=1800, pid=10670
[2025-06-25T16:00:33.717+0000] {processor.py:161} INFO - Started process (PID=10670) to work on /opt/airflow/dags/train_dag.py
[2025-06-25T16:00:33.720+0000] {processor.py:830} INFO - Processing file /opt/airflow/dags/train_dag.py for tasks to queue
[2025-06-25T16:00:33.722+0000] {logging_mixin.py:188} INFO - [2025-06-25T16:00:33.721+0000] {dagbag.py:545} INFO - Filling up the DagBag from /opt/airflow/dags/train_dag.py
[2025-06-25T16:00:33.741+0000] {logging_mixin.py:188} INFO - [2025-06-25T16:00:33.740+0000] {dagbag.py:337} DEBUG - Importing /opt/airflow/dags/train_dag.py
[2025-06-25T16:00:33.751+0000] {processor.py:842} WARNING - No viable dags retrieved from /opt/airflow/dags/train_dag.py
[2025-06-25T16:00:33.778+0000] {processor.py:183} INFO - Processing /opt/airflow/dags/train_dag.py took 0.077 seconds
[2025-06-25T16:01:04.017+0000] {logging_mixin.py:188} INFO - [2025-06-25T16:01:04.015+0000] {settings.py:250} DEBUG - Setting up DB connection pool (PID 10728)
[2025-06-25T16:01:04.019+0000] {logging_mixin.py:188} INFO - [2025-06-25T16:01:04.019+0000] {settings.py:330} DEBUG - settings.prepare_engine_args(): Using pool settings. pool_size=5, max_overflow=10, pool_recycle=1800, pid=10728
[2025-06-25T16:01:04.030+0000] {processor.py:161} INFO - Started process (PID=10728) to work on /opt/airflow/dags/train_dag.py
[2025-06-25T16:01:04.031+0000] {processor.py:830} INFO - Processing file /opt/airflow/dags/train_dag.py for tasks to queue
[2025-06-25T16:01:04.032+0000] {logging_mixin.py:188} INFO - [2025-06-25T16:01:04.032+0000] {dagbag.py:545} INFO - Filling up the DagBag from /opt/airflow/dags/train_dag.py
[2025-06-25T16:01:04.048+0000] {logging_mixin.py:188} INFO - [2025-06-25T16:01:04.047+0000] {dagbag.py:337} DEBUG - Importing /opt/airflow/dags/train_dag.py
[2025-06-25T16:01:04.056+0000] {processor.py:842} WARNING - No viable dags retrieved from /opt/airflow/dags/train_dag.py
[2025-06-25T16:01:04.087+0000] {processor.py:183} INFO - Processing /opt/airflow/dags/train_dag.py took 0.072 seconds
[2025-06-25T16:01:34.395+0000] {logging_mixin.py:188} INFO - [2025-06-25T16:01:34.394+0000] {settings.py:250} DEBUG - Setting up DB connection pool (PID 10789)
[2025-06-25T16:01:34.398+0000] {logging_mixin.py:188} INFO - [2025-06-25T16:01:34.397+0000] {settings.py:330} DEBUG - settings.prepare_engine_args(): Using pool settings. pool_size=5, max_overflow=10, pool_recycle=1800, pid=10789
[2025-06-25T16:01:34.412+0000] {processor.py:161} INFO - Started process (PID=10789) to work on /opt/airflow/dags/train_dag.py
[2025-06-25T16:01:34.414+0000] {processor.py:830} INFO - Processing file /opt/airflow/dags/train_dag.py for tasks to queue
[2025-06-25T16:01:34.415+0000] {logging_mixin.py:188} INFO - [2025-06-25T16:01:34.415+0000] {dagbag.py:545} INFO - Filling up the DagBag from /opt/airflow/dags/train_dag.py
[2025-06-25T16:01:34.434+0000] {logging_mixin.py:188} INFO - [2025-06-25T16:01:34.433+0000] {dagbag.py:337} DEBUG - Importing /opt/airflow/dags/train_dag.py
[2025-06-25T16:01:34.450+0000] {processor.py:842} WARNING - No viable dags retrieved from /opt/airflow/dags/train_dag.py
[2025-06-25T16:01:34.488+0000] {processor.py:183} INFO - Processing /opt/airflow/dags/train_dag.py took 0.095 seconds
[2025-06-25T16:02:05.215+0000] {logging_mixin.py:188} INFO - [2025-06-25T16:02:05.214+0000] {settings.py:250} DEBUG - Setting up DB connection pool (PID 10851)
[2025-06-25T16:02:05.218+0000] {logging_mixin.py:188} INFO - [2025-06-25T16:02:05.217+0000] {settings.py:330} DEBUG - settings.prepare_engine_args(): Using pool settings. pool_size=5, max_overflow=10, pool_recycle=1800, pid=10851
[2025-06-25T16:02:05.233+0000] {processor.py:161} INFO - Started process (PID=10851) to work on /opt/airflow/dags/train_dag.py
[2025-06-25T16:02:05.235+0000] {processor.py:830} INFO - Processing file /opt/airflow/dags/train_dag.py for tasks to queue
[2025-06-25T16:02:05.237+0000] {logging_mixin.py:188} INFO - [2025-06-25T16:02:05.237+0000] {dagbag.py:545} INFO - Filling up the DagBag from /opt/airflow/dags/train_dag.py
[2025-06-25T16:02:05.259+0000] {logging_mixin.py:188} INFO - [2025-06-25T16:02:05.258+0000] {dagbag.py:337} DEBUG - Importing /opt/airflow/dags/train_dag.py
[2025-06-25T16:02:05.269+0000] {processor.py:842} WARNING - No viable dags retrieved from /opt/airflow/dags/train_dag.py
[2025-06-25T16:02:05.301+0000] {processor.py:183} INFO - Processing /opt/airflow/dags/train_dag.py took 0.087 seconds
[2025-06-25T16:02:35.718+0000] {logging_mixin.py:188} INFO - [2025-06-25T16:02:35.717+0000] {settings.py:250} DEBUG - Setting up DB connection pool (PID 10913)
[2025-06-25T16:02:35.722+0000] {logging_mixin.py:188} INFO - [2025-06-25T16:02:35.721+0000] {settings.py:330} DEBUG - settings.prepare_engine_args(): Using pool settings. pool_size=5, max_overflow=10, pool_recycle=1800, pid=10913
[2025-06-25T16:02:35.737+0000] {processor.py:161} INFO - Started process (PID=10913) to work on /opt/airflow/dags/train_dag.py
[2025-06-25T16:02:35.739+0000] {processor.py:830} INFO - Processing file /opt/airflow/dags/train_dag.py for tasks to queue
[2025-06-25T16:02:35.740+0000] {logging_mixin.py:188} INFO - [2025-06-25T16:02:35.740+0000] {dagbag.py:545} INFO - Filling up the DagBag from /opt/airflow/dags/train_dag.py
[2025-06-25T16:02:35.759+0000] {logging_mixin.py:188} INFO - [2025-06-25T16:02:35.758+0000] {dagbag.py:337} DEBUG - Importing /opt/airflow/dags/train_dag.py
[2025-06-25T16:02:35.769+0000] {processor.py:842} WARNING - No viable dags retrieved from /opt/airflow/dags/train_dag.py
[2025-06-25T16:02:35.797+0000] {processor.py:183} INFO - Processing /opt/airflow/dags/train_dag.py took 0.080 seconds
[2025-06-25T16:03:06.092+0000] {logging_mixin.py:188} INFO - [2025-06-25T16:03:06.090+0000] {settings.py:250} DEBUG - Setting up DB connection pool (PID 10975)
[2025-06-25T16:03:06.094+0000] {logging_mixin.py:188} INFO - [2025-06-25T16:03:06.093+0000] {settings.py:330} DEBUG - settings.prepare_engine_args(): Using pool settings. pool_size=5, max_overflow=10, pool_recycle=1800, pid=10975
[2025-06-25T16:03:06.108+0000] {processor.py:161} INFO - Started process (PID=10975) to work on /opt/airflow/dags/train_dag.py
[2025-06-25T16:03:06.109+0000] {processor.py:830} INFO - Processing file /opt/airflow/dags/train_dag.py for tasks to queue
[2025-06-25T16:03:06.111+0000] {logging_mixin.py:188} INFO - [2025-06-25T16:03:06.110+0000] {dagbag.py:545} INFO - Filling up the DagBag from /opt/airflow/dags/train_dag.py
[2025-06-25T16:03:06.126+0000] {logging_mixin.py:188} INFO - [2025-06-25T16:03:06.126+0000] {dagbag.py:337} DEBUG - Importing /opt/airflow/dags/train_dag.py
[2025-06-25T16:03:06.136+0000] {processor.py:842} WARNING - No viable dags retrieved from /opt/airflow/dags/train_dag.py
[2025-06-25T16:03:06.169+0000] {processor.py:183} INFO - Processing /opt/airflow/dags/train_dag.py took 0.079 seconds
[2025-06-25T16:03:36.828+0000] {logging_mixin.py:188} INFO - [2025-06-25T16:03:36.827+0000] {settings.py:250} DEBUG - Setting up DB connection pool (PID 11037)
[2025-06-25T16:03:36.830+0000] {logging_mixin.py:188} INFO - [2025-06-25T16:03:36.829+0000] {settings.py:330} DEBUG - settings.prepare_engine_args(): Using pool settings. pool_size=5, max_overflow=10, pool_recycle=1800, pid=11037
[2025-06-25T16:03:36.842+0000] {processor.py:161} INFO - Started process (PID=11037) to work on /opt/airflow/dags/train_dag.py
[2025-06-25T16:03:36.843+0000] {processor.py:830} INFO - Processing file /opt/airflow/dags/train_dag.py for tasks to queue
[2025-06-25T16:03:36.844+0000] {logging_mixin.py:188} INFO - [2025-06-25T16:03:36.844+0000] {dagbag.py:545} INFO - Filling up the DagBag from /opt/airflow/dags/train_dag.py
[2025-06-25T16:03:36.859+0000] {logging_mixin.py:188} INFO - [2025-06-25T16:03:36.859+0000] {dagbag.py:337} DEBUG - Importing /opt/airflow/dags/train_dag.py
[2025-06-25T16:03:36.868+0000] {processor.py:842} WARNING - No viable dags retrieved from /opt/airflow/dags/train_dag.py
[2025-06-25T16:03:36.896+0000] {processor.py:183} INFO - Processing /opt/airflow/dags/train_dag.py took 0.069 seconds
[2025-06-25T16:04:07.633+0000] {logging_mixin.py:188} INFO - [2025-06-25T16:04:07.631+0000] {settings.py:250} DEBUG - Setting up DB connection pool (PID 11099)
[2025-06-25T16:04:07.635+0000] {logging_mixin.py:188} INFO - [2025-06-25T16:04:07.635+0000] {settings.py:330} DEBUG - settings.prepare_engine_args(): Using pool settings. pool_size=5, max_overflow=10, pool_recycle=1800, pid=11099
[2025-06-25T16:04:07.648+0000] {processor.py:161} INFO - Started process (PID=11099) to work on /opt/airflow/dags/train_dag.py
[2025-06-25T16:04:07.649+0000] {processor.py:830} INFO - Processing file /opt/airflow/dags/train_dag.py for tasks to queue
[2025-06-25T16:04:07.651+0000] {logging_mixin.py:188} INFO - [2025-06-25T16:04:07.650+0000] {dagbag.py:545} INFO - Filling up the DagBag from /opt/airflow/dags/train_dag.py
[2025-06-25T16:04:07.667+0000] {logging_mixin.py:188} INFO - [2025-06-25T16:04:07.667+0000] {dagbag.py:337} DEBUG - Importing /opt/airflow/dags/train_dag.py
[2025-06-25T16:04:07.676+0000] {processor.py:842} WARNING - No viable dags retrieved from /opt/airflow/dags/train_dag.py
[2025-06-25T16:04:07.705+0000] {processor.py:183} INFO - Processing /opt/airflow/dags/train_dag.py took 0.074 seconds
[2025-06-25T16:04:38.368+0000] {logging_mixin.py:188} INFO - [2025-06-25T16:04:38.366+0000] {settings.py:250} DEBUG - Setting up DB connection pool (PID 11161)
[2025-06-25T16:04:38.370+0000] {logging_mixin.py:188} INFO - [2025-06-25T16:04:38.370+0000] {settings.py:330} DEBUG - settings.prepare_engine_args(): Using pool settings. pool_size=5, max_overflow=10, pool_recycle=1800, pid=11161
[2025-06-25T16:04:38.392+0000] {processor.py:161} INFO - Started process (PID=11161) to work on /opt/airflow/dags/train_dag.py
[2025-06-25T16:04:38.394+0000] {processor.py:830} INFO - Processing file /opt/airflow/dags/train_dag.py for tasks to queue
[2025-06-25T16:04:38.396+0000] {logging_mixin.py:188} INFO - [2025-06-25T16:04:38.396+0000] {dagbag.py:545} INFO - Filling up the DagBag from /opt/airflow/dags/train_dag.py
[2025-06-25T16:04:38.416+0000] {logging_mixin.py:188} INFO - [2025-06-25T16:04:38.415+0000] {dagbag.py:337} DEBUG - Importing /opt/airflow/dags/train_dag.py
[2025-06-25T16:04:38.426+0000] {processor.py:842} WARNING - No viable dags retrieved from /opt/airflow/dags/train_dag.py
[2025-06-25T16:04:38.465+0000] {processor.py:183} INFO - Processing /opt/airflow/dags/train_dag.py took 0.099 seconds
[2025-06-25T16:05:08.622+0000] {logging_mixin.py:188} INFO - [2025-06-25T16:05:08.621+0000] {settings.py:250} DEBUG - Setting up DB connection pool (PID 11223)
[2025-06-25T16:05:08.624+0000] {logging_mixin.py:188} INFO - [2025-06-25T16:05:08.624+0000] {settings.py:330} DEBUG - settings.prepare_engine_args(): Using pool settings. pool_size=5, max_overflow=10, pool_recycle=1800, pid=11223
[2025-06-25T16:05:08.639+0000] {processor.py:161} INFO - Started process (PID=11223) to work on /opt/airflow/dags/train_dag.py
[2025-06-25T16:05:08.641+0000] {processor.py:830} INFO - Processing file /opt/airflow/dags/train_dag.py for tasks to queue
[2025-06-25T16:05:08.643+0000] {logging_mixin.py:188} INFO - [2025-06-25T16:05:08.642+0000] {dagbag.py:545} INFO - Filling up the DagBag from /opt/airflow/dags/train_dag.py
[2025-06-25T16:05:08.660+0000] {logging_mixin.py:188} INFO - [2025-06-25T16:05:08.660+0000] {dagbag.py:337} DEBUG - Importing /opt/airflow/dags/train_dag.py
[2025-06-25T16:05:08.670+0000] {processor.py:842} WARNING - No viable dags retrieved from /opt/airflow/dags/train_dag.py
[2025-06-25T16:05:08.694+0000] {processor.py:183} INFO - Processing /opt/airflow/dags/train_dag.py took 0.073 seconds
[2025-06-25T16:05:38.955+0000] {logging_mixin.py:188} INFO - [2025-06-25T16:05:38.952+0000] {settings.py:250} DEBUG - Setting up DB connection pool (PID 11285)
[2025-06-25T16:05:38.959+0000] {logging_mixin.py:188} INFO - [2025-06-25T16:05:38.958+0000] {settings.py:330} DEBUG - settings.prepare_engine_args(): Using pool settings. pool_size=5, max_overflow=10, pool_recycle=1800, pid=11285
[2025-06-25T16:05:38.981+0000] {processor.py:161} INFO - Started process (PID=11285) to work on /opt/airflow/dags/train_dag.py
[2025-06-25T16:05:38.982+0000] {processor.py:830} INFO - Processing file /opt/airflow/dags/train_dag.py for tasks to queue
[2025-06-25T16:05:38.984+0000] {logging_mixin.py:188} INFO - [2025-06-25T16:05:38.984+0000] {dagbag.py:545} INFO - Filling up the DagBag from /opt/airflow/dags/train_dag.py
[2025-06-25T16:05:39.006+0000] {logging_mixin.py:188} INFO - [2025-06-25T16:05:39.004+0000] {dagbag.py:337} DEBUG - Importing /opt/airflow/dags/train_dag.py
[2025-06-25T16:05:39.017+0000] {processor.py:842} WARNING - No viable dags retrieved from /opt/airflow/dags/train_dag.py
[2025-06-25T16:05:39.055+0000] {processor.py:183} INFO - Processing /opt/airflow/dags/train_dag.py took 0.104 seconds
[2025-06-25T16:06:09.145+0000] {logging_mixin.py:188} INFO - [2025-06-25T16:06:09.144+0000] {settings.py:250} DEBUG - Setting up DB connection pool (PID 11348)
[2025-06-25T16:06:09.146+0000] {logging_mixin.py:188} INFO - [2025-06-25T16:06:09.146+0000] {settings.py:330} DEBUG - settings.prepare_engine_args(): Using pool settings. pool_size=5, max_overflow=10, pool_recycle=1800, pid=11348
[2025-06-25T16:06:09.157+0000] {processor.py:161} INFO - Started process (PID=11348) to work on /opt/airflow/dags/train_dag.py
[2025-06-25T16:06:09.158+0000] {processor.py:830} INFO - Processing file /opt/airflow/dags/train_dag.py for tasks to queue
[2025-06-25T16:06:09.159+0000] {logging_mixin.py:188} INFO - [2025-06-25T16:06:09.159+0000] {dagbag.py:545} INFO - Filling up the DagBag from /opt/airflow/dags/train_dag.py
[2025-06-25T16:06:09.173+0000] {logging_mixin.py:188} INFO - [2025-06-25T16:06:09.173+0000] {dagbag.py:337} DEBUG - Importing /opt/airflow/dags/train_dag.py
[2025-06-25T16:06:09.180+0000] {processor.py:842} WARNING - No viable dags retrieved from /opt/airflow/dags/train_dag.py
[2025-06-25T16:06:09.205+0000] {processor.py:183} INFO - Processing /opt/airflow/dags/train_dag.py took 0.061 seconds
[2025-06-25T16:06:40.115+0000] {logging_mixin.py:188} INFO - [2025-06-25T16:06:40.114+0000] {settings.py:250} DEBUG - Setting up DB connection pool (PID 11410)
[2025-06-25T16:06:40.116+0000] {logging_mixin.py:188} INFO - [2025-06-25T16:06:40.116+0000] {settings.py:330} DEBUG - settings.prepare_engine_args(): Using pool settings. pool_size=5, max_overflow=10, pool_recycle=1800, pid=11410
[2025-06-25T16:06:40.126+0000] {processor.py:161} INFO - Started process (PID=11410) to work on /opt/airflow/dags/train_dag.py
[2025-06-25T16:06:40.127+0000] {processor.py:830} INFO - Processing file /opt/airflow/dags/train_dag.py for tasks to queue
[2025-06-25T16:06:40.129+0000] {logging_mixin.py:188} INFO - [2025-06-25T16:06:40.128+0000] {dagbag.py:545} INFO - Filling up the DagBag from /opt/airflow/dags/train_dag.py
[2025-06-25T16:06:40.146+0000] {logging_mixin.py:188} INFO - [2025-06-25T16:06:40.145+0000] {dagbag.py:337} DEBUG - Importing /opt/airflow/dags/train_dag.py
[2025-06-25T16:06:40.157+0000] {processor.py:842} WARNING - No viable dags retrieved from /opt/airflow/dags/train_dag.py
[2025-06-25T16:06:40.184+0000] {processor.py:183} INFO - Processing /opt/airflow/dags/train_dag.py took 0.071 seconds
[2025-06-25T16:07:10.343+0000] {logging_mixin.py:188} INFO - [2025-06-25T16:07:10.342+0000] {settings.py:250} DEBUG - Setting up DB connection pool (PID 11470)
[2025-06-25T16:07:10.345+0000] {logging_mixin.py:188} INFO - [2025-06-25T16:07:10.344+0000] {settings.py:330} DEBUG - settings.prepare_engine_args(): Using pool settings. pool_size=5, max_overflow=10, pool_recycle=1800, pid=11470
[2025-06-25T16:07:10.355+0000] {processor.py:161} INFO - Started process (PID=11470) to work on /opt/airflow/dags/train_dag.py
[2025-06-25T16:07:10.356+0000] {processor.py:830} INFO - Processing file /opt/airflow/dags/train_dag.py for tasks to queue
[2025-06-25T16:07:10.358+0000] {logging_mixin.py:188} INFO - [2025-06-25T16:07:10.357+0000] {dagbag.py:545} INFO - Filling up the DagBag from /opt/airflow/dags/train_dag.py
[2025-06-25T16:07:10.372+0000] {logging_mixin.py:188} INFO - [2025-06-25T16:07:10.372+0000] {dagbag.py:337} DEBUG - Importing /opt/airflow/dags/train_dag.py
[2025-06-25T16:07:10.380+0000] {processor.py:842} WARNING - No viable dags retrieved from /opt/airflow/dags/train_dag.py
[2025-06-25T16:07:10.403+0000] {processor.py:183} INFO - Processing /opt/airflow/dags/train_dag.py took 0.061 seconds
[2025-06-25T16:07:40.970+0000] {logging_mixin.py:188} INFO - [2025-06-25T16:07:40.969+0000] {settings.py:250} DEBUG - Setting up DB connection pool (PID 11532)
[2025-06-25T16:07:40.972+0000] {logging_mixin.py:188} INFO - [2025-06-25T16:07:40.972+0000] {settings.py:330} DEBUG - settings.prepare_engine_args(): Using pool settings. pool_size=5, max_overflow=10, pool_recycle=1800, pid=11532
[2025-06-25T16:07:40.992+0000] {processor.py:161} INFO - Started process (PID=11532) to work on /opt/airflow/dags/train_dag.py
[2025-06-25T16:07:40.994+0000] {processor.py:830} INFO - Processing file /opt/airflow/dags/train_dag.py for tasks to queue
[2025-06-25T16:07:40.997+0000] {logging_mixin.py:188} INFO - [2025-06-25T16:07:40.996+0000] {dagbag.py:545} INFO - Filling up the DagBag from /opt/airflow/dags/train_dag.py
[2025-06-25T16:07:41.017+0000] {logging_mixin.py:188} INFO - [2025-06-25T16:07:41.017+0000] {dagbag.py:337} DEBUG - Importing /opt/airflow/dags/train_dag.py
[2025-06-25T16:07:41.029+0000] {processor.py:842} WARNING - No viable dags retrieved from /opt/airflow/dags/train_dag.py
[2025-06-25T16:07:41.062+0000] {processor.py:183} INFO - Processing /opt/airflow/dags/train_dag.py took 0.093 seconds
[2025-06-25T16:08:11.787+0000] {logging_mixin.py:188} INFO - [2025-06-25T16:08:11.786+0000] {settings.py:250} DEBUG - Setting up DB connection pool (PID 11594)
[2025-06-25T16:08:11.789+0000] {logging_mixin.py:188} INFO - [2025-06-25T16:08:11.789+0000] {settings.py:330} DEBUG - settings.prepare_engine_args(): Using pool settings. pool_size=5, max_overflow=10, pool_recycle=1800, pid=11594
[2025-06-25T16:08:11.801+0000] {processor.py:161} INFO - Started process (PID=11594) to work on /opt/airflow/dags/train_dag.py
[2025-06-25T16:08:11.803+0000] {processor.py:830} INFO - Processing file /opt/airflow/dags/train_dag.py for tasks to queue
[2025-06-25T16:08:11.804+0000] {logging_mixin.py:188} INFO - [2025-06-25T16:08:11.804+0000] {dagbag.py:545} INFO - Filling up the DagBag from /opt/airflow/dags/train_dag.py
[2025-06-25T16:08:11.821+0000] {logging_mixin.py:188} INFO - [2025-06-25T16:08:11.821+0000] {dagbag.py:337} DEBUG - Importing /opt/airflow/dags/train_dag.py
[2025-06-25T16:08:11.830+0000] {processor.py:842} WARNING - No viable dags retrieved from /opt/airflow/dags/train_dag.py
[2025-06-25T16:08:11.859+0000] {processor.py:183} INFO - Processing /opt/airflow/dags/train_dag.py took 0.073 seconds
[2025-06-25T16:51:11.159+0000] {logging_mixin.py:188} INFO - [2025-06-25T16:51:11.157+0000] {settings.py:250} DEBUG - Setting up DB connection pool (PID 58)
[2025-06-25T16:51:11.161+0000] {logging_mixin.py:188} INFO - [2025-06-25T16:51:11.161+0000] {settings.py:330} DEBUG - settings.prepare_engine_args(): Using pool settings. pool_size=5, max_overflow=10, pool_recycle=1800, pid=58
[2025-06-25T16:51:11.174+0000] {processor.py:161} INFO - Started process (PID=58) to work on /opt/airflow/dags/train_dag.py
[2025-06-25T16:51:11.175+0000] {processor.py:830} INFO - Processing file /opt/airflow/dags/train_dag.py for tasks to queue
[2025-06-25T16:51:11.177+0000] {logging_mixin.py:188} INFO - [2025-06-25T16:51:11.176+0000] {dagbag.py:545} INFO - Filling up the DagBag from /opt/airflow/dags/train_dag.py
[2025-06-25T16:51:11.195+0000] {logging_mixin.py:188} INFO - [2025-06-25T16:51:11.195+0000] {dagbag.py:337} DEBUG - Importing /opt/airflow/dags/train_dag.py
[2025-06-25T16:51:11.205+0000] {processor.py:842} WARNING - No viable dags retrieved from /opt/airflow/dags/train_dag.py
[2025-06-25T16:51:11.241+0000] {processor.py:183} INFO - Processing /opt/airflow/dags/train_dag.py took 0.084 seconds
[2025-06-25T16:51:41.942+0000] {logging_mixin.py:188} INFO - [2025-06-25T16:51:41.940+0000] {settings.py:250} DEBUG - Setting up DB connection pool (PID 119)
[2025-06-25T16:51:41.945+0000] {logging_mixin.py:188} INFO - [2025-06-25T16:51:41.945+0000] {settings.py:330} DEBUG - settings.prepare_engine_args(): Using pool settings. pool_size=5, max_overflow=10, pool_recycle=1800, pid=119
[2025-06-25T16:51:41.965+0000] {processor.py:161} INFO - Started process (PID=119) to work on /opt/airflow/dags/train_dag.py
[2025-06-25T16:51:41.967+0000] {processor.py:830} INFO - Processing file /opt/airflow/dags/train_dag.py for tasks to queue
[2025-06-25T16:51:41.970+0000] {logging_mixin.py:188} INFO - [2025-06-25T16:51:41.969+0000] {dagbag.py:545} INFO - Filling up the DagBag from /opt/airflow/dags/train_dag.py
[2025-06-25T16:51:41.989+0000] {logging_mixin.py:188} INFO - [2025-06-25T16:51:41.988+0000] {dagbag.py:337} DEBUG - Importing /opt/airflow/dags/train_dag.py
[2025-06-25T16:51:42.001+0000] {processor.py:842} WARNING - No viable dags retrieved from /opt/airflow/dags/train_dag.py
[2025-06-25T16:51:42.047+0000] {processor.py:183} INFO - Processing /opt/airflow/dags/train_dag.py took 0.108 seconds
[2025-06-25T16:52:12.511+0000] {logging_mixin.py:188} INFO - [2025-06-25T16:52:12.509+0000] {settings.py:250} DEBUG - Setting up DB connection pool (PID 181)
[2025-06-25T16:52:12.513+0000] {logging_mixin.py:188} INFO - [2025-06-25T16:52:12.512+0000] {settings.py:330} DEBUG - settings.prepare_engine_args(): Using pool settings. pool_size=5, max_overflow=10, pool_recycle=1800, pid=181
[2025-06-25T16:52:12.526+0000] {processor.py:161} INFO - Started process (PID=181) to work on /opt/airflow/dags/train_dag.py
[2025-06-25T16:52:12.528+0000] {processor.py:830} INFO - Processing file /opt/airflow/dags/train_dag.py for tasks to queue
[2025-06-25T16:52:12.529+0000] {logging_mixin.py:188} INFO - [2025-06-25T16:52:12.529+0000] {dagbag.py:545} INFO - Filling up the DagBag from /opt/airflow/dags/train_dag.py
[2025-06-25T16:52:12.546+0000] {logging_mixin.py:188} INFO - [2025-06-25T16:52:12.545+0000] {dagbag.py:337} DEBUG - Importing /opt/airflow/dags/train_dag.py
[2025-06-25T16:52:12.555+0000] {processor.py:842} WARNING - No viable dags retrieved from /opt/airflow/dags/train_dag.py
[2025-06-25T16:52:12.582+0000] {processor.py:183} INFO - Processing /opt/airflow/dags/train_dag.py took 0.073 seconds
[2025-06-25T16:52:43.034+0000] {logging_mixin.py:188} INFO - [2025-06-25T16:52:43.032+0000] {settings.py:250} DEBUG - Setting up DB connection pool (PID 243)
[2025-06-25T16:52:43.036+0000] {logging_mixin.py:188} INFO - [2025-06-25T16:52:43.036+0000] {settings.py:330} DEBUG - settings.prepare_engine_args(): Using pool settings. pool_size=5, max_overflow=10, pool_recycle=1800, pid=243
[2025-06-25T16:52:43.051+0000] {processor.py:161} INFO - Started process (PID=243) to work on /opt/airflow/dags/train_dag.py
[2025-06-25T16:52:43.053+0000] {processor.py:830} INFO - Processing file /opt/airflow/dags/train_dag.py for tasks to queue
[2025-06-25T16:52:43.055+0000] {logging_mixin.py:188} INFO - [2025-06-25T16:52:43.054+0000] {dagbag.py:545} INFO - Filling up the DagBag from /opt/airflow/dags/train_dag.py
[2025-06-25T16:52:43.073+0000] {logging_mixin.py:188} INFO - [2025-06-25T16:52:43.073+0000] {dagbag.py:337} DEBUG - Importing /opt/airflow/dags/train_dag.py
[2025-06-25T16:52:43.086+0000] {processor.py:842} WARNING - No viable dags retrieved from /opt/airflow/dags/train_dag.py
[2025-06-25T16:52:43.117+0000] {processor.py:183} INFO - Processing /opt/airflow/dags/train_dag.py took 0.085 seconds
[2025-06-25T16:53:13.797+0000] {logging_mixin.py:188} INFO - [2025-06-25T16:53:13.796+0000] {settings.py:250} DEBUG - Setting up DB connection pool (PID 305)
[2025-06-25T16:53:13.800+0000] {logging_mixin.py:188} INFO - [2025-06-25T16:53:13.799+0000] {settings.py:330} DEBUG - settings.prepare_engine_args(): Using pool settings. pool_size=5, max_overflow=10, pool_recycle=1800, pid=305
[2025-06-25T16:53:13.811+0000] {processor.py:161} INFO - Started process (PID=305) to work on /opt/airflow/dags/train_dag.py
[2025-06-25T16:53:13.813+0000] {processor.py:830} INFO - Processing file /opt/airflow/dags/train_dag.py for tasks to queue
[2025-06-25T16:53:13.814+0000] {logging_mixin.py:188} INFO - [2025-06-25T16:53:13.814+0000] {dagbag.py:545} INFO - Filling up the DagBag from /opt/airflow/dags/train_dag.py
[2025-06-25T16:53:13.833+0000] {logging_mixin.py:188} INFO - [2025-06-25T16:53:13.832+0000] {dagbag.py:337} DEBUG - Importing /opt/airflow/dags/train_dag.py
[2025-06-25T16:53:13.843+0000] {processor.py:842} WARNING - No viable dags retrieved from /opt/airflow/dags/train_dag.py
[2025-06-25T16:53:13.870+0000] {processor.py:183} INFO - Processing /opt/airflow/dags/train_dag.py took 0.074 seconds
[2025-06-25T16:53:44.114+0000] {logging_mixin.py:188} INFO - [2025-06-25T16:53:44.112+0000] {settings.py:250} DEBUG - Setting up DB connection pool (PID 367)
[2025-06-25T16:53:44.117+0000] {logging_mixin.py:188} INFO - [2025-06-25T16:53:44.117+0000] {settings.py:330} DEBUG - settings.prepare_engine_args(): Using pool settings. pool_size=5, max_overflow=10, pool_recycle=1800, pid=367
[2025-06-25T16:53:44.131+0000] {processor.py:161} INFO - Started process (PID=367) to work on /opt/airflow/dags/train_dag.py
[2025-06-25T16:53:44.132+0000] {processor.py:830} INFO - Processing file /opt/airflow/dags/train_dag.py for tasks to queue
[2025-06-25T16:53:44.134+0000] {logging_mixin.py:188} INFO - [2025-06-25T16:53:44.133+0000] {dagbag.py:545} INFO - Filling up the DagBag from /opt/airflow/dags/train_dag.py
[2025-06-25T16:53:44.153+0000] {logging_mixin.py:188} INFO - [2025-06-25T16:53:44.152+0000] {dagbag.py:337} DEBUG - Importing /opt/airflow/dags/train_dag.py
[2025-06-25T16:53:44.166+0000] {processor.py:842} WARNING - No viable dags retrieved from /opt/airflow/dags/train_dag.py
[2025-06-25T16:53:44.199+0000] {processor.py:183} INFO - Processing /opt/airflow/dags/train_dag.py took 0.087 seconds
[2025-06-25T16:54:14.309+0000] {logging_mixin.py:188} INFO - [2025-06-25T16:54:14.308+0000] {settings.py:250} DEBUG - Setting up DB connection pool (PID 429)
[2025-06-25T16:54:14.311+0000] {logging_mixin.py:188} INFO - [2025-06-25T16:54:14.311+0000] {settings.py:330} DEBUG - settings.prepare_engine_args(): Using pool settings. pool_size=5, max_overflow=10, pool_recycle=1800, pid=429
[2025-06-25T16:54:14.327+0000] {processor.py:161} INFO - Started process (PID=429) to work on /opt/airflow/dags/train_dag.py
[2025-06-25T16:54:14.329+0000] {processor.py:830} INFO - Processing file /opt/airflow/dags/train_dag.py for tasks to queue
[2025-06-25T16:54:14.331+0000] {logging_mixin.py:188} INFO - [2025-06-25T16:54:14.331+0000] {dagbag.py:545} INFO - Filling up the DagBag from /opt/airflow/dags/train_dag.py
[2025-06-25T16:54:14.350+0000] {logging_mixin.py:188} INFO - [2025-06-25T16:54:14.350+0000] {dagbag.py:337} DEBUG - Importing /opt/airflow/dags/train_dag.py
[2025-06-25T16:54:14.360+0000] {processor.py:842} WARNING - No viable dags retrieved from /opt/airflow/dags/train_dag.py
[2025-06-25T16:54:14.394+0000] {processor.py:183} INFO - Processing /opt/airflow/dags/train_dag.py took 0.087 seconds
[2025-06-25T16:54:44.835+0000] {logging_mixin.py:188} INFO - [2025-06-25T16:54:44.833+0000] {settings.py:250} DEBUG - Setting up DB connection pool (PID 491)
[2025-06-25T16:54:44.837+0000] {logging_mixin.py:188} INFO - [2025-06-25T16:54:44.837+0000] {settings.py:330} DEBUG - settings.prepare_engine_args(): Using pool settings. pool_size=5, max_overflow=10, pool_recycle=1800, pid=491
[2025-06-25T16:54:44.855+0000] {processor.py:161} INFO - Started process (PID=491) to work on /opt/airflow/dags/train_dag.py
[2025-06-25T16:54:44.856+0000] {processor.py:830} INFO - Processing file /opt/airflow/dags/train_dag.py for tasks to queue
[2025-06-25T16:54:44.858+0000] {logging_mixin.py:188} INFO - [2025-06-25T16:54:44.858+0000] {dagbag.py:545} INFO - Filling up the DagBag from /opt/airflow/dags/train_dag.py
[2025-06-25T16:54:44.879+0000] {logging_mixin.py:188} INFO - [2025-06-25T16:54:44.879+0000] {dagbag.py:337} DEBUG - Importing /opt/airflow/dags/train_dag.py
[2025-06-25T16:54:44.889+0000] {processor.py:842} WARNING - No viable dags retrieved from /opt/airflow/dags/train_dag.py
[2025-06-25T16:54:44.914+0000] {processor.py:183} INFO - Processing /opt/airflow/dags/train_dag.py took 0.081 seconds
[2025-06-25T16:55:15.250+0000] {logging_mixin.py:188} INFO - [2025-06-25T16:55:15.248+0000] {settings.py:250} DEBUG - Setting up DB connection pool (PID 551)
[2025-06-25T16:55:15.251+0000] {logging_mixin.py:188} INFO - [2025-06-25T16:55:15.251+0000] {settings.py:330} DEBUG - settings.prepare_engine_args(): Using pool settings. pool_size=5, max_overflow=10, pool_recycle=1800, pid=551
[2025-06-25T16:55:15.262+0000] {processor.py:161} INFO - Started process (PID=551) to work on /opt/airflow/dags/train_dag.py
[2025-06-25T16:55:15.264+0000] {processor.py:830} INFO - Processing file /opt/airflow/dags/train_dag.py for tasks to queue
[2025-06-25T16:55:15.265+0000] {logging_mixin.py:188} INFO - [2025-06-25T16:55:15.265+0000] {dagbag.py:545} INFO - Filling up the DagBag from /opt/airflow/dags/train_dag.py
[2025-06-25T16:55:15.285+0000] {logging_mixin.py:188} INFO - [2025-06-25T16:55:15.284+0000] {dagbag.py:337} DEBUG - Importing /opt/airflow/dags/train_dag.py
[2025-06-25T16:55:15.296+0000] {processor.py:842} WARNING - No viable dags retrieved from /opt/airflow/dags/train_dag.py
[2025-06-25T16:55:15.335+0000] {processor.py:183} INFO - Processing /opt/airflow/dags/train_dag.py took 0.087 seconds
[2025-06-25T16:55:45.547+0000] {logging_mixin.py:188} INFO - [2025-06-25T16:55:45.546+0000] {settings.py:250} DEBUG - Setting up DB connection pool (PID 613)
[2025-06-25T16:55:45.548+0000] {logging_mixin.py:188} INFO - [2025-06-25T16:55:45.548+0000] {settings.py:330} DEBUG - settings.prepare_engine_args(): Using pool settings. pool_size=5, max_overflow=10, pool_recycle=1800, pid=613
[2025-06-25T16:55:45.557+0000] {processor.py:161} INFO - Started process (PID=613) to work on /opt/airflow/dags/train_dag.py
[2025-06-25T16:55:45.558+0000] {processor.py:830} INFO - Processing file /opt/airflow/dags/train_dag.py for tasks to queue
[2025-06-25T16:55:45.559+0000] {logging_mixin.py:188} INFO - [2025-06-25T16:55:45.559+0000] {dagbag.py:545} INFO - Filling up the DagBag from /opt/airflow/dags/train_dag.py
[2025-06-25T16:55:45.573+0000] {logging_mixin.py:188} INFO - [2025-06-25T16:55:45.573+0000] {dagbag.py:337} DEBUG - Importing /opt/airflow/dags/train_dag.py
[2025-06-25T16:55:45.581+0000] {processor.py:842} WARNING - No viable dags retrieved from /opt/airflow/dags/train_dag.py
[2025-06-25T16:55:45.618+0000] {processor.py:183} INFO - Processing /opt/airflow/dags/train_dag.py took 0.073 seconds
[2025-06-25T16:56:15.898+0000] {logging_mixin.py:188} INFO - [2025-06-25T16:56:15.897+0000] {settings.py:250} DEBUG - Setting up DB connection pool (PID 675)
[2025-06-25T16:56:15.901+0000] {logging_mixin.py:188} INFO - [2025-06-25T16:56:15.900+0000] {settings.py:330} DEBUG - settings.prepare_engine_args(): Using pool settings. pool_size=5, max_overflow=10, pool_recycle=1800, pid=675
[2025-06-25T16:56:15.917+0000] {processor.py:161} INFO - Started process (PID=675) to work on /opt/airflow/dags/train_dag.py
[2025-06-25T16:56:15.918+0000] {processor.py:830} INFO - Processing file /opt/airflow/dags/train_dag.py for tasks to queue
[2025-06-25T16:56:15.919+0000] {logging_mixin.py:188} INFO - [2025-06-25T16:56:15.919+0000] {dagbag.py:545} INFO - Filling up the DagBag from /opt/airflow/dags/train_dag.py
[2025-06-25T16:56:15.936+0000] {logging_mixin.py:188} INFO - [2025-06-25T16:56:15.935+0000] {dagbag.py:337} DEBUG - Importing /opt/airflow/dags/train_dag.py
[2025-06-25T16:56:15.945+0000] {processor.py:842} WARNING - No viable dags retrieved from /opt/airflow/dags/train_dag.py
[2025-06-25T16:56:15.974+0000] {processor.py:183} INFO - Processing /opt/airflow/dags/train_dag.py took 0.078 seconds
[2025-06-25T16:56:46.135+0000] {logging_mixin.py:188} INFO - [2025-06-25T16:56:46.133+0000] {settings.py:250} DEBUG - Setting up DB connection pool (PID 737)
[2025-06-25T16:56:46.136+0000] {logging_mixin.py:188} INFO - [2025-06-25T16:56:46.136+0000] {settings.py:330} DEBUG - settings.prepare_engine_args(): Using pool settings. pool_size=5, max_overflow=10, pool_recycle=1800, pid=737
[2025-06-25T16:56:46.147+0000] {processor.py:161} INFO - Started process (PID=737) to work on /opt/airflow/dags/train_dag.py
[2025-06-25T16:56:46.149+0000] {processor.py:830} INFO - Processing file /opt/airflow/dags/train_dag.py for tasks to queue
[2025-06-25T16:56:46.150+0000] {logging_mixin.py:188} INFO - [2025-06-25T16:56:46.150+0000] {dagbag.py:545} INFO - Filling up the DagBag from /opt/airflow/dags/train_dag.py
[2025-06-25T16:56:46.174+0000] {logging_mixin.py:188} INFO - [2025-06-25T16:56:46.174+0000] {dagbag.py:337} DEBUG - Importing /opt/airflow/dags/train_dag.py
[2025-06-25T16:56:46.185+0000] {processor.py:842} WARNING - No viable dags retrieved from /opt/airflow/dags/train_dag.py
[2025-06-25T16:56:46.215+0000] {processor.py:183} INFO - Processing /opt/airflow/dags/train_dag.py took 0.083 seconds
[2025-06-25T16:57:16.557+0000] {logging_mixin.py:188} INFO - [2025-06-25T16:57:16.556+0000] {settings.py:250} DEBUG - Setting up DB connection pool (PID 800)
[2025-06-25T16:57:16.559+0000] {logging_mixin.py:188} INFO - [2025-06-25T16:57:16.559+0000] {settings.py:330} DEBUG - settings.prepare_engine_args(): Using pool settings. pool_size=5, max_overflow=10, pool_recycle=1800, pid=800
[2025-06-25T16:57:16.568+0000] {processor.py:161} INFO - Started process (PID=800) to work on /opt/airflow/dags/train_dag.py
[2025-06-25T16:57:16.569+0000] {processor.py:830} INFO - Processing file /opt/airflow/dags/train_dag.py for tasks to queue
[2025-06-25T16:57:16.570+0000] {logging_mixin.py:188} INFO - [2025-06-25T16:57:16.570+0000] {dagbag.py:545} INFO - Filling up the DagBag from /opt/airflow/dags/train_dag.py
[2025-06-25T16:57:16.585+0000] {logging_mixin.py:188} INFO - [2025-06-25T16:57:16.584+0000] {dagbag.py:337} DEBUG - Importing /opt/airflow/dags/train_dag.py
[2025-06-25T16:57:16.593+0000] {processor.py:842} WARNING - No viable dags retrieved from /opt/airflow/dags/train_dag.py
[2025-06-25T16:57:16.623+0000] {processor.py:183} INFO - Processing /opt/airflow/dags/train_dag.py took 0.067 seconds
[2025-06-25T16:57:47.000+0000] {logging_mixin.py:188} INFO - [2025-06-25T16:57:46.998+0000] {settings.py:250} DEBUG - Setting up DB connection pool (PID 862)
[2025-06-25T16:57:47.002+0000] {logging_mixin.py:188} INFO - [2025-06-25T16:57:47.002+0000] {settings.py:330} DEBUG - settings.prepare_engine_args(): Using pool settings. pool_size=5, max_overflow=10, pool_recycle=1800, pid=862
[2025-06-25T16:57:47.013+0000] {processor.py:161} INFO - Started process (PID=862) to work on /opt/airflow/dags/train_dag.py
[2025-06-25T16:57:47.014+0000] {processor.py:830} INFO - Processing file /opt/airflow/dags/train_dag.py for tasks to queue
[2025-06-25T16:57:47.015+0000] {logging_mixin.py:188} INFO - [2025-06-25T16:57:47.015+0000] {dagbag.py:545} INFO - Filling up the DagBag from /opt/airflow/dags/train_dag.py
[2025-06-25T16:57:47.032+0000] {logging_mixin.py:188} INFO - [2025-06-25T16:57:47.032+0000] {dagbag.py:337} DEBUG - Importing /opt/airflow/dags/train_dag.py
[2025-06-25T16:57:47.043+0000] {processor.py:842} WARNING - No viable dags retrieved from /opt/airflow/dags/train_dag.py
[2025-06-25T16:57:47.099+0000] {processor.py:183} INFO - Processing /opt/airflow/dags/train_dag.py took 0.101 seconds
[2025-06-25T16:58:17.499+0000] {logging_mixin.py:188} INFO - [2025-06-25T16:58:17.498+0000] {settings.py:250} DEBUG - Setting up DB connection pool (PID 930)
[2025-06-25T16:58:17.501+0000] {logging_mixin.py:188} INFO - [2025-06-25T16:58:17.501+0000] {settings.py:330} DEBUG - settings.prepare_engine_args(): Using pool settings. pool_size=5, max_overflow=10, pool_recycle=1800, pid=930
[2025-06-25T16:58:17.511+0000] {processor.py:161} INFO - Started process (PID=930) to work on /opt/airflow/dags/train_dag.py
[2025-06-25T16:58:17.512+0000] {processor.py:830} INFO - Processing file /opt/airflow/dags/train_dag.py for tasks to queue
[2025-06-25T16:58:17.514+0000] {logging_mixin.py:188} INFO - [2025-06-25T16:58:17.513+0000] {dagbag.py:545} INFO - Filling up the DagBag from /opt/airflow/dags/train_dag.py
[2025-06-25T16:58:17.528+0000] {logging_mixin.py:188} INFO - [2025-06-25T16:58:17.528+0000] {dagbag.py:337} DEBUG - Importing /opt/airflow/dags/train_dag.py
[2025-06-25T16:58:17.536+0000] {processor.py:842} WARNING - No viable dags retrieved from /opt/airflow/dags/train_dag.py
[2025-06-25T16:58:17.563+0000] {processor.py:183} INFO - Processing /opt/airflow/dags/train_dag.py took 0.064 seconds
[2025-06-25T16:58:48.142+0000] {logging_mixin.py:188} INFO - [2025-06-25T16:58:48.140+0000] {settings.py:250} DEBUG - Setting up DB connection pool (PID 992)
[2025-06-25T16:58:48.144+0000] {logging_mixin.py:188} INFO - [2025-06-25T16:58:48.143+0000] {settings.py:330} DEBUG - settings.prepare_engine_args(): Using pool settings. pool_size=5, max_overflow=10, pool_recycle=1800, pid=992
[2025-06-25T16:58:48.156+0000] {processor.py:161} INFO - Started process (PID=992) to work on /opt/airflow/dags/train_dag.py
[2025-06-25T16:58:48.157+0000] {processor.py:830} INFO - Processing file /opt/airflow/dags/train_dag.py for tasks to queue
[2025-06-25T16:58:48.158+0000] {logging_mixin.py:188} INFO - [2025-06-25T16:58:48.158+0000] {dagbag.py:545} INFO - Filling up the DagBag from /opt/airflow/dags/train_dag.py
[2025-06-25T16:58:48.174+0000] {logging_mixin.py:188} INFO - [2025-06-25T16:58:48.174+0000] {dagbag.py:337} DEBUG - Importing /opt/airflow/dags/train_dag.py
[2025-06-25T16:58:48.182+0000] {processor.py:842} WARNING - No viable dags retrieved from /opt/airflow/dags/train_dag.py
[2025-06-25T16:58:48.205+0000] {processor.py:183} INFO - Processing /opt/airflow/dags/train_dag.py took 0.065 seconds
[2025-06-25T16:59:18.938+0000] {logging_mixin.py:188} INFO - [2025-06-25T16:59:18.936+0000] {settings.py:250} DEBUG - Setting up DB connection pool (PID 1054)
[2025-06-25T16:59:18.941+0000] {logging_mixin.py:188} INFO - [2025-06-25T16:59:18.940+0000] {settings.py:330} DEBUG - settings.prepare_engine_args(): Using pool settings. pool_size=5, max_overflow=10, pool_recycle=1800, pid=1054
[2025-06-25T16:59:18.958+0000] {processor.py:161} INFO - Started process (PID=1054) to work on /opt/airflow/dags/train_dag.py
[2025-06-25T16:59:18.960+0000] {processor.py:830} INFO - Processing file /opt/airflow/dags/train_dag.py for tasks to queue
[2025-06-25T16:59:18.962+0000] {logging_mixin.py:188} INFO - [2025-06-25T16:59:18.962+0000] {dagbag.py:545} INFO - Filling up the DagBag from /opt/airflow/dags/train_dag.py
[2025-06-25T16:59:18.985+0000] {logging_mixin.py:188} INFO - [2025-06-25T16:59:18.984+0000] {dagbag.py:337} DEBUG - Importing /opt/airflow/dags/train_dag.py
[2025-06-25T16:59:18.996+0000] {processor.py:842} WARNING - No viable dags retrieved from /opt/airflow/dags/train_dag.py
[2025-06-25T16:59:19.031+0000] {processor.py:183} INFO - Processing /opt/airflow/dags/train_dag.py took 0.096 seconds
[2025-06-25T16:59:49.275+0000] {logging_mixin.py:188} INFO - [2025-06-25T16:59:49.273+0000] {settings.py:250} DEBUG - Setting up DB connection pool (PID 1114)
[2025-06-25T16:59:49.277+0000] {logging_mixin.py:188} INFO - [2025-06-25T16:59:49.277+0000] {settings.py:330} DEBUG - settings.prepare_engine_args(): Using pool settings. pool_size=5, max_overflow=10, pool_recycle=1800, pid=1114
[2025-06-25T16:59:49.288+0000] {processor.py:161} INFO - Started process (PID=1114) to work on /opt/airflow/dags/train_dag.py
[2025-06-25T16:59:49.289+0000] {processor.py:830} INFO - Processing file /opt/airflow/dags/train_dag.py for tasks to queue
[2025-06-25T16:59:49.291+0000] {logging_mixin.py:188} INFO - [2025-06-25T16:59:49.291+0000] {dagbag.py:545} INFO - Filling up the DagBag from /opt/airflow/dags/train_dag.py
[2025-06-25T16:59:49.312+0000] {logging_mixin.py:188} INFO - [2025-06-25T16:59:49.311+0000] {dagbag.py:337} DEBUG - Importing /opt/airflow/dags/train_dag.py
[2025-06-25T16:59:49.323+0000] {processor.py:842} WARNING - No viable dags retrieved from /opt/airflow/dags/train_dag.py
[2025-06-25T16:59:49.358+0000] {processor.py:183} INFO - Processing /opt/airflow/dags/train_dag.py took 0.085 seconds
[2025-06-25T17:00:19.787+0000] {logging_mixin.py:188} INFO - [2025-06-25T17:00:19.786+0000] {settings.py:250} DEBUG - Setting up DB connection pool (PID 1176)
[2025-06-25T17:00:19.789+0000] {logging_mixin.py:188} INFO - [2025-06-25T17:00:19.789+0000] {settings.py:330} DEBUG - settings.prepare_engine_args(): Using pool settings. pool_size=5, max_overflow=10, pool_recycle=1800, pid=1176
[2025-06-25T17:00:19.800+0000] {processor.py:161} INFO - Started process (PID=1176) to work on /opt/airflow/dags/train_dag.py
[2025-06-25T17:00:19.802+0000] {processor.py:830} INFO - Processing file /opt/airflow/dags/train_dag.py for tasks to queue
[2025-06-25T17:00:19.803+0000] {logging_mixin.py:188} INFO - [2025-06-25T17:00:19.803+0000] {dagbag.py:545} INFO - Filling up the DagBag from /opt/airflow/dags/train_dag.py
[2025-06-25T17:00:19.822+0000] {logging_mixin.py:188} INFO - [2025-06-25T17:00:19.821+0000] {dagbag.py:337} DEBUG - Importing /opt/airflow/dags/train_dag.py
[2025-06-25T17:00:19.832+0000] {processor.py:842} WARNING - No viable dags retrieved from /opt/airflow/dags/train_dag.py
[2025-06-25T17:00:19.862+0000] {processor.py:183} INFO - Processing /opt/airflow/dags/train_dag.py took 0.077 seconds
[2025-06-25T17:00:50.482+0000] {logging_mixin.py:188} INFO - [2025-06-25T17:00:50.480+0000] {settings.py:250} DEBUG - Setting up DB connection pool (PID 1237)
[2025-06-25T17:00:50.484+0000] {logging_mixin.py:188} INFO - [2025-06-25T17:00:50.483+0000] {settings.py:330} DEBUG - settings.prepare_engine_args(): Using pool settings. pool_size=5, max_overflow=10, pool_recycle=1800, pid=1237
[2025-06-25T17:00:50.497+0000] {processor.py:161} INFO - Started process (PID=1237) to work on /opt/airflow/dags/train_dag.py
[2025-06-25T17:00:50.498+0000] {processor.py:830} INFO - Processing file /opt/airflow/dags/train_dag.py for tasks to queue
[2025-06-25T17:00:50.500+0000] {logging_mixin.py:188} INFO - [2025-06-25T17:00:50.500+0000] {dagbag.py:545} INFO - Filling up the DagBag from /opt/airflow/dags/train_dag.py
[2025-06-25T17:00:50.516+0000] {logging_mixin.py:188} INFO - [2025-06-25T17:00:50.516+0000] {dagbag.py:337} DEBUG - Importing /opt/airflow/dags/train_dag.py
[2025-06-25T17:00:50.525+0000] {processor.py:842} WARNING - No viable dags retrieved from /opt/airflow/dags/train_dag.py
[2025-06-25T17:00:50.558+0000] {processor.py:183} INFO - Processing /opt/airflow/dags/train_dag.py took 0.077 seconds
[2025-06-25T17:01:21.218+0000] {logging_mixin.py:188} INFO - [2025-06-25T17:01:21.217+0000] {settings.py:250} DEBUG - Setting up DB connection pool (PID 1299)
[2025-06-25T17:01:21.220+0000] {logging_mixin.py:188} INFO - [2025-06-25T17:01:21.220+0000] {settings.py:330} DEBUG - settings.prepare_engine_args(): Using pool settings. pool_size=5, max_overflow=10, pool_recycle=1800, pid=1299
[2025-06-25T17:01:21.233+0000] {processor.py:161} INFO - Started process (PID=1299) to work on /opt/airflow/dags/train_dag.py
[2025-06-25T17:01:21.235+0000] {processor.py:830} INFO - Processing file /opt/airflow/dags/train_dag.py for tasks to queue
[2025-06-25T17:01:21.236+0000] {logging_mixin.py:188} INFO - [2025-06-25T17:01:21.235+0000] {dagbag.py:545} INFO - Filling up the DagBag from /opt/airflow/dags/train_dag.py
[2025-06-25T17:01:21.255+0000] {logging_mixin.py:188} INFO - [2025-06-25T17:01:21.255+0000] {dagbag.py:337} DEBUG - Importing /opt/airflow/dags/train_dag.py
[2025-06-25T17:01:21.268+0000] {processor.py:842} WARNING - No viable dags retrieved from /opt/airflow/dags/train_dag.py
[2025-06-25T17:01:21.299+0000] {processor.py:183} INFO - Processing /opt/airflow/dags/train_dag.py took 0.083 seconds
[2025-06-25T17:01:51.780+0000] {logging_mixin.py:188} INFO - [2025-06-25T17:01:51.778+0000] {settings.py:250} DEBUG - Setting up DB connection pool (PID 1361)
[2025-06-25T17:01:51.782+0000] {logging_mixin.py:188} INFO - [2025-06-25T17:01:51.781+0000] {settings.py:330} DEBUG - settings.prepare_engine_args(): Using pool settings. pool_size=5, max_overflow=10, pool_recycle=1800, pid=1361
[2025-06-25T17:01:51.793+0000] {processor.py:161} INFO - Started process (PID=1361) to work on /opt/airflow/dags/train_dag.py
[2025-06-25T17:01:51.794+0000] {processor.py:830} INFO - Processing file /opt/airflow/dags/train_dag.py for tasks to queue
[2025-06-25T17:01:51.795+0000] {logging_mixin.py:188} INFO - [2025-06-25T17:01:51.795+0000] {dagbag.py:545} INFO - Filling up the DagBag from /opt/airflow/dags/train_dag.py
[2025-06-25T17:01:51.813+0000] {logging_mixin.py:188} INFO - [2025-06-25T17:01:51.812+0000] {dagbag.py:337} DEBUG - Importing /opt/airflow/dags/train_dag.py
[2025-06-25T17:01:51.828+0000] {processor.py:842} WARNING - No viable dags retrieved from /opt/airflow/dags/train_dag.py
[2025-06-25T17:01:51.864+0000] {processor.py:183} INFO - Processing /opt/airflow/dags/train_dag.py took 0.086 seconds
[2025-06-25T17:02:22.058+0000] {logging_mixin.py:188} INFO - [2025-06-25T17:02:22.057+0000] {settings.py:250} DEBUG - Setting up DB connection pool (PID 1425)
[2025-06-25T17:02:22.060+0000] {logging_mixin.py:188} INFO - [2025-06-25T17:02:22.060+0000] {settings.py:330} DEBUG - settings.prepare_engine_args(): Using pool settings. pool_size=5, max_overflow=10, pool_recycle=1800, pid=1425
[2025-06-25T17:02:22.073+0000] {processor.py:161} INFO - Started process (PID=1425) to work on /opt/airflow/dags/train_dag.py
[2025-06-25T17:02:22.074+0000] {processor.py:830} INFO - Processing file /opt/airflow/dags/train_dag.py for tasks to queue
[2025-06-25T17:02:22.076+0000] {logging_mixin.py:188} INFO - [2025-06-25T17:02:22.075+0000] {dagbag.py:545} INFO - Filling up the DagBag from /opt/airflow/dags/train_dag.py
[2025-06-25T17:02:22.093+0000] {logging_mixin.py:188} INFO - [2025-06-25T17:02:22.093+0000] {dagbag.py:337} DEBUG - Importing /opt/airflow/dags/train_dag.py
[2025-06-25T17:02:22.103+0000] {processor.py:842} WARNING - No viable dags retrieved from /opt/airflow/dags/train_dag.py
[2025-06-25T17:02:22.133+0000] {processor.py:183} INFO - Processing /opt/airflow/dags/train_dag.py took 0.076 seconds
[2025-06-25T17:02:52.825+0000] {logging_mixin.py:188} INFO - [2025-06-25T17:02:52.824+0000] {settings.py:250} DEBUG - Setting up DB connection pool (PID 1487)
[2025-06-25T17:02:52.827+0000] {logging_mixin.py:188} INFO - [2025-06-25T17:02:52.827+0000] {settings.py:330} DEBUG - settings.prepare_engine_args(): Using pool settings. pool_size=5, max_overflow=10, pool_recycle=1800, pid=1487
[2025-06-25T17:02:52.837+0000] {processor.py:161} INFO - Started process (PID=1487) to work on /opt/airflow/dags/train_dag.py
[2025-06-25T17:02:52.838+0000] {processor.py:830} INFO - Processing file /opt/airflow/dags/train_dag.py for tasks to queue
[2025-06-25T17:02:52.839+0000] {logging_mixin.py:188} INFO - [2025-06-25T17:02:52.839+0000] {dagbag.py:545} INFO - Filling up the DagBag from /opt/airflow/dags/train_dag.py
[2025-06-25T17:02:52.862+0000] {logging_mixin.py:188} INFO - [2025-06-25T17:02:52.861+0000] {dagbag.py:337} DEBUG - Importing /opt/airflow/dags/train_dag.py
[2025-06-25T17:02:52.872+0000] {processor.py:842} WARNING - No viable dags retrieved from /opt/airflow/dags/train_dag.py
[2025-06-25T17:02:52.898+0000] {processor.py:183} INFO - Processing /opt/airflow/dags/train_dag.py took 0.074 seconds
[2025-06-25T17:03:23.229+0000] {logging_mixin.py:188} INFO - [2025-06-25T17:03:23.228+0000] {settings.py:250} DEBUG - Setting up DB connection pool (PID 1550)
[2025-06-25T17:03:23.231+0000] {logging_mixin.py:188} INFO - [2025-06-25T17:03:23.231+0000] {settings.py:330} DEBUG - settings.prepare_engine_args(): Using pool settings. pool_size=5, max_overflow=10, pool_recycle=1800, pid=1550
[2025-06-25T17:03:23.251+0000] {processor.py:161} INFO - Started process (PID=1550) to work on /opt/airflow/dags/train_dag.py
[2025-06-25T17:03:23.253+0000] {processor.py:830} INFO - Processing file /opt/airflow/dags/train_dag.py for tasks to queue
[2025-06-25T17:03:23.255+0000] {logging_mixin.py:188} INFO - [2025-06-25T17:03:23.255+0000] {dagbag.py:545} INFO - Filling up the DagBag from /opt/airflow/dags/train_dag.py
[2025-06-25T17:03:23.273+0000] {logging_mixin.py:188} INFO - [2025-06-25T17:03:23.272+0000] {dagbag.py:337} DEBUG - Importing /opt/airflow/dags/train_dag.py
[2025-06-25T17:03:23.281+0000] {processor.py:842} WARNING - No viable dags retrieved from /opt/airflow/dags/train_dag.py
[2025-06-25T17:03:23.307+0000] {processor.py:183} INFO - Processing /opt/airflow/dags/train_dag.py took 0.079 seconds
[2025-06-25T17:03:53.692+0000] {logging_mixin.py:188} INFO - [2025-06-25T17:03:53.691+0000] {settings.py:250} DEBUG - Setting up DB connection pool (PID 1610)
[2025-06-25T17:03:53.694+0000] {logging_mixin.py:188} INFO - [2025-06-25T17:03:53.693+0000] {settings.py:330} DEBUG - settings.prepare_engine_args(): Using pool settings. pool_size=5, max_overflow=10, pool_recycle=1800, pid=1610
[2025-06-25T17:03:53.707+0000] {processor.py:161} INFO - Started process (PID=1610) to work on /opt/airflow/dags/train_dag.py
[2025-06-25T17:03:53.708+0000] {processor.py:830} INFO - Processing file /opt/airflow/dags/train_dag.py for tasks to queue
[2025-06-25T17:03:53.710+0000] {logging_mixin.py:188} INFO - [2025-06-25T17:03:53.710+0000] {dagbag.py:545} INFO - Filling up the DagBag from /opt/airflow/dags/train_dag.py
[2025-06-25T17:03:53.732+0000] {logging_mixin.py:188} INFO - [2025-06-25T17:03:53.731+0000] {dagbag.py:337} DEBUG - Importing /opt/airflow/dags/train_dag.py
[2025-06-25T17:03:53.742+0000] {processor.py:842} WARNING - No viable dags retrieved from /opt/airflow/dags/train_dag.py
[2025-06-25T17:03:53.777+0000] {processor.py:183} INFO - Processing /opt/airflow/dags/train_dag.py took 0.086 seconds
[2025-06-25T17:04:24.697+0000] {logging_mixin.py:188} INFO - [2025-06-25T17:04:24.695+0000] {settings.py:250} DEBUG - Setting up DB connection pool (PID 1672)
[2025-06-25T17:04:24.700+0000] {logging_mixin.py:188} INFO - [2025-06-25T17:04:24.700+0000] {settings.py:330} DEBUG - settings.prepare_engine_args(): Using pool settings. pool_size=5, max_overflow=10, pool_recycle=1800, pid=1672
[2025-06-25T17:04:24.718+0000] {processor.py:161} INFO - Started process (PID=1672) to work on /opt/airflow/dags/train_dag.py
[2025-06-25T17:04:24.719+0000] {processor.py:830} INFO - Processing file /opt/airflow/dags/train_dag.py for tasks to queue
[2025-06-25T17:04:24.721+0000] {logging_mixin.py:188} INFO - [2025-06-25T17:04:24.721+0000] {dagbag.py:545} INFO - Filling up the DagBag from /opt/airflow/dags/train_dag.py
[2025-06-25T17:04:24.742+0000] {logging_mixin.py:188} INFO - [2025-06-25T17:04:24.741+0000] {dagbag.py:337} DEBUG - Importing /opt/airflow/dags/train_dag.py
[2025-06-25T17:04:24.752+0000] {processor.py:842} WARNING - No viable dags retrieved from /opt/airflow/dags/train_dag.py
[2025-06-25T17:04:24.783+0000] {processor.py:183} INFO - Processing /opt/airflow/dags/train_dag.py took 0.088 seconds
[2025-06-25T17:04:54.951+0000] {logging_mixin.py:188} INFO - [2025-06-25T17:04:54.949+0000] {settings.py:250} DEBUG - Setting up DB connection pool (PID 1734)
[2025-06-25T17:04:54.954+0000] {logging_mixin.py:188} INFO - [2025-06-25T17:04:54.954+0000] {settings.py:330} DEBUG - settings.prepare_engine_args(): Using pool settings. pool_size=5, max_overflow=10, pool_recycle=1800, pid=1734
[2025-06-25T17:04:54.973+0000] {processor.py:161} INFO - Started process (PID=1734) to work on /opt/airflow/dags/train_dag.py
[2025-06-25T17:04:54.975+0000] {processor.py:830} INFO - Processing file /opt/airflow/dags/train_dag.py for tasks to queue
[2025-06-25T17:04:54.977+0000] {logging_mixin.py:188} INFO - [2025-06-25T17:04:54.977+0000] {dagbag.py:545} INFO - Filling up the DagBag from /opt/airflow/dags/train_dag.py
[2025-06-25T17:04:55.004+0000] {logging_mixin.py:188} INFO - [2025-06-25T17:04:55.003+0000] {dagbag.py:337} DEBUG - Importing /opt/airflow/dags/train_dag.py
[2025-06-25T17:04:55.015+0000] {processor.py:842} WARNING - No viable dags retrieved from /opt/airflow/dags/train_dag.py
[2025-06-25T17:04:55.048+0000] {processor.py:183} INFO - Processing /opt/airflow/dags/train_dag.py took 0.100 seconds
[2025-06-25T17:05:25.732+0000] {logging_mixin.py:188} INFO - [2025-06-25T17:05:25.730+0000] {settings.py:250} DEBUG - Setting up DB connection pool (PID 1796)
[2025-06-25T17:05:25.734+0000] {logging_mixin.py:188} INFO - [2025-06-25T17:05:25.733+0000] {settings.py:330} DEBUG - settings.prepare_engine_args(): Using pool settings. pool_size=5, max_overflow=10, pool_recycle=1800, pid=1796
[2025-06-25T17:05:25.750+0000] {processor.py:161} INFO - Started process (PID=1796) to work on /opt/airflow/dags/train_dag.py
[2025-06-25T17:05:25.752+0000] {processor.py:830} INFO - Processing file /opt/airflow/dags/train_dag.py for tasks to queue
[2025-06-25T17:05:25.753+0000] {logging_mixin.py:188} INFO - [2025-06-25T17:05:25.753+0000] {dagbag.py:545} INFO - Filling up the DagBag from /opt/airflow/dags/train_dag.py
[2025-06-25T17:05:25.774+0000] {logging_mixin.py:188} INFO - [2025-06-25T17:05:25.773+0000] {dagbag.py:337} DEBUG - Importing /opt/airflow/dags/train_dag.py
[2025-06-25T17:05:25.783+0000] {processor.py:842} WARNING - No viable dags retrieved from /opt/airflow/dags/train_dag.py
[2025-06-25T17:05:25.819+0000] {processor.py:183} INFO - Processing /opt/airflow/dags/train_dag.py took 0.089 seconds
[2025-06-25T17:05:56.631+0000] {logging_mixin.py:188} INFO - [2025-06-25T17:05:56.629+0000] {settings.py:250} DEBUG - Setting up DB connection pool (PID 1858)
[2025-06-25T17:05:56.633+0000] {logging_mixin.py:188} INFO - [2025-06-25T17:05:56.633+0000] {settings.py:330} DEBUG - settings.prepare_engine_args(): Using pool settings. pool_size=5, max_overflow=10, pool_recycle=1800, pid=1858
[2025-06-25T17:05:56.651+0000] {processor.py:161} INFO - Started process (PID=1858) to work on /opt/airflow/dags/train_dag.py
[2025-06-25T17:05:56.653+0000] {processor.py:830} INFO - Processing file /opt/airflow/dags/train_dag.py for tasks to queue
[2025-06-25T17:05:56.655+0000] {logging_mixin.py:188} INFO - [2025-06-25T17:05:56.654+0000] {dagbag.py:545} INFO - Filling up the DagBag from /opt/airflow/dags/train_dag.py
[2025-06-25T17:05:56.676+0000] {logging_mixin.py:188} INFO - [2025-06-25T17:05:56.676+0000] {dagbag.py:337} DEBUG - Importing /opt/airflow/dags/train_dag.py
[2025-06-25T17:05:56.687+0000] {processor.py:842} WARNING - No viable dags retrieved from /opt/airflow/dags/train_dag.py
[2025-06-25T17:05:56.721+0000] {processor.py:183} INFO - Processing /opt/airflow/dags/train_dag.py took 0.092 seconds
[2025-06-25T17:06:27.430+0000] {logging_mixin.py:188} INFO - [2025-06-25T17:06:27.428+0000] {settings.py:250} DEBUG - Setting up DB connection pool (PID 1920)
[2025-06-25T17:06:27.432+0000] {logging_mixin.py:188} INFO - [2025-06-25T17:06:27.432+0000] {settings.py:330} DEBUG - settings.prepare_engine_args(): Using pool settings. pool_size=5, max_overflow=10, pool_recycle=1800, pid=1920
[2025-06-25T17:06:27.444+0000] {processor.py:161} INFO - Started process (PID=1920) to work on /opt/airflow/dags/train_dag.py
[2025-06-25T17:06:27.446+0000] {processor.py:830} INFO - Processing file /opt/airflow/dags/train_dag.py for tasks to queue
[2025-06-25T17:06:27.449+0000] {logging_mixin.py:188} INFO - [2025-06-25T17:06:27.449+0000] {dagbag.py:545} INFO - Filling up the DagBag from /opt/airflow/dags/train_dag.py
[2025-06-25T17:06:27.469+0000] {logging_mixin.py:188} INFO - [2025-06-25T17:06:27.469+0000] {dagbag.py:337} DEBUG - Importing /opt/airflow/dags/train_dag.py
[2025-06-25T17:06:27.478+0000] {processor.py:842} WARNING - No viable dags retrieved from /opt/airflow/dags/train_dag.py
[2025-06-25T17:06:27.511+0000] {processor.py:183} INFO - Processing /opt/airflow/dags/train_dag.py took 0.083 seconds
[2025-06-25T17:06:57.928+0000] {logging_mixin.py:188} INFO - [2025-06-25T17:06:57.926+0000] {settings.py:250} DEBUG - Setting up DB connection pool (PID 1982)
[2025-06-25T17:06:57.930+0000] {logging_mixin.py:188} INFO - [2025-06-25T17:06:57.929+0000] {settings.py:330} DEBUG - settings.prepare_engine_args(): Using pool settings. pool_size=5, max_overflow=10, pool_recycle=1800, pid=1982
[2025-06-25T17:06:57.946+0000] {processor.py:161} INFO - Started process (PID=1982) to work on /opt/airflow/dags/train_dag.py
[2025-06-25T17:06:57.948+0000] {processor.py:830} INFO - Processing file /opt/airflow/dags/train_dag.py for tasks to queue
[2025-06-25T17:06:57.950+0000] {logging_mixin.py:188} INFO - [2025-06-25T17:06:57.950+0000] {dagbag.py:545} INFO - Filling up the DagBag from /opt/airflow/dags/train_dag.py
[2025-06-25T17:06:57.971+0000] {logging_mixin.py:188} INFO - [2025-06-25T17:06:57.971+0000] {dagbag.py:337} DEBUG - Importing /opt/airflow/dags/train_dag.py
[2025-06-25T17:06:57.982+0000] {processor.py:842} WARNING - No viable dags retrieved from /opt/airflow/dags/train_dag.py
[2025-06-25T17:06:58.013+0000] {processor.py:183} INFO - Processing /opt/airflow/dags/train_dag.py took 0.087 seconds
[2025-06-25T17:07:28.266+0000] {logging_mixin.py:188} INFO - [2025-06-25T17:07:28.264+0000] {settings.py:250} DEBUG - Setting up DB connection pool (PID 2044)
[2025-06-25T17:07:28.269+0000] {logging_mixin.py:188} INFO - [2025-06-25T17:07:28.269+0000] {settings.py:330} DEBUG - settings.prepare_engine_args(): Using pool settings. pool_size=5, max_overflow=10, pool_recycle=1800, pid=2044
[2025-06-25T17:07:28.283+0000] {processor.py:161} INFO - Started process (PID=2044) to work on /opt/airflow/dags/train_dag.py
[2025-06-25T17:07:28.285+0000] {processor.py:830} INFO - Processing file /opt/airflow/dags/train_dag.py for tasks to queue
[2025-06-25T17:07:28.286+0000] {logging_mixin.py:188} INFO - [2025-06-25T17:07:28.286+0000] {dagbag.py:545} INFO - Filling up the DagBag from /opt/airflow/dags/train_dag.py
[2025-06-25T17:07:28.304+0000] {logging_mixin.py:188} INFO - [2025-06-25T17:07:28.303+0000] {dagbag.py:337} DEBUG - Importing /opt/airflow/dags/train_dag.py
[2025-06-25T17:07:28.313+0000] {processor.py:842} WARNING - No viable dags retrieved from /opt/airflow/dags/train_dag.py
[2025-06-25T17:07:28.340+0000] {processor.py:183} INFO - Processing /opt/airflow/dags/train_dag.py took 0.076 seconds
[2025-06-25T17:07:58.837+0000] {logging_mixin.py:188} INFO - [2025-06-25T17:07:58.835+0000] {settings.py:250} DEBUG - Setting up DB connection pool (PID 2106)
[2025-06-25T17:07:58.840+0000] {logging_mixin.py:188} INFO - [2025-06-25T17:07:58.839+0000] {settings.py:330} DEBUG - settings.prepare_engine_args(): Using pool settings. pool_size=5, max_overflow=10, pool_recycle=1800, pid=2106
[2025-06-25T17:07:58.856+0000] {processor.py:161} INFO - Started process (PID=2106) to work on /opt/airflow/dags/train_dag.py
[2025-06-25T17:07:58.858+0000] {processor.py:830} INFO - Processing file /opt/airflow/dags/train_dag.py for tasks to queue
[2025-06-25T17:07:58.860+0000] {logging_mixin.py:188} INFO - [2025-06-25T17:07:58.860+0000] {dagbag.py:545} INFO - Filling up the DagBag from /opt/airflow/dags/train_dag.py
[2025-06-25T17:07:58.882+0000] {logging_mixin.py:188} INFO - [2025-06-25T17:07:58.881+0000] {dagbag.py:337} DEBUG - Importing /opt/airflow/dags/train_dag.py
[2025-06-25T17:07:58.895+0000] {processor.py:842} WARNING - No viable dags retrieved from /opt/airflow/dags/train_dag.py
[2025-06-25T17:07:58.928+0000] {processor.py:183} INFO - Processing /opt/airflow/dags/train_dag.py took 0.093 seconds
[2025-06-25T17:08:29.082+0000] {logging_mixin.py:188} INFO - [2025-06-25T17:08:29.080+0000] {settings.py:250} DEBUG - Setting up DB connection pool (PID 2166)
[2025-06-25T17:08:29.083+0000] {logging_mixin.py:188} INFO - [2025-06-25T17:08:29.083+0000] {settings.py:330} DEBUG - settings.prepare_engine_args(): Using pool settings. pool_size=5, max_overflow=10, pool_recycle=1800, pid=2166
[2025-06-25T17:08:29.092+0000] {processor.py:161} INFO - Started process (PID=2166) to work on /opt/airflow/dags/train_dag.py
[2025-06-25T17:08:29.093+0000] {processor.py:830} INFO - Processing file /opt/airflow/dags/train_dag.py for tasks to queue
[2025-06-25T17:08:29.094+0000] {logging_mixin.py:188} INFO - [2025-06-25T17:08:29.094+0000] {dagbag.py:545} INFO - Filling up the DagBag from /opt/airflow/dags/train_dag.py
[2025-06-25T17:08:29.109+0000] {logging_mixin.py:188} INFO - [2025-06-25T17:08:29.109+0000] {dagbag.py:337} DEBUG - Importing /opt/airflow/dags/train_dag.py
[2025-06-25T17:08:29.118+0000] {processor.py:842} WARNING - No viable dags retrieved from /opt/airflow/dags/train_dag.py
[2025-06-25T17:08:29.142+0000] {processor.py:183} INFO - Processing /opt/airflow/dags/train_dag.py took 0.062 seconds
[2025-06-25T17:08:59.382+0000] {logging_mixin.py:188} INFO - [2025-06-25T17:08:59.381+0000] {settings.py:250} DEBUG - Setting up DB connection pool (PID 2228)
[2025-06-25T17:08:59.383+0000] {logging_mixin.py:188} INFO - [2025-06-25T17:08:59.383+0000] {settings.py:330} DEBUG - settings.prepare_engine_args(): Using pool settings. pool_size=5, max_overflow=10, pool_recycle=1800, pid=2228
[2025-06-25T17:08:59.392+0000] {processor.py:161} INFO - Started process (PID=2228) to work on /opt/airflow/dags/train_dag.py
[2025-06-25T17:08:59.393+0000] {processor.py:830} INFO - Processing file /opt/airflow/dags/train_dag.py for tasks to queue
[2025-06-25T17:08:59.394+0000] {logging_mixin.py:188} INFO - [2025-06-25T17:08:59.394+0000] {dagbag.py:545} INFO - Filling up the DagBag from /opt/airflow/dags/train_dag.py
[2025-06-25T17:08:59.409+0000] {logging_mixin.py:188} INFO - [2025-06-25T17:08:59.409+0000] {dagbag.py:337} DEBUG - Importing /opt/airflow/dags/train_dag.py
[2025-06-25T17:08:59.417+0000] {processor.py:842} WARNING - No viable dags retrieved from /opt/airflow/dags/train_dag.py
[2025-06-25T17:08:59.450+0000] {processor.py:183} INFO - Processing /opt/airflow/dags/train_dag.py took 0.069 seconds
[2025-06-25T17:09:30.024+0000] {logging_mixin.py:188} INFO - [2025-06-25T17:09:30.023+0000] {settings.py:250} DEBUG - Setting up DB connection pool (PID 2290)
[2025-06-25T17:09:30.027+0000] {logging_mixin.py:188} INFO - [2025-06-25T17:09:30.027+0000] {settings.py:330} DEBUG - settings.prepare_engine_args(): Using pool settings. pool_size=5, max_overflow=10, pool_recycle=1800, pid=2290
[2025-06-25T17:09:30.040+0000] {processor.py:161} INFO - Started process (PID=2290) to work on /opt/airflow/dags/train_dag.py
[2025-06-25T17:09:30.042+0000] {processor.py:830} INFO - Processing file /opt/airflow/dags/train_dag.py for tasks to queue
[2025-06-25T17:09:30.044+0000] {logging_mixin.py:188} INFO - [2025-06-25T17:09:30.043+0000] {dagbag.py:545} INFO - Filling up the DagBag from /opt/airflow/dags/train_dag.py
[2025-06-25T17:09:30.063+0000] {logging_mixin.py:188} INFO - [2025-06-25T17:09:30.063+0000] {dagbag.py:337} DEBUG - Importing /opt/airflow/dags/train_dag.py
[2025-06-25T17:09:30.073+0000] {processor.py:842} WARNING - No viable dags retrieved from /opt/airflow/dags/train_dag.py
[2025-06-25T17:09:30.106+0000] {processor.py:183} INFO - Processing /opt/airflow/dags/train_dag.py took 0.083 seconds
[2025-06-25T17:10:00.960+0000] {logging_mixin.py:188} INFO - [2025-06-25T17:10:00.958+0000] {settings.py:250} DEBUG - Setting up DB connection pool (PID 2352)
[2025-06-25T17:10:00.962+0000] {logging_mixin.py:188} INFO - [2025-06-25T17:10:00.961+0000] {settings.py:330} DEBUG - settings.prepare_engine_args(): Using pool settings. pool_size=5, max_overflow=10, pool_recycle=1800, pid=2352
[2025-06-25T17:10:00.976+0000] {processor.py:161} INFO - Started process (PID=2352) to work on /opt/airflow/dags/train_dag.py
[2025-06-25T17:10:00.977+0000] {processor.py:830} INFO - Processing file /opt/airflow/dags/train_dag.py for tasks to queue
[2025-06-25T17:10:00.979+0000] {logging_mixin.py:188} INFO - [2025-06-25T17:10:00.978+0000] {dagbag.py:545} INFO - Filling up the DagBag from /opt/airflow/dags/train_dag.py
[2025-06-25T17:10:00.997+0000] {logging_mixin.py:188} INFO - [2025-06-25T17:10:00.996+0000] {dagbag.py:337} DEBUG - Importing /opt/airflow/dags/train_dag.py
[2025-06-25T17:10:01.007+0000] {processor.py:842} WARNING - No viable dags retrieved from /opt/airflow/dags/train_dag.py
[2025-06-25T17:10:01.038+0000] {processor.py:183} INFO - Processing /opt/airflow/dags/train_dag.py took 0.080 seconds
[2025-06-25T17:10:31.334+0000] {logging_mixin.py:188} INFO - [2025-06-25T17:10:31.333+0000] {settings.py:250} DEBUG - Setting up DB connection pool (PID 2414)
[2025-06-25T17:10:31.336+0000] {logging_mixin.py:188} INFO - [2025-06-25T17:10:31.336+0000] {settings.py:330} DEBUG - settings.prepare_engine_args(): Using pool settings. pool_size=5, max_overflow=10, pool_recycle=1800, pid=2414
[2025-06-25T17:10:31.351+0000] {processor.py:161} INFO - Started process (PID=2414) to work on /opt/airflow/dags/train_dag.py
[2025-06-25T17:10:31.353+0000] {processor.py:830} INFO - Processing file /opt/airflow/dags/train_dag.py for tasks to queue
[2025-06-25T17:10:31.355+0000] {logging_mixin.py:188} INFO - [2025-06-25T17:10:31.354+0000] {dagbag.py:545} INFO - Filling up the DagBag from /opt/airflow/dags/train_dag.py
[2025-06-25T17:10:31.375+0000] {logging_mixin.py:188} INFO - [2025-06-25T17:10:31.374+0000] {dagbag.py:337} DEBUG - Importing /opt/airflow/dags/train_dag.py
[2025-06-25T17:10:31.385+0000] {processor.py:842} WARNING - No viable dags retrieved from /opt/airflow/dags/train_dag.py
[2025-06-25T17:10:31.417+0000] {processor.py:183} INFO - Processing /opt/airflow/dags/train_dag.py took 0.085 seconds
[2025-06-25T17:11:02.089+0000] {logging_mixin.py:188} INFO - [2025-06-25T17:11:02.088+0000] {settings.py:250} DEBUG - Setting up DB connection pool (PID 2476)
[2025-06-25T17:11:02.091+0000] {logging_mixin.py:188} INFO - [2025-06-25T17:11:02.091+0000] {settings.py:330} DEBUG - settings.prepare_engine_args(): Using pool settings. pool_size=5, max_overflow=10, pool_recycle=1800, pid=2476
[2025-06-25T17:11:02.104+0000] {processor.py:161} INFO - Started process (PID=2476) to work on /opt/airflow/dags/train_dag.py
[2025-06-25T17:11:02.106+0000] {processor.py:830} INFO - Processing file /opt/airflow/dags/train_dag.py for tasks to queue
[2025-06-25T17:11:02.108+0000] {logging_mixin.py:188} INFO - [2025-06-25T17:11:02.107+0000] {dagbag.py:545} INFO - Filling up the DagBag from /opt/airflow/dags/train_dag.py
[2025-06-25T17:11:02.127+0000] {logging_mixin.py:188} INFO - [2025-06-25T17:11:02.127+0000] {dagbag.py:337} DEBUG - Importing /opt/airflow/dags/train_dag.py
[2025-06-25T17:11:02.138+0000] {processor.py:842} WARNING - No viable dags retrieved from /opt/airflow/dags/train_dag.py
[2025-06-25T17:11:02.169+0000] {processor.py:183} INFO - Processing /opt/airflow/dags/train_dag.py took 0.081 seconds
[2025-06-25T17:11:32.678+0000] {logging_mixin.py:188} INFO - [2025-06-25T17:11:32.676+0000] {settings.py:250} DEBUG - Setting up DB connection pool (PID 2538)
[2025-06-25T17:11:32.681+0000] {logging_mixin.py:188} INFO - [2025-06-25T17:11:32.680+0000] {settings.py:330} DEBUG - settings.prepare_engine_args(): Using pool settings. pool_size=5, max_overflow=10, pool_recycle=1800, pid=2538
[2025-06-25T17:11:32.691+0000] {processor.py:161} INFO - Started process (PID=2538) to work on /opt/airflow/dags/train_dag.py
[2025-06-25T17:11:32.692+0000] {processor.py:830} INFO - Processing file /opt/airflow/dags/train_dag.py for tasks to queue
[2025-06-25T17:11:32.693+0000] {logging_mixin.py:188} INFO - [2025-06-25T17:11:32.693+0000] {dagbag.py:545} INFO - Filling up the DagBag from /opt/airflow/dags/train_dag.py
[2025-06-25T17:11:32.712+0000] {logging_mixin.py:188} INFO - [2025-06-25T17:11:32.711+0000] {dagbag.py:337} DEBUG - Importing /opt/airflow/dags/train_dag.py
[2025-06-25T17:11:32.724+0000] {processor.py:842} WARNING - No viable dags retrieved from /opt/airflow/dags/train_dag.py
[2025-06-25T17:11:32.754+0000] {processor.py:183} INFO - Processing /opt/airflow/dags/train_dag.py took 0.078 seconds
[2025-06-25T17:12:03.157+0000] {logging_mixin.py:188} INFO - [2025-06-25T17:12:03.155+0000] {settings.py:250} DEBUG - Setting up DB connection pool (PID 2600)
[2025-06-25T17:12:03.159+0000] {logging_mixin.py:188} INFO - [2025-06-25T17:12:03.159+0000] {settings.py:330} DEBUG - settings.prepare_engine_args(): Using pool settings. pool_size=5, max_overflow=10, pool_recycle=1800, pid=2600
[2025-06-25T17:12:03.173+0000] {processor.py:161} INFO - Started process (PID=2600) to work on /opt/airflow/dags/train_dag.py
[2025-06-25T17:12:03.174+0000] {processor.py:830} INFO - Processing file /opt/airflow/dags/train_dag.py for tasks to queue
[2025-06-25T17:12:03.176+0000] {logging_mixin.py:188} INFO - [2025-06-25T17:12:03.176+0000] {dagbag.py:545} INFO - Filling up the DagBag from /opt/airflow/dags/train_dag.py
[2025-06-25T17:12:03.194+0000] {logging_mixin.py:188} INFO - [2025-06-25T17:12:03.194+0000] {dagbag.py:337} DEBUG - Importing /opt/airflow/dags/train_dag.py
[2025-06-25T17:12:03.204+0000] {processor.py:842} WARNING - No viable dags retrieved from /opt/airflow/dags/train_dag.py
[2025-06-25T17:12:03.237+0000] {processor.py:183} INFO - Processing /opt/airflow/dags/train_dag.py took 0.082 seconds
[2025-06-25T17:12:34.321+0000] {logging_mixin.py:188} INFO - [2025-06-25T17:12:34.318+0000] {settings.py:250} DEBUG - Setting up DB connection pool (PID 2662)
[2025-06-25T17:12:34.324+0000] {logging_mixin.py:188} INFO - [2025-06-25T17:12:34.323+0000] {settings.py:330} DEBUG - settings.prepare_engine_args(): Using pool settings. pool_size=5, max_overflow=10, pool_recycle=1800, pid=2662
[2025-06-25T17:12:34.344+0000] {processor.py:161} INFO - Started process (PID=2662) to work on /opt/airflow/dags/train_dag.py
[2025-06-25T17:12:34.346+0000] {processor.py:830} INFO - Processing file /opt/airflow/dags/train_dag.py for tasks to queue
[2025-06-25T17:12:34.349+0000] {logging_mixin.py:188} INFO - [2025-06-25T17:12:34.348+0000] {dagbag.py:545} INFO - Filling up the DagBag from /opt/airflow/dags/train_dag.py
[2025-06-25T17:12:34.375+0000] {logging_mixin.py:188} INFO - [2025-06-25T17:12:34.375+0000] {dagbag.py:337} DEBUG - Importing /opt/airflow/dags/train_dag.py
[2025-06-25T17:12:34.387+0000] {processor.py:842} WARNING - No viable dags retrieved from /opt/airflow/dags/train_dag.py
[2025-06-25T17:12:34.420+0000] {processor.py:183} INFO - Processing /opt/airflow/dags/train_dag.py took 0.103 seconds
[2025-06-25T17:13:04.591+0000] {logging_mixin.py:188} INFO - [2025-06-25T17:13:04.589+0000] {settings.py:250} DEBUG - Setting up DB connection pool (PID 2722)
[2025-06-25T17:13:04.593+0000] {logging_mixin.py:188} INFO - [2025-06-25T17:13:04.593+0000] {settings.py:330} DEBUG - settings.prepare_engine_args(): Using pool settings. pool_size=5, max_overflow=10, pool_recycle=1800, pid=2722
[2025-06-25T17:13:04.604+0000] {processor.py:161} INFO - Started process (PID=2722) to work on /opt/airflow/dags/train_dag.py
[2025-06-25T17:13:04.605+0000] {processor.py:830} INFO - Processing file /opt/airflow/dags/train_dag.py for tasks to queue
[2025-06-25T17:13:04.607+0000] {logging_mixin.py:188} INFO - [2025-06-25T17:13:04.607+0000] {dagbag.py:545} INFO - Filling up the DagBag from /opt/airflow/dags/train_dag.py
[2025-06-25T17:13:04.627+0000] {logging_mixin.py:188} INFO - [2025-06-25T17:13:04.626+0000] {dagbag.py:337} DEBUG - Importing /opt/airflow/dags/train_dag.py
[2025-06-25T17:13:04.636+0000] {processor.py:842} WARNING - No viable dags retrieved from /opt/airflow/dags/train_dag.py
[2025-06-25T17:13:04.663+0000] {processor.py:183} INFO - Processing /opt/airflow/dags/train_dag.py took 0.074 seconds
[2025-06-25T17:13:34.825+0000] {logging_mixin.py:188} INFO - [2025-06-25T17:13:34.824+0000] {settings.py:250} DEBUG - Setting up DB connection pool (PID 2784)
[2025-06-25T17:13:34.827+0000] {logging_mixin.py:188} INFO - [2025-06-25T17:13:34.827+0000] {settings.py:330} DEBUG - settings.prepare_engine_args(): Using pool settings. pool_size=5, max_overflow=10, pool_recycle=1800, pid=2784
[2025-06-25T17:13:34.837+0000] {processor.py:161} INFO - Started process (PID=2784) to work on /opt/airflow/dags/train_dag.py
[2025-06-25T17:13:34.839+0000] {processor.py:830} INFO - Processing file /opt/airflow/dags/train_dag.py for tasks to queue
[2025-06-25T17:13:34.841+0000] {logging_mixin.py:188} INFO - [2025-06-25T17:13:34.840+0000] {dagbag.py:545} INFO - Filling up the DagBag from /opt/airflow/dags/train_dag.py
[2025-06-25T17:13:34.858+0000] {logging_mixin.py:188} INFO - [2025-06-25T17:13:34.857+0000] {dagbag.py:337} DEBUG - Importing /opt/airflow/dags/train_dag.py
[2025-06-25T17:13:34.866+0000] {processor.py:842} WARNING - No viable dags retrieved from /opt/airflow/dags/train_dag.py
[2025-06-25T17:13:34.890+0000] {processor.py:183} INFO - Processing /opt/airflow/dags/train_dag.py took 0.067 seconds
[2025-06-25T17:14:05.545+0000] {logging_mixin.py:188} INFO - [2025-06-25T17:14:05.544+0000] {settings.py:250} DEBUG - Setting up DB connection pool (PID 2846)
[2025-06-25T17:14:05.547+0000] {logging_mixin.py:188} INFO - [2025-06-25T17:14:05.547+0000] {settings.py:330} DEBUG - settings.prepare_engine_args(): Using pool settings. pool_size=5, max_overflow=10, pool_recycle=1800, pid=2846
[2025-06-25T17:14:05.559+0000] {processor.py:161} INFO - Started process (PID=2846) to work on /opt/airflow/dags/train_dag.py
[2025-06-25T17:14:05.560+0000] {processor.py:830} INFO - Processing file /opt/airflow/dags/train_dag.py for tasks to queue
[2025-06-25T17:14:05.562+0000] {logging_mixin.py:188} INFO - [2025-06-25T17:14:05.562+0000] {dagbag.py:545} INFO - Filling up the DagBag from /opt/airflow/dags/train_dag.py
[2025-06-25T17:14:05.579+0000] {logging_mixin.py:188} INFO - [2025-06-25T17:14:05.579+0000] {dagbag.py:337} DEBUG - Importing /opt/airflow/dags/train_dag.py
[2025-06-25T17:14:05.589+0000] {processor.py:842} WARNING - No viable dags retrieved from /opt/airflow/dags/train_dag.py
[2025-06-25T17:14:05.621+0000] {processor.py:183} INFO - Processing /opt/airflow/dags/train_dag.py took 0.077 seconds
[2025-06-25T17:14:35.945+0000] {logging_mixin.py:188} INFO - [2025-06-25T17:14:35.943+0000] {settings.py:250} DEBUG - Setting up DB connection pool (PID 2908)
[2025-06-25T17:14:35.947+0000] {logging_mixin.py:188} INFO - [2025-06-25T17:14:35.947+0000] {settings.py:330} DEBUG - settings.prepare_engine_args(): Using pool settings. pool_size=5, max_overflow=10, pool_recycle=1800, pid=2908
[2025-06-25T17:14:35.961+0000] {processor.py:161} INFO - Started process (PID=2908) to work on /opt/airflow/dags/train_dag.py
[2025-06-25T17:14:35.962+0000] {processor.py:830} INFO - Processing file /opt/airflow/dags/train_dag.py for tasks to queue
[2025-06-25T17:14:35.964+0000] {logging_mixin.py:188} INFO - [2025-06-25T17:14:35.964+0000] {dagbag.py:545} INFO - Filling up the DagBag from /opt/airflow/dags/train_dag.py
[2025-06-25T17:14:35.983+0000] {logging_mixin.py:188} INFO - [2025-06-25T17:14:35.983+0000] {dagbag.py:337} DEBUG - Importing /opt/airflow/dags/train_dag.py
[2025-06-25T17:14:35.994+0000] {processor.py:842} WARNING - No viable dags retrieved from /opt/airflow/dags/train_dag.py
[2025-06-25T17:14:36.028+0000] {processor.py:183} INFO - Processing /opt/airflow/dags/train_dag.py took 0.086 seconds
[2025-06-25T17:15:06.553+0000] {logging_mixin.py:188} INFO - [2025-06-25T17:15:06.552+0000] {settings.py:250} DEBUG - Setting up DB connection pool (PID 2970)
[2025-06-25T17:15:06.556+0000] {logging_mixin.py:188} INFO - [2025-06-25T17:15:06.556+0000] {settings.py:330} DEBUG - settings.prepare_engine_args(): Using pool settings. pool_size=5, max_overflow=10, pool_recycle=1800, pid=2970
[2025-06-25T17:15:06.570+0000] {processor.py:161} INFO - Started process (PID=2970) to work on /opt/airflow/dags/train_dag.py
[2025-06-25T17:15:06.571+0000] {processor.py:830} INFO - Processing file /opt/airflow/dags/train_dag.py for tasks to queue
[2025-06-25T17:15:06.573+0000] {logging_mixin.py:188} INFO - [2025-06-25T17:15:06.572+0000] {dagbag.py:545} INFO - Filling up the DagBag from /opt/airflow/dags/train_dag.py
[2025-06-25T17:15:06.589+0000] {logging_mixin.py:188} INFO - [2025-06-25T17:15:06.589+0000] {dagbag.py:337} DEBUG - Importing /opt/airflow/dags/train_dag.py
[2025-06-25T17:15:06.599+0000] {processor.py:842} WARNING - No viable dags retrieved from /opt/airflow/dags/train_dag.py
[2025-06-25T17:15:06.632+0000] {processor.py:183} INFO - Processing /opt/airflow/dags/train_dag.py took 0.080 seconds
[2025-06-25T17:15:37.283+0000] {logging_mixin.py:188} INFO - [2025-06-25T17:15:37.281+0000] {settings.py:250} DEBUG - Setting up DB connection pool (PID 3032)
[2025-06-25T17:15:37.286+0000] {logging_mixin.py:188} INFO - [2025-06-25T17:15:37.286+0000] {settings.py:330} DEBUG - settings.prepare_engine_args(): Using pool settings. pool_size=5, max_overflow=10, pool_recycle=1800, pid=3032
[2025-06-25T17:15:37.302+0000] {processor.py:161} INFO - Started process (PID=3032) to work on /opt/airflow/dags/train_dag.py
[2025-06-25T17:15:37.304+0000] {processor.py:830} INFO - Processing file /opt/airflow/dags/train_dag.py for tasks to queue
[2025-06-25T17:15:37.305+0000] {logging_mixin.py:188} INFO - [2025-06-25T17:15:37.305+0000] {dagbag.py:545} INFO - Filling up the DagBag from /opt/airflow/dags/train_dag.py
[2025-06-25T17:15:37.326+0000] {logging_mixin.py:188} INFO - [2025-06-25T17:15:37.325+0000] {dagbag.py:337} DEBUG - Importing /opt/airflow/dags/train_dag.py
[2025-06-25T17:15:37.338+0000] {processor.py:842} WARNING - No viable dags retrieved from /opt/airflow/dags/train_dag.py
[2025-06-25T17:15:37.395+0000] {processor.py:183} INFO - Processing /opt/airflow/dags/train_dag.py took 0.115 seconds
[2025-06-25T17:16:07.595+0000] {logging_mixin.py:188} INFO - [2025-06-25T17:16:07.594+0000] {settings.py:250} DEBUG - Setting up DB connection pool (PID 3094)
[2025-06-25T17:16:07.598+0000] {logging_mixin.py:188} INFO - [2025-06-25T17:16:07.597+0000] {settings.py:330} DEBUG - settings.prepare_engine_args(): Using pool settings. pool_size=5, max_overflow=10, pool_recycle=1800, pid=3094
[2025-06-25T17:16:07.611+0000] {processor.py:161} INFO - Started process (PID=3094) to work on /opt/airflow/dags/train_dag.py
[2025-06-25T17:16:07.613+0000] {processor.py:830} INFO - Processing file /opt/airflow/dags/train_dag.py for tasks to queue
[2025-06-25T17:16:07.614+0000] {logging_mixin.py:188} INFO - [2025-06-25T17:16:07.614+0000] {dagbag.py:545} INFO - Filling up the DagBag from /opt/airflow/dags/train_dag.py
[2025-06-25T17:16:07.630+0000] {logging_mixin.py:188} INFO - [2025-06-25T17:16:07.630+0000] {dagbag.py:337} DEBUG - Importing /opt/airflow/dags/train_dag.py
[2025-06-25T17:16:07.639+0000] {processor.py:842} WARNING - No viable dags retrieved from /opt/airflow/dags/train_dag.py
[2025-06-25T17:16:07.668+0000] {processor.py:183} INFO - Processing /opt/airflow/dags/train_dag.py took 0.075 seconds
[2025-06-25T17:16:39.250+0000] {logging_mixin.py:188} INFO - [2025-06-25T17:16:39.248+0000] {settings.py:250} DEBUG - Setting up DB connection pool (PID 3154)
[2025-06-25T17:16:39.252+0000] {logging_mixin.py:188} INFO - [2025-06-25T17:16:39.252+0000] {settings.py:330} DEBUG - settings.prepare_engine_args(): Using pool settings. pool_size=5, max_overflow=10, pool_recycle=1800, pid=3154
[2025-06-25T17:16:39.267+0000] {processor.py:161} INFO - Started process (PID=3154) to work on /opt/airflow/dags/train_dag.py
[2025-06-25T17:16:39.268+0000] {processor.py:830} INFO - Processing file /opt/airflow/dags/train_dag.py for tasks to queue
[2025-06-25T17:16:39.270+0000] {logging_mixin.py:188} INFO - [2025-06-25T17:16:39.270+0000] {dagbag.py:545} INFO - Filling up the DagBag from /opt/airflow/dags/train_dag.py
[2025-06-25T17:16:39.287+0000] {logging_mixin.py:188} INFO - [2025-06-25T17:16:39.287+0000] {dagbag.py:337} DEBUG - Importing /opt/airflow/dags/train_dag.py
[2025-06-25T17:16:39.302+0000] {processor.py:842} WARNING - No viable dags retrieved from /opt/airflow/dags/train_dag.py
[2025-06-25T17:16:39.327+0000] {processor.py:183} INFO - Processing /opt/airflow/dags/train_dag.py took 0.079 seconds
[2025-06-25T17:17:12.007+0000] {logging_mixin.py:188} INFO - [2025-06-25T17:17:12.006+0000] {settings.py:250} DEBUG - Setting up DB connection pool (PID 3213)
[2025-06-25T17:17:12.010+0000] {logging_mixin.py:188} INFO - [2025-06-25T17:17:12.009+0000] {settings.py:330} DEBUG - settings.prepare_engine_args(): Using pool settings. pool_size=5, max_overflow=10, pool_recycle=1800, pid=3213
[2025-06-25T17:17:12.021+0000] {processor.py:161} INFO - Started process (PID=3213) to work on /opt/airflow/dags/train_dag.py
[2025-06-25T17:17:12.022+0000] {processor.py:830} INFO - Processing file /opt/airflow/dags/train_dag.py for tasks to queue
[2025-06-25T17:17:12.024+0000] {logging_mixin.py:188} INFO - [2025-06-25T17:17:12.024+0000] {dagbag.py:545} INFO - Filling up the DagBag from /opt/airflow/dags/train_dag.py
[2025-06-25T17:17:12.040+0000] {logging_mixin.py:188} INFO - [2025-06-25T17:17:12.040+0000] {dagbag.py:337} DEBUG - Importing /opt/airflow/dags/train_dag.py
[2025-06-25T17:17:12.051+0000] {processor.py:842} WARNING - No viable dags retrieved from /opt/airflow/dags/train_dag.py
[2025-06-25T17:17:12.083+0000] {processor.py:183} INFO - Processing /opt/airflow/dags/train_dag.py took 0.078 seconds
[2025-06-25T17:17:42.553+0000] {logging_mixin.py:188} INFO - [2025-06-25T17:17:42.551+0000] {settings.py:250} DEBUG - Setting up DB connection pool (PID 3274)
[2025-06-25T17:17:42.555+0000] {logging_mixin.py:188} INFO - [2025-06-25T17:17:42.555+0000] {settings.py:330} DEBUG - settings.prepare_engine_args(): Using pool settings. pool_size=5, max_overflow=10, pool_recycle=1800, pid=3274
[2025-06-25T17:17:42.566+0000] {processor.py:161} INFO - Started process (PID=3274) to work on /opt/airflow/dags/train_dag.py
[2025-06-25T17:17:42.567+0000] {processor.py:830} INFO - Processing file /opt/airflow/dags/train_dag.py for tasks to queue
[2025-06-25T17:17:42.569+0000] {logging_mixin.py:188} INFO - [2025-06-25T17:17:42.568+0000] {dagbag.py:545} INFO - Filling up the DagBag from /opt/airflow/dags/train_dag.py
[2025-06-25T17:17:42.586+0000] {logging_mixin.py:188} INFO - [2025-06-25T17:17:42.585+0000] {dagbag.py:337} DEBUG - Importing /opt/airflow/dags/train_dag.py
[2025-06-25T17:17:42.595+0000] {processor.py:842} WARNING - No viable dags retrieved from /opt/airflow/dags/train_dag.py
[2025-06-25T17:17:42.620+0000] {processor.py:183} INFO - Processing /opt/airflow/dags/train_dag.py took 0.069 seconds
[2025-06-25T17:18:13.073+0000] {logging_mixin.py:188} INFO - [2025-06-25T17:18:13.072+0000] {settings.py:250} DEBUG - Setting up DB connection pool (PID 3336)
[2025-06-25T17:18:13.075+0000] {logging_mixin.py:188} INFO - [2025-06-25T17:18:13.075+0000] {settings.py:330} DEBUG - settings.prepare_engine_args(): Using pool settings. pool_size=5, max_overflow=10, pool_recycle=1800, pid=3336
[2025-06-25T17:18:13.086+0000] {processor.py:161} INFO - Started process (PID=3336) to work on /opt/airflow/dags/train_dag.py
[2025-06-25T17:18:13.087+0000] {processor.py:830} INFO - Processing file /opt/airflow/dags/train_dag.py for tasks to queue
[2025-06-25T17:18:13.088+0000] {logging_mixin.py:188} INFO - [2025-06-25T17:18:13.088+0000] {dagbag.py:545} INFO - Filling up the DagBag from /opt/airflow/dags/train_dag.py
[2025-06-25T17:18:13.105+0000] {logging_mixin.py:188} INFO - [2025-06-25T17:18:13.104+0000] {dagbag.py:337} DEBUG - Importing /opt/airflow/dags/train_dag.py
[2025-06-25T17:18:13.115+0000] {processor.py:842} WARNING - No viable dags retrieved from /opt/airflow/dags/train_dag.py
[2025-06-25T17:18:13.144+0000] {processor.py:183} INFO - Processing /opt/airflow/dags/train_dag.py took 0.072 seconds
[2025-06-25T17:18:43.635+0000] {logging_mixin.py:188} INFO - [2025-06-25T17:18:43.634+0000] {settings.py:250} DEBUG - Setting up DB connection pool (PID 3398)
[2025-06-25T17:18:43.638+0000] {logging_mixin.py:188} INFO - [2025-06-25T17:18:43.638+0000] {settings.py:330} DEBUG - settings.prepare_engine_args(): Using pool settings. pool_size=5, max_overflow=10, pool_recycle=1800, pid=3398
[2025-06-25T17:18:43.650+0000] {processor.py:161} INFO - Started process (PID=3398) to work on /opt/airflow/dags/train_dag.py
[2025-06-25T17:18:43.651+0000] {processor.py:830} INFO - Processing file /opt/airflow/dags/train_dag.py for tasks to queue
[2025-06-25T17:18:43.653+0000] {logging_mixin.py:188} INFO - [2025-06-25T17:18:43.652+0000] {dagbag.py:545} INFO - Filling up the DagBag from /opt/airflow/dags/train_dag.py
[2025-06-25T17:18:43.669+0000] {logging_mixin.py:188} INFO - [2025-06-25T17:18:43.668+0000] {dagbag.py:337} DEBUG - Importing /opt/airflow/dags/train_dag.py
[2025-06-25T17:18:43.679+0000] {processor.py:842} WARNING - No viable dags retrieved from /opt/airflow/dags/train_dag.py
[2025-06-25T17:18:43.707+0000] {processor.py:183} INFO - Processing /opt/airflow/dags/train_dag.py took 0.073 seconds
[2025-06-25T17:19:13.891+0000] {logging_mixin.py:188} INFO - [2025-06-25T17:19:13.889+0000] {settings.py:250} DEBUG - Setting up DB connection pool (PID 3458)
[2025-06-25T17:19:13.908+0000] {logging_mixin.py:188} INFO - [2025-06-25T17:19:13.908+0000] {settings.py:330} DEBUG - settings.prepare_engine_args(): Using pool settings. pool_size=5, max_overflow=10, pool_recycle=1800, pid=3458
[2025-06-25T17:19:13.921+0000] {processor.py:161} INFO - Started process (PID=3458) to work on /opt/airflow/dags/train_dag.py
[2025-06-25T17:19:13.922+0000] {processor.py:830} INFO - Processing file /opt/airflow/dags/train_dag.py for tasks to queue
[2025-06-25T17:19:13.924+0000] {logging_mixin.py:188} INFO - [2025-06-25T17:19:13.923+0000] {dagbag.py:545} INFO - Filling up the DagBag from /opt/airflow/dags/train_dag.py
[2025-06-25T17:19:13.938+0000] {logging_mixin.py:188} INFO - [2025-06-25T17:19:13.938+0000] {dagbag.py:337} DEBUG - Importing /opt/airflow/dags/train_dag.py
[2025-06-25T17:19:13.948+0000] {processor.py:842} WARNING - No viable dags retrieved from /opt/airflow/dags/train_dag.py
[2025-06-25T17:19:13.971+0000] {processor.py:183} INFO - Processing /opt/airflow/dags/train_dag.py took 0.082 seconds
[2025-06-25T17:19:44.343+0000] {logging_mixin.py:188} INFO - [2025-06-25T17:19:44.341+0000] {settings.py:250} DEBUG - Setting up DB connection pool (PID 3518)
[2025-06-25T17:19:44.344+0000] {logging_mixin.py:188} INFO - [2025-06-25T17:19:44.344+0000] {settings.py:330} DEBUG - settings.prepare_engine_args(): Using pool settings. pool_size=5, max_overflow=10, pool_recycle=1800, pid=3518
[2025-06-25T17:19:44.353+0000] {processor.py:161} INFO - Started process (PID=3518) to work on /opt/airflow/dags/train_dag.py
[2025-06-25T17:19:44.355+0000] {processor.py:830} INFO - Processing file /opt/airflow/dags/train_dag.py for tasks to queue
[2025-06-25T17:19:44.356+0000] {logging_mixin.py:188} INFO - [2025-06-25T17:19:44.356+0000] {dagbag.py:545} INFO - Filling up the DagBag from /opt/airflow/dags/train_dag.py
[2025-06-25T17:19:44.372+0000] {logging_mixin.py:188} INFO - [2025-06-25T17:19:44.372+0000] {dagbag.py:337} DEBUG - Importing /opt/airflow/dags/train_dag.py
[2025-06-25T17:19:44.381+0000] {processor.py:842} WARNING - No viable dags retrieved from /opt/airflow/dags/train_dag.py
[2025-06-25T17:19:44.411+0000] {processor.py:183} INFO - Processing /opt/airflow/dags/train_dag.py took 0.070 seconds
[2025-06-25T17:20:15.195+0000] {logging_mixin.py:188} INFO - [2025-06-25T17:20:15.193+0000] {settings.py:250} DEBUG - Setting up DB connection pool (PID 3580)
[2025-06-25T17:20:15.196+0000] {logging_mixin.py:188} INFO - [2025-06-25T17:20:15.196+0000] {settings.py:330} DEBUG - settings.prepare_engine_args(): Using pool settings. pool_size=5, max_overflow=10, pool_recycle=1800, pid=3580
[2025-06-25T17:20:15.211+0000] {processor.py:161} INFO - Started process (PID=3580) to work on /opt/airflow/dags/train_dag.py
[2025-06-25T17:20:15.213+0000] {processor.py:830} INFO - Processing file /opt/airflow/dags/train_dag.py for tasks to queue
[2025-06-25T17:20:15.214+0000] {logging_mixin.py:188} INFO - [2025-06-25T17:20:15.214+0000] {dagbag.py:545} INFO - Filling up the DagBag from /opt/airflow/dags/train_dag.py
[2025-06-25T17:20:15.233+0000] {logging_mixin.py:188} INFO - [2025-06-25T17:20:15.233+0000] {dagbag.py:337} DEBUG - Importing /opt/airflow/dags/train_dag.py
[2025-06-25T17:20:15.244+0000] {processor.py:842} WARNING - No viable dags retrieved from /opt/airflow/dags/train_dag.py
[2025-06-25T17:20:15.279+0000] {processor.py:183} INFO - Processing /opt/airflow/dags/train_dag.py took 0.086 seconds
[2025-06-25T17:20:45.539+0000] {logging_mixin.py:188} INFO - [2025-06-25T17:20:45.538+0000] {settings.py:250} DEBUG - Setting up DB connection pool (PID 3642)
[2025-06-25T17:20:45.541+0000] {logging_mixin.py:188} INFO - [2025-06-25T17:20:45.541+0000] {settings.py:330} DEBUG - settings.prepare_engine_args(): Using pool settings. pool_size=5, max_overflow=10, pool_recycle=1800, pid=3642
[2025-06-25T17:20:45.552+0000] {processor.py:161} INFO - Started process (PID=3642) to work on /opt/airflow/dags/train_dag.py
[2025-06-25T17:20:45.553+0000] {processor.py:830} INFO - Processing file /opt/airflow/dags/train_dag.py for tasks to queue
[2025-06-25T17:20:45.555+0000] {logging_mixin.py:188} INFO - [2025-06-25T17:20:45.554+0000] {dagbag.py:545} INFO - Filling up the DagBag from /opt/airflow/dags/train_dag.py
[2025-06-25T17:20:45.570+0000] {logging_mixin.py:188} INFO - [2025-06-25T17:20:45.569+0000] {dagbag.py:337} DEBUG - Importing /opt/airflow/dags/train_dag.py
[2025-06-25T17:20:45.577+0000] {processor.py:842} WARNING - No viable dags retrieved from /opt/airflow/dags/train_dag.py
[2025-06-25T17:20:45.605+0000] {processor.py:183} INFO - Processing /opt/airflow/dags/train_dag.py took 0.068 seconds
[2025-06-25T17:21:16.121+0000] {logging_mixin.py:188} INFO - [2025-06-25T17:21:16.118+0000] {settings.py:250} DEBUG - Setting up DB connection pool (PID 3704)
[2025-06-25T17:21:16.123+0000] {logging_mixin.py:188} INFO - [2025-06-25T17:21:16.123+0000] {settings.py:330} DEBUG - settings.prepare_engine_args(): Using pool settings. pool_size=5, max_overflow=10, pool_recycle=1800, pid=3704
[2025-06-25T17:21:16.144+0000] {processor.py:161} INFO - Started process (PID=3704) to work on /opt/airflow/dags/train_dag.py
[2025-06-25T17:21:16.145+0000] {processor.py:830} INFO - Processing file /opt/airflow/dags/train_dag.py for tasks to queue
[2025-06-25T17:21:16.146+0000] {logging_mixin.py:188} INFO - [2025-06-25T17:21:16.146+0000] {dagbag.py:545} INFO - Filling up the DagBag from /opt/airflow/dags/train_dag.py
[2025-06-25T17:21:16.165+0000] {logging_mixin.py:188} INFO - [2025-06-25T17:21:16.164+0000] {dagbag.py:337} DEBUG - Importing /opt/airflow/dags/train_dag.py
[2025-06-25T17:21:16.174+0000] {processor.py:842} WARNING - No viable dags retrieved from /opt/airflow/dags/train_dag.py
[2025-06-25T17:21:16.205+0000] {processor.py:183} INFO - Processing /opt/airflow/dags/train_dag.py took 0.088 seconds
[2025-06-25T17:21:46.569+0000] {logging_mixin.py:188} INFO - [2025-06-25T17:21:46.567+0000] {settings.py:250} DEBUG - Setting up DB connection pool (PID 3766)
[2025-06-25T17:21:46.571+0000] {logging_mixin.py:188} INFO - [2025-06-25T17:21:46.570+0000] {settings.py:330} DEBUG - settings.prepare_engine_args(): Using pool settings. pool_size=5, max_overflow=10, pool_recycle=1800, pid=3766
[2025-06-25T17:21:46.586+0000] {processor.py:161} INFO - Started process (PID=3766) to work on /opt/airflow/dags/train_dag.py
[2025-06-25T17:21:46.587+0000] {processor.py:830} INFO - Processing file /opt/airflow/dags/train_dag.py for tasks to queue
[2025-06-25T17:21:46.589+0000] {logging_mixin.py:188} INFO - [2025-06-25T17:21:46.589+0000] {dagbag.py:545} INFO - Filling up the DagBag from /opt/airflow/dags/train_dag.py
[2025-06-25T17:21:46.610+0000] {logging_mixin.py:188} INFO - [2025-06-25T17:21:46.610+0000] {dagbag.py:337} DEBUG - Importing /opt/airflow/dags/train_dag.py
[2025-06-25T17:21:46.620+0000] {processor.py:842} WARNING - No viable dags retrieved from /opt/airflow/dags/train_dag.py
[2025-06-25T17:21:46.648+0000] {processor.py:183} INFO - Processing /opt/airflow/dags/train_dag.py took 0.081 seconds
[2025-06-25T17:22:17.254+0000] {logging_mixin.py:188} INFO - [2025-06-25T17:22:17.252+0000] {settings.py:250} DEBUG - Setting up DB connection pool (PID 3828)
[2025-06-25T17:22:17.255+0000] {logging_mixin.py:188} INFO - [2025-06-25T17:22:17.255+0000] {settings.py:330} DEBUG - settings.prepare_engine_args(): Using pool settings. pool_size=5, max_overflow=10, pool_recycle=1800, pid=3828
[2025-06-25T17:22:17.266+0000] {processor.py:161} INFO - Started process (PID=3828) to work on /opt/airflow/dags/train_dag.py
[2025-06-25T17:22:17.267+0000] {processor.py:830} INFO - Processing file /opt/airflow/dags/train_dag.py for tasks to queue
[2025-06-25T17:22:17.268+0000] {logging_mixin.py:188} INFO - [2025-06-25T17:22:17.268+0000] {dagbag.py:545} INFO - Filling up the DagBag from /opt/airflow/dags/train_dag.py
[2025-06-25T17:22:17.282+0000] {logging_mixin.py:188} INFO - [2025-06-25T17:22:17.282+0000] {dagbag.py:337} DEBUG - Importing /opt/airflow/dags/train_dag.py
[2025-06-25T17:22:17.292+0000] {processor.py:842} WARNING - No viable dags retrieved from /opt/airflow/dags/train_dag.py
[2025-06-25T17:22:17.318+0000] {processor.py:183} INFO - Processing /opt/airflow/dags/train_dag.py took 0.066 seconds
[2025-06-25T17:22:48.299+0000] {logging_mixin.py:188} INFO - [2025-06-25T17:22:48.297+0000] {settings.py:250} DEBUG - Setting up DB connection pool (PID 3890)
[2025-06-25T17:22:48.301+0000] {logging_mixin.py:188} INFO - [2025-06-25T17:22:48.300+0000] {settings.py:330} DEBUG - settings.prepare_engine_args(): Using pool settings. pool_size=5, max_overflow=10, pool_recycle=1800, pid=3890
[2025-06-25T17:22:48.312+0000] {processor.py:161} INFO - Started process (PID=3890) to work on /opt/airflow/dags/train_dag.py
[2025-06-25T17:22:48.313+0000] {processor.py:830} INFO - Processing file /opt/airflow/dags/train_dag.py for tasks to queue
[2025-06-25T17:22:48.315+0000] {logging_mixin.py:188} INFO - [2025-06-25T17:22:48.314+0000] {dagbag.py:545} INFO - Filling up the DagBag from /opt/airflow/dags/train_dag.py
[2025-06-25T17:22:48.334+0000] {logging_mixin.py:188} INFO - [2025-06-25T17:22:48.333+0000] {dagbag.py:337} DEBUG - Importing /opt/airflow/dags/train_dag.py
[2025-06-25T17:22:48.345+0000] {processor.py:842} WARNING - No viable dags retrieved from /opt/airflow/dags/train_dag.py
[2025-06-25T17:22:48.374+0000] {processor.py:183} INFO - Processing /opt/airflow/dags/train_dag.py took 0.077 seconds
[2025-06-25T17:23:18.456+0000] {logging_mixin.py:188} INFO - [2025-06-25T17:23:18.454+0000] {settings.py:250} DEBUG - Setting up DB connection pool (PID 3952)
[2025-06-25T17:23:18.458+0000] {logging_mixin.py:188} INFO - [2025-06-25T17:23:18.458+0000] {settings.py:330} DEBUG - settings.prepare_engine_args(): Using pool settings. pool_size=5, max_overflow=10, pool_recycle=1800, pid=3952
[2025-06-25T17:23:18.477+0000] {processor.py:161} INFO - Started process (PID=3952) to work on /opt/airflow/dags/train_dag.py
[2025-06-25T17:23:18.479+0000] {processor.py:830} INFO - Processing file /opt/airflow/dags/train_dag.py for tasks to queue
[2025-06-25T17:23:18.480+0000] {logging_mixin.py:188} INFO - [2025-06-25T17:23:18.480+0000] {dagbag.py:545} INFO - Filling up the DagBag from /opt/airflow/dags/train_dag.py
[2025-06-25T17:23:18.498+0000] {logging_mixin.py:188} INFO - [2025-06-25T17:23:18.497+0000] {dagbag.py:337} DEBUG - Importing /opt/airflow/dags/train_dag.py
[2025-06-25T17:23:18.507+0000] {processor.py:842} WARNING - No viable dags retrieved from /opt/airflow/dags/train_dag.py
[2025-06-25T17:23:18.538+0000] {processor.py:183} INFO - Processing /opt/airflow/dags/train_dag.py took 0.083 seconds
[2025-06-25T17:23:48.735+0000] {logging_mixin.py:188} INFO - [2025-06-25T17:23:48.734+0000] {settings.py:250} DEBUG - Setting up DB connection pool (PID 4012)
[2025-06-25T17:23:48.737+0000] {logging_mixin.py:188} INFO - [2025-06-25T17:23:48.737+0000] {settings.py:330} DEBUG - settings.prepare_engine_args(): Using pool settings. pool_size=5, max_overflow=10, pool_recycle=1800, pid=4012
[2025-06-25T17:23:48.746+0000] {processor.py:161} INFO - Started process (PID=4012) to work on /opt/airflow/dags/train_dag.py
[2025-06-25T17:23:48.747+0000] {processor.py:830} INFO - Processing file /opt/airflow/dags/train_dag.py for tasks to queue
[2025-06-25T17:23:48.749+0000] {logging_mixin.py:188} INFO - [2025-06-25T17:23:48.748+0000] {dagbag.py:545} INFO - Filling up the DagBag from /opt/airflow/dags/train_dag.py
[2025-06-25T17:23:48.767+0000] {logging_mixin.py:188} INFO - [2025-06-25T17:23:48.766+0000] {dagbag.py:337} DEBUG - Importing /opt/airflow/dags/train_dag.py
[2025-06-25T17:23:48.775+0000] {processor.py:842} WARNING - No viable dags retrieved from /opt/airflow/dags/train_dag.py
[2025-06-25T17:23:48.799+0000] {processor.py:183} INFO - Processing /opt/airflow/dags/train_dag.py took 0.066 seconds
[2025-06-25T17:24:19.320+0000] {logging_mixin.py:188} INFO - [2025-06-25T17:24:19.318+0000] {settings.py:250} DEBUG - Setting up DB connection pool (PID 4074)
[2025-06-25T17:24:19.321+0000] {logging_mixin.py:188} INFO - [2025-06-25T17:24:19.321+0000] {settings.py:330} DEBUG - settings.prepare_engine_args(): Using pool settings. pool_size=5, max_overflow=10, pool_recycle=1800, pid=4074
[2025-06-25T17:24:19.331+0000] {processor.py:161} INFO - Started process (PID=4074) to work on /opt/airflow/dags/train_dag.py
[2025-06-25T17:24:19.332+0000] {processor.py:830} INFO - Processing file /opt/airflow/dags/train_dag.py for tasks to queue
[2025-06-25T17:24:19.334+0000] {logging_mixin.py:188} INFO - [2025-06-25T17:24:19.333+0000] {dagbag.py:545} INFO - Filling up the DagBag from /opt/airflow/dags/train_dag.py
[2025-06-25T17:24:19.355+0000] {logging_mixin.py:188} INFO - [2025-06-25T17:24:19.354+0000] {dagbag.py:337} DEBUG - Importing /opt/airflow/dags/train_dag.py
[2025-06-25T17:24:19.365+0000] {processor.py:842} WARNING - No viable dags retrieved from /opt/airflow/dags/train_dag.py
[2025-06-25T17:24:19.395+0000] {processor.py:183} INFO - Processing /opt/airflow/dags/train_dag.py took 0.077 seconds
[2025-06-25T17:24:49.916+0000] {logging_mixin.py:188} INFO - [2025-06-25T17:24:49.915+0000] {settings.py:250} DEBUG - Setting up DB connection pool (PID 4137)
[2025-06-25T17:24:49.918+0000] {logging_mixin.py:188} INFO - [2025-06-25T17:24:49.918+0000] {settings.py:330} DEBUG - settings.prepare_engine_args(): Using pool settings. pool_size=5, max_overflow=10, pool_recycle=1800, pid=4137
[2025-06-25T17:24:49.929+0000] {processor.py:161} INFO - Started process (PID=4137) to work on /opt/airflow/dags/train_dag.py
[2025-06-25T17:24:49.930+0000] {processor.py:830} INFO - Processing file /opt/airflow/dags/train_dag.py for tasks to queue
[2025-06-25T17:24:49.932+0000] {logging_mixin.py:188} INFO - [2025-06-25T17:24:49.932+0000] {dagbag.py:545} INFO - Filling up the DagBag from /opt/airflow/dags/train_dag.py
[2025-06-25T17:24:49.959+0000] {logging_mixin.py:188} INFO - [2025-06-25T17:24:49.958+0000] {dagbag.py:337} DEBUG - Importing /opt/airflow/dags/train_dag.py
[2025-06-25T17:24:49.972+0000] {processor.py:842} WARNING - No viable dags retrieved from /opt/airflow/dags/train_dag.py
[2025-06-25T17:24:50.003+0000] {processor.py:183} INFO - Processing /opt/airflow/dags/train_dag.py took 0.088 seconds
[2025-06-25T17:25:20.402+0000] {logging_mixin.py:188} INFO - [2025-06-25T17:25:20.401+0000] {settings.py:250} DEBUG - Setting up DB connection pool (PID 4199)
[2025-06-25T17:25:20.405+0000] {logging_mixin.py:188} INFO - [2025-06-25T17:25:20.404+0000] {settings.py:330} DEBUG - settings.prepare_engine_args(): Using pool settings. pool_size=5, max_overflow=10, pool_recycle=1800, pid=4199
[2025-06-25T17:25:20.420+0000] {processor.py:161} INFO - Started process (PID=4199) to work on /opt/airflow/dags/train_dag.py
[2025-06-25T17:25:20.422+0000] {processor.py:830} INFO - Processing file /opt/airflow/dags/train_dag.py for tasks to queue
[2025-06-25T17:25:20.424+0000] {logging_mixin.py:188} INFO - [2025-06-25T17:25:20.423+0000] {dagbag.py:545} INFO - Filling up the DagBag from /opt/airflow/dags/train_dag.py
[2025-06-25T17:25:20.443+0000] {logging_mixin.py:188} INFO - [2025-06-25T17:25:20.443+0000] {dagbag.py:337} DEBUG - Importing /opt/airflow/dags/train_dag.py
[2025-06-25T17:25:20.454+0000] {processor.py:842} WARNING - No viable dags retrieved from /opt/airflow/dags/train_dag.py
[2025-06-25T17:25:20.505+0000] {processor.py:183} INFO - Processing /opt/airflow/dags/train_dag.py took 0.104 seconds
[2025-06-25T17:25:50.943+0000] {logging_mixin.py:188} INFO - [2025-06-25T17:25:50.941+0000] {settings.py:250} DEBUG - Setting up DB connection pool (PID 4261)
[2025-06-25T17:25:50.945+0000] {logging_mixin.py:188} INFO - [2025-06-25T17:25:50.944+0000] {settings.py:330} DEBUG - settings.prepare_engine_args(): Using pool settings. pool_size=5, max_overflow=10, pool_recycle=1800, pid=4261
[2025-06-25T17:25:50.957+0000] {processor.py:161} INFO - Started process (PID=4261) to work on /opt/airflow/dags/train_dag.py
[2025-06-25T17:25:50.958+0000] {processor.py:830} INFO - Processing file /opt/airflow/dags/train_dag.py for tasks to queue
[2025-06-25T17:25:50.959+0000] {logging_mixin.py:188} INFO - [2025-06-25T17:25:50.959+0000] {dagbag.py:545} INFO - Filling up the DagBag from /opt/airflow/dags/train_dag.py
[2025-06-25T17:25:50.974+0000] {logging_mixin.py:188} INFO - [2025-06-25T17:25:50.973+0000] {dagbag.py:337} DEBUG - Importing /opt/airflow/dags/train_dag.py
[2025-06-25T17:25:50.988+0000] {processor.py:842} WARNING - No viable dags retrieved from /opt/airflow/dags/train_dag.py
[2025-06-25T17:25:51.020+0000] {processor.py:183} INFO - Processing /opt/airflow/dags/train_dag.py took 0.079 seconds
[2025-06-25T17:26:21.537+0000] {logging_mixin.py:188} INFO - [2025-06-25T17:26:21.535+0000] {settings.py:250} DEBUG - Setting up DB connection pool (PID 4324)
[2025-06-25T17:26:21.539+0000] {logging_mixin.py:188} INFO - [2025-06-25T17:26:21.539+0000] {settings.py:330} DEBUG - settings.prepare_engine_args(): Using pool settings. pool_size=5, max_overflow=10, pool_recycle=1800, pid=4324
[2025-06-25T17:26:21.553+0000] {processor.py:161} INFO - Started process (PID=4324) to work on /opt/airflow/dags/train_dag.py
[2025-06-25T17:26:21.555+0000] {processor.py:830} INFO - Processing file /opt/airflow/dags/train_dag.py for tasks to queue
[2025-06-25T17:26:21.557+0000] {logging_mixin.py:188} INFO - [2025-06-25T17:26:21.557+0000] {dagbag.py:545} INFO - Filling up the DagBag from /opt/airflow/dags/train_dag.py
[2025-06-25T17:26:21.576+0000] {logging_mixin.py:188} INFO - [2025-06-25T17:26:21.575+0000] {dagbag.py:337} DEBUG - Importing /opt/airflow/dags/train_dag.py
[2025-06-25T17:26:21.585+0000] {processor.py:842} WARNING - No viable dags retrieved from /opt/airflow/dags/train_dag.py
[2025-06-25T17:26:21.608+0000] {processor.py:183} INFO - Processing /opt/airflow/dags/train_dag.py took 0.073 seconds
[2025-06-25T17:26:52.363+0000] {logging_mixin.py:188} INFO - [2025-06-25T17:26:52.362+0000] {settings.py:250} DEBUG - Setting up DB connection pool (PID 4386)
[2025-06-25T17:26:52.365+0000] {logging_mixin.py:188} INFO - [2025-06-25T17:26:52.365+0000] {settings.py:330} DEBUG - settings.prepare_engine_args(): Using pool settings. pool_size=5, max_overflow=10, pool_recycle=1800, pid=4386
[2025-06-25T17:26:52.378+0000] {processor.py:161} INFO - Started process (PID=4386) to work on /opt/airflow/dags/train_dag.py
[2025-06-25T17:26:52.381+0000] {processor.py:830} INFO - Processing file /opt/airflow/dags/train_dag.py for tasks to queue
[2025-06-25T17:26:52.383+0000] {logging_mixin.py:188} INFO - [2025-06-25T17:26:52.383+0000] {dagbag.py:545} INFO - Filling up the DagBag from /opt/airflow/dags/train_dag.py
[2025-06-25T17:26:52.402+0000] {logging_mixin.py:188} INFO - [2025-06-25T17:26:52.401+0000] {dagbag.py:337} DEBUG - Importing /opt/airflow/dags/train_dag.py
[2025-06-25T17:26:52.412+0000] {processor.py:842} WARNING - No viable dags retrieved from /opt/airflow/dags/train_dag.py
[2025-06-25T17:26:52.443+0000] {processor.py:183} INFO - Processing /opt/airflow/dags/train_dag.py took 0.081 seconds
[2025-06-25T17:27:22.800+0000] {logging_mixin.py:188} INFO - [2025-06-25T17:27:22.799+0000] {settings.py:250} DEBUG - Setting up DB connection pool (PID 4448)
[2025-06-25T17:27:22.803+0000] {logging_mixin.py:188} INFO - [2025-06-25T17:27:22.803+0000] {settings.py:330} DEBUG - settings.prepare_engine_args(): Using pool settings. pool_size=5, max_overflow=10, pool_recycle=1800, pid=4448
[2025-06-25T17:27:22.816+0000] {processor.py:161} INFO - Started process (PID=4448) to work on /opt/airflow/dags/train_dag.py
[2025-06-25T17:27:22.817+0000] {processor.py:830} INFO - Processing file /opt/airflow/dags/train_dag.py for tasks to queue
[2025-06-25T17:27:22.819+0000] {logging_mixin.py:188} INFO - [2025-06-25T17:27:22.819+0000] {dagbag.py:545} INFO - Filling up the DagBag from /opt/airflow/dags/train_dag.py
[2025-06-25T17:27:22.839+0000] {logging_mixin.py:188} INFO - [2025-06-25T17:27:22.838+0000] {dagbag.py:337} DEBUG - Importing /opt/airflow/dags/train_dag.py
[2025-06-25T17:27:22.848+0000] {processor.py:842} WARNING - No viable dags retrieved from /opt/airflow/dags/train_dag.py
[2025-06-25T17:27:22.873+0000] {processor.py:183} INFO - Processing /opt/airflow/dags/train_dag.py took 0.075 seconds
[2025-06-25T17:27:53.110+0000] {logging_mixin.py:188} INFO - [2025-06-25T17:27:53.108+0000] {settings.py:250} DEBUG - Setting up DB connection pool (PID 4511)
[2025-06-25T17:27:53.111+0000] {logging_mixin.py:188} INFO - [2025-06-25T17:27:53.111+0000] {settings.py:330} DEBUG - settings.prepare_engine_args(): Using pool settings. pool_size=5, max_overflow=10, pool_recycle=1800, pid=4511
[2025-06-25T17:27:53.123+0000] {processor.py:161} INFO - Started process (PID=4511) to work on /opt/airflow/dags/train_dag.py
[2025-06-25T17:27:53.124+0000] {processor.py:830} INFO - Processing file /opt/airflow/dags/train_dag.py for tasks to queue
[2025-06-25T17:27:53.126+0000] {logging_mixin.py:188} INFO - [2025-06-25T17:27:53.125+0000] {dagbag.py:545} INFO - Filling up the DagBag from /opt/airflow/dags/train_dag.py
[2025-06-25T17:27:53.143+0000] {logging_mixin.py:188} INFO - [2025-06-25T17:27:53.143+0000] {dagbag.py:337} DEBUG - Importing /opt/airflow/dags/train_dag.py
[2025-06-25T17:27:53.152+0000] {processor.py:842} WARNING - No viable dags retrieved from /opt/airflow/dags/train_dag.py
[2025-06-25T17:27:53.187+0000] {processor.py:183} INFO - Processing /opt/airflow/dags/train_dag.py took 0.078 seconds
[2025-06-25T17:28:23.462+0000] {logging_mixin.py:188} INFO - [2025-06-25T17:28:23.461+0000] {settings.py:250} DEBUG - Setting up DB connection pool (PID 4573)
[2025-06-25T17:28:23.464+0000] {logging_mixin.py:188} INFO - [2025-06-25T17:28:23.463+0000] {settings.py:330} DEBUG - settings.prepare_engine_args(): Using pool settings. pool_size=5, max_overflow=10, pool_recycle=1800, pid=4573
[2025-06-25T17:28:23.477+0000] {processor.py:161} INFO - Started process (PID=4573) to work on /opt/airflow/dags/train_dag.py
[2025-06-25T17:28:23.478+0000] {processor.py:830} INFO - Processing file /opt/airflow/dags/train_dag.py for tasks to queue
[2025-06-25T17:28:23.480+0000] {logging_mixin.py:188} INFO - [2025-06-25T17:28:23.480+0000] {dagbag.py:545} INFO - Filling up the DagBag from /opt/airflow/dags/train_dag.py
[2025-06-25T17:28:23.501+0000] {logging_mixin.py:188} INFO - [2025-06-25T17:28:23.500+0000] {dagbag.py:337} DEBUG - Importing /opt/airflow/dags/train_dag.py
[2025-06-25T17:28:23.513+0000] {processor.py:842} WARNING - No viable dags retrieved from /opt/airflow/dags/train_dag.py
[2025-06-25T17:28:23.545+0000] {processor.py:183} INFO - Processing /opt/airflow/dags/train_dag.py took 0.084 seconds
[2025-06-25T17:28:53.787+0000] {logging_mixin.py:188} INFO - [2025-06-25T17:28:53.786+0000] {settings.py:250} DEBUG - Setting up DB connection pool (PID 4634)
[2025-06-25T17:28:53.789+0000] {logging_mixin.py:188} INFO - [2025-06-25T17:28:53.789+0000] {settings.py:330} DEBUG - settings.prepare_engine_args(): Using pool settings. pool_size=5, max_overflow=10, pool_recycle=1800, pid=4634
[2025-06-25T17:28:53.800+0000] {processor.py:161} INFO - Started process (PID=4634) to work on /opt/airflow/dags/train_dag.py
[2025-06-25T17:28:53.801+0000] {processor.py:830} INFO - Processing file /opt/airflow/dags/train_dag.py for tasks to queue
[2025-06-25T17:28:53.802+0000] {logging_mixin.py:188} INFO - [2025-06-25T17:28:53.802+0000] {dagbag.py:545} INFO - Filling up the DagBag from /opt/airflow/dags/train_dag.py
[2025-06-25T17:28:53.818+0000] {logging_mixin.py:188} INFO - [2025-06-25T17:28:53.817+0000] {dagbag.py:337} DEBUG - Importing /opt/airflow/dags/train_dag.py
[2025-06-25T17:28:53.826+0000] {processor.py:842} WARNING - No viable dags retrieved from /opt/airflow/dags/train_dag.py
[2025-06-25T17:28:53.851+0000] {processor.py:183} INFO - Processing /opt/airflow/dags/train_dag.py took 0.065 seconds
[2025-06-25T17:29:24.360+0000] {logging_mixin.py:188} INFO - [2025-06-25T17:29:24.359+0000] {settings.py:250} DEBUG - Setting up DB connection pool (PID 4694)
[2025-06-25T17:29:24.362+0000] {logging_mixin.py:188} INFO - [2025-06-25T17:29:24.361+0000] {settings.py:330} DEBUG - settings.prepare_engine_args(): Using pool settings. pool_size=5, max_overflow=10, pool_recycle=1800, pid=4694
[2025-06-25T17:29:24.373+0000] {processor.py:161} INFO - Started process (PID=4694) to work on /opt/airflow/dags/train_dag.py
[2025-06-25T17:29:24.374+0000] {processor.py:830} INFO - Processing file /opt/airflow/dags/train_dag.py for tasks to queue
[2025-06-25T17:29:24.376+0000] {logging_mixin.py:188} INFO - [2025-06-25T17:29:24.376+0000] {dagbag.py:545} INFO - Filling up the DagBag from /opt/airflow/dags/train_dag.py
[2025-06-25T17:29:24.391+0000] {logging_mixin.py:188} INFO - [2025-06-25T17:29:24.391+0000] {dagbag.py:337} DEBUG - Importing /opt/airflow/dags/train_dag.py
[2025-06-25T17:29:24.400+0000] {processor.py:842} WARNING - No viable dags retrieved from /opt/airflow/dags/train_dag.py
[2025-06-25T17:29:24.425+0000] {processor.py:183} INFO - Processing /opt/airflow/dags/train_dag.py took 0.067 seconds
[2025-06-25T17:29:54.844+0000] {logging_mixin.py:188} INFO - [2025-06-25T17:29:54.842+0000] {settings.py:250} DEBUG - Setting up DB connection pool (PID 4756)
[2025-06-25T17:29:54.852+0000] {logging_mixin.py:188} INFO - [2025-06-25T17:29:54.851+0000] {settings.py:330} DEBUG - settings.prepare_engine_args(): Using pool settings. pool_size=5, max_overflow=10, pool_recycle=1800, pid=4756
[2025-06-25T17:29:54.868+0000] {processor.py:161} INFO - Started process (PID=4756) to work on /opt/airflow/dags/train_dag.py
[2025-06-25T17:29:54.870+0000] {processor.py:830} INFO - Processing file /opt/airflow/dags/train_dag.py for tasks to queue
[2025-06-25T17:29:54.872+0000] {logging_mixin.py:188} INFO - [2025-06-25T17:29:54.872+0000] {dagbag.py:545} INFO - Filling up the DagBag from /opt/airflow/dags/train_dag.py
[2025-06-25T17:29:54.896+0000] {logging_mixin.py:188} INFO - [2025-06-25T17:29:54.895+0000] {dagbag.py:337} DEBUG - Importing /opt/airflow/dags/train_dag.py
[2025-06-25T17:29:54.907+0000] {processor.py:842} WARNING - No viable dags retrieved from /opt/airflow/dags/train_dag.py
[2025-06-25T17:29:54.942+0000] {processor.py:183} INFO - Processing /opt/airflow/dags/train_dag.py took 0.100 seconds
[2025-06-25T17:30:25.170+0000] {logging_mixin.py:188} INFO - [2025-06-25T17:30:25.169+0000] {settings.py:250} DEBUG - Setting up DB connection pool (PID 4825)
[2025-06-25T17:30:25.173+0000] {logging_mixin.py:188} INFO - [2025-06-25T17:30:25.172+0000] {settings.py:330} DEBUG - settings.prepare_engine_args(): Using pool settings. pool_size=5, max_overflow=10, pool_recycle=1800, pid=4825
[2025-06-25T17:30:25.184+0000] {processor.py:161} INFO - Started process (PID=4825) to work on /opt/airflow/dags/train_dag.py
[2025-06-25T17:30:25.186+0000] {processor.py:830} INFO - Processing file /opt/airflow/dags/train_dag.py for tasks to queue
[2025-06-25T17:30:25.188+0000] {logging_mixin.py:188} INFO - [2025-06-25T17:30:25.188+0000] {dagbag.py:545} INFO - Filling up the DagBag from /opt/airflow/dags/train_dag.py
[2025-06-25T17:30:25.207+0000] {logging_mixin.py:188} INFO - [2025-06-25T17:30:25.207+0000] {dagbag.py:337} DEBUG - Importing /opt/airflow/dags/train_dag.py
[2025-06-25T17:30:25.217+0000] {processor.py:842} WARNING - No viable dags retrieved from /opt/airflow/dags/train_dag.py
[2025-06-25T17:30:25.250+0000] {processor.py:183} INFO - Processing /opt/airflow/dags/train_dag.py took 0.082 seconds
[2025-06-25T17:30:55.482+0000] {logging_mixin.py:188} INFO - [2025-06-25T17:30:55.480+0000] {settings.py:250} DEBUG - Setting up DB connection pool (PID 4887)
[2025-06-25T17:30:55.484+0000] {logging_mixin.py:188} INFO - [2025-06-25T17:30:55.484+0000] {settings.py:330} DEBUG - settings.prepare_engine_args(): Using pool settings. pool_size=5, max_overflow=10, pool_recycle=1800, pid=4887
[2025-06-25T17:30:55.502+0000] {processor.py:161} INFO - Started process (PID=4887) to work on /opt/airflow/dags/train_dag.py
[2025-06-25T17:30:55.503+0000] {processor.py:830} INFO - Processing file /opt/airflow/dags/train_dag.py for tasks to queue
[2025-06-25T17:30:55.505+0000] {logging_mixin.py:188} INFO - [2025-06-25T17:30:55.505+0000] {dagbag.py:545} INFO - Filling up the DagBag from /opt/airflow/dags/train_dag.py
[2025-06-25T17:30:55.524+0000] {logging_mixin.py:188} INFO - [2025-06-25T17:30:55.523+0000] {dagbag.py:337} DEBUG - Importing /opt/airflow/dags/train_dag.py
[2025-06-25T17:30:55.534+0000] {processor.py:842} WARNING - No viable dags retrieved from /opt/airflow/dags/train_dag.py
[2025-06-25T17:30:55.569+0000] {processor.py:183} INFO - Processing /opt/airflow/dags/train_dag.py took 0.089 seconds
[2025-06-25T17:31:25.727+0000] {logging_mixin.py:188} INFO - [2025-06-25T17:31:25.726+0000] {settings.py:250} DEBUG - Setting up DB connection pool (PID 4949)
[2025-06-25T17:31:25.729+0000] {logging_mixin.py:188} INFO - [2025-06-25T17:31:25.729+0000] {settings.py:330} DEBUG - settings.prepare_engine_args(): Using pool settings. pool_size=5, max_overflow=10, pool_recycle=1800, pid=4949
[2025-06-25T17:31:25.742+0000] {processor.py:161} INFO - Started process (PID=4949) to work on /opt/airflow/dags/train_dag.py
[2025-06-25T17:31:25.743+0000] {processor.py:830} INFO - Processing file /opt/airflow/dags/train_dag.py for tasks to queue
[2025-06-25T17:31:25.745+0000] {logging_mixin.py:188} INFO - [2025-06-25T17:31:25.744+0000] {dagbag.py:545} INFO - Filling up the DagBag from /opt/airflow/dags/train_dag.py
[2025-06-25T17:31:25.761+0000] {logging_mixin.py:188} INFO - [2025-06-25T17:31:25.761+0000] {dagbag.py:337} DEBUG - Importing /opt/airflow/dags/train_dag.py
[2025-06-25T17:31:25.770+0000] {processor.py:842} WARNING - No viable dags retrieved from /opt/airflow/dags/train_dag.py
[2025-06-25T17:31:25.798+0000] {processor.py:183} INFO - Processing /opt/airflow/dags/train_dag.py took 0.072 seconds
[2025-06-25T17:31:56.250+0000] {logging_mixin.py:188} INFO - [2025-06-25T17:31:56.248+0000] {settings.py:250} DEBUG - Setting up DB connection pool (PID 5011)
[2025-06-25T17:31:56.254+0000] {logging_mixin.py:188} INFO - [2025-06-25T17:31:56.254+0000] {settings.py:330} DEBUG - settings.prepare_engine_args(): Using pool settings. pool_size=5, max_overflow=10, pool_recycle=1800, pid=5011
[2025-06-25T17:31:56.273+0000] {processor.py:161} INFO - Started process (PID=5011) to work on /opt/airflow/dags/train_dag.py
[2025-06-25T17:31:56.275+0000] {processor.py:830} INFO - Processing file /opt/airflow/dags/train_dag.py for tasks to queue
[2025-06-25T17:31:56.276+0000] {logging_mixin.py:188} INFO - [2025-06-25T17:31:56.276+0000] {dagbag.py:545} INFO - Filling up the DagBag from /opt/airflow/dags/train_dag.py
[2025-06-25T17:31:56.296+0000] {logging_mixin.py:188} INFO - [2025-06-25T17:31:56.295+0000] {dagbag.py:337} DEBUG - Importing /opt/airflow/dags/train_dag.py
[2025-06-25T17:31:56.305+0000] {processor.py:842} WARNING - No viable dags retrieved from /opt/airflow/dags/train_dag.py
[2025-06-25T17:31:56.340+0000] {processor.py:183} INFO - Processing /opt/airflow/dags/train_dag.py took 0.092 seconds
[2025-06-25T17:32:26.632+0000] {logging_mixin.py:188} INFO - [2025-06-25T17:32:26.631+0000] {settings.py:250} DEBUG - Setting up DB connection pool (PID 5073)
[2025-06-25T17:32:26.634+0000] {logging_mixin.py:188} INFO - [2025-06-25T17:32:26.633+0000] {settings.py:330} DEBUG - settings.prepare_engine_args(): Using pool settings. pool_size=5, max_overflow=10, pool_recycle=1800, pid=5073
[2025-06-25T17:32:26.645+0000] {processor.py:161} INFO - Started process (PID=5073) to work on /opt/airflow/dags/train_dag.py
[2025-06-25T17:32:26.646+0000] {processor.py:830} INFO - Processing file /opt/airflow/dags/train_dag.py for tasks to queue
[2025-06-25T17:32:26.647+0000] {logging_mixin.py:188} INFO - [2025-06-25T17:32:26.647+0000] {dagbag.py:545} INFO - Filling up the DagBag from /opt/airflow/dags/train_dag.py
[2025-06-25T17:32:26.669+0000] {logging_mixin.py:188} INFO - [2025-06-25T17:32:26.668+0000] {dagbag.py:337} DEBUG - Importing /opt/airflow/dags/train_dag.py
[2025-06-25T17:32:26.679+0000] {processor.py:842} WARNING - No viable dags retrieved from /opt/airflow/dags/train_dag.py
[2025-06-25T17:32:26.708+0000] {processor.py:183} INFO - Processing /opt/airflow/dags/train_dag.py took 0.077 seconds
[2025-06-25T17:32:57.155+0000] {logging_mixin.py:188} INFO - [2025-06-25T17:32:57.153+0000] {settings.py:250} DEBUG - Setting up DB connection pool (PID 5135)
[2025-06-25T17:32:57.157+0000] {logging_mixin.py:188} INFO - [2025-06-25T17:32:57.156+0000] {settings.py:330} DEBUG - settings.prepare_engine_args(): Using pool settings. pool_size=5, max_overflow=10, pool_recycle=1800, pid=5135
[2025-06-25T17:32:57.166+0000] {processor.py:161} INFO - Started process (PID=5135) to work on /opt/airflow/dags/train_dag.py
[2025-06-25T17:32:57.167+0000] {processor.py:830} INFO - Processing file /opt/airflow/dags/train_dag.py for tasks to queue
[2025-06-25T17:32:57.168+0000] {logging_mixin.py:188} INFO - [2025-06-25T17:32:57.168+0000] {dagbag.py:545} INFO - Filling up the DagBag from /opt/airflow/dags/train_dag.py
[2025-06-25T17:32:57.183+0000] {logging_mixin.py:188} INFO - [2025-06-25T17:32:57.183+0000] {dagbag.py:337} DEBUG - Importing /opt/airflow/dags/train_dag.py
[2025-06-25T17:32:57.191+0000] {processor.py:842} WARNING - No viable dags retrieved from /opt/airflow/dags/train_dag.py
[2025-06-25T17:32:57.228+0000] {processor.py:183} INFO - Processing /opt/airflow/dags/train_dag.py took 0.075 seconds
[2025-06-25T17:33:27.347+0000] {logging_mixin.py:188} INFO - [2025-06-25T17:33:27.346+0000] {settings.py:250} DEBUG - Setting up DB connection pool (PID 5197)
[2025-06-25T17:33:27.349+0000] {logging_mixin.py:188} INFO - [2025-06-25T17:33:27.349+0000] {settings.py:330} DEBUG - settings.prepare_engine_args(): Using pool settings. pool_size=5, max_overflow=10, pool_recycle=1800, pid=5197
[2025-06-25T17:33:27.359+0000] {processor.py:161} INFO - Started process (PID=5197) to work on /opt/airflow/dags/train_dag.py
[2025-06-25T17:33:27.360+0000] {processor.py:830} INFO - Processing file /opt/airflow/dags/train_dag.py for tasks to queue
[2025-06-25T17:33:27.362+0000] {logging_mixin.py:188} INFO - [2025-06-25T17:33:27.361+0000] {dagbag.py:545} INFO - Filling up the DagBag from /opt/airflow/dags/train_dag.py
[2025-06-25T17:33:27.379+0000] {logging_mixin.py:188} INFO - [2025-06-25T17:33:27.379+0000] {dagbag.py:337} DEBUG - Importing /opt/airflow/dags/train_dag.py
[2025-06-25T17:33:27.388+0000] {processor.py:842} WARNING - No viable dags retrieved from /opt/airflow/dags/train_dag.py
[2025-06-25T17:33:27.412+0000] {processor.py:183} INFO - Processing /opt/airflow/dags/train_dag.py took 0.066 seconds
[2025-06-25T17:33:57.607+0000] {logging_mixin.py:188} INFO - [2025-06-25T17:33:57.606+0000] {settings.py:250} DEBUG - Setting up DB connection pool (PID 5257)
[2025-06-25T17:33:57.609+0000] {logging_mixin.py:188} INFO - [2025-06-25T17:33:57.609+0000] {settings.py:330} DEBUG - settings.prepare_engine_args(): Using pool settings. pool_size=5, max_overflow=10, pool_recycle=1800, pid=5257
[2025-06-25T17:33:57.618+0000] {processor.py:161} INFO - Started process (PID=5257) to work on /opt/airflow/dags/train_dag.py
[2025-06-25T17:33:57.619+0000] {processor.py:830} INFO - Processing file /opt/airflow/dags/train_dag.py for tasks to queue
[2025-06-25T17:33:57.620+0000] {logging_mixin.py:188} INFO - [2025-06-25T17:33:57.620+0000] {dagbag.py:545} INFO - Filling up the DagBag from /opt/airflow/dags/train_dag.py
[2025-06-25T17:33:57.634+0000] {logging_mixin.py:188} INFO - [2025-06-25T17:33:57.634+0000] {dagbag.py:337} DEBUG - Importing /opt/airflow/dags/train_dag.py
[2025-06-25T17:33:57.643+0000] {processor.py:842} WARNING - No viable dags retrieved from /opt/airflow/dags/train_dag.py
[2025-06-25T17:33:57.666+0000] {processor.py:183} INFO - Processing /opt/airflow/dags/train_dag.py took 0.060 seconds
[2025-06-25T17:34:27.763+0000] {logging_mixin.py:188} INFO - [2025-06-25T17:34:27.761+0000] {settings.py:250} DEBUG - Setting up DB connection pool (PID 5316)
[2025-06-25T17:34:27.765+0000] {logging_mixin.py:188} INFO - [2025-06-25T17:34:27.765+0000] {settings.py:330} DEBUG - settings.prepare_engine_args(): Using pool settings. pool_size=5, max_overflow=10, pool_recycle=1800, pid=5316
[2025-06-25T17:34:27.776+0000] {processor.py:161} INFO - Started process (PID=5316) to work on /opt/airflow/dags/train_dag.py
[2025-06-25T17:34:27.778+0000] {processor.py:830} INFO - Processing file /opt/airflow/dags/train_dag.py for tasks to queue
[2025-06-25T17:34:27.779+0000] {logging_mixin.py:188} INFO - [2025-06-25T17:34:27.779+0000] {dagbag.py:545} INFO - Filling up the DagBag from /opt/airflow/dags/train_dag.py
[2025-06-25T17:34:27.797+0000] {logging_mixin.py:188} INFO - [2025-06-25T17:34:27.797+0000] {dagbag.py:337} DEBUG - Importing /opt/airflow/dags/train_dag.py
[2025-06-25T17:34:27.807+0000] {processor.py:842} WARNING - No viable dags retrieved from /opt/airflow/dags/train_dag.py
[2025-06-25T17:34:27.830+0000] {processor.py:183} INFO - Processing /opt/airflow/dags/train_dag.py took 0.069 seconds
[2025-06-25T17:34:58.140+0000] {logging_mixin.py:188} INFO - [2025-06-25T17:34:58.138+0000] {settings.py:250} DEBUG - Setting up DB connection pool (PID 5374)
[2025-06-25T17:34:58.141+0000] {logging_mixin.py:188} INFO - [2025-06-25T17:34:58.141+0000] {settings.py:330} DEBUG - settings.prepare_engine_args(): Using pool settings. pool_size=5, max_overflow=10, pool_recycle=1800, pid=5374
[2025-06-25T17:34:58.151+0000] {processor.py:161} INFO - Started process (PID=5374) to work on /opt/airflow/dags/train_dag.py
[2025-06-25T17:34:58.152+0000] {processor.py:830} INFO - Processing file /opt/airflow/dags/train_dag.py for tasks to queue
[2025-06-25T17:34:58.153+0000] {logging_mixin.py:188} INFO - [2025-06-25T17:34:58.153+0000] {dagbag.py:545} INFO - Filling up the DagBag from /opt/airflow/dags/train_dag.py
[2025-06-25T17:34:58.168+0000] {logging_mixin.py:188} INFO - [2025-06-25T17:34:58.168+0000] {dagbag.py:337} DEBUG - Importing /opt/airflow/dags/train_dag.py
[2025-06-25T17:34:58.177+0000] {processor.py:842} WARNING - No viable dags retrieved from /opt/airflow/dags/train_dag.py
[2025-06-25T17:34:58.212+0000] {processor.py:183} INFO - Processing /opt/airflow/dags/train_dag.py took 0.074 seconds
[2025-06-25T17:35:29.128+0000] {logging_mixin.py:188} INFO - [2025-06-25T17:35:29.126+0000] {settings.py:250} DEBUG - Setting up DB connection pool (PID 5436)
[2025-06-25T17:35:29.130+0000] {logging_mixin.py:188} INFO - [2025-06-25T17:35:29.130+0000] {settings.py:330} DEBUG - settings.prepare_engine_args(): Using pool settings. pool_size=5, max_overflow=10, pool_recycle=1800, pid=5436
[2025-06-25T17:35:29.148+0000] {processor.py:161} INFO - Started process (PID=5436) to work on /opt/airflow/dags/train_dag.py
[2025-06-25T17:35:29.151+0000] {processor.py:830} INFO - Processing file /opt/airflow/dags/train_dag.py for tasks to queue
[2025-06-25T17:35:29.153+0000] {logging_mixin.py:188} INFO - [2025-06-25T17:35:29.153+0000] {dagbag.py:545} INFO - Filling up the DagBag from /opt/airflow/dags/train_dag.py
[2025-06-25T17:35:29.173+0000] {logging_mixin.py:188} INFO - [2025-06-25T17:35:29.172+0000] {dagbag.py:337} DEBUG - Importing /opt/airflow/dags/train_dag.py
[2025-06-25T17:35:29.185+0000] {processor.py:842} WARNING - No viable dags retrieved from /opt/airflow/dags/train_dag.py
[2025-06-25T17:35:29.222+0000] {processor.py:183} INFO - Processing /opt/airflow/dags/train_dag.py took 0.096 seconds
[2025-06-25T17:35:59.603+0000] {logging_mixin.py:188} INFO - [2025-06-25T17:35:59.602+0000] {settings.py:250} DEBUG - Setting up DB connection pool (PID 5498)
[2025-06-25T17:35:59.605+0000] {logging_mixin.py:188} INFO - [2025-06-25T17:35:59.605+0000] {settings.py:330} DEBUG - settings.prepare_engine_args(): Using pool settings. pool_size=5, max_overflow=10, pool_recycle=1800, pid=5498
[2025-06-25T17:35:59.619+0000] {processor.py:161} INFO - Started process (PID=5498) to work on /opt/airflow/dags/train_dag.py
[2025-06-25T17:35:59.621+0000] {processor.py:830} INFO - Processing file /opt/airflow/dags/train_dag.py for tasks to queue
[2025-06-25T17:35:59.623+0000] {logging_mixin.py:188} INFO - [2025-06-25T17:35:59.622+0000] {dagbag.py:545} INFO - Filling up the DagBag from /opt/airflow/dags/train_dag.py
[2025-06-25T17:35:59.641+0000] {logging_mixin.py:188} INFO - [2025-06-25T17:35:59.641+0000] {dagbag.py:337} DEBUG - Importing /opt/airflow/dags/train_dag.py
[2025-06-25T17:35:59.651+0000] {processor.py:842} WARNING - No viable dags retrieved from /opt/airflow/dags/train_dag.py
[2025-06-25T17:35:59.685+0000] {processor.py:183} INFO - Processing /opt/airflow/dags/train_dag.py took 0.083 seconds
[2025-06-25T17:36:30.442+0000] {logging_mixin.py:188} INFO - [2025-06-25T17:36:30.441+0000] {settings.py:250} DEBUG - Setting up DB connection pool (PID 5560)
[2025-06-25T17:36:30.443+0000] {logging_mixin.py:188} INFO - [2025-06-25T17:36:30.443+0000] {settings.py:330} DEBUG - settings.prepare_engine_args(): Using pool settings. pool_size=5, max_overflow=10, pool_recycle=1800, pid=5560
[2025-06-25T17:36:30.454+0000] {processor.py:161} INFO - Started process (PID=5560) to work on /opt/airflow/dags/train_dag.py
[2025-06-25T17:36:30.455+0000] {processor.py:830} INFO - Processing file /opt/airflow/dags/train_dag.py for tasks to queue
[2025-06-25T17:36:30.457+0000] {logging_mixin.py:188} INFO - [2025-06-25T17:36:30.457+0000] {dagbag.py:545} INFO - Filling up the DagBag from /opt/airflow/dags/train_dag.py
[2025-06-25T17:36:30.476+0000] {logging_mixin.py:188} INFO - [2025-06-25T17:36:30.475+0000] {dagbag.py:337} DEBUG - Importing /opt/airflow/dags/train_dag.py
[2025-06-25T17:36:30.485+0000] {processor.py:842} WARNING - No viable dags retrieved from /opt/airflow/dags/train_dag.py
[2025-06-25T17:36:30.513+0000] {processor.py:183} INFO - Processing /opt/airflow/dags/train_dag.py took 0.072 seconds
[2025-06-25T17:37:01.277+0000] {logging_mixin.py:188} INFO - [2025-06-25T17:37:01.275+0000] {settings.py:250} DEBUG - Setting up DB connection pool (PID 5622)
[2025-06-25T17:37:01.279+0000] {logging_mixin.py:188} INFO - [2025-06-25T17:37:01.279+0000] {settings.py:330} DEBUG - settings.prepare_engine_args(): Using pool settings. pool_size=5, max_overflow=10, pool_recycle=1800, pid=5622
[2025-06-25T17:37:01.292+0000] {processor.py:161} INFO - Started process (PID=5622) to work on /opt/airflow/dags/train_dag.py
[2025-06-25T17:37:01.294+0000] {processor.py:830} INFO - Processing file /opt/airflow/dags/train_dag.py for tasks to queue
[2025-06-25T17:37:01.295+0000] {logging_mixin.py:188} INFO - [2025-06-25T17:37:01.295+0000] {dagbag.py:545} INFO - Filling up the DagBag from /opt/airflow/dags/train_dag.py
[2025-06-25T17:37:01.314+0000] {logging_mixin.py:188} INFO - [2025-06-25T17:37:01.313+0000] {dagbag.py:337} DEBUG - Importing /opt/airflow/dags/train_dag.py
[2025-06-25T17:37:01.323+0000] {processor.py:842} WARNING - No viable dags retrieved from /opt/airflow/dags/train_dag.py
[2025-06-25T17:37:01.357+0000] {processor.py:183} INFO - Processing /opt/airflow/dags/train_dag.py took 0.082 seconds
[2025-06-25T17:37:31.769+0000] {logging_mixin.py:188} INFO - [2025-06-25T17:37:31.767+0000] {settings.py:250} DEBUG - Setting up DB connection pool (PID 5684)
[2025-06-25T17:37:31.770+0000] {logging_mixin.py:188} INFO - [2025-06-25T17:37:31.770+0000] {settings.py:330} DEBUG - settings.prepare_engine_args(): Using pool settings. pool_size=5, max_overflow=10, pool_recycle=1800, pid=5684
[2025-06-25T17:37:31.791+0000] {processor.py:161} INFO - Started process (PID=5684) to work on /opt/airflow/dags/train_dag.py
[2025-06-25T17:37:31.793+0000] {processor.py:830} INFO - Processing file /opt/airflow/dags/train_dag.py for tasks to queue
[2025-06-25T17:37:31.795+0000] {logging_mixin.py:188} INFO - [2025-06-25T17:37:31.795+0000] {dagbag.py:545} INFO - Filling up the DagBag from /opt/airflow/dags/train_dag.py
[2025-06-25T17:37:31.813+0000] {logging_mixin.py:188} INFO - [2025-06-25T17:37:31.812+0000] {dagbag.py:337} DEBUG - Importing /opt/airflow/dags/train_dag.py
[2025-06-25T17:37:31.823+0000] {processor.py:842} WARNING - No viable dags retrieved from /opt/airflow/dags/train_dag.py
[2025-06-25T17:37:31.855+0000] {processor.py:183} INFO - Processing /opt/airflow/dags/train_dag.py took 0.088 seconds
[2025-06-25T17:38:02.138+0000] {logging_mixin.py:188} INFO - [2025-06-25T17:38:02.137+0000] {settings.py:250} DEBUG - Setting up DB connection pool (PID 5746)
[2025-06-25T17:38:02.139+0000] {logging_mixin.py:188} INFO - [2025-06-25T17:38:02.139+0000] {settings.py:330} DEBUG - settings.prepare_engine_args(): Using pool settings. pool_size=5, max_overflow=10, pool_recycle=1800, pid=5746
[2025-06-25T17:38:02.149+0000] {processor.py:161} INFO - Started process (PID=5746) to work on /opt/airflow/dags/train_dag.py
[2025-06-25T17:38:02.150+0000] {processor.py:830} INFO - Processing file /opt/airflow/dags/train_dag.py for tasks to queue
[2025-06-25T17:38:02.151+0000] {logging_mixin.py:188} INFO - [2025-06-25T17:38:02.151+0000] {dagbag.py:545} INFO - Filling up the DagBag from /opt/airflow/dags/train_dag.py
[2025-06-25T17:38:02.165+0000] {logging_mixin.py:188} INFO - [2025-06-25T17:38:02.165+0000] {dagbag.py:337} DEBUG - Importing /opt/airflow/dags/train_dag.py
[2025-06-25T17:38:02.173+0000] {processor.py:842} WARNING - No viable dags retrieved from /opt/airflow/dags/train_dag.py
[2025-06-25T17:38:02.196+0000] {processor.py:183} INFO - Processing /opt/airflow/dags/train_dag.py took 0.060 seconds
[2025-06-25T17:38:32.574+0000] {logging_mixin.py:188} INFO - [2025-06-25T17:38:32.571+0000] {settings.py:250} DEBUG - Setting up DB connection pool (PID 5808)
[2025-06-25T17:38:32.576+0000] {logging_mixin.py:188} INFO - [2025-06-25T17:38:32.576+0000] {settings.py:330} DEBUG - settings.prepare_engine_args(): Using pool settings. pool_size=5, max_overflow=10, pool_recycle=1800, pid=5808
[2025-06-25T17:38:32.591+0000] {processor.py:161} INFO - Started process (PID=5808) to work on /opt/airflow/dags/train_dag.py
[2025-06-25T17:38:32.592+0000] {processor.py:830} INFO - Processing file /opt/airflow/dags/train_dag.py for tasks to queue
[2025-06-25T17:38:32.594+0000] {logging_mixin.py:188} INFO - [2025-06-25T17:38:32.594+0000] {dagbag.py:545} INFO - Filling up the DagBag from /opt/airflow/dags/train_dag.py
[2025-06-25T17:38:32.611+0000] {logging_mixin.py:188} INFO - [2025-06-25T17:38:32.611+0000] {dagbag.py:337} DEBUG - Importing /opt/airflow/dags/train_dag.py
[2025-06-25T17:38:32.619+0000] {processor.py:842} WARNING - No viable dags retrieved from /opt/airflow/dags/train_dag.py
[2025-06-25T17:38:32.647+0000] {processor.py:183} INFO - Processing /opt/airflow/dags/train_dag.py took 0.076 seconds
[2025-06-25T17:39:02.848+0000] {logging_mixin.py:188} INFO - [2025-06-25T17:39:02.847+0000] {settings.py:250} DEBUG - Setting up DB connection pool (PID 5869)
[2025-06-25T17:39:02.850+0000] {logging_mixin.py:188} INFO - [2025-06-25T17:39:02.850+0000] {settings.py:330} DEBUG - settings.prepare_engine_args(): Using pool settings. pool_size=5, max_overflow=10, pool_recycle=1800, pid=5869
[2025-06-25T17:39:02.864+0000] {processor.py:161} INFO - Started process (PID=5869) to work on /opt/airflow/dags/train_dag.py
[2025-06-25T17:39:02.865+0000] {processor.py:830} INFO - Processing file /opt/airflow/dags/train_dag.py for tasks to queue
[2025-06-25T17:39:02.867+0000] {logging_mixin.py:188} INFO - [2025-06-25T17:39:02.866+0000] {dagbag.py:545} INFO - Filling up the DagBag from /opt/airflow/dags/train_dag.py
[2025-06-25T17:39:02.882+0000] {logging_mixin.py:188} INFO - [2025-06-25T17:39:02.882+0000] {dagbag.py:337} DEBUG - Importing /opt/airflow/dags/train_dag.py
[2025-06-25T17:39:02.892+0000] {processor.py:842} WARNING - No viable dags retrieved from /opt/airflow/dags/train_dag.py
[2025-06-25T17:39:02.915+0000] {processor.py:183} INFO - Processing /opt/airflow/dags/train_dag.py took 0.069 seconds
[2025-06-25T17:39:33.179+0000] {logging_mixin.py:188} INFO - [2025-06-25T17:39:33.178+0000] {settings.py:250} DEBUG - Setting up DB connection pool (PID 5930)
[2025-06-25T17:39:33.182+0000] {logging_mixin.py:188} INFO - [2025-06-25T17:39:33.182+0000] {settings.py:330} DEBUG - settings.prepare_engine_args(): Using pool settings. pool_size=5, max_overflow=10, pool_recycle=1800, pid=5930
[2025-06-25T17:39:33.197+0000] {processor.py:161} INFO - Started process (PID=5930) to work on /opt/airflow/dags/train_dag.py
[2025-06-25T17:39:33.198+0000] {processor.py:830} INFO - Processing file /opt/airflow/dags/train_dag.py for tasks to queue
[2025-06-25T17:39:33.200+0000] {logging_mixin.py:188} INFO - [2025-06-25T17:39:33.200+0000] {dagbag.py:545} INFO - Filling up the DagBag from /opt/airflow/dags/train_dag.py
[2025-06-25T17:39:33.220+0000] {logging_mixin.py:188} INFO - [2025-06-25T17:39:33.219+0000] {dagbag.py:337} DEBUG - Importing /opt/airflow/dags/train_dag.py
[2025-06-25T17:39:33.229+0000] {processor.py:842} WARNING - No viable dags retrieved from /opt/airflow/dags/train_dag.py
[2025-06-25T17:39:33.259+0000] {processor.py:183} INFO - Processing /opt/airflow/dags/train_dag.py took 0.082 seconds
[2025-06-25T17:40:03.502+0000] {logging_mixin.py:188} INFO - [2025-06-25T17:40:03.501+0000] {settings.py:250} DEBUG - Setting up DB connection pool (PID 5992)
[2025-06-25T17:40:03.504+0000] {logging_mixin.py:188} INFO - [2025-06-25T17:40:03.504+0000] {settings.py:330} DEBUG - settings.prepare_engine_args(): Using pool settings. pool_size=5, max_overflow=10, pool_recycle=1800, pid=5992
[2025-06-25T17:40:03.516+0000] {processor.py:161} INFO - Started process (PID=5992) to work on /opt/airflow/dags/train_dag.py
[2025-06-25T17:40:03.517+0000] {processor.py:830} INFO - Processing file /opt/airflow/dags/train_dag.py for tasks to queue
[2025-06-25T17:40:03.519+0000] {logging_mixin.py:188} INFO - [2025-06-25T17:40:03.518+0000] {dagbag.py:545} INFO - Filling up the DagBag from /opt/airflow/dags/train_dag.py
[2025-06-25T17:40:03.538+0000] {logging_mixin.py:188} INFO - [2025-06-25T17:40:03.538+0000] {dagbag.py:337} DEBUG - Importing /opt/airflow/dags/train_dag.py
[2025-06-25T17:40:03.548+0000] {processor.py:842} WARNING - No viable dags retrieved from /opt/airflow/dags/train_dag.py
[2025-06-25T17:40:03.575+0000] {processor.py:183} INFO - Processing /opt/airflow/dags/train_dag.py took 0.075 seconds
[2025-06-25T17:40:34.250+0000] {logging_mixin.py:188} INFO - [2025-06-25T17:40:34.248+0000] {settings.py:250} DEBUG - Setting up DB connection pool (PID 6054)
[2025-06-25T17:40:34.252+0000] {logging_mixin.py:188} INFO - [2025-06-25T17:40:34.251+0000] {settings.py:330} DEBUG - settings.prepare_engine_args(): Using pool settings. pool_size=5, max_overflow=10, pool_recycle=1800, pid=6054
[2025-06-25T17:40:34.264+0000] {processor.py:161} INFO - Started process (PID=6054) to work on /opt/airflow/dags/train_dag.py
[2025-06-25T17:40:34.265+0000] {processor.py:830} INFO - Processing file /opt/airflow/dags/train_dag.py for tasks to queue
[2025-06-25T17:40:34.266+0000] {logging_mixin.py:188} INFO - [2025-06-25T17:40:34.266+0000] {dagbag.py:545} INFO - Filling up the DagBag from /opt/airflow/dags/train_dag.py
[2025-06-25T17:40:34.283+0000] {logging_mixin.py:188} INFO - [2025-06-25T17:40:34.282+0000] {dagbag.py:337} DEBUG - Importing /opt/airflow/dags/train_dag.py
[2025-06-25T17:40:34.294+0000] {processor.py:842} WARNING - No viable dags retrieved from /opt/airflow/dags/train_dag.py
[2025-06-25T17:40:34.345+0000] {processor.py:183} INFO - Processing /opt/airflow/dags/train_dag.py took 0.097 seconds
[2025-06-25T17:41:04.796+0000] {logging_mixin.py:188} INFO - [2025-06-25T17:41:04.795+0000] {settings.py:250} DEBUG - Setting up DB connection pool (PID 6117)
[2025-06-25T17:41:04.798+0000] {logging_mixin.py:188} INFO - [2025-06-25T17:41:04.798+0000] {settings.py:330} DEBUG - settings.prepare_engine_args(): Using pool settings. pool_size=5, max_overflow=10, pool_recycle=1800, pid=6117
[2025-06-25T17:41:04.816+0000] {processor.py:161} INFO - Started process (PID=6117) to work on /opt/airflow/dags/train_dag.py
[2025-06-25T17:41:04.818+0000] {processor.py:830} INFO - Processing file /opt/airflow/dags/train_dag.py for tasks to queue
[2025-06-25T17:41:04.820+0000] {logging_mixin.py:188} INFO - [2025-06-25T17:41:04.819+0000] {dagbag.py:545} INFO - Filling up the DagBag from /opt/airflow/dags/train_dag.py
[2025-06-25T17:41:04.863+0000] {logging_mixin.py:188} INFO - [2025-06-25T17:41:04.862+0000] {dagbag.py:337} DEBUG - Importing /opt/airflow/dags/train_dag.py
[2025-06-25T17:41:04.879+0000] {processor.py:842} WARNING - No viable dags retrieved from /opt/airflow/dags/train_dag.py
[2025-06-25T17:41:04.914+0000] {processor.py:183} INFO - Processing /opt/airflow/dags/train_dag.py took 0.120 seconds
[2025-06-25T17:41:35.112+0000] {logging_mixin.py:188} INFO - [2025-06-25T17:41:35.111+0000] {settings.py:250} DEBUG - Setting up DB connection pool (PID 6179)
[2025-06-25T17:41:35.114+0000] {logging_mixin.py:188} INFO - [2025-06-25T17:41:35.114+0000] {settings.py:330} DEBUG - settings.prepare_engine_args(): Using pool settings. pool_size=5, max_overflow=10, pool_recycle=1800, pid=6179
[2025-06-25T17:41:35.127+0000] {processor.py:161} INFO - Started process (PID=6179) to work on /opt/airflow/dags/train_dag.py
[2025-06-25T17:41:35.129+0000] {processor.py:830} INFO - Processing file /opt/airflow/dags/train_dag.py for tasks to queue
[2025-06-25T17:41:35.130+0000] {logging_mixin.py:188} INFO - [2025-06-25T17:41:35.130+0000] {dagbag.py:545} INFO - Filling up the DagBag from /opt/airflow/dags/train_dag.py
[2025-06-25T17:41:35.148+0000] {logging_mixin.py:188} INFO - [2025-06-25T17:41:35.148+0000] {dagbag.py:337} DEBUG - Importing /opt/airflow/dags/train_dag.py
[2025-06-25T17:41:35.158+0000] {processor.py:842} WARNING - No viable dags retrieved from /opt/airflow/dags/train_dag.py
[2025-06-25T17:41:35.189+0000] {processor.py:183} INFO - Processing /opt/airflow/dags/train_dag.py took 0.078 seconds
[2025-06-25T17:42:05.487+0000] {logging_mixin.py:188} INFO - [2025-06-25T17:42:05.486+0000] {settings.py:250} DEBUG - Setting up DB connection pool (PID 6238)
[2025-06-25T17:42:05.489+0000] {logging_mixin.py:188} INFO - [2025-06-25T17:42:05.489+0000] {settings.py:330} DEBUG - settings.prepare_engine_args(): Using pool settings. pool_size=5, max_overflow=10, pool_recycle=1800, pid=6238
[2025-06-25T17:42:05.501+0000] {processor.py:161} INFO - Started process (PID=6238) to work on /opt/airflow/dags/train_dag.py
[2025-06-25T17:42:05.503+0000] {processor.py:830} INFO - Processing file /opt/airflow/dags/train_dag.py for tasks to queue
[2025-06-25T17:42:05.505+0000] {logging_mixin.py:188} INFO - [2025-06-25T17:42:05.504+0000] {dagbag.py:545} INFO - Filling up the DagBag from /opt/airflow/dags/train_dag.py
[2025-06-25T17:42:05.524+0000] {logging_mixin.py:188} INFO - [2025-06-25T17:42:05.523+0000] {dagbag.py:337} DEBUG - Importing /opt/airflow/dags/train_dag.py
[2025-06-25T17:42:05.534+0000] {processor.py:842} WARNING - No viable dags retrieved from /opt/airflow/dags/train_dag.py
[2025-06-25T17:42:05.564+0000] {processor.py:183} INFO - Processing /opt/airflow/dags/train_dag.py took 0.078 seconds
[2025-06-25T17:42:35.783+0000] {logging_mixin.py:188} INFO - [2025-06-25T17:42:35.781+0000] {settings.py:250} DEBUG - Setting up DB connection pool (PID 6294)
[2025-06-25T17:42:35.786+0000] {logging_mixin.py:188} INFO - [2025-06-25T17:42:35.786+0000] {settings.py:330} DEBUG - settings.prepare_engine_args(): Using pool settings. pool_size=5, max_overflow=10, pool_recycle=1800, pid=6294
[2025-06-25T17:42:35.804+0000] {processor.py:161} INFO - Started process (PID=6294) to work on /opt/airflow/dags/train_dag.py
[2025-06-25T17:42:35.809+0000] {processor.py:830} INFO - Processing file /opt/airflow/dags/train_dag.py for tasks to queue
[2025-06-25T17:42:35.811+0000] {logging_mixin.py:188} INFO - [2025-06-25T17:42:35.811+0000] {dagbag.py:545} INFO - Filling up the DagBag from /opt/airflow/dags/train_dag.py
[2025-06-25T17:42:35.835+0000] {logging_mixin.py:188} INFO - [2025-06-25T17:42:35.834+0000] {dagbag.py:337} DEBUG - Importing /opt/airflow/dags/train_dag.py
[2025-06-25T17:42:35.845+0000] {processor.py:842} WARNING - No viable dags retrieved from /opt/airflow/dags/train_dag.py
[2025-06-25T17:42:35.879+0000] {processor.py:183} INFO - Processing /opt/airflow/dags/train_dag.py took 0.098 seconds
[2025-06-25T17:43:06.445+0000] {logging_mixin.py:188} INFO - [2025-06-25T17:43:06.444+0000] {settings.py:250} DEBUG - Setting up DB connection pool (PID 6356)
[2025-06-25T17:43:06.448+0000] {logging_mixin.py:188} INFO - [2025-06-25T17:43:06.447+0000] {settings.py:330} DEBUG - settings.prepare_engine_args(): Using pool settings. pool_size=5, max_overflow=10, pool_recycle=1800, pid=6356
[2025-06-25T17:43:06.465+0000] {processor.py:161} INFO - Started process (PID=6356) to work on /opt/airflow/dags/train_dag.py
[2025-06-25T17:43:06.467+0000] {processor.py:830} INFO - Processing file /opt/airflow/dags/train_dag.py for tasks to queue
[2025-06-25T17:43:06.469+0000] {logging_mixin.py:188} INFO - [2025-06-25T17:43:06.468+0000] {dagbag.py:545} INFO - Filling up the DagBag from /opt/airflow/dags/train_dag.py
[2025-06-25T17:43:06.488+0000] {logging_mixin.py:188} INFO - [2025-06-25T17:43:06.488+0000] {dagbag.py:337} DEBUG - Importing /opt/airflow/dags/train_dag.py
[2025-06-25T17:43:06.498+0000] {processor.py:842} WARNING - No viable dags retrieved from /opt/airflow/dags/train_dag.py
[2025-06-25T17:43:06.523+0000] {processor.py:183} INFO - Processing /opt/airflow/dags/train_dag.py took 0.079 seconds
[2025-06-25T17:43:36.836+0000] {logging_mixin.py:188} INFO - [2025-06-25T17:43:36.835+0000] {settings.py:250} DEBUG - Setting up DB connection pool (PID 6418)
[2025-06-25T17:43:36.838+0000] {logging_mixin.py:188} INFO - [2025-06-25T17:43:36.838+0000] {settings.py:330} DEBUG - settings.prepare_engine_args(): Using pool settings. pool_size=5, max_overflow=10, pool_recycle=1800, pid=6418
[2025-06-25T17:43:36.856+0000] {processor.py:161} INFO - Started process (PID=6418) to work on /opt/airflow/dags/train_dag.py
[2025-06-25T17:43:36.858+0000] {processor.py:830} INFO - Processing file /opt/airflow/dags/train_dag.py for tasks to queue
[2025-06-25T17:43:36.862+0000] {logging_mixin.py:188} INFO - [2025-06-25T17:43:36.862+0000] {dagbag.py:545} INFO - Filling up the DagBag from /opt/airflow/dags/train_dag.py
[2025-06-25T17:43:36.883+0000] {logging_mixin.py:188} INFO - [2025-06-25T17:43:36.882+0000] {dagbag.py:337} DEBUG - Importing /opt/airflow/dags/train_dag.py
[2025-06-25T17:43:36.894+0000] {processor.py:842} WARNING - No viable dags retrieved from /opt/airflow/dags/train_dag.py
[2025-06-25T17:43:36.929+0000] {processor.py:183} INFO - Processing /opt/airflow/dags/train_dag.py took 0.094 seconds
[2025-06-25T17:44:07.089+0000] {logging_mixin.py:188} INFO - [2025-06-25T17:44:07.088+0000] {settings.py:250} DEBUG - Setting up DB connection pool (PID 6478)
[2025-06-25T17:44:07.091+0000] {logging_mixin.py:188} INFO - [2025-06-25T17:44:07.091+0000] {settings.py:330} DEBUG - settings.prepare_engine_args(): Using pool settings. pool_size=5, max_overflow=10, pool_recycle=1800, pid=6478
[2025-06-25T17:44:07.102+0000] {processor.py:161} INFO - Started process (PID=6478) to work on /opt/airflow/dags/train_dag.py
[2025-06-25T17:44:07.103+0000] {processor.py:830} INFO - Processing file /opt/airflow/dags/train_dag.py for tasks to queue
[2025-06-25T17:44:07.104+0000] {logging_mixin.py:188} INFO - [2025-06-25T17:44:07.104+0000] {dagbag.py:545} INFO - Filling up the DagBag from /opt/airflow/dags/train_dag.py
[2025-06-25T17:44:07.124+0000] {logging_mixin.py:188} INFO - [2025-06-25T17:44:07.123+0000] {dagbag.py:337} DEBUG - Importing /opt/airflow/dags/train_dag.py
[2025-06-25T17:44:07.134+0000] {processor.py:842} WARNING - No viable dags retrieved from /opt/airflow/dags/train_dag.py
[2025-06-25T17:44:07.167+0000] {processor.py:183} INFO - Processing /opt/airflow/dags/train_dag.py took 0.080 seconds
[2025-06-25T17:44:37.300+0000] {logging_mixin.py:188} INFO - [2025-06-25T17:44:37.298+0000] {settings.py:250} DEBUG - Setting up DB connection pool (PID 6539)
[2025-06-25T17:44:37.302+0000] {logging_mixin.py:188} INFO - [2025-06-25T17:44:37.302+0000] {settings.py:330} DEBUG - settings.prepare_engine_args(): Using pool settings. pool_size=5, max_overflow=10, pool_recycle=1800, pid=6539
[2025-06-25T17:44:37.316+0000] {processor.py:161} INFO - Started process (PID=6539) to work on /opt/airflow/dags/train_dag.py
[2025-06-25T17:44:37.318+0000] {processor.py:830} INFO - Processing file /opt/airflow/dags/train_dag.py for tasks to queue
[2025-06-25T17:44:37.320+0000] {logging_mixin.py:188} INFO - [2025-06-25T17:44:37.319+0000] {dagbag.py:545} INFO - Filling up the DagBag from /opt/airflow/dags/train_dag.py
[2025-06-25T17:44:37.350+0000] {logging_mixin.py:188} INFO - [2025-06-25T17:44:37.350+0000] {dagbag.py:337} DEBUG - Importing /opt/airflow/dags/train_dag.py
[2025-06-25T17:44:37.364+0000] {processor.py:842} WARNING - No viable dags retrieved from /opt/airflow/dags/train_dag.py
[2025-06-25T17:44:37.392+0000] {processor.py:183} INFO - Processing /opt/airflow/dags/train_dag.py took 0.094 seconds
[2025-06-25T17:45:07.758+0000] {logging_mixin.py:188} INFO - [2025-06-25T17:45:07.756+0000] {settings.py:250} DEBUG - Setting up DB connection pool (PID 6601)
[2025-06-25T17:45:07.760+0000] {logging_mixin.py:188} INFO - [2025-06-25T17:45:07.760+0000] {settings.py:330} DEBUG - settings.prepare_engine_args(): Using pool settings. pool_size=5, max_overflow=10, pool_recycle=1800, pid=6601
[2025-06-25T17:45:07.773+0000] {processor.py:161} INFO - Started process (PID=6601) to work on /opt/airflow/dags/train_dag.py
[2025-06-25T17:45:07.774+0000] {processor.py:830} INFO - Processing file /opt/airflow/dags/train_dag.py for tasks to queue
[2025-06-25T17:45:07.776+0000] {logging_mixin.py:188} INFO - [2025-06-25T17:45:07.776+0000] {dagbag.py:545} INFO - Filling up the DagBag from /opt/airflow/dags/train_dag.py
[2025-06-25T17:45:07.793+0000] {logging_mixin.py:188} INFO - [2025-06-25T17:45:07.793+0000] {dagbag.py:337} DEBUG - Importing /opt/airflow/dags/train_dag.py
[2025-06-25T17:45:07.803+0000] {processor.py:842} WARNING - No viable dags retrieved from /opt/airflow/dags/train_dag.py
[2025-06-25T17:45:07.833+0000] {processor.py:183} INFO - Processing /opt/airflow/dags/train_dag.py took 0.077 seconds
[2025-06-25T17:45:38.228+0000] {logging_mixin.py:188} INFO - [2025-06-25T17:45:38.226+0000] {settings.py:250} DEBUG - Setting up DB connection pool (PID 6664)
[2025-06-25T17:45:38.229+0000] {logging_mixin.py:188} INFO - [2025-06-25T17:45:38.229+0000] {settings.py:330} DEBUG - settings.prepare_engine_args(): Using pool settings. pool_size=5, max_overflow=10, pool_recycle=1800, pid=6664
[2025-06-25T17:45:38.243+0000] {processor.py:161} INFO - Started process (PID=6664) to work on /opt/airflow/dags/train_dag.py
[2025-06-25T17:45:38.244+0000] {processor.py:830} INFO - Processing file /opt/airflow/dags/train_dag.py for tasks to queue
[2025-06-25T17:45:38.246+0000] {logging_mixin.py:188} INFO - [2025-06-25T17:45:38.246+0000] {dagbag.py:545} INFO - Filling up the DagBag from /opt/airflow/dags/train_dag.py
[2025-06-25T17:45:38.262+0000] {logging_mixin.py:188} INFO - [2025-06-25T17:45:38.261+0000] {dagbag.py:337} DEBUG - Importing /opt/airflow/dags/train_dag.py
[2025-06-25T17:45:38.271+0000] {processor.py:842} WARNING - No viable dags retrieved from /opt/airflow/dags/train_dag.py
[2025-06-25T17:45:38.301+0000] {processor.py:183} INFO - Processing /opt/airflow/dags/train_dag.py took 0.075 seconds
[2025-06-25T17:46:08.440+0000] {logging_mixin.py:188} INFO - [2025-06-25T17:46:08.438+0000] {settings.py:250} DEBUG - Setting up DB connection pool (PID 6726)
[2025-06-25T17:46:08.441+0000] {logging_mixin.py:188} INFO - [2025-06-25T17:46:08.441+0000] {settings.py:330} DEBUG - settings.prepare_engine_args(): Using pool settings. pool_size=5, max_overflow=10, pool_recycle=1800, pid=6726
[2025-06-25T17:46:08.451+0000] {processor.py:161} INFO - Started process (PID=6726) to work on /opt/airflow/dags/train_dag.py
[2025-06-25T17:46:08.452+0000] {processor.py:830} INFO - Processing file /opt/airflow/dags/train_dag.py for tasks to queue
[2025-06-25T17:46:08.453+0000] {logging_mixin.py:188} INFO - [2025-06-25T17:46:08.453+0000] {dagbag.py:545} INFO - Filling up the DagBag from /opt/airflow/dags/train_dag.py
[2025-06-25T17:46:08.468+0000] {logging_mixin.py:188} INFO - [2025-06-25T17:46:08.468+0000] {dagbag.py:337} DEBUG - Importing /opt/airflow/dags/train_dag.py
[2025-06-25T17:46:08.476+0000] {processor.py:842} WARNING - No viable dags retrieved from /opt/airflow/dags/train_dag.py
[2025-06-25T17:46:08.500+0000] {processor.py:183} INFO - Processing /opt/airflow/dags/train_dag.py took 0.061 seconds
[2025-06-25T17:46:38.960+0000] {logging_mixin.py:188} INFO - [2025-06-25T17:46:38.959+0000] {settings.py:250} DEBUG - Setting up DB connection pool (PID 6788)
[2025-06-25T17:46:38.962+0000] {logging_mixin.py:188} INFO - [2025-06-25T17:46:38.962+0000] {settings.py:330} DEBUG - settings.prepare_engine_args(): Using pool settings. pool_size=5, max_overflow=10, pool_recycle=1800, pid=6788
[2025-06-25T17:46:38.972+0000] {processor.py:161} INFO - Started process (PID=6788) to work on /opt/airflow/dags/train_dag.py
[2025-06-25T17:46:38.973+0000] {processor.py:830} INFO - Processing file /opt/airflow/dags/train_dag.py for tasks to queue
[2025-06-25T17:46:38.974+0000] {logging_mixin.py:188} INFO - [2025-06-25T17:46:38.974+0000] {dagbag.py:545} INFO - Filling up the DagBag from /opt/airflow/dags/train_dag.py
[2025-06-25T17:46:38.989+0000] {logging_mixin.py:188} INFO - [2025-06-25T17:46:38.988+0000] {dagbag.py:337} DEBUG - Importing /opt/airflow/dags/train_dag.py
[2025-06-25T17:46:38.997+0000] {processor.py:842} WARNING - No viable dags retrieved from /opt/airflow/dags/train_dag.py
[2025-06-25T17:46:39.019+0000] {processor.py:183} INFO - Processing /opt/airflow/dags/train_dag.py took 0.060 seconds
[2025-06-25T17:47:09.637+0000] {logging_mixin.py:188} INFO - [2025-06-25T17:47:09.636+0000] {settings.py:250} DEBUG - Setting up DB connection pool (PID 6850)
[2025-06-25T17:47:09.639+0000] {logging_mixin.py:188} INFO - [2025-06-25T17:47:09.639+0000] {settings.py:330} DEBUG - settings.prepare_engine_args(): Using pool settings. pool_size=5, max_overflow=10, pool_recycle=1800, pid=6850
[2025-06-25T17:47:09.649+0000] {processor.py:161} INFO - Started process (PID=6850) to work on /opt/airflow/dags/train_dag.py
[2025-06-25T17:47:09.651+0000] {processor.py:830} INFO - Processing file /opt/airflow/dags/train_dag.py for tasks to queue
[2025-06-25T17:47:09.653+0000] {logging_mixin.py:188} INFO - [2025-06-25T17:47:09.653+0000] {dagbag.py:545} INFO - Filling up the DagBag from /opt/airflow/dags/train_dag.py
[2025-06-25T17:47:09.671+0000] {logging_mixin.py:188} INFO - [2025-06-25T17:47:09.671+0000] {dagbag.py:337} DEBUG - Importing /opt/airflow/dags/train_dag.py
[2025-06-25T17:47:09.680+0000] {processor.py:842} WARNING - No viable dags retrieved from /opt/airflow/dags/train_dag.py
[2025-06-25T17:47:09.706+0000] {processor.py:183} INFO - Processing /opt/airflow/dags/train_dag.py took 0.070 seconds
[2025-06-25T17:47:40.364+0000] {logging_mixin.py:188} INFO - [2025-06-25T17:47:40.362+0000] {settings.py:250} DEBUG - Setting up DB connection pool (PID 6912)
[2025-06-25T17:47:40.367+0000] {logging_mixin.py:188} INFO - [2025-06-25T17:47:40.367+0000] {settings.py:330} DEBUG - settings.prepare_engine_args(): Using pool settings. pool_size=5, max_overflow=10, pool_recycle=1800, pid=6912
[2025-06-25T17:47:40.383+0000] {processor.py:161} INFO - Started process (PID=6912) to work on /opt/airflow/dags/train_dag.py
[2025-06-25T17:47:40.385+0000] {processor.py:830} INFO - Processing file /opt/airflow/dags/train_dag.py for tasks to queue
[2025-06-25T17:47:40.387+0000] {logging_mixin.py:188} INFO - [2025-06-25T17:47:40.386+0000] {dagbag.py:545} INFO - Filling up the DagBag from /opt/airflow/dags/train_dag.py
[2025-06-25T17:47:40.408+0000] {logging_mixin.py:188} INFO - [2025-06-25T17:47:40.408+0000] {dagbag.py:337} DEBUG - Importing /opt/airflow/dags/train_dag.py
[2025-06-25T17:47:40.416+0000] {processor.py:842} WARNING - No viable dags retrieved from /opt/airflow/dags/train_dag.py
[2025-06-25T17:47:40.442+0000] {processor.py:183} INFO - Processing /opt/airflow/dags/train_dag.py took 0.080 seconds
[2025-06-25T17:48:10.724+0000] {logging_mixin.py:188} INFO - [2025-06-25T17:48:10.722+0000] {settings.py:250} DEBUG - Setting up DB connection pool (PID 6974)
[2025-06-25T17:48:10.727+0000] {logging_mixin.py:188} INFO - [2025-06-25T17:48:10.726+0000] {settings.py:330} DEBUG - settings.prepare_engine_args(): Using pool settings. pool_size=5, max_overflow=10, pool_recycle=1800, pid=6974
[2025-06-25T17:48:10.741+0000] {processor.py:161} INFO - Started process (PID=6974) to work on /opt/airflow/dags/train_dag.py
[2025-06-25T17:48:10.742+0000] {processor.py:830} INFO - Processing file /opt/airflow/dags/train_dag.py for tasks to queue
[2025-06-25T17:48:10.744+0000] {logging_mixin.py:188} INFO - [2025-06-25T17:48:10.743+0000] {dagbag.py:545} INFO - Filling up the DagBag from /opt/airflow/dags/train_dag.py
[2025-06-25T17:48:10.762+0000] {logging_mixin.py:188} INFO - [2025-06-25T17:48:10.762+0000] {dagbag.py:337} DEBUG - Importing /opt/airflow/dags/train_dag.py
[2025-06-25T17:48:10.773+0000] {processor.py:842} WARNING - No viable dags retrieved from /opt/airflow/dags/train_dag.py
[2025-06-25T17:48:10.805+0000] {processor.py:183} INFO - Processing /opt/airflow/dags/train_dag.py took 0.084 seconds
[2025-06-25T17:48:41.142+0000] {logging_mixin.py:188} INFO - [2025-06-25T17:48:41.141+0000] {settings.py:250} DEBUG - Setting up DB connection pool (PID 7036)
[2025-06-25T17:48:41.145+0000] {logging_mixin.py:188} INFO - [2025-06-25T17:48:41.145+0000] {settings.py:330} DEBUG - settings.prepare_engine_args(): Using pool settings. pool_size=5, max_overflow=10, pool_recycle=1800, pid=7036
[2025-06-25T17:48:41.162+0000] {processor.py:161} INFO - Started process (PID=7036) to work on /opt/airflow/dags/train_dag.py
[2025-06-25T17:48:41.163+0000] {processor.py:830} INFO - Processing file /opt/airflow/dags/train_dag.py for tasks to queue
[2025-06-25T17:48:41.165+0000] {logging_mixin.py:188} INFO - [2025-06-25T17:48:41.165+0000] {dagbag.py:545} INFO - Filling up the DagBag from /opt/airflow/dags/train_dag.py
[2025-06-25T17:48:41.185+0000] {logging_mixin.py:188} INFO - [2025-06-25T17:48:41.185+0000] {dagbag.py:337} DEBUG - Importing /opt/airflow/dags/train_dag.py
[2025-06-25T17:48:41.197+0000] {processor.py:842} WARNING - No viable dags retrieved from /opt/airflow/dags/train_dag.py
[2025-06-25T17:48:41.229+0000] {processor.py:183} INFO - Processing /opt/airflow/dags/train_dag.py took 0.088 seconds
[2025-06-25T17:49:11.535+0000] {logging_mixin.py:188} INFO - [2025-06-25T17:49:11.533+0000] {settings.py:250} DEBUG - Setting up DB connection pool (PID 7096)
[2025-06-25T17:49:11.537+0000] {logging_mixin.py:188} INFO - [2025-06-25T17:49:11.536+0000] {settings.py:330} DEBUG - settings.prepare_engine_args(): Using pool settings. pool_size=5, max_overflow=10, pool_recycle=1800, pid=7096
[2025-06-25T17:49:11.547+0000] {processor.py:161} INFO - Started process (PID=7096) to work on /opt/airflow/dags/train_dag.py
[2025-06-25T17:49:11.548+0000] {processor.py:830} INFO - Processing file /opt/airflow/dags/train_dag.py for tasks to queue
[2025-06-25T17:49:11.550+0000] {logging_mixin.py:188} INFO - [2025-06-25T17:49:11.549+0000] {dagbag.py:545} INFO - Filling up the DagBag from /opt/airflow/dags/train_dag.py
[2025-06-25T17:49:11.564+0000] {logging_mixin.py:188} INFO - [2025-06-25T17:49:11.564+0000] {dagbag.py:337} DEBUG - Importing /opt/airflow/dags/train_dag.py
[2025-06-25T17:49:11.573+0000] {processor.py:842} WARNING - No viable dags retrieved from /opt/airflow/dags/train_dag.py
[2025-06-25T17:49:11.597+0000] {processor.py:183} INFO - Processing /opt/airflow/dags/train_dag.py took 0.064 seconds
[2025-06-25T17:49:41.846+0000] {logging_mixin.py:188} INFO - [2025-06-25T17:49:41.844+0000] {settings.py:250} DEBUG - Setting up DB connection pool (PID 7158)
[2025-06-25T17:49:41.847+0000] {logging_mixin.py:188} INFO - [2025-06-25T17:49:41.847+0000] {settings.py:330} DEBUG - settings.prepare_engine_args(): Using pool settings. pool_size=5, max_overflow=10, pool_recycle=1800, pid=7158
[2025-06-25T17:49:41.860+0000] {processor.py:161} INFO - Started process (PID=7158) to work on /opt/airflow/dags/train_dag.py
[2025-06-25T17:49:41.861+0000] {processor.py:830} INFO - Processing file /opt/airflow/dags/train_dag.py for tasks to queue
[2025-06-25T17:49:41.862+0000] {logging_mixin.py:188} INFO - [2025-06-25T17:49:41.862+0000] {dagbag.py:545} INFO - Filling up the DagBag from /opt/airflow/dags/train_dag.py
[2025-06-25T17:49:41.878+0000] {logging_mixin.py:188} INFO - [2025-06-25T17:49:41.878+0000] {dagbag.py:337} DEBUG - Importing /opt/airflow/dags/train_dag.py
[2025-06-25T17:49:41.887+0000] {processor.py:842} WARNING - No viable dags retrieved from /opt/airflow/dags/train_dag.py
[2025-06-25T17:49:41.930+0000] {processor.py:183} INFO - Processing /opt/airflow/dags/train_dag.py took 0.086 seconds
[2025-06-25T17:50:12.282+0000] {logging_mixin.py:188} INFO - [2025-06-25T17:50:12.281+0000] {settings.py:250} DEBUG - Setting up DB connection pool (PID 7220)
[2025-06-25T17:50:12.283+0000] {logging_mixin.py:188} INFO - [2025-06-25T17:50:12.283+0000] {settings.py:330} DEBUG - settings.prepare_engine_args(): Using pool settings. pool_size=5, max_overflow=10, pool_recycle=1800, pid=7220
[2025-06-25T17:50:12.299+0000] {processor.py:161} INFO - Started process (PID=7220) to work on /opt/airflow/dags/train_dag.py
[2025-06-25T17:50:12.300+0000] {processor.py:830} INFO - Processing file /opt/airflow/dags/train_dag.py for tasks to queue
[2025-06-25T17:50:12.302+0000] {logging_mixin.py:188} INFO - [2025-06-25T17:50:12.302+0000] {dagbag.py:545} INFO - Filling up the DagBag from /opt/airflow/dags/train_dag.py
[2025-06-25T17:50:12.319+0000] {logging_mixin.py:188} INFO - [2025-06-25T17:50:12.318+0000] {dagbag.py:337} DEBUG - Importing /opt/airflow/dags/train_dag.py
[2025-06-25T17:50:12.328+0000] {processor.py:842} WARNING - No viable dags retrieved from /opt/airflow/dags/train_dag.py
[2025-06-25T17:50:12.362+0000] {processor.py:183} INFO - Processing /opt/airflow/dags/train_dag.py took 0.081 seconds
[2025-06-25T17:50:42.456+0000] {logging_mixin.py:188} INFO - [2025-06-25T17:50:42.454+0000] {settings.py:250} DEBUG - Setting up DB connection pool (PID 7282)
[2025-06-25T17:50:42.458+0000] {logging_mixin.py:188} INFO - [2025-06-25T17:50:42.458+0000] {settings.py:330} DEBUG - settings.prepare_engine_args(): Using pool settings. pool_size=5, max_overflow=10, pool_recycle=1800, pid=7282
[2025-06-25T17:50:42.471+0000] {processor.py:161} INFO - Started process (PID=7282) to work on /opt/airflow/dags/train_dag.py
[2025-06-25T17:50:42.472+0000] {processor.py:830} INFO - Processing file /opt/airflow/dags/train_dag.py for tasks to queue
[2025-06-25T17:50:42.474+0000] {logging_mixin.py:188} INFO - [2025-06-25T17:50:42.474+0000] {dagbag.py:545} INFO - Filling up the DagBag from /opt/airflow/dags/train_dag.py
[2025-06-25T17:50:42.489+0000] {logging_mixin.py:188} INFO - [2025-06-25T17:50:42.489+0000] {dagbag.py:337} DEBUG - Importing /opt/airflow/dags/train_dag.py
[2025-06-25T17:50:42.498+0000] {processor.py:842} WARNING - No viable dags retrieved from /opt/airflow/dags/train_dag.py
[2025-06-25T17:50:42.529+0000] {processor.py:183} INFO - Processing /opt/airflow/dags/train_dag.py took 0.075 seconds
[2025-06-25T17:51:12.802+0000] {logging_mixin.py:188} INFO - [2025-06-25T17:51:12.800+0000] {settings.py:250} DEBUG - Setting up DB connection pool (PID 7344)
[2025-06-25T17:51:12.804+0000] {logging_mixin.py:188} INFO - [2025-06-25T17:51:12.804+0000] {settings.py:330} DEBUG - settings.prepare_engine_args(): Using pool settings. pool_size=5, max_overflow=10, pool_recycle=1800, pid=7344
[2025-06-25T17:51:12.819+0000] {processor.py:161} INFO - Started process (PID=7344) to work on /opt/airflow/dags/train_dag.py
[2025-06-25T17:51:12.820+0000] {processor.py:830} INFO - Processing file /opt/airflow/dags/train_dag.py for tasks to queue
[2025-06-25T17:51:12.821+0000] {logging_mixin.py:188} INFO - [2025-06-25T17:51:12.821+0000] {dagbag.py:545} INFO - Filling up the DagBag from /opt/airflow/dags/train_dag.py
[2025-06-25T17:51:12.840+0000] {logging_mixin.py:188} INFO - [2025-06-25T17:51:12.839+0000] {dagbag.py:337} DEBUG - Importing /opt/airflow/dags/train_dag.py
[2025-06-25T17:51:12.850+0000] {processor.py:842} WARNING - No viable dags retrieved from /opt/airflow/dags/train_dag.py
[2025-06-25T17:51:12.880+0000] {processor.py:183} INFO - Processing /opt/airflow/dags/train_dag.py took 0.080 seconds
[2025-06-25T17:51:43.346+0000] {logging_mixin.py:188} INFO - [2025-06-25T17:51:43.344+0000] {settings.py:250} DEBUG - Setting up DB connection pool (PID 7406)
[2025-06-25T17:51:43.349+0000] {logging_mixin.py:188} INFO - [2025-06-25T17:51:43.348+0000] {settings.py:330} DEBUG - settings.prepare_engine_args(): Using pool settings. pool_size=5, max_overflow=10, pool_recycle=1800, pid=7406
[2025-06-25T17:51:43.362+0000] {processor.py:161} INFO - Started process (PID=7406) to work on /opt/airflow/dags/train_dag.py
[2025-06-25T17:51:43.363+0000] {processor.py:830} INFO - Processing file /opt/airflow/dags/train_dag.py for tasks to queue
[2025-06-25T17:51:43.365+0000] {logging_mixin.py:188} INFO - [2025-06-25T17:51:43.364+0000] {dagbag.py:545} INFO - Filling up the DagBag from /opt/airflow/dags/train_dag.py
[2025-06-25T17:51:43.385+0000] {logging_mixin.py:188} INFO - [2025-06-25T17:51:43.385+0000] {dagbag.py:337} DEBUG - Importing /opt/airflow/dags/train_dag.py
[2025-06-25T17:51:43.397+0000] {processor.py:842} WARNING - No viable dags retrieved from /opt/airflow/dags/train_dag.py
[2025-06-25T17:51:43.425+0000] {processor.py:183} INFO - Processing /opt/airflow/dags/train_dag.py took 0.082 seconds
[2025-06-25T17:52:14.190+0000] {logging_mixin.py:188} INFO - [2025-06-25T17:52:14.189+0000] {settings.py:250} DEBUG - Setting up DB connection pool (PID 7469)
[2025-06-25T17:52:14.192+0000] {logging_mixin.py:188} INFO - [2025-06-25T17:52:14.192+0000] {settings.py:330} DEBUG - settings.prepare_engine_args(): Using pool settings. pool_size=5, max_overflow=10, pool_recycle=1800, pid=7469
[2025-06-25T17:52:14.201+0000] {processor.py:161} INFO - Started process (PID=7469) to work on /opt/airflow/dags/train_dag.py
[2025-06-25T17:52:14.203+0000] {processor.py:830} INFO - Processing file /opt/airflow/dags/train_dag.py for tasks to queue
[2025-06-25T17:52:14.204+0000] {logging_mixin.py:188} INFO - [2025-06-25T17:52:14.204+0000] {dagbag.py:545} INFO - Filling up the DagBag from /opt/airflow/dags/train_dag.py
[2025-06-25T17:52:14.218+0000] {logging_mixin.py:188} INFO - [2025-06-25T17:52:14.218+0000] {dagbag.py:337} DEBUG - Importing /opt/airflow/dags/train_dag.py
[2025-06-25T17:52:14.226+0000] {processor.py:842} WARNING - No viable dags retrieved from /opt/airflow/dags/train_dag.py
[2025-06-25T17:52:14.250+0000] {processor.py:183} INFO - Processing /opt/airflow/dags/train_dag.py took 0.061 seconds
[2025-06-25T17:52:44.426+0000] {logging_mixin.py:188} INFO - [2025-06-25T17:52:44.424+0000] {settings.py:250} DEBUG - Setting up DB connection pool (PID 7531)
[2025-06-25T17:52:44.428+0000] {logging_mixin.py:188} INFO - [2025-06-25T17:52:44.428+0000] {settings.py:330} DEBUG - settings.prepare_engine_args(): Using pool settings. pool_size=5, max_overflow=10, pool_recycle=1800, pid=7531
[2025-06-25T17:52:44.439+0000] {processor.py:161} INFO - Started process (PID=7531) to work on /opt/airflow/dags/train_dag.py
[2025-06-25T17:52:44.441+0000] {processor.py:830} INFO - Processing file /opt/airflow/dags/train_dag.py for tasks to queue
[2025-06-25T17:52:44.442+0000] {logging_mixin.py:188} INFO - [2025-06-25T17:52:44.442+0000] {dagbag.py:545} INFO - Filling up the DagBag from /opt/airflow/dags/train_dag.py
[2025-06-25T17:52:44.461+0000] {logging_mixin.py:188} INFO - [2025-06-25T17:52:44.461+0000] {dagbag.py:337} DEBUG - Importing /opt/airflow/dags/train_dag.py
[2025-06-25T17:52:44.472+0000] {processor.py:842} WARNING - No viable dags retrieved from /opt/airflow/dags/train_dag.py
[2025-06-25T17:52:44.506+0000] {processor.py:183} INFO - Processing /opt/airflow/dags/train_dag.py took 0.082 seconds
[2025-06-25T17:53:14.858+0000] {logging_mixin.py:188} INFO - [2025-06-25T17:53:14.857+0000] {settings.py:250} DEBUG - Setting up DB connection pool (PID 7593)
[2025-06-25T17:53:14.860+0000] {logging_mixin.py:188} INFO - [2025-06-25T17:53:14.860+0000] {settings.py:330} DEBUG - settings.prepare_engine_args(): Using pool settings. pool_size=5, max_overflow=10, pool_recycle=1800, pid=7593
[2025-06-25T17:53:14.875+0000] {processor.py:161} INFO - Started process (PID=7593) to work on /opt/airflow/dags/train_dag.py
[2025-06-25T17:53:14.876+0000] {processor.py:830} INFO - Processing file /opt/airflow/dags/train_dag.py for tasks to queue
[2025-06-25T17:53:14.878+0000] {logging_mixin.py:188} INFO - [2025-06-25T17:53:14.877+0000] {dagbag.py:545} INFO - Filling up the DagBag from /opt/airflow/dags/train_dag.py
[2025-06-25T17:53:14.896+0000] {logging_mixin.py:188} INFO - [2025-06-25T17:53:14.895+0000] {dagbag.py:337} DEBUG - Importing /opt/airflow/dags/train_dag.py
[2025-06-25T17:53:14.905+0000] {processor.py:842} WARNING - No viable dags retrieved from /opt/airflow/dags/train_dag.py
[2025-06-25T17:53:14.936+0000] {processor.py:183} INFO - Processing /opt/airflow/dags/train_dag.py took 0.079 seconds
[2025-06-25T17:53:45.313+0000] {logging_mixin.py:188} INFO - [2025-06-25T17:53:45.312+0000] {settings.py:250} DEBUG - Setting up DB connection pool (PID 7653)
[2025-06-25T17:53:45.315+0000] {logging_mixin.py:188} INFO - [2025-06-25T17:53:45.315+0000] {settings.py:330} DEBUG - settings.prepare_engine_args(): Using pool settings. pool_size=5, max_overflow=10, pool_recycle=1800, pid=7653
[2025-06-25T17:53:45.327+0000] {processor.py:161} INFO - Started process (PID=7653) to work on /opt/airflow/dags/train_dag.py
[2025-06-25T17:53:45.328+0000] {processor.py:830} INFO - Processing file /opt/airflow/dags/train_dag.py for tasks to queue
[2025-06-25T17:53:45.329+0000] {logging_mixin.py:188} INFO - [2025-06-25T17:53:45.329+0000] {dagbag.py:545} INFO - Filling up the DagBag from /opt/airflow/dags/train_dag.py
[2025-06-25T17:53:45.345+0000] {logging_mixin.py:188} INFO - [2025-06-25T17:53:45.344+0000] {dagbag.py:337} DEBUG - Importing /opt/airflow/dags/train_dag.py
[2025-06-25T17:53:45.354+0000] {processor.py:842} WARNING - No viable dags retrieved from /opt/airflow/dags/train_dag.py
[2025-06-25T17:53:45.380+0000] {processor.py:183} INFO - Processing /opt/airflow/dags/train_dag.py took 0.069 seconds
[2025-06-25T17:54:15.701+0000] {logging_mixin.py:188} INFO - [2025-06-25T17:54:15.699+0000] {settings.py:250} DEBUG - Setting up DB connection pool (PID 7715)
[2025-06-25T17:54:15.703+0000] {logging_mixin.py:188} INFO - [2025-06-25T17:54:15.703+0000] {settings.py:330} DEBUG - settings.prepare_engine_args(): Using pool settings. pool_size=5, max_overflow=10, pool_recycle=1800, pid=7715
[2025-06-25T17:54:15.713+0000] {processor.py:161} INFO - Started process (PID=7715) to work on /opt/airflow/dags/train_dag.py
[2025-06-25T17:54:15.714+0000] {processor.py:830} INFO - Processing file /opt/airflow/dags/train_dag.py for tasks to queue
[2025-06-25T17:54:15.715+0000] {logging_mixin.py:188} INFO - [2025-06-25T17:54:15.715+0000] {dagbag.py:545} INFO - Filling up the DagBag from /opt/airflow/dags/train_dag.py
[2025-06-25T17:54:15.730+0000] {logging_mixin.py:188} INFO - [2025-06-25T17:54:15.730+0000] {dagbag.py:337} DEBUG - Importing /opt/airflow/dags/train_dag.py
[2025-06-25T17:54:15.738+0000] {processor.py:842} WARNING - No viable dags retrieved from /opt/airflow/dags/train_dag.py
[2025-06-25T17:54:15.760+0000] {processor.py:183} INFO - Processing /opt/airflow/dags/train_dag.py took 0.061 seconds
[2025-06-25T17:54:46.666+0000] {logging_mixin.py:188} INFO - [2025-06-25T17:54:46.664+0000] {settings.py:250} DEBUG - Setting up DB connection pool (PID 7777)
[2025-06-25T17:54:46.669+0000] {logging_mixin.py:188} INFO - [2025-06-25T17:54:46.668+0000] {settings.py:330} DEBUG - settings.prepare_engine_args(): Using pool settings. pool_size=5, max_overflow=10, pool_recycle=1800, pid=7777
[2025-06-25T17:54:46.681+0000] {processor.py:161} INFO - Started process (PID=7777) to work on /opt/airflow/dags/train_dag.py
[2025-06-25T17:54:46.683+0000] {processor.py:830} INFO - Processing file /opt/airflow/dags/train_dag.py for tasks to queue
[2025-06-25T17:54:46.685+0000] {logging_mixin.py:188} INFO - [2025-06-25T17:54:46.684+0000] {dagbag.py:545} INFO - Filling up the DagBag from /opt/airflow/dags/train_dag.py
[2025-06-25T17:54:46.702+0000] {logging_mixin.py:188} INFO - [2025-06-25T17:54:46.701+0000] {dagbag.py:337} DEBUG - Importing /opt/airflow/dags/train_dag.py
[2025-06-25T17:54:46.713+0000] {processor.py:842} WARNING - No viable dags retrieved from /opt/airflow/dags/train_dag.py
[2025-06-25T17:54:46.750+0000] {processor.py:183} INFO - Processing /opt/airflow/dags/train_dag.py took 0.086 seconds
[2025-06-25T17:55:17.130+0000] {logging_mixin.py:188} INFO - [2025-06-25T17:55:17.128+0000] {settings.py:250} DEBUG - Setting up DB connection pool (PID 7839)
[2025-06-25T17:55:17.131+0000] {logging_mixin.py:188} INFO - [2025-06-25T17:55:17.131+0000] {settings.py:330} DEBUG - settings.prepare_engine_args(): Using pool settings. pool_size=5, max_overflow=10, pool_recycle=1800, pid=7839
[2025-06-25T17:55:17.142+0000] {processor.py:161} INFO - Started process (PID=7839) to work on /opt/airflow/dags/train_dag.py
[2025-06-25T17:55:17.143+0000] {processor.py:830} INFO - Processing file /opt/airflow/dags/train_dag.py for tasks to queue
[2025-06-25T17:55:17.144+0000] {logging_mixin.py:188} INFO - [2025-06-25T17:55:17.144+0000] {dagbag.py:545} INFO - Filling up the DagBag from /opt/airflow/dags/train_dag.py
[2025-06-25T17:55:17.159+0000] {logging_mixin.py:188} INFO - [2025-06-25T17:55:17.158+0000] {dagbag.py:337} DEBUG - Importing /opt/airflow/dags/train_dag.py
[2025-06-25T17:55:17.167+0000] {processor.py:842} WARNING - No viable dags retrieved from /opt/airflow/dags/train_dag.py
[2025-06-25T17:55:17.190+0000] {processor.py:183} INFO - Processing /opt/airflow/dags/train_dag.py took 0.062 seconds
[2025-06-25T17:55:47.499+0000] {logging_mixin.py:188} INFO - [2025-06-25T17:55:47.497+0000] {settings.py:250} DEBUG - Setting up DB connection pool (PID 7902)
[2025-06-25T17:55:47.503+0000] {logging_mixin.py:188} INFO - [2025-06-25T17:55:47.502+0000] {settings.py:330} DEBUG - settings.prepare_engine_args(): Using pool settings. pool_size=5, max_overflow=10, pool_recycle=1800, pid=7902
[2025-06-25T17:55:47.524+0000] {processor.py:161} INFO - Started process (PID=7902) to work on /opt/airflow/dags/train_dag.py
[2025-06-25T17:55:47.526+0000] {processor.py:830} INFO - Processing file /opt/airflow/dags/train_dag.py for tasks to queue
[2025-06-25T17:55:47.527+0000] {logging_mixin.py:188} INFO - [2025-06-25T17:55:47.527+0000] {dagbag.py:545} INFO - Filling up the DagBag from /opt/airflow/dags/train_dag.py
[2025-06-25T17:55:47.545+0000] {logging_mixin.py:188} INFO - [2025-06-25T17:55:47.544+0000] {dagbag.py:337} DEBUG - Importing /opt/airflow/dags/train_dag.py
[2025-06-25T17:55:47.554+0000] {processor.py:842} WARNING - No viable dags retrieved from /opt/airflow/dags/train_dag.py
[2025-06-25T17:55:47.593+0000] {processor.py:183} INFO - Processing /opt/airflow/dags/train_dag.py took 0.096 seconds
[2025-06-25T17:56:18.545+0000] {logging_mixin.py:188} INFO - [2025-06-25T17:56:18.543+0000] {settings.py:250} DEBUG - Setting up DB connection pool (PID 7964)
[2025-06-25T17:56:18.547+0000] {logging_mixin.py:188} INFO - [2025-06-25T17:56:18.547+0000] {settings.py:330} DEBUG - settings.prepare_engine_args(): Using pool settings. pool_size=5, max_overflow=10, pool_recycle=1800, pid=7964
[2025-06-25T17:56:18.560+0000] {processor.py:161} INFO - Started process (PID=7964) to work on /opt/airflow/dags/train_dag.py
[2025-06-25T17:56:18.561+0000] {processor.py:830} INFO - Processing file /opt/airflow/dags/train_dag.py for tasks to queue
[2025-06-25T17:56:18.563+0000] {logging_mixin.py:188} INFO - [2025-06-25T17:56:18.563+0000] {dagbag.py:545} INFO - Filling up the DagBag from /opt/airflow/dags/train_dag.py
[2025-06-25T17:56:18.581+0000] {logging_mixin.py:188} INFO - [2025-06-25T17:56:18.581+0000] {dagbag.py:337} DEBUG - Importing /opt/airflow/dags/train_dag.py
[2025-06-25T17:56:18.591+0000] {processor.py:842} WARNING - No viable dags retrieved from /opt/airflow/dags/train_dag.py
[2025-06-25T17:56:18.626+0000] {processor.py:183} INFO - Processing /opt/airflow/dags/train_dag.py took 0.082 seconds
[2025-06-25T17:56:48.920+0000] {logging_mixin.py:188} INFO - [2025-06-25T17:56:48.918+0000] {settings.py:250} DEBUG - Setting up DB connection pool (PID 8026)
[2025-06-25T17:56:48.922+0000] {logging_mixin.py:188} INFO - [2025-06-25T17:56:48.921+0000] {settings.py:330} DEBUG - settings.prepare_engine_args(): Using pool settings. pool_size=5, max_overflow=10, pool_recycle=1800, pid=8026
[2025-06-25T17:56:48.932+0000] {processor.py:161} INFO - Started process (PID=8026) to work on /opt/airflow/dags/train_dag.py
[2025-06-25T17:56:48.933+0000] {processor.py:830} INFO - Processing file /opt/airflow/dags/train_dag.py for tasks to queue
[2025-06-25T17:56:48.934+0000] {logging_mixin.py:188} INFO - [2025-06-25T17:56:48.934+0000] {dagbag.py:545} INFO - Filling up the DagBag from /opt/airflow/dags/train_dag.py
[2025-06-25T17:56:48.949+0000] {logging_mixin.py:188} INFO - [2025-06-25T17:56:48.949+0000] {dagbag.py:337} DEBUG - Importing /opt/airflow/dags/train_dag.py
[2025-06-25T17:56:48.958+0000] {processor.py:842} WARNING - No viable dags retrieved from /opt/airflow/dags/train_dag.py
[2025-06-25T17:56:48.982+0000] {processor.py:183} INFO - Processing /opt/airflow/dags/train_dag.py took 0.064 seconds
[2025-06-25T17:57:19.893+0000] {logging_mixin.py:188} INFO - [2025-06-25T17:57:19.892+0000] {settings.py:250} DEBUG - Setting up DB connection pool (PID 8088)
[2025-06-25T17:57:19.896+0000] {logging_mixin.py:188} INFO - [2025-06-25T17:57:19.895+0000] {settings.py:330} DEBUG - settings.prepare_engine_args(): Using pool settings. pool_size=5, max_overflow=10, pool_recycle=1800, pid=8088
[2025-06-25T17:57:19.909+0000] {processor.py:161} INFO - Started process (PID=8088) to work on /opt/airflow/dags/train_dag.py
[2025-06-25T17:57:19.911+0000] {processor.py:830} INFO - Processing file /opt/airflow/dags/train_dag.py for tasks to queue
[2025-06-25T17:57:19.913+0000] {logging_mixin.py:188} INFO - [2025-06-25T17:57:19.912+0000] {dagbag.py:545} INFO - Filling up the DagBag from /opt/airflow/dags/train_dag.py
[2025-06-25T17:57:19.933+0000] {logging_mixin.py:188} INFO - [2025-06-25T17:57:19.932+0000] {dagbag.py:337} DEBUG - Importing /opt/airflow/dags/train_dag.py
[2025-06-25T17:57:19.942+0000] {processor.py:842} WARNING - No viable dags retrieved from /opt/airflow/dags/train_dag.py
[2025-06-25T17:57:19.977+0000] {processor.py:183} INFO - Processing /opt/airflow/dags/train_dag.py took 0.085 seconds
[2025-06-25T17:57:50.142+0000] {logging_mixin.py:188} INFO - [2025-06-25T17:57:50.140+0000] {settings.py:250} DEBUG - Setting up DB connection pool (PID 8150)
[2025-06-25T17:57:50.143+0000] {logging_mixin.py:188} INFO - [2025-06-25T17:57:50.143+0000] {settings.py:330} DEBUG - settings.prepare_engine_args(): Using pool settings. pool_size=5, max_overflow=10, pool_recycle=1800, pid=8150
[2025-06-25T17:57:50.155+0000] {processor.py:161} INFO - Started process (PID=8150) to work on /opt/airflow/dags/train_dag.py
[2025-06-25T17:57:50.156+0000] {processor.py:830} INFO - Processing file /opt/airflow/dags/train_dag.py for tasks to queue
[2025-06-25T17:57:50.157+0000] {logging_mixin.py:188} INFO - [2025-06-25T17:57:50.157+0000] {dagbag.py:545} INFO - Filling up the DagBag from /opt/airflow/dags/train_dag.py
[2025-06-25T17:57:50.173+0000] {logging_mixin.py:188} INFO - [2025-06-25T17:57:50.173+0000] {dagbag.py:337} DEBUG - Importing /opt/airflow/dags/train_dag.py
[2025-06-25T17:57:50.185+0000] {processor.py:842} WARNING - No viable dags retrieved from /opt/airflow/dags/train_dag.py
[2025-06-25T17:57:50.220+0000] {processor.py:183} INFO - Processing /opt/airflow/dags/train_dag.py took 0.079 seconds
[2025-06-25T17:58:21.085+0000] {logging_mixin.py:188} INFO - [2025-06-25T17:58:21.084+0000] {settings.py:250} DEBUG - Setting up DB connection pool (PID 8213)
[2025-06-25T17:58:21.087+0000] {logging_mixin.py:188} INFO - [2025-06-25T17:58:21.087+0000] {settings.py:330} DEBUG - settings.prepare_engine_args(): Using pool settings. pool_size=5, max_overflow=10, pool_recycle=1800, pid=8213
[2025-06-25T17:58:21.096+0000] {processor.py:161} INFO - Started process (PID=8213) to work on /opt/airflow/dags/train_dag.py
[2025-06-25T17:58:21.097+0000] {processor.py:830} INFO - Processing file /opt/airflow/dags/train_dag.py for tasks to queue
[2025-06-25T17:58:21.098+0000] {logging_mixin.py:188} INFO - [2025-06-25T17:58:21.098+0000] {dagbag.py:545} INFO - Filling up the DagBag from /opt/airflow/dags/train_dag.py
[2025-06-25T17:58:21.114+0000] {logging_mixin.py:188} INFO - [2025-06-25T17:58:21.113+0000] {dagbag.py:337} DEBUG - Importing /opt/airflow/dags/train_dag.py
[2025-06-25T17:58:21.123+0000] {processor.py:842} WARNING - No viable dags retrieved from /opt/airflow/dags/train_dag.py
[2025-06-25T17:58:21.151+0000] {processor.py:183} INFO - Processing /opt/airflow/dags/train_dag.py took 0.067 seconds
[2025-06-25T17:58:51.900+0000] {logging_mixin.py:188} INFO - [2025-06-25T17:58:51.899+0000] {settings.py:250} DEBUG - Setting up DB connection pool (PID 8273)
[2025-06-25T17:58:51.902+0000] {logging_mixin.py:188} INFO - [2025-06-25T17:58:51.902+0000] {settings.py:330} DEBUG - settings.prepare_engine_args(): Using pool settings. pool_size=5, max_overflow=10, pool_recycle=1800, pid=8273
[2025-06-25T17:58:51.916+0000] {processor.py:161} INFO - Started process (PID=8273) to work on /opt/airflow/dags/train_dag.py
[2025-06-25T17:58:51.917+0000] {processor.py:830} INFO - Processing file /opt/airflow/dags/train_dag.py for tasks to queue
[2025-06-25T17:58:51.918+0000] {logging_mixin.py:188} INFO - [2025-06-25T17:58:51.918+0000] {dagbag.py:545} INFO - Filling up the DagBag from /opt/airflow/dags/train_dag.py
[2025-06-25T17:58:51.937+0000] {logging_mixin.py:188} INFO - [2025-06-25T17:58:51.936+0000] {dagbag.py:337} DEBUG - Importing /opt/airflow/dags/train_dag.py
[2025-06-25T17:58:51.950+0000] {processor.py:842} WARNING - No viable dags retrieved from /opt/airflow/dags/train_dag.py
[2025-06-25T17:58:51.989+0000] {processor.py:183} INFO - Processing /opt/airflow/dags/train_dag.py took 0.090 seconds
[2025-06-25T17:59:22.394+0000] {logging_mixin.py:188} INFO - [2025-06-25T17:59:22.393+0000] {settings.py:250} DEBUG - Setting up DB connection pool (PID 8335)
[2025-06-25T17:59:22.396+0000] {logging_mixin.py:188} INFO - [2025-06-25T17:59:22.396+0000] {settings.py:330} DEBUG - settings.prepare_engine_args(): Using pool settings. pool_size=5, max_overflow=10, pool_recycle=1800, pid=8335
[2025-06-25T17:59:22.408+0000] {processor.py:161} INFO - Started process (PID=8335) to work on /opt/airflow/dags/train_dag.py
[2025-06-25T17:59:22.409+0000] {processor.py:830} INFO - Processing file /opt/airflow/dags/train_dag.py for tasks to queue
[2025-06-25T17:59:22.410+0000] {logging_mixin.py:188} INFO - [2025-06-25T17:59:22.410+0000] {dagbag.py:545} INFO - Filling up the DagBag from /opt/airflow/dags/train_dag.py
[2025-06-25T17:59:22.425+0000] {logging_mixin.py:188} INFO - [2025-06-25T17:59:22.425+0000] {dagbag.py:337} DEBUG - Importing /opt/airflow/dags/train_dag.py
[2025-06-25T17:59:22.438+0000] {processor.py:842} WARNING - No viable dags retrieved from /opt/airflow/dags/train_dag.py
[2025-06-25T17:59:22.464+0000] {processor.py:183} INFO - Processing /opt/airflow/dags/train_dag.py took 0.071 seconds
[2025-06-25T17:59:52.872+0000] {logging_mixin.py:188} INFO - [2025-06-25T17:59:52.871+0000] {settings.py:250} DEBUG - Setting up DB connection pool (PID 8397)
[2025-06-25T17:59:52.874+0000] {logging_mixin.py:188} INFO - [2025-06-25T17:59:52.874+0000] {settings.py:330} DEBUG - settings.prepare_engine_args(): Using pool settings. pool_size=5, max_overflow=10, pool_recycle=1800, pid=8397
[2025-06-25T17:59:52.888+0000] {processor.py:161} INFO - Started process (PID=8397) to work on /opt/airflow/dags/train_dag.py
[2025-06-25T17:59:52.889+0000] {processor.py:830} INFO - Processing file /opt/airflow/dags/train_dag.py for tasks to queue
[2025-06-25T17:59:52.890+0000] {logging_mixin.py:188} INFO - [2025-06-25T17:59:52.890+0000] {dagbag.py:545} INFO - Filling up the DagBag from /opt/airflow/dags/train_dag.py
[2025-06-25T17:59:52.905+0000] {logging_mixin.py:188} INFO - [2025-06-25T17:59:52.905+0000] {dagbag.py:337} DEBUG - Importing /opt/airflow/dags/train_dag.py
[2025-06-25T17:59:52.915+0000] {processor.py:842} WARNING - No viable dags retrieved from /opt/airflow/dags/train_dag.py
[2025-06-25T17:59:52.939+0000] {processor.py:183} INFO - Processing /opt/airflow/dags/train_dag.py took 0.068 seconds
[2025-06-25T18:00:23.080+0000] {logging_mixin.py:188} INFO - [2025-06-25T18:00:23.079+0000] {settings.py:250} DEBUG - Setting up DB connection pool (PID 8460)
[2025-06-25T18:00:23.082+0000] {logging_mixin.py:188} INFO - [2025-06-25T18:00:23.082+0000] {settings.py:330} DEBUG - settings.prepare_engine_args(): Using pool settings. pool_size=5, max_overflow=10, pool_recycle=1800, pid=8460
[2025-06-25T18:00:23.092+0000] {processor.py:161} INFO - Started process (PID=8460) to work on /opt/airflow/dags/train_dag.py
[2025-06-25T18:00:23.093+0000] {processor.py:830} INFO - Processing file /opt/airflow/dags/train_dag.py for tasks to queue
[2025-06-25T18:00:23.094+0000] {logging_mixin.py:188} INFO - [2025-06-25T18:00:23.093+0000] {dagbag.py:545} INFO - Filling up the DagBag from /opt/airflow/dags/train_dag.py
[2025-06-25T18:00:23.107+0000] {logging_mixin.py:188} INFO - [2025-06-25T18:00:23.107+0000] {dagbag.py:337} DEBUG - Importing /opt/airflow/dags/train_dag.py
[2025-06-25T18:00:23.115+0000] {processor.py:842} WARNING - No viable dags retrieved from /opt/airflow/dags/train_dag.py
[2025-06-25T18:00:23.139+0000] {processor.py:183} INFO - Processing /opt/airflow/dags/train_dag.py took 0.061 seconds
[2025-06-25T18:00:53.876+0000] {logging_mixin.py:188} INFO - [2025-06-25T18:00:53.875+0000] {settings.py:250} DEBUG - Setting up DB connection pool (PID 8520)
[2025-06-25T18:00:53.879+0000] {logging_mixin.py:188} INFO - [2025-06-25T18:00:53.878+0000] {settings.py:330} DEBUG - settings.prepare_engine_args(): Using pool settings. pool_size=5, max_overflow=10, pool_recycle=1800, pid=8520
[2025-06-25T18:00:53.898+0000] {processor.py:161} INFO - Started process (PID=8520) to work on /opt/airflow/dags/train_dag.py
[2025-06-25T18:00:53.899+0000] {processor.py:830} INFO - Processing file /opt/airflow/dags/train_dag.py for tasks to queue
[2025-06-25T18:00:53.901+0000] {logging_mixin.py:188} INFO - [2025-06-25T18:00:53.901+0000] {dagbag.py:545} INFO - Filling up the DagBag from /opt/airflow/dags/train_dag.py
[2025-06-25T18:00:53.918+0000] {logging_mixin.py:188} INFO - [2025-06-25T18:00:53.918+0000] {dagbag.py:337} DEBUG - Importing /opt/airflow/dags/train_dag.py
[2025-06-25T18:00:53.928+0000] {processor.py:842} WARNING - No viable dags retrieved from /opt/airflow/dags/train_dag.py
[2025-06-25T18:00:53.994+0000] {processor.py:183} INFO - Processing /opt/airflow/dags/train_dag.py took 0.119 seconds
[2025-06-25T18:01:24.727+0000] {logging_mixin.py:188} INFO - [2025-06-25T18:01:24.726+0000] {settings.py:250} DEBUG - Setting up DB connection pool (PID 8582)
[2025-06-25T18:01:24.729+0000] {logging_mixin.py:188} INFO - [2025-06-25T18:01:24.729+0000] {settings.py:330} DEBUG - settings.prepare_engine_args(): Using pool settings. pool_size=5, max_overflow=10, pool_recycle=1800, pid=8582
[2025-06-25T18:01:24.739+0000] {processor.py:161} INFO - Started process (PID=8582) to work on /opt/airflow/dags/train_dag.py
[2025-06-25T18:01:24.740+0000] {processor.py:830} INFO - Processing file /opt/airflow/dags/train_dag.py for tasks to queue
[2025-06-25T18:01:24.741+0000] {logging_mixin.py:188} INFO - [2025-06-25T18:01:24.741+0000] {dagbag.py:545} INFO - Filling up the DagBag from /opt/airflow/dags/train_dag.py
[2025-06-25T18:01:24.758+0000] {logging_mixin.py:188} INFO - [2025-06-25T18:01:24.758+0000] {dagbag.py:337} DEBUG - Importing /opt/airflow/dags/train_dag.py
[2025-06-25T18:01:24.768+0000] {processor.py:842} WARNING - No viable dags retrieved from /opt/airflow/dags/train_dag.py
[2025-06-25T18:01:24.798+0000] {processor.py:183} INFO - Processing /opt/airflow/dags/train_dag.py took 0.073 seconds
[2025-06-25T18:01:55.654+0000] {logging_mixin.py:188} INFO - [2025-06-25T18:01:55.652+0000] {settings.py:250} DEBUG - Setting up DB connection pool (PID 8645)
[2025-06-25T18:01:55.656+0000] {logging_mixin.py:188} INFO - [2025-06-25T18:01:55.656+0000] {settings.py:330} DEBUG - settings.prepare_engine_args(): Using pool settings. pool_size=5, max_overflow=10, pool_recycle=1800, pid=8645
[2025-06-25T18:01:55.667+0000] {processor.py:161} INFO - Started process (PID=8645) to work on /opt/airflow/dags/train_dag.py
[2025-06-25T18:01:55.668+0000] {processor.py:830} INFO - Processing file /opt/airflow/dags/train_dag.py for tasks to queue
[2025-06-25T18:01:55.670+0000] {logging_mixin.py:188} INFO - [2025-06-25T18:01:55.669+0000] {dagbag.py:545} INFO - Filling up the DagBag from /opt/airflow/dags/train_dag.py
[2025-06-25T18:01:55.685+0000] {logging_mixin.py:188} INFO - [2025-06-25T18:01:55.685+0000] {dagbag.py:337} DEBUG - Importing /opt/airflow/dags/train_dag.py
[2025-06-25T18:01:55.694+0000] {processor.py:842} WARNING - No viable dags retrieved from /opt/airflow/dags/train_dag.py
[2025-06-25T18:01:55.729+0000] {processor.py:183} INFO - Processing /opt/airflow/dags/train_dag.py took 0.076 seconds
[2025-06-25T18:02:26.213+0000] {logging_mixin.py:188} INFO - [2025-06-25T18:02:26.210+0000] {settings.py:250} DEBUG - Setting up DB connection pool (PID 8708)
[2025-06-25T18:02:26.215+0000] {logging_mixin.py:188} INFO - [2025-06-25T18:02:26.215+0000] {settings.py:330} DEBUG - settings.prepare_engine_args(): Using pool settings. pool_size=5, max_overflow=10, pool_recycle=1800, pid=8708
[2025-06-25T18:02:26.226+0000] {processor.py:161} INFO - Started process (PID=8708) to work on /opt/airflow/dags/train_dag.py
[2025-06-25T18:02:26.227+0000] {processor.py:830} INFO - Processing file /opt/airflow/dags/train_dag.py for tasks to queue
[2025-06-25T18:02:26.229+0000] {logging_mixin.py:188} INFO - [2025-06-25T18:02:26.229+0000] {dagbag.py:545} INFO - Filling up the DagBag from /opt/airflow/dags/train_dag.py
[2025-06-25T18:02:26.247+0000] {logging_mixin.py:188} INFO - [2025-06-25T18:02:26.246+0000] {dagbag.py:337} DEBUG - Importing /opt/airflow/dags/train_dag.py
[2025-06-25T18:02:26.258+0000] {processor.py:842} WARNING - No viable dags retrieved from /opt/airflow/dags/train_dag.py
[2025-06-25T18:02:26.299+0000] {processor.py:183} INFO - Processing /opt/airflow/dags/train_dag.py took 0.089 seconds
[2025-06-25T18:02:56.560+0000] {logging_mixin.py:188} INFO - [2025-06-25T18:02:56.559+0000] {settings.py:250} DEBUG - Setting up DB connection pool (PID 8770)
[2025-06-25T18:02:56.562+0000] {logging_mixin.py:188} INFO - [2025-06-25T18:02:56.562+0000] {settings.py:330} DEBUG - settings.prepare_engine_args(): Using pool settings. pool_size=5, max_overflow=10, pool_recycle=1800, pid=8770
[2025-06-25T18:02:56.576+0000] {processor.py:161} INFO - Started process (PID=8770) to work on /opt/airflow/dags/train_dag.py
[2025-06-25T18:02:56.578+0000] {processor.py:830} INFO - Processing file /opt/airflow/dags/train_dag.py for tasks to queue
[2025-06-25T18:02:56.579+0000] {logging_mixin.py:188} INFO - [2025-06-25T18:02:56.579+0000] {dagbag.py:545} INFO - Filling up the DagBag from /opt/airflow/dags/train_dag.py
[2025-06-25T18:02:56.597+0000] {logging_mixin.py:188} INFO - [2025-06-25T18:02:56.597+0000] {dagbag.py:337} DEBUG - Importing /opt/airflow/dags/train_dag.py
[2025-06-25T18:02:56.606+0000] {processor.py:842} WARNING - No viable dags retrieved from /opt/airflow/dags/train_dag.py
[2025-06-25T18:02:56.642+0000] {processor.py:183} INFO - Processing /opt/airflow/dags/train_dag.py took 0.083 seconds
[2025-06-25T18:03:26.854+0000] {logging_mixin.py:188} INFO - [2025-06-25T18:03:26.852+0000] {settings.py:250} DEBUG - Setting up DB connection pool (PID 8831)
[2025-06-25T18:03:26.855+0000] {logging_mixin.py:188} INFO - [2025-06-25T18:03:26.855+0000] {settings.py:330} DEBUG - settings.prepare_engine_args(): Using pool settings. pool_size=5, max_overflow=10, pool_recycle=1800, pid=8831
[2025-06-25T18:03:26.865+0000] {processor.py:161} INFO - Started process (PID=8831) to work on /opt/airflow/dags/train_dag.py
[2025-06-25T18:03:26.866+0000] {processor.py:830} INFO - Processing file /opt/airflow/dags/train_dag.py for tasks to queue
[2025-06-25T18:03:26.867+0000] {logging_mixin.py:188} INFO - [2025-06-25T18:03:26.867+0000] {dagbag.py:545} INFO - Filling up the DagBag from /opt/airflow/dags/train_dag.py
[2025-06-25T18:03:26.881+0000] {logging_mixin.py:188} INFO - [2025-06-25T18:03:26.881+0000] {dagbag.py:337} DEBUG - Importing /opt/airflow/dags/train_dag.py
[2025-06-25T18:03:26.890+0000] {processor.py:842} WARNING - No viable dags retrieved from /opt/airflow/dags/train_dag.py
[2025-06-25T18:03:26.912+0000] {processor.py:183} INFO - Processing /opt/airflow/dags/train_dag.py took 0.060 seconds
[2025-06-25T18:03:57.346+0000] {logging_mixin.py:188} INFO - [2025-06-25T18:03:57.344+0000] {settings.py:250} DEBUG - Setting up DB connection pool (PID 8892)
[2025-06-25T18:03:57.348+0000] {logging_mixin.py:188} INFO - [2025-06-25T18:03:57.348+0000] {settings.py:330} DEBUG - settings.prepare_engine_args(): Using pool settings. pool_size=5, max_overflow=10, pool_recycle=1800, pid=8892
[2025-06-25T18:03:57.363+0000] {processor.py:161} INFO - Started process (PID=8892) to work on /opt/airflow/dags/train_dag.py
[2025-06-25T18:03:57.364+0000] {processor.py:830} INFO - Processing file /opt/airflow/dags/train_dag.py for tasks to queue
[2025-06-25T18:03:57.366+0000] {logging_mixin.py:188} INFO - [2025-06-25T18:03:57.366+0000] {dagbag.py:545} INFO - Filling up the DagBag from /opt/airflow/dags/train_dag.py
[2025-06-25T18:03:57.384+0000] {logging_mixin.py:188} INFO - [2025-06-25T18:03:57.383+0000] {dagbag.py:337} DEBUG - Importing /opt/airflow/dags/train_dag.py
[2025-06-25T18:03:57.394+0000] {processor.py:842} WARNING - No viable dags retrieved from /opt/airflow/dags/train_dag.py
[2025-06-25T18:03:57.424+0000] {processor.py:183} INFO - Processing /opt/airflow/dags/train_dag.py took 0.080 seconds
[2025-06-25T18:04:27.976+0000] {logging_mixin.py:188} INFO - [2025-06-25T18:04:27.974+0000] {settings.py:250} DEBUG - Setting up DB connection pool (PID 8954)
[2025-06-25T18:04:27.978+0000] {logging_mixin.py:188} INFO - [2025-06-25T18:04:27.977+0000] {settings.py:330} DEBUG - settings.prepare_engine_args(): Using pool settings. pool_size=5, max_overflow=10, pool_recycle=1800, pid=8954
[2025-06-25T18:04:27.991+0000] {processor.py:161} INFO - Started process (PID=8954) to work on /opt/airflow/dags/train_dag.py
[2025-06-25T18:04:27.993+0000] {processor.py:830} INFO - Processing file /opt/airflow/dags/train_dag.py for tasks to queue
[2025-06-25T18:04:27.995+0000] {logging_mixin.py:188} INFO - [2025-06-25T18:04:27.995+0000] {dagbag.py:545} INFO - Filling up the DagBag from /opt/airflow/dags/train_dag.py
[2025-06-25T18:04:28.012+0000] {logging_mixin.py:188} INFO - [2025-06-25T18:04:28.011+0000] {dagbag.py:337} DEBUG - Importing /opt/airflow/dags/train_dag.py
[2025-06-25T18:04:28.021+0000] {processor.py:842} WARNING - No viable dags retrieved from /opt/airflow/dags/train_dag.py
[2025-06-25T18:04:28.045+0000] {processor.py:183} INFO - Processing /opt/airflow/dags/train_dag.py took 0.071 seconds
[2025-06-25T18:04:58.460+0000] {logging_mixin.py:188} INFO - [2025-06-25T18:04:58.459+0000] {settings.py:250} DEBUG - Setting up DB connection pool (PID 9016)
[2025-06-25T18:04:58.462+0000] {logging_mixin.py:188} INFO - [2025-06-25T18:04:58.461+0000] {settings.py:330} DEBUG - settings.prepare_engine_args(): Using pool settings. pool_size=5, max_overflow=10, pool_recycle=1800, pid=9016
[2025-06-25T18:04:58.472+0000] {processor.py:161} INFO - Started process (PID=9016) to work on /opt/airflow/dags/train_dag.py
[2025-06-25T18:04:58.474+0000] {processor.py:830} INFO - Processing file /opt/airflow/dags/train_dag.py for tasks to queue
[2025-06-25T18:04:58.475+0000] {logging_mixin.py:188} INFO - [2025-06-25T18:04:58.475+0000] {dagbag.py:545} INFO - Filling up the DagBag from /opt/airflow/dags/train_dag.py
[2025-06-25T18:04:58.490+0000] {logging_mixin.py:188} INFO - [2025-06-25T18:04:58.489+0000] {dagbag.py:337} DEBUG - Importing /opt/airflow/dags/train_dag.py
[2025-06-25T18:04:58.499+0000] {processor.py:842} WARNING - No viable dags retrieved from /opt/airflow/dags/train_dag.py
[2025-06-25T18:04:58.527+0000] {processor.py:183} INFO - Processing /opt/airflow/dags/train_dag.py took 0.068 seconds
[2025-06-25T18:05:28.933+0000] {logging_mixin.py:188} INFO - [2025-06-25T18:05:28.931+0000] {settings.py:250} DEBUG - Setting up DB connection pool (PID 9078)
[2025-06-25T18:05:28.935+0000] {logging_mixin.py:188} INFO - [2025-06-25T18:05:28.935+0000] {settings.py:330} DEBUG - settings.prepare_engine_args(): Using pool settings. pool_size=5, max_overflow=10, pool_recycle=1800, pid=9078
[2025-06-25T18:05:28.947+0000] {processor.py:161} INFO - Started process (PID=9078) to work on /opt/airflow/dags/train_dag.py
[2025-06-25T18:05:28.948+0000] {processor.py:830} INFO - Processing file /opt/airflow/dags/train_dag.py for tasks to queue
[2025-06-25T18:05:28.950+0000] {logging_mixin.py:188} INFO - [2025-06-25T18:05:28.950+0000] {dagbag.py:545} INFO - Filling up the DagBag from /opt/airflow/dags/train_dag.py
[2025-06-25T18:05:28.966+0000] {logging_mixin.py:188} INFO - [2025-06-25T18:05:28.966+0000] {dagbag.py:337} DEBUG - Importing /opt/airflow/dags/train_dag.py
[2025-06-25T18:05:28.975+0000] {processor.py:842} WARNING - No viable dags retrieved from /opt/airflow/dags/train_dag.py
[2025-06-25T18:05:29.003+0000] {processor.py:183} INFO - Processing /opt/airflow/dags/train_dag.py took 0.071 seconds
[2025-06-25T18:05:59.674+0000] {logging_mixin.py:188} INFO - [2025-06-25T18:05:59.673+0000] {settings.py:250} DEBUG - Setting up DB connection pool (PID 9140)
[2025-06-25T18:05:59.677+0000] {logging_mixin.py:188} INFO - [2025-06-25T18:05:59.677+0000] {settings.py:330} DEBUG - settings.prepare_engine_args(): Using pool settings. pool_size=5, max_overflow=10, pool_recycle=1800, pid=9140
[2025-06-25T18:05:59.689+0000] {processor.py:161} INFO - Started process (PID=9140) to work on /opt/airflow/dags/train_dag.py
[2025-06-25T18:05:59.691+0000] {processor.py:830} INFO - Processing file /opt/airflow/dags/train_dag.py for tasks to queue
[2025-06-25T18:05:59.692+0000] {logging_mixin.py:188} INFO - [2025-06-25T18:05:59.692+0000] {dagbag.py:545} INFO - Filling up the DagBag from /opt/airflow/dags/train_dag.py
[2025-06-25T18:05:59.710+0000] {logging_mixin.py:188} INFO - [2025-06-25T18:05:59.710+0000] {dagbag.py:337} DEBUG - Importing /opt/airflow/dags/train_dag.py
[2025-06-25T18:05:59.720+0000] {processor.py:842} WARNING - No viable dags retrieved from /opt/airflow/dags/train_dag.py
[2025-06-25T18:05:59.747+0000] {processor.py:183} INFO - Processing /opt/airflow/dags/train_dag.py took 0.074 seconds
[2025-06-25T18:06:30.248+0000] {logging_mixin.py:188} INFO - [2025-06-25T18:06:30.247+0000] {settings.py:250} DEBUG - Setting up DB connection pool (PID 9203)
[2025-06-25T18:06:30.249+0000] {logging_mixin.py:188} INFO - [2025-06-25T18:06:30.249+0000] {settings.py:330} DEBUG - settings.prepare_engine_args(): Using pool settings. pool_size=5, max_overflow=10, pool_recycle=1800, pid=9203
[2025-06-25T18:06:30.261+0000] {processor.py:161} INFO - Started process (PID=9203) to work on /opt/airflow/dags/train_dag.py
[2025-06-25T18:06:30.262+0000] {processor.py:830} INFO - Processing file /opt/airflow/dags/train_dag.py for tasks to queue
[2025-06-25T18:06:30.263+0000] {logging_mixin.py:188} INFO - [2025-06-25T18:06:30.263+0000] {dagbag.py:545} INFO - Filling up the DagBag from /opt/airflow/dags/train_dag.py
[2025-06-25T18:06:30.278+0000] {logging_mixin.py:188} INFO - [2025-06-25T18:06:30.277+0000] {dagbag.py:337} DEBUG - Importing /opt/airflow/dags/train_dag.py
[2025-06-25T18:06:30.286+0000] {processor.py:842} WARNING - No viable dags retrieved from /opt/airflow/dags/train_dag.py
[2025-06-25T18:06:30.311+0000] {processor.py:183} INFO - Processing /opt/airflow/dags/train_dag.py took 0.065 seconds
[2025-06-25T18:07:00.698+0000] {logging_mixin.py:188} INFO - [2025-06-25T18:07:00.696+0000] {settings.py:250} DEBUG - Setting up DB connection pool (PID 9265)
[2025-06-25T18:07:00.700+0000] {logging_mixin.py:188} INFO - [2025-06-25T18:07:00.700+0000] {settings.py:330} DEBUG - settings.prepare_engine_args(): Using pool settings. pool_size=5, max_overflow=10, pool_recycle=1800, pid=9265
[2025-06-25T18:07:00.715+0000] {processor.py:161} INFO - Started process (PID=9265) to work on /opt/airflow/dags/train_dag.py
[2025-06-25T18:07:00.717+0000] {processor.py:830} INFO - Processing file /opt/airflow/dags/train_dag.py for tasks to queue
[2025-06-25T18:07:00.719+0000] {logging_mixin.py:188} INFO - [2025-06-25T18:07:00.719+0000] {dagbag.py:545} INFO - Filling up the DagBag from /opt/airflow/dags/train_dag.py
[2025-06-25T18:07:00.740+0000] {logging_mixin.py:188} INFO - [2025-06-25T18:07:00.740+0000] {dagbag.py:337} DEBUG - Importing /opt/airflow/dags/train_dag.py
[2025-06-25T18:07:00.751+0000] {processor.py:842} WARNING - No viable dags retrieved from /opt/airflow/dags/train_dag.py
[2025-06-25T18:07:00.780+0000] {processor.py:183} INFO - Processing /opt/airflow/dags/train_dag.py took 0.083 seconds
[2025-06-25T18:07:30.889+0000] {logging_mixin.py:188} INFO - [2025-06-25T18:07:30.888+0000] {settings.py:250} DEBUG - Setting up DB connection pool (PID 9327)
[2025-06-25T18:07:30.890+0000] {logging_mixin.py:188} INFO - [2025-06-25T18:07:30.890+0000] {settings.py:330} DEBUG - settings.prepare_engine_args(): Using pool settings. pool_size=5, max_overflow=10, pool_recycle=1800, pid=9327
[2025-06-25T18:07:30.899+0000] {processor.py:161} INFO - Started process (PID=9327) to work on /opt/airflow/dags/train_dag.py
[2025-06-25T18:07:30.900+0000] {processor.py:830} INFO - Processing file /opt/airflow/dags/train_dag.py for tasks to queue
[2025-06-25T18:07:30.901+0000] {logging_mixin.py:188} INFO - [2025-06-25T18:07:30.901+0000] {dagbag.py:545} INFO - Filling up the DagBag from /opt/airflow/dags/train_dag.py
[2025-06-25T18:07:30.915+0000] {logging_mixin.py:188} INFO - [2025-06-25T18:07:30.915+0000] {dagbag.py:337} DEBUG - Importing /opt/airflow/dags/train_dag.py
[2025-06-25T18:07:30.923+0000] {processor.py:842} WARNING - No viable dags retrieved from /opt/airflow/dags/train_dag.py
[2025-06-25T18:07:30.948+0000] {processor.py:183} INFO - Processing /opt/airflow/dags/train_dag.py took 0.061 seconds
[2025-06-25T18:08:01.415+0000] {logging_mixin.py:188} INFO - [2025-06-25T18:08:01.413+0000] {settings.py:250} DEBUG - Setting up DB connection pool (PID 9389)
[2025-06-25T18:08:01.417+0000] {logging_mixin.py:188} INFO - [2025-06-25T18:08:01.417+0000] {settings.py:330} DEBUG - settings.prepare_engine_args(): Using pool settings. pool_size=5, max_overflow=10, pool_recycle=1800, pid=9389
[2025-06-25T18:08:01.434+0000] {processor.py:161} INFO - Started process (PID=9389) to work on /opt/airflow/dags/train_dag.py
[2025-06-25T18:08:01.436+0000] {processor.py:830} INFO - Processing file /opt/airflow/dags/train_dag.py for tasks to queue
[2025-06-25T18:08:01.438+0000] {logging_mixin.py:188} INFO - [2025-06-25T18:08:01.438+0000] {dagbag.py:545} INFO - Filling up the DagBag from /opt/airflow/dags/train_dag.py
[2025-06-25T18:08:01.460+0000] {logging_mixin.py:188} INFO - [2025-06-25T18:08:01.460+0000] {dagbag.py:337} DEBUG - Importing /opt/airflow/dags/train_dag.py
[2025-06-25T18:08:01.471+0000] {processor.py:842} WARNING - No viable dags retrieved from /opt/airflow/dags/train_dag.py
[2025-06-25T18:08:01.507+0000] {processor.py:183} INFO - Processing /opt/airflow/dags/train_dag.py took 0.094 seconds
[2025-06-25T18:08:31.940+0000] {logging_mixin.py:188} INFO - [2025-06-25T18:08:31.939+0000] {settings.py:250} DEBUG - Setting up DB connection pool (PID 9449)
[2025-06-25T18:08:31.942+0000] {logging_mixin.py:188} INFO - [2025-06-25T18:08:31.942+0000] {settings.py:330} DEBUG - settings.prepare_engine_args(): Using pool settings. pool_size=5, max_overflow=10, pool_recycle=1800, pid=9449
[2025-06-25T18:08:31.952+0000] {processor.py:161} INFO - Started process (PID=9449) to work on /opt/airflow/dags/train_dag.py
[2025-06-25T18:08:31.953+0000] {processor.py:830} INFO - Processing file /opt/airflow/dags/train_dag.py for tasks to queue
[2025-06-25T18:08:31.955+0000] {logging_mixin.py:188} INFO - [2025-06-25T18:08:31.955+0000] {dagbag.py:545} INFO - Filling up the DagBag from /opt/airflow/dags/train_dag.py
[2025-06-25T18:08:31.970+0000] {logging_mixin.py:188} INFO - [2025-06-25T18:08:31.970+0000] {dagbag.py:337} DEBUG - Importing /opt/airflow/dags/train_dag.py
[2025-06-25T18:08:31.979+0000] {processor.py:842} WARNING - No viable dags retrieved from /opt/airflow/dags/train_dag.py
[2025-06-25T18:08:32.003+0000] {processor.py:183} INFO - Processing /opt/airflow/dags/train_dag.py took 0.064 seconds
[2025-06-25T18:09:02.496+0000] {logging_mixin.py:188} INFO - [2025-06-25T18:09:02.494+0000] {settings.py:250} DEBUG - Setting up DB connection pool (PID 9511)
[2025-06-25T18:09:02.498+0000] {logging_mixin.py:188} INFO - [2025-06-25T18:09:02.497+0000] {settings.py:330} DEBUG - settings.prepare_engine_args(): Using pool settings. pool_size=5, max_overflow=10, pool_recycle=1800, pid=9511
[2025-06-25T18:09:02.508+0000] {processor.py:161} INFO - Started process (PID=9511) to work on /opt/airflow/dags/train_dag.py
[2025-06-25T18:09:02.509+0000] {processor.py:830} INFO - Processing file /opt/airflow/dags/train_dag.py for tasks to queue
[2025-06-25T18:09:02.511+0000] {logging_mixin.py:188} INFO - [2025-06-25T18:09:02.510+0000] {dagbag.py:545} INFO - Filling up the DagBag from /opt/airflow/dags/train_dag.py
[2025-06-25T18:09:02.536+0000] {logging_mixin.py:188} INFO - [2025-06-25T18:09:02.536+0000] {dagbag.py:337} DEBUG - Importing /opt/airflow/dags/train_dag.py
[2025-06-25T18:09:02.551+0000] {processor.py:842} WARNING - No viable dags retrieved from /opt/airflow/dags/train_dag.py
[2025-06-25T18:09:02.584+0000] {processor.py:183} INFO - Processing /opt/airflow/dags/train_dag.py took 0.091 seconds
[2025-06-25T18:09:32.806+0000] {logging_mixin.py:188} INFO - [2025-06-25T18:09:32.804+0000] {settings.py:250} DEBUG - Setting up DB connection pool (PID 9580)
[2025-06-25T18:09:32.808+0000] {logging_mixin.py:188} INFO - [2025-06-25T18:09:32.808+0000] {settings.py:330} DEBUG - settings.prepare_engine_args(): Using pool settings. pool_size=5, max_overflow=10, pool_recycle=1800, pid=9580
[2025-06-25T18:09:32.821+0000] {processor.py:161} INFO - Started process (PID=9580) to work on /opt/airflow/dags/train_dag.py
[2025-06-25T18:09:32.823+0000] {processor.py:830} INFO - Processing file /opt/airflow/dags/train_dag.py for tasks to queue
[2025-06-25T18:09:32.825+0000] {logging_mixin.py:188} INFO - [2025-06-25T18:09:32.824+0000] {dagbag.py:545} INFO - Filling up the DagBag from /opt/airflow/dags/train_dag.py
[2025-06-25T18:09:32.852+0000] {logging_mixin.py:188} INFO - [2025-06-25T18:09:32.852+0000] {dagbag.py:337} DEBUG - Importing /opt/airflow/dags/train_dag.py
[2025-06-25T18:09:32.862+0000] {processor.py:842} WARNING - No viable dags retrieved from /opt/airflow/dags/train_dag.py
[2025-06-25T18:09:32.893+0000] {processor.py:183} INFO - Processing /opt/airflow/dags/train_dag.py took 0.089 seconds
[2025-06-25T18:10:03.251+0000] {logging_mixin.py:188} INFO - [2025-06-25T18:10:03.249+0000] {settings.py:250} DEBUG - Setting up DB connection pool (PID 9641)
[2025-06-25T18:10:03.252+0000] {logging_mixin.py:188} INFO - [2025-06-25T18:10:03.252+0000] {settings.py:330} DEBUG - settings.prepare_engine_args(): Using pool settings. pool_size=5, max_overflow=10, pool_recycle=1800, pid=9641
[2025-06-25T18:10:03.267+0000] {processor.py:161} INFO - Started process (PID=9641) to work on /opt/airflow/dags/train_dag.py
[2025-06-25T18:10:03.269+0000] {processor.py:830} INFO - Processing file /opt/airflow/dags/train_dag.py for tasks to queue
[2025-06-25T18:10:03.271+0000] {logging_mixin.py:188} INFO - [2025-06-25T18:10:03.271+0000] {dagbag.py:545} INFO - Filling up the DagBag from /opt/airflow/dags/train_dag.py
[2025-06-25T18:10:03.292+0000] {logging_mixin.py:188} INFO - [2025-06-25T18:10:03.292+0000] {dagbag.py:337} DEBUG - Importing /opt/airflow/dags/train_dag.py
[2025-06-25T18:10:03.302+0000] {processor.py:842} WARNING - No viable dags retrieved from /opt/airflow/dags/train_dag.py
[2025-06-25T18:10:03.331+0000] {processor.py:183} INFO - Processing /opt/airflow/dags/train_dag.py took 0.083 seconds
[2025-06-25T18:10:33.546+0000] {logging_mixin.py:188} INFO - [2025-06-25T18:10:33.545+0000] {settings.py:250} DEBUG - Setting up DB connection pool (PID 9704)
[2025-06-25T18:10:33.548+0000] {logging_mixin.py:188} INFO - [2025-06-25T18:10:33.548+0000] {settings.py:330} DEBUG - settings.prepare_engine_args(): Using pool settings. pool_size=5, max_overflow=10, pool_recycle=1800, pid=9704
[2025-06-25T18:10:33.565+0000] {processor.py:161} INFO - Started process (PID=9704) to work on /opt/airflow/dags/train_dag.py
[2025-06-25T18:10:33.567+0000] {processor.py:830} INFO - Processing file /opt/airflow/dags/train_dag.py for tasks to queue
[2025-06-25T18:10:33.569+0000] {logging_mixin.py:188} INFO - [2025-06-25T18:10:33.569+0000] {dagbag.py:545} INFO - Filling up the DagBag from /opt/airflow/dags/train_dag.py
[2025-06-25T18:10:33.588+0000] {logging_mixin.py:188} INFO - [2025-06-25T18:10:33.587+0000] {dagbag.py:337} DEBUG - Importing /opt/airflow/dags/train_dag.py
[2025-06-25T18:10:33.597+0000] {processor.py:842} WARNING - No viable dags retrieved from /opt/airflow/dags/train_dag.py
[2025-06-25T18:10:33.625+0000] {processor.py:183} INFO - Processing /opt/airflow/dags/train_dag.py took 0.081 seconds
[2025-06-25T18:11:03.790+0000] {logging_mixin.py:188} INFO - [2025-06-25T18:11:03.789+0000] {settings.py:250} DEBUG - Setting up DB connection pool (PID 9766)
[2025-06-25T18:11:03.792+0000] {logging_mixin.py:188} INFO - [2025-06-25T18:11:03.792+0000] {settings.py:330} DEBUG - settings.prepare_engine_args(): Using pool settings. pool_size=5, max_overflow=10, pool_recycle=1800, pid=9766
[2025-06-25T18:11:03.803+0000] {processor.py:161} INFO - Started process (PID=9766) to work on /opt/airflow/dags/train_dag.py
[2025-06-25T18:11:03.804+0000] {processor.py:830} INFO - Processing file /opt/airflow/dags/train_dag.py for tasks to queue
[2025-06-25T18:11:03.805+0000] {logging_mixin.py:188} INFO - [2025-06-25T18:11:03.805+0000] {dagbag.py:545} INFO - Filling up the DagBag from /opt/airflow/dags/train_dag.py
[2025-06-25T18:11:03.820+0000] {logging_mixin.py:188} INFO - [2025-06-25T18:11:03.819+0000] {dagbag.py:337} DEBUG - Importing /opt/airflow/dags/train_dag.py
[2025-06-25T18:11:03.827+0000] {processor.py:842} WARNING - No viable dags retrieved from /opt/airflow/dags/train_dag.py
[2025-06-25T18:11:03.854+0000] {processor.py:183} INFO - Processing /opt/airflow/dags/train_dag.py took 0.065 seconds
[2025-06-25T18:11:34.106+0000] {logging_mixin.py:188} INFO - [2025-06-25T18:11:34.105+0000] {settings.py:250} DEBUG - Setting up DB connection pool (PID 9828)
[2025-06-25T18:11:34.108+0000] {logging_mixin.py:188} INFO - [2025-06-25T18:11:34.108+0000] {settings.py:330} DEBUG - settings.prepare_engine_args(): Using pool settings. pool_size=5, max_overflow=10, pool_recycle=1800, pid=9828
[2025-06-25T18:11:34.120+0000] {processor.py:161} INFO - Started process (PID=9828) to work on /opt/airflow/dags/train_dag.py
[2025-06-25T18:11:34.121+0000] {processor.py:830} INFO - Processing file /opt/airflow/dags/train_dag.py for tasks to queue
[2025-06-25T18:11:34.122+0000] {logging_mixin.py:188} INFO - [2025-06-25T18:11:34.122+0000] {dagbag.py:545} INFO - Filling up the DagBag from /opt/airflow/dags/train_dag.py
[2025-06-25T18:11:34.139+0000] {logging_mixin.py:188} INFO - [2025-06-25T18:11:34.139+0000] {dagbag.py:337} DEBUG - Importing /opt/airflow/dags/train_dag.py
[2025-06-25T18:11:34.149+0000] {processor.py:842} WARNING - No viable dags retrieved from /opt/airflow/dags/train_dag.py
[2025-06-25T18:11:34.176+0000] {processor.py:183} INFO - Processing /opt/airflow/dags/train_dag.py took 0.071 seconds
[2025-06-25T18:12:04.296+0000] {logging_mixin.py:188} INFO - [2025-06-25T18:12:04.294+0000] {settings.py:250} DEBUG - Setting up DB connection pool (PID 9890)
[2025-06-25T18:12:04.299+0000] {logging_mixin.py:188} INFO - [2025-06-25T18:12:04.298+0000] {settings.py:330} DEBUG - settings.prepare_engine_args(): Using pool settings. pool_size=5, max_overflow=10, pool_recycle=1800, pid=9890
[2025-06-25T18:12:04.311+0000] {processor.py:161} INFO - Started process (PID=9890) to work on /opt/airflow/dags/train_dag.py
[2025-06-25T18:12:04.312+0000] {processor.py:830} INFO - Processing file /opt/airflow/dags/train_dag.py for tasks to queue
[2025-06-25T18:12:04.314+0000] {logging_mixin.py:188} INFO - [2025-06-25T18:12:04.314+0000] {dagbag.py:545} INFO - Filling up the DagBag from /opt/airflow/dags/train_dag.py
[2025-06-25T18:12:04.332+0000] {logging_mixin.py:188} INFO - [2025-06-25T18:12:04.331+0000] {dagbag.py:337} DEBUG - Importing /opt/airflow/dags/train_dag.py
[2025-06-25T18:12:04.341+0000] {processor.py:842} WARNING - No viable dags retrieved from /opt/airflow/dags/train_dag.py
[2025-06-25T18:12:04.370+0000] {processor.py:183} INFO - Processing /opt/airflow/dags/train_dag.py took 0.076 seconds
[2025-06-25T18:12:35.100+0000] {logging_mixin.py:188} INFO - [2025-06-25T18:12:35.099+0000] {settings.py:250} DEBUG - Setting up DB connection pool (PID 9952)
[2025-06-25T18:12:35.102+0000] {logging_mixin.py:188} INFO - [2025-06-25T18:12:35.102+0000] {settings.py:330} DEBUG - settings.prepare_engine_args(): Using pool settings. pool_size=5, max_overflow=10, pool_recycle=1800, pid=9952
[2025-06-25T18:12:35.112+0000] {processor.py:161} INFO - Started process (PID=9952) to work on /opt/airflow/dags/train_dag.py
[2025-06-25T18:12:35.113+0000] {processor.py:830} INFO - Processing file /opt/airflow/dags/train_dag.py for tasks to queue
[2025-06-25T18:12:35.115+0000] {logging_mixin.py:188} INFO - [2025-06-25T18:12:35.114+0000] {dagbag.py:545} INFO - Filling up the DagBag from /opt/airflow/dags/train_dag.py
[2025-06-25T18:12:35.133+0000] {logging_mixin.py:188} INFO - [2025-06-25T18:12:35.132+0000] {dagbag.py:337} DEBUG - Importing /opt/airflow/dags/train_dag.py
[2025-06-25T18:12:35.142+0000] {processor.py:842} WARNING - No viable dags retrieved from /opt/airflow/dags/train_dag.py
[2025-06-25T18:12:35.171+0000] {processor.py:183} INFO - Processing /opt/airflow/dags/train_dag.py took 0.072 seconds
[2025-06-25T18:13:06.154+0000] {logging_mixin.py:188} INFO - [2025-06-25T18:13:06.153+0000] {settings.py:250} DEBUG - Setting up DB connection pool (PID 10015)
[2025-06-25T18:13:06.156+0000] {logging_mixin.py:188} INFO - [2025-06-25T18:13:06.156+0000] {settings.py:330} DEBUG - settings.prepare_engine_args(): Using pool settings. pool_size=5, max_overflow=10, pool_recycle=1800, pid=10015
[2025-06-25T18:13:06.175+0000] {processor.py:161} INFO - Started process (PID=10015) to work on /opt/airflow/dags/train_dag.py
[2025-06-25T18:13:06.177+0000] {processor.py:830} INFO - Processing file /opt/airflow/dags/train_dag.py for tasks to queue
[2025-06-25T18:13:06.178+0000] {logging_mixin.py:188} INFO - [2025-06-25T18:13:06.178+0000] {dagbag.py:545} INFO - Filling up the DagBag from /opt/airflow/dags/train_dag.py
[2025-06-25T18:13:06.198+0000] {logging_mixin.py:188} INFO - [2025-06-25T18:13:06.198+0000] {dagbag.py:337} DEBUG - Importing /opt/airflow/dags/train_dag.py
[2025-06-25T18:13:06.209+0000] {processor.py:842} WARNING - No viable dags retrieved from /opt/airflow/dags/train_dag.py
[2025-06-25T18:13:06.247+0000] {processor.py:183} INFO - Processing /opt/airflow/dags/train_dag.py took 0.094 seconds
[2025-06-25T18:13:37.034+0000] {logging_mixin.py:188} INFO - [2025-06-25T18:13:37.032+0000] {settings.py:250} DEBUG - Setting up DB connection pool (PID 10075)
[2025-06-25T18:13:37.035+0000] {logging_mixin.py:188} INFO - [2025-06-25T18:13:37.035+0000] {settings.py:330} DEBUG - settings.prepare_engine_args(): Using pool settings. pool_size=5, max_overflow=10, pool_recycle=1800, pid=10075
[2025-06-25T18:13:37.048+0000] {processor.py:161} INFO - Started process (PID=10075) to work on /opt/airflow/dags/train_dag.py
[2025-06-25T18:13:37.049+0000] {processor.py:830} INFO - Processing file /opt/airflow/dags/train_dag.py for tasks to queue
[2025-06-25T18:13:37.051+0000] {logging_mixin.py:188} INFO - [2025-06-25T18:13:37.050+0000] {dagbag.py:545} INFO - Filling up the DagBag from /opt/airflow/dags/train_dag.py
[2025-06-25T18:13:37.065+0000] {logging_mixin.py:188} INFO - [2025-06-25T18:13:37.065+0000] {dagbag.py:337} DEBUG - Importing /opt/airflow/dags/train_dag.py
[2025-06-25T18:13:37.074+0000] {processor.py:842} WARNING - No viable dags retrieved from /opt/airflow/dags/train_dag.py
[2025-06-25T18:13:37.105+0000] {processor.py:183} INFO - Processing /opt/airflow/dags/train_dag.py took 0.074 seconds
[2025-06-25T18:14:07.564+0000] {logging_mixin.py:188} INFO - [2025-06-25T18:14:07.563+0000] {settings.py:250} DEBUG - Setting up DB connection pool (PID 10137)
[2025-06-25T18:14:07.565+0000] {logging_mixin.py:188} INFO - [2025-06-25T18:14:07.565+0000] {settings.py:330} DEBUG - settings.prepare_engine_args(): Using pool settings. pool_size=5, max_overflow=10, pool_recycle=1800, pid=10137
[2025-06-25T18:14:07.575+0000] {processor.py:161} INFO - Started process (PID=10137) to work on /opt/airflow/dags/train_dag.py
[2025-06-25T18:14:07.576+0000] {processor.py:830} INFO - Processing file /opt/airflow/dags/train_dag.py for tasks to queue
[2025-06-25T18:14:07.578+0000] {logging_mixin.py:188} INFO - [2025-06-25T18:14:07.578+0000] {dagbag.py:545} INFO - Filling up the DagBag from /opt/airflow/dags/train_dag.py
[2025-06-25T18:14:07.593+0000] {logging_mixin.py:188} INFO - [2025-06-25T18:14:07.593+0000] {dagbag.py:337} DEBUG - Importing /opt/airflow/dags/train_dag.py
[2025-06-25T18:14:07.601+0000] {processor.py:842} WARNING - No viable dags retrieved from /opt/airflow/dags/train_dag.py
[2025-06-25T18:14:07.625+0000] {processor.py:183} INFO - Processing /opt/airflow/dags/train_dag.py took 0.062 seconds
[2025-06-25T18:14:38.049+0000] {logging_mixin.py:188} INFO - [2025-06-25T18:14:38.047+0000] {settings.py:250} DEBUG - Setting up DB connection pool (PID 10199)
[2025-06-25T18:14:38.051+0000] {logging_mixin.py:188} INFO - [2025-06-25T18:14:38.051+0000] {settings.py:330} DEBUG - settings.prepare_engine_args(): Using pool settings. pool_size=5, max_overflow=10, pool_recycle=1800, pid=10199
[2025-06-25T18:14:38.066+0000] {processor.py:161} INFO - Started process (PID=10199) to work on /opt/airflow/dags/train_dag.py
[2025-06-25T18:14:38.068+0000] {processor.py:830} INFO - Processing file /opt/airflow/dags/train_dag.py for tasks to queue
[2025-06-25T18:14:38.070+0000] {logging_mixin.py:188} INFO - [2025-06-25T18:14:38.070+0000] {dagbag.py:545} INFO - Filling up the DagBag from /opt/airflow/dags/train_dag.py
[2025-06-25T18:14:38.088+0000] {logging_mixin.py:188} INFO - [2025-06-25T18:14:38.088+0000] {dagbag.py:337} DEBUG - Importing /opt/airflow/dags/train_dag.py
[2025-06-25T18:14:38.097+0000] {processor.py:842} WARNING - No viable dags retrieved from /opt/airflow/dags/train_dag.py
[2025-06-25T18:14:38.121+0000] {processor.py:183} INFO - Processing /opt/airflow/dags/train_dag.py took 0.074 seconds
[2025-06-25T18:15:08.755+0000] {logging_mixin.py:188} INFO - [2025-06-25T18:15:08.753+0000] {settings.py:250} DEBUG - Setting up DB connection pool (PID 10261)
[2025-06-25T18:15:08.757+0000] {logging_mixin.py:188} INFO - [2025-06-25T18:15:08.757+0000] {settings.py:330} DEBUG - settings.prepare_engine_args(): Using pool settings. pool_size=5, max_overflow=10, pool_recycle=1800, pid=10261
[2025-06-25T18:15:08.770+0000] {processor.py:161} INFO - Started process (PID=10261) to work on /opt/airflow/dags/train_dag.py
[2025-06-25T18:15:08.771+0000] {processor.py:830} INFO - Processing file /opt/airflow/dags/train_dag.py for tasks to queue
[2025-06-25T18:15:08.772+0000] {logging_mixin.py:188} INFO - [2025-06-25T18:15:08.772+0000] {dagbag.py:545} INFO - Filling up the DagBag from /opt/airflow/dags/train_dag.py
[2025-06-25T18:15:08.788+0000] {logging_mixin.py:188} INFO - [2025-06-25T18:15:08.788+0000] {dagbag.py:337} DEBUG - Importing /opt/airflow/dags/train_dag.py
[2025-06-25T18:15:08.796+0000] {processor.py:842} WARNING - No viable dags retrieved from /opt/airflow/dags/train_dag.py
[2025-06-25T18:15:08.822+0000] {processor.py:183} INFO - Processing /opt/airflow/dags/train_dag.py took 0.069 seconds
[2025-06-25T18:15:39.355+0000] {logging_mixin.py:188} INFO - [2025-06-25T18:15:39.354+0000] {settings.py:250} DEBUG - Setting up DB connection pool (PID 10323)
[2025-06-25T18:15:39.358+0000] {logging_mixin.py:188} INFO - [2025-06-25T18:15:39.357+0000] {settings.py:330} DEBUG - settings.prepare_engine_args(): Using pool settings. pool_size=5, max_overflow=10, pool_recycle=1800, pid=10323
[2025-06-25T18:15:39.374+0000] {processor.py:161} INFO - Started process (PID=10323) to work on /opt/airflow/dags/train_dag.py
[2025-06-25T18:15:39.375+0000] {processor.py:830} INFO - Processing file /opt/airflow/dags/train_dag.py for tasks to queue
[2025-06-25T18:15:39.377+0000] {logging_mixin.py:188} INFO - [2025-06-25T18:15:39.376+0000] {dagbag.py:545} INFO - Filling up the DagBag from /opt/airflow/dags/train_dag.py
[2025-06-25T18:15:39.393+0000] {logging_mixin.py:188} INFO - [2025-06-25T18:15:39.393+0000] {dagbag.py:337} DEBUG - Importing /opt/airflow/dags/train_dag.py
[2025-06-25T18:15:39.403+0000] {processor.py:842} WARNING - No viable dags retrieved from /opt/airflow/dags/train_dag.py
[2025-06-25T18:15:39.446+0000] {processor.py:183} INFO - Processing /opt/airflow/dags/train_dag.py took 0.092 seconds
[2025-06-25T18:16:09.842+0000] {logging_mixin.py:188} INFO - [2025-06-25T18:16:09.840+0000] {settings.py:250} DEBUG - Setting up DB connection pool (PID 10385)
[2025-06-25T18:16:09.844+0000] {logging_mixin.py:188} INFO - [2025-06-25T18:16:09.843+0000] {settings.py:330} DEBUG - settings.prepare_engine_args(): Using pool settings. pool_size=5, max_overflow=10, pool_recycle=1800, pid=10385
[2025-06-25T18:16:09.855+0000] {processor.py:161} INFO - Started process (PID=10385) to work on /opt/airflow/dags/train_dag.py
[2025-06-25T18:16:09.856+0000] {processor.py:830} INFO - Processing file /opt/airflow/dags/train_dag.py for tasks to queue
[2025-06-25T18:16:09.857+0000] {logging_mixin.py:188} INFO - [2025-06-25T18:16:09.857+0000] {dagbag.py:545} INFO - Filling up the DagBag from /opt/airflow/dags/train_dag.py
[2025-06-25T18:16:09.875+0000] {logging_mixin.py:188} INFO - [2025-06-25T18:16:09.874+0000] {dagbag.py:337} DEBUG - Importing /opt/airflow/dags/train_dag.py
[2025-06-25T18:16:09.884+0000] {processor.py:842} WARNING - No viable dags retrieved from /opt/airflow/dags/train_dag.py
[2025-06-25T18:16:09.930+0000] {processor.py:183} INFO - Processing /opt/airflow/dags/train_dag.py took 0.089 seconds
[2025-06-25T18:16:40.301+0000] {logging_mixin.py:188} INFO - [2025-06-25T18:16:40.299+0000] {settings.py:250} DEBUG - Setting up DB connection pool (PID 10447)
[2025-06-25T18:16:40.302+0000] {logging_mixin.py:188} INFO - [2025-06-25T18:16:40.302+0000] {settings.py:330} DEBUG - settings.prepare_engine_args(): Using pool settings. pool_size=5, max_overflow=10, pool_recycle=1800, pid=10447
[2025-06-25T18:16:40.314+0000] {processor.py:161} INFO - Started process (PID=10447) to work on /opt/airflow/dags/train_dag.py
[2025-06-25T18:16:40.316+0000] {processor.py:830} INFO - Processing file /opt/airflow/dags/train_dag.py for tasks to queue
[2025-06-25T18:16:40.317+0000] {logging_mixin.py:188} INFO - [2025-06-25T18:16:40.317+0000] {dagbag.py:545} INFO - Filling up the DagBag from /opt/airflow/dags/train_dag.py
[2025-06-25T18:16:40.334+0000] {logging_mixin.py:188} INFO - [2025-06-25T18:16:40.333+0000] {dagbag.py:337} DEBUG - Importing /opt/airflow/dags/train_dag.py
[2025-06-25T18:16:40.343+0000] {processor.py:842} WARNING - No viable dags retrieved from /opt/airflow/dags/train_dag.py
[2025-06-25T18:16:40.368+0000] {processor.py:183} INFO - Processing /opt/airflow/dags/train_dag.py took 0.069 seconds
[2025-06-25T18:17:10.755+0000] {logging_mixin.py:188} INFO - [2025-06-25T18:17:10.753+0000] {settings.py:250} DEBUG - Setting up DB connection pool (PID 10508)
[2025-06-25T18:17:10.757+0000] {logging_mixin.py:188} INFO - [2025-06-25T18:17:10.757+0000] {settings.py:330} DEBUG - settings.prepare_engine_args(): Using pool settings. pool_size=5, max_overflow=10, pool_recycle=1800, pid=10508
[2025-06-25T18:17:10.773+0000] {processor.py:161} INFO - Started process (PID=10508) to work on /opt/airflow/dags/train_dag.py
[2025-06-25T18:17:10.774+0000] {processor.py:830} INFO - Processing file /opt/airflow/dags/train_dag.py for tasks to queue
[2025-06-25T18:17:10.776+0000] {logging_mixin.py:188} INFO - [2025-06-25T18:17:10.776+0000] {dagbag.py:545} INFO - Filling up the DagBag from /opt/airflow/dags/train_dag.py
[2025-06-25T18:17:10.793+0000] {logging_mixin.py:188} INFO - [2025-06-25T18:17:10.792+0000] {dagbag.py:337} DEBUG - Importing /opt/airflow/dags/train_dag.py
[2025-06-25T18:17:10.802+0000] {processor.py:842} WARNING - No viable dags retrieved from /opt/airflow/dags/train_dag.py
[2025-06-25T18:17:10.832+0000] {processor.py:183} INFO - Processing /opt/airflow/dags/train_dag.py took 0.079 seconds
[2025-06-25T18:17:41.051+0000] {logging_mixin.py:188} INFO - [2025-06-25T18:17:41.050+0000] {settings.py:250} DEBUG - Setting up DB connection pool (PID 10570)
[2025-06-25T18:17:41.053+0000] {logging_mixin.py:188} INFO - [2025-06-25T18:17:41.053+0000] {settings.py:330} DEBUG - settings.prepare_engine_args(): Using pool settings. pool_size=5, max_overflow=10, pool_recycle=1800, pid=10570
[2025-06-25T18:17:41.062+0000] {processor.py:161} INFO - Started process (PID=10570) to work on /opt/airflow/dags/train_dag.py
[2025-06-25T18:17:41.063+0000] {processor.py:830} INFO - Processing file /opt/airflow/dags/train_dag.py for tasks to queue
[2025-06-25T18:17:41.064+0000] {logging_mixin.py:188} INFO - [2025-06-25T18:17:41.064+0000] {dagbag.py:545} INFO - Filling up the DagBag from /opt/airflow/dags/train_dag.py
[2025-06-25T18:17:41.079+0000] {logging_mixin.py:188} INFO - [2025-06-25T18:17:41.079+0000] {dagbag.py:337} DEBUG - Importing /opt/airflow/dags/train_dag.py
[2025-06-25T18:17:41.089+0000] {processor.py:842} WARNING - No viable dags retrieved from /opt/airflow/dags/train_dag.py
[2025-06-25T18:17:41.115+0000] {processor.py:183} INFO - Processing /opt/airflow/dags/train_dag.py took 0.066 seconds
[2025-06-25T18:18:11.509+0000] {logging_mixin.py:188} INFO - [2025-06-25T18:18:11.507+0000] {settings.py:250} DEBUG - Setting up DB connection pool (PID 10631)
[2025-06-25T18:18:11.511+0000] {logging_mixin.py:188} INFO - [2025-06-25T18:18:11.511+0000] {settings.py:330} DEBUG - settings.prepare_engine_args(): Using pool settings. pool_size=5, max_overflow=10, pool_recycle=1800, pid=10631
[2025-06-25T18:18:11.523+0000] {processor.py:161} INFO - Started process (PID=10631) to work on /opt/airflow/dags/train_dag.py
[2025-06-25T18:18:11.524+0000] {processor.py:830} INFO - Processing file /opt/airflow/dags/train_dag.py for tasks to queue
[2025-06-25T18:18:11.526+0000] {logging_mixin.py:188} INFO - [2025-06-25T18:18:11.526+0000] {dagbag.py:545} INFO - Filling up the DagBag from /opt/airflow/dags/train_dag.py
[2025-06-25T18:18:11.542+0000] {logging_mixin.py:188} INFO - [2025-06-25T18:18:11.541+0000] {dagbag.py:337} DEBUG - Importing /opt/airflow/dags/train_dag.py
[2025-06-25T18:18:11.551+0000] {processor.py:842} WARNING - No viable dags retrieved from /opt/airflow/dags/train_dag.py
[2025-06-25T18:18:11.581+0000] {processor.py:183} INFO - Processing /opt/airflow/dags/train_dag.py took 0.074 seconds
[2025-06-25T18:18:41.895+0000] {logging_mixin.py:188} INFO - [2025-06-25T18:18:41.894+0000] {settings.py:250} DEBUG - Setting up DB connection pool (PID 10692)
[2025-06-25T18:18:41.897+0000] {logging_mixin.py:188} INFO - [2025-06-25T18:18:41.897+0000] {settings.py:330} DEBUG - settings.prepare_engine_args(): Using pool settings. pool_size=5, max_overflow=10, pool_recycle=1800, pid=10692
[2025-06-25T18:18:41.908+0000] {processor.py:161} INFO - Started process (PID=10692) to work on /opt/airflow/dags/train_dag.py
[2025-06-25T18:18:41.909+0000] {processor.py:830} INFO - Processing file /opt/airflow/dags/train_dag.py for tasks to queue
[2025-06-25T18:18:41.910+0000] {logging_mixin.py:188} INFO - [2025-06-25T18:18:41.910+0000] {dagbag.py:545} INFO - Filling up the DagBag from /opt/airflow/dags/train_dag.py
[2025-06-25T18:18:41.926+0000] {logging_mixin.py:188} INFO - [2025-06-25T18:18:41.926+0000] {dagbag.py:337} DEBUG - Importing /opt/airflow/dags/train_dag.py
[2025-06-25T18:18:41.935+0000] {processor.py:842} WARNING - No viable dags retrieved from /opt/airflow/dags/train_dag.py
[2025-06-25T18:18:41.962+0000] {processor.py:183} INFO - Processing /opt/airflow/dags/train_dag.py took 0.068 seconds
[2025-06-25T18:19:12.605+0000] {logging_mixin.py:188} INFO - [2025-06-25T18:19:12.603+0000] {settings.py:250} DEBUG - Setting up DB connection pool (PID 10754)
[2025-06-25T18:19:12.607+0000] {logging_mixin.py:188} INFO - [2025-06-25T18:19:12.607+0000] {settings.py:330} DEBUG - settings.prepare_engine_args(): Using pool settings. pool_size=5, max_overflow=10, pool_recycle=1800, pid=10754
[2025-06-25T18:19:12.620+0000] {processor.py:161} INFO - Started process (PID=10754) to work on /opt/airflow/dags/train_dag.py
[2025-06-25T18:19:12.621+0000] {processor.py:830} INFO - Processing file /opt/airflow/dags/train_dag.py for tasks to queue
[2025-06-25T18:19:12.623+0000] {logging_mixin.py:188} INFO - [2025-06-25T18:19:12.622+0000] {dagbag.py:545} INFO - Filling up the DagBag from /opt/airflow/dags/train_dag.py
[2025-06-25T18:19:12.645+0000] {logging_mixin.py:188} INFO - [2025-06-25T18:19:12.644+0000] {dagbag.py:337} DEBUG - Importing /opt/airflow/dags/train_dag.py
[2025-06-25T18:19:12.655+0000] {processor.py:842} WARNING - No viable dags retrieved from /opt/airflow/dags/train_dag.py
[2025-06-25T18:19:12.690+0000] {processor.py:183} INFO - Processing /opt/airflow/dags/train_dag.py took 0.087 seconds
[2025-06-25T18:19:42.926+0000] {logging_mixin.py:188} INFO - [2025-06-25T18:19:42.924+0000] {settings.py:250} DEBUG - Setting up DB connection pool (PID 10816)
[2025-06-25T18:19:42.928+0000] {logging_mixin.py:188} INFO - [2025-06-25T18:19:42.927+0000] {settings.py:330} DEBUG - settings.prepare_engine_args(): Using pool settings. pool_size=5, max_overflow=10, pool_recycle=1800, pid=10816
[2025-06-25T18:19:42.941+0000] {processor.py:161} INFO - Started process (PID=10816) to work on /opt/airflow/dags/train_dag.py
[2025-06-25T18:19:42.942+0000] {processor.py:830} INFO - Processing file /opt/airflow/dags/train_dag.py for tasks to queue
[2025-06-25T18:19:42.944+0000] {logging_mixin.py:188} INFO - [2025-06-25T18:19:42.943+0000] {dagbag.py:545} INFO - Filling up the DagBag from /opt/airflow/dags/train_dag.py
[2025-06-25T18:19:42.961+0000] {logging_mixin.py:188} INFO - [2025-06-25T18:19:42.960+0000] {dagbag.py:337} DEBUG - Importing /opt/airflow/dags/train_dag.py
[2025-06-25T18:19:42.969+0000] {processor.py:842} WARNING - No viable dags retrieved from /opt/airflow/dags/train_dag.py
[2025-06-25T18:19:42.995+0000] {processor.py:183} INFO - Processing /opt/airflow/dags/train_dag.py took 0.070 seconds
[2025-06-25T18:20:13.317+0000] {logging_mixin.py:188} INFO - [2025-06-25T18:20:13.315+0000] {settings.py:250} DEBUG - Setting up DB connection pool (PID 10878)
[2025-06-25T18:20:13.319+0000] {logging_mixin.py:188} INFO - [2025-06-25T18:20:13.319+0000] {settings.py:330} DEBUG - settings.prepare_engine_args(): Using pool settings. pool_size=5, max_overflow=10, pool_recycle=1800, pid=10878
[2025-06-25T18:20:13.335+0000] {processor.py:161} INFO - Started process (PID=10878) to work on /opt/airflow/dags/train_dag.py
[2025-06-25T18:20:13.337+0000] {processor.py:830} INFO - Processing file /opt/airflow/dags/train_dag.py for tasks to queue
[2025-06-25T18:20:13.339+0000] {logging_mixin.py:188} INFO - [2025-06-25T18:20:13.338+0000] {dagbag.py:545} INFO - Filling up the DagBag from /opt/airflow/dags/train_dag.py
[2025-06-25T18:20:13.355+0000] {logging_mixin.py:188} INFO - [2025-06-25T18:20:13.355+0000] {dagbag.py:337} DEBUG - Importing /opt/airflow/dags/train_dag.py
[2025-06-25T18:20:13.366+0000] {processor.py:842} WARNING - No viable dags retrieved from /opt/airflow/dags/train_dag.py
[2025-06-25T18:20:13.415+0000] {processor.py:183} INFO - Processing /opt/airflow/dags/train_dag.py took 0.100 seconds
[2025-06-25T18:20:43.783+0000] {logging_mixin.py:188} INFO - [2025-06-25T18:20:43.781+0000] {settings.py:250} DEBUG - Setting up DB connection pool (PID 10940)
[2025-06-25T18:20:43.787+0000] {logging_mixin.py:188} INFO - [2025-06-25T18:20:43.786+0000] {settings.py:330} DEBUG - settings.prepare_engine_args(): Using pool settings. pool_size=5, max_overflow=10, pool_recycle=1800, pid=10940
[2025-06-25T18:20:43.831+0000] {processor.py:161} INFO - Started process (PID=10940) to work on /opt/airflow/dags/train_dag.py
[2025-06-25T18:20:43.832+0000] {processor.py:830} INFO - Processing file /opt/airflow/dags/train_dag.py for tasks to queue
[2025-06-25T18:20:43.834+0000] {logging_mixin.py:188} INFO - [2025-06-25T18:20:43.834+0000] {dagbag.py:545} INFO - Filling up the DagBag from /opt/airflow/dags/train_dag.py
[2025-06-25T18:20:43.853+0000] {logging_mixin.py:188} INFO - [2025-06-25T18:20:43.852+0000] {dagbag.py:337} DEBUG - Importing /opt/airflow/dags/train_dag.py
[2025-06-25T18:20:43.861+0000] {processor.py:842} WARNING - No viable dags retrieved from /opt/airflow/dags/train_dag.py
[2025-06-25T18:20:43.903+0000] {processor.py:183} INFO - Processing /opt/airflow/dags/train_dag.py took 0.123 seconds
[2025-06-25T18:21:14.082+0000] {logging_mixin.py:188} INFO - [2025-06-25T18:21:14.081+0000] {settings.py:250} DEBUG - Setting up DB connection pool (PID 11003)
[2025-06-25T18:21:14.084+0000] {logging_mixin.py:188} INFO - [2025-06-25T18:21:14.084+0000] {settings.py:330} DEBUG - settings.prepare_engine_args(): Using pool settings. pool_size=5, max_overflow=10, pool_recycle=1800, pid=11003
[2025-06-25T18:21:14.095+0000] {processor.py:161} INFO - Started process (PID=11003) to work on /opt/airflow/dags/train_dag.py
[2025-06-25T18:21:14.096+0000] {processor.py:830} INFO - Processing file /opt/airflow/dags/train_dag.py for tasks to queue
[2025-06-25T18:21:14.098+0000] {logging_mixin.py:188} INFO - [2025-06-25T18:21:14.097+0000] {dagbag.py:545} INFO - Filling up the DagBag from /opt/airflow/dags/train_dag.py
[2025-06-25T18:21:14.115+0000] {logging_mixin.py:188} INFO - [2025-06-25T18:21:14.115+0000] {dagbag.py:337} DEBUG - Importing /opt/airflow/dags/train_dag.py
[2025-06-25T18:21:14.125+0000] {processor.py:842} WARNING - No viable dags retrieved from /opt/airflow/dags/train_dag.py
[2025-06-25T18:21:14.158+0000] {processor.py:183} INFO - Processing /opt/airflow/dags/train_dag.py took 0.077 seconds
[2025-06-25T18:21:44.417+0000] {logging_mixin.py:188} INFO - [2025-06-25T18:21:44.415+0000] {settings.py:250} DEBUG - Setting up DB connection pool (PID 11065)
[2025-06-25T18:21:44.419+0000] {logging_mixin.py:188} INFO - [2025-06-25T18:21:44.419+0000] {settings.py:330} DEBUG - settings.prepare_engine_args(): Using pool settings. pool_size=5, max_overflow=10, pool_recycle=1800, pid=11065
[2025-06-25T18:21:44.431+0000] {processor.py:161} INFO - Started process (PID=11065) to work on /opt/airflow/dags/train_dag.py
[2025-06-25T18:21:44.432+0000] {processor.py:830} INFO - Processing file /opt/airflow/dags/train_dag.py for tasks to queue
[2025-06-25T18:21:44.434+0000] {logging_mixin.py:188} INFO - [2025-06-25T18:21:44.434+0000] {dagbag.py:545} INFO - Filling up the DagBag from /opt/airflow/dags/train_dag.py
[2025-06-25T18:21:44.459+0000] {logging_mixin.py:188} INFO - [2025-06-25T18:21:44.459+0000] {dagbag.py:337} DEBUG - Importing /opt/airflow/dags/train_dag.py
[2025-06-25T18:21:44.475+0000] {processor.py:842} WARNING - No viable dags retrieved from /opt/airflow/dags/train_dag.py
[2025-06-25T18:21:44.509+0000] {processor.py:183} INFO - Processing /opt/airflow/dags/train_dag.py took 0.094 seconds
[2025-06-25T18:22:14.828+0000] {logging_mixin.py:188} INFO - [2025-06-25T18:22:14.826+0000] {settings.py:250} DEBUG - Setting up DB connection pool (PID 11127)
[2025-06-25T18:22:14.830+0000] {logging_mixin.py:188} INFO - [2025-06-25T18:22:14.830+0000] {settings.py:330} DEBUG - settings.prepare_engine_args(): Using pool settings. pool_size=5, max_overflow=10, pool_recycle=1800, pid=11127
[2025-06-25T18:22:14.847+0000] {processor.py:161} INFO - Started process (PID=11127) to work on /opt/airflow/dags/train_dag.py
[2025-06-25T18:22:14.848+0000] {processor.py:830} INFO - Processing file /opt/airflow/dags/train_dag.py for tasks to queue
[2025-06-25T18:22:14.850+0000] {logging_mixin.py:188} INFO - [2025-06-25T18:22:14.850+0000] {dagbag.py:545} INFO - Filling up the DagBag from /opt/airflow/dags/train_dag.py
[2025-06-25T18:22:14.869+0000] {logging_mixin.py:188} INFO - [2025-06-25T18:22:14.869+0000] {dagbag.py:337} DEBUG - Importing /opt/airflow/dags/train_dag.py
[2025-06-25T18:22:14.878+0000] {processor.py:842} WARNING - No viable dags retrieved from /opt/airflow/dags/train_dag.py
[2025-06-25T18:22:14.911+0000] {processor.py:183} INFO - Processing /opt/airflow/dags/train_dag.py took 0.085 seconds
[2025-06-25T18:22:45.318+0000] {logging_mixin.py:188} INFO - [2025-06-25T18:22:45.317+0000] {settings.py:250} DEBUG - Setting up DB connection pool (PID 11189)
[2025-06-25T18:22:45.320+0000] {logging_mixin.py:188} INFO - [2025-06-25T18:22:45.320+0000] {settings.py:330} DEBUG - settings.prepare_engine_args(): Using pool settings. pool_size=5, max_overflow=10, pool_recycle=1800, pid=11189
[2025-06-25T18:22:45.334+0000] {processor.py:161} INFO - Started process (PID=11189) to work on /opt/airflow/dags/train_dag.py
[2025-06-25T18:22:45.336+0000] {processor.py:830} INFO - Processing file /opt/airflow/dags/train_dag.py for tasks to queue
[2025-06-25T18:22:45.338+0000] {logging_mixin.py:188} INFO - [2025-06-25T18:22:45.337+0000] {dagbag.py:545} INFO - Filling up the DagBag from /opt/airflow/dags/train_dag.py
[2025-06-25T18:22:45.357+0000] {logging_mixin.py:188} INFO - [2025-06-25T18:22:45.356+0000] {dagbag.py:337} DEBUG - Importing /opt/airflow/dags/train_dag.py
[2025-06-25T18:22:45.366+0000] {processor.py:842} WARNING - No viable dags retrieved from /opt/airflow/dags/train_dag.py
[2025-06-25T18:22:45.401+0000] {processor.py:183} INFO - Processing /opt/airflow/dags/train_dag.py took 0.085 seconds
[2025-06-25T18:23:15.537+0000] {logging_mixin.py:188} INFO - [2025-06-25T18:23:15.535+0000] {settings.py:250} DEBUG - Setting up DB connection pool (PID 11251)
[2025-06-25T18:23:15.538+0000] {logging_mixin.py:188} INFO - [2025-06-25T18:23:15.538+0000] {settings.py:330} DEBUG - settings.prepare_engine_args(): Using pool settings. pool_size=5, max_overflow=10, pool_recycle=1800, pid=11251
[2025-06-25T18:23:15.548+0000] {processor.py:161} INFO - Started process (PID=11251) to work on /opt/airflow/dags/train_dag.py
[2025-06-25T18:23:15.550+0000] {processor.py:830} INFO - Processing file /opt/airflow/dags/train_dag.py for tasks to queue
[2025-06-25T18:23:15.552+0000] {logging_mixin.py:188} INFO - [2025-06-25T18:23:15.551+0000] {dagbag.py:545} INFO - Filling up the DagBag from /opt/airflow/dags/train_dag.py
[2025-06-25T18:23:15.573+0000] {logging_mixin.py:188} INFO - [2025-06-25T18:23:15.573+0000] {dagbag.py:337} DEBUG - Importing /opt/airflow/dags/train_dag.py
[2025-06-25T18:23:15.585+0000] {processor.py:842} WARNING - No viable dags retrieved from /opt/airflow/dags/train_dag.py
[2025-06-25T18:23:15.609+0000] {processor.py:183} INFO - Processing /opt/airflow/dags/train_dag.py took 0.074 seconds
[2025-06-25T18:23:45.936+0000] {logging_mixin.py:188} INFO - [2025-06-25T18:23:45.934+0000] {settings.py:250} DEBUG - Setting up DB connection pool (PID 11313)
[2025-06-25T18:23:45.939+0000] {logging_mixin.py:188} INFO - [2025-06-25T18:23:45.938+0000] {settings.py:330} DEBUG - settings.prepare_engine_args(): Using pool settings. pool_size=5, max_overflow=10, pool_recycle=1800, pid=11313
[2025-06-25T18:23:45.953+0000] {processor.py:161} INFO - Started process (PID=11313) to work on /opt/airflow/dags/train_dag.py
[2025-06-25T18:23:45.955+0000] {processor.py:830} INFO - Processing file /opt/airflow/dags/train_dag.py for tasks to queue
[2025-06-25T18:23:45.957+0000] {logging_mixin.py:188} INFO - [2025-06-25T18:23:45.957+0000] {dagbag.py:545} INFO - Filling up the DagBag from /opt/airflow/dags/train_dag.py
[2025-06-25T18:23:45.976+0000] {logging_mixin.py:188} INFO - [2025-06-25T18:23:45.976+0000] {dagbag.py:337} DEBUG - Importing /opt/airflow/dags/train_dag.py
[2025-06-25T18:23:45.987+0000] {processor.py:842} WARNING - No viable dags retrieved from /opt/airflow/dags/train_dag.py
[2025-06-25T18:23:46.017+0000] {processor.py:183} INFO - Processing /opt/airflow/dags/train_dag.py took 0.083 seconds
[2025-06-25T18:24:16.471+0000] {logging_mixin.py:188} INFO - [2025-06-25T18:24:16.470+0000] {settings.py:250} DEBUG - Setting up DB connection pool (PID 11372)
[2025-06-25T18:24:16.473+0000] {logging_mixin.py:188} INFO - [2025-06-25T18:24:16.473+0000] {settings.py:330} DEBUG - settings.prepare_engine_args(): Using pool settings. pool_size=5, max_overflow=10, pool_recycle=1800, pid=11372
[2025-06-25T18:24:16.484+0000] {processor.py:161} INFO - Started process (PID=11372) to work on /opt/airflow/dags/train_dag.py
[2025-06-25T18:24:16.485+0000] {processor.py:830} INFO - Processing file /opt/airflow/dags/train_dag.py for tasks to queue
[2025-06-25T18:24:16.487+0000] {logging_mixin.py:188} INFO - [2025-06-25T18:24:16.486+0000] {dagbag.py:545} INFO - Filling up the DagBag from /opt/airflow/dags/train_dag.py
[2025-06-25T18:24:16.505+0000] {logging_mixin.py:188} INFO - [2025-06-25T18:24:16.505+0000] {dagbag.py:337} DEBUG - Importing /opt/airflow/dags/train_dag.py
[2025-06-25T18:24:16.515+0000] {processor.py:842} WARNING - No viable dags retrieved from /opt/airflow/dags/train_dag.py
[2025-06-25T18:24:16.547+0000] {processor.py:183} INFO - Processing /opt/airflow/dags/train_dag.py took 0.078 seconds
[2025-06-25T18:24:47.105+0000] {logging_mixin.py:188} INFO - [2025-06-25T18:24:47.103+0000] {settings.py:250} DEBUG - Setting up DB connection pool (PID 11434)
[2025-06-25T18:24:47.108+0000] {logging_mixin.py:188} INFO - [2025-06-25T18:24:47.107+0000] {settings.py:330} DEBUG - settings.prepare_engine_args(): Using pool settings. pool_size=5, max_overflow=10, pool_recycle=1800, pid=11434
[2025-06-25T18:24:47.125+0000] {processor.py:161} INFO - Started process (PID=11434) to work on /opt/airflow/dags/train_dag.py
[2025-06-25T18:24:47.126+0000] {processor.py:830} INFO - Processing file /opt/airflow/dags/train_dag.py for tasks to queue
[2025-06-25T18:24:47.128+0000] {logging_mixin.py:188} INFO - [2025-06-25T18:24:47.128+0000] {dagbag.py:545} INFO - Filling up the DagBag from /opt/airflow/dags/train_dag.py
[2025-06-25T18:24:47.149+0000] {logging_mixin.py:188} INFO - [2025-06-25T18:24:47.149+0000] {dagbag.py:337} DEBUG - Importing /opt/airflow/dags/train_dag.py
[2025-06-25T18:24:47.160+0000] {processor.py:842} WARNING - No viable dags retrieved from /opt/airflow/dags/train_dag.py
[2025-06-25T18:24:47.200+0000] {processor.py:183} INFO - Processing /opt/airflow/dags/train_dag.py took 0.097 seconds
[2025-06-25T18:25:17.406+0000] {logging_mixin.py:188} INFO - [2025-06-25T18:25:17.404+0000] {settings.py:250} DEBUG - Setting up DB connection pool (PID 11496)
[2025-06-25T18:25:17.408+0000] {logging_mixin.py:188} INFO - [2025-06-25T18:25:17.408+0000] {settings.py:330} DEBUG - settings.prepare_engine_args(): Using pool settings. pool_size=5, max_overflow=10, pool_recycle=1800, pid=11496
[2025-06-25T18:25:17.421+0000] {processor.py:161} INFO - Started process (PID=11496) to work on /opt/airflow/dags/train_dag.py
[2025-06-25T18:25:17.423+0000] {processor.py:830} INFO - Processing file /opt/airflow/dags/train_dag.py for tasks to queue
[2025-06-25T18:25:17.425+0000] {logging_mixin.py:188} INFO - [2025-06-25T18:25:17.424+0000] {dagbag.py:545} INFO - Filling up the DagBag from /opt/airflow/dags/train_dag.py
[2025-06-25T18:25:17.444+0000] {logging_mixin.py:188} INFO - [2025-06-25T18:25:17.443+0000] {dagbag.py:337} DEBUG - Importing /opt/airflow/dags/train_dag.py
[2025-06-25T18:25:17.455+0000] {processor.py:842} WARNING - No viable dags retrieved from /opt/airflow/dags/train_dag.py
[2025-06-25T18:25:17.489+0000] {processor.py:183} INFO - Processing /opt/airflow/dags/train_dag.py took 0.085 seconds
[2025-06-25T18:25:47.837+0000] {logging_mixin.py:188} INFO - [2025-06-25T18:25:47.835+0000] {settings.py:250} DEBUG - Setting up DB connection pool (PID 11558)
[2025-06-25T18:25:47.839+0000] {logging_mixin.py:188} INFO - [2025-06-25T18:25:47.839+0000] {settings.py:330} DEBUG - settings.prepare_engine_args(): Using pool settings. pool_size=5, max_overflow=10, pool_recycle=1800, pid=11558
[2025-06-25T18:25:47.853+0000] {processor.py:161} INFO - Started process (PID=11558) to work on /opt/airflow/dags/train_dag.py
[2025-06-25T18:25:47.854+0000] {processor.py:830} INFO - Processing file /opt/airflow/dags/train_dag.py for tasks to queue
[2025-06-25T18:25:47.856+0000] {logging_mixin.py:188} INFO - [2025-06-25T18:25:47.855+0000] {dagbag.py:545} INFO - Filling up the DagBag from /opt/airflow/dags/train_dag.py
[2025-06-25T18:25:47.875+0000] {logging_mixin.py:188} INFO - [2025-06-25T18:25:47.875+0000] {dagbag.py:337} DEBUG - Importing /opt/airflow/dags/train_dag.py
[2025-06-25T18:25:47.886+0000] {processor.py:842} WARNING - No viable dags retrieved from /opt/airflow/dags/train_dag.py
[2025-06-25T18:25:47.922+0000] {processor.py:183} INFO - Processing /opt/airflow/dags/train_dag.py took 0.087 seconds
[2025-06-25T18:26:18.538+0000] {logging_mixin.py:188} INFO - [2025-06-25T18:26:18.536+0000] {settings.py:250} DEBUG - Setting up DB connection pool (PID 11620)
[2025-06-25T18:26:18.539+0000] {logging_mixin.py:188} INFO - [2025-06-25T18:26:18.539+0000] {settings.py:330} DEBUG - settings.prepare_engine_args(): Using pool settings. pool_size=5, max_overflow=10, pool_recycle=1800, pid=11620
[2025-06-25T18:26:18.553+0000] {processor.py:161} INFO - Started process (PID=11620) to work on /opt/airflow/dags/train_dag.py
[2025-06-25T18:26:18.554+0000] {processor.py:830} INFO - Processing file /opt/airflow/dags/train_dag.py for tasks to queue
[2025-06-25T18:26:18.556+0000] {logging_mixin.py:188} INFO - [2025-06-25T18:26:18.555+0000] {dagbag.py:545} INFO - Filling up the DagBag from /opt/airflow/dags/train_dag.py
[2025-06-25T18:26:18.574+0000] {logging_mixin.py:188} INFO - [2025-06-25T18:26:18.573+0000] {dagbag.py:337} DEBUG - Importing /opt/airflow/dags/train_dag.py
[2025-06-25T18:26:18.584+0000] {processor.py:842} WARNING - No viable dags retrieved from /opt/airflow/dags/train_dag.py
[2025-06-25T18:26:18.616+0000] {processor.py:183} INFO - Processing /opt/airflow/dags/train_dag.py took 0.080 seconds
[2025-06-25T18:26:48.717+0000] {logging_mixin.py:188} INFO - [2025-06-25T18:26:48.714+0000] {settings.py:250} DEBUG - Setting up DB connection pool (PID 11682)
[2025-06-25T18:26:48.719+0000] {logging_mixin.py:188} INFO - [2025-06-25T18:26:48.719+0000] {settings.py:330} DEBUG - settings.prepare_engine_args(): Using pool settings. pool_size=5, max_overflow=10, pool_recycle=1800, pid=11682
[2025-06-25T18:26:48.731+0000] {processor.py:161} INFO - Started process (PID=11682) to work on /opt/airflow/dags/train_dag.py
[2025-06-25T18:26:48.732+0000] {processor.py:830} INFO - Processing file /opt/airflow/dags/train_dag.py for tasks to queue
[2025-06-25T18:26:48.734+0000] {logging_mixin.py:188} INFO - [2025-06-25T18:26:48.733+0000] {dagbag.py:545} INFO - Filling up the DagBag from /opt/airflow/dags/train_dag.py
[2025-06-25T18:26:48.755+0000] {logging_mixin.py:188} INFO - [2025-06-25T18:26:48.755+0000] {dagbag.py:337} DEBUG - Importing /opt/airflow/dags/train_dag.py
[2025-06-25T18:26:48.766+0000] {processor.py:842} WARNING - No viable dags retrieved from /opt/airflow/dags/train_dag.py
[2025-06-25T18:26:48.795+0000] {processor.py:183} INFO - Processing /opt/airflow/dags/train_dag.py took 0.081 seconds
[2025-06-25T18:27:18.953+0000] {logging_mixin.py:188} INFO - [2025-06-25T18:27:18.952+0000] {settings.py:250} DEBUG - Setting up DB connection pool (PID 11737)
[2025-06-25T18:27:18.955+0000] {logging_mixin.py:188} INFO - [2025-06-25T18:27:18.955+0000] {settings.py:330} DEBUG - settings.prepare_engine_args(): Using pool settings. pool_size=5, max_overflow=10, pool_recycle=1800, pid=11737
[2025-06-25T18:27:18.973+0000] {processor.py:161} INFO - Started process (PID=11737) to work on /opt/airflow/dags/train_dag.py
[2025-06-25T18:27:18.974+0000] {processor.py:830} INFO - Processing file /opt/airflow/dags/train_dag.py for tasks to queue
[2025-06-25T18:27:18.976+0000] {logging_mixin.py:188} INFO - [2025-06-25T18:27:18.976+0000] {dagbag.py:545} INFO - Filling up the DagBag from /opt/airflow/dags/train_dag.py
[2025-06-25T18:27:18.994+0000] {logging_mixin.py:188} INFO - [2025-06-25T18:27:18.993+0000] {dagbag.py:337} DEBUG - Importing /opt/airflow/dags/train_dag.py
[2025-06-25T18:27:19.003+0000] {processor.py:842} WARNING - No viable dags retrieved from /opt/airflow/dags/train_dag.py
[2025-06-25T18:27:19.032+0000] {processor.py:183} INFO - Processing /opt/airflow/dags/train_dag.py took 0.081 seconds
[2025-06-25T18:27:49.853+0000] {logging_mixin.py:188} INFO - [2025-06-25T18:27:49.851+0000] {settings.py:250} DEBUG - Setting up DB connection pool (PID 11798)
[2025-06-25T18:27:49.856+0000] {logging_mixin.py:188} INFO - [2025-06-25T18:27:49.855+0000] {settings.py:330} DEBUG - settings.prepare_engine_args(): Using pool settings. pool_size=5, max_overflow=10, pool_recycle=1800, pid=11798
[2025-06-25T18:27:49.870+0000] {processor.py:161} INFO - Started process (PID=11798) to work on /opt/airflow/dags/train_dag.py
[2025-06-25T18:27:49.871+0000] {processor.py:830} INFO - Processing file /opt/airflow/dags/train_dag.py for tasks to queue
[2025-06-25T18:27:49.873+0000] {logging_mixin.py:188} INFO - [2025-06-25T18:27:49.872+0000] {dagbag.py:545} INFO - Filling up the DagBag from /opt/airflow/dags/train_dag.py
[2025-06-25T18:27:49.891+0000] {logging_mixin.py:188} INFO - [2025-06-25T18:27:49.890+0000] {dagbag.py:337} DEBUG - Importing /opt/airflow/dags/train_dag.py
[2025-06-25T18:27:49.901+0000] {processor.py:842} WARNING - No viable dags retrieved from /opt/airflow/dags/train_dag.py
[2025-06-25T18:27:49.925+0000] {processor.py:183} INFO - Processing /opt/airflow/dags/train_dag.py took 0.073 seconds
[2025-06-25T18:28:20.639+0000] {logging_mixin.py:188} INFO - [2025-06-25T18:28:20.637+0000] {settings.py:250} DEBUG - Setting up DB connection pool (PID 11860)
[2025-06-25T18:28:20.641+0000] {logging_mixin.py:188} INFO - [2025-06-25T18:28:20.641+0000] {settings.py:330} DEBUG - settings.prepare_engine_args(): Using pool settings. pool_size=5, max_overflow=10, pool_recycle=1800, pid=11860
[2025-06-25T18:28:20.656+0000] {processor.py:161} INFO - Started process (PID=11860) to work on /opt/airflow/dags/train_dag.py
[2025-06-25T18:28:20.658+0000] {processor.py:830} INFO - Processing file /opt/airflow/dags/train_dag.py for tasks to queue
[2025-06-25T18:28:20.660+0000] {logging_mixin.py:188} INFO - [2025-06-25T18:28:20.659+0000] {dagbag.py:545} INFO - Filling up the DagBag from /opt/airflow/dags/train_dag.py
[2025-06-25T18:28:20.676+0000] {logging_mixin.py:188} INFO - [2025-06-25T18:28:20.676+0000] {dagbag.py:337} DEBUG - Importing /opt/airflow/dags/train_dag.py
[2025-06-25T18:28:20.685+0000] {processor.py:842} WARNING - No viable dags retrieved from /opt/airflow/dags/train_dag.py
[2025-06-25T18:28:20.709+0000] {processor.py:183} INFO - Processing /opt/airflow/dags/train_dag.py took 0.072 seconds
[2025-06-25T18:28:51.611+0000] {logging_mixin.py:188} INFO - [2025-06-25T18:28:51.610+0000] {settings.py:250} DEBUG - Setting up DB connection pool (PID 11923)
[2025-06-25T18:28:51.613+0000] {logging_mixin.py:188} INFO - [2025-06-25T18:28:51.613+0000] {settings.py:330} DEBUG - settings.prepare_engine_args(): Using pool settings. pool_size=5, max_overflow=10, pool_recycle=1800, pid=11923
[2025-06-25T18:28:51.629+0000] {processor.py:161} INFO - Started process (PID=11923) to work on /opt/airflow/dags/train_dag.py
[2025-06-25T18:28:51.630+0000] {processor.py:830} INFO - Processing file /opt/airflow/dags/train_dag.py for tasks to queue
[2025-06-25T18:28:51.632+0000] {logging_mixin.py:188} INFO - [2025-06-25T18:28:51.632+0000] {dagbag.py:545} INFO - Filling up the DagBag from /opt/airflow/dags/train_dag.py
[2025-06-25T18:28:51.651+0000] {logging_mixin.py:188} INFO - [2025-06-25T18:28:51.651+0000] {dagbag.py:337} DEBUG - Importing /opt/airflow/dags/train_dag.py
[2025-06-25T18:28:51.660+0000] {processor.py:842} WARNING - No viable dags retrieved from /opt/airflow/dags/train_dag.py
[2025-06-25T18:28:51.689+0000] {processor.py:183} INFO - Processing /opt/airflow/dags/train_dag.py took 0.079 seconds
[2025-06-25T18:29:22.037+0000] {logging_mixin.py:188} INFO - [2025-06-25T18:29:22.035+0000] {settings.py:250} DEBUG - Setting up DB connection pool (PID 11985)
[2025-06-25T18:29:22.039+0000] {logging_mixin.py:188} INFO - [2025-06-25T18:29:22.039+0000] {settings.py:330} DEBUG - settings.prepare_engine_args(): Using pool settings. pool_size=5, max_overflow=10, pool_recycle=1800, pid=11985
[2025-06-25T18:29:22.052+0000] {processor.py:161} INFO - Started process (PID=11985) to work on /opt/airflow/dags/train_dag.py
[2025-06-25T18:29:22.053+0000] {processor.py:830} INFO - Processing file /opt/airflow/dags/train_dag.py for tasks to queue
[2025-06-25T18:29:22.055+0000] {logging_mixin.py:188} INFO - [2025-06-25T18:29:22.055+0000] {dagbag.py:545} INFO - Filling up the DagBag from /opt/airflow/dags/train_dag.py
[2025-06-25T18:29:22.072+0000] {logging_mixin.py:188} INFO - [2025-06-25T18:29:22.072+0000] {dagbag.py:337} DEBUG - Importing /opt/airflow/dags/train_dag.py
[2025-06-25T18:29:22.081+0000] {processor.py:842} WARNING - No viable dags retrieved from /opt/airflow/dags/train_dag.py
[2025-06-25T18:29:22.108+0000] {processor.py:183} INFO - Processing /opt/airflow/dags/train_dag.py took 0.073 seconds
[2025-06-25T18:29:52.917+0000] {logging_mixin.py:188} INFO - [2025-06-25T18:29:52.916+0000] {settings.py:250} DEBUG - Setting up DB connection pool (PID 12047)
[2025-06-25T18:29:52.919+0000] {logging_mixin.py:188} INFO - [2025-06-25T18:29:52.919+0000] {settings.py:330} DEBUG - settings.prepare_engine_args(): Using pool settings. pool_size=5, max_overflow=10, pool_recycle=1800, pid=12047
[2025-06-25T18:29:52.932+0000] {processor.py:161} INFO - Started process (PID=12047) to work on /opt/airflow/dags/train_dag.py
[2025-06-25T18:29:52.933+0000] {processor.py:830} INFO - Processing file /opt/airflow/dags/train_dag.py for tasks to queue
[2025-06-25T18:29:52.935+0000] {logging_mixin.py:188} INFO - [2025-06-25T18:29:52.935+0000] {dagbag.py:545} INFO - Filling up the DagBag from /opt/airflow/dags/train_dag.py
[2025-06-25T18:29:52.953+0000] {logging_mixin.py:188} INFO - [2025-06-25T18:29:52.953+0000] {dagbag.py:337} DEBUG - Importing /opt/airflow/dags/train_dag.py
[2025-06-25T18:29:52.963+0000] {processor.py:842} WARNING - No viable dags retrieved from /opt/airflow/dags/train_dag.py
[2025-06-25T18:29:52.986+0000] {processor.py:183} INFO - Processing /opt/airflow/dags/train_dag.py took 0.071 seconds
[2025-06-25T18:30:23.904+0000] {logging_mixin.py:188} INFO - [2025-06-25T18:30:23.902+0000] {settings.py:250} DEBUG - Setting up DB connection pool (PID 12109)
[2025-06-25T18:30:23.906+0000] {logging_mixin.py:188} INFO - [2025-06-25T18:30:23.905+0000] {settings.py:330} DEBUG - settings.prepare_engine_args(): Using pool settings. pool_size=5, max_overflow=10, pool_recycle=1800, pid=12109
[2025-06-25T18:30:23.920+0000] {processor.py:161} INFO - Started process (PID=12109) to work on /opt/airflow/dags/train_dag.py
[2025-06-25T18:30:23.922+0000] {processor.py:830} INFO - Processing file /opt/airflow/dags/train_dag.py for tasks to queue
[2025-06-25T18:30:23.923+0000] {logging_mixin.py:188} INFO - [2025-06-25T18:30:23.923+0000] {dagbag.py:545} INFO - Filling up the DagBag from /opt/airflow/dags/train_dag.py
[2025-06-25T18:30:23.943+0000] {logging_mixin.py:188} INFO - [2025-06-25T18:30:23.943+0000] {dagbag.py:337} DEBUG - Importing /opt/airflow/dags/train_dag.py
[2025-06-25T18:30:23.953+0000] {processor.py:842} WARNING - No viable dags retrieved from /opt/airflow/dags/train_dag.py
[2025-06-25T18:30:23.983+0000] {processor.py:183} INFO - Processing /opt/airflow/dags/train_dag.py took 0.081 seconds
[2025-06-25T18:30:54.523+0000] {logging_mixin.py:188} INFO - [2025-06-25T18:30:54.522+0000] {settings.py:250} DEBUG - Setting up DB connection pool (PID 12171)
[2025-06-25T18:30:54.529+0000] {logging_mixin.py:188} INFO - [2025-06-25T18:30:54.528+0000] {settings.py:330} DEBUG - settings.prepare_engine_args(): Using pool settings. pool_size=5, max_overflow=10, pool_recycle=1800, pid=12171
[2025-06-25T18:30:54.543+0000] {processor.py:161} INFO - Started process (PID=12171) to work on /opt/airflow/dags/train_dag.py
[2025-06-25T18:30:54.545+0000] {processor.py:830} INFO - Processing file /opt/airflow/dags/train_dag.py for tasks to queue
[2025-06-25T18:30:54.546+0000] {logging_mixin.py:188} INFO - [2025-06-25T18:30:54.546+0000] {dagbag.py:545} INFO - Filling up the DagBag from /opt/airflow/dags/train_dag.py
[2025-06-25T18:30:54.570+0000] {logging_mixin.py:188} INFO - [2025-06-25T18:30:54.570+0000] {dagbag.py:337} DEBUG - Importing /opt/airflow/dags/train_dag.py
[2025-06-25T18:30:54.580+0000] {processor.py:842} WARNING - No viable dags retrieved from /opt/airflow/dags/train_dag.py
[2025-06-25T18:30:54.608+0000] {processor.py:183} INFO - Processing /opt/airflow/dags/train_dag.py took 0.087 seconds
[2025-06-25T18:31:25.165+0000] {logging_mixin.py:188} INFO - [2025-06-25T18:31:25.164+0000] {settings.py:250} DEBUG - Setting up DB connection pool (PID 12234)
[2025-06-25T18:31:25.167+0000] {logging_mixin.py:188} INFO - [2025-06-25T18:31:25.167+0000] {settings.py:330} DEBUG - settings.prepare_engine_args(): Using pool settings. pool_size=5, max_overflow=10, pool_recycle=1800, pid=12234
[2025-06-25T18:31:25.179+0000] {processor.py:161} INFO - Started process (PID=12234) to work on /opt/airflow/dags/train_dag.py
[2025-06-25T18:31:25.180+0000] {processor.py:830} INFO - Processing file /opt/airflow/dags/train_dag.py for tasks to queue
[2025-06-25T18:31:25.183+0000] {logging_mixin.py:188} INFO - [2025-06-25T18:31:25.181+0000] {dagbag.py:545} INFO - Filling up the DagBag from /opt/airflow/dags/train_dag.py
[2025-06-25T18:31:25.201+0000] {logging_mixin.py:188} INFO - [2025-06-25T18:31:25.200+0000] {dagbag.py:337} DEBUG - Importing /opt/airflow/dags/train_dag.py
[2025-06-25T18:31:25.211+0000] {processor.py:842} WARNING - No viable dags retrieved from /opt/airflow/dags/train_dag.py
[2025-06-25T18:31:25.241+0000] {processor.py:183} INFO - Processing /opt/airflow/dags/train_dag.py took 0.077 seconds
[2025-06-25T18:31:55.685+0000] {logging_mixin.py:188} INFO - [2025-06-25T18:31:55.684+0000] {settings.py:250} DEBUG - Setting up DB connection pool (PID 12297)
[2025-06-25T18:31:55.687+0000] {logging_mixin.py:188} INFO - [2025-06-25T18:31:55.687+0000] {settings.py:330} DEBUG - settings.prepare_engine_args(): Using pool settings. pool_size=5, max_overflow=10, pool_recycle=1800, pid=12297
[2025-06-25T18:31:55.698+0000] {processor.py:161} INFO - Started process (PID=12297) to work on /opt/airflow/dags/train_dag.py
[2025-06-25T18:31:55.699+0000] {processor.py:830} INFO - Processing file /opt/airflow/dags/train_dag.py for tasks to queue
[2025-06-25T18:31:55.701+0000] {logging_mixin.py:188} INFO - [2025-06-25T18:31:55.700+0000] {dagbag.py:545} INFO - Filling up the DagBag from /opt/airflow/dags/train_dag.py
[2025-06-25T18:31:55.722+0000] {logging_mixin.py:188} INFO - [2025-06-25T18:31:55.721+0000] {dagbag.py:337} DEBUG - Importing /opt/airflow/dags/train_dag.py
[2025-06-25T18:31:55.734+0000] {processor.py:842} WARNING - No viable dags retrieved from /opt/airflow/dags/train_dag.py
[2025-06-25T18:31:55.768+0000] {processor.py:183} INFO - Processing /opt/airflow/dags/train_dag.py took 0.085 seconds
[2025-06-25T18:32:26.191+0000] {logging_mixin.py:188} INFO - [2025-06-25T18:32:26.189+0000] {settings.py:250} DEBUG - Setting up DB connection pool (PID 12360)
[2025-06-25T18:32:26.193+0000] {logging_mixin.py:188} INFO - [2025-06-25T18:32:26.193+0000] {settings.py:330} DEBUG - settings.prepare_engine_args(): Using pool settings. pool_size=5, max_overflow=10, pool_recycle=1800, pid=12360
[2025-06-25T18:32:26.212+0000] {processor.py:161} INFO - Started process (PID=12360) to work on /opt/airflow/dags/train_dag.py
[2025-06-25T18:32:26.214+0000] {processor.py:830} INFO - Processing file /opt/airflow/dags/train_dag.py for tasks to queue
[2025-06-25T18:32:26.216+0000] {logging_mixin.py:188} INFO - [2025-06-25T18:32:26.215+0000] {dagbag.py:545} INFO - Filling up the DagBag from /opt/airflow/dags/train_dag.py
[2025-06-25T18:32:26.234+0000] {logging_mixin.py:188} INFO - [2025-06-25T18:32:26.234+0000] {dagbag.py:337} DEBUG - Importing /opt/airflow/dags/train_dag.py
[2025-06-25T18:32:26.245+0000] {processor.py:842} WARNING - No viable dags retrieved from /opt/airflow/dags/train_dag.py
[2025-06-25T18:32:26.284+0000] {processor.py:183} INFO - Processing /opt/airflow/dags/train_dag.py took 0.095 seconds
[2025-06-25T18:32:56.551+0000] {logging_mixin.py:188} INFO - [2025-06-25T18:32:56.549+0000] {settings.py:250} DEBUG - Setting up DB connection pool (PID 12420)
[2025-06-25T18:32:56.554+0000] {logging_mixin.py:188} INFO - [2025-06-25T18:32:56.554+0000] {settings.py:330} DEBUG - settings.prepare_engine_args(): Using pool settings. pool_size=5, max_overflow=10, pool_recycle=1800, pid=12420
[2025-06-25T18:32:56.571+0000] {processor.py:161} INFO - Started process (PID=12420) to work on /opt/airflow/dags/train_dag.py
[2025-06-25T18:32:56.573+0000] {processor.py:830} INFO - Processing file /opt/airflow/dags/train_dag.py for tasks to queue
[2025-06-25T18:32:56.574+0000] {logging_mixin.py:188} INFO - [2025-06-25T18:32:56.574+0000] {dagbag.py:545} INFO - Filling up the DagBag from /opt/airflow/dags/train_dag.py
[2025-06-25T18:32:56.602+0000] {logging_mixin.py:188} INFO - [2025-06-25T18:32:56.602+0000] {dagbag.py:337} DEBUG - Importing /opt/airflow/dags/train_dag.py
[2025-06-25T18:32:56.618+0000] {processor.py:842} WARNING - No viable dags retrieved from /opt/airflow/dags/train_dag.py
[2025-06-25T18:32:56.656+0000] {processor.py:183} INFO - Processing /opt/airflow/dags/train_dag.py took 0.107 seconds
[2025-06-25T18:33:26.844+0000] {logging_mixin.py:188} INFO - [2025-06-25T18:33:26.842+0000] {settings.py:250} DEBUG - Setting up DB connection pool (PID 12482)
[2025-06-25T18:33:26.845+0000] {logging_mixin.py:188} INFO - [2025-06-25T18:33:26.845+0000] {settings.py:330} DEBUG - settings.prepare_engine_args(): Using pool settings. pool_size=5, max_overflow=10, pool_recycle=1800, pid=12482
[2025-06-25T18:33:26.855+0000] {processor.py:161} INFO - Started process (PID=12482) to work on /opt/airflow/dags/train_dag.py
[2025-06-25T18:33:26.856+0000] {processor.py:830} INFO - Processing file /opt/airflow/dags/train_dag.py for tasks to queue
[2025-06-25T18:33:26.857+0000] {logging_mixin.py:188} INFO - [2025-06-25T18:33:26.856+0000] {dagbag.py:545} INFO - Filling up the DagBag from /opt/airflow/dags/train_dag.py
[2025-06-25T18:33:26.872+0000] {logging_mixin.py:188} INFO - [2025-06-25T18:33:26.871+0000] {dagbag.py:337} DEBUG - Importing /opt/airflow/dags/train_dag.py
[2025-06-25T18:33:26.880+0000] {processor.py:842} WARNING - No viable dags retrieved from /opt/airflow/dags/train_dag.py
[2025-06-25T18:33:26.916+0000] {processor.py:183} INFO - Processing /opt/airflow/dags/train_dag.py took 0.073 seconds
[2025-06-25T18:35:46.413+0000] {logging_mixin.py:188} INFO - [2025-06-25T18:35:46.412+0000] {settings.py:250} DEBUG - Setting up DB connection pool (PID 50)
[2025-06-25T18:35:46.417+0000] {logging_mixin.py:188} INFO - [2025-06-25T18:35:46.416+0000] {settings.py:330} DEBUG - settings.prepare_engine_args(): Using pool settings. pool_size=5, max_overflow=10, pool_recycle=1800, pid=50
[2025-06-25T18:35:46.434+0000] {processor.py:161} INFO - Started process (PID=50) to work on /opt/airflow/dags/train_dag.py
[2025-06-25T18:35:46.435+0000] {processor.py:830} INFO - Processing file /opt/airflow/dags/train_dag.py for tasks to queue
[2025-06-25T18:35:46.436+0000] {logging_mixin.py:188} INFO - [2025-06-25T18:35:46.436+0000] {dagbag.py:545} INFO - Filling up the DagBag from /opt/airflow/dags/train_dag.py
[2025-06-25T18:35:46.458+0000] {logging_mixin.py:188} INFO - [2025-06-25T18:35:46.457+0000] {dagbag.py:337} DEBUG - Importing /opt/airflow/dags/train_dag.py
[2025-06-25T18:35:46.468+0000] {processor.py:842} WARNING - No viable dags retrieved from /opt/airflow/dags/train_dag.py
[2025-06-25T18:35:46.503+0000] {processor.py:183} INFO - Processing /opt/airflow/dags/train_dag.py took 0.091 seconds
[2025-06-25T18:36:17.069+0000] {logging_mixin.py:188} INFO - [2025-06-25T18:36:17.067+0000] {settings.py:250} DEBUG - Setting up DB connection pool (PID 115)
[2025-06-25T18:36:17.071+0000] {logging_mixin.py:188} INFO - [2025-06-25T18:36:17.071+0000] {settings.py:330} DEBUG - settings.prepare_engine_args(): Using pool settings. pool_size=5, max_overflow=10, pool_recycle=1800, pid=115
[2025-06-25T18:36:17.084+0000] {processor.py:161} INFO - Started process (PID=115) to work on /opt/airflow/dags/train_dag.py
[2025-06-25T18:36:17.086+0000] {processor.py:830} INFO - Processing file /opt/airflow/dags/train_dag.py for tasks to queue
[2025-06-25T18:36:17.087+0000] {logging_mixin.py:188} INFO - [2025-06-25T18:36:17.087+0000] {dagbag.py:545} INFO - Filling up the DagBag from /opt/airflow/dags/train_dag.py
[2025-06-25T18:36:17.106+0000] {logging_mixin.py:188} INFO - [2025-06-25T18:36:17.106+0000] {dagbag.py:337} DEBUG - Importing /opt/airflow/dags/train_dag.py
[2025-06-25T18:36:17.117+0000] {processor.py:842} WARNING - No viable dags retrieved from /opt/airflow/dags/train_dag.py
[2025-06-25T18:36:17.152+0000] {processor.py:183} INFO - Processing /opt/airflow/dags/train_dag.py took 0.085 seconds
[2025-06-25T18:36:47.470+0000] {logging_mixin.py:188} INFO - [2025-06-25T18:36:47.468+0000] {settings.py:250} DEBUG - Setting up DB connection pool (PID 177)
[2025-06-25T18:36:47.472+0000] {logging_mixin.py:188} INFO - [2025-06-25T18:36:47.472+0000] {settings.py:330} DEBUG - settings.prepare_engine_args(): Using pool settings. pool_size=5, max_overflow=10, pool_recycle=1800, pid=177
[2025-06-25T18:36:47.490+0000] {processor.py:161} INFO - Started process (PID=177) to work on /opt/airflow/dags/train_dag.py
[2025-06-25T18:36:47.492+0000] {processor.py:830} INFO - Processing file /opt/airflow/dags/train_dag.py for tasks to queue
[2025-06-25T18:36:47.494+0000] {logging_mixin.py:188} INFO - [2025-06-25T18:36:47.493+0000] {dagbag.py:545} INFO - Filling up the DagBag from /opt/airflow/dags/train_dag.py
[2025-06-25T18:36:47.512+0000] {logging_mixin.py:188} INFO - [2025-06-25T18:36:47.512+0000] {dagbag.py:337} DEBUG - Importing /opt/airflow/dags/train_dag.py
[2025-06-25T18:36:47.525+0000] {processor.py:842} WARNING - No viable dags retrieved from /opt/airflow/dags/train_dag.py
[2025-06-25T18:36:47.569+0000] {processor.py:183} INFO - Processing /opt/airflow/dags/train_dag.py took 0.101 seconds
[2025-06-25T18:37:17.934+0000] {logging_mixin.py:188} INFO - [2025-06-25T18:37:17.933+0000] {settings.py:250} DEBUG - Setting up DB connection pool (PID 240)
[2025-06-25T18:37:17.936+0000] {logging_mixin.py:188} INFO - [2025-06-25T18:37:17.936+0000] {settings.py:330} DEBUG - settings.prepare_engine_args(): Using pool settings. pool_size=5, max_overflow=10, pool_recycle=1800, pid=240
[2025-06-25T18:37:17.948+0000] {processor.py:161} INFO - Started process (PID=240) to work on /opt/airflow/dags/train_dag.py
[2025-06-25T18:37:17.949+0000] {processor.py:830} INFO - Processing file /opt/airflow/dags/train_dag.py for tasks to queue
[2025-06-25T18:37:17.950+0000] {logging_mixin.py:188} INFO - [2025-06-25T18:37:17.950+0000] {dagbag.py:545} INFO - Filling up the DagBag from /opt/airflow/dags/train_dag.py
[2025-06-25T18:37:17.969+0000] {logging_mixin.py:188} INFO - [2025-06-25T18:37:17.968+0000] {dagbag.py:337} DEBUG - Importing /opt/airflow/dags/train_dag.py
[2025-06-25T18:37:17.979+0000] {processor.py:842} WARNING - No viable dags retrieved from /opt/airflow/dags/train_dag.py
[2025-06-25T18:37:18.016+0000] {processor.py:183} INFO - Processing /opt/airflow/dags/train_dag.py took 0.084 seconds
[2025-06-25T18:37:48.379+0000] {logging_mixin.py:188} INFO - [2025-06-25T18:37:48.377+0000] {settings.py:250} DEBUG - Setting up DB connection pool (PID 302)
[2025-06-25T18:37:48.381+0000] {logging_mixin.py:188} INFO - [2025-06-25T18:37:48.381+0000] {settings.py:330} DEBUG - settings.prepare_engine_args(): Using pool settings. pool_size=5, max_overflow=10, pool_recycle=1800, pid=302
[2025-06-25T18:37:48.396+0000] {processor.py:161} INFO - Started process (PID=302) to work on /opt/airflow/dags/train_dag.py
[2025-06-25T18:37:48.398+0000] {processor.py:830} INFO - Processing file /opt/airflow/dags/train_dag.py for tasks to queue
[2025-06-25T18:37:48.399+0000] {logging_mixin.py:188} INFO - [2025-06-25T18:37:48.399+0000] {dagbag.py:545} INFO - Filling up the DagBag from /opt/airflow/dags/train_dag.py
[2025-06-25T18:37:48.418+0000] {logging_mixin.py:188} INFO - [2025-06-25T18:37:48.418+0000] {dagbag.py:337} DEBUG - Importing /opt/airflow/dags/train_dag.py
[2025-06-25T18:37:48.429+0000] {processor.py:842} WARNING - No viable dags retrieved from /opt/airflow/dags/train_dag.py
[2025-06-25T18:37:48.460+0000] {processor.py:183} INFO - Processing /opt/airflow/dags/train_dag.py took 0.083 seconds
[2025-06-25T18:38:19.118+0000] {logging_mixin.py:188} INFO - [2025-06-25T18:38:19.116+0000] {settings.py:250} DEBUG - Setting up DB connection pool (PID 364)
[2025-06-25T18:38:19.120+0000] {logging_mixin.py:188} INFO - [2025-06-25T18:38:19.120+0000] {settings.py:330} DEBUG - settings.prepare_engine_args(): Using pool settings. pool_size=5, max_overflow=10, pool_recycle=1800, pid=364
[2025-06-25T18:38:19.135+0000] {processor.py:161} INFO - Started process (PID=364) to work on /opt/airflow/dags/train_dag.py
[2025-06-25T18:38:19.137+0000] {processor.py:830} INFO - Processing file /opt/airflow/dags/train_dag.py for tasks to queue
[2025-06-25T18:38:19.138+0000] {logging_mixin.py:188} INFO - [2025-06-25T18:38:19.138+0000] {dagbag.py:545} INFO - Filling up the DagBag from /opt/airflow/dags/train_dag.py
[2025-06-25T18:38:19.157+0000] {logging_mixin.py:188} INFO - [2025-06-25T18:38:19.156+0000] {dagbag.py:337} DEBUG - Importing /opt/airflow/dags/train_dag.py
[2025-06-25T18:38:19.167+0000] {processor.py:842} WARNING - No viable dags retrieved from /opt/airflow/dags/train_dag.py
[2025-06-25T18:38:19.200+0000] {processor.py:183} INFO - Processing /opt/airflow/dags/train_dag.py took 0.084 seconds
[2025-06-25T18:38:49.801+0000] {logging_mixin.py:188} INFO - [2025-06-25T18:38:49.799+0000] {settings.py:250} DEBUG - Setting up DB connection pool (PID 426)
[2025-06-25T18:38:49.803+0000] {logging_mixin.py:188} INFO - [2025-06-25T18:38:49.803+0000] {settings.py:330} DEBUG - settings.prepare_engine_args(): Using pool settings. pool_size=5, max_overflow=10, pool_recycle=1800, pid=426
[2025-06-25T18:38:49.814+0000] {processor.py:161} INFO - Started process (PID=426) to work on /opt/airflow/dags/train_dag.py
[2025-06-25T18:38:49.815+0000] {processor.py:830} INFO - Processing file /opt/airflow/dags/train_dag.py for tasks to queue
[2025-06-25T18:38:49.816+0000] {logging_mixin.py:188} INFO - [2025-06-25T18:38:49.816+0000] {dagbag.py:545} INFO - Filling up the DagBag from /opt/airflow/dags/train_dag.py
[2025-06-25T18:38:49.833+0000] {logging_mixin.py:188} INFO - [2025-06-25T18:38:49.833+0000] {dagbag.py:337} DEBUG - Importing /opt/airflow/dags/train_dag.py
[2025-06-25T18:38:49.843+0000] {processor.py:842} WARNING - No viable dags retrieved from /opt/airflow/dags/train_dag.py
[2025-06-25T18:38:49.868+0000] {processor.py:183} INFO - Processing /opt/airflow/dags/train_dag.py took 0.069 seconds
[2025-06-25T18:39:20.648+0000] {logging_mixin.py:188} INFO - [2025-06-25T18:39:20.647+0000] {settings.py:250} DEBUG - Setting up DB connection pool (PID 488)
[2025-06-25T18:39:20.652+0000] {logging_mixin.py:188} INFO - [2025-06-25T18:39:20.651+0000] {settings.py:330} DEBUG - settings.prepare_engine_args(): Using pool settings. pool_size=5, max_overflow=10, pool_recycle=1800, pid=488
[2025-06-25T18:39:20.675+0000] {processor.py:161} INFO - Started process (PID=488) to work on /opt/airflow/dags/train_dag.py
[2025-06-25T18:39:20.677+0000] {processor.py:830} INFO - Processing file /opt/airflow/dags/train_dag.py for tasks to queue
[2025-06-25T18:39:20.679+0000] {logging_mixin.py:188} INFO - [2025-06-25T18:39:20.678+0000] {dagbag.py:545} INFO - Filling up the DagBag from /opt/airflow/dags/train_dag.py
[2025-06-25T18:39:20.706+0000] {logging_mixin.py:188} INFO - [2025-06-25T18:39:20.706+0000] {dagbag.py:337} DEBUG - Importing /opt/airflow/dags/train_dag.py
[2025-06-25T18:39:20.721+0000] {processor.py:842} WARNING - No viable dags retrieved from /opt/airflow/dags/train_dag.py
[2025-06-25T18:39:20.757+0000] {processor.py:183} INFO - Processing /opt/airflow/dags/train_dag.py took 0.111 seconds
[2025-06-25T18:39:51.202+0000] {logging_mixin.py:188} INFO - [2025-06-25T18:39:51.201+0000] {settings.py:250} DEBUG - Setting up DB connection pool (PID 550)
[2025-06-25T18:39:51.204+0000] {logging_mixin.py:188} INFO - [2025-06-25T18:39:51.204+0000] {settings.py:330} DEBUG - settings.prepare_engine_args(): Using pool settings. pool_size=5, max_overflow=10, pool_recycle=1800, pid=550
[2025-06-25T18:39:51.216+0000] {processor.py:161} INFO - Started process (PID=550) to work on /opt/airflow/dags/train_dag.py
[2025-06-25T18:39:51.218+0000] {processor.py:830} INFO - Processing file /opt/airflow/dags/train_dag.py for tasks to queue
[2025-06-25T18:39:51.219+0000] {logging_mixin.py:188} INFO - [2025-06-25T18:39:51.219+0000] {dagbag.py:545} INFO - Filling up the DagBag from /opt/airflow/dags/train_dag.py
[2025-06-25T18:39:51.234+0000] {logging_mixin.py:188} INFO - [2025-06-25T18:39:51.234+0000] {dagbag.py:337} DEBUG - Importing /opt/airflow/dags/train_dag.py
[2025-06-25T18:39:51.242+0000] {processor.py:842} WARNING - No viable dags retrieved from /opt/airflow/dags/train_dag.py
[2025-06-25T18:39:51.268+0000] {processor.py:183} INFO - Processing /opt/airflow/dags/train_dag.py took 0.067 seconds
[2025-06-25T18:40:21.334+0000] {logging_mixin.py:188} INFO - [2025-06-25T18:40:21.332+0000] {settings.py:250} DEBUG - Setting up DB connection pool (PID 612)
[2025-06-25T18:40:21.336+0000] {logging_mixin.py:188} INFO - [2025-06-25T18:40:21.335+0000] {settings.py:330} DEBUG - settings.prepare_engine_args(): Using pool settings. pool_size=5, max_overflow=10, pool_recycle=1800, pid=612
[2025-06-25T18:40:21.354+0000] {processor.py:161} INFO - Started process (PID=612) to work on /opt/airflow/dags/train_dag.py
[2025-06-25T18:40:21.355+0000] {processor.py:830} INFO - Processing file /opt/airflow/dags/train_dag.py for tasks to queue
[2025-06-25T18:40:21.357+0000] {logging_mixin.py:188} INFO - [2025-06-25T18:40:21.356+0000] {dagbag.py:545} INFO - Filling up the DagBag from /opt/airflow/dags/train_dag.py
[2025-06-25T18:40:21.372+0000] {logging_mixin.py:188} INFO - [2025-06-25T18:40:21.371+0000] {dagbag.py:337} DEBUG - Importing /opt/airflow/dags/train_dag.py
[2025-06-25T18:40:21.381+0000] {processor.py:842} WARNING - No viable dags retrieved from /opt/airflow/dags/train_dag.py
[2025-06-25T18:40:21.411+0000] {processor.py:183} INFO - Processing /opt/airflow/dags/train_dag.py took 0.079 seconds
[2025-06-25T18:40:51.616+0000] {logging_mixin.py:188} INFO - [2025-06-25T18:40:51.614+0000] {settings.py:250} DEBUG - Setting up DB connection pool (PID 672)
[2025-06-25T18:40:51.618+0000] {logging_mixin.py:188} INFO - [2025-06-25T18:40:51.618+0000] {settings.py:330} DEBUG - settings.prepare_engine_args(): Using pool settings. pool_size=5, max_overflow=10, pool_recycle=1800, pid=672
[2025-06-25T18:40:51.637+0000] {processor.py:161} INFO - Started process (PID=672) to work on /opt/airflow/dags/train_dag.py
[2025-06-25T18:40:51.638+0000] {processor.py:830} INFO - Processing file /opt/airflow/dags/train_dag.py for tasks to queue
[2025-06-25T18:40:51.640+0000] {logging_mixin.py:188} INFO - [2025-06-25T18:40:51.639+0000] {dagbag.py:545} INFO - Filling up the DagBag from /opt/airflow/dags/train_dag.py
[2025-06-25T18:40:51.663+0000] {logging_mixin.py:188} INFO - [2025-06-25T18:40:51.663+0000] {dagbag.py:337} DEBUG - Importing /opt/airflow/dags/train_dag.py
[2025-06-25T18:40:51.674+0000] {processor.py:842} WARNING - No viable dags retrieved from /opt/airflow/dags/train_dag.py
[2025-06-25T18:40:51.705+0000] {processor.py:183} INFO - Processing /opt/airflow/dags/train_dag.py took 0.091 seconds
[2025-06-25T18:41:22.171+0000] {logging_mixin.py:188} INFO - [2025-06-25T18:41:22.169+0000] {settings.py:250} DEBUG - Setting up DB connection pool (PID 738)
[2025-06-25T18:41:22.174+0000] {logging_mixin.py:188} INFO - [2025-06-25T18:41:22.174+0000] {settings.py:330} DEBUG - settings.prepare_engine_args(): Using pool settings. pool_size=5, max_overflow=10, pool_recycle=1800, pid=738
[2025-06-25T18:41:22.191+0000] {processor.py:161} INFO - Started process (PID=738) to work on /opt/airflow/dags/train_dag.py
[2025-06-25T18:41:22.193+0000] {processor.py:830} INFO - Processing file /opt/airflow/dags/train_dag.py for tasks to queue
[2025-06-25T18:41:22.195+0000] {logging_mixin.py:188} INFO - [2025-06-25T18:41:22.194+0000] {dagbag.py:545} INFO - Filling up the DagBag from /opt/airflow/dags/train_dag.py
[2025-06-25T18:41:22.211+0000] {logging_mixin.py:188} INFO - [2025-06-25T18:41:22.211+0000] {dagbag.py:337} DEBUG - Importing /opt/airflow/dags/train_dag.py
[2025-06-25T18:41:22.221+0000] {processor.py:842} WARNING - No viable dags retrieved from /opt/airflow/dags/train_dag.py
[2025-06-25T18:41:22.259+0000] {processor.py:183} INFO - Processing /opt/airflow/dags/train_dag.py took 0.090 seconds
[2025-06-25T18:41:52.734+0000] {logging_mixin.py:188} INFO - [2025-06-25T18:41:52.732+0000] {settings.py:250} DEBUG - Setting up DB connection pool (PID 806)
[2025-06-25T18:41:52.736+0000] {logging_mixin.py:188} INFO - [2025-06-25T18:41:52.736+0000] {settings.py:330} DEBUG - settings.prepare_engine_args(): Using pool settings. pool_size=5, max_overflow=10, pool_recycle=1800, pid=806
[2025-06-25T18:41:52.752+0000] {processor.py:161} INFO - Started process (PID=806) to work on /opt/airflow/dags/train_dag.py
[2025-06-25T18:41:52.754+0000] {processor.py:830} INFO - Processing file /opt/airflow/dags/train_dag.py for tasks to queue
[2025-06-25T18:41:52.755+0000] {logging_mixin.py:188} INFO - [2025-06-25T18:41:52.755+0000] {dagbag.py:545} INFO - Filling up the DagBag from /opt/airflow/dags/train_dag.py
[2025-06-25T18:41:52.772+0000] {logging_mixin.py:188} INFO - [2025-06-25T18:41:52.771+0000] {dagbag.py:337} DEBUG - Importing /opt/airflow/dags/train_dag.py
[2025-06-25T18:41:52.780+0000] {processor.py:842} WARNING - No viable dags retrieved from /opt/airflow/dags/train_dag.py
[2025-06-25T18:41:52.813+0000] {processor.py:183} INFO - Processing /opt/airflow/dags/train_dag.py took 0.081 seconds
[2025-06-25T18:42:23.291+0000] {logging_mixin.py:188} INFO - [2025-06-25T18:42:23.289+0000] {settings.py:250} DEBUG - Setting up DB connection pool (PID 868)
[2025-06-25T18:42:23.293+0000] {logging_mixin.py:188} INFO - [2025-06-25T18:42:23.292+0000] {settings.py:330} DEBUG - settings.prepare_engine_args(): Using pool settings. pool_size=5, max_overflow=10, pool_recycle=1800, pid=868
[2025-06-25T18:42:23.308+0000] {processor.py:161} INFO - Started process (PID=868) to work on /opt/airflow/dags/train_dag.py
[2025-06-25T18:42:23.309+0000] {processor.py:830} INFO - Processing file /opt/airflow/dags/train_dag.py for tasks to queue
[2025-06-25T18:42:23.312+0000] {logging_mixin.py:188} INFO - [2025-06-25T18:42:23.310+0000] {dagbag.py:545} INFO - Filling up the DagBag from /opt/airflow/dags/train_dag.py
[2025-06-25T18:42:23.331+0000] {logging_mixin.py:188} INFO - [2025-06-25T18:42:23.331+0000] {dagbag.py:337} DEBUG - Importing /opt/airflow/dags/train_dag.py
[2025-06-25T18:42:23.344+0000] {processor.py:842} WARNING - No viable dags retrieved from /opt/airflow/dags/train_dag.py
[2025-06-25T18:42:23.381+0000] {processor.py:183} INFO - Processing /opt/airflow/dags/train_dag.py took 0.092 seconds
[2025-06-25T18:42:53.637+0000] {logging_mixin.py:188} INFO - [2025-06-25T18:42:53.636+0000] {settings.py:250} DEBUG - Setting up DB connection pool (PID 930)
[2025-06-25T18:42:53.639+0000] {logging_mixin.py:188} INFO - [2025-06-25T18:42:53.639+0000] {settings.py:330} DEBUG - settings.prepare_engine_args(): Using pool settings. pool_size=5, max_overflow=10, pool_recycle=1800, pid=930
[2025-06-25T18:42:53.648+0000] {processor.py:161} INFO - Started process (PID=930) to work on /opt/airflow/dags/train_dag.py
[2025-06-25T18:42:53.649+0000] {processor.py:830} INFO - Processing file /opt/airflow/dags/train_dag.py for tasks to queue
[2025-06-25T18:42:53.650+0000] {logging_mixin.py:188} INFO - [2025-06-25T18:42:53.650+0000] {dagbag.py:545} INFO - Filling up the DagBag from /opt/airflow/dags/train_dag.py
[2025-06-25T18:42:53.667+0000] {logging_mixin.py:188} INFO - [2025-06-25T18:42:53.667+0000] {dagbag.py:337} DEBUG - Importing /opt/airflow/dags/train_dag.py
[2025-06-25T18:42:53.674+0000] {processor.py:842} WARNING - No viable dags retrieved from /opt/airflow/dags/train_dag.py
[2025-06-25T18:42:53.697+0000] {processor.py:183} INFO - Processing /opt/airflow/dags/train_dag.py took 0.061 seconds
[2025-06-25T18:43:24.251+0000] {logging_mixin.py:188} INFO - [2025-06-25T18:43:24.249+0000] {settings.py:250} DEBUG - Setting up DB connection pool (PID 992)
[2025-06-25T18:43:24.253+0000] {logging_mixin.py:188} INFO - [2025-06-25T18:43:24.253+0000] {settings.py:330} DEBUG - settings.prepare_engine_args(): Using pool settings. pool_size=5, max_overflow=10, pool_recycle=1800, pid=992
[2025-06-25T18:43:24.270+0000] {processor.py:161} INFO - Started process (PID=992) to work on /opt/airflow/dags/train_dag.py
[2025-06-25T18:43:24.271+0000] {processor.py:830} INFO - Processing file /opt/airflow/dags/train_dag.py for tasks to queue
[2025-06-25T18:43:24.272+0000] {logging_mixin.py:188} INFO - [2025-06-25T18:43:24.272+0000] {dagbag.py:545} INFO - Filling up the DagBag from /opt/airflow/dags/train_dag.py
[2025-06-25T18:43:24.290+0000] {logging_mixin.py:188} INFO - [2025-06-25T18:43:24.290+0000] {dagbag.py:337} DEBUG - Importing /opt/airflow/dags/train_dag.py
[2025-06-25T18:43:24.299+0000] {processor.py:842} WARNING - No viable dags retrieved from /opt/airflow/dags/train_dag.py
[2025-06-25T18:43:24.328+0000] {processor.py:183} INFO - Processing /opt/airflow/dags/train_dag.py took 0.079 seconds
[2025-06-25T18:43:55.066+0000] {logging_mixin.py:188} INFO - [2025-06-25T18:43:55.065+0000] {settings.py:250} DEBUG - Setting up DB connection pool (PID 1053)
[2025-06-25T18:43:55.068+0000] {logging_mixin.py:188} INFO - [2025-06-25T18:43:55.068+0000] {settings.py:330} DEBUG - settings.prepare_engine_args(): Using pool settings. pool_size=5, max_overflow=10, pool_recycle=1800, pid=1053
[2025-06-25T18:43:55.079+0000] {processor.py:161} INFO - Started process (PID=1053) to work on /opt/airflow/dags/train_dag.py
[2025-06-25T18:43:55.080+0000] {processor.py:830} INFO - Processing file /opt/airflow/dags/train_dag.py for tasks to queue
[2025-06-25T18:43:55.082+0000] {logging_mixin.py:188} INFO - [2025-06-25T18:43:55.082+0000] {dagbag.py:545} INFO - Filling up the DagBag from /opt/airflow/dags/train_dag.py
[2025-06-25T18:43:55.100+0000] {logging_mixin.py:188} INFO - [2025-06-25T18:43:55.099+0000] {dagbag.py:337} DEBUG - Importing /opt/airflow/dags/train_dag.py
[2025-06-25T18:43:55.110+0000] {processor.py:842} WARNING - No viable dags retrieved from /opt/airflow/dags/train_dag.py
[2025-06-25T18:43:55.141+0000] {processor.py:183} INFO - Processing /opt/airflow/dags/train_dag.py took 0.077 seconds
[2025-06-25T18:44:25.469+0000] {logging_mixin.py:188} INFO - [2025-06-25T18:44:25.467+0000] {settings.py:250} DEBUG - Setting up DB connection pool (PID 1114)
[2025-06-25T18:44:25.470+0000] {logging_mixin.py:188} INFO - [2025-06-25T18:44:25.470+0000] {settings.py:330} DEBUG - settings.prepare_engine_args(): Using pool settings. pool_size=5, max_overflow=10, pool_recycle=1800, pid=1114
[2025-06-25T18:44:25.480+0000] {processor.py:161} INFO - Started process (PID=1114) to work on /opt/airflow/dags/train_dag.py
[2025-06-25T18:44:25.481+0000] {processor.py:830} INFO - Processing file /opt/airflow/dags/train_dag.py for tasks to queue
[2025-06-25T18:44:25.483+0000] {logging_mixin.py:188} INFO - [2025-06-25T18:44:25.482+0000] {dagbag.py:545} INFO - Filling up the DagBag from /opt/airflow/dags/train_dag.py
[2025-06-25T18:44:25.499+0000] {logging_mixin.py:188} INFO - [2025-06-25T18:44:25.498+0000] {dagbag.py:337} DEBUG - Importing /opt/airflow/dags/train_dag.py
[2025-06-25T18:44:25.508+0000] {processor.py:842} WARNING - No viable dags retrieved from /opt/airflow/dags/train_dag.py
[2025-06-25T18:44:25.533+0000] {processor.py:183} INFO - Processing /opt/airflow/dags/train_dag.py took 0.066 seconds
[2025-06-25T18:44:55.952+0000] {logging_mixin.py:188} INFO - [2025-06-25T18:44:55.950+0000] {settings.py:250} DEBUG - Setting up DB connection pool (PID 1178)
[2025-06-25T18:44:55.956+0000] {logging_mixin.py:188} INFO - [2025-06-25T18:44:55.955+0000] {settings.py:330} DEBUG - settings.prepare_engine_args(): Using pool settings. pool_size=5, max_overflow=10, pool_recycle=1800, pid=1178
[2025-06-25T18:44:55.969+0000] {processor.py:161} INFO - Started process (PID=1178) to work on /opt/airflow/dags/train_dag.py
[2025-06-25T18:44:55.971+0000] {processor.py:830} INFO - Processing file /opt/airflow/dags/train_dag.py for tasks to queue
[2025-06-25T18:44:55.972+0000] {logging_mixin.py:188} INFO - [2025-06-25T18:44:55.972+0000] {dagbag.py:545} INFO - Filling up the DagBag from /opt/airflow/dags/train_dag.py
[2025-06-25T18:44:55.994+0000] {logging_mixin.py:188} INFO - [2025-06-25T18:44:55.993+0000] {dagbag.py:337} DEBUG - Importing /opt/airflow/dags/train_dag.py
[2025-06-25T18:44:56.005+0000] {processor.py:842} WARNING - No viable dags retrieved from /opt/airflow/dags/train_dag.py
[2025-06-25T18:44:56.035+0000] {processor.py:183} INFO - Processing /opt/airflow/dags/train_dag.py took 0.085 seconds
[2025-06-25T18:47:31.576+0000] {logging_mixin.py:188} INFO - [2025-06-25T18:47:31.575+0000] {settings.py:250} DEBUG - Setting up DB connection pool (PID 44)
[2025-06-25T18:47:31.579+0000] {logging_mixin.py:188} INFO - [2025-06-25T18:47:31.578+0000] {settings.py:330} DEBUG - settings.prepare_engine_args(): Using pool settings. pool_size=5, max_overflow=10, pool_recycle=1800, pid=44
[2025-06-25T18:47:31.593+0000] {processor.py:161} INFO - Started process (PID=44) to work on /opt/airflow/dags/train_dag.py
[2025-06-25T18:47:31.595+0000] {processor.py:830} INFO - Processing file /opt/airflow/dags/train_dag.py for tasks to queue
[2025-06-25T18:47:31.596+0000] {logging_mixin.py:188} INFO - [2025-06-25T18:47:31.596+0000] {dagbag.py:545} INFO - Filling up the DagBag from /opt/airflow/dags/train_dag.py
[2025-06-25T18:47:31.614+0000] {logging_mixin.py:188} INFO - [2025-06-25T18:47:31.614+0000] {dagbag.py:337} DEBUG - Importing /opt/airflow/dags/train_dag.py
[2025-06-25T18:47:31.624+0000] {processor.py:842} WARNING - No viable dags retrieved from /opt/airflow/dags/train_dag.py
[2025-06-25T18:47:31.657+0000] {processor.py:183} INFO - Processing /opt/airflow/dags/train_dag.py took 0.082 seconds
[2025-06-25T18:48:02.083+0000] {logging_mixin.py:188} INFO - [2025-06-25T18:48:02.082+0000] {settings.py:250} DEBUG - Setting up DB connection pool (PID 105)
[2025-06-25T18:48:02.084+0000] {logging_mixin.py:188} INFO - [2025-06-25T18:48:02.084+0000] {settings.py:330} DEBUG - settings.prepare_engine_args(): Using pool settings. pool_size=5, max_overflow=10, pool_recycle=1800, pid=105
[2025-06-25T18:48:02.095+0000] {processor.py:161} INFO - Started process (PID=105) to work on /opt/airflow/dags/train_dag.py
[2025-06-25T18:48:02.096+0000] {processor.py:830} INFO - Processing file /opt/airflow/dags/train_dag.py for tasks to queue
[2025-06-25T18:48:02.098+0000] {logging_mixin.py:188} INFO - [2025-06-25T18:48:02.097+0000] {dagbag.py:545} INFO - Filling up the DagBag from /opt/airflow/dags/train_dag.py
[2025-06-25T18:48:02.115+0000] {logging_mixin.py:188} INFO - [2025-06-25T18:48:02.115+0000] {dagbag.py:337} DEBUG - Importing /opt/airflow/dags/train_dag.py
[2025-06-25T18:48:02.126+0000] {processor.py:842} WARNING - No viable dags retrieved from /opt/airflow/dags/train_dag.py
[2025-06-25T18:48:02.154+0000] {processor.py:183} INFO - Processing /opt/airflow/dags/train_dag.py took 0.073 seconds
[2025-06-25T18:48:32.657+0000] {logging_mixin.py:188} INFO - [2025-06-25T18:48:32.656+0000] {settings.py:250} DEBUG - Setting up DB connection pool (PID 167)
[2025-06-25T18:48:32.659+0000] {logging_mixin.py:188} INFO - [2025-06-25T18:48:32.659+0000] {settings.py:330} DEBUG - settings.prepare_engine_args(): Using pool settings. pool_size=5, max_overflow=10, pool_recycle=1800, pid=167
[2025-06-25T18:48:32.672+0000] {processor.py:161} INFO - Started process (PID=167) to work on /opt/airflow/dags/train_dag.py
[2025-06-25T18:48:32.674+0000] {processor.py:830} INFO - Processing file /opt/airflow/dags/train_dag.py for tasks to queue
[2025-06-25T18:48:32.675+0000] {logging_mixin.py:188} INFO - [2025-06-25T18:48:32.675+0000] {dagbag.py:545} INFO - Filling up the DagBag from /opt/airflow/dags/train_dag.py
[2025-06-25T18:48:32.693+0000] {logging_mixin.py:188} INFO - [2025-06-25T18:48:32.693+0000] {dagbag.py:337} DEBUG - Importing /opt/airflow/dags/train_dag.py
[2025-06-25T18:48:32.702+0000] {processor.py:842} WARNING - No viable dags retrieved from /opt/airflow/dags/train_dag.py
[2025-06-25T18:48:32.734+0000] {processor.py:183} INFO - Processing /opt/airflow/dags/train_dag.py took 0.078 seconds
[2025-06-25T18:49:02.892+0000] {logging_mixin.py:188} INFO - [2025-06-25T18:49:02.884+0000] {settings.py:250} DEBUG - Setting up DB connection pool (PID 229)
[2025-06-25T18:49:02.896+0000] {logging_mixin.py:188} INFO - [2025-06-25T18:49:02.896+0000] {settings.py:330} DEBUG - settings.prepare_engine_args(): Using pool settings. pool_size=5, max_overflow=10, pool_recycle=1800, pid=229
[2025-06-25T18:49:02.911+0000] {processor.py:161} INFO - Started process (PID=229) to work on /opt/airflow/dags/train_dag.py
[2025-06-25T18:49:02.913+0000] {processor.py:830} INFO - Processing file /opt/airflow/dags/train_dag.py for tasks to queue
[2025-06-25T18:49:02.915+0000] {logging_mixin.py:188} INFO - [2025-06-25T18:49:02.915+0000] {dagbag.py:545} INFO - Filling up the DagBag from /opt/airflow/dags/train_dag.py
[2025-06-25T18:49:02.933+0000] {logging_mixin.py:188} INFO - [2025-06-25T18:49:02.932+0000] {dagbag.py:337} DEBUG - Importing /opt/airflow/dags/train_dag.py
[2025-06-25T18:49:02.947+0000] {processor.py:842} WARNING - No viable dags retrieved from /opt/airflow/dags/train_dag.py
[2025-06-25T18:49:02.982+0000] {processor.py:183} INFO - Processing /opt/airflow/dags/train_dag.py took 0.100 seconds
[2025-06-25T18:49:33.310+0000] {logging_mixin.py:188} INFO - [2025-06-25T18:49:33.308+0000] {settings.py:250} DEBUG - Setting up DB connection pool (PID 297)
[2025-06-25T18:49:33.311+0000] {logging_mixin.py:188} INFO - [2025-06-25T18:49:33.311+0000] {settings.py:330} DEBUG - settings.prepare_engine_args(): Using pool settings. pool_size=5, max_overflow=10, pool_recycle=1800, pid=297
[2025-06-25T18:49:33.322+0000] {processor.py:161} INFO - Started process (PID=297) to work on /opt/airflow/dags/train_dag.py
[2025-06-25T18:49:33.323+0000] {processor.py:830} INFO - Processing file /opt/airflow/dags/train_dag.py for tasks to queue
[2025-06-25T18:49:33.324+0000] {logging_mixin.py:188} INFO - [2025-06-25T18:49:33.324+0000] {dagbag.py:545} INFO - Filling up the DagBag from /opt/airflow/dags/train_dag.py
[2025-06-25T18:49:33.342+0000] {logging_mixin.py:188} INFO - [2025-06-25T18:49:33.342+0000] {dagbag.py:337} DEBUG - Importing /opt/airflow/dags/train_dag.py
[2025-06-25T18:49:33.352+0000] {processor.py:842} WARNING - No viable dags retrieved from /opt/airflow/dags/train_dag.py
[2025-06-25T18:49:33.383+0000] {processor.py:183} INFO - Processing /opt/airflow/dags/train_dag.py took 0.075 seconds
[2025-06-25T18:50:03.998+0000] {logging_mixin.py:188} INFO - [2025-06-25T18:50:03.996+0000] {settings.py:250} DEBUG - Setting up DB connection pool (PID 361)
[2025-06-25T18:50:04.000+0000] {logging_mixin.py:188} INFO - [2025-06-25T18:50:03.999+0000] {settings.py:330} DEBUG - settings.prepare_engine_args(): Using pool settings. pool_size=5, max_overflow=10, pool_recycle=1800, pid=361
[2025-06-25T18:50:04.018+0000] {processor.py:161} INFO - Started process (PID=361) to work on /opt/airflow/dags/train_dag.py
[2025-06-25T18:50:04.019+0000] {processor.py:830} INFO - Processing file /opt/airflow/dags/train_dag.py for tasks to queue
[2025-06-25T18:50:04.021+0000] {logging_mixin.py:188} INFO - [2025-06-25T18:50:04.021+0000] {dagbag.py:545} INFO - Filling up the DagBag from /opt/airflow/dags/train_dag.py
[2025-06-25T18:50:04.046+0000] {logging_mixin.py:188} INFO - [2025-06-25T18:50:04.046+0000] {dagbag.py:337} DEBUG - Importing /opt/airflow/dags/train_dag.py
[2025-06-25T18:50:04.057+0000] {processor.py:842} WARNING - No viable dags retrieved from /opt/airflow/dags/train_dag.py
[2025-06-25T18:50:04.082+0000] {processor.py:183} INFO - Processing /opt/airflow/dags/train_dag.py took 0.087 seconds
[2025-06-25T18:50:34.606+0000] {logging_mixin.py:188} INFO - [2025-06-25T18:50:34.605+0000] {settings.py:250} DEBUG - Setting up DB connection pool (PID 423)
[2025-06-25T18:50:34.608+0000] {logging_mixin.py:188} INFO - [2025-06-25T18:50:34.608+0000] {settings.py:330} DEBUG - settings.prepare_engine_args(): Using pool settings. pool_size=5, max_overflow=10, pool_recycle=1800, pid=423
[2025-06-25T18:50:34.618+0000] {processor.py:161} INFO - Started process (PID=423) to work on /opt/airflow/dags/train_dag.py
[2025-06-25T18:50:34.619+0000] {processor.py:830} INFO - Processing file /opt/airflow/dags/train_dag.py for tasks to queue
[2025-06-25T18:50:34.620+0000] {logging_mixin.py:188} INFO - [2025-06-25T18:50:34.620+0000] {dagbag.py:545} INFO - Filling up the DagBag from /opt/airflow/dags/train_dag.py
[2025-06-25T18:50:34.635+0000] {logging_mixin.py:188} INFO - [2025-06-25T18:50:34.635+0000] {dagbag.py:337} DEBUG - Importing /opt/airflow/dags/train_dag.py
[2025-06-25T18:50:34.643+0000] {processor.py:842} WARNING - No viable dags retrieved from /opt/airflow/dags/train_dag.py
[2025-06-25T18:50:34.666+0000] {processor.py:183} INFO - Processing /opt/airflow/dags/train_dag.py took 0.061 seconds
[2025-06-25T18:51:05.226+0000] {logging_mixin.py:188} INFO - [2025-06-25T18:51:05.225+0000] {settings.py:250} DEBUG - Setting up DB connection pool (PID 485)
[2025-06-25T18:51:05.228+0000] {logging_mixin.py:188} INFO - [2025-06-25T18:51:05.228+0000] {settings.py:330} DEBUG - settings.prepare_engine_args(): Using pool settings. pool_size=5, max_overflow=10, pool_recycle=1800, pid=485
[2025-06-25T18:51:05.239+0000] {processor.py:161} INFO - Started process (PID=485) to work on /opt/airflow/dags/train_dag.py
[2025-06-25T18:51:05.240+0000] {processor.py:830} INFO - Processing file /opt/airflow/dags/train_dag.py for tasks to queue
[2025-06-25T18:51:05.241+0000] {logging_mixin.py:188} INFO - [2025-06-25T18:51:05.241+0000] {dagbag.py:545} INFO - Filling up the DagBag from /opt/airflow/dags/train_dag.py
[2025-06-25T18:51:05.258+0000] {logging_mixin.py:188} INFO - [2025-06-25T18:51:05.258+0000] {dagbag.py:337} DEBUG - Importing /opt/airflow/dags/train_dag.py
[2025-06-25T18:51:05.267+0000] {processor.py:842} WARNING - No viable dags retrieved from /opt/airflow/dags/train_dag.py
[2025-06-25T18:51:05.293+0000] {processor.py:183} INFO - Processing /opt/airflow/dags/train_dag.py took 0.069 seconds
[2025-06-25T18:51:35.551+0000] {logging_mixin.py:188} INFO - [2025-06-25T18:51:35.549+0000] {settings.py:250} DEBUG - Setting up DB connection pool (PID 547)
[2025-06-25T18:51:35.552+0000] {logging_mixin.py:188} INFO - [2025-06-25T18:51:35.552+0000] {settings.py:330} DEBUG - settings.prepare_engine_args(): Using pool settings. pool_size=5, max_overflow=10, pool_recycle=1800, pid=547
[2025-06-25T18:51:35.570+0000] {processor.py:161} INFO - Started process (PID=547) to work on /opt/airflow/dags/train_dag.py
[2025-06-25T18:51:35.571+0000] {processor.py:830} INFO - Processing file /opt/airflow/dags/train_dag.py for tasks to queue
[2025-06-25T18:51:35.585+0000] {logging_mixin.py:188} INFO - [2025-06-25T18:51:35.585+0000] {dagbag.py:545} INFO - Filling up the DagBag from /opt/airflow/dags/train_dag.py
[2025-06-25T18:51:35.606+0000] {logging_mixin.py:188} INFO - [2025-06-25T18:51:35.606+0000] {dagbag.py:337} DEBUG - Importing /opt/airflow/dags/train_dag.py
[2025-06-25T18:51:35.614+0000] {processor.py:842} WARNING - No viable dags retrieved from /opt/airflow/dags/train_dag.py
[2025-06-25T18:51:35.647+0000] {processor.py:183} INFO - Processing /opt/airflow/dags/train_dag.py took 0.099 seconds
[2025-06-25T18:52:05.753+0000] {logging_mixin.py:188} INFO - [2025-06-25T18:52:05.751+0000] {settings.py:250} DEBUG - Setting up DB connection pool (PID 609)
[2025-06-25T18:52:05.756+0000] {logging_mixin.py:188} INFO - [2025-06-25T18:52:05.755+0000] {settings.py:330} DEBUG - settings.prepare_engine_args(): Using pool settings. pool_size=5, max_overflow=10, pool_recycle=1800, pid=609
[2025-06-25T18:52:05.772+0000] {processor.py:161} INFO - Started process (PID=609) to work on /opt/airflow/dags/train_dag.py
[2025-06-25T18:52:05.773+0000] {processor.py:830} INFO - Processing file /opt/airflow/dags/train_dag.py for tasks to queue
[2025-06-25T18:52:05.775+0000] {logging_mixin.py:188} INFO - [2025-06-25T18:52:05.775+0000] {dagbag.py:545} INFO - Filling up the DagBag from /opt/airflow/dags/train_dag.py
[2025-06-25T18:52:05.791+0000] {logging_mixin.py:188} INFO - [2025-06-25T18:52:05.791+0000] {dagbag.py:337} DEBUG - Importing /opt/airflow/dags/train_dag.py
[2025-06-25T18:52:05.801+0000] {processor.py:842} WARNING - No viable dags retrieved from /opt/airflow/dags/train_dag.py
[2025-06-25T18:52:05.830+0000] {processor.py:183} INFO - Processing /opt/airflow/dags/train_dag.py took 0.079 seconds
[2025-06-25T18:52:36.116+0000] {logging_mixin.py:188} INFO - [2025-06-25T18:52:36.114+0000] {settings.py:250} DEBUG - Setting up DB connection pool (PID 671)
[2025-06-25T18:52:36.118+0000] {logging_mixin.py:188} INFO - [2025-06-25T18:52:36.118+0000] {settings.py:330} DEBUG - settings.prepare_engine_args(): Using pool settings. pool_size=5, max_overflow=10, pool_recycle=1800, pid=671
[2025-06-25T18:52:36.136+0000] {processor.py:161} INFO - Started process (PID=671) to work on /opt/airflow/dags/train_dag.py
[2025-06-25T18:52:36.137+0000] {processor.py:830} INFO - Processing file /opt/airflow/dags/train_dag.py for tasks to queue
[2025-06-25T18:52:36.139+0000] {logging_mixin.py:188} INFO - [2025-06-25T18:52:36.138+0000] {dagbag.py:545} INFO - Filling up the DagBag from /opt/airflow/dags/train_dag.py
[2025-06-25T18:52:36.156+0000] {logging_mixin.py:188} INFO - [2025-06-25T18:52:36.156+0000] {dagbag.py:337} DEBUG - Importing /opt/airflow/dags/train_dag.py
[2025-06-25T18:52:36.166+0000] {processor.py:842} WARNING - No viable dags retrieved from /opt/airflow/dags/train_dag.py
[2025-06-25T18:52:36.195+0000] {processor.py:183} INFO - Processing /opt/airflow/dags/train_dag.py took 0.081 seconds
[2025-06-25T18:53:06.522+0000] {logging_mixin.py:188} INFO - [2025-06-25T18:53:06.520+0000] {settings.py:250} DEBUG - Setting up DB connection pool (PID 734)
[2025-06-25T18:53:06.524+0000] {logging_mixin.py:188} INFO - [2025-06-25T18:53:06.524+0000] {settings.py:330} DEBUG - settings.prepare_engine_args(): Using pool settings. pool_size=5, max_overflow=10, pool_recycle=1800, pid=734
[2025-06-25T18:53:06.536+0000] {processor.py:161} INFO - Started process (PID=734) to work on /opt/airflow/dags/train_dag.py
[2025-06-25T18:53:06.538+0000] {processor.py:830} INFO - Processing file /opt/airflow/dags/train_dag.py for tasks to queue
[2025-06-25T18:53:06.539+0000] {logging_mixin.py:188} INFO - [2025-06-25T18:53:06.539+0000] {dagbag.py:545} INFO - Filling up the DagBag from /opt/airflow/dags/train_dag.py
[2025-06-25T18:53:06.557+0000] {logging_mixin.py:188} INFO - [2025-06-25T18:53:06.557+0000] {dagbag.py:337} DEBUG - Importing /opt/airflow/dags/train_dag.py
[2025-06-25T18:53:06.568+0000] {processor.py:842} WARNING - No viable dags retrieved from /opt/airflow/dags/train_dag.py
[2025-06-25T18:53:06.598+0000] {processor.py:183} INFO - Processing /opt/airflow/dags/train_dag.py took 0.079 seconds
[2025-06-25T18:53:36.817+0000] {logging_mixin.py:188} INFO - [2025-06-25T18:53:36.816+0000] {settings.py:250} DEBUG - Setting up DB connection pool (PID 796)
[2025-06-25T18:53:36.819+0000] {logging_mixin.py:188} INFO - [2025-06-25T18:53:36.819+0000] {settings.py:330} DEBUG - settings.prepare_engine_args(): Using pool settings. pool_size=5, max_overflow=10, pool_recycle=1800, pid=796
[2025-06-25T18:53:36.829+0000] {processor.py:161} INFO - Started process (PID=796) to work on /opt/airflow/dags/train_dag.py
[2025-06-25T18:53:36.831+0000] {processor.py:830} INFO - Processing file /opt/airflow/dags/train_dag.py for tasks to queue
[2025-06-25T18:53:36.833+0000] {logging_mixin.py:188} INFO - [2025-06-25T18:53:36.833+0000] {dagbag.py:545} INFO - Filling up the DagBag from /opt/airflow/dags/train_dag.py
[2025-06-25T18:53:36.850+0000] {logging_mixin.py:188} INFO - [2025-06-25T18:53:36.850+0000] {dagbag.py:337} DEBUG - Importing /opt/airflow/dags/train_dag.py
[2025-06-25T18:53:36.861+0000] {processor.py:842} WARNING - No viable dags retrieved from /opt/airflow/dags/train_dag.py
[2025-06-25T18:53:36.893+0000] {processor.py:183} INFO - Processing /opt/airflow/dags/train_dag.py took 0.077 seconds
[2025-06-25T18:54:07.446+0000] {logging_mixin.py:188} INFO - [2025-06-25T18:54:07.444+0000] {settings.py:250} DEBUG - Setting up DB connection pool (PID 857)
[2025-06-25T18:54:07.448+0000] {logging_mixin.py:188} INFO - [2025-06-25T18:54:07.447+0000] {settings.py:330} DEBUG - settings.prepare_engine_args(): Using pool settings. pool_size=5, max_overflow=10, pool_recycle=1800, pid=857
[2025-06-25T18:54:07.460+0000] {processor.py:161} INFO - Started process (PID=857) to work on /opt/airflow/dags/train_dag.py
[2025-06-25T18:54:07.461+0000] {processor.py:830} INFO - Processing file /opt/airflow/dags/train_dag.py for tasks to queue
[2025-06-25T18:54:07.463+0000] {logging_mixin.py:188} INFO - [2025-06-25T18:54:07.462+0000] {dagbag.py:545} INFO - Filling up the DagBag from /opt/airflow/dags/train_dag.py
[2025-06-25T18:54:07.480+0000] {logging_mixin.py:188} INFO - [2025-06-25T18:54:07.480+0000] {dagbag.py:337} DEBUG - Importing /opt/airflow/dags/train_dag.py
[2025-06-25T18:54:07.490+0000] {processor.py:842} WARNING - No viable dags retrieved from /opt/airflow/dags/train_dag.py
[2025-06-25T18:54:07.517+0000] {processor.py:183} INFO - Processing /opt/airflow/dags/train_dag.py took 0.073 seconds
[2025-06-25T18:54:38.077+0000] {logging_mixin.py:188} INFO - [2025-06-25T18:54:38.075+0000] {settings.py:250} DEBUG - Setting up DB connection pool (PID 920)
[2025-06-25T18:54:38.078+0000] {logging_mixin.py:188} INFO - [2025-06-25T18:54:38.078+0000] {settings.py:330} DEBUG - settings.prepare_engine_args(): Using pool settings. pool_size=5, max_overflow=10, pool_recycle=1800, pid=920
[2025-06-25T18:54:38.090+0000] {processor.py:161} INFO - Started process (PID=920) to work on /opt/airflow/dags/train_dag.py
[2025-06-25T18:54:38.091+0000] {processor.py:830} INFO - Processing file /opt/airflow/dags/train_dag.py for tasks to queue
[2025-06-25T18:54:38.093+0000] {logging_mixin.py:188} INFO - [2025-06-25T18:54:38.093+0000] {dagbag.py:545} INFO - Filling up the DagBag from /opt/airflow/dags/train_dag.py
[2025-06-25T18:54:38.110+0000] {logging_mixin.py:188} INFO - [2025-06-25T18:54:38.110+0000] {dagbag.py:337} DEBUG - Importing /opt/airflow/dags/train_dag.py
[2025-06-25T18:54:38.120+0000] {processor.py:842} WARNING - No viable dags retrieved from /opt/airflow/dags/train_dag.py
[2025-06-25T18:54:38.151+0000] {processor.py:183} INFO - Processing /opt/airflow/dags/train_dag.py took 0.075 seconds
[2025-06-25T18:55:08.505+0000] {logging_mixin.py:188} INFO - [2025-06-25T18:55:08.504+0000] {settings.py:250} DEBUG - Setting up DB connection pool (PID 983)
[2025-06-25T18:55:08.507+0000] {logging_mixin.py:188} INFO - [2025-06-25T18:55:08.507+0000] {settings.py:330} DEBUG - settings.prepare_engine_args(): Using pool settings. pool_size=5, max_overflow=10, pool_recycle=1800, pid=983
[2025-06-25T18:55:08.520+0000] {processor.py:161} INFO - Started process (PID=983) to work on /opt/airflow/dags/train_dag.py
[2025-06-25T18:55:08.521+0000] {processor.py:830} INFO - Processing file /opt/airflow/dags/train_dag.py for tasks to queue
[2025-06-25T18:55:08.524+0000] {logging_mixin.py:188} INFO - [2025-06-25T18:55:08.524+0000] {dagbag.py:545} INFO - Filling up the DagBag from /opt/airflow/dags/train_dag.py
[2025-06-25T18:55:08.542+0000] {logging_mixin.py:188} INFO - [2025-06-25T18:55:08.541+0000] {dagbag.py:337} DEBUG - Importing /opt/airflow/dags/train_dag.py
[2025-06-25T18:55:08.552+0000] {processor.py:842} WARNING - No viable dags retrieved from /opt/airflow/dags/train_dag.py
[2025-06-25T18:55:08.582+0000] {processor.py:183} INFO - Processing /opt/airflow/dags/train_dag.py took 0.079 seconds
[2025-06-25T18:55:39.549+0000] {logging_mixin.py:188} INFO - [2025-06-25T18:55:39.546+0000] {settings.py:250} DEBUG - Setting up DB connection pool (PID 1045)
[2025-06-25T18:55:39.551+0000] {logging_mixin.py:188} INFO - [2025-06-25T18:55:39.551+0000] {settings.py:330} DEBUG - settings.prepare_engine_args(): Using pool settings. pool_size=5, max_overflow=10, pool_recycle=1800, pid=1045
[2025-06-25T18:55:39.571+0000] {processor.py:161} INFO - Started process (PID=1045) to work on /opt/airflow/dags/train_dag.py
[2025-06-25T18:55:39.573+0000] {processor.py:830} INFO - Processing file /opt/airflow/dags/train_dag.py for tasks to queue
[2025-06-25T18:55:39.575+0000] {logging_mixin.py:188} INFO - [2025-06-25T18:55:39.575+0000] {dagbag.py:545} INFO - Filling up the DagBag from /opt/airflow/dags/train_dag.py
[2025-06-25T18:55:39.595+0000] {logging_mixin.py:188} INFO - [2025-06-25T18:55:39.595+0000] {dagbag.py:337} DEBUG - Importing /opt/airflow/dags/train_dag.py
[2025-06-25T18:55:39.605+0000] {processor.py:842} WARNING - No viable dags retrieved from /opt/airflow/dags/train_dag.py
[2025-06-25T18:55:39.641+0000] {processor.py:183} INFO - Processing /opt/airflow/dags/train_dag.py took 0.095 seconds
[2025-06-25T18:56:10.041+0000] {logging_mixin.py:188} INFO - [2025-06-25T18:56:10.040+0000] {settings.py:250} DEBUG - Setting up DB connection pool (PID 1107)
[2025-06-25T18:56:10.043+0000] {logging_mixin.py:188} INFO - [2025-06-25T18:56:10.042+0000] {settings.py:330} DEBUG - settings.prepare_engine_args(): Using pool settings. pool_size=5, max_overflow=10, pool_recycle=1800, pid=1107
[2025-06-25T18:56:10.053+0000] {processor.py:161} INFO - Started process (PID=1107) to work on /opt/airflow/dags/train_dag.py
[2025-06-25T18:56:10.054+0000] {processor.py:830} INFO - Processing file /opt/airflow/dags/train_dag.py for tasks to queue
[2025-06-25T18:56:10.055+0000] {logging_mixin.py:188} INFO - [2025-06-25T18:56:10.055+0000] {dagbag.py:545} INFO - Filling up the DagBag from /opt/airflow/dags/train_dag.py
[2025-06-25T18:56:10.071+0000] {logging_mixin.py:188} INFO - [2025-06-25T18:56:10.071+0000] {dagbag.py:337} DEBUG - Importing /opt/airflow/dags/train_dag.py
[2025-06-25T18:56:10.081+0000] {processor.py:842} WARNING - No viable dags retrieved from /opt/airflow/dags/train_dag.py
[2025-06-25T18:56:10.105+0000] {processor.py:183} INFO - Processing /opt/airflow/dags/train_dag.py took 0.065 seconds
[2025-06-25T18:56:40.762+0000] {logging_mixin.py:188} INFO - [2025-06-25T18:56:40.760+0000] {settings.py:250} DEBUG - Setting up DB connection pool (PID 1169)
[2025-06-25T18:56:40.764+0000] {logging_mixin.py:188} INFO - [2025-06-25T18:56:40.764+0000] {settings.py:330} DEBUG - settings.prepare_engine_args(): Using pool settings. pool_size=5, max_overflow=10, pool_recycle=1800, pid=1169
[2025-06-25T18:56:40.777+0000] {processor.py:161} INFO - Started process (PID=1169) to work on /opt/airflow/dags/train_dag.py
[2025-06-25T18:56:40.778+0000] {processor.py:830} INFO - Processing file /opt/airflow/dags/train_dag.py for tasks to queue
[2025-06-25T18:56:40.779+0000] {logging_mixin.py:188} INFO - [2025-06-25T18:56:40.779+0000] {dagbag.py:545} INFO - Filling up the DagBag from /opt/airflow/dags/train_dag.py
[2025-06-25T18:56:40.798+0000] {logging_mixin.py:188} INFO - [2025-06-25T18:56:40.797+0000] {dagbag.py:337} DEBUG - Importing /opt/airflow/dags/train_dag.py
[2025-06-25T18:56:40.808+0000] {processor.py:842} WARNING - No viable dags retrieved from /opt/airflow/dags/train_dag.py
[2025-06-25T18:56:40.837+0000] {processor.py:183} INFO - Processing /opt/airflow/dags/train_dag.py took 0.077 seconds
[2025-06-25T18:57:11.782+0000] {logging_mixin.py:188} INFO - [2025-06-25T18:57:11.780+0000] {settings.py:250} DEBUG - Setting up DB connection pool (PID 1231)
[2025-06-25T18:57:11.784+0000] {logging_mixin.py:188} INFO - [2025-06-25T18:57:11.784+0000] {settings.py:330} DEBUG - settings.prepare_engine_args(): Using pool settings. pool_size=5, max_overflow=10, pool_recycle=1800, pid=1231
[2025-06-25T18:57:11.802+0000] {processor.py:161} INFO - Started process (PID=1231) to work on /opt/airflow/dags/train_dag.py
[2025-06-25T18:57:11.804+0000] {processor.py:830} INFO - Processing file /opt/airflow/dags/train_dag.py for tasks to queue
[2025-06-25T18:57:11.808+0000] {logging_mixin.py:188} INFO - [2025-06-25T18:57:11.807+0000] {dagbag.py:545} INFO - Filling up the DagBag from /opt/airflow/dags/train_dag.py
[2025-06-25T18:57:11.829+0000] {logging_mixin.py:188} INFO - [2025-06-25T18:57:11.828+0000] {dagbag.py:337} DEBUG - Importing /opt/airflow/dags/train_dag.py
[2025-06-25T18:57:11.838+0000] {processor.py:842} WARNING - No viable dags retrieved from /opt/airflow/dags/train_dag.py
[2025-06-25T18:57:11.872+0000] {processor.py:183} INFO - Processing /opt/airflow/dags/train_dag.py took 0.092 seconds
[2025-06-25T18:57:41.958+0000] {logging_mixin.py:188} INFO - [2025-06-25T18:57:41.956+0000] {settings.py:250} DEBUG - Setting up DB connection pool (PID 1293)
[2025-06-25T18:57:41.960+0000] {logging_mixin.py:188} INFO - [2025-06-25T18:57:41.960+0000] {settings.py:330} DEBUG - settings.prepare_engine_args(): Using pool settings. pool_size=5, max_overflow=10, pool_recycle=1800, pid=1293
[2025-06-25T18:57:41.971+0000] {processor.py:161} INFO - Started process (PID=1293) to work on /opt/airflow/dags/train_dag.py
[2025-06-25T18:57:41.973+0000] {processor.py:830} INFO - Processing file /opt/airflow/dags/train_dag.py for tasks to queue
[2025-06-25T18:57:41.974+0000] {logging_mixin.py:188} INFO - [2025-06-25T18:57:41.974+0000] {dagbag.py:545} INFO - Filling up the DagBag from /opt/airflow/dags/train_dag.py
[2025-06-25T18:57:41.994+0000] {logging_mixin.py:188} INFO - [2025-06-25T18:57:41.993+0000] {dagbag.py:337} DEBUG - Importing /opt/airflow/dags/train_dag.py
[2025-06-25T18:57:42.003+0000] {processor.py:842} WARNING - No viable dags retrieved from /opt/airflow/dags/train_dag.py
[2025-06-25T18:57:42.030+0000] {processor.py:183} INFO - Processing /opt/airflow/dags/train_dag.py took 0.074 seconds
[2025-06-25T18:58:12.274+0000] {logging_mixin.py:188} INFO - [2025-06-25T18:58:12.273+0000] {settings.py:250} DEBUG - Setting up DB connection pool (PID 1355)
[2025-06-25T18:58:12.276+0000] {logging_mixin.py:188} INFO - [2025-06-25T18:58:12.276+0000] {settings.py:330} DEBUG - settings.prepare_engine_args(): Using pool settings. pool_size=5, max_overflow=10, pool_recycle=1800, pid=1355
[2025-06-25T18:58:12.294+0000] {processor.py:161} INFO - Started process (PID=1355) to work on /opt/airflow/dags/train_dag.py
[2025-06-25T18:58:12.295+0000] {processor.py:830} INFO - Processing file /opt/airflow/dags/train_dag.py for tasks to queue
[2025-06-25T18:58:12.298+0000] {logging_mixin.py:188} INFO - [2025-06-25T18:58:12.297+0000] {dagbag.py:545} INFO - Filling up the DagBag from /opt/airflow/dags/train_dag.py
[2025-06-25T18:58:12.322+0000] {logging_mixin.py:188} INFO - [2025-06-25T18:58:12.321+0000] {dagbag.py:337} DEBUG - Importing /opt/airflow/dags/train_dag.py
[2025-06-25T18:58:12.332+0000] {processor.py:842} WARNING - No viable dags retrieved from /opt/airflow/dags/train_dag.py
[2025-06-25T18:58:12.363+0000] {processor.py:183} INFO - Processing /opt/airflow/dags/train_dag.py took 0.090 seconds
[2025-06-25T18:58:42.627+0000] {logging_mixin.py:188} INFO - [2025-06-25T18:58:42.625+0000] {settings.py:250} DEBUG - Setting up DB connection pool (PID 1417)
[2025-06-25T18:58:42.629+0000] {logging_mixin.py:188} INFO - [2025-06-25T18:58:42.628+0000] {settings.py:330} DEBUG - settings.prepare_engine_args(): Using pool settings. pool_size=5, max_overflow=10, pool_recycle=1800, pid=1417
[2025-06-25T18:58:42.641+0000] {processor.py:161} INFO - Started process (PID=1417) to work on /opt/airflow/dags/train_dag.py
[2025-06-25T18:58:42.642+0000] {processor.py:830} INFO - Processing file /opt/airflow/dags/train_dag.py for tasks to queue
[2025-06-25T18:58:42.643+0000] {logging_mixin.py:188} INFO - [2025-06-25T18:58:42.643+0000] {dagbag.py:545} INFO - Filling up the DagBag from /opt/airflow/dags/train_dag.py
[2025-06-25T18:58:42.659+0000] {logging_mixin.py:188} INFO - [2025-06-25T18:58:42.659+0000] {dagbag.py:337} DEBUG - Importing /opt/airflow/dags/train_dag.py
[2025-06-25T18:58:42.668+0000] {processor.py:842} WARNING - No viable dags retrieved from /opt/airflow/dags/train_dag.py
[2025-06-25T18:58:42.697+0000] {processor.py:183} INFO - Processing /opt/airflow/dags/train_dag.py took 0.072 seconds
[2025-06-25T18:59:12.863+0000] {logging_mixin.py:188} INFO - [2025-06-25T18:59:12.861+0000] {settings.py:250} DEBUG - Setting up DB connection pool (PID 1479)
[2025-06-25T18:59:12.865+0000] {logging_mixin.py:188} INFO - [2025-06-25T18:59:12.865+0000] {settings.py:330} DEBUG - settings.prepare_engine_args(): Using pool settings. pool_size=5, max_overflow=10, pool_recycle=1800, pid=1479
[2025-06-25T18:59:12.880+0000] {processor.py:161} INFO - Started process (PID=1479) to work on /opt/airflow/dags/train_dag.py
[2025-06-25T18:59:12.882+0000] {processor.py:830} INFO - Processing file /opt/airflow/dags/train_dag.py for tasks to queue
[2025-06-25T18:59:12.884+0000] {logging_mixin.py:188} INFO - [2025-06-25T18:59:12.884+0000] {dagbag.py:545} INFO - Filling up the DagBag from /opt/airflow/dags/train_dag.py
[2025-06-25T18:59:12.910+0000] {logging_mixin.py:188} INFO - [2025-06-25T18:59:12.910+0000] {dagbag.py:337} DEBUG - Importing /opt/airflow/dags/train_dag.py
[2025-06-25T18:59:12.928+0000] {processor.py:842} WARNING - No viable dags retrieved from /opt/airflow/dags/train_dag.py
[2025-06-25T18:59:12.955+0000] {processor.py:183} INFO - Processing /opt/airflow/dags/train_dag.py took 0.094 seconds
[2025-06-25T18:59:43.127+0000] {logging_mixin.py:188} INFO - [2025-06-25T18:59:43.126+0000] {settings.py:250} DEBUG - Setting up DB connection pool (PID 1539)
[2025-06-25T18:59:43.129+0000] {logging_mixin.py:188} INFO - [2025-06-25T18:59:43.129+0000] {settings.py:330} DEBUG - settings.prepare_engine_args(): Using pool settings. pool_size=5, max_overflow=10, pool_recycle=1800, pid=1539
[2025-06-25T18:59:43.140+0000] {processor.py:161} INFO - Started process (PID=1539) to work on /opt/airflow/dags/train_dag.py
[2025-06-25T18:59:43.142+0000] {processor.py:830} INFO - Processing file /opt/airflow/dags/train_dag.py for tasks to queue
[2025-06-25T18:59:43.144+0000] {logging_mixin.py:188} INFO - [2025-06-25T18:59:43.144+0000] {dagbag.py:545} INFO - Filling up the DagBag from /opt/airflow/dags/train_dag.py
[2025-06-25T18:59:43.162+0000] {logging_mixin.py:188} INFO - [2025-06-25T18:59:43.162+0000] {dagbag.py:337} DEBUG - Importing /opt/airflow/dags/train_dag.py
[2025-06-25T18:59:43.173+0000] {processor.py:842} WARNING - No viable dags retrieved from /opt/airflow/dags/train_dag.py
[2025-06-25T18:59:43.201+0000] {processor.py:183} INFO - Processing /opt/airflow/dags/train_dag.py took 0.076 seconds
[2025-06-25T19:00:13.372+0000] {logging_mixin.py:188} INFO - [2025-06-25T19:00:13.371+0000] {settings.py:250} DEBUG - Setting up DB connection pool (PID 1601)
[2025-06-25T19:00:13.375+0000] {logging_mixin.py:188} INFO - [2025-06-25T19:00:13.375+0000] {settings.py:330} DEBUG - settings.prepare_engine_args(): Using pool settings. pool_size=5, max_overflow=10, pool_recycle=1800, pid=1601
[2025-06-25T19:00:13.393+0000] {processor.py:161} INFO - Started process (PID=1601) to work on /opt/airflow/dags/train_dag.py
[2025-06-25T19:00:13.395+0000] {processor.py:830} INFO - Processing file /opt/airflow/dags/train_dag.py for tasks to queue
[2025-06-25T19:00:13.397+0000] {logging_mixin.py:188} INFO - [2025-06-25T19:00:13.396+0000] {dagbag.py:545} INFO - Filling up the DagBag from /opt/airflow/dags/train_dag.py
[2025-06-25T19:00:13.423+0000] {logging_mixin.py:188} INFO - [2025-06-25T19:00:13.422+0000] {dagbag.py:337} DEBUG - Importing /opt/airflow/dags/train_dag.py
[2025-06-25T19:00:13.435+0000] {processor.py:842} WARNING - No viable dags retrieved from /opt/airflow/dags/train_dag.py
[2025-06-25T19:00:13.470+0000] {processor.py:183} INFO - Processing /opt/airflow/dags/train_dag.py took 0.100 seconds
[2025-06-25T19:00:43.895+0000] {logging_mixin.py:188} INFO - [2025-06-25T19:00:43.894+0000] {settings.py:250} DEBUG - Setting up DB connection pool (PID 1663)
[2025-06-25T19:00:43.898+0000] {logging_mixin.py:188} INFO - [2025-06-25T19:00:43.898+0000] {settings.py:330} DEBUG - settings.prepare_engine_args(): Using pool settings. pool_size=5, max_overflow=10, pool_recycle=1800, pid=1663
[2025-06-25T19:00:43.917+0000] {processor.py:161} INFO - Started process (PID=1663) to work on /opt/airflow/dags/train_dag.py
[2025-06-25T19:00:43.919+0000] {processor.py:830} INFO - Processing file /opt/airflow/dags/train_dag.py for tasks to queue
[2025-06-25T19:00:43.921+0000] {logging_mixin.py:188} INFO - [2025-06-25T19:00:43.920+0000] {dagbag.py:545} INFO - Filling up the DagBag from /opt/airflow/dags/train_dag.py
[2025-06-25T19:00:43.945+0000] {logging_mixin.py:188} INFO - [2025-06-25T19:00:43.945+0000] {dagbag.py:337} DEBUG - Importing /opt/airflow/dags/train_dag.py
[2025-06-25T19:00:43.956+0000] {processor.py:842} WARNING - No viable dags retrieved from /opt/airflow/dags/train_dag.py
[2025-06-25T19:00:43.991+0000] {processor.py:183} INFO - Processing /opt/airflow/dags/train_dag.py took 0.097 seconds
[2025-06-25T19:01:36.054+0000] {logging_mixin.py:188} INFO - [2025-06-25T19:01:36.049+0000] {settings.py:250} DEBUG - Setting up DB connection pool (PID 1727)
[2025-06-25T19:01:36.058+0000] {logging_mixin.py:188} INFO - [2025-06-25T19:01:36.058+0000] {settings.py:330} DEBUG - settings.prepare_engine_args(): Using pool settings. pool_size=5, max_overflow=10, pool_recycle=1800, pid=1727
[2025-06-25T19:01:36.113+0000] {processor.py:161} INFO - Started process (PID=1727) to work on /opt/airflow/dags/train_dag.py
[2025-06-25T19:01:36.116+0000] {processor.py:830} INFO - Processing file /opt/airflow/dags/train_dag.py for tasks to queue
[2025-06-25T19:01:36.120+0000] {logging_mixin.py:188} INFO - [2025-06-25T19:01:36.120+0000] {dagbag.py:545} INFO - Filling up the DagBag from /opt/airflow/dags/train_dag.py
[2025-06-25T19:01:36.155+0000] {logging_mixin.py:188} INFO - [2025-06-25T19:01:36.154+0000] {dagbag.py:337} DEBUG - Importing /opt/airflow/dags/train_dag.py
[2025-06-25T19:01:36.178+0000] {processor.py:842} WARNING - No viable dags retrieved from /opt/airflow/dags/train_dag.py
[2025-06-25T19:01:36.264+0000] {processor.py:183} INFO - Processing /opt/airflow/dags/train_dag.py took 0.216 seconds
[2025-06-25T20:59:26.164+0000] {logging_mixin.py:188} INFO - [2025-06-25T20:59:26.163+0000] {settings.py:250} DEBUG - Setting up DB connection pool (PID 1778)
[2025-06-25T20:59:26.167+0000] {logging_mixin.py:188} INFO - [2025-06-25T20:59:26.167+0000] {settings.py:330} DEBUG - settings.prepare_engine_args(): Using pool settings. pool_size=5, max_overflow=10, pool_recycle=1800, pid=1778
[2025-06-25T20:59:26.188+0000] {processor.py:161} INFO - Started process (PID=1778) to work on /opt/airflow/dags/train_dag.py
[2025-06-25T20:59:26.197+0000] {processor.py:830} INFO - Processing file /opt/airflow/dags/train_dag.py for tasks to queue
[2025-06-25T20:59:26.204+0000] {logging_mixin.py:188} INFO - [2025-06-25T20:59:26.203+0000] {dagbag.py:545} INFO - Filling up the DagBag from /opt/airflow/dags/train_dag.py
[2025-06-25T20:59:26.256+0000] {logging_mixin.py:188} INFO - [2025-06-25T20:59:26.256+0000] {dagbag.py:337} DEBUG - Importing /opt/airflow/dags/train_dag.py
[2025-06-25T20:59:26.289+0000] {processor.py:842} WARNING - No viable dags retrieved from /opt/airflow/dags/train_dag.py
[2025-06-25T20:59:26.404+0000] {processor.py:183} INFO - Processing /opt/airflow/dags/train_dag.py took 0.241 seconds
[2025-06-25T20:59:56.669+0000] {logging_mixin.py:188} INFO - [2025-06-25T20:59:56.668+0000] {settings.py:250} DEBUG - Setting up DB connection pool (PID 1839)
[2025-06-25T20:59:56.671+0000] {logging_mixin.py:188} INFO - [2025-06-25T20:59:56.671+0000] {settings.py:330} DEBUG - settings.prepare_engine_args(): Using pool settings. pool_size=5, max_overflow=10, pool_recycle=1800, pid=1839
[2025-06-25T20:59:56.681+0000] {processor.py:161} INFO - Started process (PID=1839) to work on /opt/airflow/dags/train_dag.py
[2025-06-25T20:59:56.682+0000] {processor.py:830} INFO - Processing file /opt/airflow/dags/train_dag.py for tasks to queue
[2025-06-25T20:59:56.683+0000] {logging_mixin.py:188} INFO - [2025-06-25T20:59:56.683+0000] {dagbag.py:545} INFO - Filling up the DagBag from /opt/airflow/dags/train_dag.py
[2025-06-25T20:59:56.699+0000] {logging_mixin.py:188} INFO - [2025-06-25T20:59:56.699+0000] {dagbag.py:337} DEBUG - Importing /opt/airflow/dags/train_dag.py
[2025-06-25T20:59:56.711+0000] {processor.py:842} WARNING - No viable dags retrieved from /opt/airflow/dags/train_dag.py
[2025-06-25T20:59:56.735+0000] {processor.py:183} INFO - Processing /opt/airflow/dags/train_dag.py took 0.067 seconds
[2025-06-25T21:00:26.922+0000] {logging_mixin.py:188} INFO - [2025-06-25T21:00:26.921+0000] {settings.py:250} DEBUG - Setting up DB connection pool (PID 1901)
[2025-06-25T21:00:26.923+0000] {logging_mixin.py:188} INFO - [2025-06-25T21:00:26.923+0000] {settings.py:330} DEBUG - settings.prepare_engine_args(): Using pool settings. pool_size=5, max_overflow=10, pool_recycle=1800, pid=1901
[2025-06-25T21:00:26.932+0000] {processor.py:161} INFO - Started process (PID=1901) to work on /opt/airflow/dags/train_dag.py
[2025-06-25T21:00:26.933+0000] {processor.py:830} INFO - Processing file /opt/airflow/dags/train_dag.py for tasks to queue
[2025-06-25T21:00:26.935+0000] {logging_mixin.py:188} INFO - [2025-06-25T21:00:26.935+0000] {dagbag.py:545} INFO - Filling up the DagBag from /opt/airflow/dags/train_dag.py
[2025-06-25T21:00:26.951+0000] {logging_mixin.py:188} INFO - [2025-06-25T21:00:26.951+0000] {dagbag.py:337} DEBUG - Importing /opt/airflow/dags/train_dag.py
[2025-06-25T21:00:26.961+0000] {processor.py:842} WARNING - No viable dags retrieved from /opt/airflow/dags/train_dag.py
[2025-06-25T21:00:26.985+0000] {processor.py:183} INFO - Processing /opt/airflow/dags/train_dag.py took 0.064 seconds
[2025-06-25T21:00:57.123+0000] {logging_mixin.py:188} INFO - [2025-06-25T21:00:57.122+0000] {settings.py:250} DEBUG - Setting up DB connection pool (PID 1962)
[2025-06-25T21:00:57.125+0000] {logging_mixin.py:188} INFO - [2025-06-25T21:00:57.125+0000] {settings.py:330} DEBUG - settings.prepare_engine_args(): Using pool settings. pool_size=5, max_overflow=10, pool_recycle=1800, pid=1962
[2025-06-25T21:00:57.135+0000] {processor.py:161} INFO - Started process (PID=1962) to work on /opt/airflow/dags/train_dag.py
[2025-06-25T21:00:57.136+0000] {processor.py:830} INFO - Processing file /opt/airflow/dags/train_dag.py for tasks to queue
[2025-06-25T21:00:57.137+0000] {logging_mixin.py:188} INFO - [2025-06-25T21:00:57.137+0000] {dagbag.py:545} INFO - Filling up the DagBag from /opt/airflow/dags/train_dag.py
[2025-06-25T21:00:57.153+0000] {logging_mixin.py:188} INFO - [2025-06-25T21:00:57.153+0000] {dagbag.py:337} DEBUG - Importing /opt/airflow/dags/train_dag.py
[2025-06-25T21:00:57.163+0000] {processor.py:842} WARNING - No viable dags retrieved from /opt/airflow/dags/train_dag.py
[2025-06-25T21:00:57.188+0000] {processor.py:183} INFO - Processing /opt/airflow/dags/train_dag.py took 0.066 seconds
[2025-06-25T21:01:27.717+0000] {logging_mixin.py:188} INFO - [2025-06-25T21:01:27.715+0000] {settings.py:250} DEBUG - Setting up DB connection pool (PID 2021)
[2025-06-25T21:01:27.718+0000] {logging_mixin.py:188} INFO - [2025-06-25T21:01:27.718+0000] {settings.py:330} DEBUG - settings.prepare_engine_args(): Using pool settings. pool_size=5, max_overflow=10, pool_recycle=1800, pid=2021
[2025-06-25T21:01:27.729+0000] {processor.py:161} INFO - Started process (PID=2021) to work on /opt/airflow/dags/train_dag.py
[2025-06-25T21:01:27.731+0000] {processor.py:830} INFO - Processing file /opt/airflow/dags/train_dag.py for tasks to queue
[2025-06-25T21:01:27.733+0000] {logging_mixin.py:188} INFO - [2025-06-25T21:01:27.732+0000] {dagbag.py:545} INFO - Filling up the DagBag from /opt/airflow/dags/train_dag.py
[2025-06-25T21:01:27.754+0000] {logging_mixin.py:188} INFO - [2025-06-25T21:01:27.753+0000] {dagbag.py:337} DEBUG - Importing /opt/airflow/dags/train_dag.py
[2025-06-25T21:01:27.773+0000] {processor.py:842} WARNING - No viable dags retrieved from /opt/airflow/dags/train_dag.py
[2025-06-25T21:01:27.822+0000] {processor.py:183} INFO - Processing /opt/airflow/dags/train_dag.py took 0.107 seconds
[2025-06-25T21:01:58.002+0000] {logging_mixin.py:188} INFO - [2025-06-25T21:01:58.001+0000] {settings.py:250} DEBUG - Setting up DB connection pool (PID 2083)
[2025-06-25T21:01:58.005+0000] {logging_mixin.py:188} INFO - [2025-06-25T21:01:58.005+0000] {settings.py:330} DEBUG - settings.prepare_engine_args(): Using pool settings. pool_size=5, max_overflow=10, pool_recycle=1800, pid=2083
[2025-06-25T21:01:58.020+0000] {processor.py:161} INFO - Started process (PID=2083) to work on /opt/airflow/dags/train_dag.py
[2025-06-25T21:01:58.021+0000] {processor.py:830} INFO - Processing file /opt/airflow/dags/train_dag.py for tasks to queue
[2025-06-25T21:01:58.022+0000] {logging_mixin.py:188} INFO - [2025-06-25T21:01:58.022+0000] {dagbag.py:545} INFO - Filling up the DagBag from /opt/airflow/dags/train_dag.py
[2025-06-25T21:01:58.036+0000] {logging_mixin.py:188} INFO - [2025-06-25T21:01:58.036+0000] {dagbag.py:337} DEBUG - Importing /opt/airflow/dags/train_dag.py
[2025-06-25T21:01:58.046+0000] {processor.py:842} WARNING - No viable dags retrieved from /opt/airflow/dags/train_dag.py
[2025-06-25T21:01:58.081+0000] {processor.py:183} INFO - Processing /opt/airflow/dags/train_dag.py took 0.080 seconds
[2025-06-25T21:02:28.262+0000] {logging_mixin.py:188} INFO - [2025-06-25T21:02:28.261+0000] {settings.py:250} DEBUG - Setting up DB connection pool (PID 2143)
[2025-06-25T21:02:28.264+0000] {logging_mixin.py:188} INFO - [2025-06-25T21:02:28.264+0000] {settings.py:330} DEBUG - settings.prepare_engine_args(): Using pool settings. pool_size=5, max_overflow=10, pool_recycle=1800, pid=2143
[2025-06-25T21:02:28.273+0000] {processor.py:161} INFO - Started process (PID=2143) to work on /opt/airflow/dags/train_dag.py
[2025-06-25T21:02:28.274+0000] {processor.py:830} INFO - Processing file /opt/airflow/dags/train_dag.py for tasks to queue
[2025-06-25T21:02:28.275+0000] {logging_mixin.py:188} INFO - [2025-06-25T21:02:28.275+0000] {dagbag.py:545} INFO - Filling up the DagBag from /opt/airflow/dags/train_dag.py
[2025-06-25T21:02:28.290+0000] {logging_mixin.py:188} INFO - [2025-06-25T21:02:28.290+0000] {dagbag.py:337} DEBUG - Importing /opt/airflow/dags/train_dag.py
[2025-06-25T21:02:28.298+0000] {processor.py:842} WARNING - No viable dags retrieved from /opt/airflow/dags/train_dag.py
[2025-06-25T21:02:28.321+0000] {processor.py:183} INFO - Processing /opt/airflow/dags/train_dag.py took 0.060 seconds
[2025-06-25T21:02:58.430+0000] {logging_mixin.py:188} INFO - [2025-06-25T21:02:58.429+0000] {settings.py:250} DEBUG - Setting up DB connection pool (PID 2205)
[2025-06-25T21:02:58.432+0000] {logging_mixin.py:188} INFO - [2025-06-25T21:02:58.432+0000] {settings.py:330} DEBUG - settings.prepare_engine_args(): Using pool settings. pool_size=5, max_overflow=10, pool_recycle=1800, pid=2205
[2025-06-25T21:02:58.444+0000] {processor.py:161} INFO - Started process (PID=2205) to work on /opt/airflow/dags/train_dag.py
[2025-06-25T21:02:58.446+0000] {processor.py:830} INFO - Processing file /opt/airflow/dags/train_dag.py for tasks to queue
[2025-06-25T21:02:58.448+0000] {logging_mixin.py:188} INFO - [2025-06-25T21:02:58.447+0000] {dagbag.py:545} INFO - Filling up the DagBag from /opt/airflow/dags/train_dag.py
[2025-06-25T21:02:58.466+0000] {logging_mixin.py:188} INFO - [2025-06-25T21:02:58.465+0000] {dagbag.py:337} DEBUG - Importing /opt/airflow/dags/train_dag.py
[2025-06-25T21:02:58.477+0000] {processor.py:842} WARNING - No viable dags retrieved from /opt/airflow/dags/train_dag.py
[2025-06-25T21:02:58.503+0000] {processor.py:183} INFO - Processing /opt/airflow/dags/train_dag.py took 0.075 seconds
[2025-06-25T21:03:28.736+0000] {logging_mixin.py:188} INFO - [2025-06-25T21:03:28.735+0000] {settings.py:250} DEBUG - Setting up DB connection pool (PID 2267)
[2025-06-25T21:03:28.737+0000] {logging_mixin.py:188} INFO - [2025-06-25T21:03:28.737+0000] {settings.py:330} DEBUG - settings.prepare_engine_args(): Using pool settings. pool_size=5, max_overflow=10, pool_recycle=1800, pid=2267
[2025-06-25T21:03:28.747+0000] {processor.py:161} INFO - Started process (PID=2267) to work on /opt/airflow/dags/train_dag.py
[2025-06-25T21:03:28.749+0000] {processor.py:830} INFO - Processing file /opt/airflow/dags/train_dag.py for tasks to queue
[2025-06-25T21:03:28.750+0000] {logging_mixin.py:188} INFO - [2025-06-25T21:03:28.750+0000] {dagbag.py:545} INFO - Filling up the DagBag from /opt/airflow/dags/train_dag.py
[2025-06-25T21:03:28.768+0000] {logging_mixin.py:188} INFO - [2025-06-25T21:03:28.768+0000] {dagbag.py:337} DEBUG - Importing /opt/airflow/dags/train_dag.py
[2025-06-25T21:03:28.778+0000] {processor.py:842} WARNING - No viable dags retrieved from /opt/airflow/dags/train_dag.py
[2025-06-25T21:03:28.802+0000] {processor.py:183} INFO - Processing /opt/airflow/dags/train_dag.py took 0.067 seconds
[2025-06-25T21:03:59.118+0000] {logging_mixin.py:188} INFO - [2025-06-25T21:03:59.117+0000] {settings.py:250} DEBUG - Setting up DB connection pool (PID 2334)
[2025-06-25T21:03:59.120+0000] {logging_mixin.py:188} INFO - [2025-06-25T21:03:59.120+0000] {settings.py:330} DEBUG - settings.prepare_engine_args(): Using pool settings. pool_size=5, max_overflow=10, pool_recycle=1800, pid=2334
[2025-06-25T21:03:59.129+0000] {processor.py:161} INFO - Started process (PID=2334) to work on /opt/airflow/dags/train_dag.py
[2025-06-25T21:03:59.130+0000] {processor.py:830} INFO - Processing file /opt/airflow/dags/train_dag.py for tasks to queue
[2025-06-25T21:03:59.132+0000] {logging_mixin.py:188} INFO - [2025-06-25T21:03:59.132+0000] {dagbag.py:545} INFO - Filling up the DagBag from /opt/airflow/dags/train_dag.py
[2025-06-25T21:03:59.149+0000] {logging_mixin.py:188} INFO - [2025-06-25T21:03:59.149+0000] {dagbag.py:337} DEBUG - Importing /opt/airflow/dags/train_dag.py
[2025-06-25T21:03:59.158+0000] {processor.py:842} WARNING - No viable dags retrieved from /opt/airflow/dags/train_dag.py
[2025-06-25T21:03:59.181+0000] {processor.py:183} INFO - Processing /opt/airflow/dags/train_dag.py took 0.064 seconds
[2025-06-25T21:04:29.564+0000] {logging_mixin.py:188} INFO - [2025-06-25T21:04:29.563+0000] {settings.py:250} DEBUG - Setting up DB connection pool (PID 2400)
[2025-06-25T21:04:29.566+0000] {logging_mixin.py:188} INFO - [2025-06-25T21:04:29.566+0000] {settings.py:330} DEBUG - settings.prepare_engine_args(): Using pool settings. pool_size=5, max_overflow=10, pool_recycle=1800, pid=2400
[2025-06-25T21:04:29.581+0000] {processor.py:161} INFO - Started process (PID=2400) to work on /opt/airflow/dags/train_dag.py
[2025-06-25T21:04:29.582+0000] {processor.py:830} INFO - Processing file /opt/airflow/dags/train_dag.py for tasks to queue
[2025-06-25T21:04:29.584+0000] {logging_mixin.py:188} INFO - [2025-06-25T21:04:29.584+0000] {dagbag.py:545} INFO - Filling up the DagBag from /opt/airflow/dags/train_dag.py
[2025-06-25T21:04:29.605+0000] {logging_mixin.py:188} INFO - [2025-06-25T21:04:29.604+0000] {dagbag.py:337} DEBUG - Importing /opt/airflow/dags/train_dag.py
[2025-06-25T21:04:29.614+0000] {processor.py:842} WARNING - No viable dags retrieved from /opt/airflow/dags/train_dag.py
[2025-06-25T21:04:29.642+0000] {processor.py:183} INFO - Processing /opt/airflow/dags/train_dag.py took 0.079 seconds
[2025-06-25T21:04:59.738+0000] {logging_mixin.py:188} INFO - [2025-06-25T21:04:59.737+0000] {settings.py:250} DEBUG - Setting up DB connection pool (PID 2461)
[2025-06-25T21:04:59.741+0000] {logging_mixin.py:188} INFO - [2025-06-25T21:04:59.740+0000] {settings.py:330} DEBUG - settings.prepare_engine_args(): Using pool settings. pool_size=5, max_overflow=10, pool_recycle=1800, pid=2461
[2025-06-25T21:04:59.752+0000] {processor.py:161} INFO - Started process (PID=2461) to work on /opt/airflow/dags/train_dag.py
[2025-06-25T21:04:59.753+0000] {processor.py:830} INFO - Processing file /opt/airflow/dags/train_dag.py for tasks to queue
[2025-06-25T21:04:59.755+0000] {logging_mixin.py:188} INFO - [2025-06-25T21:04:59.755+0000] {dagbag.py:545} INFO - Filling up the DagBag from /opt/airflow/dags/train_dag.py
[2025-06-25T21:04:59.771+0000] {logging_mixin.py:188} INFO - [2025-06-25T21:04:59.771+0000] {dagbag.py:337} DEBUG - Importing /opt/airflow/dags/train_dag.py
[2025-06-25T21:04:59.781+0000] {processor.py:842} WARNING - No viable dags retrieved from /opt/airflow/dags/train_dag.py
[2025-06-25T21:04:59.804+0000] {processor.py:183} INFO - Processing /opt/airflow/dags/train_dag.py took 0.067 seconds
[2025-06-25T21:05:30.311+0000] {logging_mixin.py:188} INFO - [2025-06-25T21:05:30.310+0000] {settings.py:250} DEBUG - Setting up DB connection pool (PID 2522)
[2025-06-25T21:05:30.314+0000] {logging_mixin.py:188} INFO - [2025-06-25T21:05:30.313+0000] {settings.py:330} DEBUG - settings.prepare_engine_args(): Using pool settings. pool_size=5, max_overflow=10, pool_recycle=1800, pid=2522
[2025-06-25T21:05:30.330+0000] {processor.py:161} INFO - Started process (PID=2522) to work on /opt/airflow/dags/train_dag.py
[2025-06-25T21:05:30.332+0000] {processor.py:830} INFO - Processing file /opt/airflow/dags/train_dag.py for tasks to queue
[2025-06-25T21:05:30.333+0000] {logging_mixin.py:188} INFO - [2025-06-25T21:05:30.333+0000] {dagbag.py:545} INFO - Filling up the DagBag from /opt/airflow/dags/train_dag.py
[2025-06-25T21:05:30.354+0000] {logging_mixin.py:188} INFO - [2025-06-25T21:05:30.353+0000] {dagbag.py:337} DEBUG - Importing /opt/airflow/dags/train_dag.py
[2025-06-25T21:05:30.364+0000] {processor.py:842} WARNING - No viable dags retrieved from /opt/airflow/dags/train_dag.py
[2025-06-25T21:05:30.386+0000] {processor.py:183} INFO - Processing /opt/airflow/dags/train_dag.py took 0.077 seconds
[2025-06-25T21:06:00.494+0000] {logging_mixin.py:188} INFO - [2025-06-25T21:06:00.493+0000] {settings.py:250} DEBUG - Setting up DB connection pool (PID 2585)
[2025-06-25T21:06:00.496+0000] {logging_mixin.py:188} INFO - [2025-06-25T21:06:00.496+0000] {settings.py:330} DEBUG - settings.prepare_engine_args(): Using pool settings. pool_size=5, max_overflow=10, pool_recycle=1800, pid=2585
[2025-06-25T21:06:00.507+0000] {processor.py:161} INFO - Started process (PID=2585) to work on /opt/airflow/dags/train_dag.py
[2025-06-25T21:06:00.508+0000] {processor.py:830} INFO - Processing file /opt/airflow/dags/train_dag.py for tasks to queue
[2025-06-25T21:06:00.509+0000] {logging_mixin.py:188} INFO - [2025-06-25T21:06:00.509+0000] {dagbag.py:545} INFO - Filling up the DagBag from /opt/airflow/dags/train_dag.py
[2025-06-25T21:06:00.525+0000] {logging_mixin.py:188} INFO - [2025-06-25T21:06:00.525+0000] {dagbag.py:337} DEBUG - Importing /opt/airflow/dags/train_dag.py
[2025-06-25T21:06:00.535+0000] {processor.py:842} WARNING - No viable dags retrieved from /opt/airflow/dags/train_dag.py
[2025-06-25T21:06:00.561+0000] {processor.py:183} INFO - Processing /opt/airflow/dags/train_dag.py took 0.067 seconds
[2025-06-25T21:06:30.934+0000] {logging_mixin.py:188} INFO - [2025-06-25T21:06:30.932+0000] {settings.py:250} DEBUG - Setting up DB connection pool (PID 2649)
[2025-06-25T21:06:30.936+0000] {logging_mixin.py:188} INFO - [2025-06-25T21:06:30.936+0000] {settings.py:330} DEBUG - settings.prepare_engine_args(): Using pool settings. pool_size=5, max_overflow=10, pool_recycle=1800, pid=2649
[2025-06-25T21:06:30.947+0000] {processor.py:161} INFO - Started process (PID=2649) to work on /opt/airflow/dags/train_dag.py
[2025-06-25T21:06:30.949+0000] {processor.py:830} INFO - Processing file /opt/airflow/dags/train_dag.py for tasks to queue
[2025-06-25T21:06:30.950+0000] {logging_mixin.py:188} INFO - [2025-06-25T21:06:30.950+0000] {dagbag.py:545} INFO - Filling up the DagBag from /opt/airflow/dags/train_dag.py
[2025-06-25T21:06:30.968+0000] {logging_mixin.py:188} INFO - [2025-06-25T21:06:30.967+0000] {dagbag.py:337} DEBUG - Importing /opt/airflow/dags/train_dag.py
[2025-06-25T21:06:30.978+0000] {processor.py:842} WARNING - No viable dags retrieved from /opt/airflow/dags/train_dag.py
[2025-06-25T21:06:31.007+0000] {processor.py:183} INFO - Processing /opt/airflow/dags/train_dag.py took 0.075 seconds
[2025-06-25T21:07:01.421+0000] {logging_mixin.py:188} INFO - [2025-06-25T21:07:01.419+0000] {settings.py:250} DEBUG - Setting up DB connection pool (PID 2713)
[2025-06-25T21:07:01.423+0000] {logging_mixin.py:188} INFO - [2025-06-25T21:07:01.423+0000] {settings.py:330} DEBUG - settings.prepare_engine_args(): Using pool settings. pool_size=5, max_overflow=10, pool_recycle=1800, pid=2713
[2025-06-25T21:07:01.437+0000] {processor.py:161} INFO - Started process (PID=2713) to work on /opt/airflow/dags/train_dag.py
[2025-06-25T21:07:01.439+0000] {processor.py:830} INFO - Processing file /opt/airflow/dags/train_dag.py for tasks to queue
[2025-06-25T21:07:01.441+0000] {logging_mixin.py:188} INFO - [2025-06-25T21:07:01.440+0000] {dagbag.py:545} INFO - Filling up the DagBag from /opt/airflow/dags/train_dag.py
[2025-06-25T21:07:01.466+0000] {logging_mixin.py:188} INFO - [2025-06-25T21:07:01.466+0000] {dagbag.py:337} DEBUG - Importing /opt/airflow/dags/train_dag.py
[2025-06-25T21:07:01.477+0000] {processor.py:842} WARNING - No viable dags retrieved from /opt/airflow/dags/train_dag.py
[2025-06-25T21:07:01.507+0000] {processor.py:183} INFO - Processing /opt/airflow/dags/train_dag.py took 0.088 seconds
[2025-06-25T21:07:32.315+0000] {logging_mixin.py:188} INFO - [2025-06-25T21:07:32.314+0000] {settings.py:250} DEBUG - Setting up DB connection pool (PID 2777)
[2025-06-25T21:07:32.318+0000] {logging_mixin.py:188} INFO - [2025-06-25T21:07:32.317+0000] {settings.py:330} DEBUG - settings.prepare_engine_args(): Using pool settings. pool_size=5, max_overflow=10, pool_recycle=1800, pid=2777
[2025-06-25T21:07:32.329+0000] {processor.py:161} INFO - Started process (PID=2777) to work on /opt/airflow/dags/train_dag.py
[2025-06-25T21:07:32.330+0000] {processor.py:830} INFO - Processing file /opt/airflow/dags/train_dag.py for tasks to queue
[2025-06-25T21:07:32.331+0000] {logging_mixin.py:188} INFO - [2025-06-25T21:07:32.331+0000] {dagbag.py:545} INFO - Filling up the DagBag from /opt/airflow/dags/train_dag.py
[2025-06-25T21:07:32.348+0000] {logging_mixin.py:188} INFO - [2025-06-25T21:07:32.348+0000] {dagbag.py:337} DEBUG - Importing /opt/airflow/dags/train_dag.py
[2025-06-25T21:07:32.356+0000] {processor.py:842} WARNING - No viable dags retrieved from /opt/airflow/dags/train_dag.py
[2025-06-25T21:07:32.380+0000] {processor.py:183} INFO - Processing /opt/airflow/dags/train_dag.py took 0.066 seconds
[2025-06-25T21:08:02.836+0000] {logging_mixin.py:188} INFO - [2025-06-25T21:08:02.835+0000] {settings.py:250} DEBUG - Setting up DB connection pool (PID 2841)
[2025-06-25T21:08:02.838+0000] {logging_mixin.py:188} INFO - [2025-06-25T21:08:02.837+0000] {settings.py:330} DEBUG - settings.prepare_engine_args(): Using pool settings. pool_size=5, max_overflow=10, pool_recycle=1800, pid=2841
[2025-06-25T21:08:02.846+0000] {processor.py:161} INFO - Started process (PID=2841) to work on /opt/airflow/dags/train_dag.py
[2025-06-25T21:08:02.847+0000] {processor.py:830} INFO - Processing file /opt/airflow/dags/train_dag.py for tasks to queue
[2025-06-25T21:08:02.849+0000] {logging_mixin.py:188} INFO - [2025-06-25T21:08:02.848+0000] {dagbag.py:545} INFO - Filling up the DagBag from /opt/airflow/dags/train_dag.py
[2025-06-25T21:08:02.866+0000] {logging_mixin.py:188} INFO - [2025-06-25T21:08:02.866+0000] {dagbag.py:337} DEBUG - Importing /opt/airflow/dags/train_dag.py
[2025-06-25T21:08:02.877+0000] {processor.py:842} WARNING - No viable dags retrieved from /opt/airflow/dags/train_dag.py
[2025-06-25T21:08:02.899+0000] {processor.py:183} INFO - Processing /opt/airflow/dags/train_dag.py took 0.065 seconds
[2025-06-25T21:08:33.169+0000] {logging_mixin.py:188} INFO - [2025-06-25T21:08:33.168+0000] {settings.py:250} DEBUG - Setting up DB connection pool (PID 2905)
[2025-06-25T21:08:33.171+0000] {logging_mixin.py:188} INFO - [2025-06-25T21:08:33.171+0000] {settings.py:330} DEBUG - settings.prepare_engine_args(): Using pool settings. pool_size=5, max_overflow=10, pool_recycle=1800, pid=2905
[2025-06-25T21:08:33.186+0000] {processor.py:161} INFO - Started process (PID=2905) to work on /opt/airflow/dags/train_dag.py
[2025-06-25T21:08:33.188+0000] {processor.py:830} INFO - Processing file /opt/airflow/dags/train_dag.py for tasks to queue
[2025-06-25T21:08:33.190+0000] {logging_mixin.py:188} INFO - [2025-06-25T21:08:33.189+0000] {dagbag.py:545} INFO - Filling up the DagBag from /opt/airflow/dags/train_dag.py
[2025-06-25T21:08:33.214+0000] {logging_mixin.py:188} INFO - [2025-06-25T21:08:33.213+0000] {dagbag.py:337} DEBUG - Importing /opt/airflow/dags/train_dag.py
[2025-06-25T21:08:33.226+0000] {processor.py:842} WARNING - No viable dags retrieved from /opt/airflow/dags/train_dag.py
[2025-06-25T21:08:33.258+0000] {processor.py:183} INFO - Processing /opt/airflow/dags/train_dag.py took 0.089 seconds
[2025-06-25T21:09:04.154+0000] {logging_mixin.py:188} INFO - [2025-06-25T21:09:04.152+0000] {settings.py:250} DEBUG - Setting up DB connection pool (PID 2970)
[2025-06-25T21:09:04.155+0000] {logging_mixin.py:188} INFO - [2025-06-25T21:09:04.155+0000] {settings.py:330} DEBUG - settings.prepare_engine_args(): Using pool settings. pool_size=5, max_overflow=10, pool_recycle=1800, pid=2970
[2025-06-25T21:09:04.166+0000] {processor.py:161} INFO - Started process (PID=2970) to work on /opt/airflow/dags/train_dag.py
[2025-06-25T21:09:04.167+0000] {processor.py:830} INFO - Processing file /opt/airflow/dags/train_dag.py for tasks to queue
[2025-06-25T21:09:04.168+0000] {logging_mixin.py:188} INFO - [2025-06-25T21:09:04.168+0000] {dagbag.py:545} INFO - Filling up the DagBag from /opt/airflow/dags/train_dag.py
[2025-06-25T21:09:04.184+0000] {logging_mixin.py:188} INFO - [2025-06-25T21:09:04.184+0000] {dagbag.py:337} DEBUG - Importing /opt/airflow/dags/train_dag.py
[2025-06-25T21:09:04.194+0000] {processor.py:842} WARNING - No viable dags retrieved from /opt/airflow/dags/train_dag.py
[2025-06-25T21:09:04.219+0000] {processor.py:183} INFO - Processing /opt/airflow/dags/train_dag.py took 0.067 seconds
[2025-06-25T21:09:35.037+0000] {logging_mixin.py:188} INFO - [2025-06-25T21:09:35.036+0000] {settings.py:250} DEBUG - Setting up DB connection pool (PID 3034)
[2025-06-25T21:09:35.040+0000] {logging_mixin.py:188} INFO - [2025-06-25T21:09:35.039+0000] {settings.py:330} DEBUG - settings.prepare_engine_args(): Using pool settings. pool_size=5, max_overflow=10, pool_recycle=1800, pid=3034
[2025-06-25T21:09:35.050+0000] {processor.py:161} INFO - Started process (PID=3034) to work on /opt/airflow/dags/train_dag.py
[2025-06-25T21:09:35.051+0000] {processor.py:830} INFO - Processing file /opt/airflow/dags/train_dag.py for tasks to queue
[2025-06-25T21:09:35.053+0000] {logging_mixin.py:188} INFO - [2025-06-25T21:09:35.053+0000] {dagbag.py:545} INFO - Filling up the DagBag from /opt/airflow/dags/train_dag.py
[2025-06-25T21:09:35.071+0000] {logging_mixin.py:188} INFO - [2025-06-25T21:09:35.071+0000] {dagbag.py:337} DEBUG - Importing /opt/airflow/dags/train_dag.py
[2025-06-25T21:09:35.081+0000] {processor.py:842} WARNING - No viable dags retrieved from /opt/airflow/dags/train_dag.py
[2025-06-25T21:09:35.109+0000] {processor.py:183} INFO - Processing /opt/airflow/dags/train_dag.py took 0.073 seconds
[2025-06-25T21:12:29.600+0000] {logging_mixin.py:188} INFO - [2025-06-25T21:12:29.599+0000] {settings.py:250} DEBUG - Setting up DB connection pool (PID 53)
[2025-06-25T21:12:29.601+0000] {logging_mixin.py:188} INFO - [2025-06-25T21:12:29.601+0000] {settings.py:330} DEBUG - settings.prepare_engine_args(): Using pool settings. pool_size=5, max_overflow=10, pool_recycle=1800, pid=53
[2025-06-25T21:12:29.611+0000] {processor.py:161} INFO - Started process (PID=53) to work on /opt/airflow/dags/train_dag.py
[2025-06-25T21:12:29.612+0000] {processor.py:830} INFO - Processing file /opt/airflow/dags/train_dag.py for tasks to queue
[2025-06-25T21:12:29.614+0000] {logging_mixin.py:188} INFO - [2025-06-25T21:12:29.613+0000] {dagbag.py:545} INFO - Filling up the DagBag from /opt/airflow/dags/train_dag.py
[2025-06-25T21:12:29.628+0000] {logging_mixin.py:188} INFO - [2025-06-25T21:12:29.628+0000] {dagbag.py:337} DEBUG - Importing /opt/airflow/dags/train_dag.py
[2025-06-25T21:12:29.637+0000] {processor.py:842} WARNING - No viable dags retrieved from /opt/airflow/dags/train_dag.py
[2025-06-25T21:12:29.664+0000] {processor.py:183} INFO - Processing /opt/airflow/dags/train_dag.py took 0.065 seconds
[2025-06-25T21:13:03.911+0000] {logging_mixin.py:188} INFO - [2025-06-25T21:13:03.910+0000] {settings.py:250} DEBUG - Setting up DB connection pool (PID 121)
[2025-06-25T21:13:03.913+0000] {logging_mixin.py:188} INFO - [2025-06-25T21:13:03.913+0000] {settings.py:330} DEBUG - settings.prepare_engine_args(): Using pool settings. pool_size=5, max_overflow=10, pool_recycle=1800, pid=121
[2025-06-25T21:13:03.923+0000] {processor.py:161} INFO - Started process (PID=121) to work on /opt/airflow/dags/train_dag.py
[2025-06-25T21:13:03.924+0000] {processor.py:830} INFO - Processing file /opt/airflow/dags/train_dag.py for tasks to queue
[2025-06-25T21:13:03.925+0000] {logging_mixin.py:188} INFO - [2025-06-25T21:13:03.925+0000] {dagbag.py:545} INFO - Filling up the DagBag from /opt/airflow/dags/train_dag.py
[2025-06-25T21:13:03.942+0000] {logging_mixin.py:188} INFO - [2025-06-25T21:13:03.941+0000] {dagbag.py:337} DEBUG - Importing /opt/airflow/dags/train_dag.py
[2025-06-25T21:13:03.951+0000] {processor.py:842} WARNING - No viable dags retrieved from /opt/airflow/dags/train_dag.py
[2025-06-25T21:13:03.977+0000] {processor.py:183} INFO - Processing /opt/airflow/dags/train_dag.py took 0.067 seconds
[2025-06-25T21:13:38.416+0000] {logging_mixin.py:188} INFO - [2025-06-25T21:13:38.415+0000] {settings.py:250} DEBUG - Setting up DB connection pool (PID 185)
[2025-06-25T21:13:38.418+0000] {logging_mixin.py:188} INFO - [2025-06-25T21:13:38.418+0000] {settings.py:330} DEBUG - settings.prepare_engine_args(): Using pool settings. pool_size=5, max_overflow=10, pool_recycle=1800, pid=185
[2025-06-25T21:13:38.428+0000] {processor.py:161} INFO - Started process (PID=185) to work on /opt/airflow/dags/train_dag.py
[2025-06-25T21:13:38.429+0000] {processor.py:830} INFO - Processing file /opt/airflow/dags/train_dag.py for tasks to queue
[2025-06-25T21:13:38.431+0000] {logging_mixin.py:188} INFO - [2025-06-25T21:13:38.430+0000] {dagbag.py:545} INFO - Filling up the DagBag from /opt/airflow/dags/train_dag.py
[2025-06-25T21:13:38.445+0000] {logging_mixin.py:188} INFO - [2025-06-25T21:13:38.444+0000] {dagbag.py:337} DEBUG - Importing /opt/airflow/dags/train_dag.py
[2025-06-25T21:13:38.454+0000] {processor.py:842} WARNING - No viable dags retrieved from /opt/airflow/dags/train_dag.py
[2025-06-25T21:13:38.484+0000] {processor.py:183} INFO - Processing /opt/airflow/dags/train_dag.py took 0.069 seconds
[2025-06-25T21:14:13.128+0000] {logging_mixin.py:188} INFO - [2025-06-25T21:14:13.127+0000] {settings.py:250} DEBUG - Setting up DB connection pool (PID 249)
[2025-06-25T21:14:13.130+0000] {logging_mixin.py:188} INFO - [2025-06-25T21:14:13.129+0000] {settings.py:330} DEBUG - settings.prepare_engine_args(): Using pool settings. pool_size=5, max_overflow=10, pool_recycle=1800, pid=249
[2025-06-25T21:14:13.140+0000] {processor.py:161} INFO - Started process (PID=249) to work on /opt/airflow/dags/train_dag.py
[2025-06-25T21:14:13.141+0000] {processor.py:830} INFO - Processing file /opt/airflow/dags/train_dag.py for tasks to queue
[2025-06-25T21:14:13.143+0000] {logging_mixin.py:188} INFO - [2025-06-25T21:14:13.142+0000] {dagbag.py:545} INFO - Filling up the DagBag from /opt/airflow/dags/train_dag.py
[2025-06-25T21:14:13.160+0000] {logging_mixin.py:188} INFO - [2025-06-25T21:14:13.160+0000] {dagbag.py:337} DEBUG - Importing /opt/airflow/dags/train_dag.py
[2025-06-25T21:14:13.169+0000] {processor.py:842} WARNING - No viable dags retrieved from /opt/airflow/dags/train_dag.py
[2025-06-25T21:14:13.196+0000] {processor.py:183} INFO - Processing /opt/airflow/dags/train_dag.py took 0.069 seconds
[2025-06-25T21:14:47.707+0000] {logging_mixin.py:188} INFO - [2025-06-25T21:14:47.706+0000] {settings.py:250} DEBUG - Setting up DB connection pool (PID 313)
[2025-06-25T21:14:47.709+0000] {logging_mixin.py:188} INFO - [2025-06-25T21:14:47.709+0000] {settings.py:330} DEBUG - settings.prepare_engine_args(): Using pool settings. pool_size=5, max_overflow=10, pool_recycle=1800, pid=313
[2025-06-25T21:14:47.718+0000] {processor.py:161} INFO - Started process (PID=313) to work on /opt/airflow/dags/train_dag.py
[2025-06-25T21:14:47.719+0000] {processor.py:830} INFO - Processing file /opt/airflow/dags/train_dag.py for tasks to queue
[2025-06-25T21:14:47.720+0000] {logging_mixin.py:188} INFO - [2025-06-25T21:14:47.720+0000] {dagbag.py:545} INFO - Filling up the DagBag from /opt/airflow/dags/train_dag.py
[2025-06-25T21:14:47.741+0000] {logging_mixin.py:188} INFO - [2025-06-25T21:14:47.740+0000] {dagbag.py:337} DEBUG - Importing /opt/airflow/dags/train_dag.py
[2025-06-25T21:14:47.747+0000] {processor.py:842} WARNING - No viable dags retrieved from /opt/airflow/dags/train_dag.py
[2025-06-25T21:14:47.770+0000] {processor.py:183} INFO - Processing /opt/airflow/dags/train_dag.py took 0.063 seconds
[2025-06-25T21:15:22.691+0000] {logging_mixin.py:188} INFO - [2025-06-25T21:15:22.690+0000] {settings.py:250} DEBUG - Setting up DB connection pool (PID 377)
[2025-06-25T21:15:22.693+0000] {logging_mixin.py:188} INFO - [2025-06-25T21:15:22.693+0000] {settings.py:330} DEBUG - settings.prepare_engine_args(): Using pool settings. pool_size=5, max_overflow=10, pool_recycle=1800, pid=377
[2025-06-25T21:15:22.703+0000] {processor.py:161} INFO - Started process (PID=377) to work on /opt/airflow/dags/train_dag.py
[2025-06-25T21:15:22.705+0000] {processor.py:830} INFO - Processing file /opt/airflow/dags/train_dag.py for tasks to queue
[2025-06-25T21:15:22.706+0000] {logging_mixin.py:188} INFO - [2025-06-25T21:15:22.706+0000] {dagbag.py:545} INFO - Filling up the DagBag from /opt/airflow/dags/train_dag.py
[2025-06-25T21:15:22.722+0000] {logging_mixin.py:188} INFO - [2025-06-25T21:15:22.721+0000] {dagbag.py:337} DEBUG - Importing /opt/airflow/dags/train_dag.py
[2025-06-25T21:15:22.730+0000] {processor.py:842} WARNING - No viable dags retrieved from /opt/airflow/dags/train_dag.py
[2025-06-25T21:15:22.755+0000] {processor.py:183} INFO - Processing /opt/airflow/dags/train_dag.py took 0.065 seconds
[2025-06-25T21:15:57.017+0000] {logging_mixin.py:188} INFO - [2025-06-25T21:15:57.016+0000] {settings.py:250} DEBUG - Setting up DB connection pool (PID 447)
[2025-06-25T21:15:57.019+0000] {logging_mixin.py:188} INFO - [2025-06-25T21:15:57.019+0000] {settings.py:330} DEBUG - settings.prepare_engine_args(): Using pool settings. pool_size=5, max_overflow=10, pool_recycle=1800, pid=447
[2025-06-25T21:15:57.028+0000] {processor.py:161} INFO - Started process (PID=447) to work on /opt/airflow/dags/train_dag.py
[2025-06-25T21:15:57.029+0000] {processor.py:830} INFO - Processing file /opt/airflow/dags/train_dag.py for tasks to queue
[2025-06-25T21:15:57.031+0000] {logging_mixin.py:188} INFO - [2025-06-25T21:15:57.030+0000] {dagbag.py:545} INFO - Filling up the DagBag from /opt/airflow/dags/train_dag.py
[2025-06-25T21:15:57.051+0000] {logging_mixin.py:188} INFO - [2025-06-25T21:15:57.050+0000] {dagbag.py:337} DEBUG - Importing /opt/airflow/dags/train_dag.py
[2025-06-25T21:15:57.060+0000] {processor.py:842} WARNING - No viable dags retrieved from /opt/airflow/dags/train_dag.py
[2025-06-25T21:15:57.081+0000] {processor.py:183} INFO - Processing /opt/airflow/dags/train_dag.py took 0.065 seconds
[2025-06-25T21:16:31.537+0000] {logging_mixin.py:188} INFO - [2025-06-25T21:16:31.535+0000] {settings.py:250} DEBUG - Setting up DB connection pool (PID 511)
[2025-06-25T21:16:31.539+0000] {logging_mixin.py:188} INFO - [2025-06-25T21:16:31.538+0000] {settings.py:330} DEBUG - settings.prepare_engine_args(): Using pool settings. pool_size=5, max_overflow=10, pool_recycle=1800, pid=511
[2025-06-25T21:16:31.550+0000] {processor.py:161} INFO - Started process (PID=511) to work on /opt/airflow/dags/train_dag.py
[2025-06-25T21:16:31.551+0000] {processor.py:830} INFO - Processing file /opt/airflow/dags/train_dag.py for tasks to queue
[2025-06-25T21:16:31.552+0000] {logging_mixin.py:188} INFO - [2025-06-25T21:16:31.552+0000] {dagbag.py:545} INFO - Filling up the DagBag from /opt/airflow/dags/train_dag.py
[2025-06-25T21:16:31.569+0000] {logging_mixin.py:188} INFO - [2025-06-25T21:16:31.569+0000] {dagbag.py:337} DEBUG - Importing /opt/airflow/dags/train_dag.py
[2025-06-25T21:16:31.578+0000] {processor.py:842} WARNING - No viable dags retrieved from /opt/airflow/dags/train_dag.py
[2025-06-25T21:16:31.602+0000] {processor.py:183} INFO - Processing /opt/airflow/dags/train_dag.py took 0.067 seconds
[2025-06-25T21:17:06.113+0000] {logging_mixin.py:188} INFO - [2025-06-25T21:17:06.111+0000] {settings.py:250} DEBUG - Setting up DB connection pool (PID 575)
[2025-06-25T21:17:06.114+0000] {logging_mixin.py:188} INFO - [2025-06-25T21:17:06.114+0000] {settings.py:330} DEBUG - settings.prepare_engine_args(): Using pool settings. pool_size=5, max_overflow=10, pool_recycle=1800, pid=575
[2025-06-25T21:17:06.123+0000] {processor.py:161} INFO - Started process (PID=575) to work on /opt/airflow/dags/train_dag.py
[2025-06-25T21:17:06.125+0000] {processor.py:830} INFO - Processing file /opt/airflow/dags/train_dag.py for tasks to queue
[2025-06-25T21:17:06.126+0000] {logging_mixin.py:188} INFO - [2025-06-25T21:17:06.126+0000] {dagbag.py:545} INFO - Filling up the DagBag from /opt/airflow/dags/train_dag.py
[2025-06-25T21:17:06.143+0000] {logging_mixin.py:188} INFO - [2025-06-25T21:17:06.143+0000] {dagbag.py:337} DEBUG - Importing /opt/airflow/dags/train_dag.py
[2025-06-25T21:17:06.151+0000] {processor.py:842} WARNING - No viable dags retrieved from /opt/airflow/dags/train_dag.py
[2025-06-25T21:17:06.175+0000] {processor.py:183} INFO - Processing /opt/airflow/dags/train_dag.py took 0.064 seconds
[2025-06-25T21:17:40.520+0000] {logging_mixin.py:188} INFO - [2025-06-25T21:17:40.519+0000] {settings.py:250} DEBUG - Setting up DB connection pool (PID 639)
[2025-06-25T21:17:40.522+0000] {logging_mixin.py:188} INFO - [2025-06-25T21:17:40.522+0000] {settings.py:330} DEBUG - settings.prepare_engine_args(): Using pool settings. pool_size=5, max_overflow=10, pool_recycle=1800, pid=639
[2025-06-25T21:17:40.532+0000] {processor.py:161} INFO - Started process (PID=639) to work on /opt/airflow/dags/train_dag.py
[2025-06-25T21:17:40.533+0000] {processor.py:830} INFO - Processing file /opt/airflow/dags/train_dag.py for tasks to queue
[2025-06-25T21:17:40.534+0000] {logging_mixin.py:188} INFO - [2025-06-25T21:17:40.534+0000] {dagbag.py:545} INFO - Filling up the DagBag from /opt/airflow/dags/train_dag.py
[2025-06-25T21:17:40.551+0000] {logging_mixin.py:188} INFO - [2025-06-25T21:17:40.550+0000] {dagbag.py:337} DEBUG - Importing /opt/airflow/dags/train_dag.py
[2025-06-25T21:17:40.560+0000] {processor.py:842} WARNING - No viable dags retrieved from /opt/airflow/dags/train_dag.py
[2025-06-25T21:17:40.583+0000] {processor.py:183} INFO - Processing /opt/airflow/dags/train_dag.py took 0.065 seconds
[2025-06-25T21:18:14.809+0000] {logging_mixin.py:188} INFO - [2025-06-25T21:18:14.808+0000] {settings.py:250} DEBUG - Setting up DB connection pool (PID 703)
[2025-06-25T21:18:14.813+0000] {logging_mixin.py:188} INFO - [2025-06-25T21:18:14.812+0000] {settings.py:330} DEBUG - settings.prepare_engine_args(): Using pool settings. pool_size=5, max_overflow=10, pool_recycle=1800, pid=703
[2025-06-25T21:18:14.831+0000] {processor.py:161} INFO - Started process (PID=703) to work on /opt/airflow/dags/train_dag.py
[2025-06-25T21:18:14.832+0000] {processor.py:830} INFO - Processing file /opt/airflow/dags/train_dag.py for tasks to queue
[2025-06-25T21:18:14.834+0000] {logging_mixin.py:188} INFO - [2025-06-25T21:18:14.833+0000] {dagbag.py:545} INFO - Filling up the DagBag from /opt/airflow/dags/train_dag.py
[2025-06-25T21:18:14.849+0000] {logging_mixin.py:188} INFO - [2025-06-25T21:18:14.849+0000] {dagbag.py:337} DEBUG - Importing /opt/airflow/dags/train_dag.py
[2025-06-25T21:18:14.862+0000] {processor.py:842} WARNING - No viable dags retrieved from /opt/airflow/dags/train_dag.py
[2025-06-25T21:18:14.885+0000] {processor.py:183} INFO - Processing /opt/airflow/dags/train_dag.py took 0.077 seconds
[2025-06-25T21:18:49.459+0000] {logging_mixin.py:188} INFO - [2025-06-25T21:18:49.458+0000] {settings.py:250} DEBUG - Setting up DB connection pool (PID 767)
[2025-06-25T21:18:49.461+0000] {logging_mixin.py:188} INFO - [2025-06-25T21:18:49.460+0000] {settings.py:330} DEBUG - settings.prepare_engine_args(): Using pool settings. pool_size=5, max_overflow=10, pool_recycle=1800, pid=767
[2025-06-25T21:18:49.471+0000] {processor.py:161} INFO - Started process (PID=767) to work on /opt/airflow/dags/train_dag.py
[2025-06-25T21:18:49.473+0000] {processor.py:830} INFO - Processing file /opt/airflow/dags/train_dag.py for tasks to queue
[2025-06-25T21:18:49.474+0000] {logging_mixin.py:188} INFO - [2025-06-25T21:18:49.474+0000] {dagbag.py:545} INFO - Filling up the DagBag from /opt/airflow/dags/train_dag.py
[2025-06-25T21:18:49.492+0000] {logging_mixin.py:188} INFO - [2025-06-25T21:18:49.492+0000] {dagbag.py:337} DEBUG - Importing /opt/airflow/dags/train_dag.py
[2025-06-25T21:18:49.502+0000] {processor.py:842} WARNING - No viable dags retrieved from /opt/airflow/dags/train_dag.py
[2025-06-25T21:18:49.527+0000] {processor.py:183} INFO - Processing /opt/airflow/dags/train_dag.py took 0.069 seconds
[2025-06-25T21:19:23.798+0000] {logging_mixin.py:188} INFO - [2025-06-25T21:19:23.797+0000] {settings.py:250} DEBUG - Setting up DB connection pool (PID 831)
[2025-06-25T21:19:23.800+0000] {logging_mixin.py:188} INFO - [2025-06-25T21:19:23.800+0000] {settings.py:330} DEBUG - settings.prepare_engine_args(): Using pool settings. pool_size=5, max_overflow=10, pool_recycle=1800, pid=831
[2025-06-25T21:19:23.809+0000] {processor.py:161} INFO - Started process (PID=831) to work on /opt/airflow/dags/train_dag.py
[2025-06-25T21:19:23.811+0000] {processor.py:830} INFO - Processing file /opt/airflow/dags/train_dag.py for tasks to queue
[2025-06-25T21:19:23.812+0000] {logging_mixin.py:188} INFO - [2025-06-25T21:19:23.812+0000] {dagbag.py:545} INFO - Filling up the DagBag from /opt/airflow/dags/train_dag.py
[2025-06-25T21:19:23.831+0000] {logging_mixin.py:188} INFO - [2025-06-25T21:19:23.830+0000] {dagbag.py:337} DEBUG - Importing /opt/airflow/dags/train_dag.py
[2025-06-25T21:19:23.839+0000] {processor.py:842} WARNING - No viable dags retrieved from /opt/airflow/dags/train_dag.py
[2025-06-25T21:19:23.860+0000] {processor.py:183} INFO - Processing /opt/airflow/dags/train_dag.py took 0.063 seconds
[2025-06-25T21:19:57.989+0000] {logging_mixin.py:188} INFO - [2025-06-25T21:19:57.988+0000] {settings.py:250} DEBUG - Setting up DB connection pool (PID 902)
[2025-06-25T21:19:57.991+0000] {logging_mixin.py:188} INFO - [2025-06-25T21:19:57.991+0000] {settings.py:330} DEBUG - settings.prepare_engine_args(): Using pool settings. pool_size=5, max_overflow=10, pool_recycle=1800, pid=902
[2025-06-25T21:19:58.001+0000] {processor.py:161} INFO - Started process (PID=902) to work on /opt/airflow/dags/train_dag.py
[2025-06-25T21:19:58.002+0000] {processor.py:830} INFO - Processing file /opt/airflow/dags/train_dag.py for tasks to queue
[2025-06-25T21:19:58.004+0000] {logging_mixin.py:188} INFO - [2025-06-25T21:19:58.003+0000] {dagbag.py:545} INFO - Filling up the DagBag from /opt/airflow/dags/train_dag.py
[2025-06-25T21:19:58.022+0000] {logging_mixin.py:188} INFO - [2025-06-25T21:19:58.022+0000] {dagbag.py:337} DEBUG - Importing /opt/airflow/dags/train_dag.py
[2025-06-25T21:19:58.033+0000] {processor.py:842} WARNING - No viable dags retrieved from /opt/airflow/dags/train_dag.py
[2025-06-25T21:19:58.059+0000] {processor.py:183} INFO - Processing /opt/airflow/dags/train_dag.py took 0.071 seconds
[2025-06-25T21:20:28.456+0000] {logging_mixin.py:188} INFO - [2025-06-25T21:20:28.453+0000] {settings.py:250} DEBUG - Setting up DB connection pool (PID 964)
[2025-06-25T21:20:28.459+0000] {logging_mixin.py:188} INFO - [2025-06-25T21:20:28.458+0000] {settings.py:330} DEBUG - settings.prepare_engine_args(): Using pool settings. pool_size=5, max_overflow=10, pool_recycle=1800, pid=964
[2025-06-25T21:20:28.488+0000] {processor.py:161} INFO - Started process (PID=964) to work on /opt/airflow/dags/train_dag.py
[2025-06-25T21:20:28.490+0000] {processor.py:830} INFO - Processing file /opt/airflow/dags/train_dag.py for tasks to queue
[2025-06-25T21:20:28.492+0000] {logging_mixin.py:188} INFO - [2025-06-25T21:20:28.492+0000] {dagbag.py:545} INFO - Filling up the DagBag from /opt/airflow/dags/train_dag.py
[2025-06-25T21:20:28.514+0000] {logging_mixin.py:188} INFO - [2025-06-25T21:20:28.513+0000] {dagbag.py:337} DEBUG - Importing /opt/airflow/dags/train_dag.py
[2025-06-25T21:20:28.524+0000] {processor.py:842} WARNING - No viable dags retrieved from /opt/airflow/dags/train_dag.py
[2025-06-25T21:20:28.567+0000] {processor.py:183} INFO - Processing /opt/airflow/dags/train_dag.py took 0.113 seconds
[2025-06-25T21:20:58.828+0000] {logging_mixin.py:188} INFO - [2025-06-25T21:20:58.826+0000] {settings.py:250} DEBUG - Setting up DB connection pool (PID 1026)
[2025-06-25T21:20:58.830+0000] {logging_mixin.py:188} INFO - [2025-06-25T21:20:58.830+0000] {settings.py:330} DEBUG - settings.prepare_engine_args(): Using pool settings. pool_size=5, max_overflow=10, pool_recycle=1800, pid=1026
[2025-06-25T21:20:58.843+0000] {processor.py:161} INFO - Started process (PID=1026) to work on /opt/airflow/dags/train_dag.py
[2025-06-25T21:20:58.845+0000] {processor.py:830} INFO - Processing file /opt/airflow/dags/train_dag.py for tasks to queue
[2025-06-25T21:20:58.846+0000] {logging_mixin.py:188} INFO - [2025-06-25T21:20:58.846+0000] {dagbag.py:545} INFO - Filling up the DagBag from /opt/airflow/dags/train_dag.py
[2025-06-25T21:20:58.865+0000] {logging_mixin.py:188} INFO - [2025-06-25T21:20:58.864+0000] {dagbag.py:337} DEBUG - Importing /opt/airflow/dags/train_dag.py
[2025-06-25T21:20:58.878+0000] {processor.py:842} WARNING - No viable dags retrieved from /opt/airflow/dags/train_dag.py
[2025-06-25T21:20:58.918+0000] {processor.py:183} INFO - Processing /opt/airflow/dags/train_dag.py took 0.091 seconds
[2025-06-25T21:21:29.541+0000] {logging_mixin.py:188} INFO - [2025-06-25T21:21:29.540+0000] {settings.py:250} DEBUG - Setting up DB connection pool (PID 1090)
[2025-06-25T21:21:29.544+0000] {logging_mixin.py:188} INFO - [2025-06-25T21:21:29.543+0000] {settings.py:330} DEBUG - settings.prepare_engine_args(): Using pool settings. pool_size=5, max_overflow=10, pool_recycle=1800, pid=1090
[2025-06-25T21:21:29.556+0000] {processor.py:161} INFO - Started process (PID=1090) to work on /opt/airflow/dags/train_dag.py
[2025-06-25T21:21:29.557+0000] {processor.py:830} INFO - Processing file /opt/airflow/dags/train_dag.py for tasks to queue
[2025-06-25T21:21:29.558+0000] {logging_mixin.py:188} INFO - [2025-06-25T21:21:29.558+0000] {dagbag.py:545} INFO - Filling up the DagBag from /opt/airflow/dags/train_dag.py
[2025-06-25T21:21:29.578+0000] {logging_mixin.py:188} INFO - [2025-06-25T21:21:29.577+0000] {dagbag.py:337} DEBUG - Importing /opt/airflow/dags/train_dag.py
[2025-06-25T21:21:29.587+0000] {processor.py:842} WARNING - No viable dags retrieved from /opt/airflow/dags/train_dag.py
[2025-06-25T21:21:29.614+0000] {processor.py:183} INFO - Processing /opt/airflow/dags/train_dag.py took 0.074 seconds
[2025-06-25T21:22:00.497+0000] {logging_mixin.py:188} INFO - [2025-06-25T21:22:00.495+0000] {settings.py:250} DEBUG - Setting up DB connection pool (PID 1154)
[2025-06-25T21:22:00.499+0000] {logging_mixin.py:188} INFO - [2025-06-25T21:22:00.499+0000] {settings.py:330} DEBUG - settings.prepare_engine_args(): Using pool settings. pool_size=5, max_overflow=10, pool_recycle=1800, pid=1154
[2025-06-25T21:22:00.516+0000] {processor.py:161} INFO - Started process (PID=1154) to work on /opt/airflow/dags/train_dag.py
[2025-06-25T21:22:00.517+0000] {processor.py:830} INFO - Processing file /opt/airflow/dags/train_dag.py for tasks to queue
[2025-06-25T21:22:00.519+0000] {logging_mixin.py:188} INFO - [2025-06-25T21:22:00.519+0000] {dagbag.py:545} INFO - Filling up the DagBag from /opt/airflow/dags/train_dag.py
[2025-06-25T21:22:00.539+0000] {logging_mixin.py:188} INFO - [2025-06-25T21:22:00.538+0000] {dagbag.py:337} DEBUG - Importing /opt/airflow/dags/train_dag.py
[2025-06-25T21:22:00.549+0000] {processor.py:842} WARNING - No viable dags retrieved from /opt/airflow/dags/train_dag.py
[2025-06-25T21:22:00.583+0000] {processor.py:183} INFO - Processing /opt/airflow/dags/train_dag.py took 0.088 seconds
[2025-06-25T21:22:30.823+0000] {logging_mixin.py:188} INFO - [2025-06-25T21:22:30.821+0000] {settings.py:250} DEBUG - Setting up DB connection pool (PID 1218)
[2025-06-25T21:22:30.825+0000] {logging_mixin.py:188} INFO - [2025-06-25T21:22:30.825+0000] {settings.py:330} DEBUG - settings.prepare_engine_args(): Using pool settings. pool_size=5, max_overflow=10, pool_recycle=1800, pid=1218
[2025-06-25T21:22:30.840+0000] {processor.py:161} INFO - Started process (PID=1218) to work on /opt/airflow/dags/train_dag.py
[2025-06-25T21:22:30.841+0000] {processor.py:830} INFO - Processing file /opt/airflow/dags/train_dag.py for tasks to queue
[2025-06-25T21:22:30.843+0000] {logging_mixin.py:188} INFO - [2025-06-25T21:22:30.842+0000] {dagbag.py:545} INFO - Filling up the DagBag from /opt/airflow/dags/train_dag.py
[2025-06-25T21:22:30.860+0000] {logging_mixin.py:188} INFO - [2025-06-25T21:22:30.860+0000] {dagbag.py:337} DEBUG - Importing /opt/airflow/dags/train_dag.py
[2025-06-25T21:22:30.870+0000] {processor.py:842} WARNING - No viable dags retrieved from /opt/airflow/dags/train_dag.py
[2025-06-25T21:22:30.907+0000] {processor.py:183} INFO - Processing /opt/airflow/dags/train_dag.py took 0.086 seconds
[2025-06-25T21:23:01.152+0000] {logging_mixin.py:188} INFO - [2025-06-25T21:23:01.151+0000] {settings.py:250} DEBUG - Setting up DB connection pool (PID 1282)
[2025-06-25T21:23:01.154+0000] {logging_mixin.py:188} INFO - [2025-06-25T21:23:01.154+0000] {settings.py:330} DEBUG - settings.prepare_engine_args(): Using pool settings. pool_size=5, max_overflow=10, pool_recycle=1800, pid=1282
[2025-06-25T21:23:01.165+0000] {processor.py:161} INFO - Started process (PID=1282) to work on /opt/airflow/dags/train_dag.py
[2025-06-25T21:23:01.166+0000] {processor.py:830} INFO - Processing file /opt/airflow/dags/train_dag.py for tasks to queue
[2025-06-25T21:23:01.168+0000] {logging_mixin.py:188} INFO - [2025-06-25T21:23:01.167+0000] {dagbag.py:545} INFO - Filling up the DagBag from /opt/airflow/dags/train_dag.py
[2025-06-25T21:23:01.184+0000] {logging_mixin.py:188} INFO - [2025-06-25T21:23:01.183+0000] {dagbag.py:337} DEBUG - Importing /opt/airflow/dags/train_dag.py
[2025-06-25T21:23:01.192+0000] {processor.py:842} WARNING - No viable dags retrieved from /opt/airflow/dags/train_dag.py
[2025-06-25T21:23:01.220+0000] {processor.py:183} INFO - Processing /opt/airflow/dags/train_dag.py took 0.069 seconds
[2025-06-25T21:23:31.862+0000] {logging_mixin.py:188} INFO - [2025-06-25T21:23:31.861+0000] {settings.py:250} DEBUG - Setting up DB connection pool (PID 1346)
[2025-06-25T21:23:31.865+0000] {logging_mixin.py:188} INFO - [2025-06-25T21:23:31.864+0000] {settings.py:330} DEBUG - settings.prepare_engine_args(): Using pool settings. pool_size=5, max_overflow=10, pool_recycle=1800, pid=1346
[2025-06-25T21:23:31.875+0000] {processor.py:161} INFO - Started process (PID=1346) to work on /opt/airflow/dags/train_dag.py
[2025-06-25T21:23:31.876+0000] {processor.py:830} INFO - Processing file /opt/airflow/dags/train_dag.py for tasks to queue
[2025-06-25T21:23:31.878+0000] {logging_mixin.py:188} INFO - [2025-06-25T21:23:31.878+0000] {dagbag.py:545} INFO - Filling up the DagBag from /opt/airflow/dags/train_dag.py
[2025-06-25T21:23:31.893+0000] {logging_mixin.py:188} INFO - [2025-06-25T21:23:31.893+0000] {dagbag.py:337} DEBUG - Importing /opt/airflow/dags/train_dag.py
[2025-06-25T21:23:31.902+0000] {processor.py:842} WARNING - No viable dags retrieved from /opt/airflow/dags/train_dag.py
[2025-06-25T21:23:31.927+0000] {processor.py:183} INFO - Processing /opt/airflow/dags/train_dag.py took 0.066 seconds
[2025-06-25T21:24:05.687+0000] {logging_mixin.py:188} INFO - [2025-06-25T21:24:05.686+0000] {settings.py:250} DEBUG - Setting up DB connection pool (PID 1406)
[2025-06-25T21:24:05.689+0000] {logging_mixin.py:188} INFO - [2025-06-25T21:24:05.689+0000] {settings.py:330} DEBUG - settings.prepare_engine_args(): Using pool settings. pool_size=5, max_overflow=10, pool_recycle=1800, pid=1406
[2025-06-25T21:24:05.698+0000] {processor.py:161} INFO - Started process (PID=1406) to work on /opt/airflow/dags/train_dag.py
[2025-06-25T21:24:05.700+0000] {processor.py:830} INFO - Processing file /opt/airflow/dags/train_dag.py for tasks to queue
[2025-06-25T21:24:05.702+0000] {logging_mixin.py:188} INFO - [2025-06-25T21:24:05.701+0000] {dagbag.py:545} INFO - Filling up the DagBag from /opt/airflow/dags/train_dag.py
[2025-06-25T21:24:05.717+0000] {logging_mixin.py:188} INFO - [2025-06-25T21:24:05.717+0000] {dagbag.py:337} DEBUG - Importing /opt/airflow/dags/train_dag.py
[2025-06-25T21:24:05.726+0000] {processor.py:842} WARNING - No viable dags retrieved from /opt/airflow/dags/train_dag.py
[2025-06-25T21:24:05.752+0000] {processor.py:183} INFO - Processing /opt/airflow/dags/train_dag.py took 0.066 seconds
[2025-06-25T21:24:35.864+0000] {logging_mixin.py:188} INFO - [2025-06-25T21:24:35.863+0000] {settings.py:250} DEBUG - Setting up DB connection pool (PID 1430)
[2025-06-25T21:24:35.867+0000] {logging_mixin.py:188} INFO - [2025-06-25T21:24:35.866+0000] {settings.py:330} DEBUG - settings.prepare_engine_args(): Using pool settings. pool_size=5, max_overflow=10, pool_recycle=1800, pid=1430
[2025-06-25T21:24:35.877+0000] {processor.py:161} INFO - Started process (PID=1430) to work on /opt/airflow/dags/train_dag.py
[2025-06-25T21:24:35.879+0000] {processor.py:830} INFO - Processing file /opt/airflow/dags/train_dag.py for tasks to queue
[2025-06-25T21:24:35.880+0000] {logging_mixin.py:188} INFO - [2025-06-25T21:24:35.880+0000] {dagbag.py:545} INFO - Filling up the DagBag from /opt/airflow/dags/train_dag.py
[2025-06-25T21:24:35.897+0000] {logging_mixin.py:188} INFO - [2025-06-25T21:24:35.897+0000] {dagbag.py:337} DEBUG - Importing /opt/airflow/dags/train_dag.py
[2025-06-25T21:24:35.906+0000] {processor.py:842} WARNING - No viable dags retrieved from /opt/airflow/dags/train_dag.py
[2025-06-25T21:24:35.934+0000] {processor.py:183} INFO - Processing /opt/airflow/dags/train_dag.py took 0.071 seconds
[2025-06-25T21:25:09.790+0000] {logging_mixin.py:188} INFO - [2025-06-25T21:25:09.789+0000] {settings.py:250} DEBUG - Setting up DB connection pool (PID 1490)
[2025-06-25T21:25:09.793+0000] {logging_mixin.py:188} INFO - [2025-06-25T21:25:09.793+0000] {settings.py:330} DEBUG - settings.prepare_engine_args(): Using pool settings. pool_size=5, max_overflow=10, pool_recycle=1800, pid=1490
[2025-06-25T21:25:09.802+0000] {processor.py:161} INFO - Started process (PID=1490) to work on /opt/airflow/dags/train_dag.py
[2025-06-25T21:25:09.803+0000] {processor.py:830} INFO - Processing file /opt/airflow/dags/train_dag.py for tasks to queue
[2025-06-25T21:25:09.804+0000] {logging_mixin.py:188} INFO - [2025-06-25T21:25:09.804+0000] {dagbag.py:545} INFO - Filling up the DagBag from /opt/airflow/dags/train_dag.py
[2025-06-25T21:25:09.822+0000] {logging_mixin.py:188} INFO - [2025-06-25T21:25:09.821+0000] {dagbag.py:337} DEBUG - Importing /opt/airflow/dags/train_dag.py
[2025-06-25T21:25:09.831+0000] {processor.py:842} WARNING - No viable dags retrieved from /opt/airflow/dags/train_dag.py
[2025-06-25T21:25:09.854+0000] {processor.py:183} INFO - Processing /opt/airflow/dags/train_dag.py took 0.065 seconds
[2025-06-25T21:25:43.760+0000] {logging_mixin.py:188} INFO - [2025-06-25T21:25:43.759+0000] {settings.py:250} DEBUG - Setting up DB connection pool (PID 1552)
[2025-06-25T21:25:43.762+0000] {logging_mixin.py:188} INFO - [2025-06-25T21:25:43.762+0000] {settings.py:330} DEBUG - settings.prepare_engine_args(): Using pool settings. pool_size=5, max_overflow=10, pool_recycle=1800, pid=1552
[2025-06-25T21:25:43.776+0000] {processor.py:161} INFO - Started process (PID=1552) to work on /opt/airflow/dags/train_dag.py
[2025-06-25T21:25:43.777+0000] {processor.py:830} INFO - Processing file /opt/airflow/dags/train_dag.py for tasks to queue
[2025-06-25T21:25:43.779+0000] {logging_mixin.py:188} INFO - [2025-06-25T21:25:43.778+0000] {dagbag.py:545} INFO - Filling up the DagBag from /opt/airflow/dags/train_dag.py
[2025-06-25T21:25:43.797+0000] {logging_mixin.py:188} INFO - [2025-06-25T21:25:43.796+0000] {dagbag.py:337} DEBUG - Importing /opt/airflow/dags/train_dag.py
[2025-06-25T21:25:43.808+0000] {processor.py:842} WARNING - No viable dags retrieved from /opt/airflow/dags/train_dag.py
[2025-06-25T21:25:43.835+0000] {processor.py:183} INFO - Processing /opt/airflow/dags/train_dag.py took 0.076 seconds
[2025-06-25T21:26:14.292+0000] {logging_mixin.py:188} INFO - [2025-06-25T21:26:14.290+0000] {settings.py:250} DEBUG - Setting up DB connection pool (PID 1615)
[2025-06-25T21:26:14.294+0000] {logging_mixin.py:188} INFO - [2025-06-25T21:26:14.294+0000] {settings.py:330} DEBUG - settings.prepare_engine_args(): Using pool settings. pool_size=5, max_overflow=10, pool_recycle=1800, pid=1615
[2025-06-25T21:26:14.310+0000] {processor.py:161} INFO - Started process (PID=1615) to work on /opt/airflow/dags/train_dag.py
[2025-06-25T21:26:14.312+0000] {processor.py:830} INFO - Processing file /opt/airflow/dags/train_dag.py for tasks to queue
[2025-06-25T21:26:14.313+0000] {logging_mixin.py:188} INFO - [2025-06-25T21:26:14.313+0000] {dagbag.py:545} INFO - Filling up the DagBag from /opt/airflow/dags/train_dag.py
[2025-06-25T21:26:14.330+0000] {logging_mixin.py:188} INFO - [2025-06-25T21:26:14.330+0000] {dagbag.py:337} DEBUG - Importing /opt/airflow/dags/train_dag.py
[2025-06-25T21:26:14.341+0000] {processor.py:842} WARNING - No viable dags retrieved from /opt/airflow/dags/train_dag.py
[2025-06-25T21:26:14.374+0000] {processor.py:183} INFO - Processing /opt/airflow/dags/train_dag.py took 0.084 seconds
[2025-06-25T21:26:44.695+0000] {logging_mixin.py:188} INFO - [2025-06-25T21:26:44.693+0000] {settings.py:250} DEBUG - Setting up DB connection pool (PID 1677)
[2025-06-25T21:26:44.697+0000] {logging_mixin.py:188} INFO - [2025-06-25T21:26:44.697+0000] {settings.py:330} DEBUG - settings.prepare_engine_args(): Using pool settings. pool_size=5, max_overflow=10, pool_recycle=1800, pid=1677
[2025-06-25T21:26:44.713+0000] {processor.py:161} INFO - Started process (PID=1677) to work on /opt/airflow/dags/train_dag.py
[2025-06-25T21:26:44.715+0000] {processor.py:830} INFO - Processing file /opt/airflow/dags/train_dag.py for tasks to queue
[2025-06-25T21:26:44.717+0000] {logging_mixin.py:188} INFO - [2025-06-25T21:26:44.716+0000] {dagbag.py:545} INFO - Filling up the DagBag from /opt/airflow/dags/train_dag.py
[2025-06-25T21:26:44.735+0000] {logging_mixin.py:188} INFO - [2025-06-25T21:26:44.734+0000] {dagbag.py:337} DEBUG - Importing /opt/airflow/dags/train_dag.py
[2025-06-25T21:26:44.745+0000] {processor.py:842} WARNING - No viable dags retrieved from /opt/airflow/dags/train_dag.py
[2025-06-25T21:26:44.779+0000] {processor.py:183} INFO - Processing /opt/airflow/dags/train_dag.py took 0.085 seconds
[2025-06-25T21:27:15.045+0000] {logging_mixin.py:188} INFO - [2025-06-25T21:27:15.043+0000] {settings.py:250} DEBUG - Setting up DB connection pool (PID 1741)
[2025-06-25T21:27:15.047+0000] {logging_mixin.py:188} INFO - [2025-06-25T21:27:15.047+0000] {settings.py:330} DEBUG - settings.prepare_engine_args(): Using pool settings. pool_size=5, max_overflow=10, pool_recycle=1800, pid=1741
[2025-06-25T21:27:15.061+0000] {processor.py:161} INFO - Started process (PID=1741) to work on /opt/airflow/dags/train_dag.py
[2025-06-25T21:27:15.063+0000] {processor.py:830} INFO - Processing file /opt/airflow/dags/train_dag.py for tasks to queue
[2025-06-25T21:27:15.065+0000] {logging_mixin.py:188} INFO - [2025-06-25T21:27:15.064+0000] {dagbag.py:545} INFO - Filling up the DagBag from /opt/airflow/dags/train_dag.py
[2025-06-25T21:27:15.088+0000] {logging_mixin.py:188} INFO - [2025-06-25T21:27:15.087+0000] {dagbag.py:337} DEBUG - Importing /opt/airflow/dags/train_dag.py
[2025-06-25T21:27:15.102+0000] {processor.py:842} WARNING - No viable dags retrieved from /opt/airflow/dags/train_dag.py
[2025-06-25T21:27:15.140+0000] {processor.py:183} INFO - Processing /opt/airflow/dags/train_dag.py took 0.097 seconds
[2025-06-25T21:27:45.592+0000] {logging_mixin.py:188} INFO - [2025-06-25T21:27:45.590+0000] {settings.py:250} DEBUG - Setting up DB connection pool (PID 1805)
[2025-06-25T21:27:45.593+0000] {logging_mixin.py:188} INFO - [2025-06-25T21:27:45.593+0000] {settings.py:330} DEBUG - settings.prepare_engine_args(): Using pool settings. pool_size=5, max_overflow=10, pool_recycle=1800, pid=1805
[2025-06-25T21:27:45.605+0000] {processor.py:161} INFO - Started process (PID=1805) to work on /opt/airflow/dags/train_dag.py
[2025-06-25T21:27:45.606+0000] {processor.py:830} INFO - Processing file /opt/airflow/dags/train_dag.py for tasks to queue
[2025-06-25T21:27:45.608+0000] {logging_mixin.py:188} INFO - [2025-06-25T21:27:45.607+0000] {dagbag.py:545} INFO - Filling up the DagBag from /opt/airflow/dags/train_dag.py
[2025-06-25T21:27:45.623+0000] {logging_mixin.py:188} INFO - [2025-06-25T21:27:45.623+0000] {dagbag.py:337} DEBUG - Importing /opt/airflow/dags/train_dag.py
[2025-06-25T21:27:45.633+0000] {processor.py:842} WARNING - No viable dags retrieved from /opt/airflow/dags/train_dag.py
[2025-06-25T21:27:45.660+0000] {processor.py:183} INFO - Processing /opt/airflow/dags/train_dag.py took 0.070 seconds
[2025-06-25T21:28:16.147+0000] {logging_mixin.py:188} INFO - [2025-06-25T21:28:16.145+0000] {settings.py:250} DEBUG - Setting up DB connection pool (PID 1870)
[2025-06-25T21:28:16.148+0000] {logging_mixin.py:188} INFO - [2025-06-25T21:28:16.148+0000] {settings.py:330} DEBUG - settings.prepare_engine_args(): Using pool settings. pool_size=5, max_overflow=10, pool_recycle=1800, pid=1870
[2025-06-25T21:28:16.159+0000] {processor.py:161} INFO - Started process (PID=1870) to work on /opt/airflow/dags/train_dag.py
[2025-06-25T21:28:16.160+0000] {processor.py:830} INFO - Processing file /opt/airflow/dags/train_dag.py for tasks to queue
[2025-06-25T21:28:16.161+0000] {logging_mixin.py:188} INFO - [2025-06-25T21:28:16.161+0000] {dagbag.py:545} INFO - Filling up the DagBag from /opt/airflow/dags/train_dag.py
[2025-06-25T21:28:16.177+0000] {logging_mixin.py:188} INFO - [2025-06-25T21:28:16.177+0000] {dagbag.py:337} DEBUG - Importing /opt/airflow/dags/train_dag.py
[2025-06-25T21:28:16.187+0000] {processor.py:842} WARNING - No viable dags retrieved from /opt/airflow/dags/train_dag.py
[2025-06-25T21:28:16.220+0000] {processor.py:183} INFO - Processing /opt/airflow/dags/train_dag.py took 0.075 seconds
[2025-06-25T21:28:46.756+0000] {logging_mixin.py:188} INFO - [2025-06-25T21:28:46.755+0000] {settings.py:250} DEBUG - Setting up DB connection pool (PID 1934)
[2025-06-25T21:28:46.757+0000] {logging_mixin.py:188} INFO - [2025-06-25T21:28:46.757+0000] {settings.py:330} DEBUG - settings.prepare_engine_args(): Using pool settings. pool_size=5, max_overflow=10, pool_recycle=1800, pid=1934
[2025-06-25T21:28:46.770+0000] {processor.py:161} INFO - Started process (PID=1934) to work on /opt/airflow/dags/train_dag.py
[2025-06-25T21:28:46.771+0000] {processor.py:830} INFO - Processing file /opt/airflow/dags/train_dag.py for tasks to queue
[2025-06-25T21:28:46.773+0000] {logging_mixin.py:188} INFO - [2025-06-25T21:28:46.773+0000] {dagbag.py:545} INFO - Filling up the DagBag from /opt/airflow/dags/train_dag.py
[2025-06-25T21:28:46.792+0000] {logging_mixin.py:188} INFO - [2025-06-25T21:28:46.792+0000] {dagbag.py:337} DEBUG - Importing /opt/airflow/dags/train_dag.py
[2025-06-25T21:28:46.802+0000] {processor.py:842} WARNING - No viable dags retrieved from /opt/airflow/dags/train_dag.py
[2025-06-25T21:28:46.834+0000] {processor.py:183} INFO - Processing /opt/airflow/dags/train_dag.py took 0.080 seconds
[2025-06-25T21:29:17.371+0000] {logging_mixin.py:188} INFO - [2025-06-25T21:29:17.369+0000] {settings.py:250} DEBUG - Setting up DB connection pool (PID 1997)
[2025-06-25T21:29:17.373+0000] {logging_mixin.py:188} INFO - [2025-06-25T21:29:17.372+0000] {settings.py:330} DEBUG - settings.prepare_engine_args(): Using pool settings. pool_size=5, max_overflow=10, pool_recycle=1800, pid=1997
[2025-06-25T21:29:17.388+0000] {processor.py:161} INFO - Started process (PID=1997) to work on /opt/airflow/dags/train_dag.py
[2025-06-25T21:29:17.390+0000] {processor.py:830} INFO - Processing file /opt/airflow/dags/train_dag.py for tasks to queue
[2025-06-25T21:29:17.392+0000] {logging_mixin.py:188} INFO - [2025-06-25T21:29:17.391+0000] {dagbag.py:545} INFO - Filling up the DagBag from /opt/airflow/dags/train_dag.py
[2025-06-25T21:29:17.412+0000] {logging_mixin.py:188} INFO - [2025-06-25T21:29:17.411+0000] {dagbag.py:337} DEBUG - Importing /opt/airflow/dags/train_dag.py
[2025-06-25T21:29:17.436+0000] {processor.py:842} WARNING - No viable dags retrieved from /opt/airflow/dags/train_dag.py
[2025-06-25T21:29:17.471+0000] {processor.py:183} INFO - Processing /opt/airflow/dags/train_dag.py took 0.102 seconds
[2025-06-25T21:29:48.003+0000] {logging_mixin.py:188} INFO - [2025-06-25T21:29:48.001+0000] {settings.py:250} DEBUG - Setting up DB connection pool (PID 2062)
[2025-06-25T21:29:48.006+0000] {logging_mixin.py:188} INFO - [2025-06-25T21:29:48.006+0000] {settings.py:330} DEBUG - settings.prepare_engine_args(): Using pool settings. pool_size=5, max_overflow=10, pool_recycle=1800, pid=2062
[2025-06-25T21:29:48.027+0000] {processor.py:161} INFO - Started process (PID=2062) to work on /opt/airflow/dags/train_dag.py
[2025-06-25T21:29:48.028+0000] {processor.py:830} INFO - Processing file /opt/airflow/dags/train_dag.py for tasks to queue
[2025-06-25T21:29:48.030+0000] {logging_mixin.py:188} INFO - [2025-06-25T21:29:48.030+0000] {dagbag.py:545} INFO - Filling up the DagBag from /opt/airflow/dags/train_dag.py
[2025-06-25T21:29:48.048+0000] {logging_mixin.py:188} INFO - [2025-06-25T21:29:48.048+0000] {dagbag.py:337} DEBUG - Importing /opt/airflow/dags/train_dag.py
[2025-06-25T21:29:48.058+0000] {processor.py:842} WARNING - No viable dags retrieved from /opt/airflow/dags/train_dag.py
[2025-06-25T21:29:48.090+0000] {processor.py:183} INFO - Processing /opt/airflow/dags/train_dag.py took 0.089 seconds
[2025-06-25T21:30:18.212+0000] {logging_mixin.py:188} INFO - [2025-06-25T21:30:18.210+0000] {settings.py:250} DEBUG - Setting up DB connection pool (PID 2124)
[2025-06-25T21:30:18.214+0000] {logging_mixin.py:188} INFO - [2025-06-25T21:30:18.214+0000] {settings.py:330} DEBUG - settings.prepare_engine_args(): Using pool settings. pool_size=5, max_overflow=10, pool_recycle=1800, pid=2124
[2025-06-25T21:30:18.230+0000] {processor.py:161} INFO - Started process (PID=2124) to work on /opt/airflow/dags/train_dag.py
[2025-06-25T21:30:18.232+0000] {processor.py:830} INFO - Processing file /opt/airflow/dags/train_dag.py for tasks to queue
[2025-06-25T21:30:18.235+0000] {logging_mixin.py:188} INFO - [2025-06-25T21:30:18.234+0000] {dagbag.py:545} INFO - Filling up the DagBag from /opt/airflow/dags/train_dag.py
[2025-06-25T21:30:18.257+0000] {logging_mixin.py:188} INFO - [2025-06-25T21:30:18.257+0000] {dagbag.py:337} DEBUG - Importing /opt/airflow/dags/train_dag.py
[2025-06-25T21:30:18.271+0000] {processor.py:842} WARNING - No viable dags retrieved from /opt/airflow/dags/train_dag.py
[2025-06-25T21:30:18.306+0000] {processor.py:183} INFO - Processing /opt/airflow/dags/train_dag.py took 0.096 seconds
[2025-06-25T21:30:49.088+0000] {logging_mixin.py:188} INFO - [2025-06-25T21:30:49.087+0000] {settings.py:250} DEBUG - Setting up DB connection pool (PID 2187)
[2025-06-25T21:30:49.090+0000] {logging_mixin.py:188} INFO - [2025-06-25T21:30:49.090+0000] {settings.py:330} DEBUG - settings.prepare_engine_args(): Using pool settings. pool_size=5, max_overflow=10, pool_recycle=1800, pid=2187
[2025-06-25T21:30:49.103+0000] {processor.py:161} INFO - Started process (PID=2187) to work on /opt/airflow/dags/train_dag.py
[2025-06-25T21:30:49.104+0000] {processor.py:830} INFO - Processing file /opt/airflow/dags/train_dag.py for tasks to queue
[2025-06-25T21:30:49.106+0000] {logging_mixin.py:188} INFO - [2025-06-25T21:30:49.106+0000] {dagbag.py:545} INFO - Filling up the DagBag from /opt/airflow/dags/train_dag.py
[2025-06-25T21:30:49.124+0000] {logging_mixin.py:188} INFO - [2025-06-25T21:30:49.124+0000] {dagbag.py:337} DEBUG - Importing /opt/airflow/dags/train_dag.py
[2025-06-25T21:30:49.134+0000] {processor.py:842} WARNING - No viable dags retrieved from /opt/airflow/dags/train_dag.py
[2025-06-25T21:30:49.163+0000] {processor.py:183} INFO - Processing /opt/airflow/dags/train_dag.py took 0.076 seconds
[2025-06-25T21:31:19.630+0000] {logging_mixin.py:188} INFO - [2025-06-25T21:31:19.629+0000] {settings.py:250} DEBUG - Setting up DB connection pool (PID 2250)
[2025-06-25T21:31:19.632+0000] {logging_mixin.py:188} INFO - [2025-06-25T21:31:19.632+0000] {settings.py:330} DEBUG - settings.prepare_engine_args(): Using pool settings. pool_size=5, max_overflow=10, pool_recycle=1800, pid=2250
[2025-06-25T21:31:19.655+0000] {processor.py:161} INFO - Started process (PID=2250) to work on /opt/airflow/dags/train_dag.py
[2025-06-25T21:31:19.656+0000] {processor.py:830} INFO - Processing file /opt/airflow/dags/train_dag.py for tasks to queue
[2025-06-25T21:31:19.658+0000] {logging_mixin.py:188} INFO - [2025-06-25T21:31:19.658+0000] {dagbag.py:545} INFO - Filling up the DagBag from /opt/airflow/dags/train_dag.py
[2025-06-25T21:31:19.674+0000] {logging_mixin.py:188} INFO - [2025-06-25T21:31:19.674+0000] {dagbag.py:337} DEBUG - Importing /opt/airflow/dags/train_dag.py
[2025-06-25T21:31:19.684+0000] {processor.py:842} WARNING - No viable dags retrieved from /opt/airflow/dags/train_dag.py
[2025-06-25T21:31:19.722+0000] {processor.py:183} INFO - Processing /opt/airflow/dags/train_dag.py took 0.094 seconds
[2025-06-25T21:31:50.585+0000] {logging_mixin.py:188} INFO - [2025-06-25T21:31:50.584+0000] {settings.py:250} DEBUG - Setting up DB connection pool (PID 2313)
[2025-06-25T21:31:50.587+0000] {logging_mixin.py:188} INFO - [2025-06-25T21:31:50.587+0000] {settings.py:330} DEBUG - settings.prepare_engine_args(): Using pool settings. pool_size=5, max_overflow=10, pool_recycle=1800, pid=2313
[2025-06-25T21:31:50.600+0000] {processor.py:161} INFO - Started process (PID=2313) to work on /opt/airflow/dags/train_dag.py
[2025-06-25T21:31:50.602+0000] {processor.py:830} INFO - Processing file /opt/airflow/dags/train_dag.py for tasks to queue
[2025-06-25T21:31:50.603+0000] {logging_mixin.py:188} INFO - [2025-06-25T21:31:50.603+0000] {dagbag.py:545} INFO - Filling up the DagBag from /opt/airflow/dags/train_dag.py
[2025-06-25T21:31:50.621+0000] {logging_mixin.py:188} INFO - [2025-06-25T21:31:50.620+0000] {dagbag.py:337} DEBUG - Importing /opt/airflow/dags/train_dag.py
[2025-06-25T21:31:50.632+0000] {processor.py:842} WARNING - No viable dags retrieved from /opt/airflow/dags/train_dag.py
[2025-06-25T21:31:50.666+0000] {processor.py:183} INFO - Processing /opt/airflow/dags/train_dag.py took 0.083 seconds
[2025-06-25T21:32:21.412+0000] {logging_mixin.py:188} INFO - [2025-06-25T21:32:21.410+0000] {settings.py:250} DEBUG - Setting up DB connection pool (PID 2377)
[2025-06-25T21:32:21.418+0000] {logging_mixin.py:188} INFO - [2025-06-25T21:32:21.418+0000] {settings.py:330} DEBUG - settings.prepare_engine_args(): Using pool settings. pool_size=5, max_overflow=10, pool_recycle=1800, pid=2377
[2025-06-25T21:32:21.440+0000] {processor.py:161} INFO - Started process (PID=2377) to work on /opt/airflow/dags/train_dag.py
[2025-06-25T21:32:21.442+0000] {processor.py:830} INFO - Processing file /opt/airflow/dags/train_dag.py for tasks to queue
[2025-06-25T21:32:21.444+0000] {logging_mixin.py:188} INFO - [2025-06-25T21:32:21.444+0000] {dagbag.py:545} INFO - Filling up the DagBag from /opt/airflow/dags/train_dag.py
[2025-06-25T21:32:21.465+0000] {logging_mixin.py:188} INFO - [2025-06-25T21:32:21.465+0000] {dagbag.py:337} DEBUG - Importing /opt/airflow/dags/train_dag.py
[2025-06-25T21:32:21.477+0000] {processor.py:842} WARNING - No viable dags retrieved from /opt/airflow/dags/train_dag.py
[2025-06-25T21:32:21.515+0000] {processor.py:183} INFO - Processing /opt/airflow/dags/train_dag.py took 0.105 seconds
[2025-06-25T21:32:51.908+0000] {logging_mixin.py:188} INFO - [2025-06-25T21:32:51.906+0000] {settings.py:250} DEBUG - Setting up DB connection pool (PID 2440)
[2025-06-25T21:32:51.911+0000] {logging_mixin.py:188} INFO - [2025-06-25T21:32:51.911+0000] {settings.py:330} DEBUG - settings.prepare_engine_args(): Using pool settings. pool_size=5, max_overflow=10, pool_recycle=1800, pid=2440
[2025-06-25T21:32:51.926+0000] {processor.py:161} INFO - Started process (PID=2440) to work on /opt/airflow/dags/train_dag.py
[2025-06-25T21:32:51.927+0000] {processor.py:830} INFO - Processing file /opt/airflow/dags/train_dag.py for tasks to queue
[2025-06-25T21:32:51.931+0000] {logging_mixin.py:188} INFO - [2025-06-25T21:32:51.931+0000] {dagbag.py:545} INFO - Filling up the DagBag from /opt/airflow/dags/train_dag.py
[2025-06-25T21:32:51.966+0000] {logging_mixin.py:188} INFO - [2025-06-25T21:32:51.966+0000] {dagbag.py:337} DEBUG - Importing /opt/airflow/dags/train_dag.py
[2025-06-25T21:32:51.979+0000] {processor.py:842} WARNING - No viable dags retrieved from /opt/airflow/dags/train_dag.py
[2025-06-25T21:32:52.010+0000] {processor.py:183} INFO - Processing /opt/airflow/dags/train_dag.py took 0.104 seconds
[2025-06-25T21:33:22.865+0000] {logging_mixin.py:188} INFO - [2025-06-25T21:33:22.862+0000] {settings.py:250} DEBUG - Setting up DB connection pool (PID 2503)
[2025-06-25T21:33:22.868+0000] {logging_mixin.py:188} INFO - [2025-06-25T21:33:22.867+0000] {settings.py:330} DEBUG - settings.prepare_engine_args(): Using pool settings. pool_size=5, max_overflow=10, pool_recycle=1800, pid=2503
[2025-06-25T21:33:22.882+0000] {processor.py:161} INFO - Started process (PID=2503) to work on /opt/airflow/dags/train_dag.py
[2025-06-25T21:33:22.883+0000] {processor.py:830} INFO - Processing file /opt/airflow/dags/train_dag.py for tasks to queue
[2025-06-25T21:33:22.885+0000] {logging_mixin.py:188} INFO - [2025-06-25T21:33:22.885+0000] {dagbag.py:545} INFO - Filling up the DagBag from /opt/airflow/dags/train_dag.py
[2025-06-25T21:33:22.903+0000] {logging_mixin.py:188} INFO - [2025-06-25T21:33:22.902+0000] {dagbag.py:337} DEBUG - Importing /opt/airflow/dags/train_dag.py
[2025-06-25T21:33:22.915+0000] {processor.py:842} WARNING - No viable dags retrieved from /opt/airflow/dags/train_dag.py
[2025-06-25T21:33:22.955+0000] {processor.py:183} INFO - Processing /opt/airflow/dags/train_dag.py took 0.093 seconds
[2025-06-25T21:33:53.480+0000] {logging_mixin.py:188} INFO - [2025-06-25T21:33:53.479+0000] {settings.py:250} DEBUG - Setting up DB connection pool (PID 2567)
[2025-06-25T21:33:53.485+0000] {logging_mixin.py:188} INFO - [2025-06-25T21:33:53.485+0000] {settings.py:330} DEBUG - settings.prepare_engine_args(): Using pool settings. pool_size=5, max_overflow=10, pool_recycle=1800, pid=2567
[2025-06-25T21:33:53.506+0000] {processor.py:161} INFO - Started process (PID=2567) to work on /opt/airflow/dags/train_dag.py
[2025-06-25T21:33:53.508+0000] {processor.py:830} INFO - Processing file /opt/airflow/dags/train_dag.py for tasks to queue
[2025-06-25T21:33:53.510+0000] {logging_mixin.py:188} INFO - [2025-06-25T21:33:53.510+0000] {dagbag.py:545} INFO - Filling up the DagBag from /opt/airflow/dags/train_dag.py
[2025-06-25T21:33:53.530+0000] {logging_mixin.py:188} INFO - [2025-06-25T21:33:53.529+0000] {dagbag.py:337} DEBUG - Importing /opt/airflow/dags/train_dag.py
[2025-06-25T21:33:53.541+0000] {processor.py:842} WARNING - No viable dags retrieved from /opt/airflow/dags/train_dag.py
[2025-06-25T21:33:53.573+0000] {processor.py:183} INFO - Processing /opt/airflow/dags/train_dag.py took 0.095 seconds
[2025-06-25T21:34:23.848+0000] {logging_mixin.py:188} INFO - [2025-06-25T21:34:23.846+0000] {settings.py:250} DEBUG - Setting up DB connection pool (PID 2630)
[2025-06-25T21:34:23.850+0000] {logging_mixin.py:188} INFO - [2025-06-25T21:34:23.850+0000] {settings.py:330} DEBUG - settings.prepare_engine_args(): Using pool settings. pool_size=5, max_overflow=10, pool_recycle=1800, pid=2630
[2025-06-25T21:34:23.865+0000] {processor.py:161} INFO - Started process (PID=2630) to work on /opt/airflow/dags/train_dag.py
[2025-06-25T21:34:23.867+0000] {processor.py:830} INFO - Processing file /opt/airflow/dags/train_dag.py for tasks to queue
[2025-06-25T21:34:23.868+0000] {logging_mixin.py:188} INFO - [2025-06-25T21:34:23.868+0000] {dagbag.py:545} INFO - Filling up the DagBag from /opt/airflow/dags/train_dag.py
[2025-06-25T21:34:23.886+0000] {logging_mixin.py:188} INFO - [2025-06-25T21:34:23.885+0000] {dagbag.py:337} DEBUG - Importing /opt/airflow/dags/train_dag.py
[2025-06-25T21:34:23.896+0000] {processor.py:842} WARNING - No viable dags retrieved from /opt/airflow/dags/train_dag.py
[2025-06-25T21:34:23.940+0000] {processor.py:183} INFO - Processing /opt/airflow/dags/train_dag.py took 0.094 seconds
[2025-06-25T21:34:54.792+0000] {logging_mixin.py:188} INFO - [2025-06-25T21:34:54.790+0000] {settings.py:250} DEBUG - Setting up DB connection pool (PID 2691)
[2025-06-25T21:34:54.795+0000] {logging_mixin.py:188} INFO - [2025-06-25T21:34:54.794+0000] {settings.py:330} DEBUG - settings.prepare_engine_args(): Using pool settings. pool_size=5, max_overflow=10, pool_recycle=1800, pid=2691
[2025-06-25T21:34:54.807+0000] {processor.py:161} INFO - Started process (PID=2691) to work on /opt/airflow/dags/train_dag.py
[2025-06-25T21:34:54.808+0000] {processor.py:830} INFO - Processing file /opt/airflow/dags/train_dag.py for tasks to queue
[2025-06-25T21:34:54.809+0000] {logging_mixin.py:188} INFO - [2025-06-25T21:34:54.809+0000] {dagbag.py:545} INFO - Filling up the DagBag from /opt/airflow/dags/train_dag.py
[2025-06-25T21:34:54.828+0000] {logging_mixin.py:188} INFO - [2025-06-25T21:34:54.828+0000] {dagbag.py:337} DEBUG - Importing /opt/airflow/dags/train_dag.py
[2025-06-25T21:34:54.840+0000] {processor.py:842} WARNING - No viable dags retrieved from /opt/airflow/dags/train_dag.py
[2025-06-25T21:34:54.868+0000] {processor.py:183} INFO - Processing /opt/airflow/dags/train_dag.py took 0.078 seconds
[2025-06-25T21:35:25.123+0000] {logging_mixin.py:188} INFO - [2025-06-25T21:35:25.122+0000] {settings.py:250} DEBUG - Setting up DB connection pool (PID 2754)
[2025-06-25T21:35:25.125+0000] {logging_mixin.py:188} INFO - [2025-06-25T21:35:25.125+0000] {settings.py:330} DEBUG - settings.prepare_engine_args(): Using pool settings. pool_size=5, max_overflow=10, pool_recycle=1800, pid=2754
[2025-06-25T21:35:25.136+0000] {processor.py:161} INFO - Started process (PID=2754) to work on /opt/airflow/dags/train_dag.py
[2025-06-25T21:35:25.137+0000] {processor.py:830} INFO - Processing file /opt/airflow/dags/train_dag.py for tasks to queue
[2025-06-25T21:35:25.138+0000] {logging_mixin.py:188} INFO - [2025-06-25T21:35:25.138+0000] {dagbag.py:545} INFO - Filling up the DagBag from /opt/airflow/dags/train_dag.py
[2025-06-25T21:35:25.155+0000] {logging_mixin.py:188} INFO - [2025-06-25T21:35:25.155+0000] {dagbag.py:337} DEBUG - Importing /opt/airflow/dags/train_dag.py
[2025-06-25T21:35:25.165+0000] {processor.py:842} WARNING - No viable dags retrieved from /opt/airflow/dags/train_dag.py
[2025-06-25T21:35:25.191+0000] {processor.py:183} INFO - Processing /opt/airflow/dags/train_dag.py took 0.070 seconds
[2025-06-25T21:35:55.626+0000] {logging_mixin.py:188} INFO - [2025-06-25T21:35:55.625+0000] {settings.py:250} DEBUG - Setting up DB connection pool (PID 2817)
[2025-06-25T21:35:55.628+0000] {logging_mixin.py:188} INFO - [2025-06-25T21:35:55.627+0000] {settings.py:330} DEBUG - settings.prepare_engine_args(): Using pool settings. pool_size=5, max_overflow=10, pool_recycle=1800, pid=2817
[2025-06-25T21:35:55.637+0000] {processor.py:161} INFO - Started process (PID=2817) to work on /opt/airflow/dags/train_dag.py
[2025-06-25T21:35:55.639+0000] {processor.py:830} INFO - Processing file /opt/airflow/dags/train_dag.py for tasks to queue
[2025-06-25T21:35:55.641+0000] {logging_mixin.py:188} INFO - [2025-06-25T21:35:55.640+0000] {dagbag.py:545} INFO - Filling up the DagBag from /opt/airflow/dags/train_dag.py
[2025-06-25T21:35:55.657+0000] {logging_mixin.py:188} INFO - [2025-06-25T21:35:55.656+0000] {dagbag.py:337} DEBUG - Importing /opt/airflow/dags/train_dag.py
[2025-06-25T21:35:55.667+0000] {processor.py:842} WARNING - No viable dags retrieved from /opt/airflow/dags/train_dag.py
[2025-06-25T21:35:55.691+0000] {processor.py:183} INFO - Processing /opt/airflow/dags/train_dag.py took 0.066 seconds
[2025-06-25T21:36:25.771+0000] {logging_mixin.py:188} INFO - [2025-06-25T21:36:25.770+0000] {settings.py:250} DEBUG - Setting up DB connection pool (PID 2880)
[2025-06-25T21:36:25.773+0000] {logging_mixin.py:188} INFO - [2025-06-25T21:36:25.773+0000] {settings.py:330} DEBUG - settings.prepare_engine_args(): Using pool settings. pool_size=5, max_overflow=10, pool_recycle=1800, pid=2880
[2025-06-25T21:36:25.784+0000] {processor.py:161} INFO - Started process (PID=2880) to work on /opt/airflow/dags/train_dag.py
[2025-06-25T21:36:25.785+0000] {processor.py:830} INFO - Processing file /opt/airflow/dags/train_dag.py for tasks to queue
[2025-06-25T21:36:25.787+0000] {logging_mixin.py:188} INFO - [2025-06-25T21:36:25.787+0000] {dagbag.py:545} INFO - Filling up the DagBag from /opt/airflow/dags/train_dag.py
[2025-06-25T21:36:25.801+0000] {logging_mixin.py:188} INFO - [2025-06-25T21:36:25.801+0000] {dagbag.py:337} DEBUG - Importing /opt/airflow/dags/train_dag.py
[2025-06-25T21:36:25.810+0000] {processor.py:842} WARNING - No viable dags retrieved from /opt/airflow/dags/train_dag.py
[2025-06-25T21:36:25.835+0000] {processor.py:183} INFO - Processing /opt/airflow/dags/train_dag.py took 0.065 seconds
[2025-06-25T21:36:56.168+0000] {logging_mixin.py:188} INFO - [2025-06-25T21:36:56.167+0000] {settings.py:250} DEBUG - Setting up DB connection pool (PID 2943)
[2025-06-25T21:36:56.170+0000] {logging_mixin.py:188} INFO - [2025-06-25T21:36:56.170+0000] {settings.py:330} DEBUG - settings.prepare_engine_args(): Using pool settings. pool_size=5, max_overflow=10, pool_recycle=1800, pid=2943
[2025-06-25T21:36:56.184+0000] {processor.py:161} INFO - Started process (PID=2943) to work on /opt/airflow/dags/train_dag.py
[2025-06-25T21:36:56.185+0000] {processor.py:830} INFO - Processing file /opt/airflow/dags/train_dag.py for tasks to queue
[2025-06-25T21:36:56.187+0000] {logging_mixin.py:188} INFO - [2025-06-25T21:36:56.187+0000] {dagbag.py:545} INFO - Filling up the DagBag from /opt/airflow/dags/train_dag.py
[2025-06-25T21:36:56.204+0000] {logging_mixin.py:188} INFO - [2025-06-25T21:36:56.203+0000] {dagbag.py:337} DEBUG - Importing /opt/airflow/dags/train_dag.py
[2025-06-25T21:36:56.214+0000] {processor.py:842} WARNING - No viable dags retrieved from /opt/airflow/dags/train_dag.py
[2025-06-25T21:36:56.243+0000] {processor.py:183} INFO - Processing /opt/airflow/dags/train_dag.py took 0.077 seconds
[2025-06-25T21:37:26.557+0000] {logging_mixin.py:188} INFO - [2025-06-25T21:37:26.556+0000] {settings.py:250} DEBUG - Setting up DB connection pool (PID 3006)
[2025-06-25T21:37:26.560+0000] {logging_mixin.py:188} INFO - [2025-06-25T21:37:26.559+0000] {settings.py:330} DEBUG - settings.prepare_engine_args(): Using pool settings. pool_size=5, max_overflow=10, pool_recycle=1800, pid=3006
[2025-06-25T21:37:26.576+0000] {processor.py:161} INFO - Started process (PID=3006) to work on /opt/airflow/dags/train_dag.py
[2025-06-25T21:37:26.577+0000] {processor.py:830} INFO - Processing file /opt/airflow/dags/train_dag.py for tasks to queue
[2025-06-25T21:37:26.579+0000] {logging_mixin.py:188} INFO - [2025-06-25T21:37:26.579+0000] {dagbag.py:545} INFO - Filling up the DagBag from /opt/airflow/dags/train_dag.py
[2025-06-25T21:37:26.600+0000] {logging_mixin.py:188} INFO - [2025-06-25T21:37:26.599+0000] {dagbag.py:337} DEBUG - Importing /opt/airflow/dags/train_dag.py
[2025-06-25T21:37:26.610+0000] {processor.py:842} WARNING - No viable dags retrieved from /opt/airflow/dags/train_dag.py
[2025-06-25T21:37:26.650+0000] {processor.py:183} INFO - Processing /opt/airflow/dags/train_dag.py took 0.095 seconds
[2025-06-25T21:37:56.934+0000] {logging_mixin.py:188} INFO - [2025-06-25T21:37:56.932+0000] {settings.py:250} DEBUG - Setting up DB connection pool (PID 3069)
[2025-06-25T21:37:56.937+0000] {logging_mixin.py:188} INFO - [2025-06-25T21:37:56.937+0000] {settings.py:330} DEBUG - settings.prepare_engine_args(): Using pool settings. pool_size=5, max_overflow=10, pool_recycle=1800, pid=3069
[2025-06-25T21:37:56.954+0000] {processor.py:161} INFO - Started process (PID=3069) to work on /opt/airflow/dags/train_dag.py
[2025-06-25T21:37:56.956+0000] {processor.py:830} INFO - Processing file /opt/airflow/dags/train_dag.py for tasks to queue
[2025-06-25T21:37:56.958+0000] {logging_mixin.py:188} INFO - [2025-06-25T21:37:56.957+0000] {dagbag.py:545} INFO - Filling up the DagBag from /opt/airflow/dags/train_dag.py
[2025-06-25T21:37:56.977+0000] {logging_mixin.py:188} INFO - [2025-06-25T21:37:56.977+0000] {dagbag.py:337} DEBUG - Importing /opt/airflow/dags/train_dag.py
[2025-06-25T21:37:56.988+0000] {processor.py:842} WARNING - No viable dags retrieved from /opt/airflow/dags/train_dag.py
[2025-06-25T21:37:57.022+0000] {processor.py:183} INFO - Processing /opt/airflow/dags/train_dag.py took 0.089 seconds
[2025-06-25T21:38:27.293+0000] {logging_mixin.py:188} INFO - [2025-06-25T21:38:27.292+0000] {settings.py:250} DEBUG - Setting up DB connection pool (PID 3132)
[2025-06-25T21:38:27.295+0000] {logging_mixin.py:188} INFO - [2025-06-25T21:38:27.295+0000] {settings.py:330} DEBUG - settings.prepare_engine_args(): Using pool settings. pool_size=5, max_overflow=10, pool_recycle=1800, pid=3132
[2025-06-25T21:38:27.308+0000] {processor.py:161} INFO - Started process (PID=3132) to work on /opt/airflow/dags/train_dag.py
[2025-06-25T21:38:27.310+0000] {processor.py:830} INFO - Processing file /opt/airflow/dags/train_dag.py for tasks to queue
[2025-06-25T21:38:27.311+0000] {logging_mixin.py:188} INFO - [2025-06-25T21:38:27.311+0000] {dagbag.py:545} INFO - Filling up the DagBag from /opt/airflow/dags/train_dag.py
[2025-06-25T21:38:27.331+0000] {logging_mixin.py:188} INFO - [2025-06-25T21:38:27.330+0000] {dagbag.py:337} DEBUG - Importing /opt/airflow/dags/train_dag.py
[2025-06-25T21:38:27.342+0000] {processor.py:842} WARNING - No viable dags retrieved from /opt/airflow/dags/train_dag.py
[2025-06-25T21:38:27.373+0000] {processor.py:183} INFO - Processing /opt/airflow/dags/train_dag.py took 0.081 seconds
[2025-06-25T21:38:57.618+0000] {logging_mixin.py:188} INFO - [2025-06-25T21:38:57.617+0000] {settings.py:250} DEBUG - Setting up DB connection pool (PID 3195)
[2025-06-25T21:38:57.620+0000] {logging_mixin.py:188} INFO - [2025-06-25T21:38:57.620+0000] {settings.py:330} DEBUG - settings.prepare_engine_args(): Using pool settings. pool_size=5, max_overflow=10, pool_recycle=1800, pid=3195
[2025-06-25T21:38:57.636+0000] {processor.py:161} INFO - Started process (PID=3195) to work on /opt/airflow/dags/train_dag.py
[2025-06-25T21:38:57.638+0000] {processor.py:830} INFO - Processing file /opt/airflow/dags/train_dag.py for tasks to queue
[2025-06-25T21:38:57.639+0000] {logging_mixin.py:188} INFO - [2025-06-25T21:38:57.639+0000] {dagbag.py:545} INFO - Filling up the DagBag from /opt/airflow/dags/train_dag.py
[2025-06-25T21:38:57.656+0000] {logging_mixin.py:188} INFO - [2025-06-25T21:38:57.655+0000] {dagbag.py:337} DEBUG - Importing /opt/airflow/dags/train_dag.py
[2025-06-25T21:38:57.666+0000] {processor.py:842} WARNING - No viable dags retrieved from /opt/airflow/dags/train_dag.py
[2025-06-25T21:38:57.698+0000] {processor.py:183} INFO - Processing /opt/airflow/dags/train_dag.py took 0.082 seconds
[2025-06-25T21:39:28.344+0000] {logging_mixin.py:188} INFO - [2025-06-25T21:39:28.343+0000] {settings.py:250} DEBUG - Setting up DB connection pool (PID 3257)
[2025-06-25T21:39:28.346+0000] {logging_mixin.py:188} INFO - [2025-06-25T21:39:28.346+0000] {settings.py:330} DEBUG - settings.prepare_engine_args(): Using pool settings. pool_size=5, max_overflow=10, pool_recycle=1800, pid=3257
[2025-06-25T21:39:28.358+0000] {processor.py:161} INFO - Started process (PID=3257) to work on /opt/airflow/dags/train_dag.py
[2025-06-25T21:39:28.359+0000] {processor.py:830} INFO - Processing file /opt/airflow/dags/train_dag.py for tasks to queue
[2025-06-25T21:39:28.360+0000] {logging_mixin.py:188} INFO - [2025-06-25T21:39:28.360+0000] {dagbag.py:545} INFO - Filling up the DagBag from /opt/airflow/dags/train_dag.py
[2025-06-25T21:39:28.377+0000] {logging_mixin.py:188} INFO - [2025-06-25T21:39:28.377+0000] {dagbag.py:337} DEBUG - Importing /opt/airflow/dags/train_dag.py
[2025-06-25T21:39:28.388+0000] {processor.py:842} WARNING - No viable dags retrieved from /opt/airflow/dags/train_dag.py
[2025-06-25T21:39:28.420+0000] {processor.py:183} INFO - Processing /opt/airflow/dags/train_dag.py took 0.078 seconds
[2025-06-25T21:39:58.766+0000] {logging_mixin.py:188} INFO - [2025-06-25T21:39:58.765+0000] {settings.py:250} DEBUG - Setting up DB connection pool (PID 3320)
[2025-06-25T21:39:58.769+0000] {logging_mixin.py:188} INFO - [2025-06-25T21:39:58.769+0000] {settings.py:330} DEBUG - settings.prepare_engine_args(): Using pool settings. pool_size=5, max_overflow=10, pool_recycle=1800, pid=3320
[2025-06-25T21:39:58.782+0000] {processor.py:161} INFO - Started process (PID=3320) to work on /opt/airflow/dags/train_dag.py
[2025-06-25T21:39:58.784+0000] {processor.py:830} INFO - Processing file /opt/airflow/dags/train_dag.py for tasks to queue
[2025-06-25T21:39:58.786+0000] {logging_mixin.py:188} INFO - [2025-06-25T21:39:58.786+0000] {dagbag.py:545} INFO - Filling up the DagBag from /opt/airflow/dags/train_dag.py
[2025-06-25T21:39:58.808+0000] {logging_mixin.py:188} INFO - [2025-06-25T21:39:58.807+0000] {dagbag.py:337} DEBUG - Importing /opt/airflow/dags/train_dag.py
[2025-06-25T21:39:58.819+0000] {processor.py:842} WARNING - No viable dags retrieved from /opt/airflow/dags/train_dag.py
[2025-06-25T21:39:58.848+0000] {processor.py:183} INFO - Processing /opt/airflow/dags/train_dag.py took 0.083 seconds
[2025-06-25T21:40:29.047+0000] {logging_mixin.py:188} INFO - [2025-06-25T21:40:29.046+0000] {settings.py:250} DEBUG - Setting up DB connection pool (PID 3383)
[2025-06-25T21:40:29.049+0000] {logging_mixin.py:188} INFO - [2025-06-25T21:40:29.049+0000] {settings.py:330} DEBUG - settings.prepare_engine_args(): Using pool settings. pool_size=5, max_overflow=10, pool_recycle=1800, pid=3383
[2025-06-25T21:40:29.058+0000] {processor.py:161} INFO - Started process (PID=3383) to work on /opt/airflow/dags/train_dag.py
[2025-06-25T21:40:29.060+0000] {processor.py:830} INFO - Processing file /opt/airflow/dags/train_dag.py for tasks to queue
[2025-06-25T21:40:29.061+0000] {logging_mixin.py:188} INFO - [2025-06-25T21:40:29.061+0000] {dagbag.py:545} INFO - Filling up the DagBag from /opt/airflow/dags/train_dag.py
[2025-06-25T21:40:29.078+0000] {logging_mixin.py:188} INFO - [2025-06-25T21:40:29.078+0000] {dagbag.py:337} DEBUG - Importing /opt/airflow/dags/train_dag.py
[2025-06-25T21:40:29.125+0000] {processor.py:842} WARNING - No viable dags retrieved from /opt/airflow/dags/train_dag.py
[2025-06-25T21:40:29.163+0000] {processor.py:183} INFO - Processing /opt/airflow/dags/train_dag.py took 0.117 seconds
[2025-06-25T21:40:59.702+0000] {logging_mixin.py:188} INFO - [2025-06-25T21:40:59.701+0000] {settings.py:250} DEBUG - Setting up DB connection pool (PID 3446)
[2025-06-25T21:40:59.704+0000] {logging_mixin.py:188} INFO - [2025-06-25T21:40:59.704+0000] {settings.py:330} DEBUG - settings.prepare_engine_args(): Using pool settings. pool_size=5, max_overflow=10, pool_recycle=1800, pid=3446
[2025-06-25T21:40:59.714+0000] {processor.py:161} INFO - Started process (PID=3446) to work on /opt/airflow/dags/train_dag.py
[2025-06-25T21:40:59.715+0000] {processor.py:830} INFO - Processing file /opt/airflow/dags/train_dag.py for tasks to queue
[2025-06-25T21:40:59.717+0000] {logging_mixin.py:188} INFO - [2025-06-25T21:40:59.716+0000] {dagbag.py:545} INFO - Filling up the DagBag from /opt/airflow/dags/train_dag.py
[2025-06-25T21:40:59.733+0000] {logging_mixin.py:188} INFO - [2025-06-25T21:40:59.732+0000] {dagbag.py:337} DEBUG - Importing /opt/airflow/dags/train_dag.py
[2025-06-25T21:40:59.741+0000] {processor.py:842} WARNING - No viable dags retrieved from /opt/airflow/dags/train_dag.py
[2025-06-25T21:40:59.769+0000] {processor.py:183} INFO - Processing /opt/airflow/dags/train_dag.py took 0.067 seconds
[2025-06-25T21:41:30.189+0000] {logging_mixin.py:188} INFO - [2025-06-25T21:41:30.187+0000] {settings.py:250} DEBUG - Setting up DB connection pool (PID 3509)
[2025-06-25T21:41:30.192+0000] {logging_mixin.py:188} INFO - [2025-06-25T21:41:30.191+0000] {settings.py:330} DEBUG - settings.prepare_engine_args(): Using pool settings. pool_size=5, max_overflow=10, pool_recycle=1800, pid=3509
[2025-06-25T21:41:30.209+0000] {processor.py:161} INFO - Started process (PID=3509) to work on /opt/airflow/dags/train_dag.py
[2025-06-25T21:41:30.210+0000] {processor.py:830} INFO - Processing file /opt/airflow/dags/train_dag.py for tasks to queue
[2025-06-25T21:41:30.212+0000] {logging_mixin.py:188} INFO - [2025-06-25T21:41:30.211+0000] {dagbag.py:545} INFO - Filling up the DagBag from /opt/airflow/dags/train_dag.py
[2025-06-25T21:41:30.229+0000] {logging_mixin.py:188} INFO - [2025-06-25T21:41:30.229+0000] {dagbag.py:337} DEBUG - Importing /opt/airflow/dags/train_dag.py
[2025-06-25T21:41:30.239+0000] {processor.py:842} WARNING - No viable dags retrieved from /opt/airflow/dags/train_dag.py
[2025-06-25T21:41:30.271+0000] {processor.py:183} INFO - Processing /opt/airflow/dags/train_dag.py took 0.084 seconds
[2025-06-25T21:42:01.254+0000] {logging_mixin.py:188} INFO - [2025-06-25T21:42:01.252+0000] {settings.py:250} DEBUG - Setting up DB connection pool (PID 3573)
[2025-06-25T21:42:01.255+0000] {logging_mixin.py:188} INFO - [2025-06-25T21:42:01.255+0000] {settings.py:330} DEBUG - settings.prepare_engine_args(): Using pool settings. pool_size=5, max_overflow=10, pool_recycle=1800, pid=3573
[2025-06-25T21:42:01.264+0000] {processor.py:161} INFO - Started process (PID=3573) to work on /opt/airflow/dags/train_dag.py
[2025-06-25T21:42:01.265+0000] {processor.py:830} INFO - Processing file /opt/airflow/dags/train_dag.py for tasks to queue
[2025-06-25T21:42:01.267+0000] {logging_mixin.py:188} INFO - [2025-06-25T21:42:01.267+0000] {dagbag.py:545} INFO - Filling up the DagBag from /opt/airflow/dags/train_dag.py
[2025-06-25T21:42:01.283+0000] {logging_mixin.py:188} INFO - [2025-06-25T21:42:01.283+0000] {dagbag.py:337} DEBUG - Importing /opt/airflow/dags/train_dag.py
[2025-06-25T21:42:01.292+0000] {processor.py:842} WARNING - No viable dags retrieved from /opt/airflow/dags/train_dag.py
[2025-06-25T21:42:01.325+0000] {processor.py:183} INFO - Processing /opt/airflow/dags/train_dag.py took 0.072 seconds
[2025-06-25T21:43:53.977+0000] {logging_mixin.py:188} INFO - [2025-06-25T21:43:53.976+0000] {settings.py:250} DEBUG - Setting up DB connection pool (PID 45)
[2025-06-25T21:43:53.979+0000] {logging_mixin.py:188} INFO - [2025-06-25T21:43:53.979+0000] {settings.py:330} DEBUG - settings.prepare_engine_args(): Using pool settings. pool_size=5, max_overflow=10, pool_recycle=1800, pid=45
[2025-06-25T21:43:53.996+0000] {processor.py:161} INFO - Started process (PID=45) to work on /opt/airflow/dags/train_dag.py
[2025-06-25T21:43:53.998+0000] {processor.py:830} INFO - Processing file /opt/airflow/dags/train_dag.py for tasks to queue
[2025-06-25T21:43:53.999+0000] {logging_mixin.py:188} INFO - [2025-06-25T21:43:53.999+0000] {dagbag.py:545} INFO - Filling up the DagBag from /opt/airflow/dags/train_dag.py
[2025-06-25T21:43:54.018+0000] {logging_mixin.py:188} INFO - [2025-06-25T21:43:54.018+0000] {dagbag.py:337} DEBUG - Importing /opt/airflow/dags/train_dag.py
[2025-06-25T21:43:54.029+0000] {processor.py:842} WARNING - No viable dags retrieved from /opt/airflow/dags/train_dag.py
[2025-06-25T21:43:54.061+0000] {processor.py:183} INFO - Processing /opt/airflow/dags/train_dag.py took 0.085 seconds
[2025-06-25T21:44:24.305+0000] {logging_mixin.py:188} INFO - [2025-06-25T21:44:24.304+0000] {settings.py:250} DEBUG - Setting up DB connection pool (PID 107)
[2025-06-25T21:44:24.309+0000] {logging_mixin.py:188} INFO - [2025-06-25T21:44:24.308+0000] {settings.py:330} DEBUG - settings.prepare_engine_args(): Using pool settings. pool_size=5, max_overflow=10, pool_recycle=1800, pid=107
[2025-06-25T21:44:24.332+0000] {processor.py:161} INFO - Started process (PID=107) to work on /opt/airflow/dags/train_dag.py
[2025-06-25T21:44:24.333+0000] {processor.py:830} INFO - Processing file /opt/airflow/dags/train_dag.py for tasks to queue
[2025-06-25T21:44:24.339+0000] {logging_mixin.py:188} INFO - [2025-06-25T21:44:24.338+0000] {dagbag.py:545} INFO - Filling up the DagBag from /opt/airflow/dags/train_dag.py
[2025-06-25T21:44:24.359+0000] {logging_mixin.py:188} INFO - [2025-06-25T21:44:24.359+0000] {dagbag.py:337} DEBUG - Importing /opt/airflow/dags/train_dag.py
[2025-06-25T21:44:24.373+0000] {processor.py:842} WARNING - No viable dags retrieved from /opt/airflow/dags/train_dag.py
[2025-06-25T21:44:24.411+0000] {processor.py:183} INFO - Processing /opt/airflow/dags/train_dag.py took 0.107 seconds
[2025-06-25T21:44:54.679+0000] {logging_mixin.py:188} INFO - [2025-06-25T21:44:54.678+0000] {settings.py:250} DEBUG - Setting up DB connection pool (PID 176)
[2025-06-25T21:44:54.681+0000] {logging_mixin.py:188} INFO - [2025-06-25T21:44:54.681+0000] {settings.py:330} DEBUG - settings.prepare_engine_args(): Using pool settings. pool_size=5, max_overflow=10, pool_recycle=1800, pid=176
[2025-06-25T21:44:54.694+0000] {processor.py:161} INFO - Started process (PID=176) to work on /opt/airflow/dags/train_dag.py
[2025-06-25T21:44:54.695+0000] {processor.py:830} INFO - Processing file /opt/airflow/dags/train_dag.py for tasks to queue
[2025-06-25T21:44:54.697+0000] {logging_mixin.py:188} INFO - [2025-06-25T21:44:54.697+0000] {dagbag.py:545} INFO - Filling up the DagBag from /opt/airflow/dags/train_dag.py
[2025-06-25T21:44:54.715+0000] {logging_mixin.py:188} INFO - [2025-06-25T21:44:54.715+0000] {dagbag.py:337} DEBUG - Importing /opt/airflow/dags/train_dag.py
[2025-06-25T21:44:54.724+0000] {processor.py:842} WARNING - No viable dags retrieved from /opt/airflow/dags/train_dag.py
[2025-06-25T21:44:54.757+0000] {processor.py:183} INFO - Processing /opt/airflow/dags/train_dag.py took 0.080 seconds
[2025-06-25T21:45:24.881+0000] {logging_mixin.py:188} INFO - [2025-06-25T21:45:24.880+0000] {settings.py:250} DEBUG - Setting up DB connection pool (PID 239)
[2025-06-25T21:45:24.882+0000] {logging_mixin.py:188} INFO - [2025-06-25T21:45:24.882+0000] {settings.py:330} DEBUG - settings.prepare_engine_args(): Using pool settings. pool_size=5, max_overflow=10, pool_recycle=1800, pid=239
[2025-06-25T21:45:24.892+0000] {processor.py:161} INFO - Started process (PID=239) to work on /opt/airflow/dags/train_dag.py
[2025-06-25T21:45:24.893+0000] {processor.py:830} INFO - Processing file /opt/airflow/dags/train_dag.py for tasks to queue
[2025-06-25T21:45:24.895+0000] {logging_mixin.py:188} INFO - [2025-06-25T21:45:24.894+0000] {dagbag.py:545} INFO - Filling up the DagBag from /opt/airflow/dags/train_dag.py
[2025-06-25T21:45:24.910+0000] {logging_mixin.py:188} INFO - [2025-06-25T21:45:24.910+0000] {dagbag.py:337} DEBUG - Importing /opt/airflow/dags/train_dag.py
[2025-06-25T21:45:24.920+0000] {processor.py:842} WARNING - No viable dags retrieved from /opt/airflow/dags/train_dag.py
[2025-06-25T21:45:24.946+0000] {processor.py:183} INFO - Processing /opt/airflow/dags/train_dag.py took 0.067 seconds
[2025-06-25T21:45:55.693+0000] {logging_mixin.py:188} INFO - [2025-06-25T21:45:55.692+0000] {settings.py:250} DEBUG - Setting up DB connection pool (PID 302)
[2025-06-25T21:45:55.695+0000] {logging_mixin.py:188} INFO - [2025-06-25T21:45:55.694+0000] {settings.py:330} DEBUG - settings.prepare_engine_args(): Using pool settings. pool_size=5, max_overflow=10, pool_recycle=1800, pid=302
[2025-06-25T21:45:55.706+0000] {processor.py:161} INFO - Started process (PID=302) to work on /opt/airflow/dags/train_dag.py
[2025-06-25T21:45:55.707+0000] {processor.py:830} INFO - Processing file /opt/airflow/dags/train_dag.py for tasks to queue
[2025-06-25T21:45:55.709+0000] {logging_mixin.py:188} INFO - [2025-06-25T21:45:55.708+0000] {dagbag.py:545} INFO - Filling up the DagBag from /opt/airflow/dags/train_dag.py
[2025-06-25T21:45:55.725+0000] {logging_mixin.py:188} INFO - [2025-06-25T21:45:55.724+0000] {dagbag.py:337} DEBUG - Importing /opt/airflow/dags/train_dag.py
[2025-06-25T21:45:55.738+0000] {processor.py:842} WARNING - No viable dags retrieved from /opt/airflow/dags/train_dag.py
[2025-06-25T21:45:55.774+0000] {processor.py:183} INFO - Processing /opt/airflow/dags/train_dag.py took 0.083 seconds
[2025-06-25T21:46:26.050+0000] {logging_mixin.py:188} INFO - [2025-06-25T21:46:26.049+0000] {settings.py:250} DEBUG - Setting up DB connection pool (PID 365)
[2025-06-25T21:46:26.052+0000] {logging_mixin.py:188} INFO - [2025-06-25T21:46:26.052+0000] {settings.py:330} DEBUG - settings.prepare_engine_args(): Using pool settings. pool_size=5, max_overflow=10, pool_recycle=1800, pid=365
[2025-06-25T21:46:26.064+0000] {processor.py:161} INFO - Started process (PID=365) to work on /opt/airflow/dags/train_dag.py
[2025-06-25T21:46:26.066+0000] {processor.py:830} INFO - Processing file /opt/airflow/dags/train_dag.py for tasks to queue
[2025-06-25T21:46:26.067+0000] {logging_mixin.py:188} INFO - [2025-06-25T21:46:26.067+0000] {dagbag.py:545} INFO - Filling up the DagBag from /opt/airflow/dags/train_dag.py
[2025-06-25T21:46:26.086+0000] {logging_mixin.py:188} INFO - [2025-06-25T21:46:26.086+0000] {dagbag.py:337} DEBUG - Importing /opt/airflow/dags/train_dag.py
[2025-06-25T21:46:26.096+0000] {processor.py:842} WARNING - No viable dags retrieved from /opt/airflow/dags/train_dag.py
[2025-06-25T21:46:26.128+0000] {processor.py:183} INFO - Processing /opt/airflow/dags/train_dag.py took 0.079 seconds
[2025-06-25T21:46:56.389+0000] {logging_mixin.py:188} INFO - [2025-06-25T21:46:56.388+0000] {settings.py:250} DEBUG - Setting up DB connection pool (PID 428)
[2025-06-25T21:46:56.391+0000] {logging_mixin.py:188} INFO - [2025-06-25T21:46:56.390+0000] {settings.py:330} DEBUG - settings.prepare_engine_args(): Using pool settings. pool_size=5, max_overflow=10, pool_recycle=1800, pid=428
[2025-06-25T21:46:56.399+0000] {processor.py:161} INFO - Started process (PID=428) to work on /opt/airflow/dags/train_dag.py
[2025-06-25T21:46:56.401+0000] {processor.py:830} INFO - Processing file /opt/airflow/dags/train_dag.py for tasks to queue
[2025-06-25T21:46:56.402+0000] {logging_mixin.py:188} INFO - [2025-06-25T21:46:56.402+0000] {dagbag.py:545} INFO - Filling up the DagBag from /opt/airflow/dags/train_dag.py
[2025-06-25T21:46:56.418+0000] {logging_mixin.py:188} INFO - [2025-06-25T21:46:56.418+0000] {dagbag.py:337} DEBUG - Importing /opt/airflow/dags/train_dag.py
[2025-06-25T21:46:56.428+0000] {processor.py:842} WARNING - No viable dags retrieved from /opt/airflow/dags/train_dag.py
[2025-06-25T21:46:56.451+0000] {processor.py:183} INFO - Processing /opt/airflow/dags/train_dag.py took 0.063 seconds
[2025-06-25T21:47:27.300+0000] {logging_mixin.py:188} INFO - [2025-06-25T21:47:27.298+0000] {settings.py:250} DEBUG - Setting up DB connection pool (PID 491)
[2025-06-25T21:47:27.302+0000] {logging_mixin.py:188} INFO - [2025-06-25T21:47:27.301+0000] {settings.py:330} DEBUG - settings.prepare_engine_args(): Using pool settings. pool_size=5, max_overflow=10, pool_recycle=1800, pid=491
[2025-06-25T21:47:27.322+0000] {processor.py:161} INFO - Started process (PID=491) to work on /opt/airflow/dags/train_dag.py
[2025-06-25T21:47:27.324+0000] {processor.py:830} INFO - Processing file /opt/airflow/dags/train_dag.py for tasks to queue
[2025-06-25T21:47:27.326+0000] {logging_mixin.py:188} INFO - [2025-06-25T21:47:27.326+0000] {dagbag.py:545} INFO - Filling up the DagBag from /opt/airflow/dags/train_dag.py
[2025-06-25T21:47:27.359+0000] {logging_mixin.py:188} INFO - [2025-06-25T21:47:27.358+0000] {dagbag.py:337} DEBUG - Importing /opt/airflow/dags/train_dag.py
[2025-06-25T21:47:27.373+0000] {processor.py:842} WARNING - No viable dags retrieved from /opt/airflow/dags/train_dag.py
[2025-06-25T21:47:27.406+0000] {processor.py:183} INFO - Processing /opt/airflow/dags/train_dag.py took 0.108 seconds
[2025-06-25T21:47:58.011+0000] {logging_mixin.py:188} INFO - [2025-06-25T21:47:58.010+0000] {settings.py:250} DEBUG - Setting up DB connection pool (PID 554)
[2025-06-25T21:47:58.013+0000] {logging_mixin.py:188} INFO - [2025-06-25T21:47:58.013+0000] {settings.py:330} DEBUG - settings.prepare_engine_args(): Using pool settings. pool_size=5, max_overflow=10, pool_recycle=1800, pid=554
[2025-06-25T21:47:58.023+0000] {processor.py:161} INFO - Started process (PID=554) to work on /opt/airflow/dags/train_dag.py
[2025-06-25T21:47:58.024+0000] {processor.py:830} INFO - Processing file /opt/airflow/dags/train_dag.py for tasks to queue
[2025-06-25T21:47:58.025+0000] {logging_mixin.py:188} INFO - [2025-06-25T21:47:58.025+0000] {dagbag.py:545} INFO - Filling up the DagBag from /opt/airflow/dags/train_dag.py
[2025-06-25T21:47:58.041+0000] {logging_mixin.py:188} INFO - [2025-06-25T21:47:58.041+0000] {dagbag.py:337} DEBUG - Importing /opt/airflow/dags/train_dag.py
[2025-06-25T21:47:58.050+0000] {processor.py:842} WARNING - No viable dags retrieved from /opt/airflow/dags/train_dag.py
[2025-06-25T21:47:58.079+0000] {processor.py:183} INFO - Processing /opt/airflow/dags/train_dag.py took 0.069 seconds
[2025-06-25T21:48:28.308+0000] {logging_mixin.py:188} INFO - [2025-06-25T21:48:28.306+0000] {settings.py:250} DEBUG - Setting up DB connection pool (PID 615)
[2025-06-25T21:48:28.310+0000] {logging_mixin.py:188} INFO - [2025-06-25T21:48:28.310+0000] {settings.py:330} DEBUG - settings.prepare_engine_args(): Using pool settings. pool_size=5, max_overflow=10, pool_recycle=1800, pid=615
[2025-06-25T21:48:28.324+0000] {processor.py:161} INFO - Started process (PID=615) to work on /opt/airflow/dags/train_dag.py
[2025-06-25T21:48:28.325+0000] {processor.py:830} INFO - Processing file /opt/airflow/dags/train_dag.py for tasks to queue
[2025-06-25T21:48:28.327+0000] {logging_mixin.py:188} INFO - [2025-06-25T21:48:28.326+0000] {dagbag.py:545} INFO - Filling up the DagBag from /opt/airflow/dags/train_dag.py
[2025-06-25T21:48:28.352+0000] {logging_mixin.py:188} INFO - [2025-06-25T21:48:28.351+0000] {dagbag.py:337} DEBUG - Importing /opt/airflow/dags/train_dag.py
[2025-06-25T21:48:28.362+0000] {processor.py:842} WARNING - No viable dags retrieved from /opt/airflow/dags/train_dag.py
[2025-06-25T21:48:28.394+0000] {processor.py:183} INFO - Processing /opt/airflow/dags/train_dag.py took 0.088 seconds
[2025-06-25T21:48:59.169+0000] {logging_mixin.py:188} INFO - [2025-06-25T21:48:59.168+0000] {settings.py:250} DEBUG - Setting up DB connection pool (PID 678)
[2025-06-25T21:48:59.171+0000] {logging_mixin.py:188} INFO - [2025-06-25T21:48:59.171+0000] {settings.py:330} DEBUG - settings.prepare_engine_args(): Using pool settings. pool_size=5, max_overflow=10, pool_recycle=1800, pid=678
[2025-06-25T21:48:59.182+0000] {processor.py:161} INFO - Started process (PID=678) to work on /opt/airflow/dags/train_dag.py
[2025-06-25T21:48:59.183+0000] {processor.py:830} INFO - Processing file /opt/airflow/dags/train_dag.py for tasks to queue
[2025-06-25T21:48:59.185+0000] {logging_mixin.py:188} INFO - [2025-06-25T21:48:59.184+0000] {dagbag.py:545} INFO - Filling up the DagBag from /opt/airflow/dags/train_dag.py
[2025-06-25T21:48:59.202+0000] {logging_mixin.py:188} INFO - [2025-06-25T21:48:59.201+0000] {dagbag.py:337} DEBUG - Importing /opt/airflow/dags/train_dag.py
[2025-06-25T21:48:59.212+0000] {processor.py:842} WARNING - No viable dags retrieved from /opt/airflow/dags/train_dag.py
[2025-06-25T21:48:59.240+0000] {processor.py:183} INFO - Processing /opt/airflow/dags/train_dag.py took 0.072 seconds
[2025-06-25T21:49:29.381+0000] {logging_mixin.py:188} INFO - [2025-06-25T21:49:29.380+0000] {settings.py:250} DEBUG - Setting up DB connection pool (PID 741)
[2025-06-25T21:49:29.383+0000] {logging_mixin.py:188} INFO - [2025-06-25T21:49:29.383+0000] {settings.py:330} DEBUG - settings.prepare_engine_args(): Using pool settings. pool_size=5, max_overflow=10, pool_recycle=1800, pid=741
[2025-06-25T21:49:29.395+0000] {processor.py:161} INFO - Started process (PID=741) to work on /opt/airflow/dags/train_dag.py
[2025-06-25T21:49:29.397+0000] {processor.py:830} INFO - Processing file /opt/airflow/dags/train_dag.py for tasks to queue
[2025-06-25T21:49:29.398+0000] {logging_mixin.py:188} INFO - [2025-06-25T21:49:29.398+0000] {dagbag.py:545} INFO - Filling up the DagBag from /opt/airflow/dags/train_dag.py
[2025-06-25T21:49:29.414+0000] {logging_mixin.py:188} INFO - [2025-06-25T21:49:29.414+0000] {dagbag.py:337} DEBUG - Importing /opt/airflow/dags/train_dag.py
[2025-06-25T21:49:29.424+0000] {processor.py:842} WARNING - No viable dags retrieved from /opt/airflow/dags/train_dag.py
[2025-06-25T21:49:29.455+0000] {processor.py:183} INFO - Processing /opt/airflow/dags/train_dag.py took 0.075 seconds
[2025-06-25T21:50:00.016+0000] {logging_mixin.py:188} INFO - [2025-06-25T21:50:00.014+0000] {settings.py:250} DEBUG - Setting up DB connection pool (PID 804)
[2025-06-25T21:50:00.018+0000] {logging_mixin.py:188} INFO - [2025-06-25T21:50:00.018+0000] {settings.py:330} DEBUG - settings.prepare_engine_args(): Using pool settings. pool_size=5, max_overflow=10, pool_recycle=1800, pid=804
[2025-06-25T21:50:00.031+0000] {processor.py:161} INFO - Started process (PID=804) to work on /opt/airflow/dags/train_dag.py
[2025-06-25T21:50:00.033+0000] {processor.py:830} INFO - Processing file /opt/airflow/dags/train_dag.py for tasks to queue
[2025-06-25T21:50:00.034+0000] {logging_mixin.py:188} INFO - [2025-06-25T21:50:00.034+0000] {dagbag.py:545} INFO - Filling up the DagBag from /opt/airflow/dags/train_dag.py
[2025-06-25T21:50:00.051+0000] {logging_mixin.py:188} INFO - [2025-06-25T21:50:00.051+0000] {dagbag.py:337} DEBUG - Importing /opt/airflow/dags/train_dag.py
[2025-06-25T21:50:00.061+0000] {processor.py:842} WARNING - No viable dags retrieved from /opt/airflow/dags/train_dag.py
[2025-06-25T21:50:00.091+0000] {processor.py:183} INFO - Processing /opt/airflow/dags/train_dag.py took 0.077 seconds
[2025-06-25T21:50:30.241+0000] {logging_mixin.py:188} INFO - [2025-06-25T21:50:30.239+0000] {settings.py:250} DEBUG - Setting up DB connection pool (PID 867)
[2025-06-25T21:50:30.243+0000] {logging_mixin.py:188} INFO - [2025-06-25T21:50:30.242+0000] {settings.py:330} DEBUG - settings.prepare_engine_args(): Using pool settings. pool_size=5, max_overflow=10, pool_recycle=1800, pid=867
[2025-06-25T21:50:30.254+0000] {processor.py:161} INFO - Started process (PID=867) to work on /opt/airflow/dags/train_dag.py
[2025-06-25T21:50:30.255+0000] {processor.py:830} INFO - Processing file /opt/airflow/dags/train_dag.py for tasks to queue
[2025-06-25T21:50:30.256+0000] {logging_mixin.py:188} INFO - [2025-06-25T21:50:30.256+0000] {dagbag.py:545} INFO - Filling up the DagBag from /opt/airflow/dags/train_dag.py
[2025-06-25T21:50:30.276+0000] {logging_mixin.py:188} INFO - [2025-06-25T21:50:30.275+0000] {dagbag.py:337} DEBUG - Importing /opt/airflow/dags/train_dag.py
[2025-06-25T21:50:30.286+0000] {processor.py:842} WARNING - No viable dags retrieved from /opt/airflow/dags/train_dag.py
[2025-06-25T21:50:30.316+0000] {processor.py:183} INFO - Processing /opt/airflow/dags/train_dag.py took 0.077 seconds
[2025-06-25T21:51:00.601+0000] {logging_mixin.py:188} INFO - [2025-06-25T21:51:00.600+0000] {settings.py:250} DEBUG - Setting up DB connection pool (PID 930)
[2025-06-25T21:51:00.603+0000] {logging_mixin.py:188} INFO - [2025-06-25T21:51:00.603+0000] {settings.py:330} DEBUG - settings.prepare_engine_args(): Using pool settings. pool_size=5, max_overflow=10, pool_recycle=1800, pid=930
[2025-06-25T21:51:00.616+0000] {processor.py:161} INFO - Started process (PID=930) to work on /opt/airflow/dags/train_dag.py
[2025-06-25T21:51:00.617+0000] {processor.py:830} INFO - Processing file /opt/airflow/dags/train_dag.py for tasks to queue
[2025-06-25T21:51:00.618+0000] {logging_mixin.py:188} INFO - [2025-06-25T21:51:00.618+0000] {dagbag.py:545} INFO - Filling up the DagBag from /opt/airflow/dags/train_dag.py
[2025-06-25T21:51:00.640+0000] {logging_mixin.py:188} INFO - [2025-06-25T21:51:00.640+0000] {dagbag.py:337} DEBUG - Importing /opt/airflow/dags/train_dag.py
[2025-06-25T21:51:00.651+0000] {processor.py:842} WARNING - No viable dags retrieved from /opt/airflow/dags/train_dag.py
[2025-06-25T21:51:00.682+0000] {processor.py:183} INFO - Processing /opt/airflow/dags/train_dag.py took 0.082 seconds
[2025-06-25T21:51:30.936+0000] {logging_mixin.py:188} INFO - [2025-06-25T21:51:30.935+0000] {settings.py:250} DEBUG - Setting up DB connection pool (PID 993)
[2025-06-25T21:51:30.938+0000] {logging_mixin.py:188} INFO - [2025-06-25T21:51:30.938+0000] {settings.py:330} DEBUG - settings.prepare_engine_args(): Using pool settings. pool_size=5, max_overflow=10, pool_recycle=1800, pid=993
[2025-06-25T21:51:30.952+0000] {processor.py:161} INFO - Started process (PID=993) to work on /opt/airflow/dags/train_dag.py
[2025-06-25T21:51:30.953+0000] {processor.py:830} INFO - Processing file /opt/airflow/dags/train_dag.py for tasks to queue
[2025-06-25T21:51:30.954+0000] {logging_mixin.py:188} INFO - [2025-06-25T21:51:30.954+0000] {dagbag.py:545} INFO - Filling up the DagBag from /opt/airflow/dags/train_dag.py
[2025-06-25T21:51:30.971+0000] {logging_mixin.py:188} INFO - [2025-06-25T21:51:30.970+0000] {dagbag.py:337} DEBUG - Importing /opt/airflow/dags/train_dag.py
[2025-06-25T21:51:30.981+0000] {processor.py:842} WARNING - No viable dags retrieved from /opt/airflow/dags/train_dag.py
[2025-06-25T21:51:31.011+0000] {processor.py:183} INFO - Processing /opt/airflow/dags/train_dag.py took 0.076 seconds
[2025-06-25T21:52:01.433+0000] {logging_mixin.py:188} INFO - [2025-06-25T21:52:01.432+0000] {settings.py:250} DEBUG - Setting up DB connection pool (PID 1056)
[2025-06-25T21:52:01.434+0000] {logging_mixin.py:188} INFO - [2025-06-25T21:52:01.434+0000] {settings.py:330} DEBUG - settings.prepare_engine_args(): Using pool settings. pool_size=5, max_overflow=10, pool_recycle=1800, pid=1056
[2025-06-25T21:52:01.444+0000] {processor.py:161} INFO - Started process (PID=1056) to work on /opt/airflow/dags/train_dag.py
[2025-06-25T21:52:01.445+0000] {processor.py:830} INFO - Processing file /opt/airflow/dags/train_dag.py for tasks to queue
[2025-06-25T21:52:01.447+0000] {logging_mixin.py:188} INFO - [2025-06-25T21:52:01.447+0000] {dagbag.py:545} INFO - Filling up the DagBag from /opt/airflow/dags/train_dag.py
[2025-06-25T21:52:01.465+0000] {logging_mixin.py:188} INFO - [2025-06-25T21:52:01.464+0000] {dagbag.py:337} DEBUG - Importing /opt/airflow/dags/train_dag.py
[2025-06-25T21:52:01.474+0000] {processor.py:842} WARNING - No viable dags retrieved from /opt/airflow/dags/train_dag.py
[2025-06-25T21:52:01.500+0000] {processor.py:183} INFO - Processing /opt/airflow/dags/train_dag.py took 0.068 seconds
[2025-06-25T21:52:31.881+0000] {logging_mixin.py:188} INFO - [2025-06-25T21:52:31.880+0000] {settings.py:250} DEBUG - Setting up DB connection pool (PID 1119)
[2025-06-25T21:52:31.883+0000] {logging_mixin.py:188} INFO - [2025-06-25T21:52:31.883+0000] {settings.py:330} DEBUG - settings.prepare_engine_args(): Using pool settings. pool_size=5, max_overflow=10, pool_recycle=1800, pid=1119
[2025-06-25T21:52:31.893+0000] {processor.py:161} INFO - Started process (PID=1119) to work on /opt/airflow/dags/train_dag.py
[2025-06-25T21:52:31.894+0000] {processor.py:830} INFO - Processing file /opt/airflow/dags/train_dag.py for tasks to queue
[2025-06-25T21:52:31.895+0000] {logging_mixin.py:188} INFO - [2025-06-25T21:52:31.895+0000] {dagbag.py:545} INFO - Filling up the DagBag from /opt/airflow/dags/train_dag.py
[2025-06-25T21:52:31.911+0000] {logging_mixin.py:188} INFO - [2025-06-25T21:52:31.911+0000] {dagbag.py:337} DEBUG - Importing /opt/airflow/dags/train_dag.py
[2025-06-25T21:52:31.920+0000] {processor.py:842} WARNING - No viable dags retrieved from /opt/airflow/dags/train_dag.py
[2025-06-25T21:52:31.946+0000] {processor.py:183} INFO - Processing /opt/airflow/dags/train_dag.py took 0.065 seconds
[2025-06-25T21:53:02.342+0000] {logging_mixin.py:188} INFO - [2025-06-25T21:53:02.339+0000] {settings.py:250} DEBUG - Setting up DB connection pool (PID 1182)
[2025-06-25T21:53:02.345+0000] {logging_mixin.py:188} INFO - [2025-06-25T21:53:02.344+0000] {settings.py:330} DEBUG - settings.prepare_engine_args(): Using pool settings. pool_size=5, max_overflow=10, pool_recycle=1800, pid=1182
[2025-06-25T21:53:02.359+0000] {processor.py:161} INFO - Started process (PID=1182) to work on /opt/airflow/dags/train_dag.py
[2025-06-25T21:53:02.360+0000] {processor.py:830} INFO - Processing file /opt/airflow/dags/train_dag.py for tasks to queue
[2025-06-25T21:53:02.362+0000] {logging_mixin.py:188} INFO - [2025-06-25T21:53:02.361+0000] {dagbag.py:545} INFO - Filling up the DagBag from /opt/airflow/dags/train_dag.py
[2025-06-25T21:53:02.380+0000] {logging_mixin.py:188} INFO - [2025-06-25T21:53:02.380+0000] {dagbag.py:337} DEBUG - Importing /opt/airflow/dags/train_dag.py
[2025-06-25T21:53:02.392+0000] {processor.py:842} WARNING - No viable dags retrieved from /opt/airflow/dags/train_dag.py
[2025-06-25T21:53:02.428+0000] {processor.py:183} INFO - Processing /opt/airflow/dags/train_dag.py took 0.089 seconds
[2025-06-25T21:53:33.354+0000] {logging_mixin.py:188} INFO - [2025-06-25T21:53:33.353+0000] {settings.py:250} DEBUG - Setting up DB connection pool (PID 1245)
[2025-06-25T21:53:33.356+0000] {logging_mixin.py:188} INFO - [2025-06-25T21:53:33.356+0000] {settings.py:330} DEBUG - settings.prepare_engine_args(): Using pool settings. pool_size=5, max_overflow=10, pool_recycle=1800, pid=1245
[2025-06-25T21:53:33.370+0000] {processor.py:161} INFO - Started process (PID=1245) to work on /opt/airflow/dags/train_dag.py
[2025-06-25T21:53:33.371+0000] {processor.py:830} INFO - Processing file /opt/airflow/dags/train_dag.py for tasks to queue
[2025-06-25T21:53:33.372+0000] {logging_mixin.py:188} INFO - [2025-06-25T21:53:33.372+0000] {dagbag.py:545} INFO - Filling up the DagBag from /opt/airflow/dags/train_dag.py
[2025-06-25T21:53:33.400+0000] {logging_mixin.py:188} INFO - [2025-06-25T21:53:33.399+0000] {dagbag.py:337} DEBUG - Importing /opt/airflow/dags/train_dag.py
[2025-06-25T21:53:33.414+0000] {processor.py:842} WARNING - No viable dags retrieved from /opt/airflow/dags/train_dag.py
[2025-06-25T21:53:33.445+0000] {processor.py:183} INFO - Processing /opt/airflow/dags/train_dag.py took 0.093 seconds
[2025-06-25T21:54:03.882+0000] {logging_mixin.py:188} INFO - [2025-06-25T21:54:03.881+0000] {settings.py:250} DEBUG - Setting up DB connection pool (PID 1309)
[2025-06-25T21:54:03.884+0000] {logging_mixin.py:188} INFO - [2025-06-25T21:54:03.884+0000] {settings.py:330} DEBUG - settings.prepare_engine_args(): Using pool settings. pool_size=5, max_overflow=10, pool_recycle=1800, pid=1309
[2025-06-25T21:54:03.895+0000] {processor.py:161} INFO - Started process (PID=1309) to work on /opt/airflow/dags/train_dag.py
[2025-06-25T21:54:03.896+0000] {processor.py:830} INFO - Processing file /opt/airflow/dags/train_dag.py for tasks to queue
[2025-06-25T21:54:03.899+0000] {logging_mixin.py:188} INFO - [2025-06-25T21:54:03.897+0000] {dagbag.py:545} INFO - Filling up the DagBag from /opt/airflow/dags/train_dag.py
[2025-06-25T21:54:03.912+0000] {logging_mixin.py:188} INFO - [2025-06-25T21:54:03.912+0000] {dagbag.py:337} DEBUG - Importing /opt/airflow/dags/train_dag.py
[2025-06-25T21:54:03.920+0000] {processor.py:842} WARNING - No viable dags retrieved from /opt/airflow/dags/train_dag.py
[2025-06-25T21:54:03.945+0000] {processor.py:183} INFO - Processing /opt/airflow/dags/train_dag.py took 0.064 seconds
[2025-06-25T21:54:34.183+0000] {logging_mixin.py:188} INFO - [2025-06-25T21:54:34.182+0000] {settings.py:250} DEBUG - Setting up DB connection pool (PID 1372)
[2025-06-25T21:54:34.185+0000] {logging_mixin.py:188} INFO - [2025-06-25T21:54:34.185+0000] {settings.py:330} DEBUG - settings.prepare_engine_args(): Using pool settings. pool_size=5, max_overflow=10, pool_recycle=1800, pid=1372
[2025-06-25T21:54:34.199+0000] {processor.py:161} INFO - Started process (PID=1372) to work on /opt/airflow/dags/train_dag.py
[2025-06-25T21:54:34.201+0000] {processor.py:830} INFO - Processing file /opt/airflow/dags/train_dag.py for tasks to queue
[2025-06-25T21:54:34.203+0000] {logging_mixin.py:188} INFO - [2025-06-25T21:54:34.203+0000] {dagbag.py:545} INFO - Filling up the DagBag from /opt/airflow/dags/train_dag.py
[2025-06-25T21:54:34.219+0000] {logging_mixin.py:188} INFO - [2025-06-25T21:54:34.219+0000] {dagbag.py:337} DEBUG - Importing /opt/airflow/dags/train_dag.py
[2025-06-25T21:54:34.229+0000] {processor.py:842} WARNING - No viable dags retrieved from /opt/airflow/dags/train_dag.py
[2025-06-25T21:54:34.258+0000] {processor.py:183} INFO - Processing /opt/airflow/dags/train_dag.py took 0.076 seconds
[2025-06-25T21:55:04.778+0000] {logging_mixin.py:188} INFO - [2025-06-25T21:55:04.777+0000] {settings.py:250} DEBUG - Setting up DB connection pool (PID 1435)
[2025-06-25T21:55:04.780+0000] {logging_mixin.py:188} INFO - [2025-06-25T21:55:04.780+0000] {settings.py:330} DEBUG - settings.prepare_engine_args(): Using pool settings. pool_size=5, max_overflow=10, pool_recycle=1800, pid=1435
[2025-06-25T21:55:04.791+0000] {processor.py:161} INFO - Started process (PID=1435) to work on /opt/airflow/dags/train_dag.py
[2025-06-25T21:55:04.792+0000] {processor.py:830} INFO - Processing file /opt/airflow/dags/train_dag.py for tasks to queue
[2025-06-25T21:55:04.794+0000] {logging_mixin.py:188} INFO - [2025-06-25T21:55:04.793+0000] {dagbag.py:545} INFO - Filling up the DagBag from /opt/airflow/dags/train_dag.py
[2025-06-25T21:55:04.811+0000] {logging_mixin.py:188} INFO - [2025-06-25T21:55:04.811+0000] {dagbag.py:337} DEBUG - Importing /opt/airflow/dags/train_dag.py
[2025-06-25T21:55:04.823+0000] {processor.py:842} WARNING - No viable dags retrieved from /opt/airflow/dags/train_dag.py
[2025-06-25T21:55:04.857+0000] {processor.py:183} INFO - Processing /opt/airflow/dags/train_dag.py took 0.081 seconds
[2025-06-25T21:55:35.017+0000] {logging_mixin.py:188} INFO - [2025-06-25T21:55:35.016+0000] {settings.py:250} DEBUG - Setting up DB connection pool (PID 1496)
[2025-06-25T21:55:35.019+0000] {logging_mixin.py:188} INFO - [2025-06-25T21:55:35.019+0000] {settings.py:330} DEBUG - settings.prepare_engine_args(): Using pool settings. pool_size=5, max_overflow=10, pool_recycle=1800, pid=1496
[2025-06-25T21:55:35.030+0000] {processor.py:161} INFO - Started process (PID=1496) to work on /opt/airflow/dags/train_dag.py
[2025-06-25T21:55:35.032+0000] {processor.py:830} INFO - Processing file /opt/airflow/dags/train_dag.py for tasks to queue
[2025-06-25T21:55:35.034+0000] {logging_mixin.py:188} INFO - [2025-06-25T21:55:35.033+0000] {dagbag.py:545} INFO - Filling up the DagBag from /opt/airflow/dags/train_dag.py
[2025-06-25T21:55:35.052+0000] {logging_mixin.py:188} INFO - [2025-06-25T21:55:35.052+0000] {dagbag.py:337} DEBUG - Importing /opt/airflow/dags/train_dag.py
[2025-06-25T21:55:35.066+0000] {processor.py:842} WARNING - No viable dags retrieved from /opt/airflow/dags/train_dag.py
[2025-06-25T21:55:35.100+0000] {processor.py:183} INFO - Processing /opt/airflow/dags/train_dag.py took 0.083 seconds
[2025-06-25T21:56:05.630+0000] {logging_mixin.py:188} INFO - [2025-06-25T21:56:05.629+0000] {settings.py:250} DEBUG - Setting up DB connection pool (PID 1560)
[2025-06-25T21:56:05.634+0000] {logging_mixin.py:188} INFO - [2025-06-25T21:56:05.633+0000] {settings.py:330} DEBUG - settings.prepare_engine_args(): Using pool settings. pool_size=5, max_overflow=10, pool_recycle=1800, pid=1560
[2025-06-25T21:56:05.648+0000] {processor.py:161} INFO - Started process (PID=1560) to work on /opt/airflow/dags/train_dag.py
[2025-06-25T21:56:05.650+0000] {processor.py:830} INFO - Processing file /opt/airflow/dags/train_dag.py for tasks to queue
[2025-06-25T21:56:05.652+0000] {logging_mixin.py:188} INFO - [2025-06-25T21:56:05.652+0000] {dagbag.py:545} INFO - Filling up the DagBag from /opt/airflow/dags/train_dag.py
[2025-06-25T21:56:05.673+0000] {logging_mixin.py:188} INFO - [2025-06-25T21:56:05.672+0000] {dagbag.py:337} DEBUG - Importing /opt/airflow/dags/train_dag.py
[2025-06-25T21:56:05.682+0000] {processor.py:842} WARNING - No viable dags retrieved from /opt/airflow/dags/train_dag.py
[2025-06-25T21:56:05.717+0000] {processor.py:183} INFO - Processing /opt/airflow/dags/train_dag.py took 0.089 seconds
[2025-06-25T21:56:36.316+0000] {logging_mixin.py:188} INFO - [2025-06-25T21:56:36.315+0000] {settings.py:250} DEBUG - Setting up DB connection pool (PID 1623)
[2025-06-25T21:56:36.318+0000] {logging_mixin.py:188} INFO - [2025-06-25T21:56:36.318+0000] {settings.py:330} DEBUG - settings.prepare_engine_args(): Using pool settings. pool_size=5, max_overflow=10, pool_recycle=1800, pid=1623
[2025-06-25T21:56:36.335+0000] {processor.py:161} INFO - Started process (PID=1623) to work on /opt/airflow/dags/train_dag.py
[2025-06-25T21:56:36.337+0000] {processor.py:830} INFO - Processing file /opt/airflow/dags/train_dag.py for tasks to queue
[2025-06-25T21:56:36.338+0000] {logging_mixin.py:188} INFO - [2025-06-25T21:56:36.338+0000] {dagbag.py:545} INFO - Filling up the DagBag from /opt/airflow/dags/train_dag.py
[2025-06-25T21:56:36.359+0000] {logging_mixin.py:188} INFO - [2025-06-25T21:56:36.359+0000] {dagbag.py:337} DEBUG - Importing /opt/airflow/dags/train_dag.py
[2025-06-25T21:56:36.369+0000] {processor.py:842} WARNING - No viable dags retrieved from /opt/airflow/dags/train_dag.py
[2025-06-25T21:56:36.398+0000] {processor.py:183} INFO - Processing /opt/airflow/dags/train_dag.py took 0.084 seconds
[2025-06-25T21:57:06.624+0000] {logging_mixin.py:188} INFO - [2025-06-25T21:57:06.623+0000] {settings.py:250} DEBUG - Setting up DB connection pool (PID 1686)
[2025-06-25T21:57:06.626+0000] {logging_mixin.py:188} INFO - [2025-06-25T21:57:06.625+0000] {settings.py:330} DEBUG - settings.prepare_engine_args(): Using pool settings. pool_size=5, max_overflow=10, pool_recycle=1800, pid=1686
[2025-06-25T21:57:06.636+0000] {processor.py:161} INFO - Started process (PID=1686) to work on /opt/airflow/dags/train_dag.py
[2025-06-25T21:57:06.637+0000] {processor.py:830} INFO - Processing file /opt/airflow/dags/train_dag.py for tasks to queue
[2025-06-25T21:57:06.639+0000] {logging_mixin.py:188} INFO - [2025-06-25T21:57:06.639+0000] {dagbag.py:545} INFO - Filling up the DagBag from /opt/airflow/dags/train_dag.py
[2025-06-25T21:57:06.654+0000] {logging_mixin.py:188} INFO - [2025-06-25T21:57:06.654+0000] {dagbag.py:337} DEBUG - Importing /opt/airflow/dags/train_dag.py
[2025-06-25T21:57:06.664+0000] {processor.py:842} WARNING - No viable dags retrieved from /opt/airflow/dags/train_dag.py
[2025-06-25T21:57:06.695+0000] {processor.py:183} INFO - Processing /opt/airflow/dags/train_dag.py took 0.072 seconds
[2025-06-25T21:57:37.297+0000] {logging_mixin.py:188} INFO - [2025-06-25T21:57:37.295+0000] {settings.py:250} DEBUG - Setting up DB connection pool (PID 1749)
[2025-06-25T21:57:37.300+0000] {logging_mixin.py:188} INFO - [2025-06-25T21:57:37.300+0000] {settings.py:330} DEBUG - settings.prepare_engine_args(): Using pool settings. pool_size=5, max_overflow=10, pool_recycle=1800, pid=1749
[2025-06-25T21:57:37.313+0000] {processor.py:161} INFO - Started process (PID=1749) to work on /opt/airflow/dags/train_dag.py
[2025-06-25T21:57:37.314+0000] {processor.py:830} INFO - Processing file /opt/airflow/dags/train_dag.py for tasks to queue
[2025-06-25T21:57:37.316+0000] {logging_mixin.py:188} INFO - [2025-06-25T21:57:37.315+0000] {dagbag.py:545} INFO - Filling up the DagBag from /opt/airflow/dags/train_dag.py
[2025-06-25T21:57:37.332+0000] {logging_mixin.py:188} INFO - [2025-06-25T21:57:37.331+0000] {dagbag.py:337} DEBUG - Importing /opt/airflow/dags/train_dag.py
[2025-06-25T21:57:37.343+0000] {processor.py:842} WARNING - No viable dags retrieved from /opt/airflow/dags/train_dag.py
[2025-06-25T21:57:37.372+0000] {processor.py:183} INFO - Processing /opt/airflow/dags/train_dag.py took 0.077 seconds
[2025-06-25T21:58:07.644+0000] {logging_mixin.py:188} INFO - [2025-06-25T21:58:07.643+0000] {settings.py:250} DEBUG - Setting up DB connection pool (PID 1810)
[2025-06-25T21:58:07.646+0000] {logging_mixin.py:188} INFO - [2025-06-25T21:58:07.646+0000] {settings.py:330} DEBUG - settings.prepare_engine_args(): Using pool settings. pool_size=5, max_overflow=10, pool_recycle=1800, pid=1810
[2025-06-25T21:58:07.655+0000] {processor.py:161} INFO - Started process (PID=1810) to work on /opt/airflow/dags/train_dag.py
[2025-06-25T21:58:07.655+0000] {processor.py:830} INFO - Processing file /opt/airflow/dags/train_dag.py for tasks to queue
[2025-06-25T21:58:07.657+0000] {logging_mixin.py:188} INFO - [2025-06-25T21:58:07.656+0000] {dagbag.py:545} INFO - Filling up the DagBag from /opt/airflow/dags/train_dag.py
[2025-06-25T21:58:07.675+0000] {logging_mixin.py:188} INFO - [2025-06-25T21:58:07.675+0000] {dagbag.py:337} DEBUG - Importing /opt/airflow/dags/train_dag.py
[2025-06-25T21:58:07.685+0000] {processor.py:842} WARNING - No viable dags retrieved from /opt/airflow/dags/train_dag.py
[2025-06-25T21:58:07.714+0000] {processor.py:183} INFO - Processing /opt/airflow/dags/train_dag.py took 0.072 seconds
[2025-06-25T21:58:38.756+0000] {logging_mixin.py:188} INFO - [2025-06-25T21:58:38.755+0000] {settings.py:250} DEBUG - Setting up DB connection pool (PID 1873)
[2025-06-25T21:58:38.759+0000] {logging_mixin.py:188} INFO - [2025-06-25T21:58:38.759+0000] {settings.py:330} DEBUG - settings.prepare_engine_args(): Using pool settings. pool_size=5, max_overflow=10, pool_recycle=1800, pid=1873
[2025-06-25T21:58:38.772+0000] {processor.py:161} INFO - Started process (PID=1873) to work on /opt/airflow/dags/train_dag.py
[2025-06-25T21:58:38.773+0000] {processor.py:830} INFO - Processing file /opt/airflow/dags/train_dag.py for tasks to queue
[2025-06-25T21:58:38.774+0000] {logging_mixin.py:188} INFO - [2025-06-25T21:58:38.774+0000] {dagbag.py:545} INFO - Filling up the DagBag from /opt/airflow/dags/train_dag.py
[2025-06-25T21:58:38.792+0000] {logging_mixin.py:188} INFO - [2025-06-25T21:58:38.791+0000] {dagbag.py:337} DEBUG - Importing /opt/airflow/dags/train_dag.py
[2025-06-25T21:58:38.801+0000] {processor.py:842} WARNING - No viable dags retrieved from /opt/airflow/dags/train_dag.py
[2025-06-25T21:58:38.824+0000] {processor.py:183} INFO - Processing /opt/airflow/dags/train_dag.py took 0.069 seconds
[2025-06-25T21:59:09.821+0000] {logging_mixin.py:188} INFO - [2025-06-25T21:59:09.820+0000] {settings.py:250} DEBUG - Setting up DB connection pool (PID 1936)
[2025-06-25T21:59:09.822+0000] {logging_mixin.py:188} INFO - [2025-06-25T21:59:09.822+0000] {settings.py:330} DEBUG - settings.prepare_engine_args(): Using pool settings. pool_size=5, max_overflow=10, pool_recycle=1800, pid=1936
[2025-06-25T21:59:09.831+0000] {processor.py:161} INFO - Started process (PID=1936) to work on /opt/airflow/dags/train_dag.py
[2025-06-25T21:59:09.832+0000] {processor.py:830} INFO - Processing file /opt/airflow/dags/train_dag.py for tasks to queue
[2025-06-25T21:59:09.834+0000] {logging_mixin.py:188} INFO - [2025-06-25T21:59:09.833+0000] {dagbag.py:545} INFO - Filling up the DagBag from /opt/airflow/dags/train_dag.py
[2025-06-25T21:59:09.850+0000] {logging_mixin.py:188} INFO - [2025-06-25T21:59:09.849+0000] {dagbag.py:337} DEBUG - Importing /opt/airflow/dags/train_dag.py
[2025-06-25T21:59:09.858+0000] {processor.py:842} WARNING - No viable dags retrieved from /opt/airflow/dags/train_dag.py
[2025-06-25T21:59:09.882+0000] {processor.py:183} INFO - Processing /opt/airflow/dags/train_dag.py took 0.063 seconds
[2025-06-25T21:59:40.037+0000] {logging_mixin.py:188} INFO - [2025-06-25T21:59:40.036+0000] {settings.py:250} DEBUG - Setting up DB connection pool (PID 1999)
[2025-06-25T21:59:40.038+0000] {logging_mixin.py:188} INFO - [2025-06-25T21:59:40.038+0000] {settings.py:330} DEBUG - settings.prepare_engine_args(): Using pool settings. pool_size=5, max_overflow=10, pool_recycle=1800, pid=1999
[2025-06-25T21:59:40.048+0000] {processor.py:161} INFO - Started process (PID=1999) to work on /opt/airflow/dags/train_dag.py
[2025-06-25T21:59:40.049+0000] {processor.py:830} INFO - Processing file /opt/airflow/dags/train_dag.py for tasks to queue
[2025-06-25T21:59:40.052+0000] {logging_mixin.py:188} INFO - [2025-06-25T21:59:40.051+0000] {dagbag.py:545} INFO - Filling up the DagBag from /opt/airflow/dags/train_dag.py
[2025-06-25T21:59:40.068+0000] {logging_mixin.py:188} INFO - [2025-06-25T21:59:40.067+0000] {dagbag.py:337} DEBUG - Importing /opt/airflow/dags/train_dag.py
[2025-06-25T21:59:40.077+0000] {processor.py:842} WARNING - No viable dags retrieved from /opt/airflow/dags/train_dag.py
[2025-06-25T21:59:40.105+0000] {processor.py:183} INFO - Processing /opt/airflow/dags/train_dag.py took 0.069 seconds
[2025-06-25T22:00:10.548+0000] {logging_mixin.py:188} INFO - [2025-06-25T22:00:10.547+0000] {settings.py:250} DEBUG - Setting up DB connection pool (PID 2062)
[2025-06-25T22:00:10.550+0000] {logging_mixin.py:188} INFO - [2025-06-25T22:00:10.549+0000] {settings.py:330} DEBUG - settings.prepare_engine_args(): Using pool settings. pool_size=5, max_overflow=10, pool_recycle=1800, pid=2062
[2025-06-25T22:00:10.562+0000] {processor.py:161} INFO - Started process (PID=2062) to work on /opt/airflow/dags/train_dag.py
[2025-06-25T22:00:10.563+0000] {processor.py:830} INFO - Processing file /opt/airflow/dags/train_dag.py for tasks to queue
[2025-06-25T22:00:10.565+0000] {logging_mixin.py:188} INFO - [2025-06-25T22:00:10.564+0000] {dagbag.py:545} INFO - Filling up the DagBag from /opt/airflow/dags/train_dag.py
[2025-06-25T22:00:10.581+0000] {logging_mixin.py:188} INFO - [2025-06-25T22:00:10.581+0000] {dagbag.py:337} DEBUG - Importing /opt/airflow/dags/train_dag.py
[2025-06-25T22:00:10.591+0000] {processor.py:842} WARNING - No viable dags retrieved from /opt/airflow/dags/train_dag.py
[2025-06-25T22:00:10.617+0000] {processor.py:183} INFO - Processing /opt/airflow/dags/train_dag.py took 0.071 seconds
[2025-06-25T22:00:40.778+0000] {logging_mixin.py:188} INFO - [2025-06-25T22:00:40.777+0000] {settings.py:250} DEBUG - Setting up DB connection pool (PID 2123)
[2025-06-25T22:00:40.780+0000] {logging_mixin.py:188} INFO - [2025-06-25T22:00:40.780+0000] {settings.py:330} DEBUG - settings.prepare_engine_args(): Using pool settings. pool_size=5, max_overflow=10, pool_recycle=1800, pid=2123
[2025-06-25T22:00:40.794+0000] {processor.py:161} INFO - Started process (PID=2123) to work on /opt/airflow/dags/train_dag.py
[2025-06-25T22:00:40.796+0000] {processor.py:830} INFO - Processing file /opt/airflow/dags/train_dag.py for tasks to queue
[2025-06-25T22:00:40.797+0000] {logging_mixin.py:188} INFO - [2025-06-25T22:00:40.797+0000] {dagbag.py:545} INFO - Filling up the DagBag from /opt/airflow/dags/train_dag.py
[2025-06-25T22:00:40.815+0000] {logging_mixin.py:188} INFO - [2025-06-25T22:00:40.815+0000] {dagbag.py:337} DEBUG - Importing /opt/airflow/dags/train_dag.py
[2025-06-25T22:00:40.825+0000] {processor.py:842} WARNING - No viable dags retrieved from /opt/airflow/dags/train_dag.py
[2025-06-25T22:00:40.854+0000] {processor.py:183} INFO - Processing /opt/airflow/dags/train_dag.py took 0.077 seconds
[2025-06-25T22:01:11.370+0000] {logging_mixin.py:188} INFO - [2025-06-25T22:01:11.367+0000] {settings.py:250} DEBUG - Setting up DB connection pool (PID 2186)
[2025-06-25T22:01:11.372+0000] {logging_mixin.py:188} INFO - [2025-06-25T22:01:11.372+0000] {settings.py:330} DEBUG - settings.prepare_engine_args(): Using pool settings. pool_size=5, max_overflow=10, pool_recycle=1800, pid=2186
[2025-06-25T22:01:11.383+0000] {processor.py:161} INFO - Started process (PID=2186) to work on /opt/airflow/dags/train_dag.py
[2025-06-25T22:01:11.384+0000] {processor.py:830} INFO - Processing file /opt/airflow/dags/train_dag.py for tasks to queue
[2025-06-25T22:01:11.385+0000] {logging_mixin.py:188} INFO - [2025-06-25T22:01:11.385+0000] {dagbag.py:545} INFO - Filling up the DagBag from /opt/airflow/dags/train_dag.py
[2025-06-25T22:01:11.399+0000] {logging_mixin.py:188} INFO - [2025-06-25T22:01:11.399+0000] {dagbag.py:337} DEBUG - Importing /opt/airflow/dags/train_dag.py
[2025-06-25T22:01:11.411+0000] {processor.py:842} WARNING - No viable dags retrieved from /opt/airflow/dags/train_dag.py
[2025-06-25T22:01:11.438+0000] {processor.py:183} INFO - Processing /opt/airflow/dags/train_dag.py took 0.071 seconds
[2025-06-25T22:01:42.109+0000] {logging_mixin.py:188} INFO - [2025-06-25T22:01:42.107+0000] {settings.py:250} DEBUG - Setting up DB connection pool (PID 2249)
[2025-06-25T22:01:42.111+0000] {logging_mixin.py:188} INFO - [2025-06-25T22:01:42.110+0000] {settings.py:330} DEBUG - settings.prepare_engine_args(): Using pool settings. pool_size=5, max_overflow=10, pool_recycle=1800, pid=2249
[2025-06-25T22:01:42.123+0000] {processor.py:161} INFO - Started process (PID=2249) to work on /opt/airflow/dags/train_dag.py
[2025-06-25T22:01:42.123+0000] {processor.py:830} INFO - Processing file /opt/airflow/dags/train_dag.py for tasks to queue
[2025-06-25T22:01:42.125+0000] {logging_mixin.py:188} INFO - [2025-06-25T22:01:42.124+0000] {dagbag.py:545} INFO - Filling up the DagBag from /opt/airflow/dags/train_dag.py
[2025-06-25T22:01:42.138+0000] {logging_mixin.py:188} INFO - [2025-06-25T22:01:42.138+0000] {dagbag.py:337} DEBUG - Importing /opt/airflow/dags/train_dag.py
[2025-06-25T22:01:42.149+0000] {processor.py:842} WARNING - No viable dags retrieved from /opt/airflow/dags/train_dag.py
[2025-06-25T22:01:42.176+0000] {processor.py:183} INFO - Processing /opt/airflow/dags/train_dag.py took 0.069 seconds
[2025-06-25T22:02:12.757+0000] {logging_mixin.py:188} INFO - [2025-06-25T22:02:12.756+0000] {settings.py:250} DEBUG - Setting up DB connection pool (PID 2312)
[2025-06-25T22:02:12.759+0000] {logging_mixin.py:188} INFO - [2025-06-25T22:02:12.759+0000] {settings.py:330} DEBUG - settings.prepare_engine_args(): Using pool settings. pool_size=5, max_overflow=10, pool_recycle=1800, pid=2312
[2025-06-25T22:02:12.774+0000] {processor.py:161} INFO - Started process (PID=2312) to work on /opt/airflow/dags/train_dag.py
[2025-06-25T22:02:12.775+0000] {processor.py:830} INFO - Processing file /opt/airflow/dags/train_dag.py for tasks to queue
[2025-06-25T22:02:12.777+0000] {logging_mixin.py:188} INFO - [2025-06-25T22:02:12.776+0000] {dagbag.py:545} INFO - Filling up the DagBag from /opt/airflow/dags/train_dag.py
[2025-06-25T22:02:12.795+0000] {logging_mixin.py:188} INFO - [2025-06-25T22:02:12.794+0000] {dagbag.py:337} DEBUG - Importing /opt/airflow/dags/train_dag.py
[2025-06-25T22:02:12.806+0000] {processor.py:842} WARNING - No viable dags retrieved from /opt/airflow/dags/train_dag.py
[2025-06-25T22:02:12.836+0000] {processor.py:183} INFO - Processing /opt/airflow/dags/train_dag.py took 0.080 seconds
[2025-06-25T22:02:43.106+0000] {logging_mixin.py:188} INFO - [2025-06-25T22:02:43.104+0000] {settings.py:250} DEBUG - Setting up DB connection pool (PID 2376)
[2025-06-25T22:02:43.108+0000] {logging_mixin.py:188} INFO - [2025-06-25T22:02:43.108+0000] {settings.py:330} DEBUG - settings.prepare_engine_args(): Using pool settings. pool_size=5, max_overflow=10, pool_recycle=1800, pid=2376
[2025-06-25T22:02:43.124+0000] {processor.py:161} INFO - Started process (PID=2376) to work on /opt/airflow/dags/train_dag.py
[2025-06-25T22:02:43.125+0000] {processor.py:830} INFO - Processing file /opt/airflow/dags/train_dag.py for tasks to queue
[2025-06-25T22:02:43.127+0000] {logging_mixin.py:188} INFO - [2025-06-25T22:02:43.127+0000] {dagbag.py:545} INFO - Filling up the DagBag from /opt/airflow/dags/train_dag.py
[2025-06-25T22:02:43.145+0000] {logging_mixin.py:188} INFO - [2025-06-25T22:02:43.144+0000] {dagbag.py:337} DEBUG - Importing /opt/airflow/dags/train_dag.py
[2025-06-25T22:02:43.155+0000] {processor.py:842} WARNING - No viable dags retrieved from /opt/airflow/dags/train_dag.py
[2025-06-25T22:02:43.188+0000] {processor.py:183} INFO - Processing /opt/airflow/dags/train_dag.py took 0.083 seconds
[2025-06-25T22:03:13.565+0000] {logging_mixin.py:188} INFO - [2025-06-25T22:03:13.564+0000] {settings.py:250} DEBUG - Setting up DB connection pool (PID 2439)
[2025-06-25T22:03:13.567+0000] {logging_mixin.py:188} INFO - [2025-06-25T22:03:13.567+0000] {settings.py:330} DEBUG - settings.prepare_engine_args(): Using pool settings. pool_size=5, max_overflow=10, pool_recycle=1800, pid=2439
[2025-06-25T22:03:13.578+0000] {processor.py:161} INFO - Started process (PID=2439) to work on /opt/airflow/dags/train_dag.py
[2025-06-25T22:03:13.579+0000] {processor.py:830} INFO - Processing file /opt/airflow/dags/train_dag.py for tasks to queue
[2025-06-25T22:03:13.581+0000] {logging_mixin.py:188} INFO - [2025-06-25T22:03:13.580+0000] {dagbag.py:545} INFO - Filling up the DagBag from /opt/airflow/dags/train_dag.py
[2025-06-25T22:03:13.599+0000] {logging_mixin.py:188} INFO - [2025-06-25T22:03:13.599+0000] {dagbag.py:337} DEBUG - Importing /opt/airflow/dags/train_dag.py
[2025-06-25T22:03:13.608+0000] {processor.py:842} WARNING - No viable dags retrieved from /opt/airflow/dags/train_dag.py
[2025-06-25T22:03:13.637+0000] {processor.py:183} INFO - Processing /opt/airflow/dags/train_dag.py took 0.073 seconds
[2025-06-25T22:03:44.292+0000] {logging_mixin.py:188} INFO - [2025-06-25T22:03:44.291+0000] {settings.py:250} DEBUG - Setting up DB connection pool (PID 2503)
[2025-06-25T22:03:44.294+0000] {logging_mixin.py:188} INFO - [2025-06-25T22:03:44.294+0000] {settings.py:330} DEBUG - settings.prepare_engine_args(): Using pool settings. pool_size=5, max_overflow=10, pool_recycle=1800, pid=2503
[2025-06-25T22:03:44.304+0000] {processor.py:161} INFO - Started process (PID=2503) to work on /opt/airflow/dags/train_dag.py
[2025-06-25T22:03:44.305+0000] {processor.py:830} INFO - Processing file /opt/airflow/dags/train_dag.py for tasks to queue
[2025-06-25T22:03:44.306+0000] {logging_mixin.py:188} INFO - [2025-06-25T22:03:44.306+0000] {dagbag.py:545} INFO - Filling up the DagBag from /opt/airflow/dags/train_dag.py
[2025-06-25T22:03:44.322+0000] {logging_mixin.py:188} INFO - [2025-06-25T22:03:44.322+0000] {dagbag.py:337} DEBUG - Importing /opt/airflow/dags/train_dag.py
[2025-06-25T22:03:44.335+0000] {processor.py:842} WARNING - No viable dags retrieved from /opt/airflow/dags/train_dag.py
[2025-06-25T22:03:44.367+0000] {processor.py:183} INFO - Processing /opt/airflow/dags/train_dag.py took 0.076 seconds
[2025-06-25T22:04:15.216+0000] {logging_mixin.py:188} INFO - [2025-06-25T22:04:15.214+0000] {settings.py:250} DEBUG - Setting up DB connection pool (PID 2566)
[2025-06-25T22:04:15.218+0000] {logging_mixin.py:188} INFO - [2025-06-25T22:04:15.217+0000] {settings.py:330} DEBUG - settings.prepare_engine_args(): Using pool settings. pool_size=5, max_overflow=10, pool_recycle=1800, pid=2566
[2025-06-25T22:04:15.230+0000] {processor.py:161} INFO - Started process (PID=2566) to work on /opt/airflow/dags/train_dag.py
[2025-06-25T22:04:15.232+0000] {processor.py:830} INFO - Processing file /opt/airflow/dags/train_dag.py for tasks to queue
[2025-06-25T22:04:15.234+0000] {logging_mixin.py:188} INFO - [2025-06-25T22:04:15.233+0000] {dagbag.py:545} INFO - Filling up the DagBag from /opt/airflow/dags/train_dag.py
[2025-06-25T22:04:15.252+0000] {logging_mixin.py:188} INFO - [2025-06-25T22:04:15.252+0000] {dagbag.py:337} DEBUG - Importing /opt/airflow/dags/train_dag.py
[2025-06-25T22:04:15.263+0000] {processor.py:842} WARNING - No viable dags retrieved from /opt/airflow/dags/train_dag.py
[2025-06-25T22:04:15.289+0000] {processor.py:183} INFO - Processing /opt/airflow/dags/train_dag.py took 0.075 seconds
[2025-06-25T22:04:45.804+0000] {logging_mixin.py:188} INFO - [2025-06-25T22:04:45.802+0000] {settings.py:250} DEBUG - Setting up DB connection pool (PID 2629)
[2025-06-25T22:04:45.806+0000] {logging_mixin.py:188} INFO - [2025-06-25T22:04:45.805+0000] {settings.py:330} DEBUG - settings.prepare_engine_args(): Using pool settings. pool_size=5, max_overflow=10, pool_recycle=1800, pid=2629
[2025-06-25T22:04:45.817+0000] {processor.py:161} INFO - Started process (PID=2629) to work on /opt/airflow/dags/train_dag.py
[2025-06-25T22:04:45.819+0000] {processor.py:830} INFO - Processing file /opt/airflow/dags/train_dag.py for tasks to queue
[2025-06-25T22:04:45.820+0000] {logging_mixin.py:188} INFO - [2025-06-25T22:04:45.820+0000] {dagbag.py:545} INFO - Filling up the DagBag from /opt/airflow/dags/train_dag.py
[2025-06-25T22:04:45.837+0000] {logging_mixin.py:188} INFO - [2025-06-25T22:04:45.837+0000] {dagbag.py:337} DEBUG - Importing /opt/airflow/dags/train_dag.py
[2025-06-25T22:04:45.847+0000] {processor.py:842} WARNING - No viable dags retrieved from /opt/airflow/dags/train_dag.py
[2025-06-25T22:04:45.876+0000] {processor.py:183} INFO - Processing /opt/airflow/dags/train_dag.py took 0.074 seconds
[2025-06-25T22:05:15.972+0000] {logging_mixin.py:188} INFO - [2025-06-25T22:05:15.969+0000] {settings.py:250} DEBUG - Setting up DB connection pool (PID 2690)
[2025-06-25T22:05:15.974+0000] {logging_mixin.py:188} INFO - [2025-06-25T22:05:15.973+0000] {settings.py:330} DEBUG - settings.prepare_engine_args(): Using pool settings. pool_size=5, max_overflow=10, pool_recycle=1800, pid=2690
[2025-06-25T22:05:15.984+0000] {processor.py:161} INFO - Started process (PID=2690) to work on /opt/airflow/dags/train_dag.py
[2025-06-25T22:05:15.985+0000] {processor.py:830} INFO - Processing file /opt/airflow/dags/train_dag.py for tasks to queue
[2025-06-25T22:05:15.989+0000] {logging_mixin.py:188} INFO - [2025-06-25T22:05:15.989+0000] {dagbag.py:545} INFO - Filling up the DagBag from /opt/airflow/dags/train_dag.py
[2025-06-25T22:05:16.011+0000] {logging_mixin.py:188} INFO - [2025-06-25T22:05:16.011+0000] {dagbag.py:337} DEBUG - Importing /opt/airflow/dags/train_dag.py
[2025-06-25T22:05:16.022+0000] {processor.py:842} WARNING - No viable dags retrieved from /opt/airflow/dags/train_dag.py
[2025-06-25T22:05:16.048+0000] {processor.py:183} INFO - Processing /opt/airflow/dags/train_dag.py took 0.079 seconds
[2025-06-25T22:05:46.690+0000] {logging_mixin.py:188} INFO - [2025-06-25T22:05:46.689+0000] {settings.py:250} DEBUG - Setting up DB connection pool (PID 2755)
[2025-06-25T22:05:46.692+0000] {logging_mixin.py:188} INFO - [2025-06-25T22:05:46.692+0000] {settings.py:330} DEBUG - settings.prepare_engine_args(): Using pool settings. pool_size=5, max_overflow=10, pool_recycle=1800, pid=2755
[2025-06-25T22:05:46.702+0000] {processor.py:161} INFO - Started process (PID=2755) to work on /opt/airflow/dags/train_dag.py
[2025-06-25T22:05:46.703+0000] {processor.py:830} INFO - Processing file /opt/airflow/dags/train_dag.py for tasks to queue
[2025-06-25T22:05:46.704+0000] {logging_mixin.py:188} INFO - [2025-06-25T22:05:46.704+0000] {dagbag.py:545} INFO - Filling up the DagBag from /opt/airflow/dags/train_dag.py
[2025-06-25T22:05:46.721+0000] {logging_mixin.py:188} INFO - [2025-06-25T22:05:46.721+0000] {dagbag.py:337} DEBUG - Importing /opt/airflow/dags/train_dag.py
[2025-06-25T22:05:46.730+0000] {processor.py:842} WARNING - No viable dags retrieved from /opt/airflow/dags/train_dag.py
[2025-06-25T22:05:46.758+0000] {processor.py:183} INFO - Processing /opt/airflow/dags/train_dag.py took 0.069 seconds
[2025-06-25T22:06:16.836+0000] {logging_mixin.py:188} INFO - [2025-06-25T22:06:16.834+0000] {settings.py:250} DEBUG - Setting up DB connection pool (PID 2817)
[2025-06-25T22:06:16.838+0000] {logging_mixin.py:188} INFO - [2025-06-25T22:06:16.838+0000] {settings.py:330} DEBUG - settings.prepare_engine_args(): Using pool settings. pool_size=5, max_overflow=10, pool_recycle=1800, pid=2817
[2025-06-25T22:06:16.855+0000] {processor.py:161} INFO - Started process (PID=2817) to work on /opt/airflow/dags/train_dag.py
[2025-06-25T22:06:16.856+0000] {processor.py:830} INFO - Processing file /opt/airflow/dags/train_dag.py for tasks to queue
[2025-06-25T22:06:16.858+0000] {logging_mixin.py:188} INFO - [2025-06-25T22:06:16.858+0000] {dagbag.py:545} INFO - Filling up the DagBag from /opt/airflow/dags/train_dag.py
[2025-06-25T22:06:16.877+0000] {logging_mixin.py:188} INFO - [2025-06-25T22:06:16.877+0000] {dagbag.py:337} DEBUG - Importing /opt/airflow/dags/train_dag.py
[2025-06-25T22:06:16.887+0000] {processor.py:842} WARNING - No viable dags retrieved from /opt/airflow/dags/train_dag.py
[2025-06-25T22:06:16.911+0000] {processor.py:183} INFO - Processing /opt/airflow/dags/train_dag.py took 0.077 seconds
[2025-06-25T22:06:47.862+0000] {logging_mixin.py:188} INFO - [2025-06-25T22:06:47.860+0000] {settings.py:250} DEBUG - Setting up DB connection pool (PID 2880)
[2025-06-25T22:06:47.864+0000] {logging_mixin.py:188} INFO - [2025-06-25T22:06:47.864+0000] {settings.py:330} DEBUG - settings.prepare_engine_args(): Using pool settings. pool_size=5, max_overflow=10, pool_recycle=1800, pid=2880
[2025-06-25T22:06:47.883+0000] {processor.py:161} INFO - Started process (PID=2880) to work on /opt/airflow/dags/train_dag.py
[2025-06-25T22:06:47.884+0000] {processor.py:830} INFO - Processing file /opt/airflow/dags/train_dag.py for tasks to queue
[2025-06-25T22:06:47.886+0000] {logging_mixin.py:188} INFO - [2025-06-25T22:06:47.885+0000] {dagbag.py:545} INFO - Filling up the DagBag from /opt/airflow/dags/train_dag.py
[2025-06-25T22:06:47.904+0000] {logging_mixin.py:188} INFO - [2025-06-25T22:06:47.904+0000] {dagbag.py:337} DEBUG - Importing /opt/airflow/dags/train_dag.py
[2025-06-25T22:06:47.915+0000] {processor.py:842} WARNING - No viable dags retrieved from /opt/airflow/dags/train_dag.py
[2025-06-25T22:06:47.945+0000] {processor.py:183} INFO - Processing /opt/airflow/dags/train_dag.py took 0.085 seconds
[2025-06-25T22:07:18.210+0000] {logging_mixin.py:188} INFO - [2025-06-25T22:07:18.209+0000] {settings.py:250} DEBUG - Setting up DB connection pool (PID 2943)
[2025-06-25T22:07:18.212+0000] {logging_mixin.py:188} INFO - [2025-06-25T22:07:18.212+0000] {settings.py:330} DEBUG - settings.prepare_engine_args(): Using pool settings. pool_size=5, max_overflow=10, pool_recycle=1800, pid=2943
[2025-06-25T22:07:18.227+0000] {processor.py:161} INFO - Started process (PID=2943) to work on /opt/airflow/dags/train_dag.py
[2025-06-25T22:07:18.229+0000] {processor.py:830} INFO - Processing file /opt/airflow/dags/train_dag.py for tasks to queue
[2025-06-25T22:07:18.230+0000] {logging_mixin.py:188} INFO - [2025-06-25T22:07:18.230+0000] {dagbag.py:545} INFO - Filling up the DagBag from /opt/airflow/dags/train_dag.py
[2025-06-25T22:07:18.245+0000] {logging_mixin.py:188} INFO - [2025-06-25T22:07:18.245+0000] {dagbag.py:337} DEBUG - Importing /opt/airflow/dags/train_dag.py
[2025-06-25T22:07:18.256+0000] {processor.py:842} WARNING - No viable dags retrieved from /opt/airflow/dags/train_dag.py
[2025-06-25T22:07:18.284+0000] {processor.py:183} INFO - Processing /opt/airflow/dags/train_dag.py took 0.075 seconds
[2025-06-25T22:07:48.915+0000] {logging_mixin.py:188} INFO - [2025-06-25T22:07:48.913+0000] {settings.py:250} DEBUG - Setting up DB connection pool (PID 3006)
[2025-06-25T22:07:48.918+0000] {logging_mixin.py:188} INFO - [2025-06-25T22:07:48.918+0000] {settings.py:330} DEBUG - settings.prepare_engine_args(): Using pool settings. pool_size=5, max_overflow=10, pool_recycle=1800, pid=3006
[2025-06-25T22:07:48.934+0000] {processor.py:161} INFO - Started process (PID=3006) to work on /opt/airflow/dags/train_dag.py
[2025-06-25T22:07:48.935+0000] {processor.py:830} INFO - Processing file /opt/airflow/dags/train_dag.py for tasks to queue
[2025-06-25T22:07:48.936+0000] {logging_mixin.py:188} INFO - [2025-06-25T22:07:48.936+0000] {dagbag.py:545} INFO - Filling up the DagBag from /opt/airflow/dags/train_dag.py
[2025-06-25T22:07:48.952+0000] {logging_mixin.py:188} INFO - [2025-06-25T22:07:48.951+0000] {dagbag.py:337} DEBUG - Importing /opt/airflow/dags/train_dag.py
[2025-06-25T22:07:48.963+0000] {processor.py:842} WARNING - No viable dags retrieved from /opt/airflow/dags/train_dag.py
[2025-06-25T22:07:48.989+0000] {processor.py:183} INFO - Processing /opt/airflow/dags/train_dag.py took 0.076 seconds
[2025-06-25T22:08:19.829+0000] {logging_mixin.py:188} INFO - [2025-06-25T22:08:19.827+0000] {settings.py:250} DEBUG - Setting up DB connection pool (PID 3069)
[2025-06-25T22:08:19.831+0000] {logging_mixin.py:188} INFO - [2025-06-25T22:08:19.830+0000] {settings.py:330} DEBUG - settings.prepare_engine_args(): Using pool settings. pool_size=5, max_overflow=10, pool_recycle=1800, pid=3069
[2025-06-25T22:08:19.845+0000] {processor.py:161} INFO - Started process (PID=3069) to work on /opt/airflow/dags/train_dag.py
[2025-06-25T22:08:19.846+0000] {processor.py:830} INFO - Processing file /opt/airflow/dags/train_dag.py for tasks to queue
[2025-06-25T22:08:19.848+0000] {logging_mixin.py:188} INFO - [2025-06-25T22:08:19.847+0000] {dagbag.py:545} INFO - Filling up the DagBag from /opt/airflow/dags/train_dag.py
[2025-06-25T22:08:19.865+0000] {logging_mixin.py:188} INFO - [2025-06-25T22:08:19.865+0000] {dagbag.py:337} DEBUG - Importing /opt/airflow/dags/train_dag.py
[2025-06-25T22:08:19.875+0000] {processor.py:842} WARNING - No viable dags retrieved from /opt/airflow/dags/train_dag.py
[2025-06-25T22:08:19.898+0000] {processor.py:183} INFO - Processing /opt/airflow/dags/train_dag.py took 0.071 seconds
[2025-06-25T22:08:50.623+0000] {logging_mixin.py:188} INFO - [2025-06-25T22:08:50.622+0000] {settings.py:250} DEBUG - Setting up DB connection pool (PID 3132)
[2025-06-25T22:08:50.626+0000] {logging_mixin.py:188} INFO - [2025-06-25T22:08:50.625+0000] {settings.py:330} DEBUG - settings.prepare_engine_args(): Using pool settings. pool_size=5, max_overflow=10, pool_recycle=1800, pid=3132
[2025-06-25T22:08:50.639+0000] {processor.py:161} INFO - Started process (PID=3132) to work on /opt/airflow/dags/train_dag.py
[2025-06-25T22:08:50.640+0000] {processor.py:830} INFO - Processing file /opt/airflow/dags/train_dag.py for tasks to queue
[2025-06-25T22:08:50.642+0000] {logging_mixin.py:188} INFO - [2025-06-25T22:08:50.642+0000] {dagbag.py:545} INFO - Filling up the DagBag from /opt/airflow/dags/train_dag.py
[2025-06-25T22:08:50.662+0000] {logging_mixin.py:188} INFO - [2025-06-25T22:08:50.661+0000] {dagbag.py:337} DEBUG - Importing /opt/airflow/dags/train_dag.py
[2025-06-25T22:08:50.671+0000] {processor.py:842} WARNING - No viable dags retrieved from /opt/airflow/dags/train_dag.py
[2025-06-25T22:08:50.698+0000] {processor.py:183} INFO - Processing /opt/airflow/dags/train_dag.py took 0.077 seconds
[2025-06-25T22:09:20.873+0000] {logging_mixin.py:188} INFO - [2025-06-25T22:09:20.871+0000] {settings.py:250} DEBUG - Setting up DB connection pool (PID 3195)
[2025-06-25T22:09:20.875+0000] {logging_mixin.py:188} INFO - [2025-06-25T22:09:20.874+0000] {settings.py:330} DEBUG - settings.prepare_engine_args(): Using pool settings. pool_size=5, max_overflow=10, pool_recycle=1800, pid=3195
[2025-06-25T22:09:20.886+0000] {processor.py:161} INFO - Started process (PID=3195) to work on /opt/airflow/dags/train_dag.py
[2025-06-25T22:09:20.887+0000] {processor.py:830} INFO - Processing file /opt/airflow/dags/train_dag.py for tasks to queue
[2025-06-25T22:09:20.888+0000] {logging_mixin.py:188} INFO - [2025-06-25T22:09:20.888+0000] {dagbag.py:545} INFO - Filling up the DagBag from /opt/airflow/dags/train_dag.py
[2025-06-25T22:09:20.904+0000] {logging_mixin.py:188} INFO - [2025-06-25T22:09:20.903+0000] {dagbag.py:337} DEBUG - Importing /opt/airflow/dags/train_dag.py
[2025-06-25T22:09:20.912+0000] {processor.py:842} WARNING - No viable dags retrieved from /opt/airflow/dags/train_dag.py
[2025-06-25T22:09:20.936+0000] {processor.py:183} INFO - Processing /opt/airflow/dags/train_dag.py took 0.065 seconds
[2025-06-25T22:09:51.631+0000] {logging_mixin.py:188} INFO - [2025-06-25T22:09:51.630+0000] {settings.py:250} DEBUG - Setting up DB connection pool (PID 3258)
[2025-06-25T22:09:51.633+0000] {logging_mixin.py:188} INFO - [2025-06-25T22:09:51.633+0000] {settings.py:330} DEBUG - settings.prepare_engine_args(): Using pool settings. pool_size=5, max_overflow=10, pool_recycle=1800, pid=3258
[2025-06-25T22:09:51.649+0000] {processor.py:161} INFO - Started process (PID=3258) to work on /opt/airflow/dags/train_dag.py
[2025-06-25T22:09:51.651+0000] {processor.py:830} INFO - Processing file /opt/airflow/dags/train_dag.py for tasks to queue
[2025-06-25T22:09:51.653+0000] {logging_mixin.py:188} INFO - [2025-06-25T22:09:51.652+0000] {dagbag.py:545} INFO - Filling up the DagBag from /opt/airflow/dags/train_dag.py
[2025-06-25T22:09:51.668+0000] {logging_mixin.py:188} INFO - [2025-06-25T22:09:51.668+0000] {dagbag.py:337} DEBUG - Importing /opt/airflow/dags/train_dag.py
[2025-06-25T22:09:51.680+0000] {processor.py:842} WARNING - No viable dags retrieved from /opt/airflow/dags/train_dag.py
[2025-06-25T22:09:51.705+0000] {processor.py:183} INFO - Processing /opt/airflow/dags/train_dag.py took 0.075 seconds
[2025-06-25T22:10:22.454+0000] {logging_mixin.py:188} INFO - [2025-06-25T22:10:22.453+0000] {settings.py:250} DEBUG - Setting up DB connection pool (PID 3321)
[2025-06-25T22:10:22.457+0000] {logging_mixin.py:188} INFO - [2025-06-25T22:10:22.456+0000] {settings.py:330} DEBUG - settings.prepare_engine_args(): Using pool settings. pool_size=5, max_overflow=10, pool_recycle=1800, pid=3321
[2025-06-25T22:10:22.468+0000] {processor.py:161} INFO - Started process (PID=3321) to work on /opt/airflow/dags/train_dag.py
[2025-06-25T22:10:22.469+0000] {processor.py:830} INFO - Processing file /opt/airflow/dags/train_dag.py for tasks to queue
[2025-06-25T22:10:22.470+0000] {logging_mixin.py:188} INFO - [2025-06-25T22:10:22.470+0000] {dagbag.py:545} INFO - Filling up the DagBag from /opt/airflow/dags/train_dag.py
[2025-06-25T22:10:22.488+0000] {logging_mixin.py:188} INFO - [2025-06-25T22:10:22.488+0000] {dagbag.py:337} DEBUG - Importing /opt/airflow/dags/train_dag.py
[2025-06-25T22:10:22.499+0000] {processor.py:842} WARNING - No viable dags retrieved from /opt/airflow/dags/train_dag.py
[2025-06-25T22:10:22.532+0000] {processor.py:183} INFO - Processing /opt/airflow/dags/train_dag.py took 0.079 seconds
[2025-06-25T22:10:52.989+0000] {logging_mixin.py:188} INFO - [2025-06-25T22:10:52.988+0000] {settings.py:250} DEBUG - Setting up DB connection pool (PID 3384)
[2025-06-25T22:10:52.991+0000] {logging_mixin.py:188} INFO - [2025-06-25T22:10:52.991+0000] {settings.py:330} DEBUG - settings.prepare_engine_args(): Using pool settings. pool_size=5, max_overflow=10, pool_recycle=1800, pid=3384
[2025-06-25T22:10:53.003+0000] {processor.py:161} INFO - Started process (PID=3384) to work on /opt/airflow/dags/train_dag.py
[2025-06-25T22:10:53.004+0000] {processor.py:830} INFO - Processing file /opt/airflow/dags/train_dag.py for tasks to queue
[2025-06-25T22:10:53.005+0000] {logging_mixin.py:188} INFO - [2025-06-25T22:10:53.005+0000] {dagbag.py:545} INFO - Filling up the DagBag from /opt/airflow/dags/train_dag.py
[2025-06-25T22:10:53.022+0000] {logging_mixin.py:188} INFO - [2025-06-25T22:10:53.021+0000] {dagbag.py:337} DEBUG - Importing /opt/airflow/dags/train_dag.py
[2025-06-25T22:10:53.031+0000] {processor.py:842} WARNING - No viable dags retrieved from /opt/airflow/dags/train_dag.py
[2025-06-25T22:10:53.056+0000] {processor.py:183} INFO - Processing /opt/airflow/dags/train_dag.py took 0.068 seconds
[2025-06-25T22:11:23.972+0000] {logging_mixin.py:188} INFO - [2025-06-25T22:11:23.970+0000] {settings.py:250} DEBUG - Setting up DB connection pool (PID 3447)
[2025-06-25T22:11:23.975+0000] {logging_mixin.py:188} INFO - [2025-06-25T22:11:23.974+0000] {settings.py:330} DEBUG - settings.prepare_engine_args(): Using pool settings. pool_size=5, max_overflow=10, pool_recycle=1800, pid=3447
[2025-06-25T22:11:23.991+0000] {processor.py:161} INFO - Started process (PID=3447) to work on /opt/airflow/dags/train_dag.py
[2025-06-25T22:11:23.992+0000] {processor.py:830} INFO - Processing file /opt/airflow/dags/train_dag.py for tasks to queue
[2025-06-25T22:11:23.994+0000] {logging_mixin.py:188} INFO - [2025-06-25T22:11:23.994+0000] {dagbag.py:545} INFO - Filling up the DagBag from /opt/airflow/dags/train_dag.py
[2025-06-25T22:11:24.023+0000] {logging_mixin.py:188} INFO - [2025-06-25T22:11:24.022+0000] {dagbag.py:337} DEBUG - Importing /opt/airflow/dags/train_dag.py
[2025-06-25T22:11:24.035+0000] {processor.py:842} WARNING - No viable dags retrieved from /opt/airflow/dags/train_dag.py
[2025-06-25T22:11:24.068+0000] {processor.py:183} INFO - Processing /opt/airflow/dags/train_dag.py took 0.098 seconds
[2025-06-25T22:11:54.790+0000] {logging_mixin.py:188} INFO - [2025-06-25T22:11:54.789+0000] {settings.py:250} DEBUG - Setting up DB connection pool (PID 3508)
[2025-06-25T22:11:54.792+0000] {logging_mixin.py:188} INFO - [2025-06-25T22:11:54.792+0000] {settings.py:330} DEBUG - settings.prepare_engine_args(): Using pool settings. pool_size=5, max_overflow=10, pool_recycle=1800, pid=3508
[2025-06-25T22:11:54.803+0000] {processor.py:161} INFO - Started process (PID=3508) to work on /opt/airflow/dags/train_dag.py
[2025-06-25T22:11:54.804+0000] {processor.py:830} INFO - Processing file /opt/airflow/dags/train_dag.py for tasks to queue
[2025-06-25T22:11:54.805+0000] {logging_mixin.py:188} INFO - [2025-06-25T22:11:54.805+0000] {dagbag.py:545} INFO - Filling up the DagBag from /opt/airflow/dags/train_dag.py
[2025-06-25T22:11:54.825+0000] {logging_mixin.py:188} INFO - [2025-06-25T22:11:54.824+0000] {dagbag.py:337} DEBUG - Importing /opt/airflow/dags/train_dag.py
[2025-06-25T22:11:54.836+0000] {processor.py:842} WARNING - No viable dags retrieved from /opt/airflow/dags/train_dag.py
[2025-06-25T22:11:54.864+0000] {processor.py:183} INFO - Processing /opt/airflow/dags/train_dag.py took 0.076 seconds
[2025-06-25T22:12:25.119+0000] {logging_mixin.py:188} INFO - [2025-06-25T22:12:25.118+0000] {settings.py:250} DEBUG - Setting up DB connection pool (PID 3571)
[2025-06-25T22:12:25.121+0000] {logging_mixin.py:188} INFO - [2025-06-25T22:12:25.120+0000] {settings.py:330} DEBUG - settings.prepare_engine_args(): Using pool settings. pool_size=5, max_overflow=10, pool_recycle=1800, pid=3571
[2025-06-25T22:12:25.131+0000] {processor.py:161} INFO - Started process (PID=3571) to work on /opt/airflow/dags/train_dag.py
[2025-06-25T22:12:25.133+0000] {processor.py:830} INFO - Processing file /opt/airflow/dags/train_dag.py for tasks to queue
[2025-06-25T22:12:25.134+0000] {logging_mixin.py:188} INFO - [2025-06-25T22:12:25.134+0000] {dagbag.py:545} INFO - Filling up the DagBag from /opt/airflow/dags/train_dag.py
[2025-06-25T22:12:25.155+0000] {logging_mixin.py:188} INFO - [2025-06-25T22:12:25.154+0000] {dagbag.py:337} DEBUG - Importing /opt/airflow/dags/train_dag.py
[2025-06-25T22:12:25.165+0000] {processor.py:842} WARNING - No viable dags retrieved from /opt/airflow/dags/train_dag.py
[2025-06-25T22:12:25.190+0000] {processor.py:183} INFO - Processing /opt/airflow/dags/train_dag.py took 0.073 seconds
[2025-06-25T22:12:55.584+0000] {logging_mixin.py:188} INFO - [2025-06-25T22:12:55.583+0000] {settings.py:250} DEBUG - Setting up DB connection pool (PID 3634)
[2025-06-25T22:12:55.586+0000] {logging_mixin.py:188} INFO - [2025-06-25T22:12:55.586+0000] {settings.py:330} DEBUG - settings.prepare_engine_args(): Using pool settings. pool_size=5, max_overflow=10, pool_recycle=1800, pid=3634
[2025-06-25T22:12:55.597+0000] {processor.py:161} INFO - Started process (PID=3634) to work on /opt/airflow/dags/train_dag.py
[2025-06-25T22:12:55.598+0000] {processor.py:830} INFO - Processing file /opt/airflow/dags/train_dag.py for tasks to queue
[2025-06-25T22:12:55.600+0000] {logging_mixin.py:188} INFO - [2025-06-25T22:12:55.599+0000] {dagbag.py:545} INFO - Filling up the DagBag from /opt/airflow/dags/train_dag.py
[2025-06-25T22:12:55.617+0000] {logging_mixin.py:188} INFO - [2025-06-25T22:12:55.617+0000] {dagbag.py:337} DEBUG - Importing /opt/airflow/dags/train_dag.py
[2025-06-25T22:12:55.626+0000] {processor.py:842} WARNING - No viable dags retrieved from /opt/airflow/dags/train_dag.py
[2025-06-25T22:12:55.660+0000] {processor.py:183} INFO - Processing /opt/airflow/dags/train_dag.py took 0.077 seconds
[2025-06-25T22:13:26.037+0000] {logging_mixin.py:188} INFO - [2025-06-25T22:13:26.036+0000] {settings.py:250} DEBUG - Setting up DB connection pool (PID 3698)
[2025-06-25T22:13:26.039+0000] {logging_mixin.py:188} INFO - [2025-06-25T22:13:26.039+0000] {settings.py:330} DEBUG - settings.prepare_engine_args(): Using pool settings. pool_size=5, max_overflow=10, pool_recycle=1800, pid=3698
[2025-06-25T22:13:26.051+0000] {processor.py:161} INFO - Started process (PID=3698) to work on /opt/airflow/dags/train_dag.py
[2025-06-25T22:13:26.053+0000] {processor.py:830} INFO - Processing file /opt/airflow/dags/train_dag.py for tasks to queue
[2025-06-25T22:13:26.055+0000] {logging_mixin.py:188} INFO - [2025-06-25T22:13:26.055+0000] {dagbag.py:545} INFO - Filling up the DagBag from /opt/airflow/dags/train_dag.py
[2025-06-25T22:13:26.073+0000] {logging_mixin.py:188} INFO - [2025-06-25T22:13:26.072+0000] {dagbag.py:337} DEBUG - Importing /opt/airflow/dags/train_dag.py
[2025-06-25T22:13:26.082+0000] {processor.py:842} WARNING - No viable dags retrieved from /opt/airflow/dags/train_dag.py
[2025-06-25T22:13:26.113+0000] {processor.py:183} INFO - Processing /opt/airflow/dags/train_dag.py took 0.077 seconds
[2025-06-25T22:13:56.669+0000] {logging_mixin.py:188} INFO - [2025-06-25T22:13:56.668+0000] {settings.py:250} DEBUG - Setting up DB connection pool (PID 3761)
[2025-06-25T22:13:56.671+0000] {logging_mixin.py:188} INFO - [2025-06-25T22:13:56.671+0000] {settings.py:330} DEBUG - settings.prepare_engine_args(): Using pool settings. pool_size=5, max_overflow=10, pool_recycle=1800, pid=3761
[2025-06-25T22:13:56.682+0000] {processor.py:161} INFO - Started process (PID=3761) to work on /opt/airflow/dags/train_dag.py
[2025-06-25T22:13:56.684+0000] {processor.py:830} INFO - Processing file /opt/airflow/dags/train_dag.py for tasks to queue
[2025-06-25T22:13:56.685+0000] {logging_mixin.py:188} INFO - [2025-06-25T22:13:56.685+0000] {dagbag.py:545} INFO - Filling up the DagBag from /opt/airflow/dags/train_dag.py
[2025-06-25T22:13:56.701+0000] {logging_mixin.py:188} INFO - [2025-06-25T22:13:56.700+0000] {dagbag.py:337} DEBUG - Importing /opt/airflow/dags/train_dag.py
[2025-06-25T22:13:56.710+0000] {processor.py:842} WARNING - No viable dags retrieved from /opt/airflow/dags/train_dag.py
[2025-06-25T22:13:56.737+0000] {processor.py:183} INFO - Processing /opt/airflow/dags/train_dag.py took 0.069 seconds
[2025-06-25T22:14:27.208+0000] {logging_mixin.py:188} INFO - [2025-06-25T22:14:27.206+0000] {settings.py:250} DEBUG - Setting up DB connection pool (PID 3824)
[2025-06-25T22:14:27.209+0000] {logging_mixin.py:188} INFO - [2025-06-25T22:14:27.209+0000] {settings.py:330} DEBUG - settings.prepare_engine_args(): Using pool settings. pool_size=5, max_overflow=10, pool_recycle=1800, pid=3824
[2025-06-25T22:14:27.219+0000] {processor.py:161} INFO - Started process (PID=3824) to work on /opt/airflow/dags/train_dag.py
[2025-06-25T22:14:27.221+0000] {processor.py:830} INFO - Processing file /opt/airflow/dags/train_dag.py for tasks to queue
[2025-06-25T22:14:27.222+0000] {logging_mixin.py:188} INFO - [2025-06-25T22:14:27.222+0000] {dagbag.py:545} INFO - Filling up the DagBag from /opt/airflow/dags/train_dag.py
[2025-06-25T22:14:27.238+0000] {logging_mixin.py:188} INFO - [2025-06-25T22:14:27.237+0000] {dagbag.py:337} DEBUG - Importing /opt/airflow/dags/train_dag.py
[2025-06-25T22:14:27.246+0000] {processor.py:842} WARNING - No viable dags retrieved from /opt/airflow/dags/train_dag.py
[2025-06-25T22:14:27.270+0000] {processor.py:183} INFO - Processing /opt/airflow/dags/train_dag.py took 0.064 seconds
[2025-06-25T22:14:57.486+0000] {logging_mixin.py:188} INFO - [2025-06-25T22:14:57.484+0000] {settings.py:250} DEBUG - Setting up DB connection pool (PID 3887)
[2025-06-25T22:14:57.488+0000] {logging_mixin.py:188} INFO - [2025-06-25T22:14:57.488+0000] {settings.py:330} DEBUG - settings.prepare_engine_args(): Using pool settings. pool_size=5, max_overflow=10, pool_recycle=1800, pid=3887
[2025-06-25T22:14:57.508+0000] {processor.py:161} INFO - Started process (PID=3887) to work on /opt/airflow/dags/train_dag.py
[2025-06-25T22:14:57.512+0000] {processor.py:830} INFO - Processing file /opt/airflow/dags/train_dag.py for tasks to queue
[2025-06-25T22:14:57.514+0000] {logging_mixin.py:188} INFO - [2025-06-25T22:14:57.514+0000] {dagbag.py:545} INFO - Filling up the DagBag from /opt/airflow/dags/train_dag.py
[2025-06-25T22:14:57.534+0000] {logging_mixin.py:188} INFO - [2025-06-25T22:14:57.533+0000] {dagbag.py:337} DEBUG - Importing /opt/airflow/dags/train_dag.py
[2025-06-25T22:14:57.546+0000] {processor.py:842} WARNING - No viable dags retrieved from /opt/airflow/dags/train_dag.py
[2025-06-25T22:14:57.578+0000] {processor.py:183} INFO - Processing /opt/airflow/dags/train_dag.py took 0.094 seconds
[2025-06-25T22:15:28.495+0000] {logging_mixin.py:188} INFO - [2025-06-25T22:15:28.494+0000] {settings.py:250} DEBUG - Setting up DB connection pool (PID 3950)
[2025-06-25T22:15:28.497+0000] {logging_mixin.py:188} INFO - [2025-06-25T22:15:28.497+0000] {settings.py:330} DEBUG - settings.prepare_engine_args(): Using pool settings. pool_size=5, max_overflow=10, pool_recycle=1800, pid=3950
[2025-06-25T22:15:28.509+0000] {processor.py:161} INFO - Started process (PID=3950) to work on /opt/airflow/dags/train_dag.py
[2025-06-25T22:15:28.510+0000] {processor.py:830} INFO - Processing file /opt/airflow/dags/train_dag.py for tasks to queue
[2025-06-25T22:15:28.512+0000] {logging_mixin.py:188} INFO - [2025-06-25T22:15:28.512+0000] {dagbag.py:545} INFO - Filling up the DagBag from /opt/airflow/dags/train_dag.py
[2025-06-25T22:15:28.534+0000] {logging_mixin.py:188} INFO - [2025-06-25T22:15:28.533+0000] {dagbag.py:337} DEBUG - Importing /opt/airflow/dags/train_dag.py
[2025-06-25T22:15:28.543+0000] {processor.py:842} WARNING - No viable dags retrieved from /opt/airflow/dags/train_dag.py
[2025-06-25T22:15:28.570+0000] {processor.py:183} INFO - Processing /opt/airflow/dags/train_dag.py took 0.076 seconds
[2025-06-25T22:15:58.875+0000] {logging_mixin.py:188} INFO - [2025-06-25T22:15:58.874+0000] {settings.py:250} DEBUG - Setting up DB connection pool (PID 4013)
[2025-06-25T22:15:58.878+0000] {logging_mixin.py:188} INFO - [2025-06-25T22:15:58.878+0000] {settings.py:330} DEBUG - settings.prepare_engine_args(): Using pool settings. pool_size=5, max_overflow=10, pool_recycle=1800, pid=4013
[2025-06-25T22:15:58.892+0000] {processor.py:161} INFO - Started process (PID=4013) to work on /opt/airflow/dags/train_dag.py
[2025-06-25T22:15:58.893+0000] {processor.py:830} INFO - Processing file /opt/airflow/dags/train_dag.py for tasks to queue
[2025-06-25T22:15:58.895+0000] {logging_mixin.py:188} INFO - [2025-06-25T22:15:58.895+0000] {dagbag.py:545} INFO - Filling up the DagBag from /opt/airflow/dags/train_dag.py
[2025-06-25T22:15:58.913+0000] {logging_mixin.py:188} INFO - [2025-06-25T22:15:58.912+0000] {dagbag.py:337} DEBUG - Importing /opt/airflow/dags/train_dag.py
[2025-06-25T22:15:58.924+0000] {processor.py:842} WARNING - No viable dags retrieved from /opt/airflow/dags/train_dag.py
[2025-06-25T22:15:58.953+0000] {processor.py:183} INFO - Processing /opt/airflow/dags/train_dag.py took 0.079 seconds
[2025-06-25T22:16:29.410+0000] {logging_mixin.py:188} INFO - [2025-06-25T22:16:29.409+0000] {settings.py:250} DEBUG - Setting up DB connection pool (PID 4076)
[2025-06-25T22:16:29.412+0000] {logging_mixin.py:188} INFO - [2025-06-25T22:16:29.412+0000] {settings.py:330} DEBUG - settings.prepare_engine_args(): Using pool settings. pool_size=5, max_overflow=10, pool_recycle=1800, pid=4076
[2025-06-25T22:16:29.425+0000] {processor.py:161} INFO - Started process (PID=4076) to work on /opt/airflow/dags/train_dag.py
[2025-06-25T22:16:29.427+0000] {processor.py:830} INFO - Processing file /opt/airflow/dags/train_dag.py for tasks to queue
[2025-06-25T22:16:29.429+0000] {logging_mixin.py:188} INFO - [2025-06-25T22:16:29.428+0000] {dagbag.py:545} INFO - Filling up the DagBag from /opt/airflow/dags/train_dag.py
[2025-06-25T22:16:29.446+0000] {logging_mixin.py:188} INFO - [2025-06-25T22:16:29.446+0000] {dagbag.py:337} DEBUG - Importing /opt/airflow/dags/train_dag.py
[2025-06-25T22:16:29.458+0000] {processor.py:842} WARNING - No viable dags retrieved from /opt/airflow/dags/train_dag.py
[2025-06-25T22:16:29.489+0000] {processor.py:183} INFO - Processing /opt/airflow/dags/train_dag.py took 0.080 seconds
[2025-06-25T22:16:59.607+0000] {logging_mixin.py:188} INFO - [2025-06-25T22:16:59.606+0000] {settings.py:250} DEBUG - Setting up DB connection pool (PID 4137)
[2025-06-25T22:16:59.609+0000] {logging_mixin.py:188} INFO - [2025-06-25T22:16:59.609+0000] {settings.py:330} DEBUG - settings.prepare_engine_args(): Using pool settings. pool_size=5, max_overflow=10, pool_recycle=1800, pid=4137
[2025-06-25T22:16:59.619+0000] {processor.py:161} INFO - Started process (PID=4137) to work on /opt/airflow/dags/train_dag.py
[2025-06-25T22:16:59.621+0000] {processor.py:830} INFO - Processing file /opt/airflow/dags/train_dag.py for tasks to queue
[2025-06-25T22:16:59.622+0000] {logging_mixin.py:188} INFO - [2025-06-25T22:16:59.622+0000] {dagbag.py:545} INFO - Filling up the DagBag from /opt/airflow/dags/train_dag.py
[2025-06-25T22:16:59.639+0000] {logging_mixin.py:188} INFO - [2025-06-25T22:16:59.638+0000] {dagbag.py:337} DEBUG - Importing /opt/airflow/dags/train_dag.py
[2025-06-25T22:16:59.649+0000] {processor.py:842} WARNING - No viable dags retrieved from /opt/airflow/dags/train_dag.py
[2025-06-25T22:16:59.675+0000] {processor.py:183} INFO - Processing /opt/airflow/dags/train_dag.py took 0.069 seconds
[2025-06-25T22:17:30.203+0000] {logging_mixin.py:188} INFO - [2025-06-25T22:17:30.202+0000] {settings.py:250} DEBUG - Setting up DB connection pool (PID 4200)
[2025-06-25T22:17:30.205+0000] {logging_mixin.py:188} INFO - [2025-06-25T22:17:30.205+0000] {settings.py:330} DEBUG - settings.prepare_engine_args(): Using pool settings. pool_size=5, max_overflow=10, pool_recycle=1800, pid=4200
[2025-06-25T22:17:30.215+0000] {processor.py:161} INFO - Started process (PID=4200) to work on /opt/airflow/dags/train_dag.py
[2025-06-25T22:17:30.217+0000] {processor.py:830} INFO - Processing file /opt/airflow/dags/train_dag.py for tasks to queue
[2025-06-25T22:17:30.219+0000] {logging_mixin.py:188} INFO - [2025-06-25T22:17:30.219+0000] {dagbag.py:545} INFO - Filling up the DagBag from /opt/airflow/dags/train_dag.py
[2025-06-25T22:17:30.240+0000] {logging_mixin.py:188} INFO - [2025-06-25T22:17:30.240+0000] {dagbag.py:337} DEBUG - Importing /opt/airflow/dags/train_dag.py
[2025-06-25T22:17:30.252+0000] {processor.py:842} WARNING - No viable dags retrieved from /opt/airflow/dags/train_dag.py
[2025-06-25T22:17:30.281+0000] {processor.py:183} INFO - Processing /opt/airflow/dags/train_dag.py took 0.079 seconds
[2025-06-25T22:18:00.462+0000] {logging_mixin.py:188} INFO - [2025-06-25T22:18:00.460+0000] {settings.py:250} DEBUG - Setting up DB connection pool (PID 4261)
[2025-06-25T22:18:00.464+0000] {logging_mixin.py:188} INFO - [2025-06-25T22:18:00.464+0000] {settings.py:330} DEBUG - settings.prepare_engine_args(): Using pool settings. pool_size=5, max_overflow=10, pool_recycle=1800, pid=4261
[2025-06-25T22:18:00.477+0000] {processor.py:161} INFO - Started process (PID=4261) to work on /opt/airflow/dags/train_dag.py
[2025-06-25T22:18:00.479+0000] {processor.py:830} INFO - Processing file /opt/airflow/dags/train_dag.py for tasks to queue
[2025-06-25T22:18:00.480+0000] {logging_mixin.py:188} INFO - [2025-06-25T22:18:00.480+0000] {dagbag.py:545} INFO - Filling up the DagBag from /opt/airflow/dags/train_dag.py
[2025-06-25T22:18:00.496+0000] {logging_mixin.py:188} INFO - [2025-06-25T22:18:00.496+0000] {dagbag.py:337} DEBUG - Importing /opt/airflow/dags/train_dag.py
[2025-06-25T22:18:00.506+0000] {processor.py:842} WARNING - No viable dags retrieved from /opt/airflow/dags/train_dag.py
[2025-06-25T22:18:00.534+0000] {processor.py:183} INFO - Processing /opt/airflow/dags/train_dag.py took 0.075 seconds
[2025-06-25T22:18:31.270+0000] {logging_mixin.py:188} INFO - [2025-06-25T22:18:31.268+0000] {settings.py:250} DEBUG - Setting up DB connection pool (PID 4324)
[2025-06-25T22:18:31.272+0000] {logging_mixin.py:188} INFO - [2025-06-25T22:18:31.272+0000] {settings.py:330} DEBUG - settings.prepare_engine_args(): Using pool settings. pool_size=5, max_overflow=10, pool_recycle=1800, pid=4324
[2025-06-25T22:18:31.285+0000] {processor.py:161} INFO - Started process (PID=4324) to work on /opt/airflow/dags/train_dag.py
[2025-06-25T22:18:31.287+0000] {processor.py:830} INFO - Processing file /opt/airflow/dags/train_dag.py for tasks to queue
[2025-06-25T22:18:31.288+0000] {logging_mixin.py:188} INFO - [2025-06-25T22:18:31.288+0000] {dagbag.py:545} INFO - Filling up the DagBag from /opt/airflow/dags/train_dag.py
[2025-06-25T22:18:31.306+0000] {logging_mixin.py:188} INFO - [2025-06-25T22:18:31.306+0000] {dagbag.py:337} DEBUG - Importing /opt/airflow/dags/train_dag.py
[2025-06-25T22:18:31.316+0000] {processor.py:842} WARNING - No viable dags retrieved from /opt/airflow/dags/train_dag.py
[2025-06-25T22:18:31.357+0000] {processor.py:183} INFO - Processing /opt/airflow/dags/train_dag.py took 0.089 seconds
[2025-06-25T22:19:01.691+0000] {logging_mixin.py:188} INFO - [2025-06-25T22:19:01.690+0000] {settings.py:250} DEBUG - Setting up DB connection pool (PID 4387)
[2025-06-25T22:19:01.694+0000] {logging_mixin.py:188} INFO - [2025-06-25T22:19:01.694+0000] {settings.py:330} DEBUG - settings.prepare_engine_args(): Using pool settings. pool_size=5, max_overflow=10, pool_recycle=1800, pid=4387
[2025-06-25T22:19:01.705+0000] {processor.py:161} INFO - Started process (PID=4387) to work on /opt/airflow/dags/train_dag.py
[2025-06-25T22:19:01.707+0000] {processor.py:830} INFO - Processing file /opt/airflow/dags/train_dag.py for tasks to queue
[2025-06-25T22:19:01.708+0000] {logging_mixin.py:188} INFO - [2025-06-25T22:19:01.708+0000] {dagbag.py:545} INFO - Filling up the DagBag from /opt/airflow/dags/train_dag.py
[2025-06-25T22:19:01.725+0000] {logging_mixin.py:188} INFO - [2025-06-25T22:19:01.724+0000] {dagbag.py:337} DEBUG - Importing /opt/airflow/dags/train_dag.py
[2025-06-25T22:19:01.733+0000] {processor.py:842} WARNING - No viable dags retrieved from /opt/airflow/dags/train_dag.py
[2025-06-25T22:19:01.763+0000] {processor.py:183} INFO - Processing /opt/airflow/dags/train_dag.py took 0.073 seconds
[2025-06-25T22:19:32.114+0000] {logging_mixin.py:188} INFO - [2025-06-25T22:19:32.113+0000] {settings.py:250} DEBUG - Setting up DB connection pool (PID 4450)
[2025-06-25T22:19:32.117+0000] {logging_mixin.py:188} INFO - [2025-06-25T22:19:32.116+0000] {settings.py:330} DEBUG - settings.prepare_engine_args(): Using pool settings. pool_size=5, max_overflow=10, pool_recycle=1800, pid=4450
[2025-06-25T22:19:32.129+0000] {processor.py:161} INFO - Started process (PID=4450) to work on /opt/airflow/dags/train_dag.py
[2025-06-25T22:19:32.130+0000] {processor.py:830} INFO - Processing file /opt/airflow/dags/train_dag.py for tasks to queue
[2025-06-25T22:19:32.132+0000] {logging_mixin.py:188} INFO - [2025-06-25T22:19:32.132+0000] {dagbag.py:545} INFO - Filling up the DagBag from /opt/airflow/dags/train_dag.py
[2025-06-25T22:19:32.155+0000] {logging_mixin.py:188} INFO - [2025-06-25T22:19:32.154+0000] {dagbag.py:337} DEBUG - Importing /opt/airflow/dags/train_dag.py
[2025-06-25T22:19:32.165+0000] {processor.py:842} WARNING - No viable dags retrieved from /opt/airflow/dags/train_dag.py
[2025-06-25T22:19:32.192+0000] {processor.py:183} INFO - Processing /opt/airflow/dags/train_dag.py took 0.079 seconds
[2025-06-25T22:20:02.372+0000] {logging_mixin.py:188} INFO - [2025-06-25T22:20:02.370+0000] {settings.py:250} DEBUG - Setting up DB connection pool (PID 4513)
[2025-06-25T22:20:02.374+0000] {logging_mixin.py:188} INFO - [2025-06-25T22:20:02.374+0000] {settings.py:330} DEBUG - settings.prepare_engine_args(): Using pool settings. pool_size=5, max_overflow=10, pool_recycle=1800, pid=4513
[2025-06-25T22:20:02.389+0000] {processor.py:161} INFO - Started process (PID=4513) to work on /opt/airflow/dags/train_dag.py
[2025-06-25T22:20:02.390+0000] {processor.py:830} INFO - Processing file /opt/airflow/dags/train_dag.py for tasks to queue
[2025-06-25T22:20:02.392+0000] {logging_mixin.py:188} INFO - [2025-06-25T22:20:02.391+0000] {dagbag.py:545} INFO - Filling up the DagBag from /opt/airflow/dags/train_dag.py
[2025-06-25T22:20:02.409+0000] {logging_mixin.py:188} INFO - [2025-06-25T22:20:02.408+0000] {dagbag.py:337} DEBUG - Importing /opt/airflow/dags/train_dag.py
[2025-06-25T22:20:02.419+0000] {processor.py:842} WARNING - No viable dags retrieved from /opt/airflow/dags/train_dag.py
[2025-06-25T22:20:02.452+0000] {processor.py:183} INFO - Processing /opt/airflow/dags/train_dag.py took 0.082 seconds
[2025-06-25T22:20:32.562+0000] {logging_mixin.py:188} INFO - [2025-06-25T22:20:32.561+0000] {settings.py:250} DEBUG - Setting up DB connection pool (PID 4575)
[2025-06-25T22:20:32.564+0000] {logging_mixin.py:188} INFO - [2025-06-25T22:20:32.564+0000] {settings.py:330} DEBUG - settings.prepare_engine_args(): Using pool settings. pool_size=5, max_overflow=10, pool_recycle=1800, pid=4575
[2025-06-25T22:20:32.575+0000] {processor.py:161} INFO - Started process (PID=4575) to work on /opt/airflow/dags/train_dag.py
[2025-06-25T22:20:32.576+0000] {processor.py:830} INFO - Processing file /opt/airflow/dags/train_dag.py for tasks to queue
[2025-06-25T22:20:32.578+0000] {logging_mixin.py:188} INFO - [2025-06-25T22:20:32.577+0000] {dagbag.py:545} INFO - Filling up the DagBag from /opt/airflow/dags/train_dag.py
[2025-06-25T22:20:32.593+0000] {logging_mixin.py:188} INFO - [2025-06-25T22:20:32.593+0000] {dagbag.py:337} DEBUG - Importing /opt/airflow/dags/train_dag.py
[2025-06-25T22:20:32.602+0000] {processor.py:842} WARNING - No viable dags retrieved from /opt/airflow/dags/train_dag.py
[2025-06-25T22:20:32.624+0000] {processor.py:183} INFO - Processing /opt/airflow/dags/train_dag.py took 0.063 seconds
[2025-06-25T22:21:02.958+0000] {logging_mixin.py:188} INFO - [2025-06-25T22:21:02.957+0000] {settings.py:250} DEBUG - Setting up DB connection pool (PID 4638)
[2025-06-25T22:21:02.960+0000] {logging_mixin.py:188} INFO - [2025-06-25T22:21:02.960+0000] {settings.py:330} DEBUG - settings.prepare_engine_args(): Using pool settings. pool_size=5, max_overflow=10, pool_recycle=1800, pid=4638
[2025-06-25T22:21:02.973+0000] {processor.py:161} INFO - Started process (PID=4638) to work on /opt/airflow/dags/train_dag.py
[2025-06-25T22:21:02.974+0000] {processor.py:830} INFO - Processing file /opt/airflow/dags/train_dag.py for tasks to queue
[2025-06-25T22:21:02.976+0000] {logging_mixin.py:188} INFO - [2025-06-25T22:21:02.975+0000] {dagbag.py:545} INFO - Filling up the DagBag from /opt/airflow/dags/train_dag.py
[2025-06-25T22:21:02.999+0000] {logging_mixin.py:188} INFO - [2025-06-25T22:21:02.998+0000] {dagbag.py:337} DEBUG - Importing /opt/airflow/dags/train_dag.py
[2025-06-25T22:21:03.008+0000] {processor.py:842} WARNING - No viable dags retrieved from /opt/airflow/dags/train_dag.py
[2025-06-25T22:21:03.043+0000] {processor.py:183} INFO - Processing /opt/airflow/dags/train_dag.py took 0.086 seconds
[2025-06-25T22:21:33.630+0000] {logging_mixin.py:188} INFO - [2025-06-25T22:21:33.627+0000] {settings.py:250} DEBUG - Setting up DB connection pool (PID 4706)
[2025-06-25T22:21:33.632+0000] {logging_mixin.py:188} INFO - [2025-06-25T22:21:33.632+0000] {settings.py:330} DEBUG - settings.prepare_engine_args(): Using pool settings. pool_size=5, max_overflow=10, pool_recycle=1800, pid=4706
[2025-06-25T22:21:33.648+0000] {processor.py:161} INFO - Started process (PID=4706) to work on /opt/airflow/dags/train_dag.py
[2025-06-25T22:21:33.650+0000] {processor.py:830} INFO - Processing file /opt/airflow/dags/train_dag.py for tasks to queue
[2025-06-25T22:21:33.651+0000] {logging_mixin.py:188} INFO - [2025-06-25T22:21:33.651+0000] {dagbag.py:545} INFO - Filling up the DagBag from /opt/airflow/dags/train_dag.py
[2025-06-25T22:21:33.668+0000] {logging_mixin.py:188} INFO - [2025-06-25T22:21:33.668+0000] {dagbag.py:337} DEBUG - Importing /opt/airflow/dags/train_dag.py
[2025-06-25T22:21:33.681+0000] {processor.py:842} WARNING - No viable dags retrieved from /opt/airflow/dags/train_dag.py
[2025-06-25T22:21:33.708+0000] {processor.py:183} INFO - Processing /opt/airflow/dags/train_dag.py took 0.081 seconds
[2025-06-25T22:22:03.800+0000] {logging_mixin.py:188} INFO - [2025-06-25T22:22:03.799+0000] {settings.py:250} DEBUG - Setting up DB connection pool (PID 4769)
[2025-06-25T22:22:03.801+0000] {logging_mixin.py:188} INFO - [2025-06-25T22:22:03.801+0000] {settings.py:330} DEBUG - settings.prepare_engine_args(): Using pool settings. pool_size=5, max_overflow=10, pool_recycle=1800, pid=4769
[2025-06-25T22:22:03.812+0000] {processor.py:161} INFO - Started process (PID=4769) to work on /opt/airflow/dags/train_dag.py
[2025-06-25T22:22:03.814+0000] {processor.py:830} INFO - Processing file /opt/airflow/dags/train_dag.py for tasks to queue
[2025-06-25T22:22:03.815+0000] {logging_mixin.py:188} INFO - [2025-06-25T22:22:03.815+0000] {dagbag.py:545} INFO - Filling up the DagBag from /opt/airflow/dags/train_dag.py
[2025-06-25T22:22:03.833+0000] {logging_mixin.py:188} INFO - [2025-06-25T22:22:03.832+0000] {dagbag.py:337} DEBUG - Importing /opt/airflow/dags/train_dag.py
[2025-06-25T22:22:03.842+0000] {processor.py:842} WARNING - No viable dags retrieved from /opt/airflow/dags/train_dag.py
[2025-06-25T22:22:03.872+0000] {processor.py:183} INFO - Processing /opt/airflow/dags/train_dag.py took 0.073 seconds
[2025-06-25T22:22:34.645+0000] {logging_mixin.py:188} INFO - [2025-06-25T22:22:34.644+0000] {settings.py:250} DEBUG - Setting up DB connection pool (PID 4832)
[2025-06-25T22:22:34.647+0000] {logging_mixin.py:188} INFO - [2025-06-25T22:22:34.647+0000] {settings.py:330} DEBUG - settings.prepare_engine_args(): Using pool settings. pool_size=5, max_overflow=10, pool_recycle=1800, pid=4832
[2025-06-25T22:22:34.657+0000] {processor.py:161} INFO - Started process (PID=4832) to work on /opt/airflow/dags/train_dag.py
[2025-06-25T22:22:34.658+0000] {processor.py:830} INFO - Processing file /opt/airflow/dags/train_dag.py for tasks to queue
[2025-06-25T22:22:34.659+0000] {logging_mixin.py:188} INFO - [2025-06-25T22:22:34.659+0000] {dagbag.py:545} INFO - Filling up the DagBag from /opt/airflow/dags/train_dag.py
[2025-06-25T22:22:34.675+0000] {logging_mixin.py:188} INFO - [2025-06-25T22:22:34.675+0000] {dagbag.py:337} DEBUG - Importing /opt/airflow/dags/train_dag.py
[2025-06-25T22:22:34.684+0000] {processor.py:842} WARNING - No viable dags retrieved from /opt/airflow/dags/train_dag.py
[2025-06-25T22:22:34.710+0000] {processor.py:183} INFO - Processing /opt/airflow/dags/train_dag.py took 0.066 seconds
[2025-06-25T22:23:04.809+0000] {logging_mixin.py:188} INFO - [2025-06-25T22:23:04.808+0000] {settings.py:250} DEBUG - Setting up DB connection pool (PID 4895)
[2025-06-25T22:23:04.811+0000] {logging_mixin.py:188} INFO - [2025-06-25T22:23:04.811+0000] {settings.py:330} DEBUG - settings.prepare_engine_args(): Using pool settings. pool_size=5, max_overflow=10, pool_recycle=1800, pid=4895
[2025-06-25T22:23:04.823+0000] {processor.py:161} INFO - Started process (PID=4895) to work on /opt/airflow/dags/train_dag.py
[2025-06-25T22:23:04.825+0000] {processor.py:830} INFO - Processing file /opt/airflow/dags/train_dag.py for tasks to queue
[2025-06-25T22:23:04.827+0000] {logging_mixin.py:188} INFO - [2025-06-25T22:23:04.827+0000] {dagbag.py:545} INFO - Filling up the DagBag from /opt/airflow/dags/train_dag.py
[2025-06-25T22:23:04.845+0000] {logging_mixin.py:188} INFO - [2025-06-25T22:23:04.845+0000] {dagbag.py:337} DEBUG - Importing /opt/airflow/dags/train_dag.py
[2025-06-25T22:23:04.857+0000] {processor.py:842} WARNING - No viable dags retrieved from /opt/airflow/dags/train_dag.py
[2025-06-25T22:23:04.888+0000] {processor.py:183} INFO - Processing /opt/airflow/dags/train_dag.py took 0.081 seconds
[2025-06-25T22:23:35.008+0000] {logging_mixin.py:188} INFO - [2025-06-25T22:23:35.006+0000] {settings.py:250} DEBUG - Setting up DB connection pool (PID 4958)
[2025-06-25T22:23:35.009+0000] {logging_mixin.py:188} INFO - [2025-06-25T22:23:35.009+0000] {settings.py:330} DEBUG - settings.prepare_engine_args(): Using pool settings. pool_size=5, max_overflow=10, pool_recycle=1800, pid=4958
[2025-06-25T22:23:35.021+0000] {processor.py:161} INFO - Started process (PID=4958) to work on /opt/airflow/dags/train_dag.py
[2025-06-25T22:23:35.023+0000] {processor.py:830} INFO - Processing file /opt/airflow/dags/train_dag.py for tasks to queue
[2025-06-25T22:23:35.024+0000] {logging_mixin.py:188} INFO - [2025-06-25T22:23:35.024+0000] {dagbag.py:545} INFO - Filling up the DagBag from /opt/airflow/dags/train_dag.py
[2025-06-25T22:23:35.047+0000] {logging_mixin.py:188} INFO - [2025-06-25T22:23:35.046+0000] {dagbag.py:337} DEBUG - Importing /opt/airflow/dags/train_dag.py
[2025-06-25T22:23:35.057+0000] {processor.py:842} WARNING - No viable dags retrieved from /opt/airflow/dags/train_dag.py
[2025-06-25T22:23:35.086+0000] {processor.py:183} INFO - Processing /opt/airflow/dags/train_dag.py took 0.080 seconds
[2025-06-25T22:24:06.045+0000] {logging_mixin.py:188} INFO - [2025-06-25T22:24:06.043+0000] {settings.py:250} DEBUG - Setting up DB connection pool (PID 5021)
[2025-06-25T22:24:06.046+0000] {logging_mixin.py:188} INFO - [2025-06-25T22:24:06.046+0000] {settings.py:330} DEBUG - settings.prepare_engine_args(): Using pool settings. pool_size=5, max_overflow=10, pool_recycle=1800, pid=5021
[2025-06-25T22:24:06.058+0000] {processor.py:161} INFO - Started process (PID=5021) to work on /opt/airflow/dags/train_dag.py
[2025-06-25T22:24:06.060+0000] {processor.py:830} INFO - Processing file /opt/airflow/dags/train_dag.py for tasks to queue
[2025-06-25T22:24:06.061+0000] {logging_mixin.py:188} INFO - [2025-06-25T22:24:06.061+0000] {dagbag.py:545} INFO - Filling up the DagBag from /opt/airflow/dags/train_dag.py
[2025-06-25T22:24:06.077+0000] {logging_mixin.py:188} INFO - [2025-06-25T22:24:06.077+0000] {dagbag.py:337} DEBUG - Importing /opt/airflow/dags/train_dag.py
[2025-06-25T22:24:06.087+0000] {processor.py:842} WARNING - No viable dags retrieved from /opt/airflow/dags/train_dag.py
[2025-06-25T22:24:06.112+0000] {processor.py:183} INFO - Processing /opt/airflow/dags/train_dag.py took 0.069 seconds
[2025-06-25T22:24:36.828+0000] {logging_mixin.py:188} INFO - [2025-06-25T22:24:36.827+0000] {settings.py:250} DEBUG - Setting up DB connection pool (PID 5084)
[2025-06-25T22:24:36.830+0000] {logging_mixin.py:188} INFO - [2025-06-25T22:24:36.830+0000] {settings.py:330} DEBUG - settings.prepare_engine_args(): Using pool settings. pool_size=5, max_overflow=10, pool_recycle=1800, pid=5084
[2025-06-25T22:24:36.843+0000] {processor.py:161} INFO - Started process (PID=5084) to work on /opt/airflow/dags/train_dag.py
[2025-06-25T22:24:36.844+0000] {processor.py:830} INFO - Processing file /opt/airflow/dags/train_dag.py for tasks to queue
[2025-06-25T22:24:36.846+0000] {logging_mixin.py:188} INFO - [2025-06-25T22:24:36.845+0000] {dagbag.py:545} INFO - Filling up the DagBag from /opt/airflow/dags/train_dag.py
[2025-06-25T22:24:36.861+0000] {logging_mixin.py:188} INFO - [2025-06-25T22:24:36.861+0000] {dagbag.py:337} DEBUG - Importing /opt/airflow/dags/train_dag.py
[2025-06-25T22:24:36.870+0000] {processor.py:842} WARNING - No viable dags retrieved from /opt/airflow/dags/train_dag.py
[2025-06-25T22:24:36.894+0000] {processor.py:183} INFO - Processing /opt/airflow/dags/train_dag.py took 0.068 seconds
[2025-06-25T22:25:07.553+0000] {logging_mixin.py:188} INFO - [2025-06-25T22:25:07.552+0000] {settings.py:250} DEBUG - Setting up DB connection pool (PID 5145)
[2025-06-25T22:25:07.557+0000] {logging_mixin.py:188} INFO - [2025-06-25T22:25:07.556+0000] {settings.py:330} DEBUG - settings.prepare_engine_args(): Using pool settings. pool_size=5, max_overflow=10, pool_recycle=1800, pid=5145
[2025-06-25T22:25:07.570+0000] {processor.py:161} INFO - Started process (PID=5145) to work on /opt/airflow/dags/train_dag.py
[2025-06-25T22:25:07.572+0000] {processor.py:830} INFO - Processing file /opt/airflow/dags/train_dag.py for tasks to queue
[2025-06-25T22:25:07.574+0000] {logging_mixin.py:188} INFO - [2025-06-25T22:25:07.573+0000] {dagbag.py:545} INFO - Filling up the DagBag from /opt/airflow/dags/train_dag.py
[2025-06-25T22:25:07.594+0000] {logging_mixin.py:188} INFO - [2025-06-25T22:25:07.593+0000] {dagbag.py:337} DEBUG - Importing /opt/airflow/dags/train_dag.py
[2025-06-25T22:25:07.607+0000] {processor.py:842} WARNING - No viable dags retrieved from /opt/airflow/dags/train_dag.py
[2025-06-25T22:25:07.638+0000] {processor.py:183} INFO - Processing /opt/airflow/dags/train_dag.py took 0.086 seconds
[2025-06-25T22:25:37.948+0000] {logging_mixin.py:188} INFO - [2025-06-25T22:25:37.946+0000] {settings.py:250} DEBUG - Setting up DB connection pool (PID 5208)
[2025-06-25T22:25:37.949+0000] {logging_mixin.py:188} INFO - [2025-06-25T22:25:37.949+0000] {settings.py:330} DEBUG - settings.prepare_engine_args(): Using pool settings. pool_size=5, max_overflow=10, pool_recycle=1800, pid=5208
[2025-06-25T22:25:37.960+0000] {processor.py:161} INFO - Started process (PID=5208) to work on /opt/airflow/dags/train_dag.py
[2025-06-25T22:25:37.962+0000] {processor.py:830} INFO - Processing file /opt/airflow/dags/train_dag.py for tasks to queue
[2025-06-25T22:25:37.963+0000] {logging_mixin.py:188} INFO - [2025-06-25T22:25:37.963+0000] {dagbag.py:545} INFO - Filling up the DagBag from /opt/airflow/dags/train_dag.py
[2025-06-25T22:25:37.980+0000] {logging_mixin.py:188} INFO - [2025-06-25T22:25:37.979+0000] {dagbag.py:337} DEBUG - Importing /opt/airflow/dags/train_dag.py
[2025-06-25T22:25:37.988+0000] {processor.py:842} WARNING - No viable dags retrieved from /opt/airflow/dags/train_dag.py
[2025-06-25T22:25:38.016+0000] {processor.py:183} INFO - Processing /opt/airflow/dags/train_dag.py took 0.070 seconds
[2025-06-25T22:26:08.531+0000] {logging_mixin.py:188} INFO - [2025-06-25T22:26:08.530+0000] {settings.py:250} DEBUG - Setting up DB connection pool (PID 5271)
[2025-06-25T22:26:08.534+0000] {logging_mixin.py:188} INFO - [2025-06-25T22:26:08.534+0000] {settings.py:330} DEBUG - settings.prepare_engine_args(): Using pool settings. pool_size=5, max_overflow=10, pool_recycle=1800, pid=5271
[2025-06-25T22:26:08.549+0000] {processor.py:161} INFO - Started process (PID=5271) to work on /opt/airflow/dags/train_dag.py
[2025-06-25T22:26:08.551+0000] {processor.py:830} INFO - Processing file /opt/airflow/dags/train_dag.py for tasks to queue
[2025-06-25T22:26:08.552+0000] {logging_mixin.py:188} INFO - [2025-06-25T22:26:08.552+0000] {dagbag.py:545} INFO - Filling up the DagBag from /opt/airflow/dags/train_dag.py
[2025-06-25T22:26:08.568+0000] {logging_mixin.py:188} INFO - [2025-06-25T22:26:08.568+0000] {dagbag.py:337} DEBUG - Importing /opt/airflow/dags/train_dag.py
[2025-06-25T22:26:08.577+0000] {processor.py:842} WARNING - No viable dags retrieved from /opt/airflow/dags/train_dag.py
[2025-06-25T22:26:08.609+0000] {processor.py:183} INFO - Processing /opt/airflow/dags/train_dag.py took 0.079 seconds
[2025-06-25T22:26:39.035+0000] {logging_mixin.py:188} INFO - [2025-06-25T22:26:39.034+0000] {settings.py:250} DEBUG - Setting up DB connection pool (PID 5334)
[2025-06-25T22:26:39.037+0000] {logging_mixin.py:188} INFO - [2025-06-25T22:26:39.037+0000] {settings.py:330} DEBUG - settings.prepare_engine_args(): Using pool settings. pool_size=5, max_overflow=10, pool_recycle=1800, pid=5334
[2025-06-25T22:26:39.047+0000] {processor.py:161} INFO - Started process (PID=5334) to work on /opt/airflow/dags/train_dag.py
[2025-06-25T22:26:39.049+0000] {processor.py:830} INFO - Processing file /opt/airflow/dags/train_dag.py for tasks to queue
[2025-06-25T22:26:39.050+0000] {logging_mixin.py:188} INFO - [2025-06-25T22:26:39.050+0000] {dagbag.py:545} INFO - Filling up the DagBag from /opt/airflow/dags/train_dag.py
[2025-06-25T22:26:39.067+0000] {logging_mixin.py:188} INFO - [2025-06-25T22:26:39.067+0000] {dagbag.py:337} DEBUG - Importing /opt/airflow/dags/train_dag.py
[2025-06-25T22:26:39.076+0000] {processor.py:842} WARNING - No viable dags retrieved from /opt/airflow/dags/train_dag.py
[2025-06-25T22:26:39.105+0000] {processor.py:183} INFO - Processing /opt/airflow/dags/train_dag.py took 0.071 seconds
[2025-06-25T22:27:09.796+0000] {logging_mixin.py:188} INFO - [2025-06-25T22:27:09.794+0000] {settings.py:250} DEBUG - Setting up DB connection pool (PID 5397)
[2025-06-25T22:27:09.798+0000] {logging_mixin.py:188} INFO - [2025-06-25T22:27:09.798+0000] {settings.py:330} DEBUG - settings.prepare_engine_args(): Using pool settings. pool_size=5, max_overflow=10, pool_recycle=1800, pid=5397
[2025-06-25T22:27:09.810+0000] {processor.py:161} INFO - Started process (PID=5397) to work on /opt/airflow/dags/train_dag.py
[2025-06-25T22:27:09.812+0000] {processor.py:830} INFO - Processing file /opt/airflow/dags/train_dag.py for tasks to queue
[2025-06-25T22:27:09.813+0000] {logging_mixin.py:188} INFO - [2025-06-25T22:27:09.813+0000] {dagbag.py:545} INFO - Filling up the DagBag from /opt/airflow/dags/train_dag.py
[2025-06-25T22:27:09.829+0000] {logging_mixin.py:188} INFO - [2025-06-25T22:27:09.828+0000] {dagbag.py:337} DEBUG - Importing /opt/airflow/dags/train_dag.py
[2025-06-25T22:27:09.837+0000] {processor.py:842} WARNING - No viable dags retrieved from /opt/airflow/dags/train_dag.py
[2025-06-25T22:27:09.863+0000] {processor.py:183} INFO - Processing /opt/airflow/dags/train_dag.py took 0.069 seconds
[2025-06-25T22:27:40.217+0000] {logging_mixin.py:188} INFO - [2025-06-25T22:27:40.216+0000] {settings.py:250} DEBUG - Setting up DB connection pool (PID 5460)
[2025-06-25T22:27:40.219+0000] {logging_mixin.py:188} INFO - [2025-06-25T22:27:40.219+0000] {settings.py:330} DEBUG - settings.prepare_engine_args(): Using pool settings. pool_size=5, max_overflow=10, pool_recycle=1800, pid=5460
[2025-06-25T22:27:40.231+0000] {processor.py:161} INFO - Started process (PID=5460) to work on /opt/airflow/dags/train_dag.py
[2025-06-25T22:27:40.232+0000] {processor.py:830} INFO - Processing file /opt/airflow/dags/train_dag.py for tasks to queue
[2025-06-25T22:27:40.234+0000] {logging_mixin.py:188} INFO - [2025-06-25T22:27:40.233+0000] {dagbag.py:545} INFO - Filling up the DagBag from /opt/airflow/dags/train_dag.py
[2025-06-25T22:27:40.249+0000] {logging_mixin.py:188} INFO - [2025-06-25T22:27:40.249+0000] {dagbag.py:337} DEBUG - Importing /opt/airflow/dags/train_dag.py
[2025-06-25T22:27:40.258+0000] {processor.py:842} WARNING - No viable dags retrieved from /opt/airflow/dags/train_dag.py
[2025-06-25T22:27:40.291+0000] {processor.py:183} INFO - Processing /opt/airflow/dags/train_dag.py took 0.076 seconds
[2025-06-25T22:28:10.507+0000] {logging_mixin.py:188} INFO - [2025-06-25T22:28:10.506+0000] {settings.py:250} DEBUG - Setting up DB connection pool (PID 5523)
[2025-06-25T22:28:10.509+0000] {logging_mixin.py:188} INFO - [2025-06-25T22:28:10.509+0000] {settings.py:330} DEBUG - settings.prepare_engine_args(): Using pool settings. pool_size=5, max_overflow=10, pool_recycle=1800, pid=5523
[2025-06-25T22:28:10.519+0000] {processor.py:161} INFO - Started process (PID=5523) to work on /opt/airflow/dags/train_dag.py
[2025-06-25T22:28:10.521+0000] {processor.py:830} INFO - Processing file /opt/airflow/dags/train_dag.py for tasks to queue
[2025-06-25T22:28:10.522+0000] {logging_mixin.py:188} INFO - [2025-06-25T22:28:10.522+0000] {dagbag.py:545} INFO - Filling up the DagBag from /opt/airflow/dags/train_dag.py
[2025-06-25T22:28:10.539+0000] {logging_mixin.py:188} INFO - [2025-06-25T22:28:10.538+0000] {dagbag.py:337} DEBUG - Importing /opt/airflow/dags/train_dag.py
[2025-06-25T22:28:10.547+0000] {processor.py:842} WARNING - No viable dags retrieved from /opt/airflow/dags/train_dag.py
[2025-06-25T22:28:10.578+0000] {processor.py:183} INFO - Processing /opt/airflow/dags/train_dag.py took 0.073 seconds
[2025-06-25T22:28:40.747+0000] {logging_mixin.py:188} INFO - [2025-06-25T22:28:40.746+0000] {settings.py:250} DEBUG - Setting up DB connection pool (PID 5586)
[2025-06-25T22:28:40.750+0000] {logging_mixin.py:188} INFO - [2025-06-25T22:28:40.749+0000] {settings.py:330} DEBUG - settings.prepare_engine_args(): Using pool settings. pool_size=5, max_overflow=10, pool_recycle=1800, pid=5586
[2025-06-25T22:28:40.762+0000] {processor.py:161} INFO - Started process (PID=5586) to work on /opt/airflow/dags/train_dag.py
[2025-06-25T22:28:40.763+0000] {processor.py:830} INFO - Processing file /opt/airflow/dags/train_dag.py for tasks to queue
[2025-06-25T22:28:40.765+0000] {logging_mixin.py:188} INFO - [2025-06-25T22:28:40.764+0000] {dagbag.py:545} INFO - Filling up the DagBag from /opt/airflow/dags/train_dag.py
[2025-06-25T22:28:40.784+0000] {logging_mixin.py:188} INFO - [2025-06-25T22:28:40.784+0000] {dagbag.py:337} DEBUG - Importing /opt/airflow/dags/train_dag.py
[2025-06-25T22:28:40.793+0000] {processor.py:842} WARNING - No viable dags retrieved from /opt/airflow/dags/train_dag.py
[2025-06-25T22:28:40.822+0000] {processor.py:183} INFO - Processing /opt/airflow/dags/train_dag.py took 0.077 seconds
[2025-06-25T22:29:11.337+0000] {logging_mixin.py:188} INFO - [2025-06-25T22:29:11.335+0000] {settings.py:250} DEBUG - Setting up DB connection pool (PID 5650)
[2025-06-25T22:29:11.339+0000] {logging_mixin.py:188} INFO - [2025-06-25T22:29:11.339+0000] {settings.py:330} DEBUG - settings.prepare_engine_args(): Using pool settings. pool_size=5, max_overflow=10, pool_recycle=1800, pid=5650
[2025-06-25T22:29:11.355+0000] {processor.py:161} INFO - Started process (PID=5650) to work on /opt/airflow/dags/train_dag.py
[2025-06-25T22:29:11.357+0000] {processor.py:830} INFO - Processing file /opt/airflow/dags/train_dag.py for tasks to queue
[2025-06-25T22:29:11.359+0000] {logging_mixin.py:188} INFO - [2025-06-25T22:29:11.359+0000] {dagbag.py:545} INFO - Filling up the DagBag from /opt/airflow/dags/train_dag.py
[2025-06-25T22:29:11.382+0000] {logging_mixin.py:188} INFO - [2025-06-25T22:29:11.382+0000] {dagbag.py:337} DEBUG - Importing /opt/airflow/dags/train_dag.py
[2025-06-25T22:29:11.392+0000] {processor.py:842} WARNING - No viable dags retrieved from /opt/airflow/dags/train_dag.py
[2025-06-25T22:29:11.422+0000] {processor.py:183} INFO - Processing /opt/airflow/dags/train_dag.py took 0.087 seconds
[2025-06-25T22:29:41.852+0000] {logging_mixin.py:188} INFO - [2025-06-25T22:29:41.850+0000] {settings.py:250} DEBUG - Setting up DB connection pool (PID 5712)
[2025-06-25T22:29:41.855+0000] {logging_mixin.py:188} INFO - [2025-06-25T22:29:41.855+0000] {settings.py:330} DEBUG - settings.prepare_engine_args(): Using pool settings. pool_size=5, max_overflow=10, pool_recycle=1800, pid=5712
[2025-06-25T22:29:41.871+0000] {processor.py:161} INFO - Started process (PID=5712) to work on /opt/airflow/dags/train_dag.py
[2025-06-25T22:29:41.872+0000] {processor.py:830} INFO - Processing file /opt/airflow/dags/train_dag.py for tasks to queue
[2025-06-25T22:29:41.875+0000] {logging_mixin.py:188} INFO - [2025-06-25T22:29:41.874+0000] {dagbag.py:545} INFO - Filling up the DagBag from /opt/airflow/dags/train_dag.py
[2025-06-25T22:29:41.896+0000] {logging_mixin.py:188} INFO - [2025-06-25T22:29:41.896+0000] {dagbag.py:337} DEBUG - Importing /opt/airflow/dags/train_dag.py
[2025-06-25T22:29:41.906+0000] {processor.py:842} WARNING - No viable dags retrieved from /opt/airflow/dags/train_dag.py
[2025-06-25T22:29:41.934+0000] {processor.py:183} INFO - Processing /opt/airflow/dags/train_dag.py took 0.084 seconds
[2025-06-25T22:30:12.312+0000] {logging_mixin.py:188} INFO - [2025-06-25T22:30:12.310+0000] {settings.py:250} DEBUG - Setting up DB connection pool (PID 5775)
[2025-06-25T22:30:12.314+0000] {logging_mixin.py:188} INFO - [2025-06-25T22:30:12.313+0000] {settings.py:330} DEBUG - settings.prepare_engine_args(): Using pool settings. pool_size=5, max_overflow=10, pool_recycle=1800, pid=5775
[2025-06-25T22:30:12.326+0000] {processor.py:161} INFO - Started process (PID=5775) to work on /opt/airflow/dags/train_dag.py
[2025-06-25T22:30:12.327+0000] {processor.py:830} INFO - Processing file /opt/airflow/dags/train_dag.py for tasks to queue
[2025-06-25T22:30:12.328+0000] {logging_mixin.py:188} INFO - [2025-06-25T22:30:12.328+0000] {dagbag.py:545} INFO - Filling up the DagBag from /opt/airflow/dags/train_dag.py
[2025-06-25T22:30:12.343+0000] {logging_mixin.py:188} INFO - [2025-06-25T22:30:12.343+0000] {dagbag.py:337} DEBUG - Importing /opt/airflow/dags/train_dag.py
[2025-06-25T22:30:12.353+0000] {processor.py:842} WARNING - No viable dags retrieved from /opt/airflow/dags/train_dag.py
[2025-06-25T22:30:12.384+0000] {processor.py:183} INFO - Processing /opt/airflow/dags/train_dag.py took 0.074 seconds
[2025-06-25T22:30:42.969+0000] {logging_mixin.py:188} INFO - [2025-06-25T22:30:42.967+0000] {settings.py:250} DEBUG - Setting up DB connection pool (PID 5838)
[2025-06-25T22:30:42.972+0000] {logging_mixin.py:188} INFO - [2025-06-25T22:30:42.971+0000] {settings.py:330} DEBUG - settings.prepare_engine_args(): Using pool settings. pool_size=5, max_overflow=10, pool_recycle=1800, pid=5838
[2025-06-25T22:30:42.984+0000] {processor.py:161} INFO - Started process (PID=5838) to work on /opt/airflow/dags/train_dag.py
[2025-06-25T22:30:42.986+0000] {processor.py:830} INFO - Processing file /opt/airflow/dags/train_dag.py for tasks to queue
[2025-06-25T22:30:42.987+0000] {logging_mixin.py:188} INFO - [2025-06-25T22:30:42.987+0000] {dagbag.py:545} INFO - Filling up the DagBag from /opt/airflow/dags/train_dag.py
[2025-06-25T22:30:43.004+0000] {logging_mixin.py:188} INFO - [2025-06-25T22:30:43.004+0000] {dagbag.py:337} DEBUG - Importing /opt/airflow/dags/train_dag.py
[2025-06-25T22:30:43.013+0000] {processor.py:842} WARNING - No viable dags retrieved from /opt/airflow/dags/train_dag.py
[2025-06-25T22:30:43.036+0000] {processor.py:183} INFO - Processing /opt/airflow/dags/train_dag.py took 0.069 seconds
[2025-06-25T22:31:13.597+0000] {logging_mixin.py:188} INFO - [2025-06-25T22:31:13.596+0000] {settings.py:250} DEBUG - Setting up DB connection pool (PID 5902)
[2025-06-25T22:31:13.599+0000] {logging_mixin.py:188} INFO - [2025-06-25T22:31:13.599+0000] {settings.py:330} DEBUG - settings.prepare_engine_args(): Using pool settings. pool_size=5, max_overflow=10, pool_recycle=1800, pid=5902
[2025-06-25T22:31:13.609+0000] {processor.py:161} INFO - Started process (PID=5902) to work on /opt/airflow/dags/train_dag.py
[2025-06-25T22:31:13.610+0000] {processor.py:830} INFO - Processing file /opt/airflow/dags/train_dag.py for tasks to queue
[2025-06-25T22:31:13.612+0000] {logging_mixin.py:188} INFO - [2025-06-25T22:31:13.612+0000] {dagbag.py:545} INFO - Filling up the DagBag from /opt/airflow/dags/train_dag.py
[2025-06-25T22:31:13.628+0000] {logging_mixin.py:188} INFO - [2025-06-25T22:31:13.628+0000] {dagbag.py:337} DEBUG - Importing /opt/airflow/dags/train_dag.py
[2025-06-25T22:31:13.638+0000] {processor.py:842} WARNING - No viable dags retrieved from /opt/airflow/dags/train_dag.py
[2025-06-25T22:31:13.665+0000] {processor.py:183} INFO - Processing /opt/airflow/dags/train_dag.py took 0.070 seconds
[2025-06-25T22:31:44.093+0000] {logging_mixin.py:188} INFO - [2025-06-25T22:31:44.092+0000] {settings.py:250} DEBUG - Setting up DB connection pool (PID 5965)
[2025-06-25T22:31:44.095+0000] {logging_mixin.py:188} INFO - [2025-06-25T22:31:44.094+0000] {settings.py:330} DEBUG - settings.prepare_engine_args(): Using pool settings. pool_size=5, max_overflow=10, pool_recycle=1800, pid=5965
[2025-06-25T22:31:44.105+0000] {processor.py:161} INFO - Started process (PID=5965) to work on /opt/airflow/dags/train_dag.py
[2025-06-25T22:31:44.106+0000] {processor.py:830} INFO - Processing file /opt/airflow/dags/train_dag.py for tasks to queue
[2025-06-25T22:31:44.108+0000] {logging_mixin.py:188} INFO - [2025-06-25T22:31:44.108+0000] {dagbag.py:545} INFO - Filling up the DagBag from /opt/airflow/dags/train_dag.py
[2025-06-25T22:31:44.124+0000] {logging_mixin.py:188} INFO - [2025-06-25T22:31:44.124+0000] {dagbag.py:337} DEBUG - Importing /opt/airflow/dags/train_dag.py
[2025-06-25T22:31:44.132+0000] {processor.py:842} WARNING - No viable dags retrieved from /opt/airflow/dags/train_dag.py
[2025-06-25T22:31:44.157+0000] {processor.py:183} INFO - Processing /opt/airflow/dags/train_dag.py took 0.065 seconds
[2025-06-25T22:32:14.635+0000] {logging_mixin.py:188} INFO - [2025-06-25T22:32:14.634+0000] {settings.py:250} DEBUG - Setting up DB connection pool (PID 6028)
[2025-06-25T22:32:14.637+0000] {logging_mixin.py:188} INFO - [2025-06-25T22:32:14.637+0000] {settings.py:330} DEBUG - settings.prepare_engine_args(): Using pool settings. pool_size=5, max_overflow=10, pool_recycle=1800, pid=6028
[2025-06-25T22:32:14.647+0000] {processor.py:161} INFO - Started process (PID=6028) to work on /opt/airflow/dags/train_dag.py
[2025-06-25T22:32:14.648+0000] {processor.py:830} INFO - Processing file /opt/airflow/dags/train_dag.py for tasks to queue
[2025-06-25T22:32:14.650+0000] {logging_mixin.py:188} INFO - [2025-06-25T22:32:14.650+0000] {dagbag.py:545} INFO - Filling up the DagBag from /opt/airflow/dags/train_dag.py
[2025-06-25T22:32:14.666+0000] {logging_mixin.py:188} INFO - [2025-06-25T22:32:14.665+0000] {dagbag.py:337} DEBUG - Importing /opt/airflow/dags/train_dag.py
[2025-06-25T22:32:14.674+0000] {processor.py:842} WARNING - No viable dags retrieved from /opt/airflow/dags/train_dag.py
[2025-06-25T22:32:14.703+0000] {processor.py:183} INFO - Processing /opt/airflow/dags/train_dag.py took 0.069 seconds
[2025-06-25T22:32:45.256+0000] {logging_mixin.py:188} INFO - [2025-06-25T22:32:45.255+0000] {settings.py:250} DEBUG - Setting up DB connection pool (PID 6092)
[2025-06-25T22:32:45.258+0000] {logging_mixin.py:188} INFO - [2025-06-25T22:32:45.258+0000] {settings.py:330} DEBUG - settings.prepare_engine_args(): Using pool settings. pool_size=5, max_overflow=10, pool_recycle=1800, pid=6092
[2025-06-25T22:32:45.269+0000] {processor.py:161} INFO - Started process (PID=6092) to work on /opt/airflow/dags/train_dag.py
[2025-06-25T22:32:45.270+0000] {processor.py:830} INFO - Processing file /opt/airflow/dags/train_dag.py for tasks to queue
[2025-06-25T22:32:45.271+0000] {logging_mixin.py:188} INFO - [2025-06-25T22:32:45.271+0000] {dagbag.py:545} INFO - Filling up the DagBag from /opt/airflow/dags/train_dag.py
[2025-06-25T22:32:45.285+0000] {logging_mixin.py:188} INFO - [2025-06-25T22:32:45.284+0000] {dagbag.py:337} DEBUG - Importing /opt/airflow/dags/train_dag.py
[2025-06-25T22:32:45.293+0000] {processor.py:842} WARNING - No viable dags retrieved from /opt/airflow/dags/train_dag.py
[2025-06-25T22:32:45.321+0000] {processor.py:183} INFO - Processing /opt/airflow/dags/train_dag.py took 0.066 seconds
[2025-06-25T22:33:16.256+0000] {logging_mixin.py:188} INFO - [2025-06-25T22:33:16.254+0000] {settings.py:250} DEBUG - Setting up DB connection pool (PID 6155)
[2025-06-25T22:33:16.257+0000] {logging_mixin.py:188} INFO - [2025-06-25T22:33:16.257+0000] {settings.py:330} DEBUG - settings.prepare_engine_args(): Using pool settings. pool_size=5, max_overflow=10, pool_recycle=1800, pid=6155
[2025-06-25T22:33:16.267+0000] {processor.py:161} INFO - Started process (PID=6155) to work on /opt/airflow/dags/train_dag.py
[2025-06-25T22:33:16.269+0000] {processor.py:830} INFO - Processing file /opt/airflow/dags/train_dag.py for tasks to queue
[2025-06-25T22:33:16.270+0000] {logging_mixin.py:188} INFO - [2025-06-25T22:33:16.270+0000] {dagbag.py:545} INFO - Filling up the DagBag from /opt/airflow/dags/train_dag.py
[2025-06-25T22:33:16.286+0000] {logging_mixin.py:188} INFO - [2025-06-25T22:33:16.286+0000] {dagbag.py:337} DEBUG - Importing /opt/airflow/dags/train_dag.py
[2025-06-25T22:33:16.295+0000] {processor.py:842} WARNING - No viable dags retrieved from /opt/airflow/dags/train_dag.py
[2025-06-25T22:33:16.323+0000] {processor.py:183} INFO - Processing /opt/airflow/dags/train_dag.py took 0.069 seconds
[2025-06-25T22:33:46.677+0000] {logging_mixin.py:188} INFO - [2025-06-25T22:33:46.675+0000] {settings.py:250} DEBUG - Setting up DB connection pool (PID 6218)
[2025-06-25T22:33:46.679+0000] {logging_mixin.py:188} INFO - [2025-06-25T22:33:46.678+0000] {settings.py:330} DEBUG - settings.prepare_engine_args(): Using pool settings. pool_size=5, max_overflow=10, pool_recycle=1800, pid=6218
[2025-06-25T22:33:46.690+0000] {processor.py:161} INFO - Started process (PID=6218) to work on /opt/airflow/dags/train_dag.py
[2025-06-25T22:33:46.692+0000] {processor.py:830} INFO - Processing file /opt/airflow/dags/train_dag.py for tasks to queue
[2025-06-25T22:33:46.694+0000] {logging_mixin.py:188} INFO - [2025-06-25T22:33:46.693+0000] {dagbag.py:545} INFO - Filling up the DagBag from /opt/airflow/dags/train_dag.py
[2025-06-25T22:33:46.714+0000] {logging_mixin.py:188} INFO - [2025-06-25T22:33:46.713+0000] {dagbag.py:337} DEBUG - Importing /opt/airflow/dags/train_dag.py
[2025-06-25T22:33:46.723+0000] {processor.py:842} WARNING - No viable dags retrieved from /opt/airflow/dags/train_dag.py
[2025-06-25T22:33:46.753+0000] {processor.py:183} INFO - Processing /opt/airflow/dags/train_dag.py took 0.078 seconds
[2025-06-25T22:34:16.856+0000] {logging_mixin.py:188} INFO - [2025-06-25T22:34:16.854+0000] {settings.py:250} DEBUG - Setting up DB connection pool (PID 6281)
[2025-06-25T22:34:16.858+0000] {logging_mixin.py:188} INFO - [2025-06-25T22:34:16.858+0000] {settings.py:330} DEBUG - settings.prepare_engine_args(): Using pool settings. pool_size=5, max_overflow=10, pool_recycle=1800, pid=6281
[2025-06-25T22:34:16.875+0000] {processor.py:161} INFO - Started process (PID=6281) to work on /opt/airflow/dags/train_dag.py
[2025-06-25T22:34:16.876+0000] {processor.py:830} INFO - Processing file /opt/airflow/dags/train_dag.py for tasks to queue
[2025-06-25T22:34:16.878+0000] {logging_mixin.py:188} INFO - [2025-06-25T22:34:16.878+0000] {dagbag.py:545} INFO - Filling up the DagBag from /opt/airflow/dags/train_dag.py
[2025-06-25T22:34:16.899+0000] {logging_mixin.py:188} INFO - [2025-06-25T22:34:16.899+0000] {dagbag.py:337} DEBUG - Importing /opt/airflow/dags/train_dag.py
[2025-06-25T22:34:16.909+0000] {processor.py:842} WARNING - No viable dags retrieved from /opt/airflow/dags/train_dag.py
[2025-06-25T22:34:16.939+0000] {processor.py:183} INFO - Processing /opt/airflow/dags/train_dag.py took 0.085 seconds
[2025-06-25T22:34:47.102+0000] {logging_mixin.py:188} INFO - [2025-06-25T22:34:47.100+0000] {settings.py:250} DEBUG - Setting up DB connection pool (PID 6342)
[2025-06-25T22:34:47.104+0000] {logging_mixin.py:188} INFO - [2025-06-25T22:34:47.104+0000] {settings.py:330} DEBUG - settings.prepare_engine_args(): Using pool settings. pool_size=5, max_overflow=10, pool_recycle=1800, pid=6342
[2025-06-25T22:34:47.114+0000] {processor.py:161} INFO - Started process (PID=6342) to work on /opt/airflow/dags/train_dag.py
[2025-06-25T22:34:47.115+0000] {processor.py:830} INFO - Processing file /opt/airflow/dags/train_dag.py for tasks to queue
[2025-06-25T22:34:47.117+0000] {logging_mixin.py:188} INFO - [2025-06-25T22:34:47.116+0000] {dagbag.py:545} INFO - Filling up the DagBag from /opt/airflow/dags/train_dag.py
[2025-06-25T22:34:47.133+0000] {logging_mixin.py:188} INFO - [2025-06-25T22:34:47.133+0000] {dagbag.py:337} DEBUG - Importing /opt/airflow/dags/train_dag.py
[2025-06-25T22:34:47.143+0000] {processor.py:842} WARNING - No viable dags retrieved from /opt/airflow/dags/train_dag.py
[2025-06-25T22:34:47.181+0000] {processor.py:183} INFO - Processing /opt/airflow/dags/train_dag.py took 0.081 seconds
[2025-06-25T22:35:17.393+0000] {logging_mixin.py:188} INFO - [2025-06-25T22:35:17.392+0000] {settings.py:250} DEBUG - Setting up DB connection pool (PID 6406)
[2025-06-25T22:35:17.395+0000] {logging_mixin.py:188} INFO - [2025-06-25T22:35:17.395+0000] {settings.py:330} DEBUG - settings.prepare_engine_args(): Using pool settings. pool_size=5, max_overflow=10, pool_recycle=1800, pid=6406
[2025-06-25T22:35:17.407+0000] {processor.py:161} INFO - Started process (PID=6406) to work on /opt/airflow/dags/train_dag.py
[2025-06-25T22:35:17.409+0000] {processor.py:830} INFO - Processing file /opt/airflow/dags/train_dag.py for tasks to queue
[2025-06-25T22:35:17.411+0000] {logging_mixin.py:188} INFO - [2025-06-25T22:35:17.410+0000] {dagbag.py:545} INFO - Filling up the DagBag from /opt/airflow/dags/train_dag.py
[2025-06-25T22:35:17.432+0000] {logging_mixin.py:188} INFO - [2025-06-25T22:35:17.431+0000] {dagbag.py:337} DEBUG - Importing /opt/airflow/dags/train_dag.py
[2025-06-25T22:35:17.443+0000] {processor.py:842} WARNING - No viable dags retrieved from /opt/airflow/dags/train_dag.py
[2025-06-25T22:35:17.474+0000] {processor.py:183} INFO - Processing /opt/airflow/dags/train_dag.py took 0.083 seconds
[2025-06-25T22:35:47.654+0000] {logging_mixin.py:188} INFO - [2025-06-25T22:35:47.652+0000] {settings.py:250} DEBUG - Setting up DB connection pool (PID 6469)
[2025-06-25T22:35:47.656+0000] {logging_mixin.py:188} INFO - [2025-06-25T22:35:47.656+0000] {settings.py:330} DEBUG - settings.prepare_engine_args(): Using pool settings. pool_size=5, max_overflow=10, pool_recycle=1800, pid=6469
[2025-06-25T22:35:47.671+0000] {processor.py:161} INFO - Started process (PID=6469) to work on /opt/airflow/dags/train_dag.py
[2025-06-25T22:35:47.673+0000] {processor.py:830} INFO - Processing file /opt/airflow/dags/train_dag.py for tasks to queue
[2025-06-25T22:35:47.674+0000] {logging_mixin.py:188} INFO - [2025-06-25T22:35:47.674+0000] {dagbag.py:545} INFO - Filling up the DagBag from /opt/airflow/dags/train_dag.py
[2025-06-25T22:35:47.693+0000] {logging_mixin.py:188} INFO - [2025-06-25T22:35:47.692+0000] {dagbag.py:337} DEBUG - Importing /opt/airflow/dags/train_dag.py
[2025-06-25T22:35:47.704+0000] {processor.py:842} WARNING - No viable dags retrieved from /opt/airflow/dags/train_dag.py
[2025-06-25T22:35:47.736+0000] {processor.py:183} INFO - Processing /opt/airflow/dags/train_dag.py took 0.084 seconds
[2025-06-25T22:36:18.029+0000] {logging_mixin.py:188} INFO - [2025-06-25T22:36:18.028+0000] {settings.py:250} DEBUG - Setting up DB connection pool (PID 6532)
[2025-06-25T22:36:18.031+0000] {logging_mixin.py:188} INFO - [2025-06-25T22:36:18.031+0000] {settings.py:330} DEBUG - settings.prepare_engine_args(): Using pool settings. pool_size=5, max_overflow=10, pool_recycle=1800, pid=6532
[2025-06-25T22:36:18.042+0000] {processor.py:161} INFO - Started process (PID=6532) to work on /opt/airflow/dags/train_dag.py
[2025-06-25T22:36:18.043+0000] {processor.py:830} INFO - Processing file /opt/airflow/dags/train_dag.py for tasks to queue
[2025-06-25T22:36:18.044+0000] {logging_mixin.py:188} INFO - [2025-06-25T22:36:18.044+0000] {dagbag.py:545} INFO - Filling up the DagBag from /opt/airflow/dags/train_dag.py
[2025-06-25T22:36:18.060+0000] {logging_mixin.py:188} INFO - [2025-06-25T22:36:18.060+0000] {dagbag.py:337} DEBUG - Importing /opt/airflow/dags/train_dag.py
[2025-06-25T22:36:18.068+0000] {processor.py:842} WARNING - No viable dags retrieved from /opt/airflow/dags/train_dag.py
[2025-06-25T22:36:18.096+0000] {processor.py:183} INFO - Processing /opt/airflow/dags/train_dag.py took 0.068 seconds
[2025-06-25T22:36:48.230+0000] {logging_mixin.py:188} INFO - [2025-06-25T22:36:48.228+0000] {settings.py:250} DEBUG - Setting up DB connection pool (PID 6595)
[2025-06-25T22:36:48.232+0000] {logging_mixin.py:188} INFO - [2025-06-25T22:36:48.232+0000] {settings.py:330} DEBUG - settings.prepare_engine_args(): Using pool settings. pool_size=5, max_overflow=10, pool_recycle=1800, pid=6595
[2025-06-25T22:36:48.242+0000] {processor.py:161} INFO - Started process (PID=6595) to work on /opt/airflow/dags/train_dag.py
[2025-06-25T22:36:48.244+0000] {processor.py:830} INFO - Processing file /opt/airflow/dags/train_dag.py for tasks to queue
[2025-06-25T22:36:48.246+0000] {logging_mixin.py:188} INFO - [2025-06-25T22:36:48.245+0000] {dagbag.py:545} INFO - Filling up the DagBag from /opt/airflow/dags/train_dag.py
[2025-06-25T22:36:48.263+0000] {logging_mixin.py:188} INFO - [2025-06-25T22:36:48.263+0000] {dagbag.py:337} DEBUG - Importing /opt/airflow/dags/train_dag.py
[2025-06-25T22:36:48.274+0000] {processor.py:842} WARNING - No viable dags retrieved from /opt/airflow/dags/train_dag.py
[2025-06-25T22:36:48.300+0000] {processor.py:183} INFO - Processing /opt/airflow/dags/train_dag.py took 0.072 seconds
[2025-06-25T22:37:18.600+0000] {logging_mixin.py:188} INFO - [2025-06-25T22:37:18.599+0000] {settings.py:250} DEBUG - Setting up DB connection pool (PID 6658)
[2025-06-25T22:37:18.603+0000] {logging_mixin.py:188} INFO - [2025-06-25T22:37:18.602+0000] {settings.py:330} DEBUG - settings.prepare_engine_args(): Using pool settings. pool_size=5, max_overflow=10, pool_recycle=1800, pid=6658
[2025-06-25T22:37:18.622+0000] {processor.py:161} INFO - Started process (PID=6658) to work on /opt/airflow/dags/train_dag.py
[2025-06-25T22:37:18.624+0000] {processor.py:830} INFO - Processing file /opt/airflow/dags/train_dag.py for tasks to queue
[2025-06-25T22:37:18.626+0000] {logging_mixin.py:188} INFO - [2025-06-25T22:37:18.625+0000] {dagbag.py:545} INFO - Filling up the DagBag from /opt/airflow/dags/train_dag.py
[2025-06-25T22:37:18.643+0000] {logging_mixin.py:188} INFO - [2025-06-25T22:37:18.643+0000] {dagbag.py:337} DEBUG - Importing /opt/airflow/dags/train_dag.py
[2025-06-25T22:37:18.653+0000] {processor.py:842} WARNING - No viable dags retrieved from /opt/airflow/dags/train_dag.py
[2025-06-25T22:37:18.688+0000] {processor.py:183} INFO - Processing /opt/airflow/dags/train_dag.py took 0.089 seconds
[2025-06-25T22:37:48.966+0000] {logging_mixin.py:188} INFO - [2025-06-25T22:37:48.964+0000] {settings.py:250} DEBUG - Setting up DB connection pool (PID 6721)
[2025-06-25T22:37:48.968+0000] {logging_mixin.py:188} INFO - [2025-06-25T22:37:48.968+0000] {settings.py:330} DEBUG - settings.prepare_engine_args(): Using pool settings. pool_size=5, max_overflow=10, pool_recycle=1800, pid=6721
[2025-06-25T22:37:48.983+0000] {processor.py:161} INFO - Started process (PID=6721) to work on /opt/airflow/dags/train_dag.py
[2025-06-25T22:37:48.985+0000] {processor.py:830} INFO - Processing file /opt/airflow/dags/train_dag.py for tasks to queue
[2025-06-25T22:37:48.987+0000] {logging_mixin.py:188} INFO - [2025-06-25T22:37:48.986+0000] {dagbag.py:545} INFO - Filling up the DagBag from /opt/airflow/dags/train_dag.py
[2025-06-25T22:37:49.004+0000] {logging_mixin.py:188} INFO - [2025-06-25T22:37:49.004+0000] {dagbag.py:337} DEBUG - Importing /opt/airflow/dags/train_dag.py
[2025-06-25T22:37:49.015+0000] {processor.py:842} WARNING - No viable dags retrieved from /opt/airflow/dags/train_dag.py
[2025-06-25T22:37:49.043+0000] {processor.py:183} INFO - Processing /opt/airflow/dags/train_dag.py took 0.079 seconds
[2025-06-25T22:38:19.765+0000] {logging_mixin.py:188} INFO - [2025-06-25T22:38:19.763+0000] {settings.py:250} DEBUG - Setting up DB connection pool (PID 6781)
[2025-06-25T22:38:19.768+0000] {logging_mixin.py:188} INFO - [2025-06-25T22:38:19.768+0000] {settings.py:330} DEBUG - settings.prepare_engine_args(): Using pool settings. pool_size=5, max_overflow=10, pool_recycle=1800, pid=6781
[2025-06-25T22:38:19.785+0000] {processor.py:161} INFO - Started process (PID=6781) to work on /opt/airflow/dags/train_dag.py
[2025-06-25T22:38:19.787+0000] {processor.py:830} INFO - Processing file /opt/airflow/dags/train_dag.py for tasks to queue
[2025-06-25T22:38:19.789+0000] {logging_mixin.py:188} INFO - [2025-06-25T22:38:19.788+0000] {dagbag.py:545} INFO - Filling up the DagBag from /opt/airflow/dags/train_dag.py
[2025-06-25T22:38:19.815+0000] {logging_mixin.py:188} INFO - [2025-06-25T22:38:19.815+0000] {dagbag.py:337} DEBUG - Importing /opt/airflow/dags/train_dag.py
[2025-06-25T22:38:19.827+0000] {processor.py:842} WARNING - No viable dags retrieved from /opt/airflow/dags/train_dag.py
[2025-06-25T22:38:19.876+0000] {processor.py:183} INFO - Processing /opt/airflow/dags/train_dag.py took 0.113 seconds
[2025-06-25T22:38:50.483+0000] {logging_mixin.py:188} INFO - [2025-06-25T22:38:50.482+0000] {settings.py:250} DEBUG - Setting up DB connection pool (PID 6842)
[2025-06-25T22:38:50.486+0000] {logging_mixin.py:188} INFO - [2025-06-25T22:38:50.485+0000] {settings.py:330} DEBUG - settings.prepare_engine_args(): Using pool settings. pool_size=5, max_overflow=10, pool_recycle=1800, pid=6842
[2025-06-25T22:38:50.497+0000] {processor.py:161} INFO - Started process (PID=6842) to work on /opt/airflow/dags/train_dag.py
[2025-06-25T22:38:50.498+0000] {processor.py:830} INFO - Processing file /opt/airflow/dags/train_dag.py for tasks to queue
[2025-06-25T22:38:50.500+0000] {logging_mixin.py:188} INFO - [2025-06-25T22:38:50.499+0000] {dagbag.py:545} INFO - Filling up the DagBag from /opt/airflow/dags/train_dag.py
[2025-06-25T22:38:50.517+0000] {logging_mixin.py:188} INFO - [2025-06-25T22:38:50.516+0000] {dagbag.py:337} DEBUG - Importing /opt/airflow/dags/train_dag.py
[2025-06-25T22:38:50.529+0000] {processor.py:842} WARNING - No viable dags retrieved from /opt/airflow/dags/train_dag.py
[2025-06-25T22:38:50.559+0000] {processor.py:183} INFO - Processing /opt/airflow/dags/train_dag.py took 0.077 seconds
[2025-06-25T22:39:20.802+0000] {logging_mixin.py:188} INFO - [2025-06-25T22:39:20.801+0000] {settings.py:250} DEBUG - Setting up DB connection pool (PID 6901)
[2025-06-25T22:39:20.804+0000] {logging_mixin.py:188} INFO - [2025-06-25T22:39:20.804+0000] {settings.py:330} DEBUG - settings.prepare_engine_args(): Using pool settings. pool_size=5, max_overflow=10, pool_recycle=1800, pid=6901
[2025-06-25T22:39:20.817+0000] {processor.py:161} INFO - Started process (PID=6901) to work on /opt/airflow/dags/train_dag.py
[2025-06-25T22:39:20.819+0000] {processor.py:830} INFO - Processing file /opt/airflow/dags/train_dag.py for tasks to queue
[2025-06-25T22:39:20.820+0000] {logging_mixin.py:188} INFO - [2025-06-25T22:39:20.820+0000] {dagbag.py:545} INFO - Filling up the DagBag from /opt/airflow/dags/train_dag.py
[2025-06-25T22:39:20.837+0000] {logging_mixin.py:188} INFO - [2025-06-25T22:39:20.837+0000] {dagbag.py:337} DEBUG - Importing /opt/airflow/dags/train_dag.py
[2025-06-25T22:39:20.848+0000] {processor.py:842} WARNING - No viable dags retrieved from /opt/airflow/dags/train_dag.py
[2025-06-25T22:39:20.880+0000] {processor.py:183} INFO - Processing /opt/airflow/dags/train_dag.py took 0.079 seconds
[2025-06-25T22:39:51.378+0000] {logging_mixin.py:188} INFO - [2025-06-25T22:39:51.377+0000] {settings.py:250} DEBUG - Setting up DB connection pool (PID 6964)
[2025-06-25T22:39:51.380+0000] {logging_mixin.py:188} INFO - [2025-06-25T22:39:51.380+0000] {settings.py:330} DEBUG - settings.prepare_engine_args(): Using pool settings. pool_size=5, max_overflow=10, pool_recycle=1800, pid=6964
[2025-06-25T22:39:51.401+0000] {processor.py:161} INFO - Started process (PID=6964) to work on /opt/airflow/dags/train_dag.py
[2025-06-25T22:39:51.402+0000] {processor.py:830} INFO - Processing file /opt/airflow/dags/train_dag.py for tasks to queue
[2025-06-25T22:39:51.405+0000] {logging_mixin.py:188} INFO - [2025-06-25T22:39:51.405+0000] {dagbag.py:545} INFO - Filling up the DagBag from /opt/airflow/dags/train_dag.py
[2025-06-25T22:39:51.425+0000] {logging_mixin.py:188} INFO - [2025-06-25T22:39:51.425+0000] {dagbag.py:337} DEBUG - Importing /opt/airflow/dags/train_dag.py
[2025-06-25T22:39:51.436+0000] {processor.py:842} WARNING - No viable dags retrieved from /opt/airflow/dags/train_dag.py
[2025-06-25T22:39:51.465+0000] {processor.py:183} INFO - Processing /opt/airflow/dags/train_dag.py took 0.089 seconds
[2025-06-25T22:40:21.771+0000] {logging_mixin.py:188} INFO - [2025-06-25T22:40:21.770+0000] {settings.py:250} DEBUG - Setting up DB connection pool (PID 7028)
[2025-06-25T22:40:21.773+0000] {logging_mixin.py:188} INFO - [2025-06-25T22:40:21.773+0000] {settings.py:330} DEBUG - settings.prepare_engine_args(): Using pool settings. pool_size=5, max_overflow=10, pool_recycle=1800, pid=7028
[2025-06-25T22:40:21.793+0000] {processor.py:161} INFO - Started process (PID=7028) to work on /opt/airflow/dags/train_dag.py
[2025-06-25T22:40:21.794+0000] {processor.py:830} INFO - Processing file /opt/airflow/dags/train_dag.py for tasks to queue
[2025-06-25T22:40:21.796+0000] {logging_mixin.py:188} INFO - [2025-06-25T22:40:21.796+0000] {dagbag.py:545} INFO - Filling up the DagBag from /opt/airflow/dags/train_dag.py
[2025-06-25T22:40:21.812+0000] {logging_mixin.py:188} INFO - [2025-06-25T22:40:21.811+0000] {dagbag.py:337} DEBUG - Importing /opt/airflow/dags/train_dag.py
[2025-06-25T22:40:21.821+0000] {processor.py:842} WARNING - No viable dags retrieved from /opt/airflow/dags/train_dag.py
[2025-06-25T22:40:21.864+0000] {processor.py:183} INFO - Processing /opt/airflow/dags/train_dag.py took 0.094 seconds
[2025-06-25T22:40:52.171+0000] {logging_mixin.py:188} INFO - [2025-06-25T22:40:52.169+0000] {settings.py:250} DEBUG - Setting up DB connection pool (PID 7092)
[2025-06-25T22:40:52.172+0000] {logging_mixin.py:188} INFO - [2025-06-25T22:40:52.172+0000] {settings.py:330} DEBUG - settings.prepare_engine_args(): Using pool settings. pool_size=5, max_overflow=10, pool_recycle=1800, pid=7092
[2025-06-25T22:40:52.188+0000] {processor.py:161} INFO - Started process (PID=7092) to work on /opt/airflow/dags/train_dag.py
[2025-06-25T22:40:52.190+0000] {processor.py:830} INFO - Processing file /opt/airflow/dags/train_dag.py for tasks to queue
[2025-06-25T22:40:52.192+0000] {logging_mixin.py:188} INFO - [2025-06-25T22:40:52.191+0000] {dagbag.py:545} INFO - Filling up the DagBag from /opt/airflow/dags/train_dag.py
[2025-06-25T22:40:52.210+0000] {logging_mixin.py:188} INFO - [2025-06-25T22:40:52.209+0000] {dagbag.py:337} DEBUG - Importing /opt/airflow/dags/train_dag.py
[2025-06-25T22:40:52.220+0000] {processor.py:842} WARNING - No viable dags retrieved from /opt/airflow/dags/train_dag.py
[2025-06-25T22:40:52.250+0000] {processor.py:183} INFO - Processing /opt/airflow/dags/train_dag.py took 0.080 seconds
