[2025-06-27T00:00:02.935+0000] {logging_mixin.py:188} INFO - [2025-06-27T00:00:02.932+0000] {settings.py:250} DEBUG - Setting up DB connection pool (PID 10822)
[2025-06-27T00:00:02.937+0000] {logging_mixin.py:188} INFO - [2025-06-27T00:00:02.937+0000] {settings.py:330} DEBUG - settings.prepare_engine_args(): Using pool settings. pool_size=5, max_overflow=10, pool_recycle=1800, pid=10822
[2025-06-27T00:00:02.950+0000] {processor.py:161} INFO - Started process (PID=10822) to work on /home/airflow/.local/lib/python3.10/site-packages/airflow/example_dags/example_bash_operator.py
[2025-06-27T00:00:02.952+0000] {processor.py:830} INFO - Processing file /home/airflow/.local/lib/python3.10/site-packages/airflow/example_dags/example_bash_operator.py for tasks to queue
[2025-06-27T00:00:02.953+0000] {logging_mixin.py:188} INFO - [2025-06-27T00:00:02.953+0000] {dagbag.py:545} INFO - Filling up the DagBag from /home/airflow/.local/lib/python3.10/site-packages/airflow/example_dags/example_bash_operator.py
[2025-06-27T00:00:02.956+0000] {logging_mixin.py:188} INFO - [2025-06-27T00:00:02.956+0000] {dagbag.py:337} DEBUG - Importing /home/airflow/.local/lib/python3.10/site-packages/airflow/example_dags/example_bash_operator.py
[2025-06-27T00:00:02.962+0000] {logging_mixin.py:188} INFO - [2025-06-27T00:00:02.961+0000] {GetText.py:65} DEBUG - /home/airflow/.local/lib/python3.10/site-packages/cron_descriptor/locale/en_US.mo Loaded
[2025-06-27T00:00:02.983+0000] {logging_mixin.py:188} INFO - [2025-06-27T00:00:02.977+0000] {dagbag.py:511} DEBUG - Loaded DAG <DAG: example_bash_operator>
[2025-06-27T00:00:02.986+0000] {logging_mixin.py:188} INFO - [2025-06-27T00:00:02.986+0000] {dagbag.py:511} DEBUG - Loaded DAG <DAG: example_bash_operator>
[2025-06-27T00:00:02.987+0000] {processor.py:840} INFO - DAG(s) 'example_bash_operator' retrieved from /home/airflow/.local/lib/python3.10/site-packages/airflow/example_dags/example_bash_operator.py
[2025-06-27T00:00:02.990+0000] {logging_mixin.py:188} INFO - [2025-06-27T00:00:02.990+0000] {dagbag.py:667} DEBUG - Running dagbag.sync_to_db with retries. Try 1 of 3
[2025-06-27T00:00:02.991+0000] {logging_mixin.py:188} INFO - [2025-06-27T00:00:02.991+0000] {dagbag.py:672} DEBUG - Calling the DAG.bulk_sync_to_db method
[2025-06-27T00:00:03.019+0000] {logging_mixin.py:188} INFO - [2025-06-27T00:00:03.017+0000] {serialized_dag.py:166} DEBUG - Checking if DAG (example_bash_operator) changed
[2025-06-27T00:00:03.033+0000] {logging_mixin.py:188} INFO - [2025-06-27T00:00:03.032+0000] {serialized_objects.py:624} DEBUG - Cast type <class 'airflow.models.param.ParamsDict'> to str in serialization.
[2025-06-27T00:00:03.039+0000] {logging_mixin.py:188} INFO - [2025-06-27T00:00:03.039+0000] {serialized_objects.py:624} DEBUG - Cast type <class 'airflow.models.param.ParamsDict'> to str in serialization.
[2025-06-27T00:00:03.043+0000] {logging_mixin.py:188} INFO - [2025-06-27T00:00:03.043+0000] {serialized_objects.py:624} DEBUG - Cast type <class 'airflow.models.param.ParamsDict'> to str in serialization.
[2025-06-27T00:00:03.049+0000] {logging_mixin.py:188} INFO - [2025-06-27T00:00:03.048+0000] {serialized_objects.py:624} DEBUG - Cast type <class 'airflow.models.param.ParamsDict'> to str in serialization.
[2025-06-27T00:00:03.053+0000] {logging_mixin.py:188} INFO - [2025-06-27T00:00:03.053+0000] {serialized_objects.py:624} DEBUG - Cast type <class 'airflow.models.param.ParamsDict'> to str in serialization.
[2025-06-27T00:00:03.057+0000] {logging_mixin.py:188} INFO - [2025-06-27T00:00:03.057+0000] {serialized_objects.py:624} DEBUG - Cast type <class 'airflow.models.param.ParamsDict'> to str in serialization.
[2025-06-27T00:00:03.063+0000] {logging_mixin.py:188} INFO - [2025-06-27T00:00:03.062+0000] {serialized_objects.py:624} DEBUG - Cast type <class 'airflow.models.param.ParamsDict'> to str in serialization.
[2025-06-27T00:00:03.079+0000] {logging_mixin.py:188} INFO - [2025-06-27T00:00:03.078+0000] {serialized_dag.py:177} DEBUG - Serialized DAG (example_bash_operator) is unchanged. Skipping writing to DB
[2025-06-27T00:00:03.080+0000] {logging_mixin.py:188} INFO - [2025-06-27T00:00:03.080+0000] {dag.py:3096} INFO - Sync 1 DAGs
[2025-06-27T00:00:03.119+0000] {logging_mixin.py:188} INFO - [2025-06-27T00:00:03.119+0000] {dag.py:3954} INFO - Setting next_dagrun for example_bash_operator to 2025-06-26 00:00:00+00:00, run_after=2025-06-27 00:00:00+00:00
[2025-06-27T00:00:03.162+0000] {processor.py:183} INFO - Processing /home/airflow/.local/lib/python3.10/site-packages/airflow/example_dags/example_bash_operator.py took 0.230 seconds
[2025-06-27T00:00:33.559+0000] {logging_mixin.py:188} INFO - [2025-06-27T00:00:33.558+0000] {settings.py:250} DEBUG - Setting up DB connection pool (PID 10885)
[2025-06-27T00:00:33.561+0000] {logging_mixin.py:188} INFO - [2025-06-27T00:00:33.561+0000] {settings.py:330} DEBUG - settings.prepare_engine_args(): Using pool settings. pool_size=5, max_overflow=10, pool_recycle=1800, pid=10885
[2025-06-27T00:00:33.575+0000] {processor.py:161} INFO - Started process (PID=10885) to work on /home/airflow/.local/lib/python3.10/site-packages/airflow/example_dags/example_bash_operator.py
[2025-06-27T00:00:33.576+0000] {processor.py:830} INFO - Processing file /home/airflow/.local/lib/python3.10/site-packages/airflow/example_dags/example_bash_operator.py for tasks to queue
[2025-06-27T00:00:33.577+0000] {logging_mixin.py:188} INFO - [2025-06-27T00:00:33.577+0000] {dagbag.py:545} INFO - Filling up the DagBag from /home/airflow/.local/lib/python3.10/site-packages/airflow/example_dags/example_bash_operator.py
[2025-06-27T00:00:33.580+0000] {logging_mixin.py:188} INFO - [2025-06-27T00:00:33.579+0000] {dagbag.py:337} DEBUG - Importing /home/airflow/.local/lib/python3.10/site-packages/airflow/example_dags/example_bash_operator.py
[2025-06-27T00:00:33.588+0000] {logging_mixin.py:188} INFO - [2025-06-27T00:00:33.587+0000] {GetText.py:65} DEBUG - /home/airflow/.local/lib/python3.10/site-packages/cron_descriptor/locale/en_US.mo Loaded
[2025-06-27T00:00:33.615+0000] {logging_mixin.py:188} INFO - [2025-06-27T00:00:33.613+0000] {dagbag.py:511} DEBUG - Loaded DAG <DAG: example_bash_operator>
[2025-06-27T00:00:33.618+0000] {logging_mixin.py:188} INFO - [2025-06-27T00:00:33.617+0000] {dagbag.py:511} DEBUG - Loaded DAG <DAG: example_bash_operator>
[2025-06-27T00:00:33.619+0000] {processor.py:840} INFO - DAG(s) 'example_bash_operator' retrieved from /home/airflow/.local/lib/python3.10/site-packages/airflow/example_dags/example_bash_operator.py
[2025-06-27T00:00:33.621+0000] {logging_mixin.py:188} INFO - [2025-06-27T00:00:33.621+0000] {dagbag.py:667} DEBUG - Running dagbag.sync_to_db with retries. Try 1 of 3
[2025-06-27T00:00:33.622+0000] {logging_mixin.py:188} INFO - [2025-06-27T00:00:33.622+0000] {dagbag.py:672} DEBUG - Calling the DAG.bulk_sync_to_db method
[2025-06-27T00:00:33.650+0000] {logging_mixin.py:188} INFO - [2025-06-27T00:00:33.649+0000] {serialized_dag.py:166} DEBUG - Checking if DAG (example_bash_operator) changed
[2025-06-27T00:00:33.658+0000] {logging_mixin.py:188} INFO - [2025-06-27T00:00:33.658+0000] {serialized_objects.py:624} DEBUG - Cast type <class 'airflow.models.param.ParamsDict'> to str in serialization.
[2025-06-27T00:00:33.662+0000] {logging_mixin.py:188} INFO - [2025-06-27T00:00:33.662+0000] {serialized_objects.py:624} DEBUG - Cast type <class 'airflow.models.param.ParamsDict'> to str in serialization.
[2025-06-27T00:00:33.664+0000] {logging_mixin.py:188} INFO - [2025-06-27T00:00:33.664+0000] {serialized_objects.py:624} DEBUG - Cast type <class 'airflow.models.param.ParamsDict'> to str in serialization.
[2025-06-27T00:00:33.667+0000] {logging_mixin.py:188} INFO - [2025-06-27T00:00:33.666+0000] {serialized_objects.py:624} DEBUG - Cast type <class 'airflow.models.param.ParamsDict'> to str in serialization.
[2025-06-27T00:00:33.670+0000] {logging_mixin.py:188} INFO - [2025-06-27T00:00:33.670+0000] {serialized_objects.py:624} DEBUG - Cast type <class 'airflow.models.param.ParamsDict'> to str in serialization.
[2025-06-27T00:00:33.674+0000] {logging_mixin.py:188} INFO - [2025-06-27T00:00:33.673+0000] {serialized_objects.py:624} DEBUG - Cast type <class 'airflow.models.param.ParamsDict'> to str in serialization.
[2025-06-27T00:00:33.676+0000] {logging_mixin.py:188} INFO - [2025-06-27T00:00:33.676+0000] {serialized_objects.py:624} DEBUG - Cast type <class 'airflow.models.param.ParamsDict'> to str in serialization.
[2025-06-27T00:00:33.684+0000] {logging_mixin.py:188} INFO - [2025-06-27T00:00:33.684+0000] {serialized_dag.py:177} DEBUG - Serialized DAG (example_bash_operator) is unchanged. Skipping writing to DB
[2025-06-27T00:00:33.686+0000] {logging_mixin.py:188} INFO - [2025-06-27T00:00:33.685+0000] {dag.py:3096} INFO - Sync 1 DAGs
[2025-06-27T00:00:33.722+0000] {logging_mixin.py:188} INFO - [2025-06-27T00:00:33.722+0000] {dag.py:3954} INFO - Setting next_dagrun for example_bash_operator to 2025-06-26 00:00:00+00:00, run_after=2025-06-27 00:00:00+00:00
[2025-06-27T00:00:33.760+0000] {processor.py:183} INFO - Processing /home/airflow/.local/lib/python3.10/site-packages/airflow/example_dags/example_bash_operator.py took 0.202 seconds
[2025-06-27T00:01:04.645+0000] {logging_mixin.py:188} INFO - [2025-06-27T00:01:04.644+0000] {settings.py:250} DEBUG - Setting up DB connection pool (PID 10948)
[2025-06-27T00:01:04.647+0000] {logging_mixin.py:188} INFO - [2025-06-27T00:01:04.647+0000] {settings.py:330} DEBUG - settings.prepare_engine_args(): Using pool settings. pool_size=5, max_overflow=10, pool_recycle=1800, pid=10948
[2025-06-27T00:01:04.661+0000] {processor.py:161} INFO - Started process (PID=10948) to work on /home/airflow/.local/lib/python3.10/site-packages/airflow/example_dags/example_bash_operator.py
[2025-06-27T00:01:04.663+0000] {processor.py:830} INFO - Processing file /home/airflow/.local/lib/python3.10/site-packages/airflow/example_dags/example_bash_operator.py for tasks to queue
[2025-06-27T00:01:04.664+0000] {logging_mixin.py:188} INFO - [2025-06-27T00:01:04.664+0000] {dagbag.py:545} INFO - Filling up the DagBag from /home/airflow/.local/lib/python3.10/site-packages/airflow/example_dags/example_bash_operator.py
[2025-06-27T00:01:04.667+0000] {logging_mixin.py:188} INFO - [2025-06-27T00:01:04.667+0000] {dagbag.py:337} DEBUG - Importing /home/airflow/.local/lib/python3.10/site-packages/airflow/example_dags/example_bash_operator.py
[2025-06-27T00:01:04.674+0000] {logging_mixin.py:188} INFO - [2025-06-27T00:01:04.674+0000] {GetText.py:65} DEBUG - /home/airflow/.local/lib/python3.10/site-packages/cron_descriptor/locale/en_US.mo Loaded
[2025-06-27T00:01:04.691+0000] {logging_mixin.py:188} INFO - [2025-06-27T00:01:04.689+0000] {dagbag.py:511} DEBUG - Loaded DAG <DAG: example_bash_operator>
[2025-06-27T00:01:04.693+0000] {logging_mixin.py:188} INFO - [2025-06-27T00:01:04.693+0000] {dagbag.py:511} DEBUG - Loaded DAG <DAG: example_bash_operator>
[2025-06-27T00:01:04.694+0000] {processor.py:840} INFO - DAG(s) 'example_bash_operator' retrieved from /home/airflow/.local/lib/python3.10/site-packages/airflow/example_dags/example_bash_operator.py
[2025-06-27T00:01:04.696+0000] {logging_mixin.py:188} INFO - [2025-06-27T00:01:04.696+0000] {dagbag.py:667} DEBUG - Running dagbag.sync_to_db with retries. Try 1 of 3
[2025-06-27T00:01:04.697+0000] {logging_mixin.py:188} INFO - [2025-06-27T00:01:04.697+0000] {dagbag.py:672} DEBUG - Calling the DAG.bulk_sync_to_db method
[2025-06-27T00:01:04.743+0000] {logging_mixin.py:188} INFO - [2025-06-27T00:01:04.743+0000] {serialized_dag.py:166} DEBUG - Checking if DAG (example_bash_operator) changed
[2025-06-27T00:01:04.773+0000] {logging_mixin.py:188} INFO - [2025-06-27T00:01:04.772+0000] {serialized_objects.py:624} DEBUG - Cast type <class 'airflow.models.param.ParamsDict'> to str in serialization.
[2025-06-27T00:01:04.780+0000] {logging_mixin.py:188} INFO - [2025-06-27T00:01:04.779+0000] {serialized_objects.py:624} DEBUG - Cast type <class 'airflow.models.param.ParamsDict'> to str in serialization.
[2025-06-27T00:01:04.787+0000] {logging_mixin.py:188} INFO - [2025-06-27T00:01:04.787+0000] {serialized_objects.py:624} DEBUG - Cast type <class 'airflow.models.param.ParamsDict'> to str in serialization.
[2025-06-27T00:01:04.791+0000] {logging_mixin.py:188} INFO - [2025-06-27T00:01:04.791+0000] {serialized_objects.py:624} DEBUG - Cast type <class 'airflow.models.param.ParamsDict'> to str in serialization.
[2025-06-27T00:01:04.796+0000] {logging_mixin.py:188} INFO - [2025-06-27T00:01:04.796+0000] {serialized_objects.py:624} DEBUG - Cast type <class 'airflow.models.param.ParamsDict'> to str in serialization.
[2025-06-27T00:01:04.801+0000] {logging_mixin.py:188} INFO - [2025-06-27T00:01:04.800+0000] {serialized_objects.py:624} DEBUG - Cast type <class 'airflow.models.param.ParamsDict'> to str in serialization.
[2025-06-27T00:01:04.804+0000] {logging_mixin.py:188} INFO - [2025-06-27T00:01:04.804+0000] {serialized_objects.py:624} DEBUG - Cast type <class 'airflow.models.param.ParamsDict'> to str in serialization.
[2025-06-27T00:01:04.817+0000] {logging_mixin.py:188} INFO - [2025-06-27T00:01:04.816+0000] {serialized_dag.py:177} DEBUG - Serialized DAG (example_bash_operator) is unchanged. Skipping writing to DB
[2025-06-27T00:01:04.818+0000] {logging_mixin.py:188} INFO - [2025-06-27T00:01:04.818+0000] {dag.py:3096} INFO - Sync 1 DAGs
[2025-06-27T00:01:04.864+0000] {logging_mixin.py:188} INFO - [2025-06-27T00:01:04.864+0000] {dag.py:3954} INFO - Setting next_dagrun for example_bash_operator to 2025-06-26 00:00:00+00:00, run_after=2025-06-27 00:00:00+00:00
[2025-06-27T00:01:04.899+0000] {processor.py:183} INFO - Processing /home/airflow/.local/lib/python3.10/site-packages/airflow/example_dags/example_bash_operator.py took 0.256 seconds
[2025-06-27T00:01:35.853+0000] {logging_mixin.py:188} INFO - [2025-06-27T00:01:35.851+0000] {settings.py:250} DEBUG - Setting up DB connection pool (PID 11011)
[2025-06-27T00:01:35.856+0000] {logging_mixin.py:188} INFO - [2025-06-27T00:01:35.855+0000] {settings.py:330} DEBUG - settings.prepare_engine_args(): Using pool settings. pool_size=5, max_overflow=10, pool_recycle=1800, pid=11011
[2025-06-27T00:01:35.868+0000] {processor.py:161} INFO - Started process (PID=11011) to work on /home/airflow/.local/lib/python3.10/site-packages/airflow/example_dags/example_bash_operator.py
[2025-06-27T00:01:35.869+0000] {processor.py:830} INFO - Processing file /home/airflow/.local/lib/python3.10/site-packages/airflow/example_dags/example_bash_operator.py for tasks to queue
[2025-06-27T00:01:35.871+0000] {logging_mixin.py:188} INFO - [2025-06-27T00:01:35.871+0000] {dagbag.py:545} INFO - Filling up the DagBag from /home/airflow/.local/lib/python3.10/site-packages/airflow/example_dags/example_bash_operator.py
[2025-06-27T00:01:35.874+0000] {logging_mixin.py:188} INFO - [2025-06-27T00:01:35.874+0000] {dagbag.py:337} DEBUG - Importing /home/airflow/.local/lib/python3.10/site-packages/airflow/example_dags/example_bash_operator.py
[2025-06-27T00:01:35.884+0000] {logging_mixin.py:188} INFO - [2025-06-27T00:01:35.884+0000] {GetText.py:65} DEBUG - /home/airflow/.local/lib/python3.10/site-packages/cron_descriptor/locale/en_US.mo Loaded
[2025-06-27T00:01:35.911+0000] {logging_mixin.py:188} INFO - [2025-06-27T00:01:35.908+0000] {dagbag.py:511} DEBUG - Loaded DAG <DAG: example_bash_operator>
[2025-06-27T00:01:35.915+0000] {logging_mixin.py:188} INFO - [2025-06-27T00:01:35.914+0000] {dagbag.py:511} DEBUG - Loaded DAG <DAG: example_bash_operator>
[2025-06-27T00:01:35.916+0000] {processor.py:840} INFO - DAG(s) 'example_bash_operator' retrieved from /home/airflow/.local/lib/python3.10/site-packages/airflow/example_dags/example_bash_operator.py
[2025-06-27T00:01:35.919+0000] {logging_mixin.py:188} INFO - [2025-06-27T00:01:35.918+0000] {dagbag.py:667} DEBUG - Running dagbag.sync_to_db with retries. Try 1 of 3
[2025-06-27T00:01:35.920+0000] {logging_mixin.py:188} INFO - [2025-06-27T00:01:35.920+0000] {dagbag.py:672} DEBUG - Calling the DAG.bulk_sync_to_db method
[2025-06-27T00:01:35.948+0000] {logging_mixin.py:188} INFO - [2025-06-27T00:01:35.947+0000] {serialized_dag.py:166} DEBUG - Checking if DAG (example_bash_operator) changed
[2025-06-27T00:01:35.955+0000] {logging_mixin.py:188} INFO - [2025-06-27T00:01:35.955+0000] {serialized_objects.py:624} DEBUG - Cast type <class 'airflow.models.param.ParamsDict'> to str in serialization.
[2025-06-27T00:01:35.960+0000] {logging_mixin.py:188} INFO - [2025-06-27T00:01:35.959+0000] {serialized_objects.py:624} DEBUG - Cast type <class 'airflow.models.param.ParamsDict'> to str in serialization.
[2025-06-27T00:01:35.962+0000] {logging_mixin.py:188} INFO - [2025-06-27T00:01:35.962+0000] {serialized_objects.py:624} DEBUG - Cast type <class 'airflow.models.param.ParamsDict'> to str in serialization.
[2025-06-27T00:01:35.965+0000] {logging_mixin.py:188} INFO - [2025-06-27T00:01:35.965+0000] {serialized_objects.py:624} DEBUG - Cast type <class 'airflow.models.param.ParamsDict'> to str in serialization.
[2025-06-27T00:01:35.967+0000] {logging_mixin.py:188} INFO - [2025-06-27T00:01:35.967+0000] {serialized_objects.py:624} DEBUG - Cast type <class 'airflow.models.param.ParamsDict'> to str in serialization.
[2025-06-27T00:01:35.970+0000] {logging_mixin.py:188} INFO - [2025-06-27T00:01:35.970+0000] {serialized_objects.py:624} DEBUG - Cast type <class 'airflow.models.param.ParamsDict'> to str in serialization.
[2025-06-27T00:01:35.972+0000] {logging_mixin.py:188} INFO - [2025-06-27T00:01:35.972+0000] {serialized_objects.py:624} DEBUG - Cast type <class 'airflow.models.param.ParamsDict'> to str in serialization.
[2025-06-27T00:01:35.980+0000] {logging_mixin.py:188} INFO - [2025-06-27T00:01:35.980+0000] {serialized_dag.py:177} DEBUG - Serialized DAG (example_bash_operator) is unchanged. Skipping writing to DB
[2025-06-27T00:01:35.981+0000] {logging_mixin.py:188} INFO - [2025-06-27T00:01:35.981+0000] {dag.py:3096} INFO - Sync 1 DAGs
[2025-06-27T00:01:36.020+0000] {logging_mixin.py:188} INFO - [2025-06-27T00:01:36.019+0000] {dag.py:3954} INFO - Setting next_dagrun for example_bash_operator to 2025-06-26 00:00:00+00:00, run_after=2025-06-27 00:00:00+00:00
[2025-06-27T00:01:36.054+0000] {processor.py:183} INFO - Processing /home/airflow/.local/lib/python3.10/site-packages/airflow/example_dags/example_bash_operator.py took 0.203 seconds
[2025-06-27T00:02:06.197+0000] {logging_mixin.py:188} INFO - [2025-06-27T00:02:06.196+0000] {settings.py:250} DEBUG - Setting up DB connection pool (PID 11080)
[2025-06-27T00:02:06.200+0000] {logging_mixin.py:188} INFO - [2025-06-27T00:02:06.200+0000] {settings.py:330} DEBUG - settings.prepare_engine_args(): Using pool settings. pool_size=5, max_overflow=10, pool_recycle=1800, pid=11080
[2025-06-27T00:02:06.218+0000] {processor.py:161} INFO - Started process (PID=11080) to work on /home/airflow/.local/lib/python3.10/site-packages/airflow/example_dags/example_bash_operator.py
[2025-06-27T00:02:06.220+0000] {processor.py:830} INFO - Processing file /home/airflow/.local/lib/python3.10/site-packages/airflow/example_dags/example_bash_operator.py for tasks to queue
[2025-06-27T00:02:06.221+0000] {logging_mixin.py:188} INFO - [2025-06-27T00:02:06.221+0000] {dagbag.py:545} INFO - Filling up the DagBag from /home/airflow/.local/lib/python3.10/site-packages/airflow/example_dags/example_bash_operator.py
[2025-06-27T00:02:06.225+0000] {logging_mixin.py:188} INFO - [2025-06-27T00:02:06.225+0000] {dagbag.py:337} DEBUG - Importing /home/airflow/.local/lib/python3.10/site-packages/airflow/example_dags/example_bash_operator.py
[2025-06-27T00:02:06.237+0000] {logging_mixin.py:188} INFO - [2025-06-27T00:02:06.236+0000] {GetText.py:65} DEBUG - /home/airflow/.local/lib/python3.10/site-packages/cron_descriptor/locale/en_US.mo Loaded
[2025-06-27T00:02:06.270+0000] {logging_mixin.py:188} INFO - [2025-06-27T00:02:06.267+0000] {dagbag.py:511} DEBUG - Loaded DAG <DAG: example_bash_operator>
[2025-06-27T00:02:06.273+0000] {logging_mixin.py:188} INFO - [2025-06-27T00:02:06.272+0000] {dagbag.py:511} DEBUG - Loaded DAG <DAG: example_bash_operator>
[2025-06-27T00:02:06.274+0000] {processor.py:840} INFO - DAG(s) 'example_bash_operator' retrieved from /home/airflow/.local/lib/python3.10/site-packages/airflow/example_dags/example_bash_operator.py
[2025-06-27T00:02:06.285+0000] {logging_mixin.py:188} INFO - [2025-06-27T00:02:06.285+0000] {dagbag.py:667} DEBUG - Running dagbag.sync_to_db with retries. Try 1 of 3
[2025-06-27T00:02:06.290+0000] {logging_mixin.py:188} INFO - [2025-06-27T00:02:06.289+0000] {dagbag.py:672} DEBUG - Calling the DAG.bulk_sync_to_db method
[2025-06-27T00:02:06.322+0000] {logging_mixin.py:188} INFO - [2025-06-27T00:02:06.322+0000] {serialized_dag.py:166} DEBUG - Checking if DAG (example_bash_operator) changed
[2025-06-27T00:02:06.336+0000] {logging_mixin.py:188} INFO - [2025-06-27T00:02:06.335+0000] {serialized_objects.py:624} DEBUG - Cast type <class 'airflow.models.param.ParamsDict'> to str in serialization.
[2025-06-27T00:02:06.341+0000] {logging_mixin.py:188} INFO - [2025-06-27T00:02:06.341+0000] {serialized_objects.py:624} DEBUG - Cast type <class 'airflow.models.param.ParamsDict'> to str in serialization.
[2025-06-27T00:02:06.346+0000] {logging_mixin.py:188} INFO - [2025-06-27T00:02:06.346+0000] {serialized_objects.py:624} DEBUG - Cast type <class 'airflow.models.param.ParamsDict'> to str in serialization.
[2025-06-27T00:02:06.350+0000] {logging_mixin.py:188} INFO - [2025-06-27T00:02:06.350+0000] {serialized_objects.py:624} DEBUG - Cast type <class 'airflow.models.param.ParamsDict'> to str in serialization.
[2025-06-27T00:02:06.354+0000] {logging_mixin.py:188} INFO - [2025-06-27T00:02:06.354+0000] {serialized_objects.py:624} DEBUG - Cast type <class 'airflow.models.param.ParamsDict'> to str in serialization.
[2025-06-27T00:02:06.357+0000] {logging_mixin.py:188} INFO - [2025-06-27T00:02:06.357+0000] {serialized_objects.py:624} DEBUG - Cast type <class 'airflow.models.param.ParamsDict'> to str in serialization.
[2025-06-27T00:02:06.361+0000] {logging_mixin.py:188} INFO - [2025-06-27T00:02:06.361+0000] {serialized_objects.py:624} DEBUG - Cast type <class 'airflow.models.param.ParamsDict'> to str in serialization.
[2025-06-27T00:02:06.372+0000] {logging_mixin.py:188} INFO - [2025-06-27T00:02:06.371+0000] {serialized_dag.py:177} DEBUG - Serialized DAG (example_bash_operator) is unchanged. Skipping writing to DB
[2025-06-27T00:02:06.374+0000] {logging_mixin.py:188} INFO - [2025-06-27T00:02:06.373+0000] {dag.py:3096} INFO - Sync 1 DAGs
[2025-06-27T00:02:06.414+0000] {logging_mixin.py:188} INFO - [2025-06-27T00:02:06.414+0000] {dag.py:3954} INFO - Setting next_dagrun for example_bash_operator to 2025-06-26 00:00:00+00:00, run_after=2025-06-27 00:00:00+00:00
[2025-06-27T00:02:06.450+0000] {processor.py:183} INFO - Processing /home/airflow/.local/lib/python3.10/site-packages/airflow/example_dags/example_bash_operator.py took 0.254 seconds
[2025-06-27T00:02:36.593+0000] {logging_mixin.py:188} INFO - [2025-06-27T00:02:36.592+0000] {settings.py:250} DEBUG - Setting up DB connection pool (PID 11141)
[2025-06-27T00:02:36.595+0000] {logging_mixin.py:188} INFO - [2025-06-27T00:02:36.594+0000] {settings.py:330} DEBUG - settings.prepare_engine_args(): Using pool settings. pool_size=5, max_overflow=10, pool_recycle=1800, pid=11141
[2025-06-27T00:02:36.604+0000] {processor.py:161} INFO - Started process (PID=11141) to work on /home/airflow/.local/lib/python3.10/site-packages/airflow/example_dags/example_bash_operator.py
[2025-06-27T00:02:36.606+0000] {processor.py:830} INFO - Processing file /home/airflow/.local/lib/python3.10/site-packages/airflow/example_dags/example_bash_operator.py for tasks to queue
[2025-06-27T00:02:36.607+0000] {logging_mixin.py:188} INFO - [2025-06-27T00:02:36.607+0000] {dagbag.py:545} INFO - Filling up the DagBag from /home/airflow/.local/lib/python3.10/site-packages/airflow/example_dags/example_bash_operator.py
[2025-06-27T00:02:36.610+0000] {logging_mixin.py:188} INFO - [2025-06-27T00:02:36.609+0000] {dagbag.py:337} DEBUG - Importing /home/airflow/.local/lib/python3.10/site-packages/airflow/example_dags/example_bash_operator.py
[2025-06-27T00:02:36.615+0000] {logging_mixin.py:188} INFO - [2025-06-27T00:02:36.615+0000] {GetText.py:65} DEBUG - /home/airflow/.local/lib/python3.10/site-packages/cron_descriptor/locale/en_US.mo Loaded
[2025-06-27T00:02:36.627+0000] {logging_mixin.py:188} INFO - [2025-06-27T00:02:36.626+0000] {dagbag.py:511} DEBUG - Loaded DAG <DAG: example_bash_operator>
[2025-06-27T00:02:36.629+0000] {logging_mixin.py:188} INFO - [2025-06-27T00:02:36.629+0000] {dagbag.py:511} DEBUG - Loaded DAG <DAG: example_bash_operator>
[2025-06-27T00:02:36.630+0000] {processor.py:840} INFO - DAG(s) 'example_bash_operator' retrieved from /home/airflow/.local/lib/python3.10/site-packages/airflow/example_dags/example_bash_operator.py
[2025-06-27T00:02:36.632+0000] {logging_mixin.py:188} INFO - [2025-06-27T00:02:36.631+0000] {dagbag.py:667} DEBUG - Running dagbag.sync_to_db with retries. Try 1 of 3
[2025-06-27T00:02:36.632+0000] {logging_mixin.py:188} INFO - [2025-06-27T00:02:36.632+0000] {dagbag.py:672} DEBUG - Calling the DAG.bulk_sync_to_db method
[2025-06-27T00:02:36.658+0000] {logging_mixin.py:188} INFO - [2025-06-27T00:02:36.658+0000] {serialized_dag.py:166} DEBUG - Checking if DAG (example_bash_operator) changed
[2025-06-27T00:02:36.666+0000] {logging_mixin.py:188} INFO - [2025-06-27T00:02:36.665+0000] {serialized_objects.py:624} DEBUG - Cast type <class 'airflow.models.param.ParamsDict'> to str in serialization.
[2025-06-27T00:02:36.670+0000] {logging_mixin.py:188} INFO - [2025-06-27T00:02:36.669+0000] {serialized_objects.py:624} DEBUG - Cast type <class 'airflow.models.param.ParamsDict'> to str in serialization.
[2025-06-27T00:02:36.672+0000] {logging_mixin.py:188} INFO - [2025-06-27T00:02:36.672+0000] {serialized_objects.py:624} DEBUG - Cast type <class 'airflow.models.param.ParamsDict'> to str in serialization.
[2025-06-27T00:02:36.675+0000] {logging_mixin.py:188} INFO - [2025-06-27T00:02:36.675+0000] {serialized_objects.py:624} DEBUG - Cast type <class 'airflow.models.param.ParamsDict'> to str in serialization.
[2025-06-27T00:02:36.677+0000] {logging_mixin.py:188} INFO - [2025-06-27T00:02:36.677+0000] {serialized_objects.py:624} DEBUG - Cast type <class 'airflow.models.param.ParamsDict'> to str in serialization.
[2025-06-27T00:02:36.680+0000] {logging_mixin.py:188} INFO - [2025-06-27T00:02:36.679+0000] {serialized_objects.py:624} DEBUG - Cast type <class 'airflow.models.param.ParamsDict'> to str in serialization.
[2025-06-27T00:02:36.682+0000] {logging_mixin.py:188} INFO - [2025-06-27T00:02:36.682+0000] {serialized_objects.py:624} DEBUG - Cast type <class 'airflow.models.param.ParamsDict'> to str in serialization.
[2025-06-27T00:02:36.690+0000] {logging_mixin.py:188} INFO - [2025-06-27T00:02:36.690+0000] {serialized_dag.py:177} DEBUG - Serialized DAG (example_bash_operator) is unchanged. Skipping writing to DB
[2025-06-27T00:02:36.691+0000] {logging_mixin.py:188} INFO - [2025-06-27T00:02:36.691+0000] {dag.py:3096} INFO - Sync 1 DAGs
[2025-06-27T00:02:36.722+0000] {logging_mixin.py:188} INFO - [2025-06-27T00:02:36.721+0000] {dag.py:3954} INFO - Setting next_dagrun for example_bash_operator to 2025-06-26 00:00:00+00:00, run_after=2025-06-27 00:00:00+00:00
[2025-06-27T00:02:36.781+0000] {processor.py:183} INFO - Processing /home/airflow/.local/lib/python3.10/site-packages/airflow/example_dags/example_bash_operator.py took 0.190 seconds
[2025-06-27T00:03:07.469+0000] {logging_mixin.py:188} INFO - [2025-06-27T00:03:07.467+0000] {settings.py:250} DEBUG - Setting up DB connection pool (PID 11204)
[2025-06-27T00:03:07.471+0000] {logging_mixin.py:188} INFO - [2025-06-27T00:03:07.471+0000] {settings.py:330} DEBUG - settings.prepare_engine_args(): Using pool settings. pool_size=5, max_overflow=10, pool_recycle=1800, pid=11204
[2025-06-27T00:03:07.483+0000] {processor.py:161} INFO - Started process (PID=11204) to work on /home/airflow/.local/lib/python3.10/site-packages/airflow/example_dags/example_bash_operator.py
[2025-06-27T00:03:07.485+0000] {processor.py:830} INFO - Processing file /home/airflow/.local/lib/python3.10/site-packages/airflow/example_dags/example_bash_operator.py for tasks to queue
[2025-06-27T00:03:07.486+0000] {logging_mixin.py:188} INFO - [2025-06-27T00:03:07.486+0000] {dagbag.py:545} INFO - Filling up the DagBag from /home/airflow/.local/lib/python3.10/site-packages/airflow/example_dags/example_bash_operator.py
[2025-06-27T00:03:07.489+0000] {logging_mixin.py:188} INFO - [2025-06-27T00:03:07.489+0000] {dagbag.py:337} DEBUG - Importing /home/airflow/.local/lib/python3.10/site-packages/airflow/example_dags/example_bash_operator.py
[2025-06-27T00:03:07.496+0000] {logging_mixin.py:188} INFO - [2025-06-27T00:03:07.494+0000] {GetText.py:65} DEBUG - /home/airflow/.local/lib/python3.10/site-packages/cron_descriptor/locale/en_US.mo Loaded
[2025-06-27T00:03:07.514+0000] {logging_mixin.py:188} INFO - [2025-06-27T00:03:07.512+0000] {dagbag.py:511} DEBUG - Loaded DAG <DAG: example_bash_operator>
[2025-06-27T00:03:07.517+0000] {logging_mixin.py:188} INFO - [2025-06-27T00:03:07.516+0000] {dagbag.py:511} DEBUG - Loaded DAG <DAG: example_bash_operator>
[2025-06-27T00:03:07.518+0000] {processor.py:840} INFO - DAG(s) 'example_bash_operator' retrieved from /home/airflow/.local/lib/python3.10/site-packages/airflow/example_dags/example_bash_operator.py
[2025-06-27T00:03:07.521+0000] {logging_mixin.py:188} INFO - [2025-06-27T00:03:07.520+0000] {dagbag.py:667} DEBUG - Running dagbag.sync_to_db with retries. Try 1 of 3
[2025-06-27T00:03:07.521+0000] {logging_mixin.py:188} INFO - [2025-06-27T00:03:07.521+0000] {dagbag.py:672} DEBUG - Calling the DAG.bulk_sync_to_db method
[2025-06-27T00:03:07.548+0000] {logging_mixin.py:188} INFO - [2025-06-27T00:03:07.547+0000] {serialized_dag.py:166} DEBUG - Checking if DAG (example_bash_operator) changed
[2025-06-27T00:03:07.554+0000] {logging_mixin.py:188} INFO - [2025-06-27T00:03:07.554+0000] {serialized_objects.py:624} DEBUG - Cast type <class 'airflow.models.param.ParamsDict'> to str in serialization.
[2025-06-27T00:03:07.560+0000] {logging_mixin.py:188} INFO - [2025-06-27T00:03:07.559+0000] {serialized_objects.py:624} DEBUG - Cast type <class 'airflow.models.param.ParamsDict'> to str in serialization.
[2025-06-27T00:03:07.563+0000] {logging_mixin.py:188} INFO - [2025-06-27T00:03:07.562+0000] {serialized_objects.py:624} DEBUG - Cast type <class 'airflow.models.param.ParamsDict'> to str in serialization.
[2025-06-27T00:03:07.565+0000] {logging_mixin.py:188} INFO - [2025-06-27T00:03:07.565+0000] {serialized_objects.py:624} DEBUG - Cast type <class 'airflow.models.param.ParamsDict'> to str in serialization.
[2025-06-27T00:03:07.567+0000] {logging_mixin.py:188} INFO - [2025-06-27T00:03:07.567+0000] {serialized_objects.py:624} DEBUG - Cast type <class 'airflow.models.param.ParamsDict'> to str in serialization.
[2025-06-27T00:03:07.569+0000] {logging_mixin.py:188} INFO - [2025-06-27T00:03:07.569+0000] {serialized_objects.py:624} DEBUG - Cast type <class 'airflow.models.param.ParamsDict'> to str in serialization.
[2025-06-27T00:03:07.571+0000] {logging_mixin.py:188} INFO - [2025-06-27T00:03:07.571+0000] {serialized_objects.py:624} DEBUG - Cast type <class 'airflow.models.param.ParamsDict'> to str in serialization.
[2025-06-27T00:03:07.581+0000] {logging_mixin.py:188} INFO - [2025-06-27T00:03:07.580+0000] {serialized_dag.py:177} DEBUG - Serialized DAG (example_bash_operator) is unchanged. Skipping writing to DB
[2025-06-27T00:03:07.582+0000] {logging_mixin.py:188} INFO - [2025-06-27T00:03:07.582+0000] {dag.py:3096} INFO - Sync 1 DAGs
[2025-06-27T00:03:07.609+0000] {logging_mixin.py:188} INFO - [2025-06-27T00:03:07.609+0000] {dag.py:3954} INFO - Setting next_dagrun for example_bash_operator to 2025-06-26 00:00:00+00:00, run_after=2025-06-27 00:00:00+00:00
[2025-06-27T00:03:07.636+0000] {processor.py:183} INFO - Processing /home/airflow/.local/lib/python3.10/site-packages/airflow/example_dags/example_bash_operator.py took 0.169 seconds
[2025-06-27T00:03:37.744+0000] {logging_mixin.py:188} INFO - [2025-06-27T00:03:37.743+0000] {settings.py:250} DEBUG - Setting up DB connection pool (PID 11267)
[2025-06-27T00:03:37.746+0000] {logging_mixin.py:188} INFO - [2025-06-27T00:03:37.746+0000] {settings.py:330} DEBUG - settings.prepare_engine_args(): Using pool settings. pool_size=5, max_overflow=10, pool_recycle=1800, pid=11267
[2025-06-27T00:03:37.755+0000] {processor.py:161} INFO - Started process (PID=11267) to work on /home/airflow/.local/lib/python3.10/site-packages/airflow/example_dags/example_bash_operator.py
[2025-06-27T00:03:37.757+0000] {processor.py:830} INFO - Processing file /home/airflow/.local/lib/python3.10/site-packages/airflow/example_dags/example_bash_operator.py for tasks to queue
[2025-06-27T00:03:37.758+0000] {logging_mixin.py:188} INFO - [2025-06-27T00:03:37.758+0000] {dagbag.py:545} INFO - Filling up the DagBag from /home/airflow/.local/lib/python3.10/site-packages/airflow/example_dags/example_bash_operator.py
[2025-06-27T00:03:37.760+0000] {logging_mixin.py:188} INFO - [2025-06-27T00:03:37.760+0000] {dagbag.py:337} DEBUG - Importing /home/airflow/.local/lib/python3.10/site-packages/airflow/example_dags/example_bash_operator.py
[2025-06-27T00:03:37.766+0000] {logging_mixin.py:188} INFO - [2025-06-27T00:03:37.766+0000] {GetText.py:65} DEBUG - /home/airflow/.local/lib/python3.10/site-packages/cron_descriptor/locale/en_US.mo Loaded
[2025-06-27T00:03:37.779+0000] {logging_mixin.py:188} INFO - [2025-06-27T00:03:37.777+0000] {dagbag.py:511} DEBUG - Loaded DAG <DAG: example_bash_operator>
[2025-06-27T00:03:37.781+0000] {logging_mixin.py:188} INFO - [2025-06-27T00:03:37.781+0000] {dagbag.py:511} DEBUG - Loaded DAG <DAG: example_bash_operator>
[2025-06-27T00:03:37.782+0000] {processor.py:840} INFO - DAG(s) 'example_bash_operator' retrieved from /home/airflow/.local/lib/python3.10/site-packages/airflow/example_dags/example_bash_operator.py
[2025-06-27T00:03:37.784+0000] {logging_mixin.py:188} INFO - [2025-06-27T00:03:37.783+0000] {dagbag.py:667} DEBUG - Running dagbag.sync_to_db with retries. Try 1 of 3
[2025-06-27T00:03:37.784+0000] {logging_mixin.py:188} INFO - [2025-06-27T00:03:37.784+0000] {dagbag.py:672} DEBUG - Calling the DAG.bulk_sync_to_db method
[2025-06-27T00:03:37.806+0000] {logging_mixin.py:188} INFO - [2025-06-27T00:03:37.806+0000] {serialized_dag.py:166} DEBUG - Checking if DAG (example_bash_operator) changed
[2025-06-27T00:03:37.811+0000] {logging_mixin.py:188} INFO - [2025-06-27T00:03:37.810+0000] {serialized_objects.py:624} DEBUG - Cast type <class 'airflow.models.param.ParamsDict'> to str in serialization.
[2025-06-27T00:03:37.815+0000] {logging_mixin.py:188} INFO - [2025-06-27T00:03:37.815+0000] {serialized_objects.py:624} DEBUG - Cast type <class 'airflow.models.param.ParamsDict'> to str in serialization.
[2025-06-27T00:03:37.818+0000] {logging_mixin.py:188} INFO - [2025-06-27T00:03:37.818+0000] {serialized_objects.py:624} DEBUG - Cast type <class 'airflow.models.param.ParamsDict'> to str in serialization.
[2025-06-27T00:03:37.824+0000] {logging_mixin.py:188} INFO - [2025-06-27T00:03:37.823+0000] {serialized_objects.py:624} DEBUG - Cast type <class 'airflow.models.param.ParamsDict'> to str in serialization.
[2025-06-27T00:03:37.828+0000] {logging_mixin.py:188} INFO - [2025-06-27T00:03:37.828+0000] {serialized_objects.py:624} DEBUG - Cast type <class 'airflow.models.param.ParamsDict'> to str in serialization.
[2025-06-27T00:03:37.831+0000] {logging_mixin.py:188} INFO - [2025-06-27T00:03:37.831+0000] {serialized_objects.py:624} DEBUG - Cast type <class 'airflow.models.param.ParamsDict'> to str in serialization.
[2025-06-27T00:03:37.835+0000] {logging_mixin.py:188} INFO - [2025-06-27T00:03:37.835+0000] {serialized_objects.py:624} DEBUG - Cast type <class 'airflow.models.param.ParamsDict'> to str in serialization.
[2025-06-27T00:03:37.844+0000] {logging_mixin.py:188} INFO - [2025-06-27T00:03:37.844+0000] {serialized_dag.py:177} DEBUG - Serialized DAG (example_bash_operator) is unchanged. Skipping writing to DB
[2025-06-27T00:03:37.845+0000] {logging_mixin.py:188} INFO - [2025-06-27T00:03:37.845+0000] {dag.py:3096} INFO - Sync 1 DAGs
[2025-06-27T00:03:37.886+0000] {logging_mixin.py:188} INFO - [2025-06-27T00:03:37.885+0000] {dag.py:3954} INFO - Setting next_dagrun for example_bash_operator to 2025-06-26 00:00:00+00:00, run_after=2025-06-27 00:00:00+00:00
[2025-06-27T00:03:37.913+0000] {processor.py:183} INFO - Processing /home/airflow/.local/lib/python3.10/site-packages/airflow/example_dags/example_bash_operator.py took 0.170 seconds
[2025-06-27T00:04:08.323+0000] {logging_mixin.py:188} INFO - [2025-06-27T00:04:08.321+0000] {settings.py:250} DEBUG - Setting up DB connection pool (PID 11330)
[2025-06-27T00:04:08.325+0000] {logging_mixin.py:188} INFO - [2025-06-27T00:04:08.325+0000] {settings.py:330} DEBUG - settings.prepare_engine_args(): Using pool settings. pool_size=5, max_overflow=10, pool_recycle=1800, pid=11330
[2025-06-27T00:04:08.338+0000] {processor.py:161} INFO - Started process (PID=11330) to work on /home/airflow/.local/lib/python3.10/site-packages/airflow/example_dags/example_bash_operator.py
[2025-06-27T00:04:08.340+0000] {processor.py:830} INFO - Processing file /home/airflow/.local/lib/python3.10/site-packages/airflow/example_dags/example_bash_operator.py for tasks to queue
[2025-06-27T00:04:08.341+0000] {logging_mixin.py:188} INFO - [2025-06-27T00:04:08.341+0000] {dagbag.py:545} INFO - Filling up the DagBag from /home/airflow/.local/lib/python3.10/site-packages/airflow/example_dags/example_bash_operator.py
[2025-06-27T00:04:08.344+0000] {logging_mixin.py:188} INFO - [2025-06-27T00:04:08.344+0000] {dagbag.py:337} DEBUG - Importing /home/airflow/.local/lib/python3.10/site-packages/airflow/example_dags/example_bash_operator.py
[2025-06-27T00:04:08.350+0000] {logging_mixin.py:188} INFO - [2025-06-27T00:04:08.349+0000] {GetText.py:65} DEBUG - /home/airflow/.local/lib/python3.10/site-packages/cron_descriptor/locale/en_US.mo Loaded
[2025-06-27T00:04:08.377+0000] {logging_mixin.py:188} INFO - [2025-06-27T00:04:08.373+0000] {dagbag.py:511} DEBUG - Loaded DAG <DAG: example_bash_operator>
[2025-06-27T00:04:08.379+0000] {logging_mixin.py:188} INFO - [2025-06-27T00:04:08.379+0000] {dagbag.py:511} DEBUG - Loaded DAG <DAG: example_bash_operator>
[2025-06-27T00:04:08.380+0000] {processor.py:840} INFO - DAG(s) 'example_bash_operator' retrieved from /home/airflow/.local/lib/python3.10/site-packages/airflow/example_dags/example_bash_operator.py
[2025-06-27T00:04:08.383+0000] {logging_mixin.py:188} INFO - [2025-06-27T00:04:08.382+0000] {dagbag.py:667} DEBUG - Running dagbag.sync_to_db with retries. Try 1 of 3
[2025-06-27T00:04:08.384+0000] {logging_mixin.py:188} INFO - [2025-06-27T00:04:08.384+0000] {dagbag.py:672} DEBUG - Calling the DAG.bulk_sync_to_db method
[2025-06-27T00:04:08.409+0000] {logging_mixin.py:188} INFO - [2025-06-27T00:04:08.408+0000] {serialized_dag.py:166} DEBUG - Checking if DAG (example_bash_operator) changed
[2025-06-27T00:04:08.416+0000] {logging_mixin.py:188} INFO - [2025-06-27T00:04:08.416+0000] {serialized_objects.py:624} DEBUG - Cast type <class 'airflow.models.param.ParamsDict'> to str in serialization.
[2025-06-27T00:04:08.420+0000] {logging_mixin.py:188} INFO - [2025-06-27T00:04:08.420+0000] {serialized_objects.py:624} DEBUG - Cast type <class 'airflow.models.param.ParamsDict'> to str in serialization.
[2025-06-27T00:04:08.424+0000] {logging_mixin.py:188} INFO - [2025-06-27T00:04:08.423+0000] {serialized_objects.py:624} DEBUG - Cast type <class 'airflow.models.param.ParamsDict'> to str in serialization.
[2025-06-27T00:04:08.426+0000] {logging_mixin.py:188} INFO - [2025-06-27T00:04:08.426+0000] {serialized_objects.py:624} DEBUG - Cast type <class 'airflow.models.param.ParamsDict'> to str in serialization.
[2025-06-27T00:04:08.430+0000] {logging_mixin.py:188} INFO - [2025-06-27T00:04:08.429+0000] {serialized_objects.py:624} DEBUG - Cast type <class 'airflow.models.param.ParamsDict'> to str in serialization.
[2025-06-27T00:04:08.432+0000] {logging_mixin.py:188} INFO - [2025-06-27T00:04:08.432+0000] {serialized_objects.py:624} DEBUG - Cast type <class 'airflow.models.param.ParamsDict'> to str in serialization.
[2025-06-27T00:04:08.435+0000] {logging_mixin.py:188} INFO - [2025-06-27T00:04:08.435+0000] {serialized_objects.py:624} DEBUG - Cast type <class 'airflow.models.param.ParamsDict'> to str in serialization.
[2025-06-27T00:04:08.446+0000] {logging_mixin.py:188} INFO - [2025-06-27T00:04:08.446+0000] {serialized_dag.py:177} DEBUG - Serialized DAG (example_bash_operator) is unchanged. Skipping writing to DB
[2025-06-27T00:04:08.448+0000] {logging_mixin.py:188} INFO - [2025-06-27T00:04:08.447+0000] {dag.py:3096} INFO - Sync 1 DAGs
[2025-06-27T00:04:08.481+0000] {logging_mixin.py:188} INFO - [2025-06-27T00:04:08.481+0000] {dag.py:3954} INFO - Setting next_dagrun for example_bash_operator to 2025-06-26 00:00:00+00:00, run_after=2025-06-27 00:00:00+00:00
[2025-06-27T00:04:08.515+0000] {processor.py:183} INFO - Processing /home/airflow/.local/lib/python3.10/site-packages/airflow/example_dags/example_bash_operator.py took 0.194 seconds
[2025-06-27T00:04:38.919+0000] {logging_mixin.py:188} INFO - [2025-06-27T00:04:38.918+0000] {settings.py:250} DEBUG - Setting up DB connection pool (PID 11393)
[2025-06-27T00:04:38.922+0000] {logging_mixin.py:188} INFO - [2025-06-27T00:04:38.921+0000] {settings.py:330} DEBUG - settings.prepare_engine_args(): Using pool settings. pool_size=5, max_overflow=10, pool_recycle=1800, pid=11393
[2025-06-27T00:04:38.937+0000] {processor.py:161} INFO - Started process (PID=11393) to work on /home/airflow/.local/lib/python3.10/site-packages/airflow/example_dags/example_bash_operator.py
[2025-06-27T00:04:38.939+0000] {processor.py:830} INFO - Processing file /home/airflow/.local/lib/python3.10/site-packages/airflow/example_dags/example_bash_operator.py for tasks to queue
[2025-06-27T00:04:38.940+0000] {logging_mixin.py:188} INFO - [2025-06-27T00:04:38.940+0000] {dagbag.py:545} INFO - Filling up the DagBag from /home/airflow/.local/lib/python3.10/site-packages/airflow/example_dags/example_bash_operator.py
[2025-06-27T00:04:38.943+0000] {logging_mixin.py:188} INFO - [2025-06-27T00:04:38.943+0000] {dagbag.py:337} DEBUG - Importing /home/airflow/.local/lib/python3.10/site-packages/airflow/example_dags/example_bash_operator.py
[2025-06-27T00:04:38.952+0000] {logging_mixin.py:188} INFO - [2025-06-27T00:04:38.951+0000] {GetText.py:65} DEBUG - /home/airflow/.local/lib/python3.10/site-packages/cron_descriptor/locale/en_US.mo Loaded
[2025-06-27T00:04:38.967+0000] {logging_mixin.py:188} INFO - [2025-06-27T00:04:38.965+0000] {dagbag.py:511} DEBUG - Loaded DAG <DAG: example_bash_operator>
[2025-06-27T00:04:38.970+0000] {logging_mixin.py:188} INFO - [2025-06-27T00:04:38.969+0000] {dagbag.py:511} DEBUG - Loaded DAG <DAG: example_bash_operator>
[2025-06-27T00:04:38.970+0000] {processor.py:840} INFO - DAG(s) 'example_bash_operator' retrieved from /home/airflow/.local/lib/python3.10/site-packages/airflow/example_dags/example_bash_operator.py
[2025-06-27T00:04:38.972+0000] {logging_mixin.py:188} INFO - [2025-06-27T00:04:38.972+0000] {dagbag.py:667} DEBUG - Running dagbag.sync_to_db with retries. Try 1 of 3
[2025-06-27T00:04:38.973+0000] {logging_mixin.py:188} INFO - [2025-06-27T00:04:38.973+0000] {dagbag.py:672} DEBUG - Calling the DAG.bulk_sync_to_db method
[2025-06-27T00:04:38.999+0000] {logging_mixin.py:188} INFO - [2025-06-27T00:04:38.998+0000] {serialized_dag.py:166} DEBUG - Checking if DAG (example_bash_operator) changed
[2025-06-27T00:04:39.006+0000] {logging_mixin.py:188} INFO - [2025-06-27T00:04:39.006+0000] {serialized_objects.py:624} DEBUG - Cast type <class 'airflow.models.param.ParamsDict'> to str in serialization.
[2025-06-27T00:04:39.011+0000] {logging_mixin.py:188} INFO - [2025-06-27T00:04:39.011+0000] {serialized_objects.py:624} DEBUG - Cast type <class 'airflow.models.param.ParamsDict'> to str in serialization.
[2025-06-27T00:04:39.014+0000] {logging_mixin.py:188} INFO - [2025-06-27T00:04:39.014+0000] {serialized_objects.py:624} DEBUG - Cast type <class 'airflow.models.param.ParamsDict'> to str in serialization.
[2025-06-27T00:04:39.017+0000] {logging_mixin.py:188} INFO - [2025-06-27T00:04:39.017+0000] {serialized_objects.py:624} DEBUG - Cast type <class 'airflow.models.param.ParamsDict'> to str in serialization.
[2025-06-27T00:04:39.020+0000] {logging_mixin.py:188} INFO - [2025-06-27T00:04:39.020+0000] {serialized_objects.py:624} DEBUG - Cast type <class 'airflow.models.param.ParamsDict'> to str in serialization.
[2025-06-27T00:04:39.023+0000] {logging_mixin.py:188} INFO - [2025-06-27T00:04:39.023+0000] {serialized_objects.py:624} DEBUG - Cast type <class 'airflow.models.param.ParamsDict'> to str in serialization.
[2025-06-27T00:04:39.026+0000] {logging_mixin.py:188} INFO - [2025-06-27T00:04:39.026+0000] {serialized_objects.py:624} DEBUG - Cast type <class 'airflow.models.param.ParamsDict'> to str in serialization.
[2025-06-27T00:04:39.038+0000] {logging_mixin.py:188} INFO - [2025-06-27T00:04:39.038+0000] {serialized_dag.py:177} DEBUG - Serialized DAG (example_bash_operator) is unchanged. Skipping writing to DB
[2025-06-27T00:04:39.040+0000] {logging_mixin.py:188} INFO - [2025-06-27T00:04:39.039+0000] {dag.py:3096} INFO - Sync 1 DAGs
[2025-06-27T00:04:39.075+0000] {logging_mixin.py:188} INFO - [2025-06-27T00:04:39.075+0000] {dag.py:3954} INFO - Setting next_dagrun for example_bash_operator to 2025-06-26 00:00:00+00:00, run_after=2025-06-27 00:00:00+00:00
[2025-06-27T00:04:39.108+0000] {processor.py:183} INFO - Processing /home/airflow/.local/lib/python3.10/site-packages/airflow/example_dags/example_bash_operator.py took 0.190 seconds
[2025-06-27T00:05:09.646+0000] {logging_mixin.py:188} INFO - [2025-06-27T00:05:09.645+0000] {settings.py:250} DEBUG - Setting up DB connection pool (PID 11456)
[2025-06-27T00:05:09.648+0000] {logging_mixin.py:188} INFO - [2025-06-27T00:05:09.648+0000] {settings.py:330} DEBUG - settings.prepare_engine_args(): Using pool settings. pool_size=5, max_overflow=10, pool_recycle=1800, pid=11456
[2025-06-27T00:05:09.659+0000] {processor.py:161} INFO - Started process (PID=11456) to work on /home/airflow/.local/lib/python3.10/site-packages/airflow/example_dags/example_bash_operator.py
[2025-06-27T00:05:09.660+0000] {processor.py:830} INFO - Processing file /home/airflow/.local/lib/python3.10/site-packages/airflow/example_dags/example_bash_operator.py for tasks to queue
[2025-06-27T00:05:09.662+0000] {logging_mixin.py:188} INFO - [2025-06-27T00:05:09.661+0000] {dagbag.py:545} INFO - Filling up the DagBag from /home/airflow/.local/lib/python3.10/site-packages/airflow/example_dags/example_bash_operator.py
[2025-06-27T00:05:09.663+0000] {logging_mixin.py:188} INFO - [2025-06-27T00:05:09.663+0000] {dagbag.py:337} DEBUG - Importing /home/airflow/.local/lib/python3.10/site-packages/airflow/example_dags/example_bash_operator.py
[2025-06-27T00:05:09.668+0000] {logging_mixin.py:188} INFO - [2025-06-27T00:05:09.668+0000] {GetText.py:65} DEBUG - /home/airflow/.local/lib/python3.10/site-packages/cron_descriptor/locale/en_US.mo Loaded
[2025-06-27T00:05:09.681+0000] {logging_mixin.py:188} INFO - [2025-06-27T00:05:09.679+0000] {dagbag.py:511} DEBUG - Loaded DAG <DAG: example_bash_operator>
[2025-06-27T00:05:09.684+0000] {logging_mixin.py:188} INFO - [2025-06-27T00:05:09.683+0000] {dagbag.py:511} DEBUG - Loaded DAG <DAG: example_bash_operator>
[2025-06-27T00:05:09.686+0000] {processor.py:840} INFO - DAG(s) 'example_bash_operator' retrieved from /home/airflow/.local/lib/python3.10/site-packages/airflow/example_dags/example_bash_operator.py
[2025-06-27T00:05:09.688+0000] {logging_mixin.py:188} INFO - [2025-06-27T00:05:09.688+0000] {dagbag.py:667} DEBUG - Running dagbag.sync_to_db with retries. Try 1 of 3
[2025-06-27T00:05:09.689+0000] {logging_mixin.py:188} INFO - [2025-06-27T00:05:09.689+0000] {dagbag.py:672} DEBUG - Calling the DAG.bulk_sync_to_db method
[2025-06-27T00:05:09.711+0000] {logging_mixin.py:188} INFO - [2025-06-27T00:05:09.710+0000] {serialized_dag.py:166} DEBUG - Checking if DAG (example_bash_operator) changed
[2025-06-27T00:05:09.717+0000] {logging_mixin.py:188} INFO - [2025-06-27T00:05:09.716+0000] {serialized_objects.py:624} DEBUG - Cast type <class 'airflow.models.param.ParamsDict'> to str in serialization.
[2025-06-27T00:05:09.720+0000] {logging_mixin.py:188} INFO - [2025-06-27T00:05:09.720+0000] {serialized_objects.py:624} DEBUG - Cast type <class 'airflow.models.param.ParamsDict'> to str in serialization.
[2025-06-27T00:05:09.723+0000] {logging_mixin.py:188} INFO - [2025-06-27T00:05:09.723+0000] {serialized_objects.py:624} DEBUG - Cast type <class 'airflow.models.param.ParamsDict'> to str in serialization.
[2025-06-27T00:05:09.726+0000] {logging_mixin.py:188} INFO - [2025-06-27T00:05:09.725+0000] {serialized_objects.py:624} DEBUG - Cast type <class 'airflow.models.param.ParamsDict'> to str in serialization.
[2025-06-27T00:05:09.729+0000] {logging_mixin.py:188} INFO - [2025-06-27T00:05:09.728+0000] {serialized_objects.py:624} DEBUG - Cast type <class 'airflow.models.param.ParamsDict'> to str in serialization.
[2025-06-27T00:05:09.731+0000] {logging_mixin.py:188} INFO - [2025-06-27T00:05:09.731+0000] {serialized_objects.py:624} DEBUG - Cast type <class 'airflow.models.param.ParamsDict'> to str in serialization.
[2025-06-27T00:05:09.733+0000] {logging_mixin.py:188} INFO - [2025-06-27T00:05:09.733+0000] {serialized_objects.py:624} DEBUG - Cast type <class 'airflow.models.param.ParamsDict'> to str in serialization.
[2025-06-27T00:05:09.740+0000] {logging_mixin.py:188} INFO - [2025-06-27T00:05:09.740+0000] {serialized_dag.py:177} DEBUG - Serialized DAG (example_bash_operator) is unchanged. Skipping writing to DB
[2025-06-27T00:05:09.741+0000] {logging_mixin.py:188} INFO - [2025-06-27T00:05:09.741+0000] {dag.py:3096} INFO - Sync 1 DAGs
[2025-06-27T00:05:09.769+0000] {logging_mixin.py:188} INFO - [2025-06-27T00:05:09.769+0000] {dag.py:3954} INFO - Setting next_dagrun for example_bash_operator to 2025-06-26 00:00:00+00:00, run_after=2025-06-27 00:00:00+00:00
[2025-06-27T00:05:09.800+0000] {processor.py:183} INFO - Processing /home/airflow/.local/lib/python3.10/site-packages/airflow/example_dags/example_bash_operator.py took 0.156 seconds
[2025-06-27T00:05:39.970+0000] {logging_mixin.py:188} INFO - [2025-06-27T00:05:39.969+0000] {settings.py:250} DEBUG - Setting up DB connection pool (PID 11519)
[2025-06-27T00:05:39.972+0000] {logging_mixin.py:188} INFO - [2025-06-27T00:05:39.972+0000] {settings.py:330} DEBUG - settings.prepare_engine_args(): Using pool settings. pool_size=5, max_overflow=10, pool_recycle=1800, pid=11519
[2025-06-27T00:05:39.984+0000] {processor.py:161} INFO - Started process (PID=11519) to work on /home/airflow/.local/lib/python3.10/site-packages/airflow/example_dags/example_bash_operator.py
[2025-06-27T00:05:39.986+0000] {processor.py:830} INFO - Processing file /home/airflow/.local/lib/python3.10/site-packages/airflow/example_dags/example_bash_operator.py for tasks to queue
[2025-06-27T00:05:39.987+0000] {logging_mixin.py:188} INFO - [2025-06-27T00:05:39.987+0000] {dagbag.py:545} INFO - Filling up the DagBag from /home/airflow/.local/lib/python3.10/site-packages/airflow/example_dags/example_bash_operator.py
[2025-06-27T00:05:39.990+0000] {logging_mixin.py:188} INFO - [2025-06-27T00:05:39.990+0000] {dagbag.py:337} DEBUG - Importing /home/airflow/.local/lib/python3.10/site-packages/airflow/example_dags/example_bash_operator.py
[2025-06-27T00:05:39.998+0000] {logging_mixin.py:188} INFO - [2025-06-27T00:05:39.998+0000] {GetText.py:65} DEBUG - /home/airflow/.local/lib/python3.10/site-packages/cron_descriptor/locale/en_US.mo Loaded
[2025-06-27T00:05:40.018+0000] {logging_mixin.py:188} INFO - [2025-06-27T00:05:40.015+0000] {dagbag.py:511} DEBUG - Loaded DAG <DAG: example_bash_operator>
[2025-06-27T00:05:40.021+0000] {logging_mixin.py:188} INFO - [2025-06-27T00:05:40.020+0000] {dagbag.py:511} DEBUG - Loaded DAG <DAG: example_bash_operator>
[2025-06-27T00:05:40.022+0000] {processor.py:840} INFO - DAG(s) 'example_bash_operator' retrieved from /home/airflow/.local/lib/python3.10/site-packages/airflow/example_dags/example_bash_operator.py
[2025-06-27T00:05:40.027+0000] {logging_mixin.py:188} INFO - [2025-06-27T00:05:40.026+0000] {dagbag.py:667} DEBUG - Running dagbag.sync_to_db with retries. Try 1 of 3
[2025-06-27T00:05:40.028+0000] {logging_mixin.py:188} INFO - [2025-06-27T00:05:40.028+0000] {dagbag.py:672} DEBUG - Calling the DAG.bulk_sync_to_db method
[2025-06-27T00:05:40.058+0000] {logging_mixin.py:188} INFO - [2025-06-27T00:05:40.058+0000] {serialized_dag.py:166} DEBUG - Checking if DAG (example_bash_operator) changed
[2025-06-27T00:05:40.066+0000] {logging_mixin.py:188} INFO - [2025-06-27T00:05:40.065+0000] {serialized_objects.py:624} DEBUG - Cast type <class 'airflow.models.param.ParamsDict'> to str in serialization.
[2025-06-27T00:05:40.070+0000] {logging_mixin.py:188} INFO - [2025-06-27T00:05:40.070+0000] {serialized_objects.py:624} DEBUG - Cast type <class 'airflow.models.param.ParamsDict'> to str in serialization.
[2025-06-27T00:05:40.073+0000] {logging_mixin.py:188} INFO - [2025-06-27T00:05:40.073+0000] {serialized_objects.py:624} DEBUG - Cast type <class 'airflow.models.param.ParamsDict'> to str in serialization.
[2025-06-27T00:05:40.076+0000] {logging_mixin.py:188} INFO - [2025-06-27T00:05:40.076+0000] {serialized_objects.py:624} DEBUG - Cast type <class 'airflow.models.param.ParamsDict'> to str in serialization.
[2025-06-27T00:05:40.079+0000] {logging_mixin.py:188} INFO - [2025-06-27T00:05:40.078+0000] {serialized_objects.py:624} DEBUG - Cast type <class 'airflow.models.param.ParamsDict'> to str in serialization.
[2025-06-27T00:05:40.082+0000] {logging_mixin.py:188} INFO - [2025-06-27T00:05:40.082+0000] {serialized_objects.py:624} DEBUG - Cast type <class 'airflow.models.param.ParamsDict'> to str in serialization.
[2025-06-27T00:05:40.086+0000] {logging_mixin.py:188} INFO - [2025-06-27T00:05:40.086+0000] {serialized_objects.py:624} DEBUG - Cast type <class 'airflow.models.param.ParamsDict'> to str in serialization.
[2025-06-27T00:05:40.097+0000] {logging_mixin.py:188} INFO - [2025-06-27T00:05:40.096+0000] {serialized_dag.py:177} DEBUG - Serialized DAG (example_bash_operator) is unchanged. Skipping writing to DB
[2025-06-27T00:05:40.098+0000] {logging_mixin.py:188} INFO - [2025-06-27T00:05:40.098+0000] {dag.py:3096} INFO - Sync 1 DAGs
[2025-06-27T00:05:40.148+0000] {logging_mixin.py:188} INFO - [2025-06-27T00:05:40.148+0000] {dag.py:3954} INFO - Setting next_dagrun for example_bash_operator to 2025-06-26 00:00:00+00:00, run_after=2025-06-27 00:00:00+00:00
[2025-06-27T00:05:40.187+0000] {processor.py:183} INFO - Processing /home/airflow/.local/lib/python3.10/site-packages/airflow/example_dags/example_bash_operator.py took 0.219 seconds
[2025-06-27T00:06:10.505+0000] {logging_mixin.py:188} INFO - [2025-06-27T00:06:10.503+0000] {settings.py:250} DEBUG - Setting up DB connection pool (PID 11582)
[2025-06-27T00:06:10.507+0000] {logging_mixin.py:188} INFO - [2025-06-27T00:06:10.506+0000] {settings.py:330} DEBUG - settings.prepare_engine_args(): Using pool settings. pool_size=5, max_overflow=10, pool_recycle=1800, pid=11582
[2025-06-27T00:06:10.517+0000] {processor.py:161} INFO - Started process (PID=11582) to work on /home/airflow/.local/lib/python3.10/site-packages/airflow/example_dags/example_bash_operator.py
[2025-06-27T00:06:10.518+0000] {processor.py:830} INFO - Processing file /home/airflow/.local/lib/python3.10/site-packages/airflow/example_dags/example_bash_operator.py for tasks to queue
[2025-06-27T00:06:10.520+0000] {logging_mixin.py:188} INFO - [2025-06-27T00:06:10.520+0000] {dagbag.py:545} INFO - Filling up the DagBag from /home/airflow/.local/lib/python3.10/site-packages/airflow/example_dags/example_bash_operator.py
[2025-06-27T00:06:10.522+0000] {logging_mixin.py:188} INFO - [2025-06-27T00:06:10.522+0000] {dagbag.py:337} DEBUG - Importing /home/airflow/.local/lib/python3.10/site-packages/airflow/example_dags/example_bash_operator.py
[2025-06-27T00:06:10.527+0000] {logging_mixin.py:188} INFO - [2025-06-27T00:06:10.527+0000] {GetText.py:65} DEBUG - /home/airflow/.local/lib/python3.10/site-packages/cron_descriptor/locale/en_US.mo Loaded
[2025-06-27T00:06:10.541+0000] {logging_mixin.py:188} INFO - [2025-06-27T00:06:10.539+0000] {dagbag.py:511} DEBUG - Loaded DAG <DAG: example_bash_operator>
[2025-06-27T00:06:10.542+0000] {logging_mixin.py:188} INFO - [2025-06-27T00:06:10.542+0000] {dagbag.py:511} DEBUG - Loaded DAG <DAG: example_bash_operator>
[2025-06-27T00:06:10.543+0000] {processor.py:840} INFO - DAG(s) 'example_bash_operator' retrieved from /home/airflow/.local/lib/python3.10/site-packages/airflow/example_dags/example_bash_operator.py
[2025-06-27T00:06:10.545+0000] {logging_mixin.py:188} INFO - [2025-06-27T00:06:10.545+0000] {dagbag.py:667} DEBUG - Running dagbag.sync_to_db with retries. Try 1 of 3
[2025-06-27T00:06:10.546+0000] {logging_mixin.py:188} INFO - [2025-06-27T00:06:10.545+0000] {dagbag.py:672} DEBUG - Calling the DAG.bulk_sync_to_db method
[2025-06-27T00:06:10.566+0000] {logging_mixin.py:188} INFO - [2025-06-27T00:06:10.566+0000] {serialized_dag.py:166} DEBUG - Checking if DAG (example_bash_operator) changed
[2025-06-27T00:06:10.571+0000] {logging_mixin.py:188} INFO - [2025-06-27T00:06:10.571+0000] {serialized_objects.py:624} DEBUG - Cast type <class 'airflow.models.param.ParamsDict'> to str in serialization.
[2025-06-27T00:06:10.574+0000] {logging_mixin.py:188} INFO - [2025-06-27T00:06:10.574+0000] {serialized_objects.py:624} DEBUG - Cast type <class 'airflow.models.param.ParamsDict'> to str in serialization.
[2025-06-27T00:06:10.577+0000] {logging_mixin.py:188} INFO - [2025-06-27T00:06:10.577+0000] {serialized_objects.py:624} DEBUG - Cast type <class 'airflow.models.param.ParamsDict'> to str in serialization.
[2025-06-27T00:06:10.579+0000] {logging_mixin.py:188} INFO - [2025-06-27T00:06:10.579+0000] {serialized_objects.py:624} DEBUG - Cast type <class 'airflow.models.param.ParamsDict'> to str in serialization.
[2025-06-27T00:06:10.582+0000] {logging_mixin.py:188} INFO - [2025-06-27T00:06:10.581+0000] {serialized_objects.py:624} DEBUG - Cast type <class 'airflow.models.param.ParamsDict'> to str in serialization.
[2025-06-27T00:06:10.585+0000] {logging_mixin.py:188} INFO - [2025-06-27T00:06:10.585+0000] {serialized_objects.py:624} DEBUG - Cast type <class 'airflow.models.param.ParamsDict'> to str in serialization.
[2025-06-27T00:06:10.587+0000] {logging_mixin.py:188} INFO - [2025-06-27T00:06:10.587+0000] {serialized_objects.py:624} DEBUG - Cast type <class 'airflow.models.param.ParamsDict'> to str in serialization.
[2025-06-27T00:06:10.594+0000] {logging_mixin.py:188} INFO - [2025-06-27T00:06:10.594+0000] {serialized_dag.py:177} DEBUG - Serialized DAG (example_bash_operator) is unchanged. Skipping writing to DB
[2025-06-27T00:06:10.595+0000] {logging_mixin.py:188} INFO - [2025-06-27T00:06:10.595+0000] {dag.py:3096} INFO - Sync 1 DAGs
[2025-06-27T00:06:10.632+0000] {logging_mixin.py:188} INFO - [2025-06-27T00:06:10.631+0000] {dag.py:3954} INFO - Setting next_dagrun for example_bash_operator to 2025-06-26 00:00:00+00:00, run_after=2025-06-27 00:00:00+00:00
[2025-06-27T00:06:10.660+0000] {processor.py:183} INFO - Processing /home/airflow/.local/lib/python3.10/site-packages/airflow/example_dags/example_bash_operator.py took 0.157 seconds
[2025-06-27T00:06:40.915+0000] {logging_mixin.py:188} INFO - [2025-06-27T00:06:40.913+0000] {settings.py:250} DEBUG - Setting up DB connection pool (PID 11645)
[2025-06-27T00:06:40.916+0000] {logging_mixin.py:188} INFO - [2025-06-27T00:06:40.916+0000] {settings.py:330} DEBUG - settings.prepare_engine_args(): Using pool settings. pool_size=5, max_overflow=10, pool_recycle=1800, pid=11645
[2025-06-27T00:06:40.926+0000] {processor.py:161} INFO - Started process (PID=11645) to work on /home/airflow/.local/lib/python3.10/site-packages/airflow/example_dags/example_bash_operator.py
[2025-06-27T00:06:40.927+0000] {processor.py:830} INFO - Processing file /home/airflow/.local/lib/python3.10/site-packages/airflow/example_dags/example_bash_operator.py for tasks to queue
[2025-06-27T00:06:40.929+0000] {logging_mixin.py:188} INFO - [2025-06-27T00:06:40.929+0000] {dagbag.py:545} INFO - Filling up the DagBag from /home/airflow/.local/lib/python3.10/site-packages/airflow/example_dags/example_bash_operator.py
[2025-06-27T00:06:40.931+0000] {logging_mixin.py:188} INFO - [2025-06-27T00:06:40.931+0000] {dagbag.py:337} DEBUG - Importing /home/airflow/.local/lib/python3.10/site-packages/airflow/example_dags/example_bash_operator.py
[2025-06-27T00:06:40.936+0000] {logging_mixin.py:188} INFO - [2025-06-27T00:06:40.936+0000] {GetText.py:65} DEBUG - /home/airflow/.local/lib/python3.10/site-packages/cron_descriptor/locale/en_US.mo Loaded
[2025-06-27T00:06:40.953+0000] {logging_mixin.py:188} INFO - [2025-06-27T00:06:40.950+0000] {dagbag.py:511} DEBUG - Loaded DAG <DAG: example_bash_operator>
[2025-06-27T00:06:40.956+0000] {logging_mixin.py:188} INFO - [2025-06-27T00:06:40.956+0000] {dagbag.py:511} DEBUG - Loaded DAG <DAG: example_bash_operator>
[2025-06-27T00:06:40.957+0000] {processor.py:840} INFO - DAG(s) 'example_bash_operator' retrieved from /home/airflow/.local/lib/python3.10/site-packages/airflow/example_dags/example_bash_operator.py
[2025-06-27T00:06:40.960+0000] {logging_mixin.py:188} INFO - [2025-06-27T00:06:40.960+0000] {dagbag.py:667} DEBUG - Running dagbag.sync_to_db with retries. Try 1 of 3
[2025-06-27T00:06:40.961+0000] {logging_mixin.py:188} INFO - [2025-06-27T00:06:40.961+0000] {dagbag.py:672} DEBUG - Calling the DAG.bulk_sync_to_db method
[2025-06-27T00:06:40.987+0000] {logging_mixin.py:188} INFO - [2025-06-27T00:06:40.986+0000] {serialized_dag.py:166} DEBUG - Checking if DAG (example_bash_operator) changed
[2025-06-27T00:06:40.994+0000] {logging_mixin.py:188} INFO - [2025-06-27T00:06:40.993+0000] {serialized_objects.py:624} DEBUG - Cast type <class 'airflow.models.param.ParamsDict'> to str in serialization.
[2025-06-27T00:06:40.997+0000] {logging_mixin.py:188} INFO - [2025-06-27T00:06:40.996+0000] {serialized_objects.py:624} DEBUG - Cast type <class 'airflow.models.param.ParamsDict'> to str in serialization.
[2025-06-27T00:06:41.000+0000] {logging_mixin.py:188} INFO - [2025-06-27T00:06:40.999+0000] {serialized_objects.py:624} DEBUG - Cast type <class 'airflow.models.param.ParamsDict'> to str in serialization.
[2025-06-27T00:06:41.003+0000] {logging_mixin.py:188} INFO - [2025-06-27T00:06:41.002+0000] {serialized_objects.py:624} DEBUG - Cast type <class 'airflow.models.param.ParamsDict'> to str in serialization.
[2025-06-27T00:06:41.005+0000] {logging_mixin.py:188} INFO - [2025-06-27T00:06:41.005+0000] {serialized_objects.py:624} DEBUG - Cast type <class 'airflow.models.param.ParamsDict'> to str in serialization.
[2025-06-27T00:06:41.008+0000] {logging_mixin.py:188} INFO - [2025-06-27T00:06:41.008+0000] {serialized_objects.py:624} DEBUG - Cast type <class 'airflow.models.param.ParamsDict'> to str in serialization.
[2025-06-27T00:06:41.011+0000] {logging_mixin.py:188} INFO - [2025-06-27T00:06:41.011+0000] {serialized_objects.py:624} DEBUG - Cast type <class 'airflow.models.param.ParamsDict'> to str in serialization.
[2025-06-27T00:06:41.028+0000] {logging_mixin.py:188} INFO - [2025-06-27T00:06:41.028+0000] {serialized_dag.py:177} DEBUG - Serialized DAG (example_bash_operator) is unchanged. Skipping writing to DB
[2025-06-27T00:06:41.031+0000] {logging_mixin.py:188} INFO - [2025-06-27T00:06:41.031+0000] {dag.py:3096} INFO - Sync 1 DAGs
[2025-06-27T00:06:41.066+0000] {logging_mixin.py:188} INFO - [2025-06-27T00:06:41.066+0000] {dag.py:3954} INFO - Setting next_dagrun for example_bash_operator to 2025-06-26 00:00:00+00:00, run_after=2025-06-27 00:00:00+00:00
[2025-06-27T00:06:41.109+0000] {processor.py:183} INFO - Processing /home/airflow/.local/lib/python3.10/site-packages/airflow/example_dags/example_bash_operator.py took 0.196 seconds
[2025-06-27T00:07:11.463+0000] {logging_mixin.py:188} INFO - [2025-06-27T00:07:11.461+0000] {settings.py:250} DEBUG - Setting up DB connection pool (PID 11709)
[2025-06-27T00:07:11.465+0000] {logging_mixin.py:188} INFO - [2025-06-27T00:07:11.465+0000] {settings.py:330} DEBUG - settings.prepare_engine_args(): Using pool settings. pool_size=5, max_overflow=10, pool_recycle=1800, pid=11709
[2025-06-27T00:07:11.474+0000] {processor.py:161} INFO - Started process (PID=11709) to work on /home/airflow/.local/lib/python3.10/site-packages/airflow/example_dags/example_bash_operator.py
[2025-06-27T00:07:11.476+0000] {processor.py:830} INFO - Processing file /home/airflow/.local/lib/python3.10/site-packages/airflow/example_dags/example_bash_operator.py for tasks to queue
[2025-06-27T00:07:11.478+0000] {logging_mixin.py:188} INFO - [2025-06-27T00:07:11.477+0000] {dagbag.py:545} INFO - Filling up the DagBag from /home/airflow/.local/lib/python3.10/site-packages/airflow/example_dags/example_bash_operator.py
[2025-06-27T00:07:11.480+0000] {logging_mixin.py:188} INFO - [2025-06-27T00:07:11.480+0000] {dagbag.py:337} DEBUG - Importing /home/airflow/.local/lib/python3.10/site-packages/airflow/example_dags/example_bash_operator.py
[2025-06-27T00:07:11.485+0000] {logging_mixin.py:188} INFO - [2025-06-27T00:07:11.485+0000] {GetText.py:65} DEBUG - /home/airflow/.local/lib/python3.10/site-packages/cron_descriptor/locale/en_US.mo Loaded
[2025-06-27T00:07:11.497+0000] {logging_mixin.py:188} INFO - [2025-06-27T00:07:11.495+0000] {dagbag.py:511} DEBUG - Loaded DAG <DAG: example_bash_operator>
[2025-06-27T00:07:11.499+0000] {logging_mixin.py:188} INFO - [2025-06-27T00:07:11.498+0000] {dagbag.py:511} DEBUG - Loaded DAG <DAG: example_bash_operator>
[2025-06-27T00:07:11.499+0000] {processor.py:840} INFO - DAG(s) 'example_bash_operator' retrieved from /home/airflow/.local/lib/python3.10/site-packages/airflow/example_dags/example_bash_operator.py
[2025-06-27T00:07:11.502+0000] {logging_mixin.py:188} INFO - [2025-06-27T00:07:11.502+0000] {dagbag.py:667} DEBUG - Running dagbag.sync_to_db with retries. Try 1 of 3
[2025-06-27T00:07:11.503+0000] {logging_mixin.py:188} INFO - [2025-06-27T00:07:11.503+0000] {dagbag.py:672} DEBUG - Calling the DAG.bulk_sync_to_db method
[2025-06-27T00:07:11.524+0000] {logging_mixin.py:188} INFO - [2025-06-27T00:07:11.524+0000] {serialized_dag.py:166} DEBUG - Checking if DAG (example_bash_operator) changed
[2025-06-27T00:07:11.529+0000] {logging_mixin.py:188} INFO - [2025-06-27T00:07:11.529+0000] {serialized_objects.py:624} DEBUG - Cast type <class 'airflow.models.param.ParamsDict'> to str in serialization.
[2025-06-27T00:07:11.532+0000] {logging_mixin.py:188} INFO - [2025-06-27T00:07:11.532+0000] {serialized_objects.py:624} DEBUG - Cast type <class 'airflow.models.param.ParamsDict'> to str in serialization.
[2025-06-27T00:07:11.535+0000] {logging_mixin.py:188} INFO - [2025-06-27T00:07:11.535+0000] {serialized_objects.py:624} DEBUG - Cast type <class 'airflow.models.param.ParamsDict'> to str in serialization.
[2025-06-27T00:07:11.538+0000] {logging_mixin.py:188} INFO - [2025-06-27T00:07:11.537+0000] {serialized_objects.py:624} DEBUG - Cast type <class 'airflow.models.param.ParamsDict'> to str in serialization.
[2025-06-27T00:07:11.540+0000] {logging_mixin.py:188} INFO - [2025-06-27T00:07:11.540+0000] {serialized_objects.py:624} DEBUG - Cast type <class 'airflow.models.param.ParamsDict'> to str in serialization.
[2025-06-27T00:07:11.543+0000] {logging_mixin.py:188} INFO - [2025-06-27T00:07:11.543+0000] {serialized_objects.py:624} DEBUG - Cast type <class 'airflow.models.param.ParamsDict'> to str in serialization.
[2025-06-27T00:07:11.546+0000] {logging_mixin.py:188} INFO - [2025-06-27T00:07:11.546+0000] {serialized_objects.py:624} DEBUG - Cast type <class 'airflow.models.param.ParamsDict'> to str in serialization.
[2025-06-27T00:07:11.556+0000] {logging_mixin.py:188} INFO - [2025-06-27T00:07:11.555+0000] {serialized_dag.py:177} DEBUG - Serialized DAG (example_bash_operator) is unchanged. Skipping writing to DB
[2025-06-27T00:07:11.557+0000] {logging_mixin.py:188} INFO - [2025-06-27T00:07:11.556+0000] {dag.py:3096} INFO - Sync 1 DAGs
[2025-06-27T00:07:11.603+0000] {logging_mixin.py:188} INFO - [2025-06-27T00:07:11.603+0000] {dag.py:3954} INFO - Setting next_dagrun for example_bash_operator to 2025-06-26 00:00:00+00:00, run_after=2025-06-27 00:00:00+00:00
[2025-06-27T00:07:11.650+0000] {processor.py:183} INFO - Processing /home/airflow/.local/lib/python3.10/site-packages/airflow/example_dags/example_bash_operator.py took 0.188 seconds
[2025-06-27T00:07:41.920+0000] {logging_mixin.py:188} INFO - [2025-06-27T00:07:41.918+0000] {settings.py:250} DEBUG - Setting up DB connection pool (PID 11769)
[2025-06-27T00:07:41.922+0000] {logging_mixin.py:188} INFO - [2025-06-27T00:07:41.922+0000] {settings.py:330} DEBUG - settings.prepare_engine_args(): Using pool settings. pool_size=5, max_overflow=10, pool_recycle=1800, pid=11769
[2025-06-27T00:07:41.937+0000] {processor.py:161} INFO - Started process (PID=11769) to work on /home/airflow/.local/lib/python3.10/site-packages/airflow/example_dags/example_bash_operator.py
[2025-06-27T00:07:41.939+0000] {processor.py:830} INFO - Processing file /home/airflow/.local/lib/python3.10/site-packages/airflow/example_dags/example_bash_operator.py for tasks to queue
[2025-06-27T00:07:41.941+0000] {logging_mixin.py:188} INFO - [2025-06-27T00:07:41.941+0000] {dagbag.py:545} INFO - Filling up the DagBag from /home/airflow/.local/lib/python3.10/site-packages/airflow/example_dags/example_bash_operator.py
[2025-06-27T00:07:41.945+0000] {logging_mixin.py:188} INFO - [2025-06-27T00:07:41.944+0000] {dagbag.py:337} DEBUG - Importing /home/airflow/.local/lib/python3.10/site-packages/airflow/example_dags/example_bash_operator.py
[2025-06-27T00:07:41.952+0000] {logging_mixin.py:188} INFO - [2025-06-27T00:07:41.952+0000] {GetText.py:65} DEBUG - /home/airflow/.local/lib/python3.10/site-packages/cron_descriptor/locale/en_US.mo Loaded
[2025-06-27T00:07:41.970+0000] {logging_mixin.py:188} INFO - [2025-06-27T00:07:41.969+0000] {dagbag.py:511} DEBUG - Loaded DAG <DAG: example_bash_operator>
[2025-06-27T00:07:41.972+0000] {logging_mixin.py:188} INFO - [2025-06-27T00:07:41.972+0000] {dagbag.py:511} DEBUG - Loaded DAG <DAG: example_bash_operator>
[2025-06-27T00:07:41.974+0000] {processor.py:840} INFO - DAG(s) 'example_bash_operator' retrieved from /home/airflow/.local/lib/python3.10/site-packages/airflow/example_dags/example_bash_operator.py
[2025-06-27T00:07:41.977+0000] {logging_mixin.py:188} INFO - [2025-06-27T00:07:41.977+0000] {dagbag.py:667} DEBUG - Running dagbag.sync_to_db with retries. Try 1 of 3
[2025-06-27T00:07:41.978+0000] {logging_mixin.py:188} INFO - [2025-06-27T00:07:41.977+0000] {dagbag.py:672} DEBUG - Calling the DAG.bulk_sync_to_db method
[2025-06-27T00:07:42.008+0000] {logging_mixin.py:188} INFO - [2025-06-27T00:07:42.008+0000] {serialized_dag.py:166} DEBUG - Checking if DAG (example_bash_operator) changed
[2025-06-27T00:07:42.017+0000] {logging_mixin.py:188} INFO - [2025-06-27T00:07:42.016+0000] {serialized_objects.py:624} DEBUG - Cast type <class 'airflow.models.param.ParamsDict'> to str in serialization.
[2025-06-27T00:07:42.022+0000] {logging_mixin.py:188} INFO - [2025-06-27T00:07:42.021+0000] {serialized_objects.py:624} DEBUG - Cast type <class 'airflow.models.param.ParamsDict'> to str in serialization.
[2025-06-27T00:07:42.025+0000] {logging_mixin.py:188} INFO - [2025-06-27T00:07:42.025+0000] {serialized_objects.py:624} DEBUG - Cast type <class 'airflow.models.param.ParamsDict'> to str in serialization.
[2025-06-27T00:07:42.029+0000] {logging_mixin.py:188} INFO - [2025-06-27T00:07:42.028+0000] {serialized_objects.py:624} DEBUG - Cast type <class 'airflow.models.param.ParamsDict'> to str in serialization.
[2025-06-27T00:07:42.032+0000] {logging_mixin.py:188} INFO - [2025-06-27T00:07:42.032+0000] {serialized_objects.py:624} DEBUG - Cast type <class 'airflow.models.param.ParamsDict'> to str in serialization.
[2025-06-27T00:07:42.034+0000] {logging_mixin.py:188} INFO - [2025-06-27T00:07:42.034+0000] {serialized_objects.py:624} DEBUG - Cast type <class 'airflow.models.param.ParamsDict'> to str in serialization.
[2025-06-27T00:07:42.037+0000] {logging_mixin.py:188} INFO - [2025-06-27T00:07:42.037+0000] {serialized_objects.py:624} DEBUG - Cast type <class 'airflow.models.param.ParamsDict'> to str in serialization.
[2025-06-27T00:07:42.047+0000] {logging_mixin.py:188} INFO - [2025-06-27T00:07:42.046+0000] {serialized_dag.py:177} DEBUG - Serialized DAG (example_bash_operator) is unchanged. Skipping writing to DB
[2025-06-27T00:07:42.048+0000] {logging_mixin.py:188} INFO - [2025-06-27T00:07:42.048+0000] {dag.py:3096} INFO - Sync 1 DAGs
[2025-06-27T00:07:42.079+0000] {logging_mixin.py:188} INFO - [2025-06-27T00:07:42.079+0000] {dag.py:3954} INFO - Setting next_dagrun for example_bash_operator to 2025-06-26 00:00:00+00:00, run_after=2025-06-27 00:00:00+00:00
[2025-06-27T00:07:42.109+0000] {processor.py:183} INFO - Processing /home/airflow/.local/lib/python3.10/site-packages/airflow/example_dags/example_bash_operator.py took 0.191 seconds
[2025-06-27T00:08:12.765+0000] {logging_mixin.py:188} INFO - [2025-06-27T00:08:12.763+0000] {settings.py:250} DEBUG - Setting up DB connection pool (PID 11832)
[2025-06-27T00:08:12.767+0000] {logging_mixin.py:188} INFO - [2025-06-27T00:08:12.766+0000] {settings.py:330} DEBUG - settings.prepare_engine_args(): Using pool settings. pool_size=5, max_overflow=10, pool_recycle=1800, pid=11832
[2025-06-27T00:08:12.779+0000] {processor.py:161} INFO - Started process (PID=11832) to work on /home/airflow/.local/lib/python3.10/site-packages/airflow/example_dags/example_bash_operator.py
[2025-06-27T00:08:12.781+0000] {processor.py:830} INFO - Processing file /home/airflow/.local/lib/python3.10/site-packages/airflow/example_dags/example_bash_operator.py for tasks to queue
[2025-06-27T00:08:12.782+0000] {logging_mixin.py:188} INFO - [2025-06-27T00:08:12.782+0000] {dagbag.py:545} INFO - Filling up the DagBag from /home/airflow/.local/lib/python3.10/site-packages/airflow/example_dags/example_bash_operator.py
[2025-06-27T00:08:12.785+0000] {logging_mixin.py:188} INFO - [2025-06-27T00:08:12.785+0000] {dagbag.py:337} DEBUG - Importing /home/airflow/.local/lib/python3.10/site-packages/airflow/example_dags/example_bash_operator.py
[2025-06-27T00:08:12.792+0000] {logging_mixin.py:188} INFO - [2025-06-27T00:08:12.792+0000] {GetText.py:65} DEBUG - /home/airflow/.local/lib/python3.10/site-packages/cron_descriptor/locale/en_US.mo Loaded
[2025-06-27T00:08:12.816+0000] {logging_mixin.py:188} INFO - [2025-06-27T00:08:12.813+0000] {dagbag.py:511} DEBUG - Loaded DAG <DAG: example_bash_operator>
[2025-06-27T00:08:12.818+0000] {logging_mixin.py:188} INFO - [2025-06-27T00:08:12.818+0000] {dagbag.py:511} DEBUG - Loaded DAG <DAG: example_bash_operator>
[2025-06-27T00:08:12.819+0000] {processor.py:840} INFO - DAG(s) 'example_bash_operator' retrieved from /home/airflow/.local/lib/python3.10/site-packages/airflow/example_dags/example_bash_operator.py
[2025-06-27T00:08:12.822+0000] {logging_mixin.py:188} INFO - [2025-06-27T00:08:12.821+0000] {dagbag.py:667} DEBUG - Running dagbag.sync_to_db with retries. Try 1 of 3
[2025-06-27T00:08:12.823+0000] {logging_mixin.py:188} INFO - [2025-06-27T00:08:12.822+0000] {dagbag.py:672} DEBUG - Calling the DAG.bulk_sync_to_db method
[2025-06-27T00:08:12.845+0000] {logging_mixin.py:188} INFO - [2025-06-27T00:08:12.845+0000] {serialized_dag.py:166} DEBUG - Checking if DAG (example_bash_operator) changed
[2025-06-27T00:08:12.852+0000] {logging_mixin.py:188} INFO - [2025-06-27T00:08:12.852+0000] {serialized_objects.py:624} DEBUG - Cast type <class 'airflow.models.param.ParamsDict'> to str in serialization.
[2025-06-27T00:08:12.856+0000] {logging_mixin.py:188} INFO - [2025-06-27T00:08:12.855+0000] {serialized_objects.py:624} DEBUG - Cast type <class 'airflow.models.param.ParamsDict'> to str in serialization.
[2025-06-27T00:08:12.859+0000] {logging_mixin.py:188} INFO - [2025-06-27T00:08:12.859+0000] {serialized_objects.py:624} DEBUG - Cast type <class 'airflow.models.param.ParamsDict'> to str in serialization.
[2025-06-27T00:08:12.862+0000] {logging_mixin.py:188} INFO - [2025-06-27T00:08:12.862+0000] {serialized_objects.py:624} DEBUG - Cast type <class 'airflow.models.param.ParamsDict'> to str in serialization.
[2025-06-27T00:08:12.865+0000] {logging_mixin.py:188} INFO - [2025-06-27T00:08:12.864+0000] {serialized_objects.py:624} DEBUG - Cast type <class 'airflow.models.param.ParamsDict'> to str in serialization.
[2025-06-27T00:08:12.867+0000] {logging_mixin.py:188} INFO - [2025-06-27T00:08:12.867+0000] {serialized_objects.py:624} DEBUG - Cast type <class 'airflow.models.param.ParamsDict'> to str in serialization.
[2025-06-27T00:08:12.869+0000] {logging_mixin.py:188} INFO - [2025-06-27T00:08:12.869+0000] {serialized_objects.py:624} DEBUG - Cast type <class 'airflow.models.param.ParamsDict'> to str in serialization.
[2025-06-27T00:08:12.876+0000] {logging_mixin.py:188} INFO - [2025-06-27T00:08:12.876+0000] {serialized_dag.py:177} DEBUG - Serialized DAG (example_bash_operator) is unchanged. Skipping writing to DB
[2025-06-27T00:08:12.877+0000] {logging_mixin.py:188} INFO - [2025-06-27T00:08:12.877+0000] {dag.py:3096} INFO - Sync 1 DAGs
[2025-06-27T00:08:12.905+0000] {logging_mixin.py:188} INFO - [2025-06-27T00:08:12.904+0000] {dag.py:3954} INFO - Setting next_dagrun for example_bash_operator to 2025-06-26 00:00:00+00:00, run_after=2025-06-27 00:00:00+00:00
[2025-06-27T00:08:12.934+0000] {processor.py:183} INFO - Processing /home/airflow/.local/lib/python3.10/site-packages/airflow/example_dags/example_bash_operator.py took 0.171 seconds
[2025-06-27T00:08:43.471+0000] {logging_mixin.py:188} INFO - [2025-06-27T00:08:43.470+0000] {settings.py:250} DEBUG - Setting up DB connection pool (PID 11895)
[2025-06-27T00:08:43.473+0000] {logging_mixin.py:188} INFO - [2025-06-27T00:08:43.473+0000] {settings.py:330} DEBUG - settings.prepare_engine_args(): Using pool settings. pool_size=5, max_overflow=10, pool_recycle=1800, pid=11895
[2025-06-27T00:08:43.485+0000] {processor.py:161} INFO - Started process (PID=11895) to work on /home/airflow/.local/lib/python3.10/site-packages/airflow/example_dags/example_bash_operator.py
[2025-06-27T00:08:43.486+0000] {processor.py:830} INFO - Processing file /home/airflow/.local/lib/python3.10/site-packages/airflow/example_dags/example_bash_operator.py for tasks to queue
[2025-06-27T00:08:43.488+0000] {logging_mixin.py:188} INFO - [2025-06-27T00:08:43.488+0000] {dagbag.py:545} INFO - Filling up the DagBag from /home/airflow/.local/lib/python3.10/site-packages/airflow/example_dags/example_bash_operator.py
[2025-06-27T00:08:43.490+0000] {logging_mixin.py:188} INFO - [2025-06-27T00:08:43.490+0000] {dagbag.py:337} DEBUG - Importing /home/airflow/.local/lib/python3.10/site-packages/airflow/example_dags/example_bash_operator.py
[2025-06-27T00:08:43.496+0000] {logging_mixin.py:188} INFO - [2025-06-27T00:08:43.496+0000] {GetText.py:65} DEBUG - /home/airflow/.local/lib/python3.10/site-packages/cron_descriptor/locale/en_US.mo Loaded
[2025-06-27T00:08:43.518+0000] {logging_mixin.py:188} INFO - [2025-06-27T00:08:43.515+0000] {dagbag.py:511} DEBUG - Loaded DAG <DAG: example_bash_operator>
[2025-06-27T00:08:43.521+0000] {logging_mixin.py:188} INFO - [2025-06-27T00:08:43.521+0000] {dagbag.py:511} DEBUG - Loaded DAG <DAG: example_bash_operator>
[2025-06-27T00:08:43.522+0000] {processor.py:840} INFO - DAG(s) 'example_bash_operator' retrieved from /home/airflow/.local/lib/python3.10/site-packages/airflow/example_dags/example_bash_operator.py
[2025-06-27T00:08:43.524+0000] {logging_mixin.py:188} INFO - [2025-06-27T00:08:43.524+0000] {dagbag.py:667} DEBUG - Running dagbag.sync_to_db with retries. Try 1 of 3
[2025-06-27T00:08:43.525+0000] {logging_mixin.py:188} INFO - [2025-06-27T00:08:43.525+0000] {dagbag.py:672} DEBUG - Calling the DAG.bulk_sync_to_db method
[2025-06-27T00:08:43.546+0000] {logging_mixin.py:188} INFO - [2025-06-27T00:08:43.546+0000] {serialized_dag.py:166} DEBUG - Checking if DAG (example_bash_operator) changed
[2025-06-27T00:08:43.554+0000] {logging_mixin.py:188} INFO - [2025-06-27T00:08:43.553+0000] {serialized_objects.py:624} DEBUG - Cast type <class 'airflow.models.param.ParamsDict'> to str in serialization.
[2025-06-27T00:08:43.559+0000] {logging_mixin.py:188} INFO - [2025-06-27T00:08:43.558+0000] {serialized_objects.py:624} DEBUG - Cast type <class 'airflow.models.param.ParamsDict'> to str in serialization.
[2025-06-27T00:08:43.561+0000] {logging_mixin.py:188} INFO - [2025-06-27T00:08:43.561+0000] {serialized_objects.py:624} DEBUG - Cast type <class 'airflow.models.param.ParamsDict'> to str in serialization.
[2025-06-27T00:08:43.564+0000] {logging_mixin.py:188} INFO - [2025-06-27T00:08:43.564+0000] {serialized_objects.py:624} DEBUG - Cast type <class 'airflow.models.param.ParamsDict'> to str in serialization.
[2025-06-27T00:08:43.567+0000] {logging_mixin.py:188} INFO - [2025-06-27T00:08:43.566+0000] {serialized_objects.py:624} DEBUG - Cast type <class 'airflow.models.param.ParamsDict'> to str in serialization.
[2025-06-27T00:08:43.569+0000] {logging_mixin.py:188} INFO - [2025-06-27T00:08:43.569+0000] {serialized_objects.py:624} DEBUG - Cast type <class 'airflow.models.param.ParamsDict'> to str in serialization.
[2025-06-27T00:08:43.572+0000] {logging_mixin.py:188} INFO - [2025-06-27T00:08:43.571+0000] {serialized_objects.py:624} DEBUG - Cast type <class 'airflow.models.param.ParamsDict'> to str in serialization.
[2025-06-27T00:08:43.579+0000] {logging_mixin.py:188} INFO - [2025-06-27T00:08:43.579+0000] {serialized_dag.py:177} DEBUG - Serialized DAG (example_bash_operator) is unchanged. Skipping writing to DB
[2025-06-27T00:08:43.580+0000] {logging_mixin.py:188} INFO - [2025-06-27T00:08:43.580+0000] {dag.py:3096} INFO - Sync 1 DAGs
[2025-06-27T00:08:43.618+0000] {logging_mixin.py:188} INFO - [2025-06-27T00:08:43.617+0000] {dag.py:3954} INFO - Setting next_dagrun for example_bash_operator to 2025-06-26 00:00:00+00:00, run_after=2025-06-27 00:00:00+00:00
[2025-06-27T00:08:43.650+0000] {processor.py:183} INFO - Processing /home/airflow/.local/lib/python3.10/site-packages/airflow/example_dags/example_bash_operator.py took 0.180 seconds
[2025-06-27T00:09:13.966+0000] {logging_mixin.py:188} INFO - [2025-06-27T00:09:13.965+0000] {settings.py:250} DEBUG - Setting up DB connection pool (PID 11960)
[2025-06-27T00:09:13.968+0000] {logging_mixin.py:188} INFO - [2025-06-27T00:09:13.968+0000] {settings.py:330} DEBUG - settings.prepare_engine_args(): Using pool settings. pool_size=5, max_overflow=10, pool_recycle=1800, pid=11960
[2025-06-27T00:09:13.979+0000] {processor.py:161} INFO - Started process (PID=11960) to work on /home/airflow/.local/lib/python3.10/site-packages/airflow/example_dags/example_bash_operator.py
[2025-06-27T00:09:13.980+0000] {processor.py:830} INFO - Processing file /home/airflow/.local/lib/python3.10/site-packages/airflow/example_dags/example_bash_operator.py for tasks to queue
[2025-06-27T00:09:13.982+0000] {logging_mixin.py:188} INFO - [2025-06-27T00:09:13.982+0000] {dagbag.py:545} INFO - Filling up the DagBag from /home/airflow/.local/lib/python3.10/site-packages/airflow/example_dags/example_bash_operator.py
[2025-06-27T00:09:13.985+0000] {logging_mixin.py:188} INFO - [2025-06-27T00:09:13.984+0000] {dagbag.py:337} DEBUG - Importing /home/airflow/.local/lib/python3.10/site-packages/airflow/example_dags/example_bash_operator.py
[2025-06-27T00:09:13.990+0000] {logging_mixin.py:188} INFO - [2025-06-27T00:09:13.990+0000] {GetText.py:65} DEBUG - /home/airflow/.local/lib/python3.10/site-packages/cron_descriptor/locale/en_US.mo Loaded
[2025-06-27T00:09:14.005+0000] {logging_mixin.py:188} INFO - [2025-06-27T00:09:14.003+0000] {dagbag.py:511} DEBUG - Loaded DAG <DAG: example_bash_operator>
[2025-06-27T00:09:14.008+0000] {logging_mixin.py:188} INFO - [2025-06-27T00:09:14.007+0000] {dagbag.py:511} DEBUG - Loaded DAG <DAG: example_bash_operator>
[2025-06-27T00:09:14.009+0000] {processor.py:840} INFO - DAG(s) 'example_bash_operator' retrieved from /home/airflow/.local/lib/python3.10/site-packages/airflow/example_dags/example_bash_operator.py
[2025-06-27T00:09:14.011+0000] {logging_mixin.py:188} INFO - [2025-06-27T00:09:14.010+0000] {dagbag.py:667} DEBUG - Running dagbag.sync_to_db with retries. Try 1 of 3
[2025-06-27T00:09:14.011+0000] {logging_mixin.py:188} INFO - [2025-06-27T00:09:14.011+0000] {dagbag.py:672} DEBUG - Calling the DAG.bulk_sync_to_db method
[2025-06-27T00:09:14.037+0000] {logging_mixin.py:188} INFO - [2025-06-27T00:09:14.037+0000] {serialized_dag.py:166} DEBUG - Checking if DAG (example_bash_operator) changed
[2025-06-27T00:09:14.044+0000] {logging_mixin.py:188} INFO - [2025-06-27T00:09:14.044+0000] {serialized_objects.py:624} DEBUG - Cast type <class 'airflow.models.param.ParamsDict'> to str in serialization.
[2025-06-27T00:09:14.048+0000] {logging_mixin.py:188} INFO - [2025-06-27T00:09:14.048+0000] {serialized_objects.py:624} DEBUG - Cast type <class 'airflow.models.param.ParamsDict'> to str in serialization.
[2025-06-27T00:09:14.051+0000] {logging_mixin.py:188} INFO - [2025-06-27T00:09:14.051+0000] {serialized_objects.py:624} DEBUG - Cast type <class 'airflow.models.param.ParamsDict'> to str in serialization.
[2025-06-27T00:09:14.054+0000] {logging_mixin.py:188} INFO - [2025-06-27T00:09:14.054+0000] {serialized_objects.py:624} DEBUG - Cast type <class 'airflow.models.param.ParamsDict'> to str in serialization.
[2025-06-27T00:09:14.058+0000] {logging_mixin.py:188} INFO - [2025-06-27T00:09:14.057+0000] {serialized_objects.py:624} DEBUG - Cast type <class 'airflow.models.param.ParamsDict'> to str in serialization.
[2025-06-27T00:09:14.061+0000] {logging_mixin.py:188} INFO - [2025-06-27T00:09:14.061+0000] {serialized_objects.py:624} DEBUG - Cast type <class 'airflow.models.param.ParamsDict'> to str in serialization.
[2025-06-27T00:09:14.065+0000] {logging_mixin.py:188} INFO - [2025-06-27T00:09:14.064+0000] {serialized_objects.py:624} DEBUG - Cast type <class 'airflow.models.param.ParamsDict'> to str in serialization.
[2025-06-27T00:09:14.073+0000] {logging_mixin.py:188} INFO - [2025-06-27T00:09:14.073+0000] {serialized_dag.py:177} DEBUG - Serialized DAG (example_bash_operator) is unchanged. Skipping writing to DB
[2025-06-27T00:09:14.074+0000] {logging_mixin.py:188} INFO - [2025-06-27T00:09:14.074+0000] {dag.py:3096} INFO - Sync 1 DAGs
[2025-06-27T00:09:14.115+0000] {logging_mixin.py:188} INFO - [2025-06-27T00:09:14.114+0000] {dag.py:3954} INFO - Setting next_dagrun for example_bash_operator to 2025-06-26 00:00:00+00:00, run_after=2025-06-27 00:00:00+00:00
[2025-06-27T00:09:14.163+0000] {processor.py:183} INFO - Processing /home/airflow/.local/lib/python3.10/site-packages/airflow/example_dags/example_bash_operator.py took 0.198 seconds
[2025-06-27T00:09:44.379+0000] {logging_mixin.py:188} INFO - [2025-06-27T00:09:44.378+0000] {settings.py:250} DEBUG - Setting up DB connection pool (PID 12022)
[2025-06-27T00:09:44.382+0000] {logging_mixin.py:188} INFO - [2025-06-27T00:09:44.381+0000] {settings.py:330} DEBUG - settings.prepare_engine_args(): Using pool settings. pool_size=5, max_overflow=10, pool_recycle=1800, pid=12022
[2025-06-27T00:09:44.393+0000] {processor.py:161} INFO - Started process (PID=12022) to work on /home/airflow/.local/lib/python3.10/site-packages/airflow/example_dags/example_bash_operator.py
[2025-06-27T00:09:44.394+0000] {processor.py:830} INFO - Processing file /home/airflow/.local/lib/python3.10/site-packages/airflow/example_dags/example_bash_operator.py for tasks to queue
[2025-06-27T00:09:44.396+0000] {logging_mixin.py:188} INFO - [2025-06-27T00:09:44.396+0000] {dagbag.py:545} INFO - Filling up the DagBag from /home/airflow/.local/lib/python3.10/site-packages/airflow/example_dags/example_bash_operator.py
[2025-06-27T00:09:44.399+0000] {logging_mixin.py:188} INFO - [2025-06-27T00:09:44.399+0000] {dagbag.py:337} DEBUG - Importing /home/airflow/.local/lib/python3.10/site-packages/airflow/example_dags/example_bash_operator.py
[2025-06-27T00:09:44.405+0000] {logging_mixin.py:188} INFO - [2025-06-27T00:09:44.405+0000] {GetText.py:65} DEBUG - /home/airflow/.local/lib/python3.10/site-packages/cron_descriptor/locale/en_US.mo Loaded
[2025-06-27T00:09:44.422+0000] {logging_mixin.py:188} INFO - [2025-06-27T00:09:44.420+0000] {dagbag.py:511} DEBUG - Loaded DAG <DAG: example_bash_operator>
[2025-06-27T00:09:44.424+0000] {logging_mixin.py:188} INFO - [2025-06-27T00:09:44.424+0000] {dagbag.py:511} DEBUG - Loaded DAG <DAG: example_bash_operator>
[2025-06-27T00:09:44.425+0000] {processor.py:840} INFO - DAG(s) 'example_bash_operator' retrieved from /home/airflow/.local/lib/python3.10/site-packages/airflow/example_dags/example_bash_operator.py
[2025-06-27T00:09:44.428+0000] {logging_mixin.py:188} INFO - [2025-06-27T00:09:44.428+0000] {dagbag.py:667} DEBUG - Running dagbag.sync_to_db with retries. Try 1 of 3
[2025-06-27T00:09:44.430+0000] {logging_mixin.py:188} INFO - [2025-06-27T00:09:44.429+0000] {dagbag.py:672} DEBUG - Calling the DAG.bulk_sync_to_db method
[2025-06-27T00:09:44.451+0000] {logging_mixin.py:188} INFO - [2025-06-27T00:09:44.451+0000] {serialized_dag.py:166} DEBUG - Checking if DAG (example_bash_operator) changed
[2025-06-27T00:09:44.457+0000] {logging_mixin.py:188} INFO - [2025-06-27T00:09:44.456+0000] {serialized_objects.py:624} DEBUG - Cast type <class 'airflow.models.param.ParamsDict'> to str in serialization.
[2025-06-27T00:09:44.461+0000] {logging_mixin.py:188} INFO - [2025-06-27T00:09:44.461+0000] {serialized_objects.py:624} DEBUG - Cast type <class 'airflow.models.param.ParamsDict'> to str in serialization.
[2025-06-27T00:09:44.465+0000] {logging_mixin.py:188} INFO - [2025-06-27T00:09:44.465+0000] {serialized_objects.py:624} DEBUG - Cast type <class 'airflow.models.param.ParamsDict'> to str in serialization.
[2025-06-27T00:09:44.471+0000] {logging_mixin.py:188} INFO - [2025-06-27T00:09:44.470+0000] {serialized_objects.py:624} DEBUG - Cast type <class 'airflow.models.param.ParamsDict'> to str in serialization.
[2025-06-27T00:09:44.475+0000] {logging_mixin.py:188} INFO - [2025-06-27T00:09:44.474+0000] {serialized_objects.py:624} DEBUG - Cast type <class 'airflow.models.param.ParamsDict'> to str in serialization.
[2025-06-27T00:09:44.479+0000] {logging_mixin.py:188} INFO - [2025-06-27T00:09:44.479+0000] {serialized_objects.py:624} DEBUG - Cast type <class 'airflow.models.param.ParamsDict'> to str in serialization.
[2025-06-27T00:09:44.483+0000] {logging_mixin.py:188} INFO - [2025-06-27T00:09:44.482+0000] {serialized_objects.py:624} DEBUG - Cast type <class 'airflow.models.param.ParamsDict'> to str in serialization.
[2025-06-27T00:09:44.493+0000] {logging_mixin.py:188} INFO - [2025-06-27T00:09:44.493+0000] {serialized_dag.py:177} DEBUG - Serialized DAG (example_bash_operator) is unchanged. Skipping writing to DB
[2025-06-27T00:09:44.495+0000] {logging_mixin.py:188} INFO - [2025-06-27T00:09:44.494+0000] {dag.py:3096} INFO - Sync 1 DAGs
[2025-06-27T00:09:44.543+0000] {logging_mixin.py:188} INFO - [2025-06-27T00:09:44.542+0000] {dag.py:3954} INFO - Setting next_dagrun for example_bash_operator to 2025-06-26 00:00:00+00:00, run_after=2025-06-27 00:00:00+00:00
[2025-06-27T00:09:44.593+0000] {processor.py:183} INFO - Processing /home/airflow/.local/lib/python3.10/site-packages/airflow/example_dags/example_bash_operator.py took 0.215 seconds
[2025-06-27T00:10:15.051+0000] {logging_mixin.py:188} INFO - [2025-06-27T00:10:15.050+0000] {settings.py:250} DEBUG - Setting up DB connection pool (PID 12085)
[2025-06-27T00:10:15.054+0000] {logging_mixin.py:188} INFO - [2025-06-27T00:10:15.053+0000] {settings.py:330} DEBUG - settings.prepare_engine_args(): Using pool settings. pool_size=5, max_overflow=10, pool_recycle=1800, pid=12085
[2025-06-27T00:10:15.068+0000] {processor.py:161} INFO - Started process (PID=12085) to work on /home/airflow/.local/lib/python3.10/site-packages/airflow/example_dags/example_bash_operator.py
[2025-06-27T00:10:15.070+0000] {processor.py:830} INFO - Processing file /home/airflow/.local/lib/python3.10/site-packages/airflow/example_dags/example_bash_operator.py for tasks to queue
[2025-06-27T00:10:15.071+0000] {logging_mixin.py:188} INFO - [2025-06-27T00:10:15.071+0000] {dagbag.py:545} INFO - Filling up the DagBag from /home/airflow/.local/lib/python3.10/site-packages/airflow/example_dags/example_bash_operator.py
[2025-06-27T00:10:15.074+0000] {logging_mixin.py:188} INFO - [2025-06-27T00:10:15.073+0000] {dagbag.py:337} DEBUG - Importing /home/airflow/.local/lib/python3.10/site-packages/airflow/example_dags/example_bash_operator.py
[2025-06-27T00:10:15.079+0000] {logging_mixin.py:188} INFO - [2025-06-27T00:10:15.079+0000] {GetText.py:65} DEBUG - /home/airflow/.local/lib/python3.10/site-packages/cron_descriptor/locale/en_US.mo Loaded
[2025-06-27T00:10:15.094+0000] {logging_mixin.py:188} INFO - [2025-06-27T00:10:15.092+0000] {dagbag.py:511} DEBUG - Loaded DAG <DAG: example_bash_operator>
[2025-06-27T00:10:15.096+0000] {logging_mixin.py:188} INFO - [2025-06-27T00:10:15.096+0000] {dagbag.py:511} DEBUG - Loaded DAG <DAG: example_bash_operator>
[2025-06-27T00:10:15.097+0000] {processor.py:840} INFO - DAG(s) 'example_bash_operator' retrieved from /home/airflow/.local/lib/python3.10/site-packages/airflow/example_dags/example_bash_operator.py
[2025-06-27T00:10:15.099+0000] {logging_mixin.py:188} INFO - [2025-06-27T00:10:15.099+0000] {dagbag.py:667} DEBUG - Running dagbag.sync_to_db with retries. Try 1 of 3
[2025-06-27T00:10:15.100+0000] {logging_mixin.py:188} INFO - [2025-06-27T00:10:15.100+0000] {dagbag.py:672} DEBUG - Calling the DAG.bulk_sync_to_db method
[2025-06-27T00:10:15.121+0000] {logging_mixin.py:188} INFO - [2025-06-27T00:10:15.121+0000] {serialized_dag.py:166} DEBUG - Checking if DAG (example_bash_operator) changed
[2025-06-27T00:10:15.127+0000] {logging_mixin.py:188} INFO - [2025-06-27T00:10:15.127+0000] {serialized_objects.py:624} DEBUG - Cast type <class 'airflow.models.param.ParamsDict'> to str in serialization.
[2025-06-27T00:10:15.131+0000] {logging_mixin.py:188} INFO - [2025-06-27T00:10:15.131+0000] {serialized_objects.py:624} DEBUG - Cast type <class 'airflow.models.param.ParamsDict'> to str in serialization.
[2025-06-27T00:10:15.134+0000] {logging_mixin.py:188} INFO - [2025-06-27T00:10:15.134+0000] {serialized_objects.py:624} DEBUG - Cast type <class 'airflow.models.param.ParamsDict'> to str in serialization.
[2025-06-27T00:10:15.137+0000] {logging_mixin.py:188} INFO - [2025-06-27T00:10:15.137+0000] {serialized_objects.py:624} DEBUG - Cast type <class 'airflow.models.param.ParamsDict'> to str in serialization.
[2025-06-27T00:10:15.140+0000] {logging_mixin.py:188} INFO - [2025-06-27T00:10:15.140+0000] {serialized_objects.py:624} DEBUG - Cast type <class 'airflow.models.param.ParamsDict'> to str in serialization.
[2025-06-27T00:10:15.143+0000] {logging_mixin.py:188} INFO - [2025-06-27T00:10:15.143+0000] {serialized_objects.py:624} DEBUG - Cast type <class 'airflow.models.param.ParamsDict'> to str in serialization.
[2025-06-27T00:10:15.146+0000] {logging_mixin.py:188} INFO - [2025-06-27T00:10:15.145+0000] {serialized_objects.py:624} DEBUG - Cast type <class 'airflow.models.param.ParamsDict'> to str in serialization.
[2025-06-27T00:10:15.155+0000] {logging_mixin.py:188} INFO - [2025-06-27T00:10:15.154+0000] {serialized_dag.py:177} DEBUG - Serialized DAG (example_bash_operator) is unchanged. Skipping writing to DB
[2025-06-27T00:10:15.156+0000] {logging_mixin.py:188} INFO - [2025-06-27T00:10:15.156+0000] {dag.py:3096} INFO - Sync 1 DAGs
[2025-06-27T00:10:15.186+0000] {logging_mixin.py:188} INFO - [2025-06-27T00:10:15.185+0000] {dag.py:3954} INFO - Setting next_dagrun for example_bash_operator to 2025-06-26 00:00:00+00:00, run_after=2025-06-27 00:00:00+00:00
[2025-06-27T00:10:15.218+0000] {processor.py:183} INFO - Processing /home/airflow/.local/lib/python3.10/site-packages/airflow/example_dags/example_bash_operator.py took 0.168 seconds
[2025-06-27T00:10:45.734+0000] {logging_mixin.py:188} INFO - [2025-06-27T00:10:45.733+0000] {settings.py:250} DEBUG - Setting up DB connection pool (PID 12148)
[2025-06-27T00:10:45.737+0000] {logging_mixin.py:188} INFO - [2025-06-27T00:10:45.736+0000] {settings.py:330} DEBUG - settings.prepare_engine_args(): Using pool settings. pool_size=5, max_overflow=10, pool_recycle=1800, pid=12148
[2025-06-27T00:10:45.748+0000] {processor.py:161} INFO - Started process (PID=12148) to work on /home/airflow/.local/lib/python3.10/site-packages/airflow/example_dags/example_bash_operator.py
[2025-06-27T00:10:45.749+0000] {processor.py:830} INFO - Processing file /home/airflow/.local/lib/python3.10/site-packages/airflow/example_dags/example_bash_operator.py for tasks to queue
[2025-06-27T00:10:45.751+0000] {logging_mixin.py:188} INFO - [2025-06-27T00:10:45.750+0000] {dagbag.py:545} INFO - Filling up the DagBag from /home/airflow/.local/lib/python3.10/site-packages/airflow/example_dags/example_bash_operator.py
[2025-06-27T00:10:45.753+0000] {logging_mixin.py:188} INFO - [2025-06-27T00:10:45.753+0000] {dagbag.py:337} DEBUG - Importing /home/airflow/.local/lib/python3.10/site-packages/airflow/example_dags/example_bash_operator.py
[2025-06-27T00:10:45.758+0000] {logging_mixin.py:188} INFO - [2025-06-27T00:10:45.758+0000] {GetText.py:65} DEBUG - /home/airflow/.local/lib/python3.10/site-packages/cron_descriptor/locale/en_US.mo Loaded
[2025-06-27T00:10:45.773+0000] {logging_mixin.py:188} INFO - [2025-06-27T00:10:45.771+0000] {dagbag.py:511} DEBUG - Loaded DAG <DAG: example_bash_operator>
[2025-06-27T00:10:45.774+0000] {logging_mixin.py:188} INFO - [2025-06-27T00:10:45.774+0000] {dagbag.py:511} DEBUG - Loaded DAG <DAG: example_bash_operator>
[2025-06-27T00:10:45.775+0000] {processor.py:840} INFO - DAG(s) 'example_bash_operator' retrieved from /home/airflow/.local/lib/python3.10/site-packages/airflow/example_dags/example_bash_operator.py
[2025-06-27T00:10:45.777+0000] {logging_mixin.py:188} INFO - [2025-06-27T00:10:45.777+0000] {dagbag.py:667} DEBUG - Running dagbag.sync_to_db with retries. Try 1 of 3
[2025-06-27T00:10:45.778+0000] {logging_mixin.py:188} INFO - [2025-06-27T00:10:45.778+0000] {dagbag.py:672} DEBUG - Calling the DAG.bulk_sync_to_db method
[2025-06-27T00:10:45.797+0000] {logging_mixin.py:188} INFO - [2025-06-27T00:10:45.797+0000] {serialized_dag.py:166} DEBUG - Checking if DAG (example_bash_operator) changed
[2025-06-27T00:10:45.802+0000] {logging_mixin.py:188} INFO - [2025-06-27T00:10:45.802+0000] {serialized_objects.py:624} DEBUG - Cast type <class 'airflow.models.param.ParamsDict'> to str in serialization.
[2025-06-27T00:10:45.805+0000] {logging_mixin.py:188} INFO - [2025-06-27T00:10:45.805+0000] {serialized_objects.py:624} DEBUG - Cast type <class 'airflow.models.param.ParamsDict'> to str in serialization.
[2025-06-27T00:10:45.808+0000] {logging_mixin.py:188} INFO - [2025-06-27T00:10:45.808+0000] {serialized_objects.py:624} DEBUG - Cast type <class 'airflow.models.param.ParamsDict'> to str in serialization.
[2025-06-27T00:10:45.810+0000] {logging_mixin.py:188} INFO - [2025-06-27T00:10:45.810+0000] {serialized_objects.py:624} DEBUG - Cast type <class 'airflow.models.param.ParamsDict'> to str in serialization.
[2025-06-27T00:10:45.813+0000] {logging_mixin.py:188} INFO - [2025-06-27T00:10:45.813+0000] {serialized_objects.py:624} DEBUG - Cast type <class 'airflow.models.param.ParamsDict'> to str in serialization.
[2025-06-27T00:10:45.816+0000] {logging_mixin.py:188} INFO - [2025-06-27T00:10:45.816+0000] {serialized_objects.py:624} DEBUG - Cast type <class 'airflow.models.param.ParamsDict'> to str in serialization.
[2025-06-27T00:10:45.819+0000] {logging_mixin.py:188} INFO - [2025-06-27T00:10:45.818+0000] {serialized_objects.py:624} DEBUG - Cast type <class 'airflow.models.param.ParamsDict'> to str in serialization.
[2025-06-27T00:10:45.828+0000] {logging_mixin.py:188} INFO - [2025-06-27T00:10:45.828+0000] {serialized_dag.py:177} DEBUG - Serialized DAG (example_bash_operator) is unchanged. Skipping writing to DB
[2025-06-27T00:10:45.829+0000] {logging_mixin.py:188} INFO - [2025-06-27T00:10:45.829+0000] {dag.py:3096} INFO - Sync 1 DAGs
[2025-06-27T00:10:45.862+0000] {logging_mixin.py:188} INFO - [2025-06-27T00:10:45.862+0000] {dag.py:3954} INFO - Setting next_dagrun for example_bash_operator to 2025-06-26 00:00:00+00:00, run_after=2025-06-27 00:00:00+00:00
[2025-06-27T00:10:45.902+0000] {processor.py:183} INFO - Processing /home/airflow/.local/lib/python3.10/site-packages/airflow/example_dags/example_bash_operator.py took 0.170 seconds
[2025-06-27T00:11:16.335+0000] {logging_mixin.py:188} INFO - [2025-06-27T00:11:16.334+0000] {settings.py:250} DEBUG - Setting up DB connection pool (PID 12211)
[2025-06-27T00:11:16.336+0000] {logging_mixin.py:188} INFO - [2025-06-27T00:11:16.336+0000] {settings.py:330} DEBUG - settings.prepare_engine_args(): Using pool settings. pool_size=5, max_overflow=10, pool_recycle=1800, pid=12211
[2025-06-27T00:11:16.347+0000] {processor.py:161} INFO - Started process (PID=12211) to work on /home/airflow/.local/lib/python3.10/site-packages/airflow/example_dags/example_bash_operator.py
[2025-06-27T00:11:16.348+0000] {processor.py:830} INFO - Processing file /home/airflow/.local/lib/python3.10/site-packages/airflow/example_dags/example_bash_operator.py for tasks to queue
[2025-06-27T00:11:16.349+0000] {logging_mixin.py:188} INFO - [2025-06-27T00:11:16.349+0000] {dagbag.py:545} INFO - Filling up the DagBag from /home/airflow/.local/lib/python3.10/site-packages/airflow/example_dags/example_bash_operator.py
[2025-06-27T00:11:16.351+0000] {logging_mixin.py:188} INFO - [2025-06-27T00:11:16.351+0000] {dagbag.py:337} DEBUG - Importing /home/airflow/.local/lib/python3.10/site-packages/airflow/example_dags/example_bash_operator.py
[2025-06-27T00:11:16.356+0000] {logging_mixin.py:188} INFO - [2025-06-27T00:11:16.356+0000] {GetText.py:65} DEBUG - /home/airflow/.local/lib/python3.10/site-packages/cron_descriptor/locale/en_US.mo Loaded
[2025-06-27T00:11:16.376+0000] {logging_mixin.py:188} INFO - [2025-06-27T00:11:16.374+0000] {dagbag.py:511} DEBUG - Loaded DAG <DAG: example_bash_operator>
[2025-06-27T00:11:16.378+0000] {logging_mixin.py:188} INFO - [2025-06-27T00:11:16.377+0000] {dagbag.py:511} DEBUG - Loaded DAG <DAG: example_bash_operator>
[2025-06-27T00:11:16.378+0000] {processor.py:840} INFO - DAG(s) 'example_bash_operator' retrieved from /home/airflow/.local/lib/python3.10/site-packages/airflow/example_dags/example_bash_operator.py
[2025-06-27T00:11:16.380+0000] {logging_mixin.py:188} INFO - [2025-06-27T00:11:16.380+0000] {dagbag.py:667} DEBUG - Running dagbag.sync_to_db with retries. Try 1 of 3
[2025-06-27T00:11:16.381+0000] {logging_mixin.py:188} INFO - [2025-06-27T00:11:16.381+0000] {dagbag.py:672} DEBUG - Calling the DAG.bulk_sync_to_db method
[2025-06-27T00:11:16.403+0000] {logging_mixin.py:188} INFO - [2025-06-27T00:11:16.403+0000] {serialized_dag.py:166} DEBUG - Checking if DAG (example_bash_operator) changed
[2025-06-27T00:11:16.408+0000] {logging_mixin.py:188} INFO - [2025-06-27T00:11:16.408+0000] {serialized_objects.py:624} DEBUG - Cast type <class 'airflow.models.param.ParamsDict'> to str in serialization.
[2025-06-27T00:11:16.411+0000] {logging_mixin.py:188} INFO - [2025-06-27T00:11:16.411+0000] {serialized_objects.py:624} DEBUG - Cast type <class 'airflow.models.param.ParamsDict'> to str in serialization.
[2025-06-27T00:11:16.414+0000] {logging_mixin.py:188} INFO - [2025-06-27T00:11:16.414+0000] {serialized_objects.py:624} DEBUG - Cast type <class 'airflow.models.param.ParamsDict'> to str in serialization.
[2025-06-27T00:11:16.416+0000] {logging_mixin.py:188} INFO - [2025-06-27T00:11:16.416+0000] {serialized_objects.py:624} DEBUG - Cast type <class 'airflow.models.param.ParamsDict'> to str in serialization.
[2025-06-27T00:11:16.419+0000] {logging_mixin.py:188} INFO - [2025-06-27T00:11:16.419+0000] {serialized_objects.py:624} DEBUG - Cast type <class 'airflow.models.param.ParamsDict'> to str in serialization.
[2025-06-27T00:11:16.421+0000] {logging_mixin.py:188} INFO - [2025-06-27T00:11:16.421+0000] {serialized_objects.py:624} DEBUG - Cast type <class 'airflow.models.param.ParamsDict'> to str in serialization.
[2025-06-27T00:11:16.424+0000] {logging_mixin.py:188} INFO - [2025-06-27T00:11:16.423+0000] {serialized_objects.py:624} DEBUG - Cast type <class 'airflow.models.param.ParamsDict'> to str in serialization.
[2025-06-27T00:11:16.432+0000] {logging_mixin.py:188} INFO - [2025-06-27T00:11:16.431+0000] {serialized_dag.py:177} DEBUG - Serialized DAG (example_bash_operator) is unchanged. Skipping writing to DB
[2025-06-27T00:11:16.433+0000] {logging_mixin.py:188} INFO - [2025-06-27T00:11:16.432+0000] {dag.py:3096} INFO - Sync 1 DAGs
[2025-06-27T00:11:16.462+0000] {logging_mixin.py:188} INFO - [2025-06-27T00:11:16.461+0000] {dag.py:3954} INFO - Setting next_dagrun for example_bash_operator to 2025-06-26 00:00:00+00:00, run_after=2025-06-27 00:00:00+00:00
[2025-06-27T00:11:16.492+0000] {processor.py:183} INFO - Processing /home/airflow/.local/lib/python3.10/site-packages/airflow/example_dags/example_bash_operator.py took 0.159 seconds
[2025-06-27T00:11:46.894+0000] {logging_mixin.py:188} INFO - [2025-06-27T00:11:46.892+0000] {settings.py:250} DEBUG - Setting up DB connection pool (PID 12275)
[2025-06-27T00:11:46.895+0000] {logging_mixin.py:188} INFO - [2025-06-27T00:11:46.895+0000] {settings.py:330} DEBUG - settings.prepare_engine_args(): Using pool settings. pool_size=5, max_overflow=10, pool_recycle=1800, pid=12275
[2025-06-27T00:11:46.905+0000] {processor.py:161} INFO - Started process (PID=12275) to work on /home/airflow/.local/lib/python3.10/site-packages/airflow/example_dags/example_bash_operator.py
[2025-06-27T00:11:46.906+0000] {processor.py:830} INFO - Processing file /home/airflow/.local/lib/python3.10/site-packages/airflow/example_dags/example_bash_operator.py for tasks to queue
[2025-06-27T00:11:46.908+0000] {logging_mixin.py:188} INFO - [2025-06-27T00:11:46.907+0000] {dagbag.py:545} INFO - Filling up the DagBag from /home/airflow/.local/lib/python3.10/site-packages/airflow/example_dags/example_bash_operator.py
[2025-06-27T00:11:46.910+0000] {logging_mixin.py:188} INFO - [2025-06-27T00:11:46.910+0000] {dagbag.py:337} DEBUG - Importing /home/airflow/.local/lib/python3.10/site-packages/airflow/example_dags/example_bash_operator.py
[2025-06-27T00:11:46.915+0000] {logging_mixin.py:188} INFO - [2025-06-27T00:11:46.915+0000] {GetText.py:65} DEBUG - /home/airflow/.local/lib/python3.10/site-packages/cron_descriptor/locale/en_US.mo Loaded
[2025-06-27T00:11:46.928+0000] {logging_mixin.py:188} INFO - [2025-06-27T00:11:46.926+0000] {dagbag.py:511} DEBUG - Loaded DAG <DAG: example_bash_operator>
[2025-06-27T00:11:46.930+0000] {logging_mixin.py:188} INFO - [2025-06-27T00:11:46.929+0000] {dagbag.py:511} DEBUG - Loaded DAG <DAG: example_bash_operator>
[2025-06-27T00:11:46.930+0000] {processor.py:840} INFO - DAG(s) 'example_bash_operator' retrieved from /home/airflow/.local/lib/python3.10/site-packages/airflow/example_dags/example_bash_operator.py
[2025-06-27T00:11:46.933+0000] {logging_mixin.py:188} INFO - [2025-06-27T00:11:46.933+0000] {dagbag.py:667} DEBUG - Running dagbag.sync_to_db with retries. Try 1 of 3
[2025-06-27T00:11:46.933+0000] {logging_mixin.py:188} INFO - [2025-06-27T00:11:46.933+0000] {dagbag.py:672} DEBUG - Calling the DAG.bulk_sync_to_db method
[2025-06-27T00:11:46.952+0000] {logging_mixin.py:188} INFO - [2025-06-27T00:11:46.952+0000] {serialized_dag.py:166} DEBUG - Checking if DAG (example_bash_operator) changed
[2025-06-27T00:11:46.958+0000] {logging_mixin.py:188} INFO - [2025-06-27T00:11:46.957+0000] {serialized_objects.py:624} DEBUG - Cast type <class 'airflow.models.param.ParamsDict'> to str in serialization.
[2025-06-27T00:11:46.961+0000] {logging_mixin.py:188} INFO - [2025-06-27T00:11:46.961+0000] {serialized_objects.py:624} DEBUG - Cast type <class 'airflow.models.param.ParamsDict'> to str in serialization.
[2025-06-27T00:11:46.964+0000] {logging_mixin.py:188} INFO - [2025-06-27T00:11:46.963+0000] {serialized_objects.py:624} DEBUG - Cast type <class 'airflow.models.param.ParamsDict'> to str in serialization.
[2025-06-27T00:11:46.966+0000] {logging_mixin.py:188} INFO - [2025-06-27T00:11:46.966+0000] {serialized_objects.py:624} DEBUG - Cast type <class 'airflow.models.param.ParamsDict'> to str in serialization.
[2025-06-27T00:11:46.968+0000] {logging_mixin.py:188} INFO - [2025-06-27T00:11:46.968+0000] {serialized_objects.py:624} DEBUG - Cast type <class 'airflow.models.param.ParamsDict'> to str in serialization.
[2025-06-27T00:11:46.971+0000] {logging_mixin.py:188} INFO - [2025-06-27T00:11:46.970+0000] {serialized_objects.py:624} DEBUG - Cast type <class 'airflow.models.param.ParamsDict'> to str in serialization.
[2025-06-27T00:11:46.975+0000] {logging_mixin.py:188} INFO - [2025-06-27T00:11:46.975+0000] {serialized_objects.py:624} DEBUG - Cast type <class 'airflow.models.param.ParamsDict'> to str in serialization.
[2025-06-27T00:11:46.985+0000] {logging_mixin.py:188} INFO - [2025-06-27T00:11:46.985+0000] {serialized_dag.py:177} DEBUG - Serialized DAG (example_bash_operator) is unchanged. Skipping writing to DB
[2025-06-27T00:11:46.986+0000] {logging_mixin.py:188} INFO - [2025-06-27T00:11:46.986+0000] {dag.py:3096} INFO - Sync 1 DAGs
[2025-06-27T00:11:47.019+0000] {logging_mixin.py:188} INFO - [2025-06-27T00:11:47.019+0000] {dag.py:3954} INFO - Setting next_dagrun for example_bash_operator to 2025-06-26 00:00:00+00:00, run_after=2025-06-27 00:00:00+00:00
[2025-06-27T00:11:47.063+0000] {processor.py:183} INFO - Processing /home/airflow/.local/lib/python3.10/site-packages/airflow/example_dags/example_bash_operator.py took 0.171 seconds
[2025-06-27T00:12:17.244+0000] {logging_mixin.py:188} INFO - [2025-06-27T00:12:17.242+0000] {settings.py:250} DEBUG - Setting up DB connection pool (PID 12338)
[2025-06-27T00:12:17.248+0000] {logging_mixin.py:188} INFO - [2025-06-27T00:12:17.247+0000] {settings.py:330} DEBUG - settings.prepare_engine_args(): Using pool settings. pool_size=5, max_overflow=10, pool_recycle=1800, pid=12338
[2025-06-27T00:12:17.261+0000] {processor.py:161} INFO - Started process (PID=12338) to work on /home/airflow/.local/lib/python3.10/site-packages/airflow/example_dags/example_bash_operator.py
[2025-06-27T00:12:17.263+0000] {processor.py:830} INFO - Processing file /home/airflow/.local/lib/python3.10/site-packages/airflow/example_dags/example_bash_operator.py for tasks to queue
[2025-06-27T00:12:17.265+0000] {logging_mixin.py:188} INFO - [2025-06-27T00:12:17.264+0000] {dagbag.py:545} INFO - Filling up the DagBag from /home/airflow/.local/lib/python3.10/site-packages/airflow/example_dags/example_bash_operator.py
[2025-06-27T00:12:17.268+0000] {logging_mixin.py:188} INFO - [2025-06-27T00:12:17.267+0000] {dagbag.py:337} DEBUG - Importing /home/airflow/.local/lib/python3.10/site-packages/airflow/example_dags/example_bash_operator.py
[2025-06-27T00:12:17.275+0000] {logging_mixin.py:188} INFO - [2025-06-27T00:12:17.274+0000] {GetText.py:65} DEBUG - /home/airflow/.local/lib/python3.10/site-packages/cron_descriptor/locale/en_US.mo Loaded
[2025-06-27T00:12:17.304+0000] {logging_mixin.py:188} INFO - [2025-06-27T00:12:17.300+0000] {dagbag.py:511} DEBUG - Loaded DAG <DAG: example_bash_operator>
[2025-06-27T00:12:17.311+0000] {logging_mixin.py:188} INFO - [2025-06-27T00:12:17.310+0000] {dagbag.py:511} DEBUG - Loaded DAG <DAG: example_bash_operator>
[2025-06-27T00:12:17.312+0000] {processor.py:840} INFO - DAG(s) 'example_bash_operator' retrieved from /home/airflow/.local/lib/python3.10/site-packages/airflow/example_dags/example_bash_operator.py
[2025-06-27T00:12:17.320+0000] {logging_mixin.py:188} INFO - [2025-06-27T00:12:17.318+0000] {dagbag.py:667} DEBUG - Running dagbag.sync_to_db with retries. Try 1 of 3
[2025-06-27T00:12:17.336+0000] {logging_mixin.py:188} INFO - [2025-06-27T00:12:17.336+0000] {dagbag.py:672} DEBUG - Calling the DAG.bulk_sync_to_db method
[2025-06-27T00:12:17.365+0000] {logging_mixin.py:188} INFO - [2025-06-27T00:12:17.365+0000] {serialized_dag.py:166} DEBUG - Checking if DAG (example_bash_operator) changed
[2025-06-27T00:12:17.376+0000] {logging_mixin.py:188} INFO - [2025-06-27T00:12:17.375+0000] {serialized_objects.py:624} DEBUG - Cast type <class 'airflow.models.param.ParamsDict'> to str in serialization.
[2025-06-27T00:12:17.382+0000] {logging_mixin.py:188} INFO - [2025-06-27T00:12:17.382+0000] {serialized_objects.py:624} DEBUG - Cast type <class 'airflow.models.param.ParamsDict'> to str in serialization.
[2025-06-27T00:12:17.389+0000] {logging_mixin.py:188} INFO - [2025-06-27T00:12:17.389+0000] {serialized_objects.py:624} DEBUG - Cast type <class 'airflow.models.param.ParamsDict'> to str in serialization.
[2025-06-27T00:12:17.394+0000] {logging_mixin.py:188} INFO - [2025-06-27T00:12:17.393+0000] {serialized_objects.py:624} DEBUG - Cast type <class 'airflow.models.param.ParamsDict'> to str in serialization.
[2025-06-27T00:12:17.399+0000] {logging_mixin.py:188} INFO - [2025-06-27T00:12:17.399+0000] {serialized_objects.py:624} DEBUG - Cast type <class 'airflow.models.param.ParamsDict'> to str in serialization.
[2025-06-27T00:12:17.403+0000] {logging_mixin.py:188} INFO - [2025-06-27T00:12:17.403+0000] {serialized_objects.py:624} DEBUG - Cast type <class 'airflow.models.param.ParamsDict'> to str in serialization.
[2025-06-27T00:12:17.408+0000] {logging_mixin.py:188} INFO - [2025-06-27T00:12:17.407+0000] {serialized_objects.py:624} DEBUG - Cast type <class 'airflow.models.param.ParamsDict'> to str in serialization.
[2025-06-27T00:12:17.422+0000] {logging_mixin.py:188} INFO - [2025-06-27T00:12:17.421+0000] {serialized_dag.py:177} DEBUG - Serialized DAG (example_bash_operator) is unchanged. Skipping writing to DB
[2025-06-27T00:12:17.423+0000] {logging_mixin.py:188} INFO - [2025-06-27T00:12:17.423+0000] {dag.py:3096} INFO - Sync 1 DAGs
[2025-06-27T00:12:17.471+0000] {logging_mixin.py:188} INFO - [2025-06-27T00:12:17.470+0000] {dag.py:3954} INFO - Setting next_dagrun for example_bash_operator to 2025-06-26 00:00:00+00:00, run_after=2025-06-27 00:00:00+00:00
[2025-06-27T00:12:17.510+0000] {processor.py:183} INFO - Processing /home/airflow/.local/lib/python3.10/site-packages/airflow/example_dags/example_bash_operator.py took 0.268 seconds
[2025-06-27T00:12:47.988+0000] {logging_mixin.py:188} INFO - [2025-06-27T00:12:47.986+0000] {settings.py:250} DEBUG - Setting up DB connection pool (PID 12401)
[2025-06-27T00:12:47.990+0000] {logging_mixin.py:188} INFO - [2025-06-27T00:12:47.990+0000] {settings.py:330} DEBUG - settings.prepare_engine_args(): Using pool settings. pool_size=5, max_overflow=10, pool_recycle=1800, pid=12401
[2025-06-27T00:12:48.003+0000] {processor.py:161} INFO - Started process (PID=12401) to work on /home/airflow/.local/lib/python3.10/site-packages/airflow/example_dags/example_bash_operator.py
[2025-06-27T00:12:48.005+0000] {processor.py:830} INFO - Processing file /home/airflow/.local/lib/python3.10/site-packages/airflow/example_dags/example_bash_operator.py for tasks to queue
[2025-06-27T00:12:48.006+0000] {logging_mixin.py:188} INFO - [2025-06-27T00:12:48.006+0000] {dagbag.py:545} INFO - Filling up the DagBag from /home/airflow/.local/lib/python3.10/site-packages/airflow/example_dags/example_bash_operator.py
[2025-06-27T00:12:48.009+0000] {logging_mixin.py:188} INFO - [2025-06-27T00:12:48.009+0000] {dagbag.py:337} DEBUG - Importing /home/airflow/.local/lib/python3.10/site-packages/airflow/example_dags/example_bash_operator.py
[2025-06-27T00:12:48.016+0000] {logging_mixin.py:188} INFO - [2025-06-27T00:12:48.015+0000] {GetText.py:65} DEBUG - /home/airflow/.local/lib/python3.10/site-packages/cron_descriptor/locale/en_US.mo Loaded
[2025-06-27T00:12:48.032+0000] {logging_mixin.py:188} INFO - [2025-06-27T00:12:48.030+0000] {dagbag.py:511} DEBUG - Loaded DAG <DAG: example_bash_operator>
[2025-06-27T00:12:48.035+0000] {logging_mixin.py:188} INFO - [2025-06-27T00:12:48.035+0000] {dagbag.py:511} DEBUG - Loaded DAG <DAG: example_bash_operator>
[2025-06-27T00:12:48.037+0000] {processor.py:840} INFO - DAG(s) 'example_bash_operator' retrieved from /home/airflow/.local/lib/python3.10/site-packages/airflow/example_dags/example_bash_operator.py
[2025-06-27T00:12:48.040+0000] {logging_mixin.py:188} INFO - [2025-06-27T00:12:48.039+0000] {dagbag.py:667} DEBUG - Running dagbag.sync_to_db with retries. Try 1 of 3
[2025-06-27T00:12:48.042+0000] {logging_mixin.py:188} INFO - [2025-06-27T00:12:48.041+0000] {dagbag.py:672} DEBUG - Calling the DAG.bulk_sync_to_db method
[2025-06-27T00:12:48.065+0000] {logging_mixin.py:188} INFO - [2025-06-27T00:12:48.064+0000] {serialized_dag.py:166} DEBUG - Checking if DAG (example_bash_operator) changed
[2025-06-27T00:12:48.071+0000] {logging_mixin.py:188} INFO - [2025-06-27T00:12:48.071+0000] {serialized_objects.py:624} DEBUG - Cast type <class 'airflow.models.param.ParamsDict'> to str in serialization.
[2025-06-27T00:12:48.075+0000] {logging_mixin.py:188} INFO - [2025-06-27T00:12:48.075+0000] {serialized_objects.py:624} DEBUG - Cast type <class 'airflow.models.param.ParamsDict'> to str in serialization.
[2025-06-27T00:12:48.077+0000] {logging_mixin.py:188} INFO - [2025-06-27T00:12:48.077+0000] {serialized_objects.py:624} DEBUG - Cast type <class 'airflow.models.param.ParamsDict'> to str in serialization.
[2025-06-27T00:12:48.080+0000] {logging_mixin.py:188} INFO - [2025-06-27T00:12:48.080+0000] {serialized_objects.py:624} DEBUG - Cast type <class 'airflow.models.param.ParamsDict'> to str in serialization.
[2025-06-27T00:12:48.082+0000] {logging_mixin.py:188} INFO - [2025-06-27T00:12:48.082+0000] {serialized_objects.py:624} DEBUG - Cast type <class 'airflow.models.param.ParamsDict'> to str in serialization.
[2025-06-27T00:12:48.085+0000] {logging_mixin.py:188} INFO - [2025-06-27T00:12:48.085+0000] {serialized_objects.py:624} DEBUG - Cast type <class 'airflow.models.param.ParamsDict'> to str in serialization.
[2025-06-27T00:12:48.087+0000] {logging_mixin.py:188} INFO - [2025-06-27T00:12:48.087+0000] {serialized_objects.py:624} DEBUG - Cast type <class 'airflow.models.param.ParamsDict'> to str in serialization.
[2025-06-27T00:12:48.095+0000] {logging_mixin.py:188} INFO - [2025-06-27T00:12:48.094+0000] {serialized_dag.py:177} DEBUG - Serialized DAG (example_bash_operator) is unchanged. Skipping writing to DB
[2025-06-27T00:12:48.098+0000] {logging_mixin.py:188} INFO - [2025-06-27T00:12:48.097+0000] {dag.py:3096} INFO - Sync 1 DAGs
[2025-06-27T00:12:48.129+0000] {logging_mixin.py:188} INFO - [2025-06-27T00:12:48.129+0000] {dag.py:3954} INFO - Setting next_dagrun for example_bash_operator to 2025-06-26 00:00:00+00:00, run_after=2025-06-27 00:00:00+00:00
[2025-06-27T00:12:48.167+0000] {processor.py:183} INFO - Processing /home/airflow/.local/lib/python3.10/site-packages/airflow/example_dags/example_bash_operator.py took 0.181 seconds
[2025-06-27T00:13:18.276+0000] {logging_mixin.py:188} INFO - [2025-06-27T00:13:18.274+0000] {settings.py:250} DEBUG - Setting up DB connection pool (PID 12464)
[2025-06-27T00:13:18.280+0000] {logging_mixin.py:188} INFO - [2025-06-27T00:13:18.279+0000] {settings.py:330} DEBUG - settings.prepare_engine_args(): Using pool settings. pool_size=5, max_overflow=10, pool_recycle=1800, pid=12464
[2025-06-27T00:13:18.302+0000] {processor.py:161} INFO - Started process (PID=12464) to work on /home/airflow/.local/lib/python3.10/site-packages/airflow/example_dags/example_bash_operator.py
[2025-06-27T00:13:18.304+0000] {processor.py:830} INFO - Processing file /home/airflow/.local/lib/python3.10/site-packages/airflow/example_dags/example_bash_operator.py for tasks to queue
[2025-06-27T00:13:18.307+0000] {logging_mixin.py:188} INFO - [2025-06-27T00:13:18.306+0000] {dagbag.py:545} INFO - Filling up the DagBag from /home/airflow/.local/lib/python3.10/site-packages/airflow/example_dags/example_bash_operator.py
[2025-06-27T00:13:18.311+0000] {logging_mixin.py:188} INFO - [2025-06-27T00:13:18.310+0000] {dagbag.py:337} DEBUG - Importing /home/airflow/.local/lib/python3.10/site-packages/airflow/example_dags/example_bash_operator.py
[2025-06-27T00:13:18.321+0000] {logging_mixin.py:188} INFO - [2025-06-27T00:13:18.321+0000] {GetText.py:65} DEBUG - /home/airflow/.local/lib/python3.10/site-packages/cron_descriptor/locale/en_US.mo Loaded
[2025-06-27T00:13:18.346+0000] {logging_mixin.py:188} INFO - [2025-06-27T00:13:18.342+0000] {dagbag.py:511} DEBUG - Loaded DAG <DAG: example_bash_operator>
[2025-06-27T00:13:18.348+0000] {logging_mixin.py:188} INFO - [2025-06-27T00:13:18.348+0000] {dagbag.py:511} DEBUG - Loaded DAG <DAG: example_bash_operator>
[2025-06-27T00:13:18.349+0000] {processor.py:840} INFO - DAG(s) 'example_bash_operator' retrieved from /home/airflow/.local/lib/python3.10/site-packages/airflow/example_dags/example_bash_operator.py
[2025-06-27T00:13:18.353+0000] {logging_mixin.py:188} INFO - [2025-06-27T00:13:18.353+0000] {dagbag.py:667} DEBUG - Running dagbag.sync_to_db with retries. Try 1 of 3
[2025-06-27T00:13:18.354+0000] {logging_mixin.py:188} INFO - [2025-06-27T00:13:18.354+0000] {dagbag.py:672} DEBUG - Calling the DAG.bulk_sync_to_db method
[2025-06-27T00:13:18.383+0000] {logging_mixin.py:188} INFO - [2025-06-27T00:13:18.382+0000] {serialized_dag.py:166} DEBUG - Checking if DAG (example_bash_operator) changed
[2025-06-27T00:13:18.390+0000] {logging_mixin.py:188} INFO - [2025-06-27T00:13:18.389+0000] {serialized_objects.py:624} DEBUG - Cast type <class 'airflow.models.param.ParamsDict'> to str in serialization.
[2025-06-27T00:13:18.394+0000] {logging_mixin.py:188} INFO - [2025-06-27T00:13:18.394+0000] {serialized_objects.py:624} DEBUG - Cast type <class 'airflow.models.param.ParamsDict'> to str in serialization.
[2025-06-27T00:13:18.398+0000] {logging_mixin.py:188} INFO - [2025-06-27T00:13:18.397+0000] {serialized_objects.py:624} DEBUG - Cast type <class 'airflow.models.param.ParamsDict'> to str in serialization.
[2025-06-27T00:13:18.401+0000] {logging_mixin.py:188} INFO - [2025-06-27T00:13:18.401+0000] {serialized_objects.py:624} DEBUG - Cast type <class 'airflow.models.param.ParamsDict'> to str in serialization.
[2025-06-27T00:13:18.404+0000] {logging_mixin.py:188} INFO - [2025-06-27T00:13:18.404+0000] {serialized_objects.py:624} DEBUG - Cast type <class 'airflow.models.param.ParamsDict'> to str in serialization.
[2025-06-27T00:13:18.407+0000] {logging_mixin.py:188} INFO - [2025-06-27T00:13:18.407+0000] {serialized_objects.py:624} DEBUG - Cast type <class 'airflow.models.param.ParamsDict'> to str in serialization.
[2025-06-27T00:13:18.410+0000] {logging_mixin.py:188} INFO - [2025-06-27T00:13:18.409+0000] {serialized_objects.py:624} DEBUG - Cast type <class 'airflow.models.param.ParamsDict'> to str in serialization.
[2025-06-27T00:13:18.420+0000] {logging_mixin.py:188} INFO - [2025-06-27T00:13:18.420+0000] {serialized_dag.py:177} DEBUG - Serialized DAG (example_bash_operator) is unchanged. Skipping writing to DB
[2025-06-27T00:13:18.421+0000] {logging_mixin.py:188} INFO - [2025-06-27T00:13:18.421+0000] {dag.py:3096} INFO - Sync 1 DAGs
[2025-06-27T00:13:18.457+0000] {logging_mixin.py:188} INFO - [2025-06-27T00:13:18.457+0000] {dag.py:3954} INFO - Setting next_dagrun for example_bash_operator to 2025-06-26 00:00:00+00:00, run_after=2025-06-27 00:00:00+00:00
[2025-06-27T00:13:18.489+0000] {processor.py:183} INFO - Processing /home/airflow/.local/lib/python3.10/site-packages/airflow/example_dags/example_bash_operator.py took 0.216 seconds
[2025-06-27T00:13:48.631+0000] {logging_mixin.py:188} INFO - [2025-06-27T00:13:48.629+0000] {settings.py:250} DEBUG - Setting up DB connection pool (PID 12526)
[2025-06-27T00:13:48.636+0000] {logging_mixin.py:188} INFO - [2025-06-27T00:13:48.633+0000] {settings.py:330} DEBUG - settings.prepare_engine_args(): Using pool settings. pool_size=5, max_overflow=10, pool_recycle=1800, pid=12526
[2025-06-27T00:13:48.652+0000] {processor.py:161} INFO - Started process (PID=12526) to work on /home/airflow/.local/lib/python3.10/site-packages/airflow/example_dags/example_bash_operator.py
[2025-06-27T00:13:48.654+0000] {processor.py:830} INFO - Processing file /home/airflow/.local/lib/python3.10/site-packages/airflow/example_dags/example_bash_operator.py for tasks to queue
[2025-06-27T00:13:48.657+0000] {logging_mixin.py:188} INFO - [2025-06-27T00:13:48.656+0000] {dagbag.py:545} INFO - Filling up the DagBag from /home/airflow/.local/lib/python3.10/site-packages/airflow/example_dags/example_bash_operator.py
[2025-06-27T00:13:48.660+0000] {logging_mixin.py:188} INFO - [2025-06-27T00:13:48.660+0000] {dagbag.py:337} DEBUG - Importing /home/airflow/.local/lib/python3.10/site-packages/airflow/example_dags/example_bash_operator.py
[2025-06-27T00:13:48.669+0000] {logging_mixin.py:188} INFO - [2025-06-27T00:13:48.669+0000] {GetText.py:65} DEBUG - /home/airflow/.local/lib/python3.10/site-packages/cron_descriptor/locale/en_US.mo Loaded
[2025-06-27T00:13:48.693+0000] {logging_mixin.py:188} INFO - [2025-06-27T00:13:48.690+0000] {dagbag.py:511} DEBUG - Loaded DAG <DAG: example_bash_operator>
[2025-06-27T00:13:48.695+0000] {logging_mixin.py:188} INFO - [2025-06-27T00:13:48.694+0000] {dagbag.py:511} DEBUG - Loaded DAG <DAG: example_bash_operator>
[2025-06-27T00:13:48.695+0000] {processor.py:840} INFO - DAG(s) 'example_bash_operator' retrieved from /home/airflow/.local/lib/python3.10/site-packages/airflow/example_dags/example_bash_operator.py
[2025-06-27T00:13:48.698+0000] {logging_mixin.py:188} INFO - [2025-06-27T00:13:48.698+0000] {dagbag.py:667} DEBUG - Running dagbag.sync_to_db with retries. Try 1 of 3
[2025-06-27T00:13:48.699+0000] {logging_mixin.py:188} INFO - [2025-06-27T00:13:48.699+0000] {dagbag.py:672} DEBUG - Calling the DAG.bulk_sync_to_db method
[2025-06-27T00:13:48.736+0000] {logging_mixin.py:188} INFO - [2025-06-27T00:13:48.736+0000] {serialized_dag.py:166} DEBUG - Checking if DAG (example_bash_operator) changed
[2025-06-27T00:13:48.744+0000] {logging_mixin.py:188} INFO - [2025-06-27T00:13:48.743+0000] {serialized_objects.py:624} DEBUG - Cast type <class 'airflow.models.param.ParamsDict'> to str in serialization.
[2025-06-27T00:13:48.749+0000] {logging_mixin.py:188} INFO - [2025-06-27T00:13:48.749+0000] {serialized_objects.py:624} DEBUG - Cast type <class 'airflow.models.param.ParamsDict'> to str in serialization.
[2025-06-27T00:13:48.754+0000] {logging_mixin.py:188} INFO - [2025-06-27T00:13:48.754+0000] {serialized_objects.py:624} DEBUG - Cast type <class 'airflow.models.param.ParamsDict'> to str in serialization.
[2025-06-27T00:13:48.758+0000] {logging_mixin.py:188} INFO - [2025-06-27T00:13:48.758+0000] {serialized_objects.py:624} DEBUG - Cast type <class 'airflow.models.param.ParamsDict'> to str in serialization.
[2025-06-27T00:13:48.762+0000] {logging_mixin.py:188} INFO - [2025-06-27T00:13:48.762+0000] {serialized_objects.py:624} DEBUG - Cast type <class 'airflow.models.param.ParamsDict'> to str in serialization.
[2025-06-27T00:13:48.765+0000] {logging_mixin.py:188} INFO - [2025-06-27T00:13:48.765+0000] {serialized_objects.py:624} DEBUG - Cast type <class 'airflow.models.param.ParamsDict'> to str in serialization.
[2025-06-27T00:13:48.768+0000] {logging_mixin.py:188} INFO - [2025-06-27T00:13:48.768+0000] {serialized_objects.py:624} DEBUG - Cast type <class 'airflow.models.param.ParamsDict'> to str in serialization.
[2025-06-27T00:13:48.778+0000] {logging_mixin.py:188} INFO - [2025-06-27T00:13:48.777+0000] {serialized_dag.py:177} DEBUG - Serialized DAG (example_bash_operator) is unchanged. Skipping writing to DB
[2025-06-27T00:13:48.779+0000] {logging_mixin.py:188} INFO - [2025-06-27T00:13:48.778+0000] {dag.py:3096} INFO - Sync 1 DAGs
[2025-06-27T00:13:48.819+0000] {logging_mixin.py:188} INFO - [2025-06-27T00:13:48.818+0000] {dag.py:3954} INFO - Setting next_dagrun for example_bash_operator to 2025-06-26 00:00:00+00:00, run_after=2025-06-27 00:00:00+00:00
[2025-06-27T00:13:49.046+0000] {processor.py:183} INFO - Processing /home/airflow/.local/lib/python3.10/site-packages/airflow/example_dags/example_bash_operator.py took 0.417 seconds
[2025-06-27T00:14:19.170+0000] {logging_mixin.py:188} INFO - [2025-06-27T00:14:19.169+0000] {settings.py:250} DEBUG - Setting up DB connection pool (PID 12588)
[2025-06-27T00:14:19.172+0000] {logging_mixin.py:188} INFO - [2025-06-27T00:14:19.172+0000] {settings.py:330} DEBUG - settings.prepare_engine_args(): Using pool settings. pool_size=5, max_overflow=10, pool_recycle=1800, pid=12588
[2025-06-27T00:14:19.184+0000] {processor.py:161} INFO - Started process (PID=12588) to work on /home/airflow/.local/lib/python3.10/site-packages/airflow/example_dags/example_bash_operator.py
[2025-06-27T00:14:19.186+0000] {processor.py:830} INFO - Processing file /home/airflow/.local/lib/python3.10/site-packages/airflow/example_dags/example_bash_operator.py for tasks to queue
[2025-06-27T00:14:19.188+0000] {logging_mixin.py:188} INFO - [2025-06-27T00:14:19.187+0000] {dagbag.py:545} INFO - Filling up the DagBag from /home/airflow/.local/lib/python3.10/site-packages/airflow/example_dags/example_bash_operator.py
[2025-06-27T00:14:19.190+0000] {logging_mixin.py:188} INFO - [2025-06-27T00:14:19.190+0000] {dagbag.py:337} DEBUG - Importing /home/airflow/.local/lib/python3.10/site-packages/airflow/example_dags/example_bash_operator.py
[2025-06-27T00:14:19.197+0000] {logging_mixin.py:188} INFO - [2025-06-27T00:14:19.197+0000] {GetText.py:65} DEBUG - /home/airflow/.local/lib/python3.10/site-packages/cron_descriptor/locale/en_US.mo Loaded
[2025-06-27T00:14:19.213+0000] {logging_mixin.py:188} INFO - [2025-06-27T00:14:19.211+0000] {dagbag.py:511} DEBUG - Loaded DAG <DAG: example_bash_operator>
[2025-06-27T00:14:19.215+0000] {logging_mixin.py:188} INFO - [2025-06-27T00:14:19.215+0000] {dagbag.py:511} DEBUG - Loaded DAG <DAG: example_bash_operator>
[2025-06-27T00:14:19.216+0000] {processor.py:840} INFO - DAG(s) 'example_bash_operator' retrieved from /home/airflow/.local/lib/python3.10/site-packages/airflow/example_dags/example_bash_operator.py
[2025-06-27T00:14:19.219+0000] {logging_mixin.py:188} INFO - [2025-06-27T00:14:19.218+0000] {dagbag.py:667} DEBUG - Running dagbag.sync_to_db with retries. Try 1 of 3
[2025-06-27T00:14:19.220+0000] {logging_mixin.py:188} INFO - [2025-06-27T00:14:19.219+0000] {dagbag.py:672} DEBUG - Calling the DAG.bulk_sync_to_db method
[2025-06-27T00:14:19.243+0000] {logging_mixin.py:188} INFO - [2025-06-27T00:14:19.243+0000] {serialized_dag.py:166} DEBUG - Checking if DAG (example_bash_operator) changed
[2025-06-27T00:14:19.249+0000] {logging_mixin.py:188} INFO - [2025-06-27T00:14:19.248+0000] {serialized_objects.py:624} DEBUG - Cast type <class 'airflow.models.param.ParamsDict'> to str in serialization.
[2025-06-27T00:14:19.254+0000] {logging_mixin.py:188} INFO - [2025-06-27T00:14:19.253+0000] {serialized_objects.py:624} DEBUG - Cast type <class 'airflow.models.param.ParamsDict'> to str in serialization.
[2025-06-27T00:14:19.259+0000] {logging_mixin.py:188} INFO - [2025-06-27T00:14:19.258+0000] {serialized_objects.py:624} DEBUG - Cast type <class 'airflow.models.param.ParamsDict'> to str in serialization.
[2025-06-27T00:14:19.262+0000] {logging_mixin.py:188} INFO - [2025-06-27T00:14:19.262+0000] {serialized_objects.py:624} DEBUG - Cast type <class 'airflow.models.param.ParamsDict'> to str in serialization.
[2025-06-27T00:14:19.266+0000] {logging_mixin.py:188} INFO - [2025-06-27T00:14:19.266+0000] {serialized_objects.py:624} DEBUG - Cast type <class 'airflow.models.param.ParamsDict'> to str in serialization.
[2025-06-27T00:14:19.269+0000] {logging_mixin.py:188} INFO - [2025-06-27T00:14:19.269+0000] {serialized_objects.py:624} DEBUG - Cast type <class 'airflow.models.param.ParamsDict'> to str in serialization.
[2025-06-27T00:14:19.272+0000] {logging_mixin.py:188} INFO - [2025-06-27T00:14:19.272+0000] {serialized_objects.py:624} DEBUG - Cast type <class 'airflow.models.param.ParamsDict'> to str in serialization.
[2025-06-27T00:14:19.283+0000] {logging_mixin.py:188} INFO - [2025-06-27T00:14:19.282+0000] {serialized_dag.py:177} DEBUG - Serialized DAG (example_bash_operator) is unchanged. Skipping writing to DB
[2025-06-27T00:14:19.284+0000] {logging_mixin.py:188} INFO - [2025-06-27T00:14:19.284+0000] {dag.py:3096} INFO - Sync 1 DAGs
[2025-06-27T00:14:19.323+0000] {logging_mixin.py:188} INFO - [2025-06-27T00:14:19.323+0000] {dag.py:3954} INFO - Setting next_dagrun for example_bash_operator to 2025-06-26 00:00:00+00:00, run_after=2025-06-27 00:00:00+00:00
[2025-06-27T00:14:19.359+0000] {processor.py:183} INFO - Processing /home/airflow/.local/lib/python3.10/site-packages/airflow/example_dags/example_bash_operator.py took 0.191 seconds
[2025-06-27T00:14:49.461+0000] {logging_mixin.py:188} INFO - [2025-06-27T00:14:49.459+0000] {settings.py:250} DEBUG - Setting up DB connection pool (PID 12651)
[2025-06-27T00:14:49.464+0000] {logging_mixin.py:188} INFO - [2025-06-27T00:14:49.463+0000] {settings.py:330} DEBUG - settings.prepare_engine_args(): Using pool settings. pool_size=5, max_overflow=10, pool_recycle=1800, pid=12651
[2025-06-27T00:14:49.482+0000] {processor.py:161} INFO - Started process (PID=12651) to work on /home/airflow/.local/lib/python3.10/site-packages/airflow/example_dags/example_bash_operator.py
[2025-06-27T00:14:49.484+0000] {processor.py:830} INFO - Processing file /home/airflow/.local/lib/python3.10/site-packages/airflow/example_dags/example_bash_operator.py for tasks to queue
[2025-06-27T00:14:49.486+0000] {logging_mixin.py:188} INFO - [2025-06-27T00:14:49.486+0000] {dagbag.py:545} INFO - Filling up the DagBag from /home/airflow/.local/lib/python3.10/site-packages/airflow/example_dags/example_bash_operator.py
[2025-06-27T00:14:49.490+0000] {logging_mixin.py:188} INFO - [2025-06-27T00:14:49.490+0000] {dagbag.py:337} DEBUG - Importing /home/airflow/.local/lib/python3.10/site-packages/airflow/example_dags/example_bash_operator.py
[2025-06-27T00:14:49.497+0000] {logging_mixin.py:188} INFO - [2025-06-27T00:14:49.497+0000] {GetText.py:65} DEBUG - /home/airflow/.local/lib/python3.10/site-packages/cron_descriptor/locale/en_US.mo Loaded
[2025-06-27T00:14:49.518+0000] {logging_mixin.py:188} INFO - [2025-06-27T00:14:49.515+0000] {dagbag.py:511} DEBUG - Loaded DAG <DAG: example_bash_operator>
[2025-06-27T00:14:49.520+0000] {logging_mixin.py:188} INFO - [2025-06-27T00:14:49.520+0000] {dagbag.py:511} DEBUG - Loaded DAG <DAG: example_bash_operator>
[2025-06-27T00:14:49.521+0000] {processor.py:840} INFO - DAG(s) 'example_bash_operator' retrieved from /home/airflow/.local/lib/python3.10/site-packages/airflow/example_dags/example_bash_operator.py
[2025-06-27T00:14:49.525+0000] {logging_mixin.py:188} INFO - [2025-06-27T00:14:49.525+0000] {dagbag.py:667} DEBUG - Running dagbag.sync_to_db with retries. Try 1 of 3
[2025-06-27T00:14:49.526+0000] {logging_mixin.py:188} INFO - [2025-06-27T00:14:49.526+0000] {dagbag.py:672} DEBUG - Calling the DAG.bulk_sync_to_db method
[2025-06-27T00:14:49.555+0000] {logging_mixin.py:188} INFO - [2025-06-27T00:14:49.554+0000] {serialized_dag.py:166} DEBUG - Checking if DAG (example_bash_operator) changed
[2025-06-27T00:14:49.562+0000] {logging_mixin.py:188} INFO - [2025-06-27T00:14:49.561+0000] {serialized_objects.py:624} DEBUG - Cast type <class 'airflow.models.param.ParamsDict'> to str in serialization.
[2025-06-27T00:14:49.566+0000] {logging_mixin.py:188} INFO - [2025-06-27T00:14:49.565+0000] {serialized_objects.py:624} DEBUG - Cast type <class 'airflow.models.param.ParamsDict'> to str in serialization.
[2025-06-27T00:14:49.569+0000] {logging_mixin.py:188} INFO - [2025-06-27T00:14:49.569+0000] {serialized_objects.py:624} DEBUG - Cast type <class 'airflow.models.param.ParamsDict'> to str in serialization.
[2025-06-27T00:14:49.573+0000] {logging_mixin.py:188} INFO - [2025-06-27T00:14:49.573+0000] {serialized_objects.py:624} DEBUG - Cast type <class 'airflow.models.param.ParamsDict'> to str in serialization.
[2025-06-27T00:14:49.576+0000] {logging_mixin.py:188} INFO - [2025-06-27T00:14:49.576+0000] {serialized_objects.py:624} DEBUG - Cast type <class 'airflow.models.param.ParamsDict'> to str in serialization.
[2025-06-27T00:14:49.579+0000] {logging_mixin.py:188} INFO - [2025-06-27T00:14:49.579+0000] {serialized_objects.py:624} DEBUG - Cast type <class 'airflow.models.param.ParamsDict'> to str in serialization.
[2025-06-27T00:14:49.582+0000] {logging_mixin.py:188} INFO - [2025-06-27T00:14:49.581+0000] {serialized_objects.py:624} DEBUG - Cast type <class 'airflow.models.param.ParamsDict'> to str in serialization.
[2025-06-27T00:14:49.592+0000] {logging_mixin.py:188} INFO - [2025-06-27T00:14:49.592+0000] {serialized_dag.py:177} DEBUG - Serialized DAG (example_bash_operator) is unchanged. Skipping writing to DB
[2025-06-27T00:14:49.593+0000] {logging_mixin.py:188} INFO - [2025-06-27T00:14:49.593+0000] {dag.py:3096} INFO - Sync 1 DAGs
[2025-06-27T00:14:49.639+0000] {logging_mixin.py:188} INFO - [2025-06-27T00:14:49.639+0000] {dag.py:3954} INFO - Setting next_dagrun for example_bash_operator to 2025-06-26 00:00:00+00:00, run_after=2025-06-27 00:00:00+00:00
[2025-06-27T00:14:49.674+0000] {processor.py:183} INFO - Processing /home/airflow/.local/lib/python3.10/site-packages/airflow/example_dags/example_bash_operator.py took 0.215 seconds
[2025-06-27T00:15:20.648+0000] {logging_mixin.py:188} INFO - [2025-06-27T00:15:20.645+0000] {settings.py:250} DEBUG - Setting up DB connection pool (PID 12714)
[2025-06-27T00:15:20.650+0000] {logging_mixin.py:188} INFO - [2025-06-27T00:15:20.650+0000] {settings.py:330} DEBUG - settings.prepare_engine_args(): Using pool settings. pool_size=5, max_overflow=10, pool_recycle=1800, pid=12714
[2025-06-27T00:15:20.663+0000] {processor.py:161} INFO - Started process (PID=12714) to work on /home/airflow/.local/lib/python3.10/site-packages/airflow/example_dags/example_bash_operator.py
[2025-06-27T00:15:20.665+0000] {processor.py:830} INFO - Processing file /home/airflow/.local/lib/python3.10/site-packages/airflow/example_dags/example_bash_operator.py for tasks to queue
[2025-06-27T00:15:20.667+0000] {logging_mixin.py:188} INFO - [2025-06-27T00:15:20.667+0000] {dagbag.py:545} INFO - Filling up the DagBag from /home/airflow/.local/lib/python3.10/site-packages/airflow/example_dags/example_bash_operator.py
[2025-06-27T00:15:20.670+0000] {logging_mixin.py:188} INFO - [2025-06-27T00:15:20.669+0000] {dagbag.py:337} DEBUG - Importing /home/airflow/.local/lib/python3.10/site-packages/airflow/example_dags/example_bash_operator.py
[2025-06-27T00:15:20.676+0000] {logging_mixin.py:188} INFO - [2025-06-27T00:15:20.676+0000] {GetText.py:65} DEBUG - /home/airflow/.local/lib/python3.10/site-packages/cron_descriptor/locale/en_US.mo Loaded
[2025-06-27T00:15:20.692+0000] {logging_mixin.py:188} INFO - [2025-06-27T00:15:20.691+0000] {dagbag.py:511} DEBUG - Loaded DAG <DAG: example_bash_operator>
[2025-06-27T00:15:20.695+0000] {logging_mixin.py:188} INFO - [2025-06-27T00:15:20.694+0000] {dagbag.py:511} DEBUG - Loaded DAG <DAG: example_bash_operator>
[2025-06-27T00:15:20.696+0000] {processor.py:840} INFO - DAG(s) 'example_bash_operator' retrieved from /home/airflow/.local/lib/python3.10/site-packages/airflow/example_dags/example_bash_operator.py
[2025-06-27T00:15:20.698+0000] {logging_mixin.py:188} INFO - [2025-06-27T00:15:20.697+0000] {dagbag.py:667} DEBUG - Running dagbag.sync_to_db with retries. Try 1 of 3
[2025-06-27T00:15:20.698+0000] {logging_mixin.py:188} INFO - [2025-06-27T00:15:20.698+0000] {dagbag.py:672} DEBUG - Calling the DAG.bulk_sync_to_db method
[2025-06-27T00:15:20.720+0000] {logging_mixin.py:188} INFO - [2025-06-27T00:15:20.719+0000] {serialized_dag.py:166} DEBUG - Checking if DAG (example_bash_operator) changed
[2025-06-27T00:15:20.726+0000] {logging_mixin.py:188} INFO - [2025-06-27T00:15:20.725+0000] {serialized_objects.py:624} DEBUG - Cast type <class 'airflow.models.param.ParamsDict'> to str in serialization.
[2025-06-27T00:15:20.731+0000] {logging_mixin.py:188} INFO - [2025-06-27T00:15:20.730+0000] {serialized_objects.py:624} DEBUG - Cast type <class 'airflow.models.param.ParamsDict'> to str in serialization.
[2025-06-27T00:15:20.734+0000] {logging_mixin.py:188} INFO - [2025-06-27T00:15:20.733+0000] {serialized_objects.py:624} DEBUG - Cast type <class 'airflow.models.param.ParamsDict'> to str in serialization.
[2025-06-27T00:15:20.736+0000] {logging_mixin.py:188} INFO - [2025-06-27T00:15:20.736+0000] {serialized_objects.py:624} DEBUG - Cast type <class 'airflow.models.param.ParamsDict'> to str in serialization.
[2025-06-27T00:15:20.739+0000] {logging_mixin.py:188} INFO - [2025-06-27T00:15:20.739+0000] {serialized_objects.py:624} DEBUG - Cast type <class 'airflow.models.param.ParamsDict'> to str in serialization.
[2025-06-27T00:15:20.742+0000] {logging_mixin.py:188} INFO - [2025-06-27T00:15:20.742+0000] {serialized_objects.py:624} DEBUG - Cast type <class 'airflow.models.param.ParamsDict'> to str in serialization.
[2025-06-27T00:15:20.746+0000] {logging_mixin.py:188} INFO - [2025-06-27T00:15:20.745+0000] {serialized_objects.py:624} DEBUG - Cast type <class 'airflow.models.param.ParamsDict'> to str in serialization.
[2025-06-27T00:15:20.756+0000] {logging_mixin.py:188} INFO - [2025-06-27T00:15:20.755+0000] {serialized_dag.py:177} DEBUG - Serialized DAG (example_bash_operator) is unchanged. Skipping writing to DB
[2025-06-27T00:15:20.758+0000] {logging_mixin.py:188} INFO - [2025-06-27T00:15:20.757+0000] {dag.py:3096} INFO - Sync 1 DAGs
[2025-06-27T00:15:20.793+0000] {logging_mixin.py:188} INFO - [2025-06-27T00:15:20.793+0000] {dag.py:3954} INFO - Setting next_dagrun for example_bash_operator to 2025-06-26 00:00:00+00:00, run_after=2025-06-27 00:00:00+00:00
[2025-06-27T00:15:20.831+0000] {processor.py:183} INFO - Processing /home/airflow/.local/lib/python3.10/site-packages/airflow/example_dags/example_bash_operator.py took 0.186 seconds
[2025-06-27T00:15:51.597+0000] {logging_mixin.py:188} INFO - [2025-06-27T00:15:51.595+0000] {settings.py:250} DEBUG - Setting up DB connection pool (PID 12777)
[2025-06-27T00:15:51.601+0000] {logging_mixin.py:188} INFO - [2025-06-27T00:15:51.600+0000] {settings.py:330} DEBUG - settings.prepare_engine_args(): Using pool settings. pool_size=5, max_overflow=10, pool_recycle=1800, pid=12777
[2025-06-27T00:15:51.615+0000] {processor.py:161} INFO - Started process (PID=12777) to work on /home/airflow/.local/lib/python3.10/site-packages/airflow/example_dags/example_bash_operator.py
[2025-06-27T00:15:51.618+0000] {processor.py:830} INFO - Processing file /home/airflow/.local/lib/python3.10/site-packages/airflow/example_dags/example_bash_operator.py for tasks to queue
[2025-06-27T00:15:51.620+0000] {logging_mixin.py:188} INFO - [2025-06-27T00:15:51.620+0000] {dagbag.py:545} INFO - Filling up the DagBag from /home/airflow/.local/lib/python3.10/site-packages/airflow/example_dags/example_bash_operator.py
[2025-06-27T00:15:51.623+0000] {logging_mixin.py:188} INFO - [2025-06-27T00:15:51.623+0000] {dagbag.py:337} DEBUG - Importing /home/airflow/.local/lib/python3.10/site-packages/airflow/example_dags/example_bash_operator.py
[2025-06-27T00:15:51.629+0000] {logging_mixin.py:188} INFO - [2025-06-27T00:15:51.629+0000] {GetText.py:65} DEBUG - /home/airflow/.local/lib/python3.10/site-packages/cron_descriptor/locale/en_US.mo Loaded
[2025-06-27T00:15:51.647+0000] {logging_mixin.py:188} INFO - [2025-06-27T00:15:51.645+0000] {dagbag.py:511} DEBUG - Loaded DAG <DAG: example_bash_operator>
[2025-06-27T00:15:51.651+0000] {logging_mixin.py:188} INFO - [2025-06-27T00:15:51.651+0000] {dagbag.py:511} DEBUG - Loaded DAG <DAG: example_bash_operator>
[2025-06-27T00:15:51.652+0000] {processor.py:840} INFO - DAG(s) 'example_bash_operator' retrieved from /home/airflow/.local/lib/python3.10/site-packages/airflow/example_dags/example_bash_operator.py
[2025-06-27T00:15:51.655+0000] {logging_mixin.py:188} INFO - [2025-06-27T00:15:51.654+0000] {dagbag.py:667} DEBUG - Running dagbag.sync_to_db with retries. Try 1 of 3
[2025-06-27T00:15:51.656+0000] {logging_mixin.py:188} INFO - [2025-06-27T00:15:51.656+0000] {dagbag.py:672} DEBUG - Calling the DAG.bulk_sync_to_db method
[2025-06-27T00:15:51.677+0000] {logging_mixin.py:188} INFO - [2025-06-27T00:15:51.677+0000] {serialized_dag.py:166} DEBUG - Checking if DAG (example_bash_operator) changed
[2025-06-27T00:15:51.683+0000] {logging_mixin.py:188} INFO - [2025-06-27T00:15:51.682+0000] {serialized_objects.py:624} DEBUG - Cast type <class 'airflow.models.param.ParamsDict'> to str in serialization.
[2025-06-27T00:15:51.686+0000] {logging_mixin.py:188} INFO - [2025-06-27T00:15:51.686+0000] {serialized_objects.py:624} DEBUG - Cast type <class 'airflow.models.param.ParamsDict'> to str in serialization.
[2025-06-27T00:15:51.690+0000] {logging_mixin.py:188} INFO - [2025-06-27T00:15:51.689+0000] {serialized_objects.py:624} DEBUG - Cast type <class 'airflow.models.param.ParamsDict'> to str in serialization.
[2025-06-27T00:15:51.692+0000] {logging_mixin.py:188} INFO - [2025-06-27T00:15:51.692+0000] {serialized_objects.py:624} DEBUG - Cast type <class 'airflow.models.param.ParamsDict'> to str in serialization.
[2025-06-27T00:15:51.695+0000] {logging_mixin.py:188} INFO - [2025-06-27T00:15:51.695+0000] {serialized_objects.py:624} DEBUG - Cast type <class 'airflow.models.param.ParamsDict'> to str in serialization.
[2025-06-27T00:15:51.698+0000] {logging_mixin.py:188} INFO - [2025-06-27T00:15:51.698+0000] {serialized_objects.py:624} DEBUG - Cast type <class 'airflow.models.param.ParamsDict'> to str in serialization.
[2025-06-27T00:15:51.700+0000] {logging_mixin.py:188} INFO - [2025-06-27T00:15:51.700+0000] {serialized_objects.py:624} DEBUG - Cast type <class 'airflow.models.param.ParamsDict'> to str in serialization.
[2025-06-27T00:15:51.711+0000] {logging_mixin.py:188} INFO - [2025-06-27T00:15:51.711+0000] {serialized_dag.py:177} DEBUG - Serialized DAG (example_bash_operator) is unchanged. Skipping writing to DB
[2025-06-27T00:15:51.712+0000] {logging_mixin.py:188} INFO - [2025-06-27T00:15:51.712+0000] {dag.py:3096} INFO - Sync 1 DAGs
[2025-06-27T00:15:51.748+0000] {logging_mixin.py:188} INFO - [2025-06-27T00:15:51.748+0000] {dag.py:3954} INFO - Setting next_dagrun for example_bash_operator to 2025-06-26 00:00:00+00:00, run_after=2025-06-27 00:00:00+00:00
[2025-06-27T00:15:51.778+0000] {processor.py:183} INFO - Processing /home/airflow/.local/lib/python3.10/site-packages/airflow/example_dags/example_bash_operator.py took 0.183 seconds
[2025-06-27T00:16:22.009+0000] {logging_mixin.py:188} INFO - [2025-06-27T00:16:22.008+0000] {settings.py:250} DEBUG - Setting up DB connection pool (PID 12840)
[2025-06-27T00:16:22.010+0000] {logging_mixin.py:188} INFO - [2025-06-27T00:16:22.010+0000] {settings.py:330} DEBUG - settings.prepare_engine_args(): Using pool settings. pool_size=5, max_overflow=10, pool_recycle=1800, pid=12840
[2025-06-27T00:16:22.020+0000] {processor.py:161} INFO - Started process (PID=12840) to work on /home/airflow/.local/lib/python3.10/site-packages/airflow/example_dags/example_bash_operator.py
[2025-06-27T00:16:22.021+0000] {processor.py:830} INFO - Processing file /home/airflow/.local/lib/python3.10/site-packages/airflow/example_dags/example_bash_operator.py for tasks to queue
[2025-06-27T00:16:22.023+0000] {logging_mixin.py:188} INFO - [2025-06-27T00:16:22.023+0000] {dagbag.py:545} INFO - Filling up the DagBag from /home/airflow/.local/lib/python3.10/site-packages/airflow/example_dags/example_bash_operator.py
[2025-06-27T00:16:22.027+0000] {logging_mixin.py:188} INFO - [2025-06-27T00:16:22.027+0000] {dagbag.py:337} DEBUG - Importing /home/airflow/.local/lib/python3.10/site-packages/airflow/example_dags/example_bash_operator.py
[2025-06-27T00:16:22.032+0000] {logging_mixin.py:188} INFO - [2025-06-27T00:16:22.032+0000] {GetText.py:65} DEBUG - /home/airflow/.local/lib/python3.10/site-packages/cron_descriptor/locale/en_US.mo Loaded
[2025-06-27T00:16:22.048+0000] {logging_mixin.py:188} INFO - [2025-06-27T00:16:22.046+0000] {dagbag.py:511} DEBUG - Loaded DAG <DAG: example_bash_operator>
[2025-06-27T00:16:22.051+0000] {logging_mixin.py:188} INFO - [2025-06-27T00:16:22.050+0000] {dagbag.py:511} DEBUG - Loaded DAG <DAG: example_bash_operator>
[2025-06-27T00:16:22.052+0000] {processor.py:840} INFO - DAG(s) 'example_bash_operator' retrieved from /home/airflow/.local/lib/python3.10/site-packages/airflow/example_dags/example_bash_operator.py
[2025-06-27T00:16:22.054+0000] {logging_mixin.py:188} INFO - [2025-06-27T00:16:22.054+0000] {dagbag.py:667} DEBUG - Running dagbag.sync_to_db with retries. Try 1 of 3
[2025-06-27T00:16:22.055+0000] {logging_mixin.py:188} INFO - [2025-06-27T00:16:22.055+0000] {dagbag.py:672} DEBUG - Calling the DAG.bulk_sync_to_db method
[2025-06-27T00:16:22.087+0000] {logging_mixin.py:188} INFO - [2025-06-27T00:16:22.087+0000] {serialized_dag.py:166} DEBUG - Checking if DAG (example_bash_operator) changed
[2025-06-27T00:16:22.094+0000] {logging_mixin.py:188} INFO - [2025-06-27T00:16:22.094+0000] {serialized_objects.py:624} DEBUG - Cast type <class 'airflow.models.param.ParamsDict'> to str in serialization.
[2025-06-27T00:16:22.098+0000] {logging_mixin.py:188} INFO - [2025-06-27T00:16:22.097+0000] {serialized_objects.py:624} DEBUG - Cast type <class 'airflow.models.param.ParamsDict'> to str in serialization.
[2025-06-27T00:16:22.100+0000] {logging_mixin.py:188} INFO - [2025-06-27T00:16:22.100+0000] {serialized_objects.py:624} DEBUG - Cast type <class 'airflow.models.param.ParamsDict'> to str in serialization.
[2025-06-27T00:16:22.102+0000] {logging_mixin.py:188} INFO - [2025-06-27T00:16:22.102+0000] {serialized_objects.py:624} DEBUG - Cast type <class 'airflow.models.param.ParamsDict'> to str in serialization.
[2025-06-27T00:16:22.105+0000] {logging_mixin.py:188} INFO - [2025-06-27T00:16:22.105+0000] {serialized_objects.py:624} DEBUG - Cast type <class 'airflow.models.param.ParamsDict'> to str in serialization.
[2025-06-27T00:16:22.107+0000] {logging_mixin.py:188} INFO - [2025-06-27T00:16:22.107+0000] {serialized_objects.py:624} DEBUG - Cast type <class 'airflow.models.param.ParamsDict'> to str in serialization.
[2025-06-27T00:16:22.110+0000] {logging_mixin.py:188} INFO - [2025-06-27T00:16:22.109+0000] {serialized_objects.py:624} DEBUG - Cast type <class 'airflow.models.param.ParamsDict'> to str in serialization.
[2025-06-27T00:16:22.119+0000] {logging_mixin.py:188} INFO - [2025-06-27T00:16:22.119+0000] {serialized_dag.py:177} DEBUG - Serialized DAG (example_bash_operator) is unchanged. Skipping writing to DB
[2025-06-27T00:16:22.120+0000] {logging_mixin.py:188} INFO - [2025-06-27T00:16:22.120+0000] {dag.py:3096} INFO - Sync 1 DAGs
[2025-06-27T00:16:22.166+0000] {logging_mixin.py:188} INFO - [2025-06-27T00:16:22.165+0000] {dag.py:3954} INFO - Setting next_dagrun for example_bash_operator to 2025-06-26 00:00:00+00:00, run_after=2025-06-27 00:00:00+00:00
[2025-06-27T00:16:22.204+0000] {processor.py:183} INFO - Processing /home/airflow/.local/lib/python3.10/site-packages/airflow/example_dags/example_bash_operator.py took 0.196 seconds
[2025-06-27T00:16:52.767+0000] {logging_mixin.py:188} INFO - [2025-06-27T00:16:52.765+0000] {settings.py:250} DEBUG - Setting up DB connection pool (PID 12904)
[2025-06-27T00:16:52.769+0000] {logging_mixin.py:188} INFO - [2025-06-27T00:16:52.769+0000] {settings.py:330} DEBUG - settings.prepare_engine_args(): Using pool settings. pool_size=5, max_overflow=10, pool_recycle=1800, pid=12904
[2025-06-27T00:16:52.787+0000] {processor.py:161} INFO - Started process (PID=12904) to work on /home/airflow/.local/lib/python3.10/site-packages/airflow/example_dags/example_bash_operator.py
[2025-06-27T00:16:52.788+0000] {processor.py:830} INFO - Processing file /home/airflow/.local/lib/python3.10/site-packages/airflow/example_dags/example_bash_operator.py for tasks to queue
[2025-06-27T00:16:52.790+0000] {logging_mixin.py:188} INFO - [2025-06-27T00:16:52.790+0000] {dagbag.py:545} INFO - Filling up the DagBag from /home/airflow/.local/lib/python3.10/site-packages/airflow/example_dags/example_bash_operator.py
[2025-06-27T00:16:52.794+0000] {logging_mixin.py:188} INFO - [2025-06-27T00:16:52.794+0000] {dagbag.py:337} DEBUG - Importing /home/airflow/.local/lib/python3.10/site-packages/airflow/example_dags/example_bash_operator.py
[2025-06-27T00:16:52.802+0000] {logging_mixin.py:188} INFO - [2025-06-27T00:16:52.802+0000] {GetText.py:65} DEBUG - /home/airflow/.local/lib/python3.10/site-packages/cron_descriptor/locale/en_US.mo Loaded
[2025-06-27T00:16:52.820+0000] {logging_mixin.py:188} INFO - [2025-06-27T00:16:52.818+0000] {dagbag.py:511} DEBUG - Loaded DAG <DAG: example_bash_operator>
[2025-06-27T00:16:52.823+0000] {logging_mixin.py:188} INFO - [2025-06-27T00:16:52.822+0000] {dagbag.py:511} DEBUG - Loaded DAG <DAG: example_bash_operator>
[2025-06-27T00:16:52.823+0000] {processor.py:840} INFO - DAG(s) 'example_bash_operator' retrieved from /home/airflow/.local/lib/python3.10/site-packages/airflow/example_dags/example_bash_operator.py
[2025-06-27T00:16:52.826+0000] {logging_mixin.py:188} INFO - [2025-06-27T00:16:52.826+0000] {dagbag.py:667} DEBUG - Running dagbag.sync_to_db with retries. Try 1 of 3
[2025-06-27T00:16:52.827+0000] {logging_mixin.py:188} INFO - [2025-06-27T00:16:52.827+0000] {dagbag.py:672} DEBUG - Calling the DAG.bulk_sync_to_db method
[2025-06-27T00:16:52.856+0000] {logging_mixin.py:188} INFO - [2025-06-27T00:16:52.855+0000] {serialized_dag.py:166} DEBUG - Checking if DAG (example_bash_operator) changed
[2025-06-27T00:16:52.863+0000] {logging_mixin.py:188} INFO - [2025-06-27T00:16:52.862+0000] {serialized_objects.py:624} DEBUG - Cast type <class 'airflow.models.param.ParamsDict'> to str in serialization.
[2025-06-27T00:16:52.866+0000] {logging_mixin.py:188} INFO - [2025-06-27T00:16:52.866+0000] {serialized_objects.py:624} DEBUG - Cast type <class 'airflow.models.param.ParamsDict'> to str in serialization.
[2025-06-27T00:16:52.869+0000] {logging_mixin.py:188} INFO - [2025-06-27T00:16:52.869+0000] {serialized_objects.py:624} DEBUG - Cast type <class 'airflow.models.param.ParamsDict'> to str in serialization.
[2025-06-27T00:16:52.872+0000] {logging_mixin.py:188} INFO - [2025-06-27T00:16:52.871+0000] {serialized_objects.py:624} DEBUG - Cast type <class 'airflow.models.param.ParamsDict'> to str in serialization.
[2025-06-27T00:16:52.875+0000] {logging_mixin.py:188} INFO - [2025-06-27T00:16:52.875+0000] {serialized_objects.py:624} DEBUG - Cast type <class 'airflow.models.param.ParamsDict'> to str in serialization.
[2025-06-27T00:16:52.878+0000] {logging_mixin.py:188} INFO - [2025-06-27T00:16:52.878+0000] {serialized_objects.py:624} DEBUG - Cast type <class 'airflow.models.param.ParamsDict'> to str in serialization.
[2025-06-27T00:16:52.882+0000] {logging_mixin.py:188} INFO - [2025-06-27T00:16:52.881+0000] {serialized_objects.py:624} DEBUG - Cast type <class 'airflow.models.param.ParamsDict'> to str in serialization.
[2025-06-27T00:16:52.894+0000] {logging_mixin.py:188} INFO - [2025-06-27T00:16:52.893+0000] {serialized_dag.py:177} DEBUG - Serialized DAG (example_bash_operator) is unchanged. Skipping writing to DB
[2025-06-27T00:16:52.895+0000] {logging_mixin.py:188} INFO - [2025-06-27T00:16:52.895+0000] {dag.py:3096} INFO - Sync 1 DAGs
[2025-06-27T00:16:52.945+0000] {logging_mixin.py:188} INFO - [2025-06-27T00:16:52.944+0000] {dag.py:3954} INFO - Setting next_dagrun for example_bash_operator to 2025-06-26 00:00:00+00:00, run_after=2025-06-27 00:00:00+00:00
[2025-06-27T00:16:52.984+0000] {processor.py:183} INFO - Processing /home/airflow/.local/lib/python3.10/site-packages/airflow/example_dags/example_bash_operator.py took 0.220 seconds
[2025-06-27T00:17:23.164+0000] {logging_mixin.py:188} INFO - [2025-06-27T00:17:23.162+0000] {settings.py:250} DEBUG - Setting up DB connection pool (PID 12967)
[2025-06-27T00:17:23.166+0000] {logging_mixin.py:188} INFO - [2025-06-27T00:17:23.165+0000] {settings.py:330} DEBUG - settings.prepare_engine_args(): Using pool settings. pool_size=5, max_overflow=10, pool_recycle=1800, pid=12967
[2025-06-27T00:17:23.175+0000] {processor.py:161} INFO - Started process (PID=12967) to work on /home/airflow/.local/lib/python3.10/site-packages/airflow/example_dags/example_bash_operator.py
[2025-06-27T00:17:23.176+0000] {processor.py:830} INFO - Processing file /home/airflow/.local/lib/python3.10/site-packages/airflow/example_dags/example_bash_operator.py for tasks to queue
[2025-06-27T00:17:23.178+0000] {logging_mixin.py:188} INFO - [2025-06-27T00:17:23.177+0000] {dagbag.py:545} INFO - Filling up the DagBag from /home/airflow/.local/lib/python3.10/site-packages/airflow/example_dags/example_bash_operator.py
[2025-06-27T00:17:23.180+0000] {logging_mixin.py:188} INFO - [2025-06-27T00:17:23.180+0000] {dagbag.py:337} DEBUG - Importing /home/airflow/.local/lib/python3.10/site-packages/airflow/example_dags/example_bash_operator.py
[2025-06-27T00:17:23.188+0000] {logging_mixin.py:188} INFO - [2025-06-27T00:17:23.188+0000] {GetText.py:65} DEBUG - /home/airflow/.local/lib/python3.10/site-packages/cron_descriptor/locale/en_US.mo Loaded
[2025-06-27T00:17:23.204+0000] {logging_mixin.py:188} INFO - [2025-06-27T00:17:23.202+0000] {dagbag.py:511} DEBUG - Loaded DAG <DAG: example_bash_operator>
[2025-06-27T00:17:23.206+0000] {logging_mixin.py:188} INFO - [2025-06-27T00:17:23.206+0000] {dagbag.py:511} DEBUG - Loaded DAG <DAG: example_bash_operator>
[2025-06-27T00:17:23.207+0000] {processor.py:840} INFO - DAG(s) 'example_bash_operator' retrieved from /home/airflow/.local/lib/python3.10/site-packages/airflow/example_dags/example_bash_operator.py
[2025-06-27T00:17:23.209+0000] {logging_mixin.py:188} INFO - [2025-06-27T00:17:23.209+0000] {dagbag.py:667} DEBUG - Running dagbag.sync_to_db with retries. Try 1 of 3
[2025-06-27T00:17:23.210+0000] {logging_mixin.py:188} INFO - [2025-06-27T00:17:23.210+0000] {dagbag.py:672} DEBUG - Calling the DAG.bulk_sync_to_db method
[2025-06-27T00:17:23.236+0000] {logging_mixin.py:188} INFO - [2025-06-27T00:17:23.236+0000] {serialized_dag.py:166} DEBUG - Checking if DAG (example_bash_operator) changed
[2025-06-27T00:17:23.243+0000] {logging_mixin.py:188} INFO - [2025-06-27T00:17:23.242+0000] {serialized_objects.py:624} DEBUG - Cast type <class 'airflow.models.param.ParamsDict'> to str in serialization.
[2025-06-27T00:17:23.246+0000] {logging_mixin.py:188} INFO - [2025-06-27T00:17:23.246+0000] {serialized_objects.py:624} DEBUG - Cast type <class 'airflow.models.param.ParamsDict'> to str in serialization.
[2025-06-27T00:17:23.249+0000] {logging_mixin.py:188} INFO - [2025-06-27T00:17:23.249+0000] {serialized_objects.py:624} DEBUG - Cast type <class 'airflow.models.param.ParamsDict'> to str in serialization.
[2025-06-27T00:17:23.252+0000] {logging_mixin.py:188} INFO - [2025-06-27T00:17:23.252+0000] {serialized_objects.py:624} DEBUG - Cast type <class 'airflow.models.param.ParamsDict'> to str in serialization.
[2025-06-27T00:17:23.256+0000] {logging_mixin.py:188} INFO - [2025-06-27T00:17:23.255+0000] {serialized_objects.py:624} DEBUG - Cast type <class 'airflow.models.param.ParamsDict'> to str in serialization.
[2025-06-27T00:17:23.258+0000] {logging_mixin.py:188} INFO - [2025-06-27T00:17:23.258+0000] {serialized_objects.py:624} DEBUG - Cast type <class 'airflow.models.param.ParamsDict'> to str in serialization.
[2025-06-27T00:17:23.261+0000] {logging_mixin.py:188} INFO - [2025-06-27T00:17:23.260+0000] {serialized_objects.py:624} DEBUG - Cast type <class 'airflow.models.param.ParamsDict'> to str in serialization.
[2025-06-27T00:17:23.269+0000] {logging_mixin.py:188} INFO - [2025-06-27T00:17:23.269+0000] {serialized_dag.py:177} DEBUG - Serialized DAG (example_bash_operator) is unchanged. Skipping writing to DB
[2025-06-27T00:17:23.270+0000] {logging_mixin.py:188} INFO - [2025-06-27T00:17:23.270+0000] {dag.py:3096} INFO - Sync 1 DAGs
[2025-06-27T00:17:23.304+0000] {logging_mixin.py:188} INFO - [2025-06-27T00:17:23.303+0000] {dag.py:3954} INFO - Setting next_dagrun for example_bash_operator to 2025-06-26 00:00:00+00:00, run_after=2025-06-27 00:00:00+00:00
[2025-06-27T00:17:23.339+0000] {processor.py:183} INFO - Processing /home/airflow/.local/lib/python3.10/site-packages/airflow/example_dags/example_bash_operator.py took 0.177 seconds
[2025-06-27T00:17:54.294+0000] {logging_mixin.py:188} INFO - [2025-06-27T00:17:54.292+0000] {settings.py:250} DEBUG - Setting up DB connection pool (PID 13030)
[2025-06-27T00:17:54.296+0000] {logging_mixin.py:188} INFO - [2025-06-27T00:17:54.296+0000] {settings.py:330} DEBUG - settings.prepare_engine_args(): Using pool settings. pool_size=5, max_overflow=10, pool_recycle=1800, pid=13030
[2025-06-27T00:17:54.310+0000] {processor.py:161} INFO - Started process (PID=13030) to work on /home/airflow/.local/lib/python3.10/site-packages/airflow/example_dags/example_bash_operator.py
[2025-06-27T00:17:54.312+0000] {processor.py:830} INFO - Processing file /home/airflow/.local/lib/python3.10/site-packages/airflow/example_dags/example_bash_operator.py for tasks to queue
[2025-06-27T00:17:54.315+0000] {logging_mixin.py:188} INFO - [2025-06-27T00:17:54.314+0000] {dagbag.py:545} INFO - Filling up the DagBag from /home/airflow/.local/lib/python3.10/site-packages/airflow/example_dags/example_bash_operator.py
[2025-06-27T00:17:54.318+0000] {logging_mixin.py:188} INFO - [2025-06-27T00:17:54.318+0000] {dagbag.py:337} DEBUG - Importing /home/airflow/.local/lib/python3.10/site-packages/airflow/example_dags/example_bash_operator.py
[2025-06-27T00:17:54.324+0000] {logging_mixin.py:188} INFO - [2025-06-27T00:17:54.323+0000] {GetText.py:65} DEBUG - /home/airflow/.local/lib/python3.10/site-packages/cron_descriptor/locale/en_US.mo Loaded
[2025-06-27T00:17:54.351+0000] {logging_mixin.py:188} INFO - [2025-06-27T00:17:54.349+0000] {dagbag.py:511} DEBUG - Loaded DAG <DAG: example_bash_operator>
[2025-06-27T00:17:54.354+0000] {logging_mixin.py:188} INFO - [2025-06-27T00:17:54.353+0000] {dagbag.py:511} DEBUG - Loaded DAG <DAG: example_bash_operator>
[2025-06-27T00:17:54.355+0000] {processor.py:840} INFO - DAG(s) 'example_bash_operator' retrieved from /home/airflow/.local/lib/python3.10/site-packages/airflow/example_dags/example_bash_operator.py
[2025-06-27T00:17:54.359+0000] {logging_mixin.py:188} INFO - [2025-06-27T00:17:54.359+0000] {dagbag.py:667} DEBUG - Running dagbag.sync_to_db with retries. Try 1 of 3
[2025-06-27T00:17:54.361+0000] {logging_mixin.py:188} INFO - [2025-06-27T00:17:54.360+0000] {dagbag.py:672} DEBUG - Calling the DAG.bulk_sync_to_db method
[2025-06-27T00:17:54.388+0000] {logging_mixin.py:188} INFO - [2025-06-27T00:17:54.387+0000] {serialized_dag.py:166} DEBUG - Checking if DAG (example_bash_operator) changed
[2025-06-27T00:17:54.394+0000] {logging_mixin.py:188} INFO - [2025-06-27T00:17:54.393+0000] {serialized_objects.py:624} DEBUG - Cast type <class 'airflow.models.param.ParamsDict'> to str in serialization.
[2025-06-27T00:17:54.398+0000] {logging_mixin.py:188} INFO - [2025-06-27T00:17:54.397+0000] {serialized_objects.py:624} DEBUG - Cast type <class 'airflow.models.param.ParamsDict'> to str in serialization.
[2025-06-27T00:17:54.400+0000] {logging_mixin.py:188} INFO - [2025-06-27T00:17:54.400+0000] {serialized_objects.py:624} DEBUG - Cast type <class 'airflow.models.param.ParamsDict'> to str in serialization.
[2025-06-27T00:17:54.402+0000] {logging_mixin.py:188} INFO - [2025-06-27T00:17:54.402+0000] {serialized_objects.py:624} DEBUG - Cast type <class 'airflow.models.param.ParamsDict'> to str in serialization.
[2025-06-27T00:17:54.405+0000] {logging_mixin.py:188} INFO - [2025-06-27T00:17:54.405+0000] {serialized_objects.py:624} DEBUG - Cast type <class 'airflow.models.param.ParamsDict'> to str in serialization.
[2025-06-27T00:17:54.407+0000] {logging_mixin.py:188} INFO - [2025-06-27T00:17:54.407+0000] {serialized_objects.py:624} DEBUG - Cast type <class 'airflow.models.param.ParamsDict'> to str in serialization.
[2025-06-27T00:17:54.411+0000] {logging_mixin.py:188} INFO - [2025-06-27T00:17:54.410+0000] {serialized_objects.py:624} DEBUG - Cast type <class 'airflow.models.param.ParamsDict'> to str in serialization.
[2025-06-27T00:17:54.419+0000] {logging_mixin.py:188} INFO - [2025-06-27T00:17:54.419+0000] {serialized_dag.py:177} DEBUG - Serialized DAG (example_bash_operator) is unchanged. Skipping writing to DB
[2025-06-27T00:17:54.420+0000] {logging_mixin.py:188} INFO - [2025-06-27T00:17:54.420+0000] {dag.py:3096} INFO - Sync 1 DAGs
[2025-06-27T00:17:54.451+0000] {logging_mixin.py:188} INFO - [2025-06-27T00:17:54.451+0000] {dag.py:3954} INFO - Setting next_dagrun for example_bash_operator to 2025-06-26 00:00:00+00:00, run_after=2025-06-27 00:00:00+00:00
[2025-06-27T00:17:54.482+0000] {processor.py:183} INFO - Processing /home/airflow/.local/lib/python3.10/site-packages/airflow/example_dags/example_bash_operator.py took 0.191 seconds
[2025-06-27T00:18:25.460+0000] {logging_mixin.py:188} INFO - [2025-06-27T00:18:25.459+0000] {settings.py:250} DEBUG - Setting up DB connection pool (PID 13093)
[2025-06-27T00:18:25.463+0000] {logging_mixin.py:188} INFO - [2025-06-27T00:18:25.462+0000] {settings.py:330} DEBUG - settings.prepare_engine_args(): Using pool settings. pool_size=5, max_overflow=10, pool_recycle=1800, pid=13093
[2025-06-27T00:18:25.476+0000] {processor.py:161} INFO - Started process (PID=13093) to work on /home/airflow/.local/lib/python3.10/site-packages/airflow/example_dags/example_bash_operator.py
[2025-06-27T00:18:25.479+0000] {processor.py:830} INFO - Processing file /home/airflow/.local/lib/python3.10/site-packages/airflow/example_dags/example_bash_operator.py for tasks to queue
[2025-06-27T00:18:25.483+0000] {logging_mixin.py:188} INFO - [2025-06-27T00:18:25.482+0000] {dagbag.py:545} INFO - Filling up the DagBag from /home/airflow/.local/lib/python3.10/site-packages/airflow/example_dags/example_bash_operator.py
[2025-06-27T00:18:25.485+0000] {logging_mixin.py:188} INFO - [2025-06-27T00:18:25.485+0000] {dagbag.py:337} DEBUG - Importing /home/airflow/.local/lib/python3.10/site-packages/airflow/example_dags/example_bash_operator.py
[2025-06-27T00:18:25.495+0000] {logging_mixin.py:188} INFO - [2025-06-27T00:18:25.495+0000] {GetText.py:65} DEBUG - /home/airflow/.local/lib/python3.10/site-packages/cron_descriptor/locale/en_US.mo Loaded
[2025-06-27T00:18:25.519+0000] {logging_mixin.py:188} INFO - [2025-06-27T00:18:25.516+0000] {dagbag.py:511} DEBUG - Loaded DAG <DAG: example_bash_operator>
[2025-06-27T00:18:25.521+0000] {logging_mixin.py:188} INFO - [2025-06-27T00:18:25.521+0000] {dagbag.py:511} DEBUG - Loaded DAG <DAG: example_bash_operator>
[2025-06-27T00:18:25.522+0000] {processor.py:840} INFO - DAG(s) 'example_bash_operator' retrieved from /home/airflow/.local/lib/python3.10/site-packages/airflow/example_dags/example_bash_operator.py
[2025-06-27T00:18:25.524+0000] {logging_mixin.py:188} INFO - [2025-06-27T00:18:25.524+0000] {dagbag.py:667} DEBUG - Running dagbag.sync_to_db with retries. Try 1 of 3
[2025-06-27T00:18:25.525+0000] {logging_mixin.py:188} INFO - [2025-06-27T00:18:25.525+0000] {dagbag.py:672} DEBUG - Calling the DAG.bulk_sync_to_db method
[2025-06-27T00:18:25.547+0000] {logging_mixin.py:188} INFO - [2025-06-27T00:18:25.547+0000] {serialized_dag.py:166} DEBUG - Checking if DAG (example_bash_operator) changed
[2025-06-27T00:18:25.553+0000] {logging_mixin.py:188} INFO - [2025-06-27T00:18:25.552+0000] {serialized_objects.py:624} DEBUG - Cast type <class 'airflow.models.param.ParamsDict'> to str in serialization.
[2025-06-27T00:18:25.556+0000] {logging_mixin.py:188} INFO - [2025-06-27T00:18:25.555+0000] {serialized_objects.py:624} DEBUG - Cast type <class 'airflow.models.param.ParamsDict'> to str in serialization.
[2025-06-27T00:18:25.558+0000] {logging_mixin.py:188} INFO - [2025-06-27T00:18:25.558+0000] {serialized_objects.py:624} DEBUG - Cast type <class 'airflow.models.param.ParamsDict'> to str in serialization.
[2025-06-27T00:18:25.560+0000] {logging_mixin.py:188} INFO - [2025-06-27T00:18:25.560+0000] {serialized_objects.py:624} DEBUG - Cast type <class 'airflow.models.param.ParamsDict'> to str in serialization.
[2025-06-27T00:18:25.563+0000] {logging_mixin.py:188} INFO - [2025-06-27T00:18:25.563+0000] {serialized_objects.py:624} DEBUG - Cast type <class 'airflow.models.param.ParamsDict'> to str in serialization.
[2025-06-27T00:18:25.567+0000] {logging_mixin.py:188} INFO - [2025-06-27T00:18:25.566+0000] {serialized_objects.py:624} DEBUG - Cast type <class 'airflow.models.param.ParamsDict'> to str in serialization.
[2025-06-27T00:18:25.570+0000] {logging_mixin.py:188} INFO - [2025-06-27T00:18:25.570+0000] {serialized_objects.py:624} DEBUG - Cast type <class 'airflow.models.param.ParamsDict'> to str in serialization.
[2025-06-27T00:18:25.579+0000] {logging_mixin.py:188} INFO - [2025-06-27T00:18:25.579+0000] {serialized_dag.py:177} DEBUG - Serialized DAG (example_bash_operator) is unchanged. Skipping writing to DB
[2025-06-27T00:18:25.580+0000] {logging_mixin.py:188} INFO - [2025-06-27T00:18:25.580+0000] {dag.py:3096} INFO - Sync 1 DAGs
[2025-06-27T00:18:25.609+0000] {logging_mixin.py:188} INFO - [2025-06-27T00:18:25.609+0000] {dag.py:3954} INFO - Setting next_dagrun for example_bash_operator to 2025-06-26 00:00:00+00:00, run_after=2025-06-27 00:00:00+00:00
[2025-06-27T00:18:25.640+0000] {processor.py:183} INFO - Processing /home/airflow/.local/lib/python3.10/site-packages/airflow/example_dags/example_bash_operator.py took 0.181 seconds
[2025-06-27T00:18:55.784+0000] {logging_mixin.py:188} INFO - [2025-06-27T00:18:55.783+0000] {settings.py:250} DEBUG - Setting up DB connection pool (PID 13156)
[2025-06-27T00:18:55.786+0000] {logging_mixin.py:188} INFO - [2025-06-27T00:18:55.786+0000] {settings.py:330} DEBUG - settings.prepare_engine_args(): Using pool settings. pool_size=5, max_overflow=10, pool_recycle=1800, pid=13156
[2025-06-27T00:18:55.797+0000] {processor.py:161} INFO - Started process (PID=13156) to work on /home/airflow/.local/lib/python3.10/site-packages/airflow/example_dags/example_bash_operator.py
[2025-06-27T00:18:55.799+0000] {processor.py:830} INFO - Processing file /home/airflow/.local/lib/python3.10/site-packages/airflow/example_dags/example_bash_operator.py for tasks to queue
[2025-06-27T00:18:55.800+0000] {logging_mixin.py:188} INFO - [2025-06-27T00:18:55.800+0000] {dagbag.py:545} INFO - Filling up the DagBag from /home/airflow/.local/lib/python3.10/site-packages/airflow/example_dags/example_bash_operator.py
[2025-06-27T00:18:55.803+0000] {logging_mixin.py:188} INFO - [2025-06-27T00:18:55.803+0000] {dagbag.py:337} DEBUG - Importing /home/airflow/.local/lib/python3.10/site-packages/airflow/example_dags/example_bash_operator.py
[2025-06-27T00:18:55.808+0000] {logging_mixin.py:188} INFO - [2025-06-27T00:18:55.808+0000] {GetText.py:65} DEBUG - /home/airflow/.local/lib/python3.10/site-packages/cron_descriptor/locale/en_US.mo Loaded
[2025-06-27T00:18:55.822+0000] {logging_mixin.py:188} INFO - [2025-06-27T00:18:55.821+0000] {dagbag.py:511} DEBUG - Loaded DAG <DAG: example_bash_operator>
[2025-06-27T00:18:55.825+0000] {logging_mixin.py:188} INFO - [2025-06-27T00:18:55.824+0000] {dagbag.py:511} DEBUG - Loaded DAG <DAG: example_bash_operator>
[2025-06-27T00:18:55.825+0000] {processor.py:840} INFO - DAG(s) 'example_bash_operator' retrieved from /home/airflow/.local/lib/python3.10/site-packages/airflow/example_dags/example_bash_operator.py
[2025-06-27T00:18:55.827+0000] {logging_mixin.py:188} INFO - [2025-06-27T00:18:55.827+0000] {dagbag.py:667} DEBUG - Running dagbag.sync_to_db with retries. Try 1 of 3
[2025-06-27T00:18:55.828+0000] {logging_mixin.py:188} INFO - [2025-06-27T00:18:55.828+0000] {dagbag.py:672} DEBUG - Calling the DAG.bulk_sync_to_db method
[2025-06-27T00:18:55.850+0000] {logging_mixin.py:188} INFO - [2025-06-27T00:18:55.850+0000] {serialized_dag.py:166} DEBUG - Checking if DAG (example_bash_operator) changed
[2025-06-27T00:18:55.855+0000] {logging_mixin.py:188} INFO - [2025-06-27T00:18:55.855+0000] {serialized_objects.py:624} DEBUG - Cast type <class 'airflow.models.param.ParamsDict'> to str in serialization.
[2025-06-27T00:18:55.858+0000] {logging_mixin.py:188} INFO - [2025-06-27T00:18:55.858+0000] {serialized_objects.py:624} DEBUG - Cast type <class 'airflow.models.param.ParamsDict'> to str in serialization.
[2025-06-27T00:18:55.860+0000] {logging_mixin.py:188} INFO - [2025-06-27T00:18:55.860+0000] {serialized_objects.py:624} DEBUG - Cast type <class 'airflow.models.param.ParamsDict'> to str in serialization.
[2025-06-27T00:18:55.863+0000] {logging_mixin.py:188} INFO - [2025-06-27T00:18:55.862+0000] {serialized_objects.py:624} DEBUG - Cast type <class 'airflow.models.param.ParamsDict'> to str in serialization.
[2025-06-27T00:18:55.865+0000] {logging_mixin.py:188} INFO - [2025-06-27T00:18:55.865+0000] {serialized_objects.py:624} DEBUG - Cast type <class 'airflow.models.param.ParamsDict'> to str in serialization.
[2025-06-27T00:18:55.867+0000] {logging_mixin.py:188} INFO - [2025-06-27T00:18:55.867+0000] {serialized_objects.py:624} DEBUG - Cast type <class 'airflow.models.param.ParamsDict'> to str in serialization.
[2025-06-27T00:18:55.869+0000] {logging_mixin.py:188} INFO - [2025-06-27T00:18:55.869+0000] {serialized_objects.py:624} DEBUG - Cast type <class 'airflow.models.param.ParamsDict'> to str in serialization.
[2025-06-27T00:18:55.877+0000] {logging_mixin.py:188} INFO - [2025-06-27T00:18:55.877+0000] {serialized_dag.py:177} DEBUG - Serialized DAG (example_bash_operator) is unchanged. Skipping writing to DB
[2025-06-27T00:18:55.878+0000] {logging_mixin.py:188} INFO - [2025-06-27T00:18:55.878+0000] {dag.py:3096} INFO - Sync 1 DAGs
[2025-06-27T00:18:55.912+0000] {logging_mixin.py:188} INFO - [2025-06-27T00:18:55.912+0000] {dag.py:3954} INFO - Setting next_dagrun for example_bash_operator to 2025-06-26 00:00:00+00:00, run_after=2025-06-27 00:00:00+00:00
[2025-06-27T00:18:55.952+0000] {processor.py:183} INFO - Processing /home/airflow/.local/lib/python3.10/site-packages/airflow/example_dags/example_bash_operator.py took 0.169 seconds
[2025-06-27T00:19:26.447+0000] {logging_mixin.py:188} INFO - [2025-06-27T00:19:26.446+0000] {settings.py:250} DEBUG - Setting up DB connection pool (PID 13219)
[2025-06-27T00:19:26.450+0000] {logging_mixin.py:188} INFO - [2025-06-27T00:19:26.450+0000] {settings.py:330} DEBUG - settings.prepare_engine_args(): Using pool settings. pool_size=5, max_overflow=10, pool_recycle=1800, pid=13219
[2025-06-27T00:19:26.478+0000] {processor.py:161} INFO - Started process (PID=13219) to work on /home/airflow/.local/lib/python3.10/site-packages/airflow/example_dags/example_bash_operator.py
[2025-06-27T00:19:26.479+0000] {processor.py:830} INFO - Processing file /home/airflow/.local/lib/python3.10/site-packages/airflow/example_dags/example_bash_operator.py for tasks to queue
[2025-06-27T00:19:26.481+0000] {logging_mixin.py:188} INFO - [2025-06-27T00:19:26.481+0000] {dagbag.py:545} INFO - Filling up the DagBag from /home/airflow/.local/lib/python3.10/site-packages/airflow/example_dags/example_bash_operator.py
[2025-06-27T00:19:26.485+0000] {logging_mixin.py:188} INFO - [2025-06-27T00:19:26.485+0000] {dagbag.py:337} DEBUG - Importing /home/airflow/.local/lib/python3.10/site-packages/airflow/example_dags/example_bash_operator.py
[2025-06-27T00:19:26.496+0000] {logging_mixin.py:188} INFO - [2025-06-27T00:19:26.495+0000] {GetText.py:65} DEBUG - /home/airflow/.local/lib/python3.10/site-packages/cron_descriptor/locale/en_US.mo Loaded
[2025-06-27T00:19:26.524+0000] {logging_mixin.py:188} INFO - [2025-06-27T00:19:26.521+0000] {dagbag.py:511} DEBUG - Loaded DAG <DAG: example_bash_operator>
[2025-06-27T00:19:26.526+0000] {logging_mixin.py:188} INFO - [2025-06-27T00:19:26.526+0000] {dagbag.py:511} DEBUG - Loaded DAG <DAG: example_bash_operator>
[2025-06-27T00:19:26.527+0000] {processor.py:840} INFO - DAG(s) 'example_bash_operator' retrieved from /home/airflow/.local/lib/python3.10/site-packages/airflow/example_dags/example_bash_operator.py
[2025-06-27T00:19:26.529+0000] {logging_mixin.py:188} INFO - [2025-06-27T00:19:26.529+0000] {dagbag.py:667} DEBUG - Running dagbag.sync_to_db with retries. Try 1 of 3
[2025-06-27T00:19:26.530+0000] {logging_mixin.py:188} INFO - [2025-06-27T00:19:26.530+0000] {dagbag.py:672} DEBUG - Calling the DAG.bulk_sync_to_db method
[2025-06-27T00:19:26.555+0000] {logging_mixin.py:188} INFO - [2025-06-27T00:19:26.555+0000] {serialized_dag.py:166} DEBUG - Checking if DAG (example_bash_operator) changed
[2025-06-27T00:19:26.562+0000] {logging_mixin.py:188} INFO - [2025-06-27T00:19:26.562+0000] {serialized_objects.py:624} DEBUG - Cast type <class 'airflow.models.param.ParamsDict'> to str in serialization.
[2025-06-27T00:19:26.566+0000] {logging_mixin.py:188} INFO - [2025-06-27T00:19:26.566+0000] {serialized_objects.py:624} DEBUG - Cast type <class 'airflow.models.param.ParamsDict'> to str in serialization.
[2025-06-27T00:19:26.569+0000] {logging_mixin.py:188} INFO - [2025-06-27T00:19:26.569+0000] {serialized_objects.py:624} DEBUG - Cast type <class 'airflow.models.param.ParamsDict'> to str in serialization.
[2025-06-27T00:19:26.572+0000] {logging_mixin.py:188} INFO - [2025-06-27T00:19:26.571+0000] {serialized_objects.py:624} DEBUG - Cast type <class 'airflow.models.param.ParamsDict'> to str in serialization.
[2025-06-27T00:19:26.575+0000] {logging_mixin.py:188} INFO - [2025-06-27T00:19:26.574+0000] {serialized_objects.py:624} DEBUG - Cast type <class 'airflow.models.param.ParamsDict'> to str in serialization.
[2025-06-27T00:19:26.578+0000] {logging_mixin.py:188} INFO - [2025-06-27T00:19:26.577+0000] {serialized_objects.py:624} DEBUG - Cast type <class 'airflow.models.param.ParamsDict'> to str in serialization.
[2025-06-27T00:19:26.580+0000] {logging_mixin.py:188} INFO - [2025-06-27T00:19:26.580+0000] {serialized_objects.py:624} DEBUG - Cast type <class 'airflow.models.param.ParamsDict'> to str in serialization.
[2025-06-27T00:19:26.591+0000] {logging_mixin.py:188} INFO - [2025-06-27T00:19:26.590+0000] {serialized_dag.py:177} DEBUG - Serialized DAG (example_bash_operator) is unchanged. Skipping writing to DB
[2025-06-27T00:19:26.592+0000] {logging_mixin.py:188} INFO - [2025-06-27T00:19:26.592+0000] {dag.py:3096} INFO - Sync 1 DAGs
[2025-06-27T00:19:26.624+0000] {logging_mixin.py:188} INFO - [2025-06-27T00:19:26.624+0000] {dag.py:3954} INFO - Setting next_dagrun for example_bash_operator to 2025-06-26 00:00:00+00:00, run_after=2025-06-27 00:00:00+00:00
[2025-06-27T00:19:26.658+0000] {processor.py:183} INFO - Processing /home/airflow/.local/lib/python3.10/site-packages/airflow/example_dags/example_bash_operator.py took 0.213 seconds
[2025-06-27T00:19:56.760+0000] {logging_mixin.py:188} INFO - [2025-06-27T00:19:56.758+0000] {settings.py:250} DEBUG - Setting up DB connection pool (PID 13280)
[2025-06-27T00:19:56.763+0000] {logging_mixin.py:188} INFO - [2025-06-27T00:19:56.762+0000] {settings.py:330} DEBUG - settings.prepare_engine_args(): Using pool settings. pool_size=5, max_overflow=10, pool_recycle=1800, pid=13280
[2025-06-27T00:19:56.776+0000] {processor.py:161} INFO - Started process (PID=13280) to work on /home/airflow/.local/lib/python3.10/site-packages/airflow/example_dags/example_bash_operator.py
[2025-06-27T00:19:56.777+0000] {processor.py:830} INFO - Processing file /home/airflow/.local/lib/python3.10/site-packages/airflow/example_dags/example_bash_operator.py for tasks to queue
[2025-06-27T00:19:56.779+0000] {logging_mixin.py:188} INFO - [2025-06-27T00:19:56.779+0000] {dagbag.py:545} INFO - Filling up the DagBag from /home/airflow/.local/lib/python3.10/site-packages/airflow/example_dags/example_bash_operator.py
[2025-06-27T00:19:56.782+0000] {logging_mixin.py:188} INFO - [2025-06-27T00:19:56.782+0000] {dagbag.py:337} DEBUG - Importing /home/airflow/.local/lib/python3.10/site-packages/airflow/example_dags/example_bash_operator.py
[2025-06-27T00:19:56.791+0000] {logging_mixin.py:188} INFO - [2025-06-27T00:19:56.789+0000] {GetText.py:65} DEBUG - /home/airflow/.local/lib/python3.10/site-packages/cron_descriptor/locale/en_US.mo Loaded
[2025-06-27T00:19:56.817+0000] {logging_mixin.py:188} INFO - [2025-06-27T00:19:56.814+0000] {dagbag.py:511} DEBUG - Loaded DAG <DAG: example_bash_operator>
[2025-06-27T00:19:56.819+0000] {logging_mixin.py:188} INFO - [2025-06-27T00:19:56.819+0000] {dagbag.py:511} DEBUG - Loaded DAG <DAG: example_bash_operator>
[2025-06-27T00:19:56.820+0000] {processor.py:840} INFO - DAG(s) 'example_bash_operator' retrieved from /home/airflow/.local/lib/python3.10/site-packages/airflow/example_dags/example_bash_operator.py
[2025-06-27T00:19:56.822+0000] {logging_mixin.py:188} INFO - [2025-06-27T00:19:56.822+0000] {dagbag.py:667} DEBUG - Running dagbag.sync_to_db with retries. Try 1 of 3
[2025-06-27T00:19:56.824+0000] {logging_mixin.py:188} INFO - [2025-06-27T00:19:56.823+0000] {dagbag.py:672} DEBUG - Calling the DAG.bulk_sync_to_db method
[2025-06-27T00:19:56.847+0000] {logging_mixin.py:188} INFO - [2025-06-27T00:19:56.847+0000] {serialized_dag.py:166} DEBUG - Checking if DAG (example_bash_operator) changed
[2025-06-27T00:19:56.854+0000] {logging_mixin.py:188} INFO - [2025-06-27T00:19:56.853+0000] {serialized_objects.py:624} DEBUG - Cast type <class 'airflow.models.param.ParamsDict'> to str in serialization.
[2025-06-27T00:19:56.857+0000] {logging_mixin.py:188} INFO - [2025-06-27T00:19:56.857+0000] {serialized_objects.py:624} DEBUG - Cast type <class 'airflow.models.param.ParamsDict'> to str in serialization.
[2025-06-27T00:19:56.860+0000] {logging_mixin.py:188} INFO - [2025-06-27T00:19:56.860+0000] {serialized_objects.py:624} DEBUG - Cast type <class 'airflow.models.param.ParamsDict'> to str in serialization.
[2025-06-27T00:19:56.862+0000] {logging_mixin.py:188} INFO - [2025-06-27T00:19:56.862+0000] {serialized_objects.py:624} DEBUG - Cast type <class 'airflow.models.param.ParamsDict'> to str in serialization.
[2025-06-27T00:19:56.865+0000] {logging_mixin.py:188} INFO - [2025-06-27T00:19:56.865+0000] {serialized_objects.py:624} DEBUG - Cast type <class 'airflow.models.param.ParamsDict'> to str in serialization.
[2025-06-27T00:19:56.867+0000] {logging_mixin.py:188} INFO - [2025-06-27T00:19:56.867+0000] {serialized_objects.py:624} DEBUG - Cast type <class 'airflow.models.param.ParamsDict'> to str in serialization.
[2025-06-27T00:19:56.870+0000] {logging_mixin.py:188} INFO - [2025-06-27T00:19:56.870+0000] {serialized_objects.py:624} DEBUG - Cast type <class 'airflow.models.param.ParamsDict'> to str in serialization.
[2025-06-27T00:19:56.880+0000] {logging_mixin.py:188} INFO - [2025-06-27T00:19:56.880+0000] {serialized_dag.py:177} DEBUG - Serialized DAG (example_bash_operator) is unchanged. Skipping writing to DB
[2025-06-27T00:19:56.882+0000] {logging_mixin.py:188} INFO - [2025-06-27T00:19:56.881+0000] {dag.py:3096} INFO - Sync 1 DAGs
[2025-06-27T00:19:56.913+0000] {logging_mixin.py:188} INFO - [2025-06-27T00:19:56.912+0000] {dag.py:3954} INFO - Setting next_dagrun for example_bash_operator to 2025-06-26 00:00:00+00:00, run_after=2025-06-27 00:00:00+00:00
[2025-06-27T00:19:56.938+0000] {processor.py:183} INFO - Processing /home/airflow/.local/lib/python3.10/site-packages/airflow/example_dags/example_bash_operator.py took 0.180 seconds
[2025-06-27T00:20:27.083+0000] {logging_mixin.py:188} INFO - [2025-06-27T00:20:27.082+0000] {settings.py:250} DEBUG - Setting up DB connection pool (PID 13343)
[2025-06-27T00:20:27.085+0000] {logging_mixin.py:188} INFO - [2025-06-27T00:20:27.084+0000] {settings.py:330} DEBUG - settings.prepare_engine_args(): Using pool settings. pool_size=5, max_overflow=10, pool_recycle=1800, pid=13343
[2025-06-27T00:20:27.095+0000] {processor.py:161} INFO - Started process (PID=13343) to work on /home/airflow/.local/lib/python3.10/site-packages/airflow/example_dags/example_bash_operator.py
[2025-06-27T00:20:27.098+0000] {processor.py:830} INFO - Processing file /home/airflow/.local/lib/python3.10/site-packages/airflow/example_dags/example_bash_operator.py for tasks to queue
[2025-06-27T00:20:27.100+0000] {logging_mixin.py:188} INFO - [2025-06-27T00:20:27.099+0000] {dagbag.py:545} INFO - Filling up the DagBag from /home/airflow/.local/lib/python3.10/site-packages/airflow/example_dags/example_bash_operator.py
[2025-06-27T00:20:27.103+0000] {logging_mixin.py:188} INFO - [2025-06-27T00:20:27.102+0000] {dagbag.py:337} DEBUG - Importing /home/airflow/.local/lib/python3.10/site-packages/airflow/example_dags/example_bash_operator.py
[2025-06-27T00:20:27.109+0000] {logging_mixin.py:188} INFO - [2025-06-27T00:20:27.109+0000] {GetText.py:65} DEBUG - /home/airflow/.local/lib/python3.10/site-packages/cron_descriptor/locale/en_US.mo Loaded
[2025-06-27T00:20:27.127+0000] {logging_mixin.py:188} INFO - [2025-06-27T00:20:27.123+0000] {dagbag.py:511} DEBUG - Loaded DAG <DAG: example_bash_operator>
[2025-06-27T00:20:27.130+0000] {logging_mixin.py:188} INFO - [2025-06-27T00:20:27.130+0000] {dagbag.py:511} DEBUG - Loaded DAG <DAG: example_bash_operator>
[2025-06-27T00:20:27.131+0000] {processor.py:840} INFO - DAG(s) 'example_bash_operator' retrieved from /home/airflow/.local/lib/python3.10/site-packages/airflow/example_dags/example_bash_operator.py
[2025-06-27T00:20:27.136+0000] {logging_mixin.py:188} INFO - [2025-06-27T00:20:27.135+0000] {dagbag.py:667} DEBUG - Running dagbag.sync_to_db with retries. Try 1 of 3
[2025-06-27T00:20:27.138+0000] {logging_mixin.py:188} INFO - [2025-06-27T00:20:27.137+0000] {dagbag.py:672} DEBUG - Calling the DAG.bulk_sync_to_db method
[2025-06-27T00:20:27.167+0000] {logging_mixin.py:188} INFO - [2025-06-27T00:20:27.166+0000] {serialized_dag.py:166} DEBUG - Checking if DAG (example_bash_operator) changed
[2025-06-27T00:20:27.178+0000] {logging_mixin.py:188} INFO - [2025-06-27T00:20:27.177+0000] {serialized_objects.py:624} DEBUG - Cast type <class 'airflow.models.param.ParamsDict'> to str in serialization.
[2025-06-27T00:20:27.183+0000] {logging_mixin.py:188} INFO - [2025-06-27T00:20:27.183+0000] {serialized_objects.py:624} DEBUG - Cast type <class 'airflow.models.param.ParamsDict'> to str in serialization.
[2025-06-27T00:20:27.189+0000] {logging_mixin.py:188} INFO - [2025-06-27T00:20:27.189+0000] {serialized_objects.py:624} DEBUG - Cast type <class 'airflow.models.param.ParamsDict'> to str in serialization.
[2025-06-27T00:20:27.193+0000] {logging_mixin.py:188} INFO - [2025-06-27T00:20:27.193+0000] {serialized_objects.py:624} DEBUG - Cast type <class 'airflow.models.param.ParamsDict'> to str in serialization.
[2025-06-27T00:20:27.197+0000] {logging_mixin.py:188} INFO - [2025-06-27T00:20:27.197+0000] {serialized_objects.py:624} DEBUG - Cast type <class 'airflow.models.param.ParamsDict'> to str in serialization.
[2025-06-27T00:20:27.202+0000] {logging_mixin.py:188} INFO - [2025-06-27T00:20:27.201+0000] {serialized_objects.py:624} DEBUG - Cast type <class 'airflow.models.param.ParamsDict'> to str in serialization.
[2025-06-27T00:20:27.207+0000] {logging_mixin.py:188} INFO - [2025-06-27T00:20:27.206+0000] {serialized_objects.py:624} DEBUG - Cast type <class 'airflow.models.param.ParamsDict'> to str in serialization.
[2025-06-27T00:20:27.217+0000] {logging_mixin.py:188} INFO - [2025-06-27T00:20:27.217+0000] {serialized_dag.py:177} DEBUG - Serialized DAG (example_bash_operator) is unchanged. Skipping writing to DB
[2025-06-27T00:20:27.219+0000] {logging_mixin.py:188} INFO - [2025-06-27T00:20:27.219+0000] {dag.py:3096} INFO - Sync 1 DAGs
[2025-06-27T00:20:27.255+0000] {logging_mixin.py:188} INFO - [2025-06-27T00:20:27.255+0000] {dag.py:3954} INFO - Setting next_dagrun for example_bash_operator to 2025-06-26 00:00:00+00:00, run_after=2025-06-27 00:00:00+00:00
[2025-06-27T00:20:27.292+0000] {processor.py:183} INFO - Processing /home/airflow/.local/lib/python3.10/site-packages/airflow/example_dags/example_bash_operator.py took 0.210 seconds
[2025-06-27T00:20:57.484+0000] {logging_mixin.py:188} INFO - [2025-06-27T00:20:57.483+0000] {settings.py:250} DEBUG - Setting up DB connection pool (PID 13407)
[2025-06-27T00:20:57.487+0000] {logging_mixin.py:188} INFO - [2025-06-27T00:20:57.486+0000] {settings.py:330} DEBUG - settings.prepare_engine_args(): Using pool settings. pool_size=5, max_overflow=10, pool_recycle=1800, pid=13407
[2025-06-27T00:20:57.497+0000] {processor.py:161} INFO - Started process (PID=13407) to work on /home/airflow/.local/lib/python3.10/site-packages/airflow/example_dags/example_bash_operator.py
[2025-06-27T00:20:57.499+0000] {processor.py:830} INFO - Processing file /home/airflow/.local/lib/python3.10/site-packages/airflow/example_dags/example_bash_operator.py for tasks to queue
[2025-06-27T00:20:57.501+0000] {logging_mixin.py:188} INFO - [2025-06-27T00:20:57.500+0000] {dagbag.py:545} INFO - Filling up the DagBag from /home/airflow/.local/lib/python3.10/site-packages/airflow/example_dags/example_bash_operator.py
[2025-06-27T00:20:57.504+0000] {logging_mixin.py:188} INFO - [2025-06-27T00:20:57.504+0000] {dagbag.py:337} DEBUG - Importing /home/airflow/.local/lib/python3.10/site-packages/airflow/example_dags/example_bash_operator.py
[2025-06-27T00:20:57.511+0000] {logging_mixin.py:188} INFO - [2025-06-27T00:20:57.510+0000] {GetText.py:65} DEBUG - /home/airflow/.local/lib/python3.10/site-packages/cron_descriptor/locale/en_US.mo Loaded
[2025-06-27T00:20:57.528+0000] {logging_mixin.py:188} INFO - [2025-06-27T00:20:57.527+0000] {dagbag.py:511} DEBUG - Loaded DAG <DAG: example_bash_operator>
[2025-06-27T00:20:57.530+0000] {logging_mixin.py:188} INFO - [2025-06-27T00:20:57.530+0000] {dagbag.py:511} DEBUG - Loaded DAG <DAG: example_bash_operator>
[2025-06-27T00:20:57.531+0000] {processor.py:840} INFO - DAG(s) 'example_bash_operator' retrieved from /home/airflow/.local/lib/python3.10/site-packages/airflow/example_dags/example_bash_operator.py
[2025-06-27T00:20:57.534+0000] {logging_mixin.py:188} INFO - [2025-06-27T00:20:57.534+0000] {dagbag.py:667} DEBUG - Running dagbag.sync_to_db with retries. Try 1 of 3
[2025-06-27T00:20:57.535+0000] {logging_mixin.py:188} INFO - [2025-06-27T00:20:57.535+0000] {dagbag.py:672} DEBUG - Calling the DAG.bulk_sync_to_db method
[2025-06-27T00:20:57.560+0000] {logging_mixin.py:188} INFO - [2025-06-27T00:20:57.560+0000] {serialized_dag.py:166} DEBUG - Checking if DAG (example_bash_operator) changed
[2025-06-27T00:20:57.566+0000] {logging_mixin.py:188} INFO - [2025-06-27T00:20:57.565+0000] {serialized_objects.py:624} DEBUG - Cast type <class 'airflow.models.param.ParamsDict'> to str in serialization.
[2025-06-27T00:20:57.571+0000] {logging_mixin.py:188} INFO - [2025-06-27T00:20:57.570+0000] {serialized_objects.py:624} DEBUG - Cast type <class 'airflow.models.param.ParamsDict'> to str in serialization.
[2025-06-27T00:20:57.574+0000] {logging_mixin.py:188} INFO - [2025-06-27T00:20:57.573+0000] {serialized_objects.py:624} DEBUG - Cast type <class 'airflow.models.param.ParamsDict'> to str in serialization.
[2025-06-27T00:20:57.577+0000] {logging_mixin.py:188} INFO - [2025-06-27T00:20:57.577+0000] {serialized_objects.py:624} DEBUG - Cast type <class 'airflow.models.param.ParamsDict'> to str in serialization.
[2025-06-27T00:20:57.580+0000] {logging_mixin.py:188} INFO - [2025-06-27T00:20:57.580+0000] {serialized_objects.py:624} DEBUG - Cast type <class 'airflow.models.param.ParamsDict'> to str in serialization.
[2025-06-27T00:20:57.583+0000] {logging_mixin.py:188} INFO - [2025-06-27T00:20:57.583+0000] {serialized_objects.py:624} DEBUG - Cast type <class 'airflow.models.param.ParamsDict'> to str in serialization.
[2025-06-27T00:20:57.587+0000] {logging_mixin.py:188} INFO - [2025-06-27T00:20:57.586+0000] {serialized_objects.py:624} DEBUG - Cast type <class 'airflow.models.param.ParamsDict'> to str in serialization.
[2025-06-27T00:20:57.596+0000] {logging_mixin.py:188} INFO - [2025-06-27T00:20:57.596+0000] {serialized_dag.py:177} DEBUG - Serialized DAG (example_bash_operator) is unchanged. Skipping writing to DB
[2025-06-27T00:20:57.597+0000] {logging_mixin.py:188} INFO - [2025-06-27T00:20:57.597+0000] {dag.py:3096} INFO - Sync 1 DAGs
[2025-06-27T00:20:57.630+0000] {logging_mixin.py:188} INFO - [2025-06-27T00:20:57.629+0000] {dag.py:3954} INFO - Setting next_dagrun for example_bash_operator to 2025-06-26 00:00:00+00:00, run_after=2025-06-27 00:00:00+00:00
[2025-06-27T00:20:57.659+0000] {processor.py:183} INFO - Processing /home/airflow/.local/lib/python3.10/site-packages/airflow/example_dags/example_bash_operator.py took 0.176 seconds
[2025-06-27T00:21:28.276+0000] {logging_mixin.py:188} INFO - [2025-06-27T00:21:28.275+0000] {settings.py:250} DEBUG - Setting up DB connection pool (PID 13470)
[2025-06-27T00:21:28.279+0000] {logging_mixin.py:188} INFO - [2025-06-27T00:21:28.278+0000] {settings.py:330} DEBUG - settings.prepare_engine_args(): Using pool settings. pool_size=5, max_overflow=10, pool_recycle=1800, pid=13470
[2025-06-27T00:21:28.296+0000] {processor.py:161} INFO - Started process (PID=13470) to work on /home/airflow/.local/lib/python3.10/site-packages/airflow/example_dags/example_bash_operator.py
[2025-06-27T00:21:28.298+0000] {processor.py:830} INFO - Processing file /home/airflow/.local/lib/python3.10/site-packages/airflow/example_dags/example_bash_operator.py for tasks to queue
[2025-06-27T00:21:28.300+0000] {logging_mixin.py:188} INFO - [2025-06-27T00:21:28.300+0000] {dagbag.py:545} INFO - Filling up the DagBag from /home/airflow/.local/lib/python3.10/site-packages/airflow/example_dags/example_bash_operator.py
[2025-06-27T00:21:28.303+0000] {logging_mixin.py:188} INFO - [2025-06-27T00:21:28.303+0000] {dagbag.py:337} DEBUG - Importing /home/airflow/.local/lib/python3.10/site-packages/airflow/example_dags/example_bash_operator.py
[2025-06-27T00:21:28.311+0000] {logging_mixin.py:188} INFO - [2025-06-27T00:21:28.310+0000] {GetText.py:65} DEBUG - /home/airflow/.local/lib/python3.10/site-packages/cron_descriptor/locale/en_US.mo Loaded
[2025-06-27T00:21:28.331+0000] {logging_mixin.py:188} INFO - [2025-06-27T00:21:28.328+0000] {dagbag.py:511} DEBUG - Loaded DAG <DAG: example_bash_operator>
[2025-06-27T00:21:28.336+0000] {logging_mixin.py:188} INFO - [2025-06-27T00:21:28.336+0000] {dagbag.py:511} DEBUG - Loaded DAG <DAG: example_bash_operator>
[2025-06-27T00:21:28.337+0000] {processor.py:840} INFO - DAG(s) 'example_bash_operator' retrieved from /home/airflow/.local/lib/python3.10/site-packages/airflow/example_dags/example_bash_operator.py
[2025-06-27T00:21:28.340+0000] {logging_mixin.py:188} INFO - [2025-06-27T00:21:28.340+0000] {dagbag.py:667} DEBUG - Running dagbag.sync_to_db with retries. Try 1 of 3
[2025-06-27T00:21:28.341+0000] {logging_mixin.py:188} INFO - [2025-06-27T00:21:28.341+0000] {dagbag.py:672} DEBUG - Calling the DAG.bulk_sync_to_db method
[2025-06-27T00:21:28.366+0000] {logging_mixin.py:188} INFO - [2025-06-27T00:21:28.366+0000] {serialized_dag.py:166} DEBUG - Checking if DAG (example_bash_operator) changed
[2025-06-27T00:21:28.375+0000] {logging_mixin.py:188} INFO - [2025-06-27T00:21:28.374+0000] {serialized_objects.py:624} DEBUG - Cast type <class 'airflow.models.param.ParamsDict'> to str in serialization.
[2025-06-27T00:21:28.379+0000] {logging_mixin.py:188} INFO - [2025-06-27T00:21:28.378+0000] {serialized_objects.py:624} DEBUG - Cast type <class 'airflow.models.param.ParamsDict'> to str in serialization.
[2025-06-27T00:21:28.382+0000] {logging_mixin.py:188} INFO - [2025-06-27T00:21:28.382+0000] {serialized_objects.py:624} DEBUG - Cast type <class 'airflow.models.param.ParamsDict'> to str in serialization.
[2025-06-27T00:21:28.386+0000] {logging_mixin.py:188} INFO - [2025-06-27T00:21:28.385+0000] {serialized_objects.py:624} DEBUG - Cast type <class 'airflow.models.param.ParamsDict'> to str in serialization.
[2025-06-27T00:21:28.389+0000] {logging_mixin.py:188} INFO - [2025-06-27T00:21:28.388+0000] {serialized_objects.py:624} DEBUG - Cast type <class 'airflow.models.param.ParamsDict'> to str in serialization.
[2025-06-27T00:21:28.391+0000] {logging_mixin.py:188} INFO - [2025-06-27T00:21:28.391+0000] {serialized_objects.py:624} DEBUG - Cast type <class 'airflow.models.param.ParamsDict'> to str in serialization.
[2025-06-27T00:21:28.393+0000] {logging_mixin.py:188} INFO - [2025-06-27T00:21:28.393+0000] {serialized_objects.py:624} DEBUG - Cast type <class 'airflow.models.param.ParamsDict'> to str in serialization.
[2025-06-27T00:21:28.405+0000] {logging_mixin.py:188} INFO - [2025-06-27T00:21:28.404+0000] {serialized_dag.py:177} DEBUG - Serialized DAG (example_bash_operator) is unchanged. Skipping writing to DB
[2025-06-27T00:21:28.406+0000] {logging_mixin.py:188} INFO - [2025-06-27T00:21:28.406+0000] {dag.py:3096} INFO - Sync 1 DAGs
[2025-06-27T00:21:28.451+0000] {logging_mixin.py:188} INFO - [2025-06-27T00:21:28.450+0000] {dag.py:3954} INFO - Setting next_dagrun for example_bash_operator to 2025-06-26 00:00:00+00:00, run_after=2025-06-27 00:00:00+00:00
[2025-06-27T00:21:28.488+0000] {processor.py:183} INFO - Processing /home/airflow/.local/lib/python3.10/site-packages/airflow/example_dags/example_bash_operator.py took 0.213 seconds
[2025-06-27T00:21:59.196+0000] {logging_mixin.py:188} INFO - [2025-06-27T00:21:59.195+0000] {settings.py:250} DEBUG - Setting up DB connection pool (PID 13533)
[2025-06-27T00:21:59.198+0000] {logging_mixin.py:188} INFO - [2025-06-27T00:21:59.198+0000] {settings.py:330} DEBUG - settings.prepare_engine_args(): Using pool settings. pool_size=5, max_overflow=10, pool_recycle=1800, pid=13533
[2025-06-27T00:21:59.210+0000] {processor.py:161} INFO - Started process (PID=13533) to work on /home/airflow/.local/lib/python3.10/site-packages/airflow/example_dags/example_bash_operator.py
[2025-06-27T00:21:59.212+0000] {processor.py:830} INFO - Processing file /home/airflow/.local/lib/python3.10/site-packages/airflow/example_dags/example_bash_operator.py for tasks to queue
[2025-06-27T00:21:59.214+0000] {logging_mixin.py:188} INFO - [2025-06-27T00:21:59.213+0000] {dagbag.py:545} INFO - Filling up the DagBag from /home/airflow/.local/lib/python3.10/site-packages/airflow/example_dags/example_bash_operator.py
[2025-06-27T00:21:59.216+0000] {logging_mixin.py:188} INFO - [2025-06-27T00:21:59.216+0000] {dagbag.py:337} DEBUG - Importing /home/airflow/.local/lib/python3.10/site-packages/airflow/example_dags/example_bash_operator.py
[2025-06-27T00:21:59.222+0000] {logging_mixin.py:188} INFO - [2025-06-27T00:21:59.221+0000] {GetText.py:65} DEBUG - /home/airflow/.local/lib/python3.10/site-packages/cron_descriptor/locale/en_US.mo Loaded
[2025-06-27T00:21:59.236+0000] {logging_mixin.py:188} INFO - [2025-06-27T00:21:59.234+0000] {dagbag.py:511} DEBUG - Loaded DAG <DAG: example_bash_operator>
[2025-06-27T00:21:59.238+0000] {logging_mixin.py:188} INFO - [2025-06-27T00:21:59.238+0000] {dagbag.py:511} DEBUG - Loaded DAG <DAG: example_bash_operator>
[2025-06-27T00:21:59.239+0000] {processor.py:840} INFO - DAG(s) 'example_bash_operator' retrieved from /home/airflow/.local/lib/python3.10/site-packages/airflow/example_dags/example_bash_operator.py
[2025-06-27T00:21:59.241+0000] {logging_mixin.py:188} INFO - [2025-06-27T00:21:59.241+0000] {dagbag.py:667} DEBUG - Running dagbag.sync_to_db with retries. Try 1 of 3
[2025-06-27T00:21:59.243+0000] {logging_mixin.py:188} INFO - [2025-06-27T00:21:59.242+0000] {dagbag.py:672} DEBUG - Calling the DAG.bulk_sync_to_db method
[2025-06-27T00:21:59.265+0000] {logging_mixin.py:188} INFO - [2025-06-27T00:21:59.264+0000] {serialized_dag.py:166} DEBUG - Checking if DAG (example_bash_operator) changed
[2025-06-27T00:21:59.271+0000] {logging_mixin.py:188} INFO - [2025-06-27T00:21:59.270+0000] {serialized_objects.py:624} DEBUG - Cast type <class 'airflow.models.param.ParamsDict'> to str in serialization.
[2025-06-27T00:21:59.274+0000] {logging_mixin.py:188} INFO - [2025-06-27T00:21:59.274+0000] {serialized_objects.py:624} DEBUG - Cast type <class 'airflow.models.param.ParamsDict'> to str in serialization.
[2025-06-27T00:21:59.277+0000] {logging_mixin.py:188} INFO - [2025-06-27T00:21:59.277+0000] {serialized_objects.py:624} DEBUG - Cast type <class 'airflow.models.param.ParamsDict'> to str in serialization.
[2025-06-27T00:21:59.281+0000] {logging_mixin.py:188} INFO - [2025-06-27T00:21:59.280+0000] {serialized_objects.py:624} DEBUG - Cast type <class 'airflow.models.param.ParamsDict'> to str in serialization.
[2025-06-27T00:21:59.284+0000] {logging_mixin.py:188} INFO - [2025-06-27T00:21:59.284+0000] {serialized_objects.py:624} DEBUG - Cast type <class 'airflow.models.param.ParamsDict'> to str in serialization.
[2025-06-27T00:21:59.287+0000] {logging_mixin.py:188} INFO - [2025-06-27T00:21:59.287+0000] {serialized_objects.py:624} DEBUG - Cast type <class 'airflow.models.param.ParamsDict'> to str in serialization.
[2025-06-27T00:21:59.290+0000] {logging_mixin.py:188} INFO - [2025-06-27T00:21:59.290+0000] {serialized_objects.py:624} DEBUG - Cast type <class 'airflow.models.param.ParamsDict'> to str in serialization.
[2025-06-27T00:21:59.300+0000] {logging_mixin.py:188} INFO - [2025-06-27T00:21:59.300+0000] {serialized_dag.py:177} DEBUG - Serialized DAG (example_bash_operator) is unchanged. Skipping writing to DB
[2025-06-27T00:21:59.301+0000] {logging_mixin.py:188} INFO - [2025-06-27T00:21:59.301+0000] {dag.py:3096} INFO - Sync 1 DAGs
[2025-06-27T00:21:59.336+0000] {logging_mixin.py:188} INFO - [2025-06-27T00:21:59.336+0000] {dag.py:3954} INFO - Setting next_dagrun for example_bash_operator to 2025-06-26 00:00:00+00:00, run_after=2025-06-27 00:00:00+00:00
[2025-06-27T00:21:59.370+0000] {processor.py:183} INFO - Processing /home/airflow/.local/lib/python3.10/site-packages/airflow/example_dags/example_bash_operator.py took 0.175 seconds
[2025-06-27T00:22:30.189+0000] {logging_mixin.py:188} INFO - [2025-06-27T00:22:30.187+0000] {settings.py:250} DEBUG - Setting up DB connection pool (PID 13596)
[2025-06-27T00:22:30.191+0000] {logging_mixin.py:188} INFO - [2025-06-27T00:22:30.191+0000] {settings.py:330} DEBUG - settings.prepare_engine_args(): Using pool settings. pool_size=5, max_overflow=10, pool_recycle=1800, pid=13596
[2025-06-27T00:22:30.202+0000] {processor.py:161} INFO - Started process (PID=13596) to work on /home/airflow/.local/lib/python3.10/site-packages/airflow/example_dags/example_bash_operator.py
[2025-06-27T00:22:30.203+0000] {processor.py:830} INFO - Processing file /home/airflow/.local/lib/python3.10/site-packages/airflow/example_dags/example_bash_operator.py for tasks to queue
[2025-06-27T00:22:30.205+0000] {logging_mixin.py:188} INFO - [2025-06-27T00:22:30.205+0000] {dagbag.py:545} INFO - Filling up the DagBag from /home/airflow/.local/lib/python3.10/site-packages/airflow/example_dags/example_bash_operator.py
[2025-06-27T00:22:30.208+0000] {logging_mixin.py:188} INFO - [2025-06-27T00:22:30.207+0000] {dagbag.py:337} DEBUG - Importing /home/airflow/.local/lib/python3.10/site-packages/airflow/example_dags/example_bash_operator.py
[2025-06-27T00:22:30.213+0000] {logging_mixin.py:188} INFO - [2025-06-27T00:22:30.212+0000] {GetText.py:65} DEBUG - /home/airflow/.local/lib/python3.10/site-packages/cron_descriptor/locale/en_US.mo Loaded
[2025-06-27T00:22:30.231+0000] {logging_mixin.py:188} INFO - [2025-06-27T00:22:30.229+0000] {dagbag.py:511} DEBUG - Loaded DAG <DAG: example_bash_operator>
[2025-06-27T00:22:30.233+0000] {logging_mixin.py:188} INFO - [2025-06-27T00:22:30.233+0000] {dagbag.py:511} DEBUG - Loaded DAG <DAG: example_bash_operator>
[2025-06-27T00:22:30.234+0000] {processor.py:840} INFO - DAG(s) 'example_bash_operator' retrieved from /home/airflow/.local/lib/python3.10/site-packages/airflow/example_dags/example_bash_operator.py
[2025-06-27T00:22:30.236+0000] {logging_mixin.py:188} INFO - [2025-06-27T00:22:30.236+0000] {dagbag.py:667} DEBUG - Running dagbag.sync_to_db with retries. Try 1 of 3
[2025-06-27T00:22:30.238+0000] {logging_mixin.py:188} INFO - [2025-06-27T00:22:30.238+0000] {dagbag.py:672} DEBUG - Calling the DAG.bulk_sync_to_db method
[2025-06-27T00:22:30.260+0000] {logging_mixin.py:188} INFO - [2025-06-27T00:22:30.260+0000] {serialized_dag.py:166} DEBUG - Checking if DAG (example_bash_operator) changed
[2025-06-27T00:22:30.266+0000] {logging_mixin.py:188} INFO - [2025-06-27T00:22:30.266+0000] {serialized_objects.py:624} DEBUG - Cast type <class 'airflow.models.param.ParamsDict'> to str in serialization.
[2025-06-27T00:22:30.270+0000] {logging_mixin.py:188} INFO - [2025-06-27T00:22:30.270+0000] {serialized_objects.py:624} DEBUG - Cast type <class 'airflow.models.param.ParamsDict'> to str in serialization.
[2025-06-27T00:22:30.273+0000] {logging_mixin.py:188} INFO - [2025-06-27T00:22:30.273+0000] {serialized_objects.py:624} DEBUG - Cast type <class 'airflow.models.param.ParamsDict'> to str in serialization.
[2025-06-27T00:22:30.275+0000] {logging_mixin.py:188} INFO - [2025-06-27T00:22:30.275+0000] {serialized_objects.py:624} DEBUG - Cast type <class 'airflow.models.param.ParamsDict'> to str in serialization.
[2025-06-27T00:22:30.278+0000] {logging_mixin.py:188} INFO - [2025-06-27T00:22:30.277+0000] {serialized_objects.py:624} DEBUG - Cast type <class 'airflow.models.param.ParamsDict'> to str in serialization.
[2025-06-27T00:22:30.280+0000] {logging_mixin.py:188} INFO - [2025-06-27T00:22:30.280+0000] {serialized_objects.py:624} DEBUG - Cast type <class 'airflow.models.param.ParamsDict'> to str in serialization.
[2025-06-27T00:22:30.282+0000] {logging_mixin.py:188} INFO - [2025-06-27T00:22:30.282+0000] {serialized_objects.py:624} DEBUG - Cast type <class 'airflow.models.param.ParamsDict'> to str in serialization.
[2025-06-27T00:22:30.292+0000] {logging_mixin.py:188} INFO - [2025-06-27T00:22:30.291+0000] {serialized_dag.py:177} DEBUG - Serialized DAG (example_bash_operator) is unchanged. Skipping writing to DB
[2025-06-27T00:22:30.293+0000] {logging_mixin.py:188} INFO - [2025-06-27T00:22:30.293+0000] {dag.py:3096} INFO - Sync 1 DAGs
[2025-06-27T00:22:30.331+0000] {logging_mixin.py:188} INFO - [2025-06-27T00:22:30.331+0000] {dag.py:3954} INFO - Setting next_dagrun for example_bash_operator to 2025-06-26 00:00:00+00:00, run_after=2025-06-27 00:00:00+00:00
[2025-06-27T00:22:30.362+0000] {processor.py:183} INFO - Processing /home/airflow/.local/lib/python3.10/site-packages/airflow/example_dags/example_bash_operator.py took 0.177 seconds
[2025-06-27T00:23:00.859+0000] {logging_mixin.py:188} INFO - [2025-06-27T00:23:00.858+0000] {settings.py:250} DEBUG - Setting up DB connection pool (PID 13659)
[2025-06-27T00:23:00.861+0000] {logging_mixin.py:188} INFO - [2025-06-27T00:23:00.861+0000] {settings.py:330} DEBUG - settings.prepare_engine_args(): Using pool settings. pool_size=5, max_overflow=10, pool_recycle=1800, pid=13659
[2025-06-27T00:23:00.872+0000] {processor.py:161} INFO - Started process (PID=13659) to work on /home/airflow/.local/lib/python3.10/site-packages/airflow/example_dags/example_bash_operator.py
[2025-06-27T00:23:00.874+0000] {processor.py:830} INFO - Processing file /home/airflow/.local/lib/python3.10/site-packages/airflow/example_dags/example_bash_operator.py for tasks to queue
[2025-06-27T00:23:00.876+0000] {logging_mixin.py:188} INFO - [2025-06-27T00:23:00.876+0000] {dagbag.py:545} INFO - Filling up the DagBag from /home/airflow/.local/lib/python3.10/site-packages/airflow/example_dags/example_bash_operator.py
[2025-06-27T00:23:00.879+0000] {logging_mixin.py:188} INFO - [2025-06-27T00:23:00.878+0000] {dagbag.py:337} DEBUG - Importing /home/airflow/.local/lib/python3.10/site-packages/airflow/example_dags/example_bash_operator.py
[2025-06-27T00:23:00.886+0000] {logging_mixin.py:188} INFO - [2025-06-27T00:23:00.885+0000] {GetText.py:65} DEBUG - /home/airflow/.local/lib/python3.10/site-packages/cron_descriptor/locale/en_US.mo Loaded
[2025-06-27T00:23:00.903+0000] {logging_mixin.py:188} INFO - [2025-06-27T00:23:00.900+0000] {dagbag.py:511} DEBUG - Loaded DAG <DAG: example_bash_operator>
[2025-06-27T00:23:00.906+0000] {logging_mixin.py:188} INFO - [2025-06-27T00:23:00.906+0000] {dagbag.py:511} DEBUG - Loaded DAG <DAG: example_bash_operator>
[2025-06-27T00:23:00.907+0000] {processor.py:840} INFO - DAG(s) 'example_bash_operator' retrieved from /home/airflow/.local/lib/python3.10/site-packages/airflow/example_dags/example_bash_operator.py
[2025-06-27T00:23:00.909+0000] {logging_mixin.py:188} INFO - [2025-06-27T00:23:00.909+0000] {dagbag.py:667} DEBUG - Running dagbag.sync_to_db with retries. Try 1 of 3
[2025-06-27T00:23:00.911+0000] {logging_mixin.py:188} INFO - [2025-06-27T00:23:00.910+0000] {dagbag.py:672} DEBUG - Calling the DAG.bulk_sync_to_db method
[2025-06-27T00:23:00.933+0000] {logging_mixin.py:188} INFO - [2025-06-27T00:23:00.933+0000] {serialized_dag.py:166} DEBUG - Checking if DAG (example_bash_operator) changed
[2025-06-27T00:23:00.940+0000] {logging_mixin.py:188} INFO - [2025-06-27T00:23:00.940+0000] {serialized_objects.py:624} DEBUG - Cast type <class 'airflow.models.param.ParamsDict'> to str in serialization.
[2025-06-27T00:23:00.944+0000] {logging_mixin.py:188} INFO - [2025-06-27T00:23:00.944+0000] {serialized_objects.py:624} DEBUG - Cast type <class 'airflow.models.param.ParamsDict'> to str in serialization.
[2025-06-27T00:23:00.948+0000] {logging_mixin.py:188} INFO - [2025-06-27T00:23:00.947+0000] {serialized_objects.py:624} DEBUG - Cast type <class 'airflow.models.param.ParamsDict'> to str in serialization.
[2025-06-27T00:23:00.950+0000] {logging_mixin.py:188} INFO - [2025-06-27T00:23:00.950+0000] {serialized_objects.py:624} DEBUG - Cast type <class 'airflow.models.param.ParamsDict'> to str in serialization.
[2025-06-27T00:23:00.953+0000] {logging_mixin.py:188} INFO - [2025-06-27T00:23:00.953+0000] {serialized_objects.py:624} DEBUG - Cast type <class 'airflow.models.param.ParamsDict'> to str in serialization.
[2025-06-27T00:23:00.955+0000] {logging_mixin.py:188} INFO - [2025-06-27T00:23:00.955+0000] {serialized_objects.py:624} DEBUG - Cast type <class 'airflow.models.param.ParamsDict'> to str in serialization.
[2025-06-27T00:23:00.958+0000] {logging_mixin.py:188} INFO - [2025-06-27T00:23:00.958+0000] {serialized_objects.py:624} DEBUG - Cast type <class 'airflow.models.param.ParamsDict'> to str in serialization.
[2025-06-27T00:23:00.967+0000] {logging_mixin.py:188} INFO - [2025-06-27T00:23:00.967+0000] {serialized_dag.py:177} DEBUG - Serialized DAG (example_bash_operator) is unchanged. Skipping writing to DB
[2025-06-27T00:23:00.968+0000] {logging_mixin.py:188} INFO - [2025-06-27T00:23:00.968+0000] {dag.py:3096} INFO - Sync 1 DAGs
[2025-06-27T00:23:01.000+0000] {logging_mixin.py:188} INFO - [2025-06-27T00:23:00.999+0000] {dag.py:3954} INFO - Setting next_dagrun for example_bash_operator to 2025-06-26 00:00:00+00:00, run_after=2025-06-27 00:00:00+00:00
[2025-06-27T00:23:01.038+0000] {processor.py:183} INFO - Processing /home/airflow/.local/lib/python3.10/site-packages/airflow/example_dags/example_bash_operator.py took 0.181 seconds
[2025-06-27T00:23:31.321+0000] {logging_mixin.py:188} INFO - [2025-06-27T00:23:31.319+0000] {settings.py:250} DEBUG - Setting up DB connection pool (PID 13722)
[2025-06-27T00:23:31.322+0000] {logging_mixin.py:188} INFO - [2025-06-27T00:23:31.322+0000] {settings.py:330} DEBUG - settings.prepare_engine_args(): Using pool settings. pool_size=5, max_overflow=10, pool_recycle=1800, pid=13722
[2025-06-27T00:23:31.336+0000] {processor.py:161} INFO - Started process (PID=13722) to work on /home/airflow/.local/lib/python3.10/site-packages/airflow/example_dags/example_bash_operator.py
[2025-06-27T00:23:31.338+0000] {processor.py:830} INFO - Processing file /home/airflow/.local/lib/python3.10/site-packages/airflow/example_dags/example_bash_operator.py for tasks to queue
[2025-06-27T00:23:31.340+0000] {logging_mixin.py:188} INFO - [2025-06-27T00:23:31.339+0000] {dagbag.py:545} INFO - Filling up the DagBag from /home/airflow/.local/lib/python3.10/site-packages/airflow/example_dags/example_bash_operator.py
[2025-06-27T00:23:31.342+0000] {logging_mixin.py:188} INFO - [2025-06-27T00:23:31.342+0000] {dagbag.py:337} DEBUG - Importing /home/airflow/.local/lib/python3.10/site-packages/airflow/example_dags/example_bash_operator.py
[2025-06-27T00:23:31.350+0000] {logging_mixin.py:188} INFO - [2025-06-27T00:23:31.350+0000] {GetText.py:65} DEBUG - /home/airflow/.local/lib/python3.10/site-packages/cron_descriptor/locale/en_US.mo Loaded
[2025-06-27T00:23:31.371+0000] {logging_mixin.py:188} INFO - [2025-06-27T00:23:31.369+0000] {dagbag.py:511} DEBUG - Loaded DAG <DAG: example_bash_operator>
[2025-06-27T00:23:31.373+0000] {logging_mixin.py:188} INFO - [2025-06-27T00:23:31.373+0000] {dagbag.py:511} DEBUG - Loaded DAG <DAG: example_bash_operator>
[2025-06-27T00:23:31.374+0000] {processor.py:840} INFO - DAG(s) 'example_bash_operator' retrieved from /home/airflow/.local/lib/python3.10/site-packages/airflow/example_dags/example_bash_operator.py
[2025-06-27T00:23:31.377+0000] {logging_mixin.py:188} INFO - [2025-06-27T00:23:31.376+0000] {dagbag.py:667} DEBUG - Running dagbag.sync_to_db with retries. Try 1 of 3
[2025-06-27T00:23:31.377+0000] {logging_mixin.py:188} INFO - [2025-06-27T00:23:31.377+0000] {dagbag.py:672} DEBUG - Calling the DAG.bulk_sync_to_db method
[2025-06-27T00:23:31.405+0000] {logging_mixin.py:188} INFO - [2025-06-27T00:23:31.404+0000] {serialized_dag.py:166} DEBUG - Checking if DAG (example_bash_operator) changed
[2025-06-27T00:23:31.411+0000] {logging_mixin.py:188} INFO - [2025-06-27T00:23:31.411+0000] {serialized_objects.py:624} DEBUG - Cast type <class 'airflow.models.param.ParamsDict'> to str in serialization.
[2025-06-27T00:23:31.415+0000] {logging_mixin.py:188} INFO - [2025-06-27T00:23:31.415+0000] {serialized_objects.py:624} DEBUG - Cast type <class 'airflow.models.param.ParamsDict'> to str in serialization.
[2025-06-27T00:23:31.418+0000] {logging_mixin.py:188} INFO - [2025-06-27T00:23:31.418+0000] {serialized_objects.py:624} DEBUG - Cast type <class 'airflow.models.param.ParamsDict'> to str in serialization.
[2025-06-27T00:23:31.421+0000] {logging_mixin.py:188} INFO - [2025-06-27T00:23:31.420+0000] {serialized_objects.py:624} DEBUG - Cast type <class 'airflow.models.param.ParamsDict'> to str in serialization.
[2025-06-27T00:23:31.423+0000] {logging_mixin.py:188} INFO - [2025-06-27T00:23:31.423+0000] {serialized_objects.py:624} DEBUG - Cast type <class 'airflow.models.param.ParamsDict'> to str in serialization.
[2025-06-27T00:23:31.426+0000] {logging_mixin.py:188} INFO - [2025-06-27T00:23:31.426+0000] {serialized_objects.py:624} DEBUG - Cast type <class 'airflow.models.param.ParamsDict'> to str in serialization.
[2025-06-27T00:23:31.429+0000] {logging_mixin.py:188} INFO - [2025-06-27T00:23:31.429+0000] {serialized_objects.py:624} DEBUG - Cast type <class 'airflow.models.param.ParamsDict'> to str in serialization.
[2025-06-27T00:23:31.438+0000] {logging_mixin.py:188} INFO - [2025-06-27T00:23:31.438+0000] {serialized_dag.py:177} DEBUG - Serialized DAG (example_bash_operator) is unchanged. Skipping writing to DB
[2025-06-27T00:23:31.440+0000] {logging_mixin.py:188} INFO - [2025-06-27T00:23:31.440+0000] {dag.py:3096} INFO - Sync 1 DAGs
[2025-06-27T00:23:31.482+0000] {logging_mixin.py:188} INFO - [2025-06-27T00:23:31.482+0000] {dag.py:3954} INFO - Setting next_dagrun for example_bash_operator to 2025-06-26 00:00:00+00:00, run_after=2025-06-27 00:00:00+00:00
[2025-06-27T00:23:31.535+0000] {processor.py:183} INFO - Processing /home/airflow/.local/lib/python3.10/site-packages/airflow/example_dags/example_bash_operator.py took 0.216 seconds
[2025-06-27T00:24:01.759+0000] {logging_mixin.py:188} INFO - [2025-06-27T00:24:01.756+0000] {settings.py:250} DEBUG - Setting up DB connection pool (PID 13785)
[2025-06-27T00:24:01.762+0000] {logging_mixin.py:188} INFO - [2025-06-27T00:24:01.761+0000] {settings.py:330} DEBUG - settings.prepare_engine_args(): Using pool settings. pool_size=5, max_overflow=10, pool_recycle=1800, pid=13785
[2025-06-27T00:24:01.781+0000] {processor.py:161} INFO - Started process (PID=13785) to work on /home/airflow/.local/lib/python3.10/site-packages/airflow/example_dags/example_bash_operator.py
[2025-06-27T00:24:01.784+0000] {processor.py:830} INFO - Processing file /home/airflow/.local/lib/python3.10/site-packages/airflow/example_dags/example_bash_operator.py for tasks to queue
[2025-06-27T00:24:01.787+0000] {logging_mixin.py:188} INFO - [2025-06-27T00:24:01.786+0000] {dagbag.py:545} INFO - Filling up the DagBag from /home/airflow/.local/lib/python3.10/site-packages/airflow/example_dags/example_bash_operator.py
[2025-06-27T00:24:01.792+0000] {logging_mixin.py:188} INFO - [2025-06-27T00:24:01.791+0000] {dagbag.py:337} DEBUG - Importing /home/airflow/.local/lib/python3.10/site-packages/airflow/example_dags/example_bash_operator.py
[2025-06-27T00:24:01.802+0000] {logging_mixin.py:188} INFO - [2025-06-27T00:24:01.802+0000] {GetText.py:65} DEBUG - /home/airflow/.local/lib/python3.10/site-packages/cron_descriptor/locale/en_US.mo Loaded
[2025-06-27T00:24:01.827+0000] {logging_mixin.py:188} INFO - [2025-06-27T00:24:01.823+0000] {dagbag.py:511} DEBUG - Loaded DAG <DAG: example_bash_operator>
[2025-06-27T00:24:01.830+0000] {logging_mixin.py:188} INFO - [2025-06-27T00:24:01.830+0000] {dagbag.py:511} DEBUG - Loaded DAG <DAG: example_bash_operator>
[2025-06-27T00:24:01.832+0000] {processor.py:840} INFO - DAG(s) 'example_bash_operator' retrieved from /home/airflow/.local/lib/python3.10/site-packages/airflow/example_dags/example_bash_operator.py
[2025-06-27T00:24:01.836+0000] {logging_mixin.py:188} INFO - [2025-06-27T00:24:01.835+0000] {dagbag.py:667} DEBUG - Running dagbag.sync_to_db with retries. Try 1 of 3
[2025-06-27T00:24:01.837+0000] {logging_mixin.py:188} INFO - [2025-06-27T00:24:01.836+0000] {dagbag.py:672} DEBUG - Calling the DAG.bulk_sync_to_db method
[2025-06-27T00:24:01.865+0000] {logging_mixin.py:188} INFO - [2025-06-27T00:24:01.865+0000] {serialized_dag.py:166} DEBUG - Checking if DAG (example_bash_operator) changed
[2025-06-27T00:24:01.876+0000] {logging_mixin.py:188} INFO - [2025-06-27T00:24:01.875+0000] {serialized_objects.py:624} DEBUG - Cast type <class 'airflow.models.param.ParamsDict'> to str in serialization.
[2025-06-27T00:24:01.879+0000] {logging_mixin.py:188} INFO - [2025-06-27T00:24:01.879+0000] {serialized_objects.py:624} DEBUG - Cast type <class 'airflow.models.param.ParamsDict'> to str in serialization.
[2025-06-27T00:24:01.883+0000] {logging_mixin.py:188} INFO - [2025-06-27T00:24:01.882+0000] {serialized_objects.py:624} DEBUG - Cast type <class 'airflow.models.param.ParamsDict'> to str in serialization.
[2025-06-27T00:24:01.887+0000] {logging_mixin.py:188} INFO - [2025-06-27T00:24:01.887+0000] {serialized_objects.py:624} DEBUG - Cast type <class 'airflow.models.param.ParamsDict'> to str in serialization.
[2025-06-27T00:24:01.892+0000] {logging_mixin.py:188} INFO - [2025-06-27T00:24:01.892+0000] {serialized_objects.py:624} DEBUG - Cast type <class 'airflow.models.param.ParamsDict'> to str in serialization.
[2025-06-27T00:24:01.896+0000] {logging_mixin.py:188} INFO - [2025-06-27T00:24:01.895+0000] {serialized_objects.py:624} DEBUG - Cast type <class 'airflow.models.param.ParamsDict'> to str in serialization.
[2025-06-27T00:24:01.899+0000] {logging_mixin.py:188} INFO - [2025-06-27T00:24:01.899+0000] {serialized_objects.py:624} DEBUG - Cast type <class 'airflow.models.param.ParamsDict'> to str in serialization.
[2025-06-27T00:24:01.912+0000] {logging_mixin.py:188} INFO - [2025-06-27T00:24:01.911+0000] {serialized_dag.py:177} DEBUG - Serialized DAG (example_bash_operator) is unchanged. Skipping writing to DB
[2025-06-27T00:24:01.913+0000] {logging_mixin.py:188} INFO - [2025-06-27T00:24:01.913+0000] {dag.py:3096} INFO - Sync 1 DAGs
[2025-06-27T00:24:01.963+0000] {logging_mixin.py:188} INFO - [2025-06-27T00:24:01.962+0000] {dag.py:3954} INFO - Setting next_dagrun for example_bash_operator to 2025-06-26 00:00:00+00:00, run_after=2025-06-27 00:00:00+00:00
[2025-06-27T00:24:02.006+0000] {processor.py:183} INFO - Processing /home/airflow/.local/lib/python3.10/site-packages/airflow/example_dags/example_bash_operator.py took 0.250 seconds
[2025-06-27T00:24:32.115+0000] {logging_mixin.py:188} INFO - [2025-06-27T00:24:32.113+0000] {settings.py:250} DEBUG - Setting up DB connection pool (PID 13846)
[2025-06-27T00:24:32.117+0000] {logging_mixin.py:188} INFO - [2025-06-27T00:24:32.117+0000] {settings.py:330} DEBUG - settings.prepare_engine_args(): Using pool settings. pool_size=5, max_overflow=10, pool_recycle=1800, pid=13846
[2025-06-27T00:24:32.129+0000] {processor.py:161} INFO - Started process (PID=13846) to work on /home/airflow/.local/lib/python3.10/site-packages/airflow/example_dags/example_bash_operator.py
[2025-06-27T00:24:32.131+0000] {processor.py:830} INFO - Processing file /home/airflow/.local/lib/python3.10/site-packages/airflow/example_dags/example_bash_operator.py for tasks to queue
[2025-06-27T00:24:32.132+0000] {logging_mixin.py:188} INFO - [2025-06-27T00:24:32.132+0000] {dagbag.py:545} INFO - Filling up the DagBag from /home/airflow/.local/lib/python3.10/site-packages/airflow/example_dags/example_bash_operator.py
[2025-06-27T00:24:32.136+0000] {logging_mixin.py:188} INFO - [2025-06-27T00:24:32.136+0000] {dagbag.py:337} DEBUG - Importing /home/airflow/.local/lib/python3.10/site-packages/airflow/example_dags/example_bash_operator.py
[2025-06-27T00:24:32.143+0000] {logging_mixin.py:188} INFO - [2025-06-27T00:24:32.143+0000] {GetText.py:65} DEBUG - /home/airflow/.local/lib/python3.10/site-packages/cron_descriptor/locale/en_US.mo Loaded
[2025-06-27T00:24:32.162+0000] {logging_mixin.py:188} INFO - [2025-06-27T00:24:32.160+0000] {dagbag.py:511} DEBUG - Loaded DAG <DAG: example_bash_operator>
[2025-06-27T00:24:32.164+0000] {logging_mixin.py:188} INFO - [2025-06-27T00:24:32.164+0000] {dagbag.py:511} DEBUG - Loaded DAG <DAG: example_bash_operator>
[2025-06-27T00:24:32.165+0000] {processor.py:840} INFO - DAG(s) 'example_bash_operator' retrieved from /home/airflow/.local/lib/python3.10/site-packages/airflow/example_dags/example_bash_operator.py
[2025-06-27T00:24:32.168+0000] {logging_mixin.py:188} INFO - [2025-06-27T00:24:32.168+0000] {dagbag.py:667} DEBUG - Running dagbag.sync_to_db with retries. Try 1 of 3
[2025-06-27T00:24:32.169+0000] {logging_mixin.py:188} INFO - [2025-06-27T00:24:32.169+0000] {dagbag.py:672} DEBUG - Calling the DAG.bulk_sync_to_db method
[2025-06-27T00:24:32.198+0000] {logging_mixin.py:188} INFO - [2025-06-27T00:24:32.197+0000] {serialized_dag.py:166} DEBUG - Checking if DAG (example_bash_operator) changed
[2025-06-27T00:24:32.206+0000] {logging_mixin.py:188} INFO - [2025-06-27T00:24:32.205+0000] {serialized_objects.py:624} DEBUG - Cast type <class 'airflow.models.param.ParamsDict'> to str in serialization.
[2025-06-27T00:24:32.211+0000] {logging_mixin.py:188} INFO - [2025-06-27T00:24:32.211+0000] {serialized_objects.py:624} DEBUG - Cast type <class 'airflow.models.param.ParamsDict'> to str in serialization.
[2025-06-27T00:24:32.215+0000] {logging_mixin.py:188} INFO - [2025-06-27T00:24:32.214+0000] {serialized_objects.py:624} DEBUG - Cast type <class 'airflow.models.param.ParamsDict'> to str in serialization.
[2025-06-27T00:24:32.217+0000] {logging_mixin.py:188} INFO - [2025-06-27T00:24:32.217+0000] {serialized_objects.py:624} DEBUG - Cast type <class 'airflow.models.param.ParamsDict'> to str in serialization.
[2025-06-27T00:24:32.220+0000] {logging_mixin.py:188} INFO - [2025-06-27T00:24:32.220+0000] {serialized_objects.py:624} DEBUG - Cast type <class 'airflow.models.param.ParamsDict'> to str in serialization.
[2025-06-27T00:24:32.224+0000] {logging_mixin.py:188} INFO - [2025-06-27T00:24:32.223+0000] {serialized_objects.py:624} DEBUG - Cast type <class 'airflow.models.param.ParamsDict'> to str in serialization.
[2025-06-27T00:24:32.227+0000] {logging_mixin.py:188} INFO - [2025-06-27T00:24:32.226+0000] {serialized_objects.py:624} DEBUG - Cast type <class 'airflow.models.param.ParamsDict'> to str in serialization.
[2025-06-27T00:24:32.236+0000] {logging_mixin.py:188} INFO - [2025-06-27T00:24:32.236+0000] {serialized_dag.py:177} DEBUG - Serialized DAG (example_bash_operator) is unchanged. Skipping writing to DB
[2025-06-27T00:24:32.237+0000] {logging_mixin.py:188} INFO - [2025-06-27T00:24:32.237+0000] {dag.py:3096} INFO - Sync 1 DAGs
[2025-06-27T00:24:32.271+0000] {logging_mixin.py:188} INFO - [2025-06-27T00:24:32.270+0000] {dag.py:3954} INFO - Setting next_dagrun for example_bash_operator to 2025-06-26 00:00:00+00:00, run_after=2025-06-27 00:00:00+00:00
[2025-06-27T00:24:32.300+0000] {processor.py:183} INFO - Processing /home/airflow/.local/lib/python3.10/site-packages/airflow/example_dags/example_bash_operator.py took 0.187 seconds
[2025-06-27T00:25:03.061+0000] {logging_mixin.py:188} INFO - [2025-06-27T00:25:03.060+0000] {settings.py:250} DEBUG - Setting up DB connection pool (PID 13909)
[2025-06-27T00:25:03.062+0000] {logging_mixin.py:188} INFO - [2025-06-27T00:25:03.062+0000] {settings.py:330} DEBUG - settings.prepare_engine_args(): Using pool settings. pool_size=5, max_overflow=10, pool_recycle=1800, pid=13909
[2025-06-27T00:25:03.072+0000] {processor.py:161} INFO - Started process (PID=13909) to work on /home/airflow/.local/lib/python3.10/site-packages/airflow/example_dags/example_bash_operator.py
[2025-06-27T00:25:03.074+0000] {processor.py:830} INFO - Processing file /home/airflow/.local/lib/python3.10/site-packages/airflow/example_dags/example_bash_operator.py for tasks to queue
[2025-06-27T00:25:03.076+0000] {logging_mixin.py:188} INFO - [2025-06-27T00:25:03.075+0000] {dagbag.py:545} INFO - Filling up the DagBag from /home/airflow/.local/lib/python3.10/site-packages/airflow/example_dags/example_bash_operator.py
[2025-06-27T00:25:03.077+0000] {logging_mixin.py:188} INFO - [2025-06-27T00:25:03.077+0000] {dagbag.py:337} DEBUG - Importing /home/airflow/.local/lib/python3.10/site-packages/airflow/example_dags/example_bash_operator.py
[2025-06-27T00:25:03.082+0000] {logging_mixin.py:188} INFO - [2025-06-27T00:25:03.082+0000] {GetText.py:65} DEBUG - /home/airflow/.local/lib/python3.10/site-packages/cron_descriptor/locale/en_US.mo Loaded
[2025-06-27T00:25:03.096+0000] {logging_mixin.py:188} INFO - [2025-06-27T00:25:03.094+0000] {dagbag.py:511} DEBUG - Loaded DAG <DAG: example_bash_operator>
[2025-06-27T00:25:03.098+0000] {logging_mixin.py:188} INFO - [2025-06-27T00:25:03.098+0000] {dagbag.py:511} DEBUG - Loaded DAG <DAG: example_bash_operator>
[2025-06-27T00:25:03.099+0000] {processor.py:840} INFO - DAG(s) 'example_bash_operator' retrieved from /home/airflow/.local/lib/python3.10/site-packages/airflow/example_dags/example_bash_operator.py
[2025-06-27T00:25:03.101+0000] {logging_mixin.py:188} INFO - [2025-06-27T00:25:03.100+0000] {dagbag.py:667} DEBUG - Running dagbag.sync_to_db with retries. Try 1 of 3
[2025-06-27T00:25:03.101+0000] {logging_mixin.py:188} INFO - [2025-06-27T00:25:03.101+0000] {dagbag.py:672} DEBUG - Calling the DAG.bulk_sync_to_db method
[2025-06-27T00:25:03.120+0000] {logging_mixin.py:188} INFO - [2025-06-27T00:25:03.119+0000] {serialized_dag.py:166} DEBUG - Checking if DAG (example_bash_operator) changed
[2025-06-27T00:25:03.126+0000] {logging_mixin.py:188} INFO - [2025-06-27T00:25:03.125+0000] {serialized_objects.py:624} DEBUG - Cast type <class 'airflow.models.param.ParamsDict'> to str in serialization.
[2025-06-27T00:25:03.133+0000] {logging_mixin.py:188} INFO - [2025-06-27T00:25:03.133+0000] {serialized_objects.py:624} DEBUG - Cast type <class 'airflow.models.param.ParamsDict'> to str in serialization.
[2025-06-27T00:25:03.137+0000] {logging_mixin.py:188} INFO - [2025-06-27T00:25:03.137+0000] {serialized_objects.py:624} DEBUG - Cast type <class 'airflow.models.param.ParamsDict'> to str in serialization.
[2025-06-27T00:25:03.141+0000] {logging_mixin.py:188} INFO - [2025-06-27T00:25:03.140+0000] {serialized_objects.py:624} DEBUG - Cast type <class 'airflow.models.param.ParamsDict'> to str in serialization.
[2025-06-27T00:25:03.145+0000] {logging_mixin.py:188} INFO - [2025-06-27T00:25:03.144+0000] {serialized_objects.py:624} DEBUG - Cast type <class 'airflow.models.param.ParamsDict'> to str in serialization.
[2025-06-27T00:25:03.149+0000] {logging_mixin.py:188} INFO - [2025-06-27T00:25:03.148+0000] {serialized_objects.py:624} DEBUG - Cast type <class 'airflow.models.param.ParamsDict'> to str in serialization.
[2025-06-27T00:25:03.152+0000] {logging_mixin.py:188} INFO - [2025-06-27T00:25:03.151+0000] {serialized_objects.py:624} DEBUG - Cast type <class 'airflow.models.param.ParamsDict'> to str in serialization.
[2025-06-27T00:25:03.164+0000] {logging_mixin.py:188} INFO - [2025-06-27T00:25:03.163+0000] {serialized_dag.py:177} DEBUG - Serialized DAG (example_bash_operator) is unchanged. Skipping writing to DB
[2025-06-27T00:25:03.166+0000] {logging_mixin.py:188} INFO - [2025-06-27T00:25:03.166+0000] {dag.py:3096} INFO - Sync 1 DAGs
[2025-06-27T00:25:03.225+0000] {logging_mixin.py:188} INFO - [2025-06-27T00:25:03.224+0000] {dag.py:3954} INFO - Setting next_dagrun for example_bash_operator to 2025-06-26 00:00:00+00:00, run_after=2025-06-27 00:00:00+00:00
[2025-06-27T00:25:03.267+0000] {processor.py:183} INFO - Processing /home/airflow/.local/lib/python3.10/site-packages/airflow/example_dags/example_bash_operator.py took 0.208 seconds
[2025-06-27T00:25:33.723+0000] {logging_mixin.py:188} INFO - [2025-06-27T00:25:33.722+0000] {settings.py:250} DEBUG - Setting up DB connection pool (PID 13972)
[2025-06-27T00:25:33.724+0000] {logging_mixin.py:188} INFO - [2025-06-27T00:25:33.724+0000] {settings.py:330} DEBUG - settings.prepare_engine_args(): Using pool settings. pool_size=5, max_overflow=10, pool_recycle=1800, pid=13972
[2025-06-27T00:25:33.736+0000] {processor.py:161} INFO - Started process (PID=13972) to work on /home/airflow/.local/lib/python3.10/site-packages/airflow/example_dags/example_bash_operator.py
[2025-06-27T00:25:33.737+0000] {processor.py:830} INFO - Processing file /home/airflow/.local/lib/python3.10/site-packages/airflow/example_dags/example_bash_operator.py for tasks to queue
[2025-06-27T00:25:33.740+0000] {logging_mixin.py:188} INFO - [2025-06-27T00:25:33.739+0000] {dagbag.py:545} INFO - Filling up the DagBag from /home/airflow/.local/lib/python3.10/site-packages/airflow/example_dags/example_bash_operator.py
[2025-06-27T00:25:33.742+0000] {logging_mixin.py:188} INFO - [2025-06-27T00:25:33.742+0000] {dagbag.py:337} DEBUG - Importing /home/airflow/.local/lib/python3.10/site-packages/airflow/example_dags/example_bash_operator.py
[2025-06-27T00:25:33.748+0000] {logging_mixin.py:188} INFO - [2025-06-27T00:25:33.748+0000] {GetText.py:65} DEBUG - /home/airflow/.local/lib/python3.10/site-packages/cron_descriptor/locale/en_US.mo Loaded
[2025-06-27T00:25:33.764+0000] {logging_mixin.py:188} INFO - [2025-06-27T00:25:33.762+0000] {dagbag.py:511} DEBUG - Loaded DAG <DAG: example_bash_operator>
[2025-06-27T00:25:33.765+0000] {logging_mixin.py:188} INFO - [2025-06-27T00:25:33.765+0000] {dagbag.py:511} DEBUG - Loaded DAG <DAG: example_bash_operator>
[2025-06-27T00:25:33.766+0000] {processor.py:840} INFO - DAG(s) 'example_bash_operator' retrieved from /home/airflow/.local/lib/python3.10/site-packages/airflow/example_dags/example_bash_operator.py
[2025-06-27T00:25:33.769+0000] {logging_mixin.py:188} INFO - [2025-06-27T00:25:33.769+0000] {dagbag.py:667} DEBUG - Running dagbag.sync_to_db with retries. Try 1 of 3
[2025-06-27T00:25:33.770+0000] {logging_mixin.py:188} INFO - [2025-06-27T00:25:33.770+0000] {dagbag.py:672} DEBUG - Calling the DAG.bulk_sync_to_db method
[2025-06-27T00:25:33.795+0000] {logging_mixin.py:188} INFO - [2025-06-27T00:25:33.794+0000] {serialized_dag.py:166} DEBUG - Checking if DAG (example_bash_operator) changed
[2025-06-27T00:25:33.805+0000] {logging_mixin.py:188} INFO - [2025-06-27T00:25:33.804+0000] {serialized_objects.py:624} DEBUG - Cast type <class 'airflow.models.param.ParamsDict'> to str in serialization.
[2025-06-27T00:25:33.811+0000] {logging_mixin.py:188} INFO - [2025-06-27T00:25:33.810+0000] {serialized_objects.py:624} DEBUG - Cast type <class 'airflow.models.param.ParamsDict'> to str in serialization.
[2025-06-27T00:25:33.814+0000] {logging_mixin.py:188} INFO - [2025-06-27T00:25:33.814+0000] {serialized_objects.py:624} DEBUG - Cast type <class 'airflow.models.param.ParamsDict'> to str in serialization.
[2025-06-27T00:25:33.817+0000] {logging_mixin.py:188} INFO - [2025-06-27T00:25:33.817+0000] {serialized_objects.py:624} DEBUG - Cast type <class 'airflow.models.param.ParamsDict'> to str in serialization.
[2025-06-27T00:25:33.820+0000] {logging_mixin.py:188} INFO - [2025-06-27T00:25:33.819+0000] {serialized_objects.py:624} DEBUG - Cast type <class 'airflow.models.param.ParamsDict'> to str in serialization.
[2025-06-27T00:25:33.823+0000] {logging_mixin.py:188} INFO - [2025-06-27T00:25:33.823+0000] {serialized_objects.py:624} DEBUG - Cast type <class 'airflow.models.param.ParamsDict'> to str in serialization.
[2025-06-27T00:25:33.825+0000] {logging_mixin.py:188} INFO - [2025-06-27T00:25:33.825+0000] {serialized_objects.py:624} DEBUG - Cast type <class 'airflow.models.param.ParamsDict'> to str in serialization.
[2025-06-27T00:25:33.835+0000] {logging_mixin.py:188} INFO - [2025-06-27T00:25:33.835+0000] {serialized_dag.py:177} DEBUG - Serialized DAG (example_bash_operator) is unchanged. Skipping writing to DB
[2025-06-27T00:25:33.837+0000] {logging_mixin.py:188} INFO - [2025-06-27T00:25:33.836+0000] {dag.py:3096} INFO - Sync 1 DAGs
[2025-06-27T00:25:33.872+0000] {logging_mixin.py:188} INFO - [2025-06-27T00:25:33.872+0000] {dag.py:3954} INFO - Setting next_dagrun for example_bash_operator to 2025-06-26 00:00:00+00:00, run_after=2025-06-27 00:00:00+00:00
[2025-06-27T00:25:33.909+0000] {processor.py:183} INFO - Processing /home/airflow/.local/lib/python3.10/site-packages/airflow/example_dags/example_bash_operator.py took 0.187 seconds
[2025-06-27T00:26:04.739+0000] {logging_mixin.py:188} INFO - [2025-06-27T00:26:04.737+0000] {settings.py:250} DEBUG - Setting up DB connection pool (PID 14035)
[2025-06-27T00:26:04.742+0000] {logging_mixin.py:188} INFO - [2025-06-27T00:26:04.742+0000] {settings.py:330} DEBUG - settings.prepare_engine_args(): Using pool settings. pool_size=5, max_overflow=10, pool_recycle=1800, pid=14035
[2025-06-27T00:26:04.757+0000] {processor.py:161} INFO - Started process (PID=14035) to work on /home/airflow/.local/lib/python3.10/site-packages/airflow/example_dags/example_bash_operator.py
[2025-06-27T00:26:04.758+0000] {processor.py:830} INFO - Processing file /home/airflow/.local/lib/python3.10/site-packages/airflow/example_dags/example_bash_operator.py for tasks to queue
[2025-06-27T00:26:04.761+0000] {logging_mixin.py:188} INFO - [2025-06-27T00:26:04.760+0000] {dagbag.py:545} INFO - Filling up the DagBag from /home/airflow/.local/lib/python3.10/site-packages/airflow/example_dags/example_bash_operator.py
[2025-06-27T00:26:04.764+0000] {logging_mixin.py:188} INFO - [2025-06-27T00:26:04.763+0000] {dagbag.py:337} DEBUG - Importing /home/airflow/.local/lib/python3.10/site-packages/airflow/example_dags/example_bash_operator.py
[2025-06-27T00:26:04.772+0000] {logging_mixin.py:188} INFO - [2025-06-27T00:26:04.771+0000] {GetText.py:65} DEBUG - /home/airflow/.local/lib/python3.10/site-packages/cron_descriptor/locale/en_US.mo Loaded
[2025-06-27T00:26:04.796+0000] {logging_mixin.py:188} INFO - [2025-06-27T00:26:04.785+0000] {dagbag.py:511} DEBUG - Loaded DAG <DAG: example_bash_operator>
[2025-06-27T00:26:04.799+0000] {logging_mixin.py:188} INFO - [2025-06-27T00:26:04.798+0000] {dagbag.py:511} DEBUG - Loaded DAG <DAG: example_bash_operator>
[2025-06-27T00:26:04.800+0000] {processor.py:840} INFO - DAG(s) 'example_bash_operator' retrieved from /home/airflow/.local/lib/python3.10/site-packages/airflow/example_dags/example_bash_operator.py
[2025-06-27T00:26:04.805+0000] {logging_mixin.py:188} INFO - [2025-06-27T00:26:04.804+0000] {dagbag.py:667} DEBUG - Running dagbag.sync_to_db with retries. Try 1 of 3
[2025-06-27T00:26:04.811+0000] {logging_mixin.py:188} INFO - [2025-06-27T00:26:04.808+0000] {dagbag.py:672} DEBUG - Calling the DAG.bulk_sync_to_db method
[2025-06-27T00:26:04.838+0000] {logging_mixin.py:188} INFO - [2025-06-27T00:26:04.837+0000] {serialized_dag.py:166} DEBUG - Checking if DAG (example_bash_operator) changed
[2025-06-27T00:26:04.843+0000] {logging_mixin.py:188} INFO - [2025-06-27T00:26:04.843+0000] {serialized_objects.py:624} DEBUG - Cast type <class 'airflow.models.param.ParamsDict'> to str in serialization.
[2025-06-27T00:26:04.847+0000] {logging_mixin.py:188} INFO - [2025-06-27T00:26:04.846+0000] {serialized_objects.py:624} DEBUG - Cast type <class 'airflow.models.param.ParamsDict'> to str in serialization.
[2025-06-27T00:26:04.849+0000] {logging_mixin.py:188} INFO - [2025-06-27T00:26:04.849+0000] {serialized_objects.py:624} DEBUG - Cast type <class 'airflow.models.param.ParamsDict'> to str in serialization.
[2025-06-27T00:26:04.852+0000] {logging_mixin.py:188} INFO - [2025-06-27T00:26:04.852+0000] {serialized_objects.py:624} DEBUG - Cast type <class 'airflow.models.param.ParamsDict'> to str in serialization.
[2025-06-27T00:26:04.854+0000] {logging_mixin.py:188} INFO - [2025-06-27T00:26:04.854+0000] {serialized_objects.py:624} DEBUG - Cast type <class 'airflow.models.param.ParamsDict'> to str in serialization.
[2025-06-27T00:26:04.857+0000] {logging_mixin.py:188} INFO - [2025-06-27T00:26:04.856+0000] {serialized_objects.py:624} DEBUG - Cast type <class 'airflow.models.param.ParamsDict'> to str in serialization.
[2025-06-27T00:26:04.860+0000] {logging_mixin.py:188} INFO - [2025-06-27T00:26:04.859+0000] {serialized_objects.py:624} DEBUG - Cast type <class 'airflow.models.param.ParamsDict'> to str in serialization.
[2025-06-27T00:26:04.870+0000] {logging_mixin.py:188} INFO - [2025-06-27T00:26:04.870+0000] {serialized_dag.py:177} DEBUG - Serialized DAG (example_bash_operator) is unchanged. Skipping writing to DB
[2025-06-27T00:26:04.871+0000] {logging_mixin.py:188} INFO - [2025-06-27T00:26:04.871+0000] {dag.py:3096} INFO - Sync 1 DAGs
[2025-06-27T00:26:04.901+0000] {logging_mixin.py:188} INFO - [2025-06-27T00:26:04.901+0000] {dag.py:3954} INFO - Setting next_dagrun for example_bash_operator to 2025-06-26 00:00:00+00:00, run_after=2025-06-27 00:00:00+00:00
[2025-06-27T00:26:04.929+0000] {processor.py:183} INFO - Processing /home/airflow/.local/lib/python3.10/site-packages/airflow/example_dags/example_bash_operator.py took 0.193 seconds
[2025-06-27T00:26:35.355+0000] {logging_mixin.py:188} INFO - [2025-06-27T00:26:35.354+0000] {settings.py:250} DEBUG - Setting up DB connection pool (PID 14099)
[2025-06-27T00:26:35.357+0000] {logging_mixin.py:188} INFO - [2025-06-27T00:26:35.356+0000] {settings.py:330} DEBUG - settings.prepare_engine_args(): Using pool settings. pool_size=5, max_overflow=10, pool_recycle=1800, pid=14099
[2025-06-27T00:26:35.366+0000] {processor.py:161} INFO - Started process (PID=14099) to work on /home/airflow/.local/lib/python3.10/site-packages/airflow/example_dags/example_bash_operator.py
[2025-06-27T00:26:35.368+0000] {processor.py:830} INFO - Processing file /home/airflow/.local/lib/python3.10/site-packages/airflow/example_dags/example_bash_operator.py for tasks to queue
[2025-06-27T00:26:35.369+0000] {logging_mixin.py:188} INFO - [2025-06-27T00:26:35.369+0000] {dagbag.py:545} INFO - Filling up the DagBag from /home/airflow/.local/lib/python3.10/site-packages/airflow/example_dags/example_bash_operator.py
[2025-06-27T00:26:35.372+0000] {logging_mixin.py:188} INFO - [2025-06-27T00:26:35.372+0000] {dagbag.py:337} DEBUG - Importing /home/airflow/.local/lib/python3.10/site-packages/airflow/example_dags/example_bash_operator.py
[2025-06-27T00:26:35.378+0000] {logging_mixin.py:188} INFO - [2025-06-27T00:26:35.377+0000] {GetText.py:65} DEBUG - /home/airflow/.local/lib/python3.10/site-packages/cron_descriptor/locale/en_US.mo Loaded
[2025-06-27T00:26:35.392+0000] {logging_mixin.py:188} INFO - [2025-06-27T00:26:35.391+0000] {dagbag.py:511} DEBUG - Loaded DAG <DAG: example_bash_operator>
[2025-06-27T00:26:35.394+0000] {logging_mixin.py:188} INFO - [2025-06-27T00:26:35.394+0000] {dagbag.py:511} DEBUG - Loaded DAG <DAG: example_bash_operator>
[2025-06-27T00:26:35.395+0000] {processor.py:840} INFO - DAG(s) 'example_bash_operator' retrieved from /home/airflow/.local/lib/python3.10/site-packages/airflow/example_dags/example_bash_operator.py
[2025-06-27T00:26:35.397+0000] {logging_mixin.py:188} INFO - [2025-06-27T00:26:35.397+0000] {dagbag.py:667} DEBUG - Running dagbag.sync_to_db with retries. Try 1 of 3
[2025-06-27T00:26:35.398+0000] {logging_mixin.py:188} INFO - [2025-06-27T00:26:35.398+0000] {dagbag.py:672} DEBUG - Calling the DAG.bulk_sync_to_db method
[2025-06-27T00:26:35.423+0000] {logging_mixin.py:188} INFO - [2025-06-27T00:26:35.422+0000] {serialized_dag.py:166} DEBUG - Checking if DAG (example_bash_operator) changed
[2025-06-27T00:26:35.427+0000] {logging_mixin.py:188} INFO - [2025-06-27T00:26:35.427+0000] {serialized_objects.py:624} DEBUG - Cast type <class 'airflow.models.param.ParamsDict'> to str in serialization.
[2025-06-27T00:26:35.432+0000] {logging_mixin.py:188} INFO - [2025-06-27T00:26:35.431+0000] {serialized_objects.py:624} DEBUG - Cast type <class 'airflow.models.param.ParamsDict'> to str in serialization.
[2025-06-27T00:26:35.434+0000] {logging_mixin.py:188} INFO - [2025-06-27T00:26:35.434+0000] {serialized_objects.py:624} DEBUG - Cast type <class 'airflow.models.param.ParamsDict'> to str in serialization.
[2025-06-27T00:26:35.436+0000] {logging_mixin.py:188} INFO - [2025-06-27T00:26:35.436+0000] {serialized_objects.py:624} DEBUG - Cast type <class 'airflow.models.param.ParamsDict'> to str in serialization.
[2025-06-27T00:26:35.439+0000] {logging_mixin.py:188} INFO - [2025-06-27T00:26:35.439+0000] {serialized_objects.py:624} DEBUG - Cast type <class 'airflow.models.param.ParamsDict'> to str in serialization.
[2025-06-27T00:26:35.442+0000] {logging_mixin.py:188} INFO - [2025-06-27T00:26:35.442+0000] {serialized_objects.py:624} DEBUG - Cast type <class 'airflow.models.param.ParamsDict'> to str in serialization.
[2025-06-27T00:26:35.445+0000] {logging_mixin.py:188} INFO - [2025-06-27T00:26:35.444+0000] {serialized_objects.py:624} DEBUG - Cast type <class 'airflow.models.param.ParamsDict'> to str in serialization.
[2025-06-27T00:26:35.454+0000] {logging_mixin.py:188} INFO - [2025-06-27T00:26:35.453+0000] {serialized_dag.py:177} DEBUG - Serialized DAG (example_bash_operator) is unchanged. Skipping writing to DB
[2025-06-27T00:26:35.455+0000] {logging_mixin.py:188} INFO - [2025-06-27T00:26:35.455+0000] {dag.py:3096} INFO - Sync 1 DAGs
[2025-06-27T00:26:35.490+0000] {logging_mixin.py:188} INFO - [2025-06-27T00:26:35.490+0000] {dag.py:3954} INFO - Setting next_dagrun for example_bash_operator to 2025-06-26 00:00:00+00:00, run_after=2025-06-27 00:00:00+00:00
[2025-06-27T00:26:35.526+0000] {processor.py:183} INFO - Processing /home/airflow/.local/lib/python3.10/site-packages/airflow/example_dags/example_bash_operator.py took 0.173 seconds
[2025-06-27T00:27:05.878+0000] {logging_mixin.py:188} INFO - [2025-06-27T00:27:05.877+0000] {settings.py:250} DEBUG - Setting up DB connection pool (PID 14163)
[2025-06-27T00:27:05.880+0000] {logging_mixin.py:188} INFO - [2025-06-27T00:27:05.880+0000] {settings.py:330} DEBUG - settings.prepare_engine_args(): Using pool settings. pool_size=5, max_overflow=10, pool_recycle=1800, pid=14163
[2025-06-27T00:27:05.894+0000] {processor.py:161} INFO - Started process (PID=14163) to work on /home/airflow/.local/lib/python3.10/site-packages/airflow/example_dags/example_bash_operator.py
[2025-06-27T00:27:05.895+0000] {processor.py:830} INFO - Processing file /home/airflow/.local/lib/python3.10/site-packages/airflow/example_dags/example_bash_operator.py for tasks to queue
[2025-06-27T00:27:05.897+0000] {logging_mixin.py:188} INFO - [2025-06-27T00:27:05.897+0000] {dagbag.py:545} INFO - Filling up the DagBag from /home/airflow/.local/lib/python3.10/site-packages/airflow/example_dags/example_bash_operator.py
[2025-06-27T00:27:05.900+0000] {logging_mixin.py:188} INFO - [2025-06-27T00:27:05.899+0000] {dagbag.py:337} DEBUG - Importing /home/airflow/.local/lib/python3.10/site-packages/airflow/example_dags/example_bash_operator.py
[2025-06-27T00:27:05.907+0000] {logging_mixin.py:188} INFO - [2025-06-27T00:27:05.906+0000] {GetText.py:65} DEBUG - /home/airflow/.local/lib/python3.10/site-packages/cron_descriptor/locale/en_US.mo Loaded
[2025-06-27T00:27:05.920+0000] {logging_mixin.py:188} INFO - [2025-06-27T00:27:05.918+0000] {dagbag.py:511} DEBUG - Loaded DAG <DAG: example_bash_operator>
[2025-06-27T00:27:05.922+0000] {logging_mixin.py:188} INFO - [2025-06-27T00:27:05.922+0000] {dagbag.py:511} DEBUG - Loaded DAG <DAG: example_bash_operator>
[2025-06-27T00:27:05.923+0000] {processor.py:840} INFO - DAG(s) 'example_bash_operator' retrieved from /home/airflow/.local/lib/python3.10/site-packages/airflow/example_dags/example_bash_operator.py
[2025-06-27T00:27:05.925+0000] {logging_mixin.py:188} INFO - [2025-06-27T00:27:05.925+0000] {dagbag.py:667} DEBUG - Running dagbag.sync_to_db with retries. Try 1 of 3
[2025-06-27T00:27:05.926+0000] {logging_mixin.py:188} INFO - [2025-06-27T00:27:05.926+0000] {dagbag.py:672} DEBUG - Calling the DAG.bulk_sync_to_db method
[2025-06-27T00:27:05.946+0000] {logging_mixin.py:188} INFO - [2025-06-27T00:27:05.946+0000] {serialized_dag.py:166} DEBUG - Checking if DAG (example_bash_operator) changed
[2025-06-27T00:27:05.951+0000] {logging_mixin.py:188} INFO - [2025-06-27T00:27:05.951+0000] {serialized_objects.py:624} DEBUG - Cast type <class 'airflow.models.param.ParamsDict'> to str in serialization.
[2025-06-27T00:27:05.954+0000] {logging_mixin.py:188} INFO - [2025-06-27T00:27:05.954+0000] {serialized_objects.py:624} DEBUG - Cast type <class 'airflow.models.param.ParamsDict'> to str in serialization.
[2025-06-27T00:27:05.957+0000] {logging_mixin.py:188} INFO - [2025-06-27T00:27:05.957+0000] {serialized_objects.py:624} DEBUG - Cast type <class 'airflow.models.param.ParamsDict'> to str in serialization.
[2025-06-27T00:27:05.959+0000] {logging_mixin.py:188} INFO - [2025-06-27T00:27:05.959+0000] {serialized_objects.py:624} DEBUG - Cast type <class 'airflow.models.param.ParamsDict'> to str in serialization.
[2025-06-27T00:27:05.962+0000] {logging_mixin.py:188} INFO - [2025-06-27T00:27:05.962+0000] {serialized_objects.py:624} DEBUG - Cast type <class 'airflow.models.param.ParamsDict'> to str in serialization.
[2025-06-27T00:27:05.964+0000] {logging_mixin.py:188} INFO - [2025-06-27T00:27:05.964+0000] {serialized_objects.py:624} DEBUG - Cast type <class 'airflow.models.param.ParamsDict'> to str in serialization.
[2025-06-27T00:27:05.967+0000] {logging_mixin.py:188} INFO - [2025-06-27T00:27:05.966+0000] {serialized_objects.py:624} DEBUG - Cast type <class 'airflow.models.param.ParamsDict'> to str in serialization.
[2025-06-27T00:27:05.974+0000] {logging_mixin.py:188} INFO - [2025-06-27T00:27:05.974+0000] {serialized_dag.py:177} DEBUG - Serialized DAG (example_bash_operator) is unchanged. Skipping writing to DB
[2025-06-27T00:27:05.975+0000] {logging_mixin.py:188} INFO - [2025-06-27T00:27:05.975+0000] {dag.py:3096} INFO - Sync 1 DAGs
[2025-06-27T00:27:06.004+0000] {logging_mixin.py:188} INFO - [2025-06-27T00:27:06.003+0000] {dag.py:3954} INFO - Setting next_dagrun for example_bash_operator to 2025-06-26 00:00:00+00:00, run_after=2025-06-27 00:00:00+00:00
[2025-06-27T00:27:06.034+0000] {processor.py:183} INFO - Processing /home/airflow/.local/lib/python3.10/site-packages/airflow/example_dags/example_bash_operator.py took 0.157 seconds
[2025-06-27T00:27:36.314+0000] {logging_mixin.py:188} INFO - [2025-06-27T00:27:36.313+0000] {settings.py:250} DEBUG - Setting up DB connection pool (PID 14226)
[2025-06-27T00:27:36.315+0000] {logging_mixin.py:188} INFO - [2025-06-27T00:27:36.315+0000] {settings.py:330} DEBUG - settings.prepare_engine_args(): Using pool settings. pool_size=5, max_overflow=10, pool_recycle=1800, pid=14226
[2025-06-27T00:27:36.326+0000] {processor.py:161} INFO - Started process (PID=14226) to work on /home/airflow/.local/lib/python3.10/site-packages/airflow/example_dags/example_bash_operator.py
[2025-06-27T00:27:36.327+0000] {processor.py:830} INFO - Processing file /home/airflow/.local/lib/python3.10/site-packages/airflow/example_dags/example_bash_operator.py for tasks to queue
[2025-06-27T00:27:36.328+0000] {logging_mixin.py:188} INFO - [2025-06-27T00:27:36.328+0000] {dagbag.py:545} INFO - Filling up the DagBag from /home/airflow/.local/lib/python3.10/site-packages/airflow/example_dags/example_bash_operator.py
[2025-06-27T00:27:36.330+0000] {logging_mixin.py:188} INFO - [2025-06-27T00:27:36.330+0000] {dagbag.py:337} DEBUG - Importing /home/airflow/.local/lib/python3.10/site-packages/airflow/example_dags/example_bash_operator.py
[2025-06-27T00:27:36.336+0000] {logging_mixin.py:188} INFO - [2025-06-27T00:27:36.335+0000] {GetText.py:65} DEBUG - /home/airflow/.local/lib/python3.10/site-packages/cron_descriptor/locale/en_US.mo Loaded
[2025-06-27T00:27:36.350+0000] {logging_mixin.py:188} INFO - [2025-06-27T00:27:36.348+0000] {dagbag.py:511} DEBUG - Loaded DAG <DAG: example_bash_operator>
[2025-06-27T00:27:36.352+0000] {logging_mixin.py:188} INFO - [2025-06-27T00:27:36.352+0000] {dagbag.py:511} DEBUG - Loaded DAG <DAG: example_bash_operator>
[2025-06-27T00:27:36.353+0000] {processor.py:840} INFO - DAG(s) 'example_bash_operator' retrieved from /home/airflow/.local/lib/python3.10/site-packages/airflow/example_dags/example_bash_operator.py
[2025-06-27T00:27:36.357+0000] {logging_mixin.py:188} INFO - [2025-06-27T00:27:36.356+0000] {dagbag.py:667} DEBUG - Running dagbag.sync_to_db with retries. Try 1 of 3
[2025-06-27T00:27:36.357+0000] {logging_mixin.py:188} INFO - [2025-06-27T00:27:36.357+0000] {dagbag.py:672} DEBUG - Calling the DAG.bulk_sync_to_db method
[2025-06-27T00:27:36.377+0000] {logging_mixin.py:188} INFO - [2025-06-27T00:27:36.376+0000] {serialized_dag.py:166} DEBUG - Checking if DAG (example_bash_operator) changed
[2025-06-27T00:27:36.382+0000] {logging_mixin.py:188} INFO - [2025-06-27T00:27:36.382+0000] {serialized_objects.py:624} DEBUG - Cast type <class 'airflow.models.param.ParamsDict'> to str in serialization.
[2025-06-27T00:27:36.386+0000] {logging_mixin.py:188} INFO - [2025-06-27T00:27:36.385+0000] {serialized_objects.py:624} DEBUG - Cast type <class 'airflow.models.param.ParamsDict'> to str in serialization.
[2025-06-27T00:27:36.388+0000] {logging_mixin.py:188} INFO - [2025-06-27T00:27:36.388+0000] {serialized_objects.py:624} DEBUG - Cast type <class 'airflow.models.param.ParamsDict'> to str in serialization.
[2025-06-27T00:27:36.390+0000] {logging_mixin.py:188} INFO - [2025-06-27T00:27:36.390+0000] {serialized_objects.py:624} DEBUG - Cast type <class 'airflow.models.param.ParamsDict'> to str in serialization.
[2025-06-27T00:27:36.393+0000] {logging_mixin.py:188} INFO - [2025-06-27T00:27:36.392+0000] {serialized_objects.py:624} DEBUG - Cast type <class 'airflow.models.param.ParamsDict'> to str in serialization.
[2025-06-27T00:27:36.395+0000] {logging_mixin.py:188} INFO - [2025-06-27T00:27:36.395+0000] {serialized_objects.py:624} DEBUG - Cast type <class 'airflow.models.param.ParamsDict'> to str in serialization.
[2025-06-27T00:27:36.398+0000] {logging_mixin.py:188} INFO - [2025-06-27T00:27:36.398+0000] {serialized_objects.py:624} DEBUG - Cast type <class 'airflow.models.param.ParamsDict'> to str in serialization.
[2025-06-27T00:27:36.406+0000] {logging_mixin.py:188} INFO - [2025-06-27T00:27:36.406+0000] {serialized_dag.py:177} DEBUG - Serialized DAG (example_bash_operator) is unchanged. Skipping writing to DB
[2025-06-27T00:27:36.407+0000] {logging_mixin.py:188} INFO - [2025-06-27T00:27:36.407+0000] {dag.py:3096} INFO - Sync 1 DAGs
[2025-06-27T00:27:36.438+0000] {logging_mixin.py:188} INFO - [2025-06-27T00:27:36.437+0000] {dag.py:3954} INFO - Setting next_dagrun for example_bash_operator to 2025-06-26 00:00:00+00:00, run_after=2025-06-27 00:00:00+00:00
[2025-06-27T00:27:36.480+0000] {processor.py:183} INFO - Processing /home/airflow/.local/lib/python3.10/site-packages/airflow/example_dags/example_bash_operator.py took 0.168 seconds
[2025-06-27T00:28:06.612+0000] {logging_mixin.py:188} INFO - [2025-06-27T00:28:06.611+0000] {settings.py:250} DEBUG - Setting up DB connection pool (PID 14288)
[2025-06-27T00:28:06.614+0000] {logging_mixin.py:188} INFO - [2025-06-27T00:28:06.614+0000] {settings.py:330} DEBUG - settings.prepare_engine_args(): Using pool settings. pool_size=5, max_overflow=10, pool_recycle=1800, pid=14288
[2025-06-27T00:28:06.628+0000] {processor.py:161} INFO - Started process (PID=14288) to work on /home/airflow/.local/lib/python3.10/site-packages/airflow/example_dags/example_bash_operator.py
[2025-06-27T00:28:06.630+0000] {processor.py:830} INFO - Processing file /home/airflow/.local/lib/python3.10/site-packages/airflow/example_dags/example_bash_operator.py for tasks to queue
[2025-06-27T00:28:06.631+0000] {logging_mixin.py:188} INFO - [2025-06-27T00:28:06.631+0000] {dagbag.py:545} INFO - Filling up the DagBag from /home/airflow/.local/lib/python3.10/site-packages/airflow/example_dags/example_bash_operator.py
[2025-06-27T00:28:06.634+0000] {logging_mixin.py:188} INFO - [2025-06-27T00:28:06.634+0000] {dagbag.py:337} DEBUG - Importing /home/airflow/.local/lib/python3.10/site-packages/airflow/example_dags/example_bash_operator.py
[2025-06-27T00:28:06.640+0000] {logging_mixin.py:188} INFO - [2025-06-27T00:28:06.640+0000] {GetText.py:65} DEBUG - /home/airflow/.local/lib/python3.10/site-packages/cron_descriptor/locale/en_US.mo Loaded
[2025-06-27T00:28:06.657+0000] {logging_mixin.py:188} INFO - [2025-06-27T00:28:06.654+0000] {dagbag.py:511} DEBUG - Loaded DAG <DAG: example_bash_operator>
[2025-06-27T00:28:06.659+0000] {logging_mixin.py:188} INFO - [2025-06-27T00:28:06.659+0000] {dagbag.py:511} DEBUG - Loaded DAG <DAG: example_bash_operator>
[2025-06-27T00:28:06.660+0000] {processor.py:840} INFO - DAG(s) 'example_bash_operator' retrieved from /home/airflow/.local/lib/python3.10/site-packages/airflow/example_dags/example_bash_operator.py
[2025-06-27T00:28:06.663+0000] {logging_mixin.py:188} INFO - [2025-06-27T00:28:06.663+0000] {dagbag.py:667} DEBUG - Running dagbag.sync_to_db with retries. Try 1 of 3
[2025-06-27T00:28:06.665+0000] {logging_mixin.py:188} INFO - [2025-06-27T00:28:06.664+0000] {dagbag.py:672} DEBUG - Calling the DAG.bulk_sync_to_db method
[2025-06-27T00:28:06.689+0000] {logging_mixin.py:188} INFO - [2025-06-27T00:28:06.689+0000] {serialized_dag.py:166} DEBUG - Checking if DAG (example_bash_operator) changed
[2025-06-27T00:28:06.695+0000] {logging_mixin.py:188} INFO - [2025-06-27T00:28:06.694+0000] {serialized_objects.py:624} DEBUG - Cast type <class 'airflow.models.param.ParamsDict'> to str in serialization.
[2025-06-27T00:28:06.700+0000] {logging_mixin.py:188} INFO - [2025-06-27T00:28:06.700+0000] {serialized_objects.py:624} DEBUG - Cast type <class 'airflow.models.param.ParamsDict'> to str in serialization.
[2025-06-27T00:28:06.703+0000] {logging_mixin.py:188} INFO - [2025-06-27T00:28:06.703+0000] {serialized_objects.py:624} DEBUG - Cast type <class 'airflow.models.param.ParamsDict'> to str in serialization.
[2025-06-27T00:28:06.705+0000] {logging_mixin.py:188} INFO - [2025-06-27T00:28:06.705+0000] {serialized_objects.py:624} DEBUG - Cast type <class 'airflow.models.param.ParamsDict'> to str in serialization.
[2025-06-27T00:28:06.708+0000] {logging_mixin.py:188} INFO - [2025-06-27T00:28:06.707+0000] {serialized_objects.py:624} DEBUG - Cast type <class 'airflow.models.param.ParamsDict'> to str in serialization.
[2025-06-27T00:28:06.710+0000] {logging_mixin.py:188} INFO - [2025-06-27T00:28:06.710+0000] {serialized_objects.py:624} DEBUG - Cast type <class 'airflow.models.param.ParamsDict'> to str in serialization.
[2025-06-27T00:28:06.713+0000] {logging_mixin.py:188} INFO - [2025-06-27T00:28:06.712+0000] {serialized_objects.py:624} DEBUG - Cast type <class 'airflow.models.param.ParamsDict'> to str in serialization.
[2025-06-27T00:28:06.721+0000] {logging_mixin.py:188} INFO - [2025-06-27T00:28:06.721+0000] {serialized_dag.py:177} DEBUG - Serialized DAG (example_bash_operator) is unchanged. Skipping writing to DB
[2025-06-27T00:28:06.722+0000] {logging_mixin.py:188} INFO - [2025-06-27T00:28:06.722+0000] {dag.py:3096} INFO - Sync 1 DAGs
[2025-06-27T00:28:06.753+0000] {logging_mixin.py:188} INFO - [2025-06-27T00:28:06.753+0000] {dag.py:3954} INFO - Setting next_dagrun for example_bash_operator to 2025-06-26 00:00:00+00:00, run_after=2025-06-27 00:00:00+00:00
[2025-06-27T00:28:06.784+0000] {processor.py:183} INFO - Processing /home/airflow/.local/lib/python3.10/site-packages/airflow/example_dags/example_bash_operator.py took 0.173 seconds
[2025-06-27T00:28:37.401+0000] {logging_mixin.py:188} INFO - [2025-06-27T00:28:37.398+0000] {settings.py:250} DEBUG - Setting up DB connection pool (PID 14349)
[2025-06-27T00:28:37.404+0000] {logging_mixin.py:188} INFO - [2025-06-27T00:28:37.404+0000] {settings.py:330} DEBUG - settings.prepare_engine_args(): Using pool settings. pool_size=5, max_overflow=10, pool_recycle=1800, pid=14349
[2025-06-27T00:28:37.430+0000] {processor.py:161} INFO - Started process (PID=14349) to work on /home/airflow/.local/lib/python3.10/site-packages/airflow/example_dags/example_bash_operator.py
[2025-06-27T00:28:37.432+0000] {processor.py:830} INFO - Processing file /home/airflow/.local/lib/python3.10/site-packages/airflow/example_dags/example_bash_operator.py for tasks to queue
[2025-06-27T00:28:37.434+0000] {logging_mixin.py:188} INFO - [2025-06-27T00:28:37.434+0000] {dagbag.py:545} INFO - Filling up the DagBag from /home/airflow/.local/lib/python3.10/site-packages/airflow/example_dags/example_bash_operator.py
[2025-06-27T00:28:37.438+0000] {logging_mixin.py:188} INFO - [2025-06-27T00:28:37.438+0000] {dagbag.py:337} DEBUG - Importing /home/airflow/.local/lib/python3.10/site-packages/airflow/example_dags/example_bash_operator.py
[2025-06-27T00:28:37.448+0000] {logging_mixin.py:188} INFO - [2025-06-27T00:28:37.447+0000] {GetText.py:65} DEBUG - /home/airflow/.local/lib/python3.10/site-packages/cron_descriptor/locale/en_US.mo Loaded
[2025-06-27T00:28:37.472+0000] {logging_mixin.py:188} INFO - [2025-06-27T00:28:37.469+0000] {dagbag.py:511} DEBUG - Loaded DAG <DAG: example_bash_operator>
[2025-06-27T00:28:37.475+0000] {logging_mixin.py:188} INFO - [2025-06-27T00:28:37.475+0000] {dagbag.py:511} DEBUG - Loaded DAG <DAG: example_bash_operator>
[2025-06-27T00:28:37.476+0000] {processor.py:840} INFO - DAG(s) 'example_bash_operator' retrieved from /home/airflow/.local/lib/python3.10/site-packages/airflow/example_dags/example_bash_operator.py
[2025-06-27T00:28:37.479+0000] {logging_mixin.py:188} INFO - [2025-06-27T00:28:37.478+0000] {dagbag.py:667} DEBUG - Running dagbag.sync_to_db with retries. Try 1 of 3
[2025-06-27T00:28:37.480+0000] {logging_mixin.py:188} INFO - [2025-06-27T00:28:37.479+0000] {dagbag.py:672} DEBUG - Calling the DAG.bulk_sync_to_db method
[2025-06-27T00:28:37.507+0000] {logging_mixin.py:188} INFO - [2025-06-27T00:28:37.506+0000] {serialized_dag.py:166} DEBUG - Checking if DAG (example_bash_operator) changed
[2025-06-27T00:28:37.516+0000] {logging_mixin.py:188} INFO - [2025-06-27T00:28:37.515+0000] {serialized_objects.py:624} DEBUG - Cast type <class 'airflow.models.param.ParamsDict'> to str in serialization.
[2025-06-27T00:28:37.526+0000] {logging_mixin.py:188} INFO - [2025-06-27T00:28:37.526+0000] {serialized_objects.py:624} DEBUG - Cast type <class 'airflow.models.param.ParamsDict'> to str in serialization.
[2025-06-27T00:28:37.531+0000] {logging_mixin.py:188} INFO - [2025-06-27T00:28:37.530+0000] {serialized_objects.py:624} DEBUG - Cast type <class 'airflow.models.param.ParamsDict'> to str in serialization.
[2025-06-27T00:28:37.534+0000] {logging_mixin.py:188} INFO - [2025-06-27T00:28:37.534+0000] {serialized_objects.py:624} DEBUG - Cast type <class 'airflow.models.param.ParamsDict'> to str in serialization.
[2025-06-27T00:28:37.541+0000] {logging_mixin.py:188} INFO - [2025-06-27T00:28:37.541+0000] {serialized_objects.py:624} DEBUG - Cast type <class 'airflow.models.param.ParamsDict'> to str in serialization.
[2025-06-27T00:28:37.545+0000] {logging_mixin.py:188} INFO - [2025-06-27T00:28:37.545+0000] {serialized_objects.py:624} DEBUG - Cast type <class 'airflow.models.param.ParamsDict'> to str in serialization.
[2025-06-27T00:28:37.549+0000] {logging_mixin.py:188} INFO - [2025-06-27T00:28:37.548+0000] {serialized_objects.py:624} DEBUG - Cast type <class 'airflow.models.param.ParamsDict'> to str in serialization.
[2025-06-27T00:28:37.562+0000] {logging_mixin.py:188} INFO - [2025-06-27T00:28:37.562+0000] {serialized_dag.py:177} DEBUG - Serialized DAG (example_bash_operator) is unchanged. Skipping writing to DB
[2025-06-27T00:28:37.563+0000] {logging_mixin.py:188} INFO - [2025-06-27T00:28:37.563+0000] {dag.py:3096} INFO - Sync 1 DAGs
[2025-06-27T00:28:37.614+0000] {logging_mixin.py:188} INFO - [2025-06-27T00:28:37.613+0000] {dag.py:3954} INFO - Setting next_dagrun for example_bash_operator to 2025-06-26 00:00:00+00:00, run_after=2025-06-27 00:00:00+00:00
[2025-06-27T00:28:37.651+0000] {processor.py:183} INFO - Processing /home/airflow/.local/lib/python3.10/site-packages/airflow/example_dags/example_bash_operator.py took 0.253 seconds
[2025-06-27T00:29:07.962+0000] {logging_mixin.py:188} INFO - [2025-06-27T00:29:07.961+0000] {settings.py:250} DEBUG - Setting up DB connection pool (PID 14410)
[2025-06-27T00:29:07.965+0000] {logging_mixin.py:188} INFO - [2025-06-27T00:29:07.965+0000] {settings.py:330} DEBUG - settings.prepare_engine_args(): Using pool settings. pool_size=5, max_overflow=10, pool_recycle=1800, pid=14410
[2025-06-27T00:29:07.984+0000] {processor.py:161} INFO - Started process (PID=14410) to work on /home/airflow/.local/lib/python3.10/site-packages/airflow/example_dags/example_bash_operator.py
[2025-06-27T00:29:07.987+0000] {processor.py:830} INFO - Processing file /home/airflow/.local/lib/python3.10/site-packages/airflow/example_dags/example_bash_operator.py for tasks to queue
[2025-06-27T00:29:07.990+0000] {logging_mixin.py:188} INFO - [2025-06-27T00:29:07.990+0000] {dagbag.py:545} INFO - Filling up the DagBag from /home/airflow/.local/lib/python3.10/site-packages/airflow/example_dags/example_bash_operator.py
[2025-06-27T00:29:07.994+0000] {logging_mixin.py:188} INFO - [2025-06-27T00:29:07.994+0000] {dagbag.py:337} DEBUG - Importing /home/airflow/.local/lib/python3.10/site-packages/airflow/example_dags/example_bash_operator.py
[2025-06-27T00:29:08.003+0000] {logging_mixin.py:188} INFO - [2025-06-27T00:29:08.002+0000] {GetText.py:65} DEBUG - /home/airflow/.local/lib/python3.10/site-packages/cron_descriptor/locale/en_US.mo Loaded
[2025-06-27T00:29:08.020+0000] {logging_mixin.py:188} INFO - [2025-06-27T00:29:08.019+0000] {dagbag.py:511} DEBUG - Loaded DAG <DAG: example_bash_operator>
[2025-06-27T00:29:08.023+0000] {logging_mixin.py:188} INFO - [2025-06-27T00:29:08.022+0000] {dagbag.py:511} DEBUG - Loaded DAG <DAG: example_bash_operator>
[2025-06-27T00:29:08.023+0000] {processor.py:840} INFO - DAG(s) 'example_bash_operator' retrieved from /home/airflow/.local/lib/python3.10/site-packages/airflow/example_dags/example_bash_operator.py
[2025-06-27T00:29:08.026+0000] {logging_mixin.py:188} INFO - [2025-06-27T00:29:08.025+0000] {dagbag.py:667} DEBUG - Running dagbag.sync_to_db with retries. Try 1 of 3
[2025-06-27T00:29:08.026+0000] {logging_mixin.py:188} INFO - [2025-06-27T00:29:08.026+0000] {dagbag.py:672} DEBUG - Calling the DAG.bulk_sync_to_db method
[2025-06-27T00:29:08.052+0000] {logging_mixin.py:188} INFO - [2025-06-27T00:29:08.051+0000] {serialized_dag.py:166} DEBUG - Checking if DAG (example_bash_operator) changed
[2025-06-27T00:29:08.059+0000] {logging_mixin.py:188} INFO - [2025-06-27T00:29:08.058+0000] {serialized_objects.py:624} DEBUG - Cast type <class 'airflow.models.param.ParamsDict'> to str in serialization.
[2025-06-27T00:29:08.062+0000] {logging_mixin.py:188} INFO - [2025-06-27T00:29:08.062+0000] {serialized_objects.py:624} DEBUG - Cast type <class 'airflow.models.param.ParamsDict'> to str in serialization.
[2025-06-27T00:29:08.066+0000] {logging_mixin.py:188} INFO - [2025-06-27T00:29:08.065+0000] {serialized_objects.py:624} DEBUG - Cast type <class 'airflow.models.param.ParamsDict'> to str in serialization.
[2025-06-27T00:29:08.069+0000] {logging_mixin.py:188} INFO - [2025-06-27T00:29:08.069+0000] {serialized_objects.py:624} DEBUG - Cast type <class 'airflow.models.param.ParamsDict'> to str in serialization.
[2025-06-27T00:29:08.072+0000] {logging_mixin.py:188} INFO - [2025-06-27T00:29:08.072+0000] {serialized_objects.py:624} DEBUG - Cast type <class 'airflow.models.param.ParamsDict'> to str in serialization.
[2025-06-27T00:29:08.075+0000] {logging_mixin.py:188} INFO - [2025-06-27T00:29:08.075+0000] {serialized_objects.py:624} DEBUG - Cast type <class 'airflow.models.param.ParamsDict'> to str in serialization.
[2025-06-27T00:29:08.078+0000] {logging_mixin.py:188} INFO - [2025-06-27T00:29:08.078+0000] {serialized_objects.py:624} DEBUG - Cast type <class 'airflow.models.param.ParamsDict'> to str in serialization.
[2025-06-27T00:29:08.089+0000] {logging_mixin.py:188} INFO - [2025-06-27T00:29:08.088+0000] {serialized_dag.py:177} DEBUG - Serialized DAG (example_bash_operator) is unchanged. Skipping writing to DB
[2025-06-27T00:29:08.090+0000] {logging_mixin.py:188} INFO - [2025-06-27T00:29:08.090+0000] {dag.py:3096} INFO - Sync 1 DAGs
[2025-06-27T00:29:08.139+0000] {logging_mixin.py:188} INFO - [2025-06-27T00:29:08.138+0000] {dag.py:3954} INFO - Setting next_dagrun for example_bash_operator to 2025-06-26 00:00:00+00:00, run_after=2025-06-27 00:00:00+00:00
[2025-06-27T00:29:08.171+0000] {processor.py:183} INFO - Processing /home/airflow/.local/lib/python3.10/site-packages/airflow/example_dags/example_bash_operator.py took 0.211 seconds
[2025-06-27T00:29:38.463+0000] {logging_mixin.py:188} INFO - [2025-06-27T00:29:38.462+0000] {settings.py:250} DEBUG - Setting up DB connection pool (PID 14473)
[2025-06-27T00:29:38.466+0000] {logging_mixin.py:188} INFO - [2025-06-27T00:29:38.466+0000] {settings.py:330} DEBUG - settings.prepare_engine_args(): Using pool settings. pool_size=5, max_overflow=10, pool_recycle=1800, pid=14473
[2025-06-27T00:29:38.480+0000] {processor.py:161} INFO - Started process (PID=14473) to work on /home/airflow/.local/lib/python3.10/site-packages/airflow/example_dags/example_bash_operator.py
[2025-06-27T00:29:38.481+0000] {processor.py:830} INFO - Processing file /home/airflow/.local/lib/python3.10/site-packages/airflow/example_dags/example_bash_operator.py for tasks to queue
[2025-06-27T00:29:38.484+0000] {logging_mixin.py:188} INFO - [2025-06-27T00:29:38.483+0000] {dagbag.py:545} INFO - Filling up the DagBag from /home/airflow/.local/lib/python3.10/site-packages/airflow/example_dags/example_bash_operator.py
[2025-06-27T00:29:38.486+0000] {logging_mixin.py:188} INFO - [2025-06-27T00:29:38.486+0000] {dagbag.py:337} DEBUG - Importing /home/airflow/.local/lib/python3.10/site-packages/airflow/example_dags/example_bash_operator.py
[2025-06-27T00:29:38.491+0000] {logging_mixin.py:188} INFO - [2025-06-27T00:29:38.491+0000] {GetText.py:65} DEBUG - /home/airflow/.local/lib/python3.10/site-packages/cron_descriptor/locale/en_US.mo Loaded
[2025-06-27T00:29:38.508+0000] {logging_mixin.py:188} INFO - [2025-06-27T00:29:38.506+0000] {dagbag.py:511} DEBUG - Loaded DAG <DAG: example_bash_operator>
[2025-06-27T00:29:38.511+0000] {logging_mixin.py:188} INFO - [2025-06-27T00:29:38.511+0000] {dagbag.py:511} DEBUG - Loaded DAG <DAG: example_bash_operator>
[2025-06-27T00:29:38.512+0000] {processor.py:840} INFO - DAG(s) 'example_bash_operator' retrieved from /home/airflow/.local/lib/python3.10/site-packages/airflow/example_dags/example_bash_operator.py
[2025-06-27T00:29:38.514+0000] {logging_mixin.py:188} INFO - [2025-06-27T00:29:38.514+0000] {dagbag.py:667} DEBUG - Running dagbag.sync_to_db with retries. Try 1 of 3
[2025-06-27T00:29:38.515+0000] {logging_mixin.py:188} INFO - [2025-06-27T00:29:38.515+0000] {dagbag.py:672} DEBUG - Calling the DAG.bulk_sync_to_db method
[2025-06-27T00:29:38.536+0000] {logging_mixin.py:188} INFO - [2025-06-27T00:29:38.536+0000] {serialized_dag.py:166} DEBUG - Checking if DAG (example_bash_operator) changed
[2025-06-27T00:29:38.541+0000] {logging_mixin.py:188} INFO - [2025-06-27T00:29:38.541+0000] {serialized_objects.py:624} DEBUG - Cast type <class 'airflow.models.param.ParamsDict'> to str in serialization.
[2025-06-27T00:29:38.546+0000] {logging_mixin.py:188} INFO - [2025-06-27T00:29:38.545+0000] {serialized_objects.py:624} DEBUG - Cast type <class 'airflow.models.param.ParamsDict'> to str in serialization.
[2025-06-27T00:29:38.549+0000] {logging_mixin.py:188} INFO - [2025-06-27T00:29:38.549+0000] {serialized_objects.py:624} DEBUG - Cast type <class 'airflow.models.param.ParamsDict'> to str in serialization.
[2025-06-27T00:29:38.553+0000] {logging_mixin.py:188} INFO - [2025-06-27T00:29:38.553+0000] {serialized_objects.py:624} DEBUG - Cast type <class 'airflow.models.param.ParamsDict'> to str in serialization.
[2025-06-27T00:29:38.557+0000] {logging_mixin.py:188} INFO - [2025-06-27T00:29:38.557+0000] {serialized_objects.py:624} DEBUG - Cast type <class 'airflow.models.param.ParamsDict'> to str in serialization.
[2025-06-27T00:29:38.562+0000] {logging_mixin.py:188} INFO - [2025-06-27T00:29:38.561+0000] {serialized_objects.py:624} DEBUG - Cast type <class 'airflow.models.param.ParamsDict'> to str in serialization.
[2025-06-27T00:29:38.566+0000] {logging_mixin.py:188} INFO - [2025-06-27T00:29:38.566+0000] {serialized_objects.py:624} DEBUG - Cast type <class 'airflow.models.param.ParamsDict'> to str in serialization.
[2025-06-27T00:29:38.576+0000] {logging_mixin.py:188} INFO - [2025-06-27T00:29:38.576+0000] {serialized_dag.py:177} DEBUG - Serialized DAG (example_bash_operator) is unchanged. Skipping writing to DB
[2025-06-27T00:29:38.577+0000] {logging_mixin.py:188} INFO - [2025-06-27T00:29:38.577+0000] {dag.py:3096} INFO - Sync 1 DAGs
[2025-06-27T00:29:38.609+0000] {logging_mixin.py:188} INFO - [2025-06-27T00:29:38.609+0000] {dag.py:3954} INFO - Setting next_dagrun for example_bash_operator to 2025-06-26 00:00:00+00:00, run_after=2025-06-27 00:00:00+00:00
[2025-06-27T00:29:38.640+0000] {processor.py:183} INFO - Processing /home/airflow/.local/lib/python3.10/site-packages/airflow/example_dags/example_bash_operator.py took 0.178 seconds
[2025-06-27T00:30:08.943+0000] {logging_mixin.py:188} INFO - [2025-06-27T00:30:08.941+0000] {settings.py:250} DEBUG - Setting up DB connection pool (PID 14538)
[2025-06-27T00:30:08.946+0000] {logging_mixin.py:188} INFO - [2025-06-27T00:30:08.946+0000] {settings.py:330} DEBUG - settings.prepare_engine_args(): Using pool settings. pool_size=5, max_overflow=10, pool_recycle=1800, pid=14538
[2025-06-27T00:30:08.960+0000] {processor.py:161} INFO - Started process (PID=14538) to work on /home/airflow/.local/lib/python3.10/site-packages/airflow/example_dags/example_bash_operator.py
[2025-06-27T00:30:08.961+0000] {processor.py:830} INFO - Processing file /home/airflow/.local/lib/python3.10/site-packages/airflow/example_dags/example_bash_operator.py for tasks to queue
[2025-06-27T00:30:08.963+0000] {logging_mixin.py:188} INFO - [2025-06-27T00:30:08.962+0000] {dagbag.py:545} INFO - Filling up the DagBag from /home/airflow/.local/lib/python3.10/site-packages/airflow/example_dags/example_bash_operator.py
[2025-06-27T00:30:08.966+0000] {logging_mixin.py:188} INFO - [2025-06-27T00:30:08.966+0000] {dagbag.py:337} DEBUG - Importing /home/airflow/.local/lib/python3.10/site-packages/airflow/example_dags/example_bash_operator.py
[2025-06-27T00:30:08.974+0000] {logging_mixin.py:188} INFO - [2025-06-27T00:30:08.974+0000] {GetText.py:65} DEBUG - /home/airflow/.local/lib/python3.10/site-packages/cron_descriptor/locale/en_US.mo Loaded
[2025-06-27T00:30:08.995+0000] {logging_mixin.py:188} INFO - [2025-06-27T00:30:08.993+0000] {dagbag.py:511} DEBUG - Loaded DAG <DAG: example_bash_operator>
[2025-06-27T00:30:08.999+0000] {logging_mixin.py:188} INFO - [2025-06-27T00:30:08.998+0000] {dagbag.py:511} DEBUG - Loaded DAG <DAG: example_bash_operator>
[2025-06-27T00:30:09.000+0000] {processor.py:840} INFO - DAG(s) 'example_bash_operator' retrieved from /home/airflow/.local/lib/python3.10/site-packages/airflow/example_dags/example_bash_operator.py
[2025-06-27T00:30:09.003+0000] {logging_mixin.py:188} INFO - [2025-06-27T00:30:09.002+0000] {dagbag.py:667} DEBUG - Running dagbag.sync_to_db with retries. Try 1 of 3
[2025-06-27T00:30:09.004+0000] {logging_mixin.py:188} INFO - [2025-06-27T00:30:09.003+0000] {dagbag.py:672} DEBUG - Calling the DAG.bulk_sync_to_db method
[2025-06-27T00:30:09.031+0000] {logging_mixin.py:188} INFO - [2025-06-27T00:30:09.031+0000] {serialized_dag.py:166} DEBUG - Checking if DAG (example_bash_operator) changed
[2025-06-27T00:30:09.039+0000] {logging_mixin.py:188} INFO - [2025-06-27T00:30:09.038+0000] {serialized_objects.py:624} DEBUG - Cast type <class 'airflow.models.param.ParamsDict'> to str in serialization.
[2025-06-27T00:30:09.043+0000] {logging_mixin.py:188} INFO - [2025-06-27T00:30:09.042+0000] {serialized_objects.py:624} DEBUG - Cast type <class 'airflow.models.param.ParamsDict'> to str in serialization.
[2025-06-27T00:30:09.045+0000] {logging_mixin.py:188} INFO - [2025-06-27T00:30:09.045+0000] {serialized_objects.py:624} DEBUG - Cast type <class 'airflow.models.param.ParamsDict'> to str in serialization.
[2025-06-27T00:30:09.049+0000] {logging_mixin.py:188} INFO - [2025-06-27T00:30:09.049+0000] {serialized_objects.py:624} DEBUG - Cast type <class 'airflow.models.param.ParamsDict'> to str in serialization.
[2025-06-27T00:30:09.051+0000] {logging_mixin.py:188} INFO - [2025-06-27T00:30:09.051+0000] {serialized_objects.py:624} DEBUG - Cast type <class 'airflow.models.param.ParamsDict'> to str in serialization.
[2025-06-27T00:30:09.054+0000] {logging_mixin.py:188} INFO - [2025-06-27T00:30:09.054+0000] {serialized_objects.py:624} DEBUG - Cast type <class 'airflow.models.param.ParamsDict'> to str in serialization.
[2025-06-27T00:30:09.057+0000] {logging_mixin.py:188} INFO - [2025-06-27T00:30:09.057+0000] {serialized_objects.py:624} DEBUG - Cast type <class 'airflow.models.param.ParamsDict'> to str in serialization.
[2025-06-27T00:30:09.067+0000] {logging_mixin.py:188} INFO - [2025-06-27T00:30:09.066+0000] {serialized_dag.py:177} DEBUG - Serialized DAG (example_bash_operator) is unchanged. Skipping writing to DB
[2025-06-27T00:30:09.068+0000] {logging_mixin.py:188} INFO - [2025-06-27T00:30:09.068+0000] {dag.py:3096} INFO - Sync 1 DAGs
[2025-06-27T00:30:09.107+0000] {logging_mixin.py:188} INFO - [2025-06-27T00:30:09.107+0000] {dag.py:3954} INFO - Setting next_dagrun for example_bash_operator to 2025-06-26 00:00:00+00:00, run_after=2025-06-27 00:00:00+00:00
[2025-06-27T00:30:09.140+0000] {processor.py:183} INFO - Processing /home/airflow/.local/lib/python3.10/site-packages/airflow/example_dags/example_bash_operator.py took 0.200 seconds
[2025-06-27T00:30:39.481+0000] {logging_mixin.py:188} INFO - [2025-06-27T00:30:39.480+0000] {settings.py:250} DEBUG - Setting up DB connection pool (PID 14601)
[2025-06-27T00:30:39.484+0000] {logging_mixin.py:188} INFO - [2025-06-27T00:30:39.484+0000] {settings.py:330} DEBUG - settings.prepare_engine_args(): Using pool settings. pool_size=5, max_overflow=10, pool_recycle=1800, pid=14601
[2025-06-27T00:30:39.499+0000] {processor.py:161} INFO - Started process (PID=14601) to work on /home/airflow/.local/lib/python3.10/site-packages/airflow/example_dags/example_bash_operator.py
[2025-06-27T00:30:39.500+0000] {processor.py:830} INFO - Processing file /home/airflow/.local/lib/python3.10/site-packages/airflow/example_dags/example_bash_operator.py for tasks to queue
[2025-06-27T00:30:39.502+0000] {logging_mixin.py:188} INFO - [2025-06-27T00:30:39.501+0000] {dagbag.py:545} INFO - Filling up the DagBag from /home/airflow/.local/lib/python3.10/site-packages/airflow/example_dags/example_bash_operator.py
[2025-06-27T00:30:39.504+0000] {logging_mixin.py:188} INFO - [2025-06-27T00:30:39.504+0000] {dagbag.py:337} DEBUG - Importing /home/airflow/.local/lib/python3.10/site-packages/airflow/example_dags/example_bash_operator.py
[2025-06-27T00:30:39.511+0000] {logging_mixin.py:188} INFO - [2025-06-27T00:30:39.511+0000] {GetText.py:65} DEBUG - /home/airflow/.local/lib/python3.10/site-packages/cron_descriptor/locale/en_US.mo Loaded
[2025-06-27T00:30:39.531+0000] {logging_mixin.py:188} INFO - [2025-06-27T00:30:39.529+0000] {dagbag.py:511} DEBUG - Loaded DAG <DAG: example_bash_operator>
[2025-06-27T00:30:39.533+0000] {logging_mixin.py:188} INFO - [2025-06-27T00:30:39.533+0000] {dagbag.py:511} DEBUG - Loaded DAG <DAG: example_bash_operator>
[2025-06-27T00:30:39.534+0000] {processor.py:840} INFO - DAG(s) 'example_bash_operator' retrieved from /home/airflow/.local/lib/python3.10/site-packages/airflow/example_dags/example_bash_operator.py
[2025-06-27T00:30:39.537+0000] {logging_mixin.py:188} INFO - [2025-06-27T00:30:39.536+0000] {dagbag.py:667} DEBUG - Running dagbag.sync_to_db with retries. Try 1 of 3
[2025-06-27T00:30:39.538+0000] {logging_mixin.py:188} INFO - [2025-06-27T00:30:39.537+0000] {dagbag.py:672} DEBUG - Calling the DAG.bulk_sync_to_db method
[2025-06-27T00:30:39.561+0000] {logging_mixin.py:188} INFO - [2025-06-27T00:30:39.561+0000] {serialized_dag.py:166} DEBUG - Checking if DAG (example_bash_operator) changed
[2025-06-27T00:30:39.567+0000] {logging_mixin.py:188} INFO - [2025-06-27T00:30:39.566+0000] {serialized_objects.py:624} DEBUG - Cast type <class 'airflow.models.param.ParamsDict'> to str in serialization.
[2025-06-27T00:30:39.570+0000] {logging_mixin.py:188} INFO - [2025-06-27T00:30:39.570+0000] {serialized_objects.py:624} DEBUG - Cast type <class 'airflow.models.param.ParamsDict'> to str in serialization.
[2025-06-27T00:30:39.572+0000] {logging_mixin.py:188} INFO - [2025-06-27T00:30:39.572+0000] {serialized_objects.py:624} DEBUG - Cast type <class 'airflow.models.param.ParamsDict'> to str in serialization.
[2025-06-27T00:30:39.575+0000] {logging_mixin.py:188} INFO - [2025-06-27T00:30:39.575+0000] {serialized_objects.py:624} DEBUG - Cast type <class 'airflow.models.param.ParamsDict'> to str in serialization.
[2025-06-27T00:30:39.578+0000] {logging_mixin.py:188} INFO - [2025-06-27T00:30:39.578+0000] {serialized_objects.py:624} DEBUG - Cast type <class 'airflow.models.param.ParamsDict'> to str in serialization.
[2025-06-27T00:30:39.581+0000] {logging_mixin.py:188} INFO - [2025-06-27T00:30:39.580+0000] {serialized_objects.py:624} DEBUG - Cast type <class 'airflow.models.param.ParamsDict'> to str in serialization.
[2025-06-27T00:30:39.583+0000] {logging_mixin.py:188} INFO - [2025-06-27T00:30:39.583+0000] {serialized_objects.py:624} DEBUG - Cast type <class 'airflow.models.param.ParamsDict'> to str in serialization.
[2025-06-27T00:30:39.592+0000] {logging_mixin.py:188} INFO - [2025-06-27T00:30:39.592+0000] {serialized_dag.py:177} DEBUG - Serialized DAG (example_bash_operator) is unchanged. Skipping writing to DB
[2025-06-27T00:30:39.593+0000] {logging_mixin.py:188} INFO - [2025-06-27T00:30:39.593+0000] {dag.py:3096} INFO - Sync 1 DAGs
[2025-06-27T00:30:39.627+0000] {logging_mixin.py:188} INFO - [2025-06-27T00:30:39.627+0000] {dag.py:3954} INFO - Setting next_dagrun for example_bash_operator to 2025-06-26 00:00:00+00:00, run_after=2025-06-27 00:00:00+00:00
[2025-06-27T00:30:39.662+0000] {processor.py:183} INFO - Processing /home/airflow/.local/lib/python3.10/site-packages/airflow/example_dags/example_bash_operator.py took 0.182 seconds
[2025-06-27T00:31:09.904+0000] {logging_mixin.py:188} INFO - [2025-06-27T00:31:09.902+0000] {settings.py:250} DEBUG - Setting up DB connection pool (PID 14664)
[2025-06-27T00:31:09.906+0000] {logging_mixin.py:188} INFO - [2025-06-27T00:31:09.906+0000] {settings.py:330} DEBUG - settings.prepare_engine_args(): Using pool settings. pool_size=5, max_overflow=10, pool_recycle=1800, pid=14664
[2025-06-27T00:31:09.918+0000] {processor.py:161} INFO - Started process (PID=14664) to work on /home/airflow/.local/lib/python3.10/site-packages/airflow/example_dags/example_bash_operator.py
[2025-06-27T00:31:09.920+0000] {processor.py:830} INFO - Processing file /home/airflow/.local/lib/python3.10/site-packages/airflow/example_dags/example_bash_operator.py for tasks to queue
[2025-06-27T00:31:09.921+0000] {logging_mixin.py:188} INFO - [2025-06-27T00:31:09.921+0000] {dagbag.py:545} INFO - Filling up the DagBag from /home/airflow/.local/lib/python3.10/site-packages/airflow/example_dags/example_bash_operator.py
[2025-06-27T00:31:09.925+0000] {logging_mixin.py:188} INFO - [2025-06-27T00:31:09.925+0000] {dagbag.py:337} DEBUG - Importing /home/airflow/.local/lib/python3.10/site-packages/airflow/example_dags/example_bash_operator.py
[2025-06-27T00:31:09.932+0000] {logging_mixin.py:188} INFO - [2025-06-27T00:31:09.932+0000] {GetText.py:65} DEBUG - /home/airflow/.local/lib/python3.10/site-packages/cron_descriptor/locale/en_US.mo Loaded
[2025-06-27T00:31:09.950+0000] {logging_mixin.py:188} INFO - [2025-06-27T00:31:09.948+0000] {dagbag.py:511} DEBUG - Loaded DAG <DAG: example_bash_operator>
[2025-06-27T00:31:09.953+0000] {logging_mixin.py:188} INFO - [2025-06-27T00:31:09.952+0000] {dagbag.py:511} DEBUG - Loaded DAG <DAG: example_bash_operator>
[2025-06-27T00:31:09.953+0000] {processor.py:840} INFO - DAG(s) 'example_bash_operator' retrieved from /home/airflow/.local/lib/python3.10/site-packages/airflow/example_dags/example_bash_operator.py
[2025-06-27T00:31:09.956+0000] {logging_mixin.py:188} INFO - [2025-06-27T00:31:09.955+0000] {dagbag.py:667} DEBUG - Running dagbag.sync_to_db with retries. Try 1 of 3
[2025-06-27T00:31:09.957+0000] {logging_mixin.py:188} INFO - [2025-06-27T00:31:09.956+0000] {dagbag.py:672} DEBUG - Calling the DAG.bulk_sync_to_db method
[2025-06-27T00:31:09.979+0000] {logging_mixin.py:188} INFO - [2025-06-27T00:31:09.979+0000] {serialized_dag.py:166} DEBUG - Checking if DAG (example_bash_operator) changed
[2025-06-27T00:31:09.985+0000] {logging_mixin.py:188} INFO - [2025-06-27T00:31:09.985+0000] {serialized_objects.py:624} DEBUG - Cast type <class 'airflow.models.param.ParamsDict'> to str in serialization.
[2025-06-27T00:31:09.989+0000] {logging_mixin.py:188} INFO - [2025-06-27T00:31:09.989+0000] {serialized_objects.py:624} DEBUG - Cast type <class 'airflow.models.param.ParamsDict'> to str in serialization.
[2025-06-27T00:31:09.992+0000] {logging_mixin.py:188} INFO - [2025-06-27T00:31:09.992+0000] {serialized_objects.py:624} DEBUG - Cast type <class 'airflow.models.param.ParamsDict'> to str in serialization.
[2025-06-27T00:31:09.994+0000] {logging_mixin.py:188} INFO - [2025-06-27T00:31:09.994+0000] {serialized_objects.py:624} DEBUG - Cast type <class 'airflow.models.param.ParamsDict'> to str in serialization.
[2025-06-27T00:31:09.997+0000] {logging_mixin.py:188} INFO - [2025-06-27T00:31:09.997+0000] {serialized_objects.py:624} DEBUG - Cast type <class 'airflow.models.param.ParamsDict'> to str in serialization.
[2025-06-27T00:31:09.999+0000] {logging_mixin.py:188} INFO - [2025-06-27T00:31:09.999+0000] {serialized_objects.py:624} DEBUG - Cast type <class 'airflow.models.param.ParamsDict'> to str in serialization.
[2025-06-27T00:31:10.001+0000] {logging_mixin.py:188} INFO - [2025-06-27T00:31:10.001+0000] {serialized_objects.py:624} DEBUG - Cast type <class 'airflow.models.param.ParamsDict'> to str in serialization.
[2025-06-27T00:31:10.010+0000] {logging_mixin.py:188} INFO - [2025-06-27T00:31:10.010+0000] {serialized_dag.py:177} DEBUG - Serialized DAG (example_bash_operator) is unchanged. Skipping writing to DB
[2025-06-27T00:31:10.011+0000] {logging_mixin.py:188} INFO - [2025-06-27T00:31:10.011+0000] {dag.py:3096} INFO - Sync 1 DAGs
[2025-06-27T00:31:10.056+0000] {logging_mixin.py:188} INFO - [2025-06-27T00:31:10.055+0000] {dag.py:3954} INFO - Setting next_dagrun for example_bash_operator to 2025-06-26 00:00:00+00:00, run_after=2025-06-27 00:00:00+00:00
[2025-06-27T00:31:10.093+0000] {processor.py:183} INFO - Processing /home/airflow/.local/lib/python3.10/site-packages/airflow/example_dags/example_bash_operator.py took 0.191 seconds
[2025-06-27T00:31:40.409+0000] {logging_mixin.py:188} INFO - [2025-06-27T00:31:40.408+0000] {settings.py:250} DEBUG - Setting up DB connection pool (PID 14726)
[2025-06-27T00:31:40.411+0000] {logging_mixin.py:188} INFO - [2025-06-27T00:31:40.411+0000] {settings.py:330} DEBUG - settings.prepare_engine_args(): Using pool settings. pool_size=5, max_overflow=10, pool_recycle=1800, pid=14726
[2025-06-27T00:31:40.421+0000] {processor.py:161} INFO - Started process (PID=14726) to work on /home/airflow/.local/lib/python3.10/site-packages/airflow/example_dags/example_bash_operator.py
[2025-06-27T00:31:40.422+0000] {processor.py:830} INFO - Processing file /home/airflow/.local/lib/python3.10/site-packages/airflow/example_dags/example_bash_operator.py for tasks to queue
[2025-06-27T00:31:40.424+0000] {logging_mixin.py:188} INFO - [2025-06-27T00:31:40.424+0000] {dagbag.py:545} INFO - Filling up the DagBag from /home/airflow/.local/lib/python3.10/site-packages/airflow/example_dags/example_bash_operator.py
[2025-06-27T00:31:40.427+0000] {logging_mixin.py:188} INFO - [2025-06-27T00:31:40.427+0000] {dagbag.py:337} DEBUG - Importing /home/airflow/.local/lib/python3.10/site-packages/airflow/example_dags/example_bash_operator.py
[2025-06-27T00:31:40.433+0000] {logging_mixin.py:188} INFO - [2025-06-27T00:31:40.433+0000] {GetText.py:65} DEBUG - /home/airflow/.local/lib/python3.10/site-packages/cron_descriptor/locale/en_US.mo Loaded
[2025-06-27T00:31:40.450+0000] {logging_mixin.py:188} INFO - [2025-06-27T00:31:40.448+0000] {dagbag.py:511} DEBUG - Loaded DAG <DAG: example_bash_operator>
[2025-06-27T00:31:40.452+0000] {logging_mixin.py:188} INFO - [2025-06-27T00:31:40.451+0000] {dagbag.py:511} DEBUG - Loaded DAG <DAG: example_bash_operator>
[2025-06-27T00:31:40.453+0000] {processor.py:840} INFO - DAG(s) 'example_bash_operator' retrieved from /home/airflow/.local/lib/python3.10/site-packages/airflow/example_dags/example_bash_operator.py
[2025-06-27T00:31:40.455+0000] {logging_mixin.py:188} INFO - [2025-06-27T00:31:40.455+0000] {dagbag.py:667} DEBUG - Running dagbag.sync_to_db with retries. Try 1 of 3
[2025-06-27T00:31:40.456+0000] {logging_mixin.py:188} INFO - [2025-06-27T00:31:40.456+0000] {dagbag.py:672} DEBUG - Calling the DAG.bulk_sync_to_db method
[2025-06-27T00:31:40.477+0000] {logging_mixin.py:188} INFO - [2025-06-27T00:31:40.477+0000] {serialized_dag.py:166} DEBUG - Checking if DAG (example_bash_operator) changed
[2025-06-27T00:31:40.483+0000] {logging_mixin.py:188} INFO - [2025-06-27T00:31:40.482+0000] {serialized_objects.py:624} DEBUG - Cast type <class 'airflow.models.param.ParamsDict'> to str in serialization.
[2025-06-27T00:31:40.486+0000] {logging_mixin.py:188} INFO - [2025-06-27T00:31:40.486+0000] {serialized_objects.py:624} DEBUG - Cast type <class 'airflow.models.param.ParamsDict'> to str in serialization.
[2025-06-27T00:31:40.490+0000] {logging_mixin.py:188} INFO - [2025-06-27T00:31:40.490+0000] {serialized_objects.py:624} DEBUG - Cast type <class 'airflow.models.param.ParamsDict'> to str in serialization.
[2025-06-27T00:31:40.493+0000] {logging_mixin.py:188} INFO - [2025-06-27T00:31:40.493+0000] {serialized_objects.py:624} DEBUG - Cast type <class 'airflow.models.param.ParamsDict'> to str in serialization.
[2025-06-27T00:31:40.496+0000] {logging_mixin.py:188} INFO - [2025-06-27T00:31:40.496+0000] {serialized_objects.py:624} DEBUG - Cast type <class 'airflow.models.param.ParamsDict'> to str in serialization.
[2025-06-27T00:31:40.499+0000] {logging_mixin.py:188} INFO - [2025-06-27T00:31:40.499+0000] {serialized_objects.py:624} DEBUG - Cast type <class 'airflow.models.param.ParamsDict'> to str in serialization.
[2025-06-27T00:31:40.503+0000] {logging_mixin.py:188} INFO - [2025-06-27T00:31:40.502+0000] {serialized_objects.py:624} DEBUG - Cast type <class 'airflow.models.param.ParamsDict'> to str in serialization.
[2025-06-27T00:31:40.511+0000] {logging_mixin.py:188} INFO - [2025-06-27T00:31:40.511+0000] {serialized_dag.py:177} DEBUG - Serialized DAG (example_bash_operator) is unchanged. Skipping writing to DB
[2025-06-27T00:31:40.512+0000] {logging_mixin.py:188} INFO - [2025-06-27T00:31:40.512+0000] {dag.py:3096} INFO - Sync 1 DAGs
[2025-06-27T00:31:40.545+0000] {logging_mixin.py:188} INFO - [2025-06-27T00:31:40.545+0000] {dag.py:3954} INFO - Setting next_dagrun for example_bash_operator to 2025-06-26 00:00:00+00:00, run_after=2025-06-27 00:00:00+00:00
[2025-06-27T00:31:40.579+0000] {processor.py:183} INFO - Processing /home/airflow/.local/lib/python3.10/site-packages/airflow/example_dags/example_bash_operator.py took 0.171 seconds
[2025-06-27T00:32:11.070+0000] {logging_mixin.py:188} INFO - [2025-06-27T00:32:11.068+0000] {settings.py:250} DEBUG - Setting up DB connection pool (PID 14789)
[2025-06-27T00:32:11.073+0000] {logging_mixin.py:188} INFO - [2025-06-27T00:32:11.072+0000] {settings.py:330} DEBUG - settings.prepare_engine_args(): Using pool settings. pool_size=5, max_overflow=10, pool_recycle=1800, pid=14789
[2025-06-27T00:32:11.084+0000] {processor.py:161} INFO - Started process (PID=14789) to work on /home/airflow/.local/lib/python3.10/site-packages/airflow/example_dags/example_bash_operator.py
[2025-06-27T00:32:11.086+0000] {processor.py:830} INFO - Processing file /home/airflow/.local/lib/python3.10/site-packages/airflow/example_dags/example_bash_operator.py for tasks to queue
[2025-06-27T00:32:11.088+0000] {logging_mixin.py:188} INFO - [2025-06-27T00:32:11.087+0000] {dagbag.py:545} INFO - Filling up the DagBag from /home/airflow/.local/lib/python3.10/site-packages/airflow/example_dags/example_bash_operator.py
[2025-06-27T00:32:11.090+0000] {logging_mixin.py:188} INFO - [2025-06-27T00:32:11.090+0000] {dagbag.py:337} DEBUG - Importing /home/airflow/.local/lib/python3.10/site-packages/airflow/example_dags/example_bash_operator.py
[2025-06-27T00:32:11.097+0000] {logging_mixin.py:188} INFO - [2025-06-27T00:32:11.096+0000] {GetText.py:65} DEBUG - /home/airflow/.local/lib/python3.10/site-packages/cron_descriptor/locale/en_US.mo Loaded
[2025-06-27T00:32:11.111+0000] {logging_mixin.py:188} INFO - [2025-06-27T00:32:11.110+0000] {dagbag.py:511} DEBUG - Loaded DAG <DAG: example_bash_operator>
[2025-06-27T00:32:11.113+0000] {logging_mixin.py:188} INFO - [2025-06-27T00:32:11.112+0000] {dagbag.py:511} DEBUG - Loaded DAG <DAG: example_bash_operator>
[2025-06-27T00:32:11.113+0000] {processor.py:840} INFO - DAG(s) 'example_bash_operator' retrieved from /home/airflow/.local/lib/python3.10/site-packages/airflow/example_dags/example_bash_operator.py
[2025-06-27T00:32:11.115+0000] {logging_mixin.py:188} INFO - [2025-06-27T00:32:11.115+0000] {dagbag.py:667} DEBUG - Running dagbag.sync_to_db with retries. Try 1 of 3
[2025-06-27T00:32:11.116+0000] {logging_mixin.py:188} INFO - [2025-06-27T00:32:11.116+0000] {dagbag.py:672} DEBUG - Calling the DAG.bulk_sync_to_db method
[2025-06-27T00:32:11.137+0000] {logging_mixin.py:188} INFO - [2025-06-27T00:32:11.137+0000] {serialized_dag.py:166} DEBUG - Checking if DAG (example_bash_operator) changed
[2025-06-27T00:32:11.145+0000] {logging_mixin.py:188} INFO - [2025-06-27T00:32:11.144+0000] {serialized_objects.py:624} DEBUG - Cast type <class 'airflow.models.param.ParamsDict'> to str in serialization.
[2025-06-27T00:32:11.148+0000] {logging_mixin.py:188} INFO - [2025-06-27T00:32:11.148+0000] {serialized_objects.py:624} DEBUG - Cast type <class 'airflow.models.param.ParamsDict'> to str in serialization.
[2025-06-27T00:32:11.151+0000] {logging_mixin.py:188} INFO - [2025-06-27T00:32:11.151+0000] {serialized_objects.py:624} DEBUG - Cast type <class 'airflow.models.param.ParamsDict'> to str in serialization.
[2025-06-27T00:32:11.154+0000] {logging_mixin.py:188} INFO - [2025-06-27T00:32:11.154+0000] {serialized_objects.py:624} DEBUG - Cast type <class 'airflow.models.param.ParamsDict'> to str in serialization.
[2025-06-27T00:32:11.157+0000] {logging_mixin.py:188} INFO - [2025-06-27T00:32:11.157+0000] {serialized_objects.py:624} DEBUG - Cast type <class 'airflow.models.param.ParamsDict'> to str in serialization.
[2025-06-27T00:32:11.159+0000] {logging_mixin.py:188} INFO - [2025-06-27T00:32:11.159+0000] {serialized_objects.py:624} DEBUG - Cast type <class 'airflow.models.param.ParamsDict'> to str in serialization.
[2025-06-27T00:32:11.161+0000] {logging_mixin.py:188} INFO - [2025-06-27T00:32:11.161+0000] {serialized_objects.py:624} DEBUG - Cast type <class 'airflow.models.param.ParamsDict'> to str in serialization.
[2025-06-27T00:32:11.173+0000] {logging_mixin.py:188} INFO - [2025-06-27T00:32:11.173+0000] {serialized_dag.py:177} DEBUG - Serialized DAG (example_bash_operator) is unchanged. Skipping writing to DB
[2025-06-27T00:32:11.175+0000] {logging_mixin.py:188} INFO - [2025-06-27T00:32:11.175+0000] {dag.py:3096} INFO - Sync 1 DAGs
[2025-06-27T00:32:11.218+0000] {logging_mixin.py:188} INFO - [2025-06-27T00:32:11.218+0000] {dag.py:3954} INFO - Setting next_dagrun for example_bash_operator to 2025-06-26 00:00:00+00:00, run_after=2025-06-27 00:00:00+00:00
[2025-06-27T00:32:11.263+0000] {processor.py:183} INFO - Processing /home/airflow/.local/lib/python3.10/site-packages/airflow/example_dags/example_bash_operator.py took 0.195 seconds
[2025-06-27T00:32:41.669+0000] {logging_mixin.py:188} INFO - [2025-06-27T00:32:41.667+0000] {settings.py:250} DEBUG - Setting up DB connection pool (PID 14852)
[2025-06-27T00:32:41.671+0000] {logging_mixin.py:188} INFO - [2025-06-27T00:32:41.671+0000] {settings.py:330} DEBUG - settings.prepare_engine_args(): Using pool settings. pool_size=5, max_overflow=10, pool_recycle=1800, pid=14852
[2025-06-27T00:32:41.684+0000] {processor.py:161} INFO - Started process (PID=14852) to work on /home/airflow/.local/lib/python3.10/site-packages/airflow/example_dags/example_bash_operator.py
[2025-06-27T00:32:41.686+0000] {processor.py:830} INFO - Processing file /home/airflow/.local/lib/python3.10/site-packages/airflow/example_dags/example_bash_operator.py for tasks to queue
[2025-06-27T00:32:41.688+0000] {logging_mixin.py:188} INFO - [2025-06-27T00:32:41.687+0000] {dagbag.py:545} INFO - Filling up the DagBag from /home/airflow/.local/lib/python3.10/site-packages/airflow/example_dags/example_bash_operator.py
[2025-06-27T00:32:41.690+0000] {logging_mixin.py:188} INFO - [2025-06-27T00:32:41.690+0000] {dagbag.py:337} DEBUG - Importing /home/airflow/.local/lib/python3.10/site-packages/airflow/example_dags/example_bash_operator.py
[2025-06-27T00:32:41.695+0000] {logging_mixin.py:188} INFO - [2025-06-27T00:32:41.695+0000] {GetText.py:65} DEBUG - /home/airflow/.local/lib/python3.10/site-packages/cron_descriptor/locale/en_US.mo Loaded
[2025-06-27T00:32:41.711+0000] {logging_mixin.py:188} INFO - [2025-06-27T00:32:41.709+0000] {dagbag.py:511} DEBUG - Loaded DAG <DAG: example_bash_operator>
[2025-06-27T00:32:41.714+0000] {logging_mixin.py:188} INFO - [2025-06-27T00:32:41.714+0000] {dagbag.py:511} DEBUG - Loaded DAG <DAG: example_bash_operator>
[2025-06-27T00:32:41.715+0000] {processor.py:840} INFO - DAG(s) 'example_bash_operator' retrieved from /home/airflow/.local/lib/python3.10/site-packages/airflow/example_dags/example_bash_operator.py
[2025-06-27T00:32:41.718+0000] {logging_mixin.py:188} INFO - [2025-06-27T00:32:41.718+0000] {dagbag.py:667} DEBUG - Running dagbag.sync_to_db with retries. Try 1 of 3
[2025-06-27T00:32:41.719+0000] {logging_mixin.py:188} INFO - [2025-06-27T00:32:41.719+0000] {dagbag.py:672} DEBUG - Calling the DAG.bulk_sync_to_db method
[2025-06-27T00:32:41.740+0000] {logging_mixin.py:188} INFO - [2025-06-27T00:32:41.739+0000] {serialized_dag.py:166} DEBUG - Checking if DAG (example_bash_operator) changed
[2025-06-27T00:32:41.746+0000] {logging_mixin.py:188} INFO - [2025-06-27T00:32:41.745+0000] {serialized_objects.py:624} DEBUG - Cast type <class 'airflow.models.param.ParamsDict'> to str in serialization.
[2025-06-27T00:32:41.749+0000] {logging_mixin.py:188} INFO - [2025-06-27T00:32:41.749+0000] {serialized_objects.py:624} DEBUG - Cast type <class 'airflow.models.param.ParamsDict'> to str in serialization.
[2025-06-27T00:32:41.751+0000] {logging_mixin.py:188} INFO - [2025-06-27T00:32:41.751+0000] {serialized_objects.py:624} DEBUG - Cast type <class 'airflow.models.param.ParamsDict'> to str in serialization.
[2025-06-27T00:32:41.754+0000] {logging_mixin.py:188} INFO - [2025-06-27T00:32:41.754+0000] {serialized_objects.py:624} DEBUG - Cast type <class 'airflow.models.param.ParamsDict'> to str in serialization.
[2025-06-27T00:32:41.756+0000] {logging_mixin.py:188} INFO - [2025-06-27T00:32:41.756+0000] {serialized_objects.py:624} DEBUG - Cast type <class 'airflow.models.param.ParamsDict'> to str in serialization.
[2025-06-27T00:32:41.758+0000] {logging_mixin.py:188} INFO - [2025-06-27T00:32:41.758+0000] {serialized_objects.py:624} DEBUG - Cast type <class 'airflow.models.param.ParamsDict'> to str in serialization.
[2025-06-27T00:32:41.761+0000] {logging_mixin.py:188} INFO - [2025-06-27T00:32:41.761+0000] {serialized_objects.py:624} DEBUG - Cast type <class 'airflow.models.param.ParamsDict'> to str in serialization.
[2025-06-27T00:32:41.770+0000] {logging_mixin.py:188} INFO - [2025-06-27T00:32:41.769+0000] {serialized_dag.py:177} DEBUG - Serialized DAG (example_bash_operator) is unchanged. Skipping writing to DB
[2025-06-27T00:32:41.771+0000] {logging_mixin.py:188} INFO - [2025-06-27T00:32:41.770+0000] {dag.py:3096} INFO - Sync 1 DAGs
[2025-06-27T00:32:41.805+0000] {logging_mixin.py:188} INFO - [2025-06-27T00:32:41.805+0000] {dag.py:3954} INFO - Setting next_dagrun for example_bash_operator to 2025-06-26 00:00:00+00:00, run_after=2025-06-27 00:00:00+00:00
[2025-06-27T00:32:41.838+0000] {processor.py:183} INFO - Processing /home/airflow/.local/lib/python3.10/site-packages/airflow/example_dags/example_bash_operator.py took 0.171 seconds
[2025-06-27T00:33:12.019+0000] {logging_mixin.py:188} INFO - [2025-06-27T00:33:12.018+0000] {settings.py:250} DEBUG - Setting up DB connection pool (PID 14915)
[2025-06-27T00:33:12.021+0000] {logging_mixin.py:188} INFO - [2025-06-27T00:33:12.021+0000] {settings.py:330} DEBUG - settings.prepare_engine_args(): Using pool settings. pool_size=5, max_overflow=10, pool_recycle=1800, pid=14915
[2025-06-27T00:33:12.032+0000] {processor.py:161} INFO - Started process (PID=14915) to work on /home/airflow/.local/lib/python3.10/site-packages/airflow/example_dags/example_bash_operator.py
[2025-06-27T00:33:12.034+0000] {processor.py:830} INFO - Processing file /home/airflow/.local/lib/python3.10/site-packages/airflow/example_dags/example_bash_operator.py for tasks to queue
[2025-06-27T00:33:12.036+0000] {logging_mixin.py:188} INFO - [2025-06-27T00:33:12.035+0000] {dagbag.py:545} INFO - Filling up the DagBag from /home/airflow/.local/lib/python3.10/site-packages/airflow/example_dags/example_bash_operator.py
[2025-06-27T00:33:12.039+0000] {logging_mixin.py:188} INFO - [2025-06-27T00:33:12.038+0000] {dagbag.py:337} DEBUG - Importing /home/airflow/.local/lib/python3.10/site-packages/airflow/example_dags/example_bash_operator.py
[2025-06-27T00:33:12.045+0000] {logging_mixin.py:188} INFO - [2025-06-27T00:33:12.045+0000] {GetText.py:65} DEBUG - /home/airflow/.local/lib/python3.10/site-packages/cron_descriptor/locale/en_US.mo Loaded
[2025-06-27T00:33:12.061+0000] {logging_mixin.py:188} INFO - [2025-06-27T00:33:12.059+0000] {dagbag.py:511} DEBUG - Loaded DAG <DAG: example_bash_operator>
[2025-06-27T00:33:12.063+0000] {logging_mixin.py:188} INFO - [2025-06-27T00:33:12.063+0000] {dagbag.py:511} DEBUG - Loaded DAG <DAG: example_bash_operator>
[2025-06-27T00:33:12.064+0000] {processor.py:840} INFO - DAG(s) 'example_bash_operator' retrieved from /home/airflow/.local/lib/python3.10/site-packages/airflow/example_dags/example_bash_operator.py
[2025-06-27T00:33:12.065+0000] {logging_mixin.py:188} INFO - [2025-06-27T00:33:12.065+0000] {dagbag.py:667} DEBUG - Running dagbag.sync_to_db with retries. Try 1 of 3
[2025-06-27T00:33:12.066+0000] {logging_mixin.py:188} INFO - [2025-06-27T00:33:12.066+0000] {dagbag.py:672} DEBUG - Calling the DAG.bulk_sync_to_db method
[2025-06-27T00:33:12.087+0000] {logging_mixin.py:188} INFO - [2025-06-27T00:33:12.086+0000] {serialized_dag.py:166} DEBUG - Checking if DAG (example_bash_operator) changed
[2025-06-27T00:33:12.092+0000] {logging_mixin.py:188} INFO - [2025-06-27T00:33:12.092+0000] {serialized_objects.py:624} DEBUG - Cast type <class 'airflow.models.param.ParamsDict'> to str in serialization.
[2025-06-27T00:33:12.096+0000] {logging_mixin.py:188} INFO - [2025-06-27T00:33:12.096+0000] {serialized_objects.py:624} DEBUG - Cast type <class 'airflow.models.param.ParamsDict'> to str in serialization.
[2025-06-27T00:33:12.098+0000] {logging_mixin.py:188} INFO - [2025-06-27T00:33:12.098+0000] {serialized_objects.py:624} DEBUG - Cast type <class 'airflow.models.param.ParamsDict'> to str in serialization.
[2025-06-27T00:33:12.102+0000] {logging_mixin.py:188} INFO - [2025-06-27T00:33:12.101+0000] {serialized_objects.py:624} DEBUG - Cast type <class 'airflow.models.param.ParamsDict'> to str in serialization.
[2025-06-27T00:33:12.104+0000] {logging_mixin.py:188} INFO - [2025-06-27T00:33:12.104+0000] {serialized_objects.py:624} DEBUG - Cast type <class 'airflow.models.param.ParamsDict'> to str in serialization.
[2025-06-27T00:33:12.106+0000] {logging_mixin.py:188} INFO - [2025-06-27T00:33:12.106+0000] {serialized_objects.py:624} DEBUG - Cast type <class 'airflow.models.param.ParamsDict'> to str in serialization.
[2025-06-27T00:33:12.109+0000] {logging_mixin.py:188} INFO - [2025-06-27T00:33:12.109+0000] {serialized_objects.py:624} DEBUG - Cast type <class 'airflow.models.param.ParamsDict'> to str in serialization.
[2025-06-27T00:33:12.117+0000] {logging_mixin.py:188} INFO - [2025-06-27T00:33:12.116+0000] {serialized_dag.py:177} DEBUG - Serialized DAG (example_bash_operator) is unchanged. Skipping writing to DB
[2025-06-27T00:33:12.118+0000] {logging_mixin.py:188} INFO - [2025-06-27T00:33:12.118+0000] {dag.py:3096} INFO - Sync 1 DAGs
[2025-06-27T00:33:12.153+0000] {logging_mixin.py:188} INFO - [2025-06-27T00:33:12.153+0000] {dag.py:3954} INFO - Setting next_dagrun for example_bash_operator to 2025-06-26 00:00:00+00:00, run_after=2025-06-27 00:00:00+00:00
[2025-06-27T00:33:12.192+0000] {processor.py:183} INFO - Processing /home/airflow/.local/lib/python3.10/site-packages/airflow/example_dags/example_bash_operator.py took 0.174 seconds
[2025-06-27T00:33:42.571+0000] {logging_mixin.py:188} INFO - [2025-06-27T00:33:42.569+0000] {settings.py:250} DEBUG - Setting up DB connection pool (PID 14978)
[2025-06-27T00:33:42.574+0000] {logging_mixin.py:188} INFO - [2025-06-27T00:33:42.574+0000] {settings.py:330} DEBUG - settings.prepare_engine_args(): Using pool settings. pool_size=5, max_overflow=10, pool_recycle=1800, pid=14978
[2025-06-27T00:33:42.594+0000] {processor.py:161} INFO - Started process (PID=14978) to work on /home/airflow/.local/lib/python3.10/site-packages/airflow/example_dags/example_bash_operator.py
[2025-06-27T00:33:42.596+0000] {processor.py:830} INFO - Processing file /home/airflow/.local/lib/python3.10/site-packages/airflow/example_dags/example_bash_operator.py for tasks to queue
[2025-06-27T00:33:42.598+0000] {logging_mixin.py:188} INFO - [2025-06-27T00:33:42.598+0000] {dagbag.py:545} INFO - Filling up the DagBag from /home/airflow/.local/lib/python3.10/site-packages/airflow/example_dags/example_bash_operator.py
[2025-06-27T00:33:42.601+0000] {logging_mixin.py:188} INFO - [2025-06-27T00:33:42.601+0000] {dagbag.py:337} DEBUG - Importing /home/airflow/.local/lib/python3.10/site-packages/airflow/example_dags/example_bash_operator.py
[2025-06-27T00:33:42.608+0000] {logging_mixin.py:188} INFO - [2025-06-27T00:33:42.608+0000] {GetText.py:65} DEBUG - /home/airflow/.local/lib/python3.10/site-packages/cron_descriptor/locale/en_US.mo Loaded
[2025-06-27T00:33:42.625+0000] {logging_mixin.py:188} INFO - [2025-06-27T00:33:42.623+0000] {dagbag.py:511} DEBUG - Loaded DAG <DAG: example_bash_operator>
[2025-06-27T00:33:42.628+0000] {logging_mixin.py:188} INFO - [2025-06-27T00:33:42.627+0000] {dagbag.py:511} DEBUG - Loaded DAG <DAG: example_bash_operator>
[2025-06-27T00:33:42.629+0000] {processor.py:840} INFO - DAG(s) 'example_bash_operator' retrieved from /home/airflow/.local/lib/python3.10/site-packages/airflow/example_dags/example_bash_operator.py
[2025-06-27T00:33:42.631+0000] {logging_mixin.py:188} INFO - [2025-06-27T00:33:42.631+0000] {dagbag.py:667} DEBUG - Running dagbag.sync_to_db with retries. Try 1 of 3
[2025-06-27T00:33:42.632+0000] {logging_mixin.py:188} INFO - [2025-06-27T00:33:42.631+0000] {dagbag.py:672} DEBUG - Calling the DAG.bulk_sync_to_db method
[2025-06-27T00:33:42.653+0000] {logging_mixin.py:188} INFO - [2025-06-27T00:33:42.653+0000] {serialized_dag.py:166} DEBUG - Checking if DAG (example_bash_operator) changed
[2025-06-27T00:33:42.662+0000] {logging_mixin.py:188} INFO - [2025-06-27T00:33:42.661+0000] {serialized_objects.py:624} DEBUG - Cast type <class 'airflow.models.param.ParamsDict'> to str in serialization.
[2025-06-27T00:33:42.666+0000] {logging_mixin.py:188} INFO - [2025-06-27T00:33:42.666+0000] {serialized_objects.py:624} DEBUG - Cast type <class 'airflow.models.param.ParamsDict'> to str in serialization.
[2025-06-27T00:33:42.669+0000] {logging_mixin.py:188} INFO - [2025-06-27T00:33:42.668+0000] {serialized_objects.py:624} DEBUG - Cast type <class 'airflow.models.param.ParamsDict'> to str in serialization.
[2025-06-27T00:33:42.672+0000] {logging_mixin.py:188} INFO - [2025-06-27T00:33:42.672+0000] {serialized_objects.py:624} DEBUG - Cast type <class 'airflow.models.param.ParamsDict'> to str in serialization.
[2025-06-27T00:33:42.675+0000] {logging_mixin.py:188} INFO - [2025-06-27T00:33:42.675+0000] {serialized_objects.py:624} DEBUG - Cast type <class 'airflow.models.param.ParamsDict'> to str in serialization.
[2025-06-27T00:33:42.678+0000] {logging_mixin.py:188} INFO - [2025-06-27T00:33:42.678+0000] {serialized_objects.py:624} DEBUG - Cast type <class 'airflow.models.param.ParamsDict'> to str in serialization.
[2025-06-27T00:33:42.681+0000] {logging_mixin.py:188} INFO - [2025-06-27T00:33:42.681+0000] {serialized_objects.py:624} DEBUG - Cast type <class 'airflow.models.param.ParamsDict'> to str in serialization.
[2025-06-27T00:33:42.690+0000] {logging_mixin.py:188} INFO - [2025-06-27T00:33:42.689+0000] {serialized_dag.py:177} DEBUG - Serialized DAG (example_bash_operator) is unchanged. Skipping writing to DB
[2025-06-27T00:33:42.691+0000] {logging_mixin.py:188} INFO - [2025-06-27T00:33:42.690+0000] {dag.py:3096} INFO - Sync 1 DAGs
[2025-06-27T00:33:42.723+0000] {logging_mixin.py:188} INFO - [2025-06-27T00:33:42.723+0000] {dag.py:3954} INFO - Setting next_dagrun for example_bash_operator to 2025-06-26 00:00:00+00:00, run_after=2025-06-27 00:00:00+00:00
[2025-06-27T00:33:42.751+0000] {processor.py:183} INFO - Processing /home/airflow/.local/lib/python3.10/site-packages/airflow/example_dags/example_bash_operator.py took 0.182 seconds
[2025-06-27T00:34:13.250+0000] {logging_mixin.py:188} INFO - [2025-06-27T00:34:13.248+0000] {settings.py:250} DEBUG - Setting up DB connection pool (PID 15041)
[2025-06-27T00:34:13.252+0000] {logging_mixin.py:188} INFO - [2025-06-27T00:34:13.252+0000] {settings.py:330} DEBUG - settings.prepare_engine_args(): Using pool settings. pool_size=5, max_overflow=10, pool_recycle=1800, pid=15041
[2025-06-27T00:34:13.264+0000] {processor.py:161} INFO - Started process (PID=15041) to work on /home/airflow/.local/lib/python3.10/site-packages/airflow/example_dags/example_bash_operator.py
[2025-06-27T00:34:13.265+0000] {processor.py:830} INFO - Processing file /home/airflow/.local/lib/python3.10/site-packages/airflow/example_dags/example_bash_operator.py for tasks to queue
[2025-06-27T00:34:13.267+0000] {logging_mixin.py:188} INFO - [2025-06-27T00:34:13.267+0000] {dagbag.py:545} INFO - Filling up the DagBag from /home/airflow/.local/lib/python3.10/site-packages/airflow/example_dags/example_bash_operator.py
[2025-06-27T00:34:13.270+0000] {logging_mixin.py:188} INFO - [2025-06-27T00:34:13.270+0000] {dagbag.py:337} DEBUG - Importing /home/airflow/.local/lib/python3.10/site-packages/airflow/example_dags/example_bash_operator.py
[2025-06-27T00:34:13.278+0000] {logging_mixin.py:188} INFO - [2025-06-27T00:34:13.277+0000] {GetText.py:65} DEBUG - /home/airflow/.local/lib/python3.10/site-packages/cron_descriptor/locale/en_US.mo Loaded
[2025-06-27T00:34:13.295+0000] {logging_mixin.py:188} INFO - [2025-06-27T00:34:13.293+0000] {dagbag.py:511} DEBUG - Loaded DAG <DAG: example_bash_operator>
[2025-06-27T00:34:13.297+0000] {logging_mixin.py:188} INFO - [2025-06-27T00:34:13.297+0000] {dagbag.py:511} DEBUG - Loaded DAG <DAG: example_bash_operator>
[2025-06-27T00:34:13.298+0000] {processor.py:840} INFO - DAG(s) 'example_bash_operator' retrieved from /home/airflow/.local/lib/python3.10/site-packages/airflow/example_dags/example_bash_operator.py
[2025-06-27T00:34:13.301+0000] {logging_mixin.py:188} INFO - [2025-06-27T00:34:13.301+0000] {dagbag.py:667} DEBUG - Running dagbag.sync_to_db with retries. Try 1 of 3
[2025-06-27T00:34:13.302+0000] {logging_mixin.py:188} INFO - [2025-06-27T00:34:13.302+0000] {dagbag.py:672} DEBUG - Calling the DAG.bulk_sync_to_db method
[2025-06-27T00:34:13.323+0000] {logging_mixin.py:188} INFO - [2025-06-27T00:34:13.322+0000] {serialized_dag.py:166} DEBUG - Checking if DAG (example_bash_operator) changed
[2025-06-27T00:34:13.327+0000] {logging_mixin.py:188} INFO - [2025-06-27T00:34:13.327+0000] {serialized_objects.py:624} DEBUG - Cast type <class 'airflow.models.param.ParamsDict'> to str in serialization.
[2025-06-27T00:34:13.330+0000] {logging_mixin.py:188} INFO - [2025-06-27T00:34:13.330+0000] {serialized_objects.py:624} DEBUG - Cast type <class 'airflow.models.param.ParamsDict'> to str in serialization.
[2025-06-27T00:34:13.333+0000] {logging_mixin.py:188} INFO - [2025-06-27T00:34:13.333+0000] {serialized_objects.py:624} DEBUG - Cast type <class 'airflow.models.param.ParamsDict'> to str in serialization.
[2025-06-27T00:34:13.335+0000] {logging_mixin.py:188} INFO - [2025-06-27T00:34:13.335+0000] {serialized_objects.py:624} DEBUG - Cast type <class 'airflow.models.param.ParamsDict'> to str in serialization.
[2025-06-27T00:34:13.338+0000] {logging_mixin.py:188} INFO - [2025-06-27T00:34:13.338+0000] {serialized_objects.py:624} DEBUG - Cast type <class 'airflow.models.param.ParamsDict'> to str in serialization.
[2025-06-27T00:34:13.341+0000] {logging_mixin.py:188} INFO - [2025-06-27T00:34:13.341+0000] {serialized_objects.py:624} DEBUG - Cast type <class 'airflow.models.param.ParamsDict'> to str in serialization.
[2025-06-27T00:34:13.343+0000] {logging_mixin.py:188} INFO - [2025-06-27T00:34:13.343+0000] {serialized_objects.py:624} DEBUG - Cast type <class 'airflow.models.param.ParamsDict'> to str in serialization.
[2025-06-27T00:34:13.351+0000] {logging_mixin.py:188} INFO - [2025-06-27T00:34:13.351+0000] {serialized_dag.py:177} DEBUG - Serialized DAG (example_bash_operator) is unchanged. Skipping writing to DB
[2025-06-27T00:34:13.352+0000] {logging_mixin.py:188} INFO - [2025-06-27T00:34:13.352+0000] {dag.py:3096} INFO - Sync 1 DAGs
[2025-06-27T00:34:13.385+0000] {logging_mixin.py:188} INFO - [2025-06-27T00:34:13.385+0000] {dag.py:3954} INFO - Setting next_dagrun for example_bash_operator to 2025-06-26 00:00:00+00:00, run_after=2025-06-27 00:00:00+00:00
[2025-06-27T00:34:13.416+0000] {processor.py:183} INFO - Processing /home/airflow/.local/lib/python3.10/site-packages/airflow/example_dags/example_bash_operator.py took 0.168 seconds
[2025-06-27T00:34:44.154+0000] {logging_mixin.py:188} INFO - [2025-06-27T00:34:44.153+0000] {settings.py:250} DEBUG - Setting up DB connection pool (PID 15110)
[2025-06-27T00:34:44.156+0000] {logging_mixin.py:188} INFO - [2025-06-27T00:34:44.155+0000] {settings.py:330} DEBUG - settings.prepare_engine_args(): Using pool settings. pool_size=5, max_overflow=10, pool_recycle=1800, pid=15110
[2025-06-27T00:34:44.166+0000] {processor.py:161} INFO - Started process (PID=15110) to work on /home/airflow/.local/lib/python3.10/site-packages/airflow/example_dags/example_bash_operator.py
[2025-06-27T00:34:44.167+0000] {processor.py:830} INFO - Processing file /home/airflow/.local/lib/python3.10/site-packages/airflow/example_dags/example_bash_operator.py for tasks to queue
[2025-06-27T00:34:44.169+0000] {logging_mixin.py:188} INFO - [2025-06-27T00:34:44.169+0000] {dagbag.py:545} INFO - Filling up the DagBag from /home/airflow/.local/lib/python3.10/site-packages/airflow/example_dags/example_bash_operator.py
[2025-06-27T00:34:44.171+0000] {logging_mixin.py:188} INFO - [2025-06-27T00:34:44.171+0000] {dagbag.py:337} DEBUG - Importing /home/airflow/.local/lib/python3.10/site-packages/airflow/example_dags/example_bash_operator.py
[2025-06-27T00:34:44.176+0000] {logging_mixin.py:188} INFO - [2025-06-27T00:34:44.175+0000] {GetText.py:65} DEBUG - /home/airflow/.local/lib/python3.10/site-packages/cron_descriptor/locale/en_US.mo Loaded
[2025-06-27T00:34:44.191+0000] {logging_mixin.py:188} INFO - [2025-06-27T00:34:44.188+0000] {dagbag.py:511} DEBUG - Loaded DAG <DAG: example_bash_operator>
[2025-06-27T00:34:44.195+0000] {logging_mixin.py:188} INFO - [2025-06-27T00:34:44.195+0000] {dagbag.py:511} DEBUG - Loaded DAG <DAG: example_bash_operator>
[2025-06-27T00:34:44.197+0000] {processor.py:840} INFO - DAG(s) 'example_bash_operator' retrieved from /home/airflow/.local/lib/python3.10/site-packages/airflow/example_dags/example_bash_operator.py
[2025-06-27T00:34:44.201+0000] {logging_mixin.py:188} INFO - [2025-06-27T00:34:44.201+0000] {dagbag.py:667} DEBUG - Running dagbag.sync_to_db with retries. Try 1 of 3
[2025-06-27T00:34:44.202+0000] {logging_mixin.py:188} INFO - [2025-06-27T00:34:44.202+0000] {dagbag.py:672} DEBUG - Calling the DAG.bulk_sync_to_db method
[2025-06-27T00:34:44.222+0000] {logging_mixin.py:188} INFO - [2025-06-27T00:34:44.222+0000] {serialized_dag.py:166} DEBUG - Checking if DAG (example_bash_operator) changed
[2025-06-27T00:34:44.227+0000] {logging_mixin.py:188} INFO - [2025-06-27T00:34:44.227+0000] {serialized_objects.py:624} DEBUG - Cast type <class 'airflow.models.param.ParamsDict'> to str in serialization.
[2025-06-27T00:34:44.231+0000] {logging_mixin.py:188} INFO - [2025-06-27T00:34:44.231+0000] {serialized_objects.py:624} DEBUG - Cast type <class 'airflow.models.param.ParamsDict'> to str in serialization.
[2025-06-27T00:34:44.234+0000] {logging_mixin.py:188} INFO - [2025-06-27T00:34:44.234+0000] {serialized_objects.py:624} DEBUG - Cast type <class 'airflow.models.param.ParamsDict'> to str in serialization.
[2025-06-27T00:34:44.237+0000] {logging_mixin.py:188} INFO - [2025-06-27T00:34:44.236+0000] {serialized_objects.py:624} DEBUG - Cast type <class 'airflow.models.param.ParamsDict'> to str in serialization.
[2025-06-27T00:34:44.239+0000] {logging_mixin.py:188} INFO - [2025-06-27T00:34:44.239+0000] {serialized_objects.py:624} DEBUG - Cast type <class 'airflow.models.param.ParamsDict'> to str in serialization.
[2025-06-27T00:34:44.242+0000] {logging_mixin.py:188} INFO - [2025-06-27T00:34:44.242+0000] {serialized_objects.py:624} DEBUG - Cast type <class 'airflow.models.param.ParamsDict'> to str in serialization.
[2025-06-27T00:34:44.244+0000] {logging_mixin.py:188} INFO - [2025-06-27T00:34:44.244+0000] {serialized_objects.py:624} DEBUG - Cast type <class 'airflow.models.param.ParamsDict'> to str in serialization.
[2025-06-27T00:34:44.253+0000] {logging_mixin.py:188} INFO - [2025-06-27T00:34:44.253+0000] {serialized_dag.py:177} DEBUG - Serialized DAG (example_bash_operator) is unchanged. Skipping writing to DB
[2025-06-27T00:34:44.255+0000] {logging_mixin.py:188} INFO - [2025-06-27T00:34:44.254+0000] {dag.py:3096} INFO - Sync 1 DAGs
[2025-06-27T00:34:44.286+0000] {logging_mixin.py:188} INFO - [2025-06-27T00:34:44.285+0000] {dag.py:3954} INFO - Setting next_dagrun for example_bash_operator to 2025-06-26 00:00:00+00:00, run_after=2025-06-27 00:00:00+00:00
[2025-06-27T00:34:44.321+0000] {processor.py:183} INFO - Processing /home/airflow/.local/lib/python3.10/site-packages/airflow/example_dags/example_bash_operator.py took 0.168 seconds
[2025-06-27T00:35:14.761+0000] {logging_mixin.py:188} INFO - [2025-06-27T00:35:14.759+0000] {settings.py:250} DEBUG - Setting up DB connection pool (PID 15173)
[2025-06-27T00:35:14.762+0000] {logging_mixin.py:188} INFO - [2025-06-27T00:35:14.762+0000] {settings.py:330} DEBUG - settings.prepare_engine_args(): Using pool settings. pool_size=5, max_overflow=10, pool_recycle=1800, pid=15173
[2025-06-27T00:35:14.774+0000] {processor.py:161} INFO - Started process (PID=15173) to work on /home/airflow/.local/lib/python3.10/site-packages/airflow/example_dags/example_bash_operator.py
[2025-06-27T00:35:14.776+0000] {processor.py:830} INFO - Processing file /home/airflow/.local/lib/python3.10/site-packages/airflow/example_dags/example_bash_operator.py for tasks to queue
[2025-06-27T00:35:14.777+0000] {logging_mixin.py:188} INFO - [2025-06-27T00:35:14.777+0000] {dagbag.py:545} INFO - Filling up the DagBag from /home/airflow/.local/lib/python3.10/site-packages/airflow/example_dags/example_bash_operator.py
[2025-06-27T00:35:14.780+0000] {logging_mixin.py:188} INFO - [2025-06-27T00:35:14.780+0000] {dagbag.py:337} DEBUG - Importing /home/airflow/.local/lib/python3.10/site-packages/airflow/example_dags/example_bash_operator.py
[2025-06-27T00:35:14.786+0000] {logging_mixin.py:188} INFO - [2025-06-27T00:35:14.785+0000] {GetText.py:65} DEBUG - /home/airflow/.local/lib/python3.10/site-packages/cron_descriptor/locale/en_US.mo Loaded
[2025-06-27T00:35:14.804+0000] {logging_mixin.py:188} INFO - [2025-06-27T00:35:14.802+0000] {dagbag.py:511} DEBUG - Loaded DAG <DAG: example_bash_operator>
[2025-06-27T00:35:14.808+0000] {logging_mixin.py:188} INFO - [2025-06-27T00:35:14.807+0000] {dagbag.py:511} DEBUG - Loaded DAG <DAG: example_bash_operator>
[2025-06-27T00:35:14.809+0000] {processor.py:840} INFO - DAG(s) 'example_bash_operator' retrieved from /home/airflow/.local/lib/python3.10/site-packages/airflow/example_dags/example_bash_operator.py
[2025-06-27T00:35:14.811+0000] {logging_mixin.py:188} INFO - [2025-06-27T00:35:14.811+0000] {dagbag.py:667} DEBUG - Running dagbag.sync_to_db with retries. Try 1 of 3
[2025-06-27T00:35:14.812+0000] {logging_mixin.py:188} INFO - [2025-06-27T00:35:14.812+0000] {dagbag.py:672} DEBUG - Calling the DAG.bulk_sync_to_db method
[2025-06-27T00:35:14.837+0000] {logging_mixin.py:188} INFO - [2025-06-27T00:35:14.836+0000] {serialized_dag.py:166} DEBUG - Checking if DAG (example_bash_operator) changed
[2025-06-27T00:35:14.842+0000] {logging_mixin.py:188} INFO - [2025-06-27T00:35:14.841+0000] {serialized_objects.py:624} DEBUG - Cast type <class 'airflow.models.param.ParamsDict'> to str in serialization.
[2025-06-27T00:35:14.846+0000] {logging_mixin.py:188} INFO - [2025-06-27T00:35:14.845+0000] {serialized_objects.py:624} DEBUG - Cast type <class 'airflow.models.param.ParamsDict'> to str in serialization.
[2025-06-27T00:35:14.848+0000] {logging_mixin.py:188} INFO - [2025-06-27T00:35:14.848+0000] {serialized_objects.py:624} DEBUG - Cast type <class 'airflow.models.param.ParamsDict'> to str in serialization.
[2025-06-27T00:35:14.851+0000] {logging_mixin.py:188} INFO - [2025-06-27T00:35:14.850+0000] {serialized_objects.py:624} DEBUG - Cast type <class 'airflow.models.param.ParamsDict'> to str in serialization.
[2025-06-27T00:35:14.853+0000] {logging_mixin.py:188} INFO - [2025-06-27T00:35:14.853+0000] {serialized_objects.py:624} DEBUG - Cast type <class 'airflow.models.param.ParamsDict'> to str in serialization.
[2025-06-27T00:35:14.856+0000] {logging_mixin.py:188} INFO - [2025-06-27T00:35:14.856+0000] {serialized_objects.py:624} DEBUG - Cast type <class 'airflow.models.param.ParamsDict'> to str in serialization.
[2025-06-27T00:35:14.859+0000] {logging_mixin.py:188} INFO - [2025-06-27T00:35:14.858+0000] {serialized_objects.py:624} DEBUG - Cast type <class 'airflow.models.param.ParamsDict'> to str in serialization.
[2025-06-27T00:35:14.867+0000] {logging_mixin.py:188} INFO - [2025-06-27T00:35:14.867+0000] {serialized_dag.py:177} DEBUG - Serialized DAG (example_bash_operator) is unchanged. Skipping writing to DB
[2025-06-27T00:35:14.868+0000] {logging_mixin.py:188} INFO - [2025-06-27T00:35:14.868+0000] {dag.py:3096} INFO - Sync 1 DAGs
[2025-06-27T00:35:14.901+0000] {logging_mixin.py:188} INFO - [2025-06-27T00:35:14.900+0000] {dag.py:3954} INFO - Setting next_dagrun for example_bash_operator to 2025-06-26 00:00:00+00:00, run_after=2025-06-27 00:00:00+00:00
[2025-06-27T00:35:14.930+0000] {processor.py:183} INFO - Processing /home/airflow/.local/lib/python3.10/site-packages/airflow/example_dags/example_bash_operator.py took 0.171 seconds
[2025-06-27T00:35:45.138+0000] {logging_mixin.py:188} INFO - [2025-06-27T00:35:45.135+0000] {settings.py:250} DEBUG - Setting up DB connection pool (PID 15236)
[2025-06-27T00:35:45.141+0000] {logging_mixin.py:188} INFO - [2025-06-27T00:35:45.140+0000] {settings.py:330} DEBUG - settings.prepare_engine_args(): Using pool settings. pool_size=5, max_overflow=10, pool_recycle=1800, pid=15236
[2025-06-27T00:35:45.164+0000] {processor.py:161} INFO - Started process (PID=15236) to work on /home/airflow/.local/lib/python3.10/site-packages/airflow/example_dags/example_bash_operator.py
[2025-06-27T00:35:45.166+0000] {processor.py:830} INFO - Processing file /home/airflow/.local/lib/python3.10/site-packages/airflow/example_dags/example_bash_operator.py for tasks to queue
[2025-06-27T00:35:45.170+0000] {logging_mixin.py:188} INFO - [2025-06-27T00:35:45.169+0000] {dagbag.py:545} INFO - Filling up the DagBag from /home/airflow/.local/lib/python3.10/site-packages/airflow/example_dags/example_bash_operator.py
[2025-06-27T00:35:45.174+0000] {logging_mixin.py:188} INFO - [2025-06-27T00:35:45.174+0000] {dagbag.py:337} DEBUG - Importing /home/airflow/.local/lib/python3.10/site-packages/airflow/example_dags/example_bash_operator.py
[2025-06-27T00:35:45.184+0000] {logging_mixin.py:188} INFO - [2025-06-27T00:35:45.183+0000] {GetText.py:65} DEBUG - /home/airflow/.local/lib/python3.10/site-packages/cron_descriptor/locale/en_US.mo Loaded
[2025-06-27T00:35:45.226+0000] {logging_mixin.py:188} INFO - [2025-06-27T00:35:45.221+0000] {dagbag.py:511} DEBUG - Loaded DAG <DAG: example_bash_operator>
[2025-06-27T00:35:45.230+0000] {logging_mixin.py:188} INFO - [2025-06-27T00:35:45.229+0000] {dagbag.py:511} DEBUG - Loaded DAG <DAG: example_bash_operator>
[2025-06-27T00:35:45.231+0000] {processor.py:840} INFO - DAG(s) 'example_bash_operator' retrieved from /home/airflow/.local/lib/python3.10/site-packages/airflow/example_dags/example_bash_operator.py
[2025-06-27T00:35:45.233+0000] {logging_mixin.py:188} INFO - [2025-06-27T00:35:45.233+0000] {dagbag.py:667} DEBUG - Running dagbag.sync_to_db with retries. Try 1 of 3
[2025-06-27T00:35:45.234+0000] {logging_mixin.py:188} INFO - [2025-06-27T00:35:45.234+0000] {dagbag.py:672} DEBUG - Calling the DAG.bulk_sync_to_db method
[2025-06-27T00:35:45.260+0000] {logging_mixin.py:188} INFO - [2025-06-27T00:35:45.260+0000] {serialized_dag.py:166} DEBUG - Checking if DAG (example_bash_operator) changed
[2025-06-27T00:35:45.267+0000] {logging_mixin.py:188} INFO - [2025-06-27T00:35:45.266+0000] {serialized_objects.py:624} DEBUG - Cast type <class 'airflow.models.param.ParamsDict'> to str in serialization.
[2025-06-27T00:35:45.270+0000] {logging_mixin.py:188} INFO - [2025-06-27T00:35:45.270+0000] {serialized_objects.py:624} DEBUG - Cast type <class 'airflow.models.param.ParamsDict'> to str in serialization.
[2025-06-27T00:35:45.274+0000] {logging_mixin.py:188} INFO - [2025-06-27T00:35:45.273+0000] {serialized_objects.py:624} DEBUG - Cast type <class 'airflow.models.param.ParamsDict'> to str in serialization.
[2025-06-27T00:35:45.276+0000] {logging_mixin.py:188} INFO - [2025-06-27T00:35:45.276+0000] {serialized_objects.py:624} DEBUG - Cast type <class 'airflow.models.param.ParamsDict'> to str in serialization.
[2025-06-27T00:35:45.280+0000] {logging_mixin.py:188} INFO - [2025-06-27T00:35:45.279+0000] {serialized_objects.py:624} DEBUG - Cast type <class 'airflow.models.param.ParamsDict'> to str in serialization.
[2025-06-27T00:35:45.282+0000] {logging_mixin.py:188} INFO - [2025-06-27T00:35:45.282+0000] {serialized_objects.py:624} DEBUG - Cast type <class 'airflow.models.param.ParamsDict'> to str in serialization.
[2025-06-27T00:35:45.285+0000] {logging_mixin.py:188} INFO - [2025-06-27T00:35:45.285+0000] {serialized_objects.py:624} DEBUG - Cast type <class 'airflow.models.param.ParamsDict'> to str in serialization.
[2025-06-27T00:35:45.295+0000] {logging_mixin.py:188} INFO - [2025-06-27T00:35:45.294+0000] {serialized_dag.py:177} DEBUG - Serialized DAG (example_bash_operator) is unchanged. Skipping writing to DB
[2025-06-27T00:35:45.296+0000] {logging_mixin.py:188} INFO - [2025-06-27T00:35:45.296+0000] {dag.py:3096} INFO - Sync 1 DAGs
[2025-06-27T00:35:45.336+0000] {logging_mixin.py:188} INFO - [2025-06-27T00:35:45.336+0000] {dag.py:3954} INFO - Setting next_dagrun for example_bash_operator to 2025-06-26 00:00:00+00:00, run_after=2025-06-27 00:00:00+00:00
[2025-06-27T00:35:45.386+0000] {processor.py:183} INFO - Processing /home/airflow/.local/lib/python3.10/site-packages/airflow/example_dags/example_bash_operator.py took 0.251 seconds
[2025-06-27T00:36:15.910+0000] {logging_mixin.py:188} INFO - [2025-06-27T00:36:15.908+0000] {settings.py:250} DEBUG - Setting up DB connection pool (PID 15297)
[2025-06-27T00:36:15.912+0000] {logging_mixin.py:188} INFO - [2025-06-27T00:36:15.912+0000] {settings.py:330} DEBUG - settings.prepare_engine_args(): Using pool settings. pool_size=5, max_overflow=10, pool_recycle=1800, pid=15297
[2025-06-27T00:36:15.926+0000] {processor.py:161} INFO - Started process (PID=15297) to work on /home/airflow/.local/lib/python3.10/site-packages/airflow/example_dags/example_bash_operator.py
[2025-06-27T00:36:15.928+0000] {processor.py:830} INFO - Processing file /home/airflow/.local/lib/python3.10/site-packages/airflow/example_dags/example_bash_operator.py for tasks to queue
[2025-06-27T00:36:15.929+0000] {logging_mixin.py:188} INFO - [2025-06-27T00:36:15.929+0000] {dagbag.py:545} INFO - Filling up the DagBag from /home/airflow/.local/lib/python3.10/site-packages/airflow/example_dags/example_bash_operator.py
[2025-06-27T00:36:15.933+0000] {logging_mixin.py:188} INFO - [2025-06-27T00:36:15.932+0000] {dagbag.py:337} DEBUG - Importing /home/airflow/.local/lib/python3.10/site-packages/airflow/example_dags/example_bash_operator.py
[2025-06-27T00:36:15.940+0000] {logging_mixin.py:188} INFO - [2025-06-27T00:36:15.939+0000] {GetText.py:65} DEBUG - /home/airflow/.local/lib/python3.10/site-packages/cron_descriptor/locale/en_US.mo Loaded
[2025-06-27T00:36:15.956+0000] {logging_mixin.py:188} INFO - [2025-06-27T00:36:15.954+0000] {dagbag.py:511} DEBUG - Loaded DAG <DAG: example_bash_operator>
[2025-06-27T00:36:15.958+0000] {logging_mixin.py:188} INFO - [2025-06-27T00:36:15.958+0000] {dagbag.py:511} DEBUG - Loaded DAG <DAG: example_bash_operator>
[2025-06-27T00:36:15.959+0000] {processor.py:840} INFO - DAG(s) 'example_bash_operator' retrieved from /home/airflow/.local/lib/python3.10/site-packages/airflow/example_dags/example_bash_operator.py
[2025-06-27T00:36:15.961+0000] {logging_mixin.py:188} INFO - [2025-06-27T00:36:15.960+0000] {dagbag.py:667} DEBUG - Running dagbag.sync_to_db with retries. Try 1 of 3
[2025-06-27T00:36:15.961+0000] {logging_mixin.py:188} INFO - [2025-06-27T00:36:15.961+0000] {dagbag.py:672} DEBUG - Calling the DAG.bulk_sync_to_db method
[2025-06-27T00:36:15.982+0000] {logging_mixin.py:188} INFO - [2025-06-27T00:36:15.982+0000] {serialized_dag.py:166} DEBUG - Checking if DAG (example_bash_operator) changed
[2025-06-27T00:36:15.991+0000] {logging_mixin.py:188} INFO - [2025-06-27T00:36:15.990+0000] {serialized_objects.py:624} DEBUG - Cast type <class 'airflow.models.param.ParamsDict'> to str in serialization.
[2025-06-27T00:36:15.996+0000] {logging_mixin.py:188} INFO - [2025-06-27T00:36:15.995+0000] {serialized_objects.py:624} DEBUG - Cast type <class 'airflow.models.param.ParamsDict'> to str in serialization.
[2025-06-27T00:36:15.999+0000] {logging_mixin.py:188} INFO - [2025-06-27T00:36:15.999+0000] {serialized_objects.py:624} DEBUG - Cast type <class 'airflow.models.param.ParamsDict'> to str in serialization.
[2025-06-27T00:36:16.003+0000] {logging_mixin.py:188} INFO - [2025-06-27T00:36:16.002+0000] {serialized_objects.py:624} DEBUG - Cast type <class 'airflow.models.param.ParamsDict'> to str in serialization.
[2025-06-27T00:36:16.008+0000] {logging_mixin.py:188} INFO - [2025-06-27T00:36:16.007+0000] {serialized_objects.py:624} DEBUG - Cast type <class 'airflow.models.param.ParamsDict'> to str in serialization.
[2025-06-27T00:36:16.011+0000] {logging_mixin.py:188} INFO - [2025-06-27T00:36:16.011+0000] {serialized_objects.py:624} DEBUG - Cast type <class 'airflow.models.param.ParamsDict'> to str in serialization.
[2025-06-27T00:36:16.014+0000] {logging_mixin.py:188} INFO - [2025-06-27T00:36:16.014+0000] {serialized_objects.py:624} DEBUG - Cast type <class 'airflow.models.param.ParamsDict'> to str in serialization.
[2025-06-27T00:36:16.026+0000] {logging_mixin.py:188} INFO - [2025-06-27T00:36:16.026+0000] {serialized_dag.py:177} DEBUG - Serialized DAG (example_bash_operator) is unchanged. Skipping writing to DB
[2025-06-27T00:36:16.029+0000] {logging_mixin.py:188} INFO - [2025-06-27T00:36:16.028+0000] {dag.py:3096} INFO - Sync 1 DAGs
[2025-06-27T00:36:16.065+0000] {logging_mixin.py:188} INFO - [2025-06-27T00:36:16.065+0000] {dag.py:3954} INFO - Setting next_dagrun for example_bash_operator to 2025-06-26 00:00:00+00:00, run_after=2025-06-27 00:00:00+00:00
[2025-06-27T00:36:16.101+0000] {processor.py:183} INFO - Processing /home/airflow/.local/lib/python3.10/site-packages/airflow/example_dags/example_bash_operator.py took 0.194 seconds
[2025-06-27T00:36:46.227+0000] {logging_mixin.py:188} INFO - [2025-06-27T00:36:46.225+0000] {settings.py:250} DEBUG - Setting up DB connection pool (PID 15360)
[2025-06-27T00:36:46.229+0000] {logging_mixin.py:188} INFO - [2025-06-27T00:36:46.229+0000] {settings.py:330} DEBUG - settings.prepare_engine_args(): Using pool settings. pool_size=5, max_overflow=10, pool_recycle=1800, pid=15360
[2025-06-27T00:36:46.247+0000] {processor.py:161} INFO - Started process (PID=15360) to work on /home/airflow/.local/lib/python3.10/site-packages/airflow/example_dags/example_bash_operator.py
[2025-06-27T00:36:46.248+0000] {processor.py:830} INFO - Processing file /home/airflow/.local/lib/python3.10/site-packages/airflow/example_dags/example_bash_operator.py for tasks to queue
[2025-06-27T00:36:46.250+0000] {logging_mixin.py:188} INFO - [2025-06-27T00:36:46.250+0000] {dagbag.py:545} INFO - Filling up the DagBag from /home/airflow/.local/lib/python3.10/site-packages/airflow/example_dags/example_bash_operator.py
[2025-06-27T00:36:46.253+0000] {logging_mixin.py:188} INFO - [2025-06-27T00:36:46.253+0000] {dagbag.py:337} DEBUG - Importing /home/airflow/.local/lib/python3.10/site-packages/airflow/example_dags/example_bash_operator.py
[2025-06-27T00:36:46.258+0000] {logging_mixin.py:188} INFO - [2025-06-27T00:36:46.258+0000] {GetText.py:65} DEBUG - /home/airflow/.local/lib/python3.10/site-packages/cron_descriptor/locale/en_US.mo Loaded
[2025-06-27T00:36:46.275+0000] {logging_mixin.py:188} INFO - [2025-06-27T00:36:46.273+0000] {dagbag.py:511} DEBUG - Loaded DAG <DAG: example_bash_operator>
[2025-06-27T00:36:46.278+0000] {logging_mixin.py:188} INFO - [2025-06-27T00:36:46.278+0000] {dagbag.py:511} DEBUG - Loaded DAG <DAG: example_bash_operator>
[2025-06-27T00:36:46.279+0000] {processor.py:840} INFO - DAG(s) 'example_bash_operator' retrieved from /home/airflow/.local/lib/python3.10/site-packages/airflow/example_dags/example_bash_operator.py
[2025-06-27T00:36:46.282+0000] {logging_mixin.py:188} INFO - [2025-06-27T00:36:46.281+0000] {dagbag.py:667} DEBUG - Running dagbag.sync_to_db with retries. Try 1 of 3
[2025-06-27T00:36:46.283+0000] {logging_mixin.py:188} INFO - [2025-06-27T00:36:46.282+0000] {dagbag.py:672} DEBUG - Calling the DAG.bulk_sync_to_db method
[2025-06-27T00:36:46.305+0000] {logging_mixin.py:188} INFO - [2025-06-27T00:36:46.304+0000] {serialized_dag.py:166} DEBUG - Checking if DAG (example_bash_operator) changed
[2025-06-27T00:36:46.312+0000] {logging_mixin.py:188} INFO - [2025-06-27T00:36:46.311+0000] {serialized_objects.py:624} DEBUG - Cast type <class 'airflow.models.param.ParamsDict'> to str in serialization.
[2025-06-27T00:36:46.315+0000] {logging_mixin.py:188} INFO - [2025-06-27T00:36:46.315+0000] {serialized_objects.py:624} DEBUG - Cast type <class 'airflow.models.param.ParamsDict'> to str in serialization.
[2025-06-27T00:36:46.319+0000] {logging_mixin.py:188} INFO - [2025-06-27T00:36:46.318+0000] {serialized_objects.py:624} DEBUG - Cast type <class 'airflow.models.param.ParamsDict'> to str in serialization.
[2025-06-27T00:36:46.322+0000] {logging_mixin.py:188} INFO - [2025-06-27T00:36:46.322+0000] {serialized_objects.py:624} DEBUG - Cast type <class 'airflow.models.param.ParamsDict'> to str in serialization.
[2025-06-27T00:36:46.325+0000] {logging_mixin.py:188} INFO - [2025-06-27T00:36:46.325+0000] {serialized_objects.py:624} DEBUG - Cast type <class 'airflow.models.param.ParamsDict'> to str in serialization.
[2025-06-27T00:36:46.328+0000] {logging_mixin.py:188} INFO - [2025-06-27T00:36:46.328+0000] {serialized_objects.py:624} DEBUG - Cast type <class 'airflow.models.param.ParamsDict'> to str in serialization.
[2025-06-27T00:36:46.331+0000] {logging_mixin.py:188} INFO - [2025-06-27T00:36:46.331+0000] {serialized_objects.py:624} DEBUG - Cast type <class 'airflow.models.param.ParamsDict'> to str in serialization.
[2025-06-27T00:36:46.341+0000] {logging_mixin.py:188} INFO - [2025-06-27T00:36:46.341+0000] {serialized_dag.py:177} DEBUG - Serialized DAG (example_bash_operator) is unchanged. Skipping writing to DB
[2025-06-27T00:36:46.342+0000] {logging_mixin.py:188} INFO - [2025-06-27T00:36:46.342+0000] {dag.py:3096} INFO - Sync 1 DAGs
[2025-06-27T00:36:46.379+0000] {logging_mixin.py:188} INFO - [2025-06-27T00:36:46.379+0000] {dag.py:3954} INFO - Setting next_dagrun for example_bash_operator to 2025-06-26 00:00:00+00:00, run_after=2025-06-27 00:00:00+00:00
[2025-06-27T00:36:46.422+0000] {processor.py:183} INFO - Processing /home/airflow/.local/lib/python3.10/site-packages/airflow/example_dags/example_bash_operator.py took 0.198 seconds
[2025-06-27T00:37:16.743+0000] {logging_mixin.py:188} INFO - [2025-06-27T00:37:16.741+0000] {settings.py:250} DEBUG - Setting up DB connection pool (PID 15424)
[2025-06-27T00:37:16.745+0000] {logging_mixin.py:188} INFO - [2025-06-27T00:37:16.745+0000] {settings.py:330} DEBUG - settings.prepare_engine_args(): Using pool settings. pool_size=5, max_overflow=10, pool_recycle=1800, pid=15424
[2025-06-27T00:37:16.757+0000] {processor.py:161} INFO - Started process (PID=15424) to work on /home/airflow/.local/lib/python3.10/site-packages/airflow/example_dags/example_bash_operator.py
[2025-06-27T00:37:16.759+0000] {processor.py:830} INFO - Processing file /home/airflow/.local/lib/python3.10/site-packages/airflow/example_dags/example_bash_operator.py for tasks to queue
[2025-06-27T00:37:16.760+0000] {logging_mixin.py:188} INFO - [2025-06-27T00:37:16.760+0000] {dagbag.py:545} INFO - Filling up the DagBag from /home/airflow/.local/lib/python3.10/site-packages/airflow/example_dags/example_bash_operator.py
[2025-06-27T00:37:16.763+0000] {logging_mixin.py:188} INFO - [2025-06-27T00:37:16.763+0000] {dagbag.py:337} DEBUG - Importing /home/airflow/.local/lib/python3.10/site-packages/airflow/example_dags/example_bash_operator.py
[2025-06-27T00:37:16.770+0000] {logging_mixin.py:188} INFO - [2025-06-27T00:37:16.769+0000] {GetText.py:65} DEBUG - /home/airflow/.local/lib/python3.10/site-packages/cron_descriptor/locale/en_US.mo Loaded
[2025-06-27T00:37:16.784+0000] {logging_mixin.py:188} INFO - [2025-06-27T00:37:16.782+0000] {dagbag.py:511} DEBUG - Loaded DAG <DAG: example_bash_operator>
[2025-06-27T00:37:16.786+0000] {logging_mixin.py:188} INFO - [2025-06-27T00:37:16.785+0000] {dagbag.py:511} DEBUG - Loaded DAG <DAG: example_bash_operator>
[2025-06-27T00:37:16.786+0000] {processor.py:840} INFO - DAG(s) 'example_bash_operator' retrieved from /home/airflow/.local/lib/python3.10/site-packages/airflow/example_dags/example_bash_operator.py
[2025-06-27T00:37:16.788+0000] {logging_mixin.py:188} INFO - [2025-06-27T00:37:16.788+0000] {dagbag.py:667} DEBUG - Running dagbag.sync_to_db with retries. Try 1 of 3
[2025-06-27T00:37:16.789+0000] {logging_mixin.py:188} INFO - [2025-06-27T00:37:16.789+0000] {dagbag.py:672} DEBUG - Calling the DAG.bulk_sync_to_db method
[2025-06-27T00:37:16.808+0000] {logging_mixin.py:188} INFO - [2025-06-27T00:37:16.807+0000] {serialized_dag.py:166} DEBUG - Checking if DAG (example_bash_operator) changed
[2025-06-27T00:37:16.813+0000] {logging_mixin.py:188} INFO - [2025-06-27T00:37:16.812+0000] {serialized_objects.py:624} DEBUG - Cast type <class 'airflow.models.param.ParamsDict'> to str in serialization.
[2025-06-27T00:37:16.816+0000] {logging_mixin.py:188} INFO - [2025-06-27T00:37:16.816+0000] {serialized_objects.py:624} DEBUG - Cast type <class 'airflow.models.param.ParamsDict'> to str in serialization.
[2025-06-27T00:37:16.818+0000] {logging_mixin.py:188} INFO - [2025-06-27T00:37:16.818+0000] {serialized_objects.py:624} DEBUG - Cast type <class 'airflow.models.param.ParamsDict'> to str in serialization.
[2025-06-27T00:37:16.820+0000] {logging_mixin.py:188} INFO - [2025-06-27T00:37:16.820+0000] {serialized_objects.py:624} DEBUG - Cast type <class 'airflow.models.param.ParamsDict'> to str in serialization.
[2025-06-27T00:37:16.822+0000] {logging_mixin.py:188} INFO - [2025-06-27T00:37:16.822+0000] {serialized_objects.py:624} DEBUG - Cast type <class 'airflow.models.param.ParamsDict'> to str in serialization.
[2025-06-27T00:37:16.825+0000] {logging_mixin.py:188} INFO - [2025-06-27T00:37:16.824+0000] {serialized_objects.py:624} DEBUG - Cast type <class 'airflow.models.param.ParamsDict'> to str in serialization.
[2025-06-27T00:37:16.827+0000] {logging_mixin.py:188} INFO - [2025-06-27T00:37:16.827+0000] {serialized_objects.py:624} DEBUG - Cast type <class 'airflow.models.param.ParamsDict'> to str in serialization.
[2025-06-27T00:37:16.835+0000] {logging_mixin.py:188} INFO - [2025-06-27T00:37:16.834+0000] {serialized_dag.py:177} DEBUG - Serialized DAG (example_bash_operator) is unchanged. Skipping writing to DB
[2025-06-27T00:37:16.835+0000] {logging_mixin.py:188} INFO - [2025-06-27T00:37:16.835+0000] {dag.py:3096} INFO - Sync 1 DAGs
[2025-06-27T00:37:16.864+0000] {logging_mixin.py:188} INFO - [2025-06-27T00:37:16.863+0000] {dag.py:3954} INFO - Setting next_dagrun for example_bash_operator to 2025-06-26 00:00:00+00:00, run_after=2025-06-27 00:00:00+00:00
[2025-06-27T00:37:16.904+0000] {processor.py:183} INFO - Processing /home/airflow/.local/lib/python3.10/site-packages/airflow/example_dags/example_bash_operator.py took 0.162 seconds
[2025-06-27T00:37:47.146+0000] {logging_mixin.py:188} INFO - [2025-06-27T00:37:47.144+0000] {settings.py:250} DEBUG - Setting up DB connection pool (PID 15487)
[2025-06-27T00:37:47.148+0000] {logging_mixin.py:188} INFO - [2025-06-27T00:37:47.148+0000] {settings.py:330} DEBUG - settings.prepare_engine_args(): Using pool settings. pool_size=5, max_overflow=10, pool_recycle=1800, pid=15487
[2025-06-27T00:37:47.161+0000] {processor.py:161} INFO - Started process (PID=15487) to work on /home/airflow/.local/lib/python3.10/site-packages/airflow/example_dags/example_bash_operator.py
[2025-06-27T00:37:47.163+0000] {processor.py:830} INFO - Processing file /home/airflow/.local/lib/python3.10/site-packages/airflow/example_dags/example_bash_operator.py for tasks to queue
[2025-06-27T00:37:47.165+0000] {logging_mixin.py:188} INFO - [2025-06-27T00:37:47.165+0000] {dagbag.py:545} INFO - Filling up the DagBag from /home/airflow/.local/lib/python3.10/site-packages/airflow/example_dags/example_bash_operator.py
[2025-06-27T00:37:47.168+0000] {logging_mixin.py:188} INFO - [2025-06-27T00:37:47.167+0000] {dagbag.py:337} DEBUG - Importing /home/airflow/.local/lib/python3.10/site-packages/airflow/example_dags/example_bash_operator.py
[2025-06-27T00:37:47.176+0000] {logging_mixin.py:188} INFO - [2025-06-27T00:37:47.176+0000] {GetText.py:65} DEBUG - /home/airflow/.local/lib/python3.10/site-packages/cron_descriptor/locale/en_US.mo Loaded
[2025-06-27T00:37:47.205+0000] {logging_mixin.py:188} INFO - [2025-06-27T00:37:47.202+0000] {dagbag.py:511} DEBUG - Loaded DAG <DAG: example_bash_operator>
[2025-06-27T00:37:47.207+0000] {logging_mixin.py:188} INFO - [2025-06-27T00:37:47.207+0000] {dagbag.py:511} DEBUG - Loaded DAG <DAG: example_bash_operator>
[2025-06-27T00:37:47.209+0000] {processor.py:840} INFO - DAG(s) 'example_bash_operator' retrieved from /home/airflow/.local/lib/python3.10/site-packages/airflow/example_dags/example_bash_operator.py
[2025-06-27T00:37:47.211+0000] {logging_mixin.py:188} INFO - [2025-06-27T00:37:47.211+0000] {dagbag.py:667} DEBUG - Running dagbag.sync_to_db with retries. Try 1 of 3
[2025-06-27T00:37:47.212+0000] {logging_mixin.py:188} INFO - [2025-06-27T00:37:47.212+0000] {dagbag.py:672} DEBUG - Calling the DAG.bulk_sync_to_db method
[2025-06-27T00:37:47.236+0000] {logging_mixin.py:188} INFO - [2025-06-27T00:37:47.236+0000] {serialized_dag.py:166} DEBUG - Checking if DAG (example_bash_operator) changed
[2025-06-27T00:37:47.242+0000] {logging_mixin.py:188} INFO - [2025-06-27T00:37:47.242+0000] {serialized_objects.py:624} DEBUG - Cast type <class 'airflow.models.param.ParamsDict'> to str in serialization.
[2025-06-27T00:37:47.246+0000] {logging_mixin.py:188} INFO - [2025-06-27T00:37:47.246+0000] {serialized_objects.py:624} DEBUG - Cast type <class 'airflow.models.param.ParamsDict'> to str in serialization.
[2025-06-27T00:37:47.248+0000] {logging_mixin.py:188} INFO - [2025-06-27T00:37:47.248+0000] {serialized_objects.py:624} DEBUG - Cast type <class 'airflow.models.param.ParamsDict'> to str in serialization.
[2025-06-27T00:37:47.251+0000] {logging_mixin.py:188} INFO - [2025-06-27T00:37:47.251+0000] {serialized_objects.py:624} DEBUG - Cast type <class 'airflow.models.param.ParamsDict'> to str in serialization.
[2025-06-27T00:37:47.255+0000] {logging_mixin.py:188} INFO - [2025-06-27T00:37:47.255+0000] {serialized_objects.py:624} DEBUG - Cast type <class 'airflow.models.param.ParamsDict'> to str in serialization.
[2025-06-27T00:37:47.258+0000] {logging_mixin.py:188} INFO - [2025-06-27T00:37:47.258+0000] {serialized_objects.py:624} DEBUG - Cast type <class 'airflow.models.param.ParamsDict'> to str in serialization.
[2025-06-27T00:37:47.260+0000] {logging_mixin.py:188} INFO - [2025-06-27T00:37:47.260+0000] {serialized_objects.py:624} DEBUG - Cast type <class 'airflow.models.param.ParamsDict'> to str in serialization.
[2025-06-27T00:37:47.270+0000] {logging_mixin.py:188} INFO - [2025-06-27T00:37:47.270+0000] {serialized_dag.py:177} DEBUG - Serialized DAG (example_bash_operator) is unchanged. Skipping writing to DB
[2025-06-27T00:37:47.271+0000] {logging_mixin.py:188} INFO - [2025-06-27T00:37:47.271+0000] {dag.py:3096} INFO - Sync 1 DAGs
[2025-06-27T00:37:47.308+0000] {logging_mixin.py:188} INFO - [2025-06-27T00:37:47.307+0000] {dag.py:3954} INFO - Setting next_dagrun for example_bash_operator to 2025-06-26 00:00:00+00:00, run_after=2025-06-27 00:00:00+00:00
[2025-06-27T00:37:47.372+0000] {processor.py:183} INFO - Processing /home/airflow/.local/lib/python3.10/site-packages/airflow/example_dags/example_bash_operator.py took 0.228 seconds
[2025-06-27T00:38:17.512+0000] {logging_mixin.py:188} INFO - [2025-06-27T00:38:17.511+0000] {settings.py:250} DEBUG - Setting up DB connection pool (PID 15550)
[2025-06-27T00:38:17.514+0000] {logging_mixin.py:188} INFO - [2025-06-27T00:38:17.514+0000] {settings.py:330} DEBUG - settings.prepare_engine_args(): Using pool settings. pool_size=5, max_overflow=10, pool_recycle=1800, pid=15550
[2025-06-27T00:38:17.527+0000] {processor.py:161} INFO - Started process (PID=15550) to work on /home/airflow/.local/lib/python3.10/site-packages/airflow/example_dags/example_bash_operator.py
[2025-06-27T00:38:17.529+0000] {processor.py:830} INFO - Processing file /home/airflow/.local/lib/python3.10/site-packages/airflow/example_dags/example_bash_operator.py for tasks to queue
[2025-06-27T00:38:17.530+0000] {logging_mixin.py:188} INFO - [2025-06-27T00:38:17.530+0000] {dagbag.py:545} INFO - Filling up the DagBag from /home/airflow/.local/lib/python3.10/site-packages/airflow/example_dags/example_bash_operator.py
[2025-06-27T00:38:17.533+0000] {logging_mixin.py:188} INFO - [2025-06-27T00:38:17.533+0000] {dagbag.py:337} DEBUG - Importing /home/airflow/.local/lib/python3.10/site-packages/airflow/example_dags/example_bash_operator.py
[2025-06-27T00:38:17.539+0000] {logging_mixin.py:188} INFO - [2025-06-27T00:38:17.539+0000] {GetText.py:65} DEBUG - /home/airflow/.local/lib/python3.10/site-packages/cron_descriptor/locale/en_US.mo Loaded
[2025-06-27T00:38:17.552+0000] {logging_mixin.py:188} INFO - [2025-06-27T00:38:17.551+0000] {dagbag.py:511} DEBUG - Loaded DAG <DAG: example_bash_operator>
[2025-06-27T00:38:17.554+0000] {logging_mixin.py:188} INFO - [2025-06-27T00:38:17.553+0000] {dagbag.py:511} DEBUG - Loaded DAG <DAG: example_bash_operator>
[2025-06-27T00:38:17.554+0000] {processor.py:840} INFO - DAG(s) 'example_bash_operator' retrieved from /home/airflow/.local/lib/python3.10/site-packages/airflow/example_dags/example_bash_operator.py
[2025-06-27T00:38:17.556+0000] {logging_mixin.py:188} INFO - [2025-06-27T00:38:17.556+0000] {dagbag.py:667} DEBUG - Running dagbag.sync_to_db with retries. Try 1 of 3
[2025-06-27T00:38:17.557+0000] {logging_mixin.py:188} INFO - [2025-06-27T00:38:17.557+0000] {dagbag.py:672} DEBUG - Calling the DAG.bulk_sync_to_db method
[2025-06-27T00:38:17.576+0000] {logging_mixin.py:188} INFO - [2025-06-27T00:38:17.576+0000] {serialized_dag.py:166} DEBUG - Checking if DAG (example_bash_operator) changed
[2025-06-27T00:38:17.582+0000] {logging_mixin.py:188} INFO - [2025-06-27T00:38:17.581+0000] {serialized_objects.py:624} DEBUG - Cast type <class 'airflow.models.param.ParamsDict'> to str in serialization.
[2025-06-27T00:38:17.585+0000] {logging_mixin.py:188} INFO - [2025-06-27T00:38:17.585+0000] {serialized_objects.py:624} DEBUG - Cast type <class 'airflow.models.param.ParamsDict'> to str in serialization.
[2025-06-27T00:38:17.587+0000] {logging_mixin.py:188} INFO - [2025-06-27T00:38:17.587+0000] {serialized_objects.py:624} DEBUG - Cast type <class 'airflow.models.param.ParamsDict'> to str in serialization.
[2025-06-27T00:38:17.589+0000] {logging_mixin.py:188} INFO - [2025-06-27T00:38:17.589+0000] {serialized_objects.py:624} DEBUG - Cast type <class 'airflow.models.param.ParamsDict'> to str in serialization.
[2025-06-27T00:38:17.592+0000] {logging_mixin.py:188} INFO - [2025-06-27T00:38:17.591+0000] {serialized_objects.py:624} DEBUG - Cast type <class 'airflow.models.param.ParamsDict'> to str in serialization.
[2025-06-27T00:38:17.594+0000] {logging_mixin.py:188} INFO - [2025-06-27T00:38:17.594+0000] {serialized_objects.py:624} DEBUG - Cast type <class 'airflow.models.param.ParamsDict'> to str in serialization.
[2025-06-27T00:38:17.597+0000] {logging_mixin.py:188} INFO - [2025-06-27T00:38:17.596+0000] {serialized_objects.py:624} DEBUG - Cast type <class 'airflow.models.param.ParamsDict'> to str in serialization.
[2025-06-27T00:38:17.604+0000] {logging_mixin.py:188} INFO - [2025-06-27T00:38:17.604+0000] {serialized_dag.py:177} DEBUG - Serialized DAG (example_bash_operator) is unchanged. Skipping writing to DB
[2025-06-27T00:38:17.606+0000] {logging_mixin.py:188} INFO - [2025-06-27T00:38:17.605+0000] {dag.py:3096} INFO - Sync 1 DAGs
[2025-06-27T00:38:17.643+0000] {logging_mixin.py:188} INFO - [2025-06-27T00:38:17.643+0000] {dag.py:3954} INFO - Setting next_dagrun for example_bash_operator to 2025-06-26 00:00:00+00:00, run_after=2025-06-27 00:00:00+00:00
[2025-06-27T00:38:17.674+0000] {processor.py:183} INFO - Processing /home/airflow/.local/lib/python3.10/site-packages/airflow/example_dags/example_bash_operator.py took 0.163 seconds
[2025-06-27T00:38:47.825+0000] {logging_mixin.py:188} INFO - [2025-06-27T00:38:47.823+0000] {settings.py:250} DEBUG - Setting up DB connection pool (PID 15614)
[2025-06-27T00:38:47.827+0000] {logging_mixin.py:188} INFO - [2025-06-27T00:38:47.827+0000] {settings.py:330} DEBUG - settings.prepare_engine_args(): Using pool settings. pool_size=5, max_overflow=10, pool_recycle=1800, pid=15614
[2025-06-27T00:38:47.844+0000] {processor.py:161} INFO - Started process (PID=15614) to work on /home/airflow/.local/lib/python3.10/site-packages/airflow/example_dags/example_bash_operator.py
[2025-06-27T00:38:47.846+0000] {processor.py:830} INFO - Processing file /home/airflow/.local/lib/python3.10/site-packages/airflow/example_dags/example_bash_operator.py for tasks to queue
[2025-06-27T00:38:47.847+0000] {logging_mixin.py:188} INFO - [2025-06-27T00:38:47.847+0000] {dagbag.py:545} INFO - Filling up the DagBag from /home/airflow/.local/lib/python3.10/site-packages/airflow/example_dags/example_bash_operator.py
[2025-06-27T00:38:47.850+0000] {logging_mixin.py:188} INFO - [2025-06-27T00:38:47.850+0000] {dagbag.py:337} DEBUG - Importing /home/airflow/.local/lib/python3.10/site-packages/airflow/example_dags/example_bash_operator.py
[2025-06-27T00:38:47.856+0000] {logging_mixin.py:188} INFO - [2025-06-27T00:38:47.856+0000] {GetText.py:65} DEBUG - /home/airflow/.local/lib/python3.10/site-packages/cron_descriptor/locale/en_US.mo Loaded
[2025-06-27T00:38:47.880+0000] {logging_mixin.py:188} INFO - [2025-06-27T00:38:47.876+0000] {dagbag.py:511} DEBUG - Loaded DAG <DAG: example_bash_operator>
[2025-06-27T00:38:47.883+0000] {logging_mixin.py:188} INFO - [2025-06-27T00:38:47.882+0000] {dagbag.py:511} DEBUG - Loaded DAG <DAG: example_bash_operator>
[2025-06-27T00:38:47.884+0000] {processor.py:840} INFO - DAG(s) 'example_bash_operator' retrieved from /home/airflow/.local/lib/python3.10/site-packages/airflow/example_dags/example_bash_operator.py
[2025-06-27T00:38:47.886+0000] {logging_mixin.py:188} INFO - [2025-06-27T00:38:47.886+0000] {dagbag.py:667} DEBUG - Running dagbag.sync_to_db with retries. Try 1 of 3
[2025-06-27T00:38:47.888+0000] {logging_mixin.py:188} INFO - [2025-06-27T00:38:47.887+0000] {dagbag.py:672} DEBUG - Calling the DAG.bulk_sync_to_db method
[2025-06-27T00:38:47.910+0000] {logging_mixin.py:188} INFO - [2025-06-27T00:38:47.910+0000] {serialized_dag.py:166} DEBUG - Checking if DAG (example_bash_operator) changed
[2025-06-27T00:38:47.917+0000] {logging_mixin.py:188} INFO - [2025-06-27T00:38:47.916+0000] {serialized_objects.py:624} DEBUG - Cast type <class 'airflow.models.param.ParamsDict'> to str in serialization.
[2025-06-27T00:38:47.922+0000] {logging_mixin.py:188} INFO - [2025-06-27T00:38:47.921+0000] {serialized_objects.py:624} DEBUG - Cast type <class 'airflow.models.param.ParamsDict'> to str in serialization.
[2025-06-27T00:38:47.924+0000] {logging_mixin.py:188} INFO - [2025-06-27T00:38:47.924+0000] {serialized_objects.py:624} DEBUG - Cast type <class 'airflow.models.param.ParamsDict'> to str in serialization.
[2025-06-27T00:38:47.927+0000] {logging_mixin.py:188} INFO - [2025-06-27T00:38:47.927+0000] {serialized_objects.py:624} DEBUG - Cast type <class 'airflow.models.param.ParamsDict'> to str in serialization.
[2025-06-27T00:38:47.931+0000] {logging_mixin.py:188} INFO - [2025-06-27T00:38:47.931+0000] {serialized_objects.py:624} DEBUG - Cast type <class 'airflow.models.param.ParamsDict'> to str in serialization.
[2025-06-27T00:38:47.935+0000] {logging_mixin.py:188} INFO - [2025-06-27T00:38:47.934+0000] {serialized_objects.py:624} DEBUG - Cast type <class 'airflow.models.param.ParamsDict'> to str in serialization.
[2025-06-27T00:38:47.939+0000] {logging_mixin.py:188} INFO - [2025-06-27T00:38:47.938+0000] {serialized_objects.py:624} DEBUG - Cast type <class 'airflow.models.param.ParamsDict'> to str in serialization.
[2025-06-27T00:38:47.948+0000] {logging_mixin.py:188} INFO - [2025-06-27T00:38:47.948+0000] {serialized_dag.py:177} DEBUG - Serialized DAG (example_bash_operator) is unchanged. Skipping writing to DB
[2025-06-27T00:38:47.949+0000] {logging_mixin.py:188} INFO - [2025-06-27T00:38:47.949+0000] {dag.py:3096} INFO - Sync 1 DAGs
[2025-06-27T00:38:47.985+0000] {logging_mixin.py:188} INFO - [2025-06-27T00:38:47.985+0000] {dag.py:3954} INFO - Setting next_dagrun for example_bash_operator to 2025-06-26 00:00:00+00:00, run_after=2025-06-27 00:00:00+00:00
[2025-06-27T00:38:48.017+0000] {processor.py:183} INFO - Processing /home/airflow/.local/lib/python3.10/site-packages/airflow/example_dags/example_bash_operator.py took 0.193 seconds
[2025-06-27T00:39:18.566+0000] {logging_mixin.py:188} INFO - [2025-06-27T00:39:18.562+0000] {settings.py:250} DEBUG - Setting up DB connection pool (PID 15677)
[2025-06-27T00:39:18.570+0000] {logging_mixin.py:188} INFO - [2025-06-27T00:39:18.569+0000] {settings.py:330} DEBUG - settings.prepare_engine_args(): Using pool settings. pool_size=5, max_overflow=10, pool_recycle=1800, pid=15677
[2025-06-27T00:39:18.587+0000] {processor.py:161} INFO - Started process (PID=15677) to work on /home/airflow/.local/lib/python3.10/site-packages/airflow/example_dags/example_bash_operator.py
[2025-06-27T00:39:18.589+0000] {processor.py:830} INFO - Processing file /home/airflow/.local/lib/python3.10/site-packages/airflow/example_dags/example_bash_operator.py for tasks to queue
[2025-06-27T00:39:18.590+0000] {logging_mixin.py:188} INFO - [2025-06-27T00:39:18.590+0000] {dagbag.py:545} INFO - Filling up the DagBag from /home/airflow/.local/lib/python3.10/site-packages/airflow/example_dags/example_bash_operator.py
[2025-06-27T00:39:18.593+0000] {logging_mixin.py:188} INFO - [2025-06-27T00:39:18.593+0000] {dagbag.py:337} DEBUG - Importing /home/airflow/.local/lib/python3.10/site-packages/airflow/example_dags/example_bash_operator.py
[2025-06-27T00:39:18.599+0000] {logging_mixin.py:188} INFO - [2025-06-27T00:39:18.598+0000] {GetText.py:65} DEBUG - /home/airflow/.local/lib/python3.10/site-packages/cron_descriptor/locale/en_US.mo Loaded
[2025-06-27T00:39:18.614+0000] {logging_mixin.py:188} INFO - [2025-06-27T00:39:18.613+0000] {dagbag.py:511} DEBUG - Loaded DAG <DAG: example_bash_operator>
[2025-06-27T00:39:18.616+0000] {logging_mixin.py:188} INFO - [2025-06-27T00:39:18.616+0000] {dagbag.py:511} DEBUG - Loaded DAG <DAG: example_bash_operator>
[2025-06-27T00:39:18.617+0000] {processor.py:840} INFO - DAG(s) 'example_bash_operator' retrieved from /home/airflow/.local/lib/python3.10/site-packages/airflow/example_dags/example_bash_operator.py
[2025-06-27T00:39:18.619+0000] {logging_mixin.py:188} INFO - [2025-06-27T00:39:18.618+0000] {dagbag.py:667} DEBUG - Running dagbag.sync_to_db with retries. Try 1 of 3
[2025-06-27T00:39:18.620+0000] {logging_mixin.py:188} INFO - [2025-06-27T00:39:18.619+0000] {dagbag.py:672} DEBUG - Calling the DAG.bulk_sync_to_db method
[2025-06-27T00:39:18.641+0000] {logging_mixin.py:188} INFO - [2025-06-27T00:39:18.640+0000] {serialized_dag.py:166} DEBUG - Checking if DAG (example_bash_operator) changed
[2025-06-27T00:39:18.646+0000] {logging_mixin.py:188} INFO - [2025-06-27T00:39:18.645+0000] {serialized_objects.py:624} DEBUG - Cast type <class 'airflow.models.param.ParamsDict'> to str in serialization.
[2025-06-27T00:39:18.649+0000] {logging_mixin.py:188} INFO - [2025-06-27T00:39:18.648+0000] {serialized_objects.py:624} DEBUG - Cast type <class 'airflow.models.param.ParamsDict'> to str in serialization.
[2025-06-27T00:39:18.652+0000] {logging_mixin.py:188} INFO - [2025-06-27T00:39:18.652+0000] {serialized_objects.py:624} DEBUG - Cast type <class 'airflow.models.param.ParamsDict'> to str in serialization.
[2025-06-27T00:39:18.654+0000] {logging_mixin.py:188} INFO - [2025-06-27T00:39:18.654+0000] {serialized_objects.py:624} DEBUG - Cast type <class 'airflow.models.param.ParamsDict'> to str in serialization.
[2025-06-27T00:39:18.657+0000] {logging_mixin.py:188} INFO - [2025-06-27T00:39:18.657+0000] {serialized_objects.py:624} DEBUG - Cast type <class 'airflow.models.param.ParamsDict'> to str in serialization.
[2025-06-27T00:39:18.660+0000] {logging_mixin.py:188} INFO - [2025-06-27T00:39:18.660+0000] {serialized_objects.py:624} DEBUG - Cast type <class 'airflow.models.param.ParamsDict'> to str in serialization.
[2025-06-27T00:39:18.663+0000] {logging_mixin.py:188} INFO - [2025-06-27T00:39:18.663+0000] {serialized_objects.py:624} DEBUG - Cast type <class 'airflow.models.param.ParamsDict'> to str in serialization.
[2025-06-27T00:39:18.673+0000] {logging_mixin.py:188} INFO - [2025-06-27T00:39:18.673+0000] {serialized_dag.py:177} DEBUG - Serialized DAG (example_bash_operator) is unchanged. Skipping writing to DB
[2025-06-27T00:39:18.674+0000] {logging_mixin.py:188} INFO - [2025-06-27T00:39:18.674+0000] {dag.py:3096} INFO - Sync 1 DAGs
[2025-06-27T00:39:18.705+0000] {logging_mixin.py:188} INFO - [2025-06-27T00:39:18.705+0000] {dag.py:3954} INFO - Setting next_dagrun for example_bash_operator to 2025-06-26 00:00:00+00:00, run_after=2025-06-27 00:00:00+00:00
[2025-06-27T00:39:18.734+0000] {processor.py:183} INFO - Processing /home/airflow/.local/lib/python3.10/site-packages/airflow/example_dags/example_bash_operator.py took 0.172 seconds
[2025-06-27T00:39:48.959+0000] {logging_mixin.py:188} INFO - [2025-06-27T00:39:48.958+0000] {settings.py:250} DEBUG - Setting up DB connection pool (PID 15740)
[2025-06-27T00:39:48.962+0000] {logging_mixin.py:188} INFO - [2025-06-27T00:39:48.961+0000] {settings.py:330} DEBUG - settings.prepare_engine_args(): Using pool settings. pool_size=5, max_overflow=10, pool_recycle=1800, pid=15740
[2025-06-27T00:39:48.973+0000] {processor.py:161} INFO - Started process (PID=15740) to work on /home/airflow/.local/lib/python3.10/site-packages/airflow/example_dags/example_bash_operator.py
[2025-06-27T00:39:48.974+0000] {processor.py:830} INFO - Processing file /home/airflow/.local/lib/python3.10/site-packages/airflow/example_dags/example_bash_operator.py for tasks to queue
[2025-06-27T00:39:48.976+0000] {logging_mixin.py:188} INFO - [2025-06-27T00:39:48.975+0000] {dagbag.py:545} INFO - Filling up the DagBag from /home/airflow/.local/lib/python3.10/site-packages/airflow/example_dags/example_bash_operator.py
[2025-06-27T00:39:48.978+0000] {logging_mixin.py:188} INFO - [2025-06-27T00:39:48.978+0000] {dagbag.py:337} DEBUG - Importing /home/airflow/.local/lib/python3.10/site-packages/airflow/example_dags/example_bash_operator.py
[2025-06-27T00:39:48.984+0000] {logging_mixin.py:188} INFO - [2025-06-27T00:39:48.984+0000] {GetText.py:65} DEBUG - /home/airflow/.local/lib/python3.10/site-packages/cron_descriptor/locale/en_US.mo Loaded
[2025-06-27T00:39:48.997+0000] {logging_mixin.py:188} INFO - [2025-06-27T00:39:48.996+0000] {dagbag.py:511} DEBUG - Loaded DAG <DAG: example_bash_operator>
[2025-06-27T00:39:48.999+0000] {logging_mixin.py:188} INFO - [2025-06-27T00:39:48.999+0000] {dagbag.py:511} DEBUG - Loaded DAG <DAG: example_bash_operator>
[2025-06-27T00:39:49.000+0000] {processor.py:840} INFO - DAG(s) 'example_bash_operator' retrieved from /home/airflow/.local/lib/python3.10/site-packages/airflow/example_dags/example_bash_operator.py
[2025-06-27T00:39:49.003+0000] {logging_mixin.py:188} INFO - [2025-06-27T00:39:49.003+0000] {dagbag.py:667} DEBUG - Running dagbag.sync_to_db with retries. Try 1 of 3
[2025-06-27T00:39:49.004+0000] {logging_mixin.py:188} INFO - [2025-06-27T00:39:49.003+0000] {dagbag.py:672} DEBUG - Calling the DAG.bulk_sync_to_db method
[2025-06-27T00:39:49.025+0000] {logging_mixin.py:188} INFO - [2025-06-27T00:39:49.024+0000] {serialized_dag.py:166} DEBUG - Checking if DAG (example_bash_operator) changed
[2025-06-27T00:39:49.031+0000] {logging_mixin.py:188} INFO - [2025-06-27T00:39:49.030+0000] {serialized_objects.py:624} DEBUG - Cast type <class 'airflow.models.param.ParamsDict'> to str in serialization.
[2025-06-27T00:39:49.034+0000] {logging_mixin.py:188} INFO - [2025-06-27T00:39:49.034+0000] {serialized_objects.py:624} DEBUG - Cast type <class 'airflow.models.param.ParamsDict'> to str in serialization.
[2025-06-27T00:39:49.037+0000] {logging_mixin.py:188} INFO - [2025-06-27T00:39:49.037+0000] {serialized_objects.py:624} DEBUG - Cast type <class 'airflow.models.param.ParamsDict'> to str in serialization.
[2025-06-27T00:39:49.040+0000] {logging_mixin.py:188} INFO - [2025-06-27T00:39:49.040+0000] {serialized_objects.py:624} DEBUG - Cast type <class 'airflow.models.param.ParamsDict'> to str in serialization.
[2025-06-27T00:39:49.042+0000] {logging_mixin.py:188} INFO - [2025-06-27T00:39:49.042+0000] {serialized_objects.py:624} DEBUG - Cast type <class 'airflow.models.param.ParamsDict'> to str in serialization.
[2025-06-27T00:39:49.046+0000] {logging_mixin.py:188} INFO - [2025-06-27T00:39:49.046+0000] {serialized_objects.py:624} DEBUG - Cast type <class 'airflow.models.param.ParamsDict'> to str in serialization.
[2025-06-27T00:39:49.048+0000] {logging_mixin.py:188} INFO - [2025-06-27T00:39:49.048+0000] {serialized_objects.py:624} DEBUG - Cast type <class 'airflow.models.param.ParamsDict'> to str in serialization.
[2025-06-27T00:39:49.058+0000] {logging_mixin.py:188} INFO - [2025-06-27T00:39:49.058+0000] {serialized_dag.py:177} DEBUG - Serialized DAG (example_bash_operator) is unchanged. Skipping writing to DB
[2025-06-27T00:39:49.059+0000] {logging_mixin.py:188} INFO - [2025-06-27T00:39:49.059+0000] {dag.py:3096} INFO - Sync 1 DAGs
[2025-06-27T00:39:49.089+0000] {logging_mixin.py:188} INFO - [2025-06-27T00:39:49.089+0000] {dag.py:3954} INFO - Setting next_dagrun for example_bash_operator to 2025-06-26 00:00:00+00:00, run_after=2025-06-27 00:00:00+00:00
[2025-06-27T00:39:49.122+0000] {processor.py:183} INFO - Processing /home/airflow/.local/lib/python3.10/site-packages/airflow/example_dags/example_bash_operator.py took 0.164 seconds
[2025-06-27T00:40:19.452+0000] {logging_mixin.py:188} INFO - [2025-06-27T00:40:19.450+0000] {settings.py:250} DEBUG - Setting up DB connection pool (PID 15803)
[2025-06-27T00:40:19.454+0000] {logging_mixin.py:188} INFO - [2025-06-27T00:40:19.454+0000] {settings.py:330} DEBUG - settings.prepare_engine_args(): Using pool settings. pool_size=5, max_overflow=10, pool_recycle=1800, pid=15803
[2025-06-27T00:40:19.470+0000] {processor.py:161} INFO - Started process (PID=15803) to work on /home/airflow/.local/lib/python3.10/site-packages/airflow/example_dags/example_bash_operator.py
[2025-06-27T00:40:19.472+0000] {processor.py:830} INFO - Processing file /home/airflow/.local/lib/python3.10/site-packages/airflow/example_dags/example_bash_operator.py for tasks to queue
[2025-06-27T00:40:19.474+0000] {logging_mixin.py:188} INFO - [2025-06-27T00:40:19.473+0000] {dagbag.py:545} INFO - Filling up the DagBag from /home/airflow/.local/lib/python3.10/site-packages/airflow/example_dags/example_bash_operator.py
[2025-06-27T00:40:19.478+0000] {logging_mixin.py:188} INFO - [2025-06-27T00:40:19.478+0000] {dagbag.py:337} DEBUG - Importing /home/airflow/.local/lib/python3.10/site-packages/airflow/example_dags/example_bash_operator.py
[2025-06-27T00:40:19.485+0000] {logging_mixin.py:188} INFO - [2025-06-27T00:40:19.484+0000] {GetText.py:65} DEBUG - /home/airflow/.local/lib/python3.10/site-packages/cron_descriptor/locale/en_US.mo Loaded
[2025-06-27T00:40:19.506+0000] {logging_mixin.py:188} INFO - [2025-06-27T00:40:19.503+0000] {dagbag.py:511} DEBUG - Loaded DAG <DAG: example_bash_operator>
[2025-06-27T00:40:19.509+0000] {logging_mixin.py:188} INFO - [2025-06-27T00:40:19.509+0000] {dagbag.py:511} DEBUG - Loaded DAG <DAG: example_bash_operator>
[2025-06-27T00:40:19.511+0000] {processor.py:840} INFO - DAG(s) 'example_bash_operator' retrieved from /home/airflow/.local/lib/python3.10/site-packages/airflow/example_dags/example_bash_operator.py
[2025-06-27T00:40:19.514+0000] {logging_mixin.py:188} INFO - [2025-06-27T00:40:19.514+0000] {dagbag.py:667} DEBUG - Running dagbag.sync_to_db with retries. Try 1 of 3
[2025-06-27T00:40:19.515+0000] {logging_mixin.py:188} INFO - [2025-06-27T00:40:19.514+0000] {dagbag.py:672} DEBUG - Calling the DAG.bulk_sync_to_db method
[2025-06-27T00:40:19.540+0000] {logging_mixin.py:188} INFO - [2025-06-27T00:40:19.539+0000] {serialized_dag.py:166} DEBUG - Checking if DAG (example_bash_operator) changed
[2025-06-27T00:40:19.546+0000] {logging_mixin.py:188} INFO - [2025-06-27T00:40:19.546+0000] {serialized_objects.py:624} DEBUG - Cast type <class 'airflow.models.param.ParamsDict'> to str in serialization.
[2025-06-27T00:40:19.550+0000] {logging_mixin.py:188} INFO - [2025-06-27T00:40:19.550+0000] {serialized_objects.py:624} DEBUG - Cast type <class 'airflow.models.param.ParamsDict'> to str in serialization.
[2025-06-27T00:40:19.558+0000] {logging_mixin.py:188} INFO - [2025-06-27T00:40:19.557+0000] {serialized_objects.py:624} DEBUG - Cast type <class 'airflow.models.param.ParamsDict'> to str in serialization.
[2025-06-27T00:40:19.562+0000] {logging_mixin.py:188} INFO - [2025-06-27T00:40:19.561+0000] {serialized_objects.py:624} DEBUG - Cast type <class 'airflow.models.param.ParamsDict'> to str in serialization.
[2025-06-27T00:40:19.568+0000] {logging_mixin.py:188} INFO - [2025-06-27T00:40:19.567+0000] {serialized_objects.py:624} DEBUG - Cast type <class 'airflow.models.param.ParamsDict'> to str in serialization.
[2025-06-27T00:40:19.572+0000] {logging_mixin.py:188} INFO - [2025-06-27T00:40:19.571+0000] {serialized_objects.py:624} DEBUG - Cast type <class 'airflow.models.param.ParamsDict'> to str in serialization.
[2025-06-27T00:40:19.575+0000] {logging_mixin.py:188} INFO - [2025-06-27T00:40:19.575+0000] {serialized_objects.py:624} DEBUG - Cast type <class 'airflow.models.param.ParamsDict'> to str in serialization.
[2025-06-27T00:40:19.588+0000] {logging_mixin.py:188} INFO - [2025-06-27T00:40:19.587+0000] {serialized_dag.py:177} DEBUG - Serialized DAG (example_bash_operator) is unchanged. Skipping writing to DB
[2025-06-27T00:40:19.589+0000] {logging_mixin.py:188} INFO - [2025-06-27T00:40:19.588+0000] {dag.py:3096} INFO - Sync 1 DAGs
[2025-06-27T00:40:19.630+0000] {logging_mixin.py:188} INFO - [2025-06-27T00:40:19.630+0000] {dag.py:3954} INFO - Setting next_dagrun for example_bash_operator to 2025-06-26 00:00:00+00:00, run_after=2025-06-27 00:00:00+00:00
[2025-06-27T00:40:19.658+0000] {processor.py:183} INFO - Processing /home/airflow/.local/lib/python3.10/site-packages/airflow/example_dags/example_bash_operator.py took 0.209 seconds
[2025-06-27T00:40:49.863+0000] {logging_mixin.py:188} INFO - [2025-06-27T00:40:49.861+0000] {settings.py:250} DEBUG - Setting up DB connection pool (PID 15865)
[2025-06-27T00:40:49.865+0000] {logging_mixin.py:188} INFO - [2025-06-27T00:40:49.865+0000] {settings.py:330} DEBUG - settings.prepare_engine_args(): Using pool settings. pool_size=5, max_overflow=10, pool_recycle=1800, pid=15865
[2025-06-27T00:40:49.879+0000] {processor.py:161} INFO - Started process (PID=15865) to work on /home/airflow/.local/lib/python3.10/site-packages/airflow/example_dags/example_bash_operator.py
[2025-06-27T00:40:49.880+0000] {processor.py:830} INFO - Processing file /home/airflow/.local/lib/python3.10/site-packages/airflow/example_dags/example_bash_operator.py for tasks to queue
[2025-06-27T00:40:49.882+0000] {logging_mixin.py:188} INFO - [2025-06-27T00:40:49.882+0000] {dagbag.py:545} INFO - Filling up the DagBag from /home/airflow/.local/lib/python3.10/site-packages/airflow/example_dags/example_bash_operator.py
[2025-06-27T00:40:49.885+0000] {logging_mixin.py:188} INFO - [2025-06-27T00:40:49.884+0000] {dagbag.py:337} DEBUG - Importing /home/airflow/.local/lib/python3.10/site-packages/airflow/example_dags/example_bash_operator.py
[2025-06-27T00:40:49.890+0000] {logging_mixin.py:188} INFO - [2025-06-27T00:40:49.890+0000] {GetText.py:65} DEBUG - /home/airflow/.local/lib/python3.10/site-packages/cron_descriptor/locale/en_US.mo Loaded
[2025-06-27T00:40:49.903+0000] {logging_mixin.py:188} INFO - [2025-06-27T00:40:49.902+0000] {dagbag.py:511} DEBUG - Loaded DAG <DAG: example_bash_operator>
[2025-06-27T00:40:49.905+0000] {logging_mixin.py:188} INFO - [2025-06-27T00:40:49.904+0000] {dagbag.py:511} DEBUG - Loaded DAG <DAG: example_bash_operator>
[2025-06-27T00:40:49.905+0000] {processor.py:840} INFO - DAG(s) 'example_bash_operator' retrieved from /home/airflow/.local/lib/python3.10/site-packages/airflow/example_dags/example_bash_operator.py
[2025-06-27T00:40:49.908+0000] {logging_mixin.py:188} INFO - [2025-06-27T00:40:49.907+0000] {dagbag.py:667} DEBUG - Running dagbag.sync_to_db with retries. Try 1 of 3
[2025-06-27T00:40:49.909+0000] {logging_mixin.py:188} INFO - [2025-06-27T00:40:49.908+0000] {dagbag.py:672} DEBUG - Calling the DAG.bulk_sync_to_db method
[2025-06-27T00:40:49.928+0000] {logging_mixin.py:188} INFO - [2025-06-27T00:40:49.927+0000] {serialized_dag.py:166} DEBUG - Checking if DAG (example_bash_operator) changed
[2025-06-27T00:40:49.933+0000] {logging_mixin.py:188} INFO - [2025-06-27T00:40:49.933+0000] {serialized_objects.py:624} DEBUG - Cast type <class 'airflow.models.param.ParamsDict'> to str in serialization.
[2025-06-27T00:40:49.938+0000] {logging_mixin.py:188} INFO - [2025-06-27T00:40:49.937+0000] {serialized_objects.py:624} DEBUG - Cast type <class 'airflow.models.param.ParamsDict'> to str in serialization.
[2025-06-27T00:40:49.941+0000] {logging_mixin.py:188} INFO - [2025-06-27T00:40:49.940+0000] {serialized_objects.py:624} DEBUG - Cast type <class 'airflow.models.param.ParamsDict'> to str in serialization.
[2025-06-27T00:40:49.943+0000] {logging_mixin.py:188} INFO - [2025-06-27T00:40:49.943+0000] {serialized_objects.py:624} DEBUG - Cast type <class 'airflow.models.param.ParamsDict'> to str in serialization.
[2025-06-27T00:40:49.945+0000] {logging_mixin.py:188} INFO - [2025-06-27T00:40:49.945+0000] {serialized_objects.py:624} DEBUG - Cast type <class 'airflow.models.param.ParamsDict'> to str in serialization.
[2025-06-27T00:40:49.948+0000] {logging_mixin.py:188} INFO - [2025-06-27T00:40:49.948+0000] {serialized_objects.py:624} DEBUG - Cast type <class 'airflow.models.param.ParamsDict'> to str in serialization.
[2025-06-27T00:40:49.950+0000] {logging_mixin.py:188} INFO - [2025-06-27T00:40:49.950+0000] {serialized_objects.py:624} DEBUG - Cast type <class 'airflow.models.param.ParamsDict'> to str in serialization.
[2025-06-27T00:40:49.959+0000] {logging_mixin.py:188} INFO - [2025-06-27T00:40:49.959+0000] {serialized_dag.py:177} DEBUG - Serialized DAG (example_bash_operator) is unchanged. Skipping writing to DB
[2025-06-27T00:40:49.960+0000] {logging_mixin.py:188} INFO - [2025-06-27T00:40:49.960+0000] {dag.py:3096} INFO - Sync 1 DAGs
[2025-06-27T00:40:49.999+0000] {logging_mixin.py:188} INFO - [2025-06-27T00:40:49.998+0000] {dag.py:3954} INFO - Setting next_dagrun for example_bash_operator to 2025-06-26 00:00:00+00:00, run_after=2025-06-27 00:00:00+00:00
[2025-06-27T00:40:50.031+0000] {processor.py:183} INFO - Processing /home/airflow/.local/lib/python3.10/site-packages/airflow/example_dags/example_bash_operator.py took 0.170 seconds
[2025-06-27T00:41:20.812+0000] {logging_mixin.py:188} INFO - [2025-06-27T00:41:20.811+0000] {settings.py:250} DEBUG - Setting up DB connection pool (PID 15928)
[2025-06-27T00:41:20.814+0000] {logging_mixin.py:188} INFO - [2025-06-27T00:41:20.813+0000] {settings.py:330} DEBUG - settings.prepare_engine_args(): Using pool settings. pool_size=5, max_overflow=10, pool_recycle=1800, pid=15928
[2025-06-27T00:41:20.824+0000] {processor.py:161} INFO - Started process (PID=15928) to work on /home/airflow/.local/lib/python3.10/site-packages/airflow/example_dags/example_bash_operator.py
[2025-06-27T00:41:20.825+0000] {processor.py:830} INFO - Processing file /home/airflow/.local/lib/python3.10/site-packages/airflow/example_dags/example_bash_operator.py for tasks to queue
[2025-06-27T00:41:20.827+0000] {logging_mixin.py:188} INFO - [2025-06-27T00:41:20.827+0000] {dagbag.py:545} INFO - Filling up the DagBag from /home/airflow/.local/lib/python3.10/site-packages/airflow/example_dags/example_bash_operator.py
[2025-06-27T00:41:20.830+0000] {logging_mixin.py:188} INFO - [2025-06-27T00:41:20.829+0000] {dagbag.py:337} DEBUG - Importing /home/airflow/.local/lib/python3.10/site-packages/airflow/example_dags/example_bash_operator.py
[2025-06-27T00:41:20.834+0000] {logging_mixin.py:188} INFO - [2025-06-27T00:41:20.834+0000] {GetText.py:65} DEBUG - /home/airflow/.local/lib/python3.10/site-packages/cron_descriptor/locale/en_US.mo Loaded
[2025-06-27T00:41:20.848+0000] {logging_mixin.py:188} INFO - [2025-06-27T00:41:20.846+0000] {dagbag.py:511} DEBUG - Loaded DAG <DAG: example_bash_operator>
[2025-06-27T00:41:20.850+0000] {logging_mixin.py:188} INFO - [2025-06-27T00:41:20.850+0000] {dagbag.py:511} DEBUG - Loaded DAG <DAG: example_bash_operator>
[2025-06-27T00:41:20.851+0000] {processor.py:840} INFO - DAG(s) 'example_bash_operator' retrieved from /home/airflow/.local/lib/python3.10/site-packages/airflow/example_dags/example_bash_operator.py
[2025-06-27T00:41:20.854+0000] {logging_mixin.py:188} INFO - [2025-06-27T00:41:20.854+0000] {dagbag.py:667} DEBUG - Running dagbag.sync_to_db with retries. Try 1 of 3
[2025-06-27T00:41:20.855+0000] {logging_mixin.py:188} INFO - [2025-06-27T00:41:20.855+0000] {dagbag.py:672} DEBUG - Calling the DAG.bulk_sync_to_db method
[2025-06-27T00:41:20.878+0000] {logging_mixin.py:188} INFO - [2025-06-27T00:41:20.877+0000] {serialized_dag.py:166} DEBUG - Checking if DAG (example_bash_operator) changed
[2025-06-27T00:41:20.884+0000] {logging_mixin.py:188} INFO - [2025-06-27T00:41:20.883+0000] {serialized_objects.py:624} DEBUG - Cast type <class 'airflow.models.param.ParamsDict'> to str in serialization.
[2025-06-27T00:41:20.887+0000] {logging_mixin.py:188} INFO - [2025-06-27T00:41:20.887+0000] {serialized_objects.py:624} DEBUG - Cast type <class 'airflow.models.param.ParamsDict'> to str in serialization.
[2025-06-27T00:41:20.889+0000] {logging_mixin.py:188} INFO - [2025-06-27T00:41:20.889+0000] {serialized_objects.py:624} DEBUG - Cast type <class 'airflow.models.param.ParamsDict'> to str in serialization.
[2025-06-27T00:41:20.892+0000] {logging_mixin.py:188} INFO - [2025-06-27T00:41:20.892+0000] {serialized_objects.py:624} DEBUG - Cast type <class 'airflow.models.param.ParamsDict'> to str in serialization.
[2025-06-27T00:41:20.896+0000] {logging_mixin.py:188} INFO - [2025-06-27T00:41:20.896+0000] {serialized_objects.py:624} DEBUG - Cast type <class 'airflow.models.param.ParamsDict'> to str in serialization.
[2025-06-27T00:41:20.900+0000] {logging_mixin.py:188} INFO - [2025-06-27T00:41:20.899+0000] {serialized_objects.py:624} DEBUG - Cast type <class 'airflow.models.param.ParamsDict'> to str in serialization.
[2025-06-27T00:41:20.902+0000] {logging_mixin.py:188} INFO - [2025-06-27T00:41:20.902+0000] {serialized_objects.py:624} DEBUG - Cast type <class 'airflow.models.param.ParamsDict'> to str in serialization.
[2025-06-27T00:41:20.911+0000] {logging_mixin.py:188} INFO - [2025-06-27T00:41:20.911+0000] {serialized_dag.py:177} DEBUG - Serialized DAG (example_bash_operator) is unchanged. Skipping writing to DB
[2025-06-27T00:41:20.912+0000] {logging_mixin.py:188} INFO - [2025-06-27T00:41:20.912+0000] {dag.py:3096} INFO - Sync 1 DAGs
[2025-06-27T00:41:20.943+0000] {logging_mixin.py:188} INFO - [2025-06-27T00:41:20.943+0000] {dag.py:3954} INFO - Setting next_dagrun for example_bash_operator to 2025-06-26 00:00:00+00:00, run_after=2025-06-27 00:00:00+00:00
[2025-06-27T00:41:20.976+0000] {processor.py:183} INFO - Processing /home/airflow/.local/lib/python3.10/site-packages/airflow/example_dags/example_bash_operator.py took 0.166 seconds
[2025-06-27T00:41:51.391+0000] {logging_mixin.py:188} INFO - [2025-06-27T00:41:51.390+0000] {settings.py:250} DEBUG - Setting up DB connection pool (PID 15991)
[2025-06-27T00:41:51.393+0000] {logging_mixin.py:188} INFO - [2025-06-27T00:41:51.393+0000] {settings.py:330} DEBUG - settings.prepare_engine_args(): Using pool settings. pool_size=5, max_overflow=10, pool_recycle=1800, pid=15991
[2025-06-27T00:41:51.403+0000] {processor.py:161} INFO - Started process (PID=15991) to work on /home/airflow/.local/lib/python3.10/site-packages/airflow/example_dags/example_bash_operator.py
[2025-06-27T00:41:51.404+0000] {processor.py:830} INFO - Processing file /home/airflow/.local/lib/python3.10/site-packages/airflow/example_dags/example_bash_operator.py for tasks to queue
[2025-06-27T00:41:51.405+0000] {logging_mixin.py:188} INFO - [2025-06-27T00:41:51.405+0000] {dagbag.py:545} INFO - Filling up the DagBag from /home/airflow/.local/lib/python3.10/site-packages/airflow/example_dags/example_bash_operator.py
[2025-06-27T00:41:51.407+0000] {logging_mixin.py:188} INFO - [2025-06-27T00:41:51.407+0000] {dagbag.py:337} DEBUG - Importing /home/airflow/.local/lib/python3.10/site-packages/airflow/example_dags/example_bash_operator.py
[2025-06-27T00:41:51.412+0000] {logging_mixin.py:188} INFO - [2025-06-27T00:41:51.411+0000] {GetText.py:65} DEBUG - /home/airflow/.local/lib/python3.10/site-packages/cron_descriptor/locale/en_US.mo Loaded
[2025-06-27T00:41:51.426+0000] {logging_mixin.py:188} INFO - [2025-06-27T00:41:51.425+0000] {dagbag.py:511} DEBUG - Loaded DAG <DAG: example_bash_operator>
[2025-06-27T00:41:51.428+0000] {logging_mixin.py:188} INFO - [2025-06-27T00:41:51.428+0000] {dagbag.py:511} DEBUG - Loaded DAG <DAG: example_bash_operator>
[2025-06-27T00:41:51.429+0000] {processor.py:840} INFO - DAG(s) 'example_bash_operator' retrieved from /home/airflow/.local/lib/python3.10/site-packages/airflow/example_dags/example_bash_operator.py
[2025-06-27T00:41:51.431+0000] {logging_mixin.py:188} INFO - [2025-06-27T00:41:51.431+0000] {dagbag.py:667} DEBUG - Running dagbag.sync_to_db with retries. Try 1 of 3
[2025-06-27T00:41:51.432+0000] {logging_mixin.py:188} INFO - [2025-06-27T00:41:51.431+0000] {dagbag.py:672} DEBUG - Calling the DAG.bulk_sync_to_db method
[2025-06-27T00:41:51.452+0000] {logging_mixin.py:188} INFO - [2025-06-27T00:41:51.451+0000] {serialized_dag.py:166} DEBUG - Checking if DAG (example_bash_operator) changed
[2025-06-27T00:41:51.456+0000] {logging_mixin.py:188} INFO - [2025-06-27T00:41:51.456+0000] {serialized_objects.py:624} DEBUG - Cast type <class 'airflow.models.param.ParamsDict'> to str in serialization.
[2025-06-27T00:41:51.459+0000] {logging_mixin.py:188} INFO - [2025-06-27T00:41:51.459+0000] {serialized_objects.py:624} DEBUG - Cast type <class 'airflow.models.param.ParamsDict'> to str in serialization.
[2025-06-27T00:41:51.461+0000] {logging_mixin.py:188} INFO - [2025-06-27T00:41:51.461+0000] {serialized_objects.py:624} DEBUG - Cast type <class 'airflow.models.param.ParamsDict'> to str in serialization.
[2025-06-27T00:41:51.464+0000] {logging_mixin.py:188} INFO - [2025-06-27T00:41:51.464+0000] {serialized_objects.py:624} DEBUG - Cast type <class 'airflow.models.param.ParamsDict'> to str in serialization.
[2025-06-27T00:41:51.466+0000] {logging_mixin.py:188} INFO - [2025-06-27T00:41:51.466+0000] {serialized_objects.py:624} DEBUG - Cast type <class 'airflow.models.param.ParamsDict'> to str in serialization.
[2025-06-27T00:41:51.468+0000] {logging_mixin.py:188} INFO - [2025-06-27T00:41:51.468+0000] {serialized_objects.py:624} DEBUG - Cast type <class 'airflow.models.param.ParamsDict'> to str in serialization.
[2025-06-27T00:41:51.471+0000] {logging_mixin.py:188} INFO - [2025-06-27T00:41:51.471+0000] {serialized_objects.py:624} DEBUG - Cast type <class 'airflow.models.param.ParamsDict'> to str in serialization.
[2025-06-27T00:41:51.478+0000] {logging_mixin.py:188} INFO - [2025-06-27T00:41:51.478+0000] {serialized_dag.py:177} DEBUG - Serialized DAG (example_bash_operator) is unchanged. Skipping writing to DB
[2025-06-27T00:41:51.479+0000] {logging_mixin.py:188} INFO - [2025-06-27T00:41:51.479+0000] {dag.py:3096} INFO - Sync 1 DAGs
[2025-06-27T00:41:51.507+0000] {logging_mixin.py:188} INFO - [2025-06-27T00:41:51.507+0000] {dag.py:3954} INFO - Setting next_dagrun for example_bash_operator to 2025-06-26 00:00:00+00:00, run_after=2025-06-27 00:00:00+00:00
[2025-06-27T00:41:51.537+0000] {processor.py:183} INFO - Processing /home/airflow/.local/lib/python3.10/site-packages/airflow/example_dags/example_bash_operator.py took 0.148 seconds
[2025-06-27T00:42:21.759+0000] {logging_mixin.py:188} INFO - [2025-06-27T00:42:21.757+0000] {settings.py:250} DEBUG - Setting up DB connection pool (PID 16054)
[2025-06-27T00:42:21.762+0000] {logging_mixin.py:188} INFO - [2025-06-27T00:42:21.762+0000] {settings.py:330} DEBUG - settings.prepare_engine_args(): Using pool settings. pool_size=5, max_overflow=10, pool_recycle=1800, pid=16054
[2025-06-27T00:42:21.775+0000] {processor.py:161} INFO - Started process (PID=16054) to work on /home/airflow/.local/lib/python3.10/site-packages/airflow/example_dags/example_bash_operator.py
[2025-06-27T00:42:21.777+0000] {processor.py:830} INFO - Processing file /home/airflow/.local/lib/python3.10/site-packages/airflow/example_dags/example_bash_operator.py for tasks to queue
[2025-06-27T00:42:21.779+0000] {logging_mixin.py:188} INFO - [2025-06-27T00:42:21.778+0000] {dagbag.py:545} INFO - Filling up the DagBag from /home/airflow/.local/lib/python3.10/site-packages/airflow/example_dags/example_bash_operator.py
[2025-06-27T00:42:21.782+0000] {logging_mixin.py:188} INFO - [2025-06-27T00:42:21.781+0000] {dagbag.py:337} DEBUG - Importing /home/airflow/.local/lib/python3.10/site-packages/airflow/example_dags/example_bash_operator.py
[2025-06-27T00:42:21.789+0000] {logging_mixin.py:188} INFO - [2025-06-27T00:42:21.789+0000] {GetText.py:65} DEBUG - /home/airflow/.local/lib/python3.10/site-packages/cron_descriptor/locale/en_US.mo Loaded
[2025-06-27T00:42:21.813+0000] {logging_mixin.py:188} INFO - [2025-06-27T00:42:21.811+0000] {dagbag.py:511} DEBUG - Loaded DAG <DAG: example_bash_operator>
[2025-06-27T00:42:21.817+0000] {logging_mixin.py:188} INFO - [2025-06-27T00:42:21.816+0000] {dagbag.py:511} DEBUG - Loaded DAG <DAG: example_bash_operator>
[2025-06-27T00:42:21.817+0000] {processor.py:840} INFO - DAG(s) 'example_bash_operator' retrieved from /home/airflow/.local/lib/python3.10/site-packages/airflow/example_dags/example_bash_operator.py
[2025-06-27T00:42:21.821+0000] {logging_mixin.py:188} INFO - [2025-06-27T00:42:21.820+0000] {dagbag.py:667} DEBUG - Running dagbag.sync_to_db with retries. Try 1 of 3
[2025-06-27T00:42:21.822+0000] {logging_mixin.py:188} INFO - [2025-06-27T00:42:21.821+0000] {dagbag.py:672} DEBUG - Calling the DAG.bulk_sync_to_db method
[2025-06-27T00:42:21.852+0000] {logging_mixin.py:188} INFO - [2025-06-27T00:42:21.850+0000] {serialized_dag.py:166} DEBUG - Checking if DAG (example_bash_operator) changed
[2025-06-27T00:42:21.860+0000] {logging_mixin.py:188} INFO - [2025-06-27T00:42:21.860+0000] {serialized_objects.py:624} DEBUG - Cast type <class 'airflow.models.param.ParamsDict'> to str in serialization.
[2025-06-27T00:42:21.864+0000] {logging_mixin.py:188} INFO - [2025-06-27T00:42:21.864+0000] {serialized_objects.py:624} DEBUG - Cast type <class 'airflow.models.param.ParamsDict'> to str in serialization.
[2025-06-27T00:42:21.868+0000] {logging_mixin.py:188} INFO - [2025-06-27T00:42:21.868+0000] {serialized_objects.py:624} DEBUG - Cast type <class 'airflow.models.param.ParamsDict'> to str in serialization.
[2025-06-27T00:42:21.871+0000] {logging_mixin.py:188} INFO - [2025-06-27T00:42:21.871+0000] {serialized_objects.py:624} DEBUG - Cast type <class 'airflow.models.param.ParamsDict'> to str in serialization.
[2025-06-27T00:42:21.876+0000] {logging_mixin.py:188} INFO - [2025-06-27T00:42:21.875+0000] {serialized_objects.py:624} DEBUG - Cast type <class 'airflow.models.param.ParamsDict'> to str in serialization.
[2025-06-27T00:42:21.879+0000] {logging_mixin.py:188} INFO - [2025-06-27T00:42:21.878+0000] {serialized_objects.py:624} DEBUG - Cast type <class 'airflow.models.param.ParamsDict'> to str in serialization.
[2025-06-27T00:42:21.882+0000] {logging_mixin.py:188} INFO - [2025-06-27T00:42:21.882+0000] {serialized_objects.py:624} DEBUG - Cast type <class 'airflow.models.param.ParamsDict'> to str in serialization.
[2025-06-27T00:42:21.894+0000] {logging_mixin.py:188} INFO - [2025-06-27T00:42:21.894+0000] {serialized_dag.py:177} DEBUG - Serialized DAG (example_bash_operator) is unchanged. Skipping writing to DB
[2025-06-27T00:42:21.896+0000] {logging_mixin.py:188} INFO - [2025-06-27T00:42:21.895+0000] {dag.py:3096} INFO - Sync 1 DAGs
[2025-06-27T00:42:21.943+0000] {logging_mixin.py:188} INFO - [2025-06-27T00:42:21.942+0000] {dag.py:3954} INFO - Setting next_dagrun for example_bash_operator to 2025-06-26 00:00:00+00:00, run_after=2025-06-27 00:00:00+00:00
[2025-06-27T00:42:21.977+0000] {processor.py:183} INFO - Processing /home/airflow/.local/lib/python3.10/site-packages/airflow/example_dags/example_bash_operator.py took 0.220 seconds
[2025-06-27T00:42:52.094+0000] {logging_mixin.py:188} INFO - [2025-06-27T00:42:52.093+0000] {settings.py:250} DEBUG - Setting up DB connection pool (PID 16117)
[2025-06-27T00:42:52.097+0000] {logging_mixin.py:188} INFO - [2025-06-27T00:42:52.096+0000] {settings.py:330} DEBUG - settings.prepare_engine_args(): Using pool settings. pool_size=5, max_overflow=10, pool_recycle=1800, pid=16117
[2025-06-27T00:42:52.110+0000] {processor.py:161} INFO - Started process (PID=16117) to work on /home/airflow/.local/lib/python3.10/site-packages/airflow/example_dags/example_bash_operator.py
[2025-06-27T00:42:52.111+0000] {processor.py:830} INFO - Processing file /home/airflow/.local/lib/python3.10/site-packages/airflow/example_dags/example_bash_operator.py for tasks to queue
[2025-06-27T00:42:52.114+0000] {logging_mixin.py:188} INFO - [2025-06-27T00:42:52.113+0000] {dagbag.py:545} INFO - Filling up the DagBag from /home/airflow/.local/lib/python3.10/site-packages/airflow/example_dags/example_bash_operator.py
[2025-06-27T00:42:52.117+0000] {logging_mixin.py:188} INFO - [2025-06-27T00:42:52.117+0000] {dagbag.py:337} DEBUG - Importing /home/airflow/.local/lib/python3.10/site-packages/airflow/example_dags/example_bash_operator.py
[2025-06-27T00:42:52.123+0000] {logging_mixin.py:188} INFO - [2025-06-27T00:42:52.122+0000] {GetText.py:65} DEBUG - /home/airflow/.local/lib/python3.10/site-packages/cron_descriptor/locale/en_US.mo Loaded
[2025-06-27T00:42:52.139+0000] {logging_mixin.py:188} INFO - [2025-06-27T00:42:52.137+0000] {dagbag.py:511} DEBUG - Loaded DAG <DAG: example_bash_operator>
[2025-06-27T00:42:52.141+0000] {logging_mixin.py:188} INFO - [2025-06-27T00:42:52.141+0000] {dagbag.py:511} DEBUG - Loaded DAG <DAG: example_bash_operator>
[2025-06-27T00:42:52.142+0000] {processor.py:840} INFO - DAG(s) 'example_bash_operator' retrieved from /home/airflow/.local/lib/python3.10/site-packages/airflow/example_dags/example_bash_operator.py
[2025-06-27T00:42:52.144+0000] {logging_mixin.py:188} INFO - [2025-06-27T00:42:52.144+0000] {dagbag.py:667} DEBUG - Running dagbag.sync_to_db with retries. Try 1 of 3
[2025-06-27T00:42:52.145+0000] {logging_mixin.py:188} INFO - [2025-06-27T00:42:52.145+0000] {dagbag.py:672} DEBUG - Calling the DAG.bulk_sync_to_db method
[2025-06-27T00:42:52.168+0000] {logging_mixin.py:188} INFO - [2025-06-27T00:42:52.168+0000] {serialized_dag.py:166} DEBUG - Checking if DAG (example_bash_operator) changed
[2025-06-27T00:42:52.173+0000] {logging_mixin.py:188} INFO - [2025-06-27T00:42:52.173+0000] {serialized_objects.py:624} DEBUG - Cast type <class 'airflow.models.param.ParamsDict'> to str in serialization.
[2025-06-27T00:42:52.176+0000] {logging_mixin.py:188} INFO - [2025-06-27T00:42:52.176+0000] {serialized_objects.py:624} DEBUG - Cast type <class 'airflow.models.param.ParamsDict'> to str in serialization.
[2025-06-27T00:42:52.179+0000] {logging_mixin.py:188} INFO - [2025-06-27T00:42:52.178+0000] {serialized_objects.py:624} DEBUG - Cast type <class 'airflow.models.param.ParamsDict'> to str in serialization.
[2025-06-27T00:42:52.181+0000] {logging_mixin.py:188} INFO - [2025-06-27T00:42:52.181+0000] {serialized_objects.py:624} DEBUG - Cast type <class 'airflow.models.param.ParamsDict'> to str in serialization.
[2025-06-27T00:42:52.183+0000] {logging_mixin.py:188} INFO - [2025-06-27T00:42:52.183+0000] {serialized_objects.py:624} DEBUG - Cast type <class 'airflow.models.param.ParamsDict'> to str in serialization.
[2025-06-27T00:42:52.186+0000] {logging_mixin.py:188} INFO - [2025-06-27T00:42:52.185+0000] {serialized_objects.py:624} DEBUG - Cast type <class 'airflow.models.param.ParamsDict'> to str in serialization.
[2025-06-27T00:42:52.188+0000] {logging_mixin.py:188} INFO - [2025-06-27T00:42:52.188+0000] {serialized_objects.py:624} DEBUG - Cast type <class 'airflow.models.param.ParamsDict'> to str in serialization.
[2025-06-27T00:42:52.196+0000] {logging_mixin.py:188} INFO - [2025-06-27T00:42:52.195+0000] {serialized_dag.py:177} DEBUG - Serialized DAG (example_bash_operator) is unchanged. Skipping writing to DB
[2025-06-27T00:42:52.197+0000] {logging_mixin.py:188} INFO - [2025-06-27T00:42:52.196+0000] {dag.py:3096} INFO - Sync 1 DAGs
[2025-06-27T00:42:52.443+0000] {logging_mixin.py:188} INFO - [2025-06-27T00:42:52.443+0000] {dag.py:3954} INFO - Setting next_dagrun for example_bash_operator to 2025-06-26 00:00:00+00:00, run_after=2025-06-27 00:00:00+00:00
[2025-06-27T00:42:52.477+0000] {processor.py:183} INFO - Processing /home/airflow/.local/lib/python3.10/site-packages/airflow/example_dags/example_bash_operator.py took 0.384 seconds
[2025-06-27T00:43:22.847+0000] {logging_mixin.py:188} INFO - [2025-06-27T00:43:22.846+0000] {settings.py:250} DEBUG - Setting up DB connection pool (PID 16180)
[2025-06-27T00:43:22.849+0000] {logging_mixin.py:188} INFO - [2025-06-27T00:43:22.848+0000] {settings.py:330} DEBUG - settings.prepare_engine_args(): Using pool settings. pool_size=5, max_overflow=10, pool_recycle=1800, pid=16180
[2025-06-27T00:43:22.859+0000] {processor.py:161} INFO - Started process (PID=16180) to work on /home/airflow/.local/lib/python3.10/site-packages/airflow/example_dags/example_bash_operator.py
[2025-06-27T00:43:22.860+0000] {processor.py:830} INFO - Processing file /home/airflow/.local/lib/python3.10/site-packages/airflow/example_dags/example_bash_operator.py for tasks to queue
[2025-06-27T00:43:22.861+0000] {logging_mixin.py:188} INFO - [2025-06-27T00:43:22.861+0000] {dagbag.py:545} INFO - Filling up the DagBag from /home/airflow/.local/lib/python3.10/site-packages/airflow/example_dags/example_bash_operator.py
[2025-06-27T00:43:22.863+0000] {logging_mixin.py:188} INFO - [2025-06-27T00:43:22.863+0000] {dagbag.py:337} DEBUG - Importing /home/airflow/.local/lib/python3.10/site-packages/airflow/example_dags/example_bash_operator.py
[2025-06-27T00:43:22.868+0000] {logging_mixin.py:188} INFO - [2025-06-27T00:43:22.868+0000] {GetText.py:65} DEBUG - /home/airflow/.local/lib/python3.10/site-packages/cron_descriptor/locale/en_US.mo Loaded
[2025-06-27T00:43:22.881+0000] {logging_mixin.py:188} INFO - [2025-06-27T00:43:22.880+0000] {dagbag.py:511} DEBUG - Loaded DAG <DAG: example_bash_operator>
[2025-06-27T00:43:22.883+0000] {logging_mixin.py:188} INFO - [2025-06-27T00:43:22.883+0000] {dagbag.py:511} DEBUG - Loaded DAG <DAG: example_bash_operator>
[2025-06-27T00:43:22.884+0000] {processor.py:840} INFO - DAG(s) 'example_bash_operator' retrieved from /home/airflow/.local/lib/python3.10/site-packages/airflow/example_dags/example_bash_operator.py
[2025-06-27T00:43:22.886+0000] {logging_mixin.py:188} INFO - [2025-06-27T00:43:22.886+0000] {dagbag.py:667} DEBUG - Running dagbag.sync_to_db with retries. Try 1 of 3
[2025-06-27T00:43:22.887+0000] {logging_mixin.py:188} INFO - [2025-06-27T00:43:22.886+0000] {dagbag.py:672} DEBUG - Calling the DAG.bulk_sync_to_db method
[2025-06-27T00:43:22.906+0000] {logging_mixin.py:188} INFO - [2025-06-27T00:43:22.906+0000] {serialized_dag.py:166} DEBUG - Checking if DAG (example_bash_operator) changed
[2025-06-27T00:43:22.911+0000] {logging_mixin.py:188} INFO - [2025-06-27T00:43:22.911+0000] {serialized_objects.py:624} DEBUG - Cast type <class 'airflow.models.param.ParamsDict'> to str in serialization.
[2025-06-27T00:43:22.914+0000] {logging_mixin.py:188} INFO - [2025-06-27T00:43:22.914+0000] {serialized_objects.py:624} DEBUG - Cast type <class 'airflow.models.param.ParamsDict'> to str in serialization.
[2025-06-27T00:43:22.917+0000] {logging_mixin.py:188} INFO - [2025-06-27T00:43:22.916+0000] {serialized_objects.py:624} DEBUG - Cast type <class 'airflow.models.param.ParamsDict'> to str in serialization.
[2025-06-27T00:43:22.919+0000] {logging_mixin.py:188} INFO - [2025-06-27T00:43:22.919+0000] {serialized_objects.py:624} DEBUG - Cast type <class 'airflow.models.param.ParamsDict'> to str in serialization.
[2025-06-27T00:43:22.922+0000] {logging_mixin.py:188} INFO - [2025-06-27T00:43:22.922+0000] {serialized_objects.py:624} DEBUG - Cast type <class 'airflow.models.param.ParamsDict'> to str in serialization.
[2025-06-27T00:43:22.924+0000] {logging_mixin.py:188} INFO - [2025-06-27T00:43:22.924+0000] {serialized_objects.py:624} DEBUG - Cast type <class 'airflow.models.param.ParamsDict'> to str in serialization.
[2025-06-27T00:43:22.927+0000] {logging_mixin.py:188} INFO - [2025-06-27T00:43:22.927+0000] {serialized_objects.py:624} DEBUG - Cast type <class 'airflow.models.param.ParamsDict'> to str in serialization.
[2025-06-27T00:43:22.935+0000] {logging_mixin.py:188} INFO - [2025-06-27T00:43:22.934+0000] {serialized_dag.py:177} DEBUG - Serialized DAG (example_bash_operator) is unchanged. Skipping writing to DB
[2025-06-27T00:43:22.936+0000] {logging_mixin.py:188} INFO - [2025-06-27T00:43:22.936+0000] {dag.py:3096} INFO - Sync 1 DAGs
[2025-06-27T00:43:23.212+0000] {logging_mixin.py:188} INFO - [2025-06-27T00:43:23.212+0000] {dag.py:3954} INFO - Setting next_dagrun for example_bash_operator to 2025-06-26 00:00:00+00:00, run_after=2025-06-27 00:00:00+00:00
[2025-06-27T00:43:23.251+0000] {processor.py:183} INFO - Processing /home/airflow/.local/lib/python3.10/site-packages/airflow/example_dags/example_bash_operator.py took 0.405 seconds
[2025-06-27T00:43:53.393+0000] {logging_mixin.py:188} INFO - [2025-06-27T00:43:53.392+0000] {settings.py:250} DEBUG - Setting up DB connection pool (PID 16243)
[2025-06-27T00:43:53.395+0000] {logging_mixin.py:188} INFO - [2025-06-27T00:43:53.395+0000] {settings.py:330} DEBUG - settings.prepare_engine_args(): Using pool settings. pool_size=5, max_overflow=10, pool_recycle=1800, pid=16243
[2025-06-27T00:43:53.405+0000] {processor.py:161} INFO - Started process (PID=16243) to work on /home/airflow/.local/lib/python3.10/site-packages/airflow/example_dags/example_bash_operator.py
[2025-06-27T00:43:53.407+0000] {processor.py:830} INFO - Processing file /home/airflow/.local/lib/python3.10/site-packages/airflow/example_dags/example_bash_operator.py for tasks to queue
[2025-06-27T00:43:53.408+0000] {logging_mixin.py:188} INFO - [2025-06-27T00:43:53.408+0000] {dagbag.py:545} INFO - Filling up the DagBag from /home/airflow/.local/lib/python3.10/site-packages/airflow/example_dags/example_bash_operator.py
[2025-06-27T00:43:53.410+0000] {logging_mixin.py:188} INFO - [2025-06-27T00:43:53.410+0000] {dagbag.py:337} DEBUG - Importing /home/airflow/.local/lib/python3.10/site-packages/airflow/example_dags/example_bash_operator.py
[2025-06-27T00:43:53.415+0000] {logging_mixin.py:188} INFO - [2025-06-27T00:43:53.415+0000] {GetText.py:65} DEBUG - /home/airflow/.local/lib/python3.10/site-packages/cron_descriptor/locale/en_US.mo Loaded
[2025-06-27T00:43:53.430+0000] {logging_mixin.py:188} INFO - [2025-06-27T00:43:53.428+0000] {dagbag.py:511} DEBUG - Loaded DAG <DAG: example_bash_operator>
[2025-06-27T00:43:53.432+0000] {logging_mixin.py:188} INFO - [2025-06-27T00:43:53.431+0000] {dagbag.py:511} DEBUG - Loaded DAG <DAG: example_bash_operator>
[2025-06-27T00:43:53.432+0000] {processor.py:840} INFO - DAG(s) 'example_bash_operator' retrieved from /home/airflow/.local/lib/python3.10/site-packages/airflow/example_dags/example_bash_operator.py
[2025-06-27T00:43:53.435+0000] {logging_mixin.py:188} INFO - [2025-06-27T00:43:53.434+0000] {dagbag.py:667} DEBUG - Running dagbag.sync_to_db with retries. Try 1 of 3
[2025-06-27T00:43:53.435+0000] {logging_mixin.py:188} INFO - [2025-06-27T00:43:53.435+0000] {dagbag.py:672} DEBUG - Calling the DAG.bulk_sync_to_db method
[2025-06-27T00:43:53.455+0000] {logging_mixin.py:188} INFO - [2025-06-27T00:43:53.454+0000] {serialized_dag.py:166} DEBUG - Checking if DAG (example_bash_operator) changed
[2025-06-27T00:43:53.459+0000] {logging_mixin.py:188} INFO - [2025-06-27T00:43:53.459+0000] {serialized_objects.py:624} DEBUG - Cast type <class 'airflow.models.param.ParamsDict'> to str in serialization.
[2025-06-27T00:43:53.463+0000] {logging_mixin.py:188} INFO - [2025-06-27T00:43:53.463+0000] {serialized_objects.py:624} DEBUG - Cast type <class 'airflow.models.param.ParamsDict'> to str in serialization.
[2025-06-27T00:43:53.466+0000] {logging_mixin.py:188} INFO - [2025-06-27T00:43:53.465+0000] {serialized_objects.py:624} DEBUG - Cast type <class 'airflow.models.param.ParamsDict'> to str in serialization.
[2025-06-27T00:43:53.468+0000] {logging_mixin.py:188} INFO - [2025-06-27T00:43:53.468+0000] {serialized_objects.py:624} DEBUG - Cast type <class 'airflow.models.param.ParamsDict'> to str in serialization.
[2025-06-27T00:43:53.471+0000] {logging_mixin.py:188} INFO - [2025-06-27T00:43:53.471+0000] {serialized_objects.py:624} DEBUG - Cast type <class 'airflow.models.param.ParamsDict'> to str in serialization.
[2025-06-27T00:43:53.473+0000] {logging_mixin.py:188} INFO - [2025-06-27T00:43:53.473+0000] {serialized_objects.py:624} DEBUG - Cast type <class 'airflow.models.param.ParamsDict'> to str in serialization.
[2025-06-27T00:43:53.475+0000] {logging_mixin.py:188} INFO - [2025-06-27T00:43:53.475+0000] {serialized_objects.py:624} DEBUG - Cast type <class 'airflow.models.param.ParamsDict'> to str in serialization.
[2025-06-27T00:43:53.483+0000] {logging_mixin.py:188} INFO - [2025-06-27T00:43:53.483+0000] {serialized_dag.py:177} DEBUG - Serialized DAG (example_bash_operator) is unchanged. Skipping writing to DB
[2025-06-27T00:43:53.484+0000] {logging_mixin.py:188} INFO - [2025-06-27T00:43:53.484+0000] {dag.py:3096} INFO - Sync 1 DAGs
[2025-06-27T00:43:53.527+0000] {logging_mixin.py:188} INFO - [2025-06-27T00:43:53.526+0000] {dag.py:3954} INFO - Setting next_dagrun for example_bash_operator to 2025-06-26 00:00:00+00:00, run_after=2025-06-27 00:00:00+00:00
[2025-06-27T00:43:53.766+0000] {processor.py:183} INFO - Processing /home/airflow/.local/lib/python3.10/site-packages/airflow/example_dags/example_bash_operator.py took 0.374 seconds
[2025-06-27T00:44:24.056+0000] {logging_mixin.py:188} INFO - [2025-06-27T00:44:24.055+0000] {settings.py:250} DEBUG - Setting up DB connection pool (PID 16306)
[2025-06-27T00:44:24.058+0000] {logging_mixin.py:188} INFO - [2025-06-27T00:44:24.058+0000] {settings.py:330} DEBUG - settings.prepare_engine_args(): Using pool settings. pool_size=5, max_overflow=10, pool_recycle=1800, pid=16306
[2025-06-27T00:44:24.068+0000] {processor.py:161} INFO - Started process (PID=16306) to work on /home/airflow/.local/lib/python3.10/site-packages/airflow/example_dags/example_bash_operator.py
[2025-06-27T00:44:24.069+0000] {processor.py:830} INFO - Processing file /home/airflow/.local/lib/python3.10/site-packages/airflow/example_dags/example_bash_operator.py for tasks to queue
[2025-06-27T00:44:24.070+0000] {logging_mixin.py:188} INFO - [2025-06-27T00:44:24.070+0000] {dagbag.py:545} INFO - Filling up the DagBag from /home/airflow/.local/lib/python3.10/site-packages/airflow/example_dags/example_bash_operator.py
[2025-06-27T00:44:24.073+0000] {logging_mixin.py:188} INFO - [2025-06-27T00:44:24.072+0000] {dagbag.py:337} DEBUG - Importing /home/airflow/.local/lib/python3.10/site-packages/airflow/example_dags/example_bash_operator.py
[2025-06-27T00:44:24.077+0000] {logging_mixin.py:188} INFO - [2025-06-27T00:44:24.077+0000] {GetText.py:65} DEBUG - /home/airflow/.local/lib/python3.10/site-packages/cron_descriptor/locale/en_US.mo Loaded
[2025-06-27T00:44:24.090+0000] {logging_mixin.py:188} INFO - [2025-06-27T00:44:24.088+0000] {dagbag.py:511} DEBUG - Loaded DAG <DAG: example_bash_operator>
[2025-06-27T00:44:24.092+0000] {logging_mixin.py:188} INFO - [2025-06-27T00:44:24.091+0000] {dagbag.py:511} DEBUG - Loaded DAG <DAG: example_bash_operator>
[2025-06-27T00:44:24.092+0000] {processor.py:840} INFO - DAG(s) 'example_bash_operator' retrieved from /home/airflow/.local/lib/python3.10/site-packages/airflow/example_dags/example_bash_operator.py
[2025-06-27T00:44:24.094+0000] {logging_mixin.py:188} INFO - [2025-06-27T00:44:24.094+0000] {dagbag.py:667} DEBUG - Running dagbag.sync_to_db with retries. Try 1 of 3
[2025-06-27T00:44:24.095+0000] {logging_mixin.py:188} INFO - [2025-06-27T00:44:24.095+0000] {dagbag.py:672} DEBUG - Calling the DAG.bulk_sync_to_db method
[2025-06-27T00:44:24.114+0000] {logging_mixin.py:188} INFO - [2025-06-27T00:44:24.114+0000] {serialized_dag.py:166} DEBUG - Checking if DAG (example_bash_operator) changed
[2025-06-27T00:44:24.120+0000] {logging_mixin.py:188} INFO - [2025-06-27T00:44:24.119+0000] {serialized_objects.py:624} DEBUG - Cast type <class 'airflow.models.param.ParamsDict'> to str in serialization.
[2025-06-27T00:44:24.125+0000] {logging_mixin.py:188} INFO - [2025-06-27T00:44:24.125+0000] {serialized_objects.py:624} DEBUG - Cast type <class 'airflow.models.param.ParamsDict'> to str in serialization.
[2025-06-27T00:44:24.128+0000] {logging_mixin.py:188} INFO - [2025-06-27T00:44:24.128+0000] {serialized_objects.py:624} DEBUG - Cast type <class 'airflow.models.param.ParamsDict'> to str in serialization.
[2025-06-27T00:44:24.131+0000] {logging_mixin.py:188} INFO - [2025-06-27T00:44:24.131+0000] {serialized_objects.py:624} DEBUG - Cast type <class 'airflow.models.param.ParamsDict'> to str in serialization.
[2025-06-27T00:44:24.134+0000] {logging_mixin.py:188} INFO - [2025-06-27T00:44:24.133+0000] {serialized_objects.py:624} DEBUG - Cast type <class 'airflow.models.param.ParamsDict'> to str in serialization.
[2025-06-27T00:44:24.137+0000] {logging_mixin.py:188} INFO - [2025-06-27T00:44:24.136+0000] {serialized_objects.py:624} DEBUG - Cast type <class 'airflow.models.param.ParamsDict'> to str in serialization.
[2025-06-27T00:44:24.140+0000] {logging_mixin.py:188} INFO - [2025-06-27T00:44:24.140+0000] {serialized_objects.py:624} DEBUG - Cast type <class 'airflow.models.param.ParamsDict'> to str in serialization.
[2025-06-27T00:44:24.150+0000] {logging_mixin.py:188} INFO - [2025-06-27T00:44:24.149+0000] {serialized_dag.py:177} DEBUG - Serialized DAG (example_bash_operator) is unchanged. Skipping writing to DB
[2025-06-27T00:44:24.151+0000] {logging_mixin.py:188} INFO - [2025-06-27T00:44:24.151+0000] {dag.py:3096} INFO - Sync 1 DAGs
[2025-06-27T00:44:24.185+0000] {logging_mixin.py:188} INFO - [2025-06-27T00:44:24.185+0000] {dag.py:3954} INFO - Setting next_dagrun for example_bash_operator to 2025-06-26 00:00:00+00:00, run_after=2025-06-27 00:00:00+00:00
[2025-06-27T00:44:24.416+0000] {processor.py:183} INFO - Processing /home/airflow/.local/lib/python3.10/site-packages/airflow/example_dags/example_bash_operator.py took 0.361 seconds
[2025-06-27T00:44:55.111+0000] {logging_mixin.py:188} INFO - [2025-06-27T00:44:55.109+0000] {settings.py:250} DEBUG - Setting up DB connection pool (PID 16368)
[2025-06-27T00:44:55.114+0000] {logging_mixin.py:188} INFO - [2025-06-27T00:44:55.113+0000] {settings.py:330} DEBUG - settings.prepare_engine_args(): Using pool settings. pool_size=5, max_overflow=10, pool_recycle=1800, pid=16368
[2025-06-27T00:44:55.126+0000] {processor.py:161} INFO - Started process (PID=16368) to work on /home/airflow/.local/lib/python3.10/site-packages/airflow/example_dags/example_bash_operator.py
[2025-06-27T00:44:55.127+0000] {processor.py:830} INFO - Processing file /home/airflow/.local/lib/python3.10/site-packages/airflow/example_dags/example_bash_operator.py for tasks to queue
[2025-06-27T00:44:55.129+0000] {logging_mixin.py:188} INFO - [2025-06-27T00:44:55.129+0000] {dagbag.py:545} INFO - Filling up the DagBag from /home/airflow/.local/lib/python3.10/site-packages/airflow/example_dags/example_bash_operator.py
[2025-06-27T00:44:55.132+0000] {logging_mixin.py:188} INFO - [2025-06-27T00:44:55.131+0000] {dagbag.py:337} DEBUG - Importing /home/airflow/.local/lib/python3.10/site-packages/airflow/example_dags/example_bash_operator.py
[2025-06-27T00:44:55.138+0000] {logging_mixin.py:188} INFO - [2025-06-27T00:44:55.137+0000] {GetText.py:65} DEBUG - /home/airflow/.local/lib/python3.10/site-packages/cron_descriptor/locale/en_US.mo Loaded
[2025-06-27T00:44:55.154+0000] {logging_mixin.py:188} INFO - [2025-06-27T00:44:55.152+0000] {dagbag.py:511} DEBUG - Loaded DAG <DAG: example_bash_operator>
[2025-06-27T00:44:55.156+0000] {logging_mixin.py:188} INFO - [2025-06-27T00:44:55.156+0000] {dagbag.py:511} DEBUG - Loaded DAG <DAG: example_bash_operator>
[2025-06-27T00:44:55.157+0000] {processor.py:840} INFO - DAG(s) 'example_bash_operator' retrieved from /home/airflow/.local/lib/python3.10/site-packages/airflow/example_dags/example_bash_operator.py
[2025-06-27T00:44:55.160+0000] {logging_mixin.py:188} INFO - [2025-06-27T00:44:55.160+0000] {dagbag.py:667} DEBUG - Running dagbag.sync_to_db with retries. Try 1 of 3
[2025-06-27T00:44:55.161+0000] {logging_mixin.py:188} INFO - [2025-06-27T00:44:55.161+0000] {dagbag.py:672} DEBUG - Calling the DAG.bulk_sync_to_db method
[2025-06-27T00:44:55.183+0000] {logging_mixin.py:188} INFO - [2025-06-27T00:44:55.182+0000] {serialized_dag.py:166} DEBUG - Checking if DAG (example_bash_operator) changed
[2025-06-27T00:44:55.190+0000] {logging_mixin.py:188} INFO - [2025-06-27T00:44:55.189+0000] {serialized_objects.py:624} DEBUG - Cast type <class 'airflow.models.param.ParamsDict'> to str in serialization.
[2025-06-27T00:44:55.199+0000] {logging_mixin.py:188} INFO - [2025-06-27T00:44:55.198+0000] {serialized_objects.py:624} DEBUG - Cast type <class 'airflow.models.param.ParamsDict'> to str in serialization.
[2025-06-27T00:44:55.203+0000] {logging_mixin.py:188} INFO - [2025-06-27T00:44:55.202+0000] {serialized_objects.py:624} DEBUG - Cast type <class 'airflow.models.param.ParamsDict'> to str in serialization.
[2025-06-27T00:44:55.205+0000] {logging_mixin.py:188} INFO - [2025-06-27T00:44:55.205+0000] {serialized_objects.py:624} DEBUG - Cast type <class 'airflow.models.param.ParamsDict'> to str in serialization.
[2025-06-27T00:44:55.209+0000] {logging_mixin.py:188} INFO - [2025-06-27T00:44:55.209+0000] {serialized_objects.py:624} DEBUG - Cast type <class 'airflow.models.param.ParamsDict'> to str in serialization.
[2025-06-27T00:44:55.213+0000] {logging_mixin.py:188} INFO - [2025-06-27T00:44:55.213+0000] {serialized_objects.py:624} DEBUG - Cast type <class 'airflow.models.param.ParamsDict'> to str in serialization.
[2025-06-27T00:44:55.217+0000] {logging_mixin.py:188} INFO - [2025-06-27T00:44:55.216+0000] {serialized_objects.py:624} DEBUG - Cast type <class 'airflow.models.param.ParamsDict'> to str in serialization.
[2025-06-27T00:44:55.230+0000] {logging_mixin.py:188} INFO - [2025-06-27T00:44:55.230+0000] {serialized_dag.py:177} DEBUG - Serialized DAG (example_bash_operator) is unchanged. Skipping writing to DB
[2025-06-27T00:44:55.232+0000] {logging_mixin.py:188} INFO - [2025-06-27T00:44:55.232+0000] {dag.py:3096} INFO - Sync 1 DAGs
[2025-06-27T00:44:55.270+0000] {logging_mixin.py:188} INFO - [2025-06-27T00:44:55.269+0000] {dag.py:3954} INFO - Setting next_dagrun for example_bash_operator to 2025-06-26 00:00:00+00:00, run_after=2025-06-27 00:00:00+00:00
[2025-06-27T00:44:55.302+0000] {processor.py:183} INFO - Processing /home/airflow/.local/lib/python3.10/site-packages/airflow/example_dags/example_bash_operator.py took 0.193 seconds
[2025-06-27T00:45:25.463+0000] {logging_mixin.py:188} INFO - [2025-06-27T00:45:25.461+0000] {settings.py:250} DEBUG - Setting up DB connection pool (PID 16425)
[2025-06-27T00:45:25.467+0000] {logging_mixin.py:188} INFO - [2025-06-27T00:45:25.466+0000] {settings.py:330} DEBUG - settings.prepare_engine_args(): Using pool settings. pool_size=5, max_overflow=10, pool_recycle=1800, pid=16425
[2025-06-27T00:45:25.492+0000] {processor.py:161} INFO - Started process (PID=16425) to work on /home/airflow/.local/lib/python3.10/site-packages/airflow/example_dags/example_bash_operator.py
[2025-06-27T00:45:25.495+0000] {processor.py:830} INFO - Processing file /home/airflow/.local/lib/python3.10/site-packages/airflow/example_dags/example_bash_operator.py for tasks to queue
[2025-06-27T00:45:25.498+0000] {logging_mixin.py:188} INFO - [2025-06-27T00:45:25.498+0000] {dagbag.py:545} INFO - Filling up the DagBag from /home/airflow/.local/lib/python3.10/site-packages/airflow/example_dags/example_bash_operator.py
[2025-06-27T00:45:25.502+0000] {logging_mixin.py:188} INFO - [2025-06-27T00:45:25.501+0000] {dagbag.py:337} DEBUG - Importing /home/airflow/.local/lib/python3.10/site-packages/airflow/example_dags/example_bash_operator.py
[2025-06-27T00:45:25.516+0000] {logging_mixin.py:188} INFO - [2025-06-27T00:45:25.516+0000] {GetText.py:65} DEBUG - /home/airflow/.local/lib/python3.10/site-packages/cron_descriptor/locale/en_US.mo Loaded
[2025-06-27T00:45:25.540+0000] {logging_mixin.py:188} INFO - [2025-06-27T00:45:25.538+0000] {dagbag.py:511} DEBUG - Loaded DAG <DAG: example_bash_operator>
[2025-06-27T00:45:25.544+0000] {logging_mixin.py:188} INFO - [2025-06-27T00:45:25.543+0000] {dagbag.py:511} DEBUG - Loaded DAG <DAG: example_bash_operator>
[2025-06-27T00:45:25.545+0000] {processor.py:840} INFO - DAG(s) 'example_bash_operator' retrieved from /home/airflow/.local/lib/python3.10/site-packages/airflow/example_dags/example_bash_operator.py
[2025-06-27T00:45:25.548+0000] {logging_mixin.py:188} INFO - [2025-06-27T00:45:25.548+0000] {dagbag.py:667} DEBUG - Running dagbag.sync_to_db with retries. Try 1 of 3
[2025-06-27T00:45:25.549+0000] {logging_mixin.py:188} INFO - [2025-06-27T00:45:25.549+0000] {dagbag.py:672} DEBUG - Calling the DAG.bulk_sync_to_db method
[2025-06-27T00:45:25.581+0000] {logging_mixin.py:188} INFO - [2025-06-27T00:45:25.580+0000] {serialized_dag.py:166} DEBUG - Checking if DAG (example_bash_operator) changed
[2025-06-27T00:45:25.588+0000] {logging_mixin.py:188} INFO - [2025-06-27T00:45:25.588+0000] {serialized_objects.py:624} DEBUG - Cast type <class 'airflow.models.param.ParamsDict'> to str in serialization.
[2025-06-27T00:45:25.594+0000] {logging_mixin.py:188} INFO - [2025-06-27T00:45:25.593+0000] {serialized_objects.py:624} DEBUG - Cast type <class 'airflow.models.param.ParamsDict'> to str in serialization.
[2025-06-27T00:45:25.598+0000] {logging_mixin.py:188} INFO - [2025-06-27T00:45:25.597+0000] {serialized_objects.py:624} DEBUG - Cast type <class 'airflow.models.param.ParamsDict'> to str in serialization.
[2025-06-27T00:45:25.601+0000] {logging_mixin.py:188} INFO - [2025-06-27T00:45:25.601+0000] {serialized_objects.py:624} DEBUG - Cast type <class 'airflow.models.param.ParamsDict'> to str in serialization.
[2025-06-27T00:45:25.607+0000] {logging_mixin.py:188} INFO - [2025-06-27T00:45:25.607+0000] {serialized_objects.py:624} DEBUG - Cast type <class 'airflow.models.param.ParamsDict'> to str in serialization.
[2025-06-27T00:45:25.610+0000] {logging_mixin.py:188} INFO - [2025-06-27T00:45:25.610+0000] {serialized_objects.py:624} DEBUG - Cast type <class 'airflow.models.param.ParamsDict'> to str in serialization.
[2025-06-27T00:45:25.612+0000] {logging_mixin.py:188} INFO - [2025-06-27T00:45:25.612+0000] {serialized_objects.py:624} DEBUG - Cast type <class 'airflow.models.param.ParamsDict'> to str in serialization.
[2025-06-27T00:45:25.622+0000] {logging_mixin.py:188} INFO - [2025-06-27T00:45:25.622+0000] {serialized_dag.py:177} DEBUG - Serialized DAG (example_bash_operator) is unchanged. Skipping writing to DB
[2025-06-27T00:45:25.623+0000] {logging_mixin.py:188} INFO - [2025-06-27T00:45:25.623+0000] {dag.py:3096} INFO - Sync 1 DAGs
[2025-06-27T00:45:25.685+0000] {logging_mixin.py:188} INFO - [2025-06-27T00:45:25.685+0000] {dag.py:3954} INFO - Setting next_dagrun for example_bash_operator to 2025-06-26 00:00:00+00:00, run_after=2025-06-27 00:00:00+00:00
[2025-06-27T00:45:25.713+0000] {processor.py:183} INFO - Processing /home/airflow/.local/lib/python3.10/site-packages/airflow/example_dags/example_bash_operator.py took 0.253 seconds
[2025-06-27T00:45:56.129+0000] {logging_mixin.py:188} INFO - [2025-06-27T00:45:56.128+0000] {settings.py:250} DEBUG - Setting up DB connection pool (PID 16484)
[2025-06-27T00:45:56.131+0000] {logging_mixin.py:188} INFO - [2025-06-27T00:45:56.130+0000] {settings.py:330} DEBUG - settings.prepare_engine_args(): Using pool settings. pool_size=5, max_overflow=10, pool_recycle=1800, pid=16484
[2025-06-27T00:45:56.142+0000] {processor.py:161} INFO - Started process (PID=16484) to work on /home/airflow/.local/lib/python3.10/site-packages/airflow/example_dags/example_bash_operator.py
[2025-06-27T00:45:56.144+0000] {processor.py:830} INFO - Processing file /home/airflow/.local/lib/python3.10/site-packages/airflow/example_dags/example_bash_operator.py for tasks to queue
[2025-06-27T00:45:56.146+0000] {logging_mixin.py:188} INFO - [2025-06-27T00:45:56.146+0000] {dagbag.py:545} INFO - Filling up the DagBag from /home/airflow/.local/lib/python3.10/site-packages/airflow/example_dags/example_bash_operator.py
[2025-06-27T00:45:56.148+0000] {logging_mixin.py:188} INFO - [2025-06-27T00:45:56.148+0000] {dagbag.py:337} DEBUG - Importing /home/airflow/.local/lib/python3.10/site-packages/airflow/example_dags/example_bash_operator.py
[2025-06-27T00:45:56.154+0000] {logging_mixin.py:188} INFO - [2025-06-27T00:45:56.153+0000] {GetText.py:65} DEBUG - /home/airflow/.local/lib/python3.10/site-packages/cron_descriptor/locale/en_US.mo Loaded
[2025-06-27T00:45:56.170+0000] {logging_mixin.py:188} INFO - [2025-06-27T00:45:56.168+0000] {dagbag.py:511} DEBUG - Loaded DAG <DAG: example_bash_operator>
[2025-06-27T00:45:56.172+0000] {logging_mixin.py:188} INFO - [2025-06-27T00:45:56.172+0000] {dagbag.py:511} DEBUG - Loaded DAG <DAG: example_bash_operator>
[2025-06-27T00:45:56.173+0000] {processor.py:840} INFO - DAG(s) 'example_bash_operator' retrieved from /home/airflow/.local/lib/python3.10/site-packages/airflow/example_dags/example_bash_operator.py
[2025-06-27T00:45:56.175+0000] {logging_mixin.py:188} INFO - [2025-06-27T00:45:56.174+0000] {dagbag.py:667} DEBUG - Running dagbag.sync_to_db with retries. Try 1 of 3
[2025-06-27T00:45:56.176+0000] {logging_mixin.py:188} INFO - [2025-06-27T00:45:56.175+0000] {dagbag.py:672} DEBUG - Calling the DAG.bulk_sync_to_db method
[2025-06-27T00:45:56.197+0000] {logging_mixin.py:188} INFO - [2025-06-27T00:45:56.197+0000] {serialized_dag.py:166} DEBUG - Checking if DAG (example_bash_operator) changed
[2025-06-27T00:45:56.202+0000] {logging_mixin.py:188} INFO - [2025-06-27T00:45:56.201+0000] {serialized_objects.py:624} DEBUG - Cast type <class 'airflow.models.param.ParamsDict'> to str in serialization.
[2025-06-27T00:45:56.207+0000] {logging_mixin.py:188} INFO - [2025-06-27T00:45:56.206+0000] {serialized_objects.py:624} DEBUG - Cast type <class 'airflow.models.param.ParamsDict'> to str in serialization.
[2025-06-27T00:45:56.210+0000] {logging_mixin.py:188} INFO - [2025-06-27T00:45:56.209+0000] {serialized_objects.py:624} DEBUG - Cast type <class 'airflow.models.param.ParamsDict'> to str in serialization.
[2025-06-27T00:45:56.212+0000] {logging_mixin.py:188} INFO - [2025-06-27T00:45:56.212+0000] {serialized_objects.py:624} DEBUG - Cast type <class 'airflow.models.param.ParamsDict'> to str in serialization.
[2025-06-27T00:45:56.215+0000] {logging_mixin.py:188} INFO - [2025-06-27T00:45:56.215+0000] {serialized_objects.py:624} DEBUG - Cast type <class 'airflow.models.param.ParamsDict'> to str in serialization.
[2025-06-27T00:45:56.218+0000] {logging_mixin.py:188} INFO - [2025-06-27T00:45:56.218+0000] {serialized_objects.py:624} DEBUG - Cast type <class 'airflow.models.param.ParamsDict'> to str in serialization.
[2025-06-27T00:45:56.221+0000] {logging_mixin.py:188} INFO - [2025-06-27T00:45:56.220+0000] {serialized_objects.py:624} DEBUG - Cast type <class 'airflow.models.param.ParamsDict'> to str in serialization.
[2025-06-27T00:45:56.230+0000] {logging_mixin.py:188} INFO - [2025-06-27T00:45:56.230+0000] {serialized_dag.py:177} DEBUG - Serialized DAG (example_bash_operator) is unchanged. Skipping writing to DB
[2025-06-27T00:45:56.231+0000] {logging_mixin.py:188} INFO - [2025-06-27T00:45:56.231+0000] {dag.py:3096} INFO - Sync 1 DAGs
[2025-06-27T00:45:56.263+0000] {logging_mixin.py:188} INFO - [2025-06-27T00:45:56.262+0000] {dag.py:3954} INFO - Setting next_dagrun for example_bash_operator to 2025-06-26 00:00:00+00:00, run_after=2025-06-27 00:00:00+00:00
[2025-06-27T00:45:56.299+0000] {processor.py:183} INFO - Processing /home/airflow/.local/lib/python3.10/site-packages/airflow/example_dags/example_bash_operator.py took 0.172 seconds
[2025-06-27T00:46:26.553+0000] {logging_mixin.py:188} INFO - [2025-06-27T00:46:26.552+0000] {settings.py:250} DEBUG - Setting up DB connection pool (PID 16548)
[2025-06-27T00:46:26.556+0000] {logging_mixin.py:188} INFO - [2025-06-27T00:46:26.555+0000] {settings.py:330} DEBUG - settings.prepare_engine_args(): Using pool settings. pool_size=5, max_overflow=10, pool_recycle=1800, pid=16548
[2025-06-27T00:46:26.567+0000] {processor.py:161} INFO - Started process (PID=16548) to work on /home/airflow/.local/lib/python3.10/site-packages/airflow/example_dags/example_bash_operator.py
[2025-06-27T00:46:26.568+0000] {processor.py:830} INFO - Processing file /home/airflow/.local/lib/python3.10/site-packages/airflow/example_dags/example_bash_operator.py for tasks to queue
[2025-06-27T00:46:26.570+0000] {logging_mixin.py:188} INFO - [2025-06-27T00:46:26.570+0000] {dagbag.py:545} INFO - Filling up the DagBag from /home/airflow/.local/lib/python3.10/site-packages/airflow/example_dags/example_bash_operator.py
[2025-06-27T00:46:26.573+0000] {logging_mixin.py:188} INFO - [2025-06-27T00:46:26.573+0000] {dagbag.py:337} DEBUG - Importing /home/airflow/.local/lib/python3.10/site-packages/airflow/example_dags/example_bash_operator.py
[2025-06-27T00:46:26.580+0000] {logging_mixin.py:188} INFO - [2025-06-27T00:46:26.580+0000] {GetText.py:65} DEBUG - /home/airflow/.local/lib/python3.10/site-packages/cron_descriptor/locale/en_US.mo Loaded
[2025-06-27T00:46:26.597+0000] {logging_mixin.py:188} INFO - [2025-06-27T00:46:26.595+0000] {dagbag.py:511} DEBUG - Loaded DAG <DAG: example_bash_operator>
[2025-06-27T00:46:26.599+0000] {logging_mixin.py:188} INFO - [2025-06-27T00:46:26.599+0000] {dagbag.py:511} DEBUG - Loaded DAG <DAG: example_bash_operator>
[2025-06-27T00:46:26.600+0000] {processor.py:840} INFO - DAG(s) 'example_bash_operator' retrieved from /home/airflow/.local/lib/python3.10/site-packages/airflow/example_dags/example_bash_operator.py
[2025-06-27T00:46:26.602+0000] {logging_mixin.py:188} INFO - [2025-06-27T00:46:26.601+0000] {dagbag.py:667} DEBUG - Running dagbag.sync_to_db with retries. Try 1 of 3
[2025-06-27T00:46:26.602+0000] {logging_mixin.py:188} INFO - [2025-06-27T00:46:26.602+0000] {dagbag.py:672} DEBUG - Calling the DAG.bulk_sync_to_db method
[2025-06-27T00:46:26.626+0000] {logging_mixin.py:188} INFO - [2025-06-27T00:46:26.626+0000] {serialized_dag.py:166} DEBUG - Checking if DAG (example_bash_operator) changed
[2025-06-27T00:46:26.633+0000] {logging_mixin.py:188} INFO - [2025-06-27T00:46:26.633+0000] {serialized_objects.py:624} DEBUG - Cast type <class 'airflow.models.param.ParamsDict'> to str in serialization.
[2025-06-27T00:46:26.637+0000] {logging_mixin.py:188} INFO - [2025-06-27T00:46:26.637+0000] {serialized_objects.py:624} DEBUG - Cast type <class 'airflow.models.param.ParamsDict'> to str in serialization.
[2025-06-27T00:46:26.641+0000] {logging_mixin.py:188} INFO - [2025-06-27T00:46:26.640+0000] {serialized_objects.py:624} DEBUG - Cast type <class 'airflow.models.param.ParamsDict'> to str in serialization.
[2025-06-27T00:46:26.643+0000] {logging_mixin.py:188} INFO - [2025-06-27T00:46:26.643+0000] {serialized_objects.py:624} DEBUG - Cast type <class 'airflow.models.param.ParamsDict'> to str in serialization.
[2025-06-27T00:46:26.646+0000] {logging_mixin.py:188} INFO - [2025-06-27T00:46:26.646+0000] {serialized_objects.py:624} DEBUG - Cast type <class 'airflow.models.param.ParamsDict'> to str in serialization.
[2025-06-27T00:46:26.649+0000] {logging_mixin.py:188} INFO - [2025-06-27T00:46:26.649+0000] {serialized_objects.py:624} DEBUG - Cast type <class 'airflow.models.param.ParamsDict'> to str in serialization.
[2025-06-27T00:46:26.652+0000] {logging_mixin.py:188} INFO - [2025-06-27T00:46:26.651+0000] {serialized_objects.py:624} DEBUG - Cast type <class 'airflow.models.param.ParamsDict'> to str in serialization.
[2025-06-27T00:46:26.662+0000] {logging_mixin.py:188} INFO - [2025-06-27T00:46:26.662+0000] {serialized_dag.py:177} DEBUG - Serialized DAG (example_bash_operator) is unchanged. Skipping writing to DB
[2025-06-27T00:46:26.666+0000] {logging_mixin.py:188} INFO - [2025-06-27T00:46:26.666+0000] {dag.py:3096} INFO - Sync 1 DAGs
[2025-06-27T00:46:26.708+0000] {logging_mixin.py:188} INFO - [2025-06-27T00:46:26.708+0000] {dag.py:3954} INFO - Setting next_dagrun for example_bash_operator to 2025-06-26 00:00:00+00:00, run_after=2025-06-27 00:00:00+00:00
[2025-06-27T00:46:26.744+0000] {processor.py:183} INFO - Processing /home/airflow/.local/lib/python3.10/site-packages/airflow/example_dags/example_bash_operator.py took 0.192 seconds
[2025-06-27T00:46:57.111+0000] {logging_mixin.py:188} INFO - [2025-06-27T00:46:57.110+0000] {settings.py:250} DEBUG - Setting up DB connection pool (PID 16611)
[2025-06-27T00:46:57.113+0000] {logging_mixin.py:188} INFO - [2025-06-27T00:46:57.113+0000] {settings.py:330} DEBUG - settings.prepare_engine_args(): Using pool settings. pool_size=5, max_overflow=10, pool_recycle=1800, pid=16611
[2025-06-27T00:46:57.126+0000] {processor.py:161} INFO - Started process (PID=16611) to work on /home/airflow/.local/lib/python3.10/site-packages/airflow/example_dags/example_bash_operator.py
[2025-06-27T00:46:57.128+0000] {processor.py:830} INFO - Processing file /home/airflow/.local/lib/python3.10/site-packages/airflow/example_dags/example_bash_operator.py for tasks to queue
[2025-06-27T00:46:57.130+0000] {logging_mixin.py:188} INFO - [2025-06-27T00:46:57.130+0000] {dagbag.py:545} INFO - Filling up the DagBag from /home/airflow/.local/lib/python3.10/site-packages/airflow/example_dags/example_bash_operator.py
[2025-06-27T00:46:57.135+0000] {logging_mixin.py:188} INFO - [2025-06-27T00:46:57.134+0000] {dagbag.py:337} DEBUG - Importing /home/airflow/.local/lib/python3.10/site-packages/airflow/example_dags/example_bash_operator.py
[2025-06-27T00:46:57.145+0000] {logging_mixin.py:188} INFO - [2025-06-27T00:46:57.144+0000] {GetText.py:65} DEBUG - /home/airflow/.local/lib/python3.10/site-packages/cron_descriptor/locale/en_US.mo Loaded
[2025-06-27T00:46:57.165+0000] {logging_mixin.py:188} INFO - [2025-06-27T00:46:57.164+0000] {dagbag.py:511} DEBUG - Loaded DAG <DAG: example_bash_operator>
[2025-06-27T00:46:57.167+0000] {logging_mixin.py:188} INFO - [2025-06-27T00:46:57.167+0000] {dagbag.py:511} DEBUG - Loaded DAG <DAG: example_bash_operator>
[2025-06-27T00:46:57.168+0000] {processor.py:840} INFO - DAG(s) 'example_bash_operator' retrieved from /home/airflow/.local/lib/python3.10/site-packages/airflow/example_dags/example_bash_operator.py
[2025-06-27T00:46:57.171+0000] {logging_mixin.py:188} INFO - [2025-06-27T00:46:57.170+0000] {dagbag.py:667} DEBUG - Running dagbag.sync_to_db with retries. Try 1 of 3
[2025-06-27T00:46:57.172+0000] {logging_mixin.py:188} INFO - [2025-06-27T00:46:57.171+0000] {dagbag.py:672} DEBUG - Calling the DAG.bulk_sync_to_db method
[2025-06-27T00:46:57.192+0000] {logging_mixin.py:188} INFO - [2025-06-27T00:46:57.192+0000] {serialized_dag.py:166} DEBUG - Checking if DAG (example_bash_operator) changed
[2025-06-27T00:46:57.198+0000] {logging_mixin.py:188} INFO - [2025-06-27T00:46:57.197+0000] {serialized_objects.py:624} DEBUG - Cast type <class 'airflow.models.param.ParamsDict'> to str in serialization.
[2025-06-27T00:46:57.206+0000] {logging_mixin.py:188} INFO - [2025-06-27T00:46:57.206+0000] {serialized_objects.py:624} DEBUG - Cast type <class 'airflow.models.param.ParamsDict'> to str in serialization.
[2025-06-27T00:46:57.209+0000] {logging_mixin.py:188} INFO - [2025-06-27T00:46:57.209+0000] {serialized_objects.py:624} DEBUG - Cast type <class 'airflow.models.param.ParamsDict'> to str in serialization.
[2025-06-27T00:46:57.211+0000] {logging_mixin.py:188} INFO - [2025-06-27T00:46:57.211+0000] {serialized_objects.py:624} DEBUG - Cast type <class 'airflow.models.param.ParamsDict'> to str in serialization.
[2025-06-27T00:46:57.215+0000] {logging_mixin.py:188} INFO - [2025-06-27T00:46:57.215+0000] {serialized_objects.py:624} DEBUG - Cast type <class 'airflow.models.param.ParamsDict'> to str in serialization.
[2025-06-27T00:46:57.218+0000] {logging_mixin.py:188} INFO - [2025-06-27T00:46:57.218+0000] {serialized_objects.py:624} DEBUG - Cast type <class 'airflow.models.param.ParamsDict'> to str in serialization.
[2025-06-27T00:46:57.220+0000] {logging_mixin.py:188} INFO - [2025-06-27T00:46:57.220+0000] {serialized_objects.py:624} DEBUG - Cast type <class 'airflow.models.param.ParamsDict'> to str in serialization.
[2025-06-27T00:46:57.228+0000] {logging_mixin.py:188} INFO - [2025-06-27T00:46:57.227+0000] {serialized_dag.py:177} DEBUG - Serialized DAG (example_bash_operator) is unchanged. Skipping writing to DB
[2025-06-27T00:46:57.229+0000] {logging_mixin.py:188} INFO - [2025-06-27T00:46:57.229+0000] {dag.py:3096} INFO - Sync 1 DAGs
[2025-06-27T00:46:57.264+0000] {logging_mixin.py:188} INFO - [2025-06-27T00:46:57.264+0000] {dag.py:3954} INFO - Setting next_dagrun for example_bash_operator to 2025-06-26 00:00:00+00:00, run_after=2025-06-27 00:00:00+00:00
[2025-06-27T00:46:57.306+0000] {processor.py:183} INFO - Processing /home/airflow/.local/lib/python3.10/site-packages/airflow/example_dags/example_bash_operator.py took 0.196 seconds
[2025-06-27T00:47:28.051+0000] {logging_mixin.py:188} INFO - [2025-06-27T00:47:28.050+0000] {settings.py:250} DEBUG - Setting up DB connection pool (PID 16674)
[2025-06-27T00:47:28.053+0000] {logging_mixin.py:188} INFO - [2025-06-27T00:47:28.053+0000] {settings.py:330} DEBUG - settings.prepare_engine_args(): Using pool settings. pool_size=5, max_overflow=10, pool_recycle=1800, pid=16674
[2025-06-27T00:47:28.064+0000] {processor.py:161} INFO - Started process (PID=16674) to work on /home/airflow/.local/lib/python3.10/site-packages/airflow/example_dags/example_bash_operator.py
[2025-06-27T00:47:28.065+0000] {processor.py:830} INFO - Processing file /home/airflow/.local/lib/python3.10/site-packages/airflow/example_dags/example_bash_operator.py for tasks to queue
[2025-06-27T00:47:28.067+0000] {logging_mixin.py:188} INFO - [2025-06-27T00:47:28.067+0000] {dagbag.py:545} INFO - Filling up the DagBag from /home/airflow/.local/lib/python3.10/site-packages/airflow/example_dags/example_bash_operator.py
[2025-06-27T00:47:28.070+0000] {logging_mixin.py:188} INFO - [2025-06-27T00:47:28.070+0000] {dagbag.py:337} DEBUG - Importing /home/airflow/.local/lib/python3.10/site-packages/airflow/example_dags/example_bash_operator.py
[2025-06-27T00:47:28.076+0000] {logging_mixin.py:188} INFO - [2025-06-27T00:47:28.076+0000] {GetText.py:65} DEBUG - /home/airflow/.local/lib/python3.10/site-packages/cron_descriptor/locale/en_US.mo Loaded
[2025-06-27T00:47:28.093+0000] {logging_mixin.py:188} INFO - [2025-06-27T00:47:28.091+0000] {dagbag.py:511} DEBUG - Loaded DAG <DAG: example_bash_operator>
[2025-06-27T00:47:28.096+0000] {logging_mixin.py:188} INFO - [2025-06-27T00:47:28.095+0000] {dagbag.py:511} DEBUG - Loaded DAG <DAG: example_bash_operator>
[2025-06-27T00:47:28.096+0000] {processor.py:840} INFO - DAG(s) 'example_bash_operator' retrieved from /home/airflow/.local/lib/python3.10/site-packages/airflow/example_dags/example_bash_operator.py
[2025-06-27T00:47:28.099+0000] {logging_mixin.py:188} INFO - [2025-06-27T00:47:28.098+0000] {dagbag.py:667} DEBUG - Running dagbag.sync_to_db with retries. Try 1 of 3
[2025-06-27T00:47:28.099+0000] {logging_mixin.py:188} INFO - [2025-06-27T00:47:28.099+0000] {dagbag.py:672} DEBUG - Calling the DAG.bulk_sync_to_db method
[2025-06-27T00:47:28.125+0000] {logging_mixin.py:188} INFO - [2025-06-27T00:47:28.124+0000] {serialized_dag.py:166} DEBUG - Checking if DAG (example_bash_operator) changed
[2025-06-27T00:47:28.134+0000] {logging_mixin.py:188} INFO - [2025-06-27T00:47:28.133+0000] {serialized_objects.py:624} DEBUG - Cast type <class 'airflow.models.param.ParamsDict'> to str in serialization.
[2025-06-27T00:47:28.138+0000] {logging_mixin.py:188} INFO - [2025-06-27T00:47:28.138+0000] {serialized_objects.py:624} DEBUG - Cast type <class 'airflow.models.param.ParamsDict'> to str in serialization.
[2025-06-27T00:47:28.141+0000] {logging_mixin.py:188} INFO - [2025-06-27T00:47:28.141+0000] {serialized_objects.py:624} DEBUG - Cast type <class 'airflow.models.param.ParamsDict'> to str in serialization.
[2025-06-27T00:47:28.145+0000] {logging_mixin.py:188} INFO - [2025-06-27T00:47:28.145+0000] {serialized_objects.py:624} DEBUG - Cast type <class 'airflow.models.param.ParamsDict'> to str in serialization.
[2025-06-27T00:47:28.147+0000] {logging_mixin.py:188} INFO - [2025-06-27T00:47:28.147+0000] {serialized_objects.py:624} DEBUG - Cast type <class 'airflow.models.param.ParamsDict'> to str in serialization.
[2025-06-27T00:47:28.151+0000] {logging_mixin.py:188} INFO - [2025-06-27T00:47:28.150+0000] {serialized_objects.py:624} DEBUG - Cast type <class 'airflow.models.param.ParamsDict'> to str in serialization.
[2025-06-27T00:47:28.154+0000] {logging_mixin.py:188} INFO - [2025-06-27T00:47:28.154+0000] {serialized_objects.py:624} DEBUG - Cast type <class 'airflow.models.param.ParamsDict'> to str in serialization.
[2025-06-27T00:47:28.167+0000] {logging_mixin.py:188} INFO - [2025-06-27T00:47:28.166+0000] {serialized_dag.py:177} DEBUG - Serialized DAG (example_bash_operator) is unchanged. Skipping writing to DB
[2025-06-27T00:47:28.170+0000] {logging_mixin.py:188} INFO - [2025-06-27T00:47:28.169+0000] {dag.py:3096} INFO - Sync 1 DAGs
[2025-06-27T00:47:28.216+0000] {logging_mixin.py:188} INFO - [2025-06-27T00:47:28.216+0000] {dag.py:3954} INFO - Setting next_dagrun for example_bash_operator to 2025-06-26 00:00:00+00:00, run_after=2025-06-27 00:00:00+00:00
[2025-06-27T00:47:28.255+0000] {processor.py:183} INFO - Processing /home/airflow/.local/lib/python3.10/site-packages/airflow/example_dags/example_bash_operator.py took 0.205 seconds
[2025-06-27T00:47:58.836+0000] {logging_mixin.py:188} INFO - [2025-06-27T00:47:58.835+0000] {settings.py:250} DEBUG - Setting up DB connection pool (PID 16737)
[2025-06-27T00:47:58.838+0000] {logging_mixin.py:188} INFO - [2025-06-27T00:47:58.837+0000] {settings.py:330} DEBUG - settings.prepare_engine_args(): Using pool settings. pool_size=5, max_overflow=10, pool_recycle=1800, pid=16737
[2025-06-27T00:47:58.847+0000] {processor.py:161} INFO - Started process (PID=16737) to work on /home/airflow/.local/lib/python3.10/site-packages/airflow/example_dags/example_bash_operator.py
[2025-06-27T00:47:58.849+0000] {processor.py:830} INFO - Processing file /home/airflow/.local/lib/python3.10/site-packages/airflow/example_dags/example_bash_operator.py for tasks to queue
[2025-06-27T00:47:58.851+0000] {logging_mixin.py:188} INFO - [2025-06-27T00:47:58.850+0000] {dagbag.py:545} INFO - Filling up the DagBag from /home/airflow/.local/lib/python3.10/site-packages/airflow/example_dags/example_bash_operator.py
[2025-06-27T00:47:58.853+0000] {logging_mixin.py:188} INFO - [2025-06-27T00:47:58.853+0000] {dagbag.py:337} DEBUG - Importing /home/airflow/.local/lib/python3.10/site-packages/airflow/example_dags/example_bash_operator.py
[2025-06-27T00:47:58.859+0000] {logging_mixin.py:188} INFO - [2025-06-27T00:47:58.858+0000] {GetText.py:65} DEBUG - /home/airflow/.local/lib/python3.10/site-packages/cron_descriptor/locale/en_US.mo Loaded
[2025-06-27T00:47:58.875+0000] {logging_mixin.py:188} INFO - [2025-06-27T00:47:58.873+0000] {dagbag.py:511} DEBUG - Loaded DAG <DAG: example_bash_operator>
[2025-06-27T00:47:58.878+0000] {logging_mixin.py:188} INFO - [2025-06-27T00:47:58.877+0000] {dagbag.py:511} DEBUG - Loaded DAG <DAG: example_bash_operator>
[2025-06-27T00:47:58.879+0000] {processor.py:840} INFO - DAG(s) 'example_bash_operator' retrieved from /home/airflow/.local/lib/python3.10/site-packages/airflow/example_dags/example_bash_operator.py
[2025-06-27T00:47:58.881+0000] {logging_mixin.py:188} INFO - [2025-06-27T00:47:58.880+0000] {dagbag.py:667} DEBUG - Running dagbag.sync_to_db with retries. Try 1 of 3
[2025-06-27T00:47:58.881+0000] {logging_mixin.py:188} INFO - [2025-06-27T00:47:58.881+0000] {dagbag.py:672} DEBUG - Calling the DAG.bulk_sync_to_db method
[2025-06-27T00:47:58.907+0000] {logging_mixin.py:188} INFO - [2025-06-27T00:47:58.907+0000] {serialized_dag.py:166} DEBUG - Checking if DAG (example_bash_operator) changed
[2025-06-27T00:47:58.915+0000] {logging_mixin.py:188} INFO - [2025-06-27T00:47:58.914+0000] {serialized_objects.py:624} DEBUG - Cast type <class 'airflow.models.param.ParamsDict'> to str in serialization.
[2025-06-27T00:47:58.920+0000] {logging_mixin.py:188} INFO - [2025-06-27T00:47:58.920+0000] {serialized_objects.py:624} DEBUG - Cast type <class 'airflow.models.param.ParamsDict'> to str in serialization.
[2025-06-27T00:47:58.925+0000] {logging_mixin.py:188} INFO - [2025-06-27T00:47:58.924+0000] {serialized_objects.py:624} DEBUG - Cast type <class 'airflow.models.param.ParamsDict'> to str in serialization.
[2025-06-27T00:47:58.928+0000] {logging_mixin.py:188} INFO - [2025-06-27T00:47:58.927+0000] {serialized_objects.py:624} DEBUG - Cast type <class 'airflow.models.param.ParamsDict'> to str in serialization.
[2025-06-27T00:47:58.931+0000] {logging_mixin.py:188} INFO - [2025-06-27T00:47:58.930+0000] {serialized_objects.py:624} DEBUG - Cast type <class 'airflow.models.param.ParamsDict'> to str in serialization.
[2025-06-27T00:47:58.935+0000] {logging_mixin.py:188} INFO - [2025-06-27T00:47:58.935+0000] {serialized_objects.py:624} DEBUG - Cast type <class 'airflow.models.param.ParamsDict'> to str in serialization.
[2025-06-27T00:47:58.938+0000] {logging_mixin.py:188} INFO - [2025-06-27T00:47:58.937+0000] {serialized_objects.py:624} DEBUG - Cast type <class 'airflow.models.param.ParamsDict'> to str in serialization.
[2025-06-27T00:47:58.949+0000] {logging_mixin.py:188} INFO - [2025-06-27T00:47:58.948+0000] {serialized_dag.py:177} DEBUG - Serialized DAG (example_bash_operator) is unchanged. Skipping writing to DB
[2025-06-27T00:47:58.950+0000] {logging_mixin.py:188} INFO - [2025-06-27T00:47:58.949+0000] {dag.py:3096} INFO - Sync 1 DAGs
[2025-06-27T00:47:58.992+0000] {logging_mixin.py:188} INFO - [2025-06-27T00:47:58.991+0000] {dag.py:3954} INFO - Setting next_dagrun for example_bash_operator to 2025-06-26 00:00:00+00:00, run_after=2025-06-27 00:00:00+00:00
[2025-06-27T00:47:59.028+0000] {processor.py:183} INFO - Processing /home/airflow/.local/lib/python3.10/site-packages/airflow/example_dags/example_bash_operator.py took 0.194 seconds
[2025-06-27T00:48:29.209+0000] {logging_mixin.py:188} INFO - [2025-06-27T00:48:29.207+0000] {settings.py:250} DEBUG - Setting up DB connection pool (PID 16800)
[2025-06-27T00:48:29.210+0000] {logging_mixin.py:188} INFO - [2025-06-27T00:48:29.210+0000] {settings.py:330} DEBUG - settings.prepare_engine_args(): Using pool settings. pool_size=5, max_overflow=10, pool_recycle=1800, pid=16800
[2025-06-27T00:48:29.224+0000] {processor.py:161} INFO - Started process (PID=16800) to work on /home/airflow/.local/lib/python3.10/site-packages/airflow/example_dags/example_bash_operator.py
[2025-06-27T00:48:29.225+0000] {processor.py:830} INFO - Processing file /home/airflow/.local/lib/python3.10/site-packages/airflow/example_dags/example_bash_operator.py for tasks to queue
[2025-06-27T00:48:29.227+0000] {logging_mixin.py:188} INFO - [2025-06-27T00:48:29.227+0000] {dagbag.py:545} INFO - Filling up the DagBag from /home/airflow/.local/lib/python3.10/site-packages/airflow/example_dags/example_bash_operator.py
[2025-06-27T00:48:29.229+0000] {logging_mixin.py:188} INFO - [2025-06-27T00:48:29.229+0000] {dagbag.py:337} DEBUG - Importing /home/airflow/.local/lib/python3.10/site-packages/airflow/example_dags/example_bash_operator.py
[2025-06-27T00:48:29.234+0000] {logging_mixin.py:188} INFO - [2025-06-27T00:48:29.234+0000] {GetText.py:65} DEBUG - /home/airflow/.local/lib/python3.10/site-packages/cron_descriptor/locale/en_US.mo Loaded
[2025-06-27T00:48:29.251+0000] {logging_mixin.py:188} INFO - [2025-06-27T00:48:29.249+0000] {dagbag.py:511} DEBUG - Loaded DAG <DAG: example_bash_operator>
[2025-06-27T00:48:29.255+0000] {logging_mixin.py:188} INFO - [2025-06-27T00:48:29.255+0000] {dagbag.py:511} DEBUG - Loaded DAG <DAG: example_bash_operator>
[2025-06-27T00:48:29.256+0000] {processor.py:840} INFO - DAG(s) 'example_bash_operator' retrieved from /home/airflow/.local/lib/python3.10/site-packages/airflow/example_dags/example_bash_operator.py
[2025-06-27T00:48:29.259+0000] {logging_mixin.py:188} INFO - [2025-06-27T00:48:29.259+0000] {dagbag.py:667} DEBUG - Running dagbag.sync_to_db with retries. Try 1 of 3
[2025-06-27T00:48:29.261+0000] {logging_mixin.py:188} INFO - [2025-06-27T00:48:29.260+0000] {dagbag.py:672} DEBUG - Calling the DAG.bulk_sync_to_db method
[2025-06-27T00:48:29.286+0000] {logging_mixin.py:188} INFO - [2025-06-27T00:48:29.286+0000] {serialized_dag.py:166} DEBUG - Checking if DAG (example_bash_operator) changed
[2025-06-27T00:48:29.299+0000] {logging_mixin.py:188} INFO - [2025-06-27T00:48:29.298+0000] {serialized_objects.py:624} DEBUG - Cast type <class 'airflow.models.param.ParamsDict'> to str in serialization.
[2025-06-27T00:48:29.303+0000] {logging_mixin.py:188} INFO - [2025-06-27T00:48:29.302+0000] {serialized_objects.py:624} DEBUG - Cast type <class 'airflow.models.param.ParamsDict'> to str in serialization.
[2025-06-27T00:48:29.308+0000] {logging_mixin.py:188} INFO - [2025-06-27T00:48:29.307+0000] {serialized_objects.py:624} DEBUG - Cast type <class 'airflow.models.param.ParamsDict'> to str in serialization.
[2025-06-27T00:48:29.311+0000] {logging_mixin.py:188} INFO - [2025-06-27T00:48:29.311+0000] {serialized_objects.py:624} DEBUG - Cast type <class 'airflow.models.param.ParamsDict'> to str in serialization.
[2025-06-27T00:48:29.314+0000] {logging_mixin.py:188} INFO - [2025-06-27T00:48:29.313+0000] {serialized_objects.py:624} DEBUG - Cast type <class 'airflow.models.param.ParamsDict'> to str in serialization.
[2025-06-27T00:48:29.316+0000] {logging_mixin.py:188} INFO - [2025-06-27T00:48:29.316+0000] {serialized_objects.py:624} DEBUG - Cast type <class 'airflow.models.param.ParamsDict'> to str in serialization.
[2025-06-27T00:48:29.320+0000] {logging_mixin.py:188} INFO - [2025-06-27T00:48:29.320+0000] {serialized_objects.py:624} DEBUG - Cast type <class 'airflow.models.param.ParamsDict'> to str in serialization.
[2025-06-27T00:48:29.329+0000] {logging_mixin.py:188} INFO - [2025-06-27T00:48:29.329+0000] {serialized_dag.py:177} DEBUG - Serialized DAG (example_bash_operator) is unchanged. Skipping writing to DB
[2025-06-27T00:48:29.331+0000] {logging_mixin.py:188} INFO - [2025-06-27T00:48:29.330+0000] {dag.py:3096} INFO - Sync 1 DAGs
[2025-06-27T00:48:29.370+0000] {logging_mixin.py:188} INFO - [2025-06-27T00:48:29.370+0000] {dag.py:3954} INFO - Setting next_dagrun for example_bash_operator to 2025-06-26 00:00:00+00:00, run_after=2025-06-27 00:00:00+00:00
[2025-06-27T00:48:29.405+0000] {processor.py:183} INFO - Processing /home/airflow/.local/lib/python3.10/site-packages/airflow/example_dags/example_bash_operator.py took 0.198 seconds
[2025-06-27T00:49:00.190+0000] {logging_mixin.py:188} INFO - [2025-06-27T00:49:00.188+0000] {settings.py:250} DEBUG - Setting up DB connection pool (PID 16863)
[2025-06-27T00:49:00.193+0000] {logging_mixin.py:188} INFO - [2025-06-27T00:49:00.192+0000] {settings.py:330} DEBUG - settings.prepare_engine_args(): Using pool settings. pool_size=5, max_overflow=10, pool_recycle=1800, pid=16863
[2025-06-27T00:49:00.208+0000] {processor.py:161} INFO - Started process (PID=16863) to work on /home/airflow/.local/lib/python3.10/site-packages/airflow/example_dags/example_bash_operator.py
[2025-06-27T00:49:00.210+0000] {processor.py:830} INFO - Processing file /home/airflow/.local/lib/python3.10/site-packages/airflow/example_dags/example_bash_operator.py for tasks to queue
[2025-06-27T00:49:00.211+0000] {logging_mixin.py:188} INFO - [2025-06-27T00:49:00.211+0000] {dagbag.py:545} INFO - Filling up the DagBag from /home/airflow/.local/lib/python3.10/site-packages/airflow/example_dags/example_bash_operator.py
[2025-06-27T00:49:00.214+0000] {logging_mixin.py:188} INFO - [2025-06-27T00:49:00.214+0000] {dagbag.py:337} DEBUG - Importing /home/airflow/.local/lib/python3.10/site-packages/airflow/example_dags/example_bash_operator.py
[2025-06-27T00:49:00.219+0000] {logging_mixin.py:188} INFO - [2025-06-27T00:49:00.219+0000] {GetText.py:65} DEBUG - /home/airflow/.local/lib/python3.10/site-packages/cron_descriptor/locale/en_US.mo Loaded
[2025-06-27T00:49:00.234+0000] {logging_mixin.py:188} INFO - [2025-06-27T00:49:00.232+0000] {dagbag.py:511} DEBUG - Loaded DAG <DAG: example_bash_operator>
[2025-06-27T00:49:00.236+0000] {logging_mixin.py:188} INFO - [2025-06-27T00:49:00.236+0000] {dagbag.py:511} DEBUG - Loaded DAG <DAG: example_bash_operator>
[2025-06-27T00:49:00.237+0000] {processor.py:840} INFO - DAG(s) 'example_bash_operator' retrieved from /home/airflow/.local/lib/python3.10/site-packages/airflow/example_dags/example_bash_operator.py
[2025-06-27T00:49:00.239+0000] {logging_mixin.py:188} INFO - [2025-06-27T00:49:00.238+0000] {dagbag.py:667} DEBUG - Running dagbag.sync_to_db with retries. Try 1 of 3
[2025-06-27T00:49:00.239+0000] {logging_mixin.py:188} INFO - [2025-06-27T00:49:00.239+0000] {dagbag.py:672} DEBUG - Calling the DAG.bulk_sync_to_db method
[2025-06-27T00:49:00.260+0000] {logging_mixin.py:188} INFO - [2025-06-27T00:49:00.259+0000] {serialized_dag.py:166} DEBUG - Checking if DAG (example_bash_operator) changed
[2025-06-27T00:49:00.268+0000] {logging_mixin.py:188} INFO - [2025-06-27T00:49:00.267+0000] {serialized_objects.py:624} DEBUG - Cast type <class 'airflow.models.param.ParamsDict'> to str in serialization.
[2025-06-27T00:49:00.272+0000] {logging_mixin.py:188} INFO - [2025-06-27T00:49:00.272+0000] {serialized_objects.py:624} DEBUG - Cast type <class 'airflow.models.param.ParamsDict'> to str in serialization.
[2025-06-27T00:49:00.276+0000] {logging_mixin.py:188} INFO - [2025-06-27T00:49:00.276+0000] {serialized_objects.py:624} DEBUG - Cast type <class 'airflow.models.param.ParamsDict'> to str in serialization.
[2025-06-27T00:49:00.280+0000] {logging_mixin.py:188} INFO - [2025-06-27T00:49:00.280+0000] {serialized_objects.py:624} DEBUG - Cast type <class 'airflow.models.param.ParamsDict'> to str in serialization.
[2025-06-27T00:49:00.283+0000] {logging_mixin.py:188} INFO - [2025-06-27T00:49:00.283+0000] {serialized_objects.py:624} DEBUG - Cast type <class 'airflow.models.param.ParamsDict'> to str in serialization.
[2025-06-27T00:49:00.286+0000] {logging_mixin.py:188} INFO - [2025-06-27T00:49:00.285+0000] {serialized_objects.py:624} DEBUG - Cast type <class 'airflow.models.param.ParamsDict'> to str in serialization.
[2025-06-27T00:49:00.288+0000] {logging_mixin.py:188} INFO - [2025-06-27T00:49:00.288+0000] {serialized_objects.py:624} DEBUG - Cast type <class 'airflow.models.param.ParamsDict'> to str in serialization.
[2025-06-27T00:49:00.300+0000] {logging_mixin.py:188} INFO - [2025-06-27T00:49:00.299+0000] {serialized_dag.py:177} DEBUG - Serialized DAG (example_bash_operator) is unchanged. Skipping writing to DB
[2025-06-27T00:49:00.301+0000] {logging_mixin.py:188} INFO - [2025-06-27T00:49:00.301+0000] {dag.py:3096} INFO - Sync 1 DAGs
[2025-06-27T00:49:00.342+0000] {logging_mixin.py:188} INFO - [2025-06-27T00:49:00.342+0000] {dag.py:3954} INFO - Setting next_dagrun for example_bash_operator to 2025-06-26 00:00:00+00:00, run_after=2025-06-27 00:00:00+00:00
[2025-06-27T00:49:00.376+0000] {processor.py:183} INFO - Processing /home/airflow/.local/lib/python3.10/site-packages/airflow/example_dags/example_bash_operator.py took 0.192 seconds
[2025-06-27T00:49:30.485+0000] {logging_mixin.py:188} INFO - [2025-06-27T00:49:30.484+0000] {settings.py:250} DEBUG - Setting up DB connection pool (PID 16926)
[2025-06-27T00:49:30.487+0000] {logging_mixin.py:188} INFO - [2025-06-27T00:49:30.487+0000] {settings.py:330} DEBUG - settings.prepare_engine_args(): Using pool settings. pool_size=5, max_overflow=10, pool_recycle=1800, pid=16926
[2025-06-27T00:49:30.498+0000] {processor.py:161} INFO - Started process (PID=16926) to work on /home/airflow/.local/lib/python3.10/site-packages/airflow/example_dags/example_bash_operator.py
[2025-06-27T00:49:30.499+0000] {processor.py:830} INFO - Processing file /home/airflow/.local/lib/python3.10/site-packages/airflow/example_dags/example_bash_operator.py for tasks to queue
[2025-06-27T00:49:30.500+0000] {logging_mixin.py:188} INFO - [2025-06-27T00:49:30.500+0000] {dagbag.py:545} INFO - Filling up the DagBag from /home/airflow/.local/lib/python3.10/site-packages/airflow/example_dags/example_bash_operator.py
[2025-06-27T00:49:30.502+0000] {logging_mixin.py:188} INFO - [2025-06-27T00:49:30.502+0000] {dagbag.py:337} DEBUG - Importing /home/airflow/.local/lib/python3.10/site-packages/airflow/example_dags/example_bash_operator.py
[2025-06-27T00:49:30.506+0000] {logging_mixin.py:188} INFO - [2025-06-27T00:49:30.506+0000] {GetText.py:65} DEBUG - /home/airflow/.local/lib/python3.10/site-packages/cron_descriptor/locale/en_US.mo Loaded
[2025-06-27T00:49:30.519+0000] {logging_mixin.py:188} INFO - [2025-06-27T00:49:30.518+0000] {dagbag.py:511} DEBUG - Loaded DAG <DAG: example_bash_operator>
[2025-06-27T00:49:30.521+0000] {logging_mixin.py:188} INFO - [2025-06-27T00:49:30.521+0000] {dagbag.py:511} DEBUG - Loaded DAG <DAG: example_bash_operator>
[2025-06-27T00:49:30.521+0000] {processor.py:840} INFO - DAG(s) 'example_bash_operator' retrieved from /home/airflow/.local/lib/python3.10/site-packages/airflow/example_dags/example_bash_operator.py
[2025-06-27T00:49:30.523+0000] {logging_mixin.py:188} INFO - [2025-06-27T00:49:30.523+0000] {dagbag.py:667} DEBUG - Running dagbag.sync_to_db with retries. Try 1 of 3
[2025-06-27T00:49:30.525+0000] {logging_mixin.py:188} INFO - [2025-06-27T00:49:30.524+0000] {dagbag.py:672} DEBUG - Calling the DAG.bulk_sync_to_db method
[2025-06-27T00:49:30.545+0000] {logging_mixin.py:188} INFO - [2025-06-27T00:49:30.544+0000] {serialized_dag.py:166} DEBUG - Checking if DAG (example_bash_operator) changed
[2025-06-27T00:49:30.550+0000] {logging_mixin.py:188} INFO - [2025-06-27T00:49:30.549+0000] {serialized_objects.py:624} DEBUG - Cast type <class 'airflow.models.param.ParamsDict'> to str in serialization.
[2025-06-27T00:49:30.553+0000] {logging_mixin.py:188} INFO - [2025-06-27T00:49:30.552+0000] {serialized_objects.py:624} DEBUG - Cast type <class 'airflow.models.param.ParamsDict'> to str in serialization.
[2025-06-27T00:49:30.555+0000] {logging_mixin.py:188} INFO - [2025-06-27T00:49:30.555+0000] {serialized_objects.py:624} DEBUG - Cast type <class 'airflow.models.param.ParamsDict'> to str in serialization.
[2025-06-27T00:49:30.558+0000] {logging_mixin.py:188} INFO - [2025-06-27T00:49:30.558+0000] {serialized_objects.py:624} DEBUG - Cast type <class 'airflow.models.param.ParamsDict'> to str in serialization.
[2025-06-27T00:49:30.561+0000] {logging_mixin.py:188} INFO - [2025-06-27T00:49:30.561+0000] {serialized_objects.py:624} DEBUG - Cast type <class 'airflow.models.param.ParamsDict'> to str in serialization.
[2025-06-27T00:49:30.563+0000] {logging_mixin.py:188} INFO - [2025-06-27T00:49:30.563+0000] {serialized_objects.py:624} DEBUG - Cast type <class 'airflow.models.param.ParamsDict'> to str in serialization.
[2025-06-27T00:49:30.565+0000] {logging_mixin.py:188} INFO - [2025-06-27T00:49:30.565+0000] {serialized_objects.py:624} DEBUG - Cast type <class 'airflow.models.param.ParamsDict'> to str in serialization.
[2025-06-27T00:49:30.572+0000] {logging_mixin.py:188} INFO - [2025-06-27T00:49:30.572+0000] {serialized_dag.py:177} DEBUG - Serialized DAG (example_bash_operator) is unchanged. Skipping writing to DB
[2025-06-27T00:49:30.573+0000] {logging_mixin.py:188} INFO - [2025-06-27T00:49:30.573+0000] {dag.py:3096} INFO - Sync 1 DAGs
[2025-06-27T00:49:30.600+0000] {logging_mixin.py:188} INFO - [2025-06-27T00:49:30.600+0000] {dag.py:3954} INFO - Setting next_dagrun for example_bash_operator to 2025-06-26 00:00:00+00:00, run_after=2025-06-27 00:00:00+00:00
[2025-06-27T00:49:30.636+0000] {processor.py:183} INFO - Processing /home/airflow/.local/lib/python3.10/site-packages/airflow/example_dags/example_bash_operator.py took 0.152 seconds
[2025-06-27T00:50:01.137+0000] {logging_mixin.py:188} INFO - [2025-06-27T00:50:01.136+0000] {settings.py:250} DEBUG - Setting up DB connection pool (PID 16989)
[2025-06-27T00:50:01.139+0000] {logging_mixin.py:188} INFO - [2025-06-27T00:50:01.139+0000] {settings.py:330} DEBUG - settings.prepare_engine_args(): Using pool settings. pool_size=5, max_overflow=10, pool_recycle=1800, pid=16989
[2025-06-27T00:50:01.152+0000] {processor.py:161} INFO - Started process (PID=16989) to work on /home/airflow/.local/lib/python3.10/site-packages/airflow/example_dags/example_bash_operator.py
[2025-06-27T00:50:01.154+0000] {processor.py:830} INFO - Processing file /home/airflow/.local/lib/python3.10/site-packages/airflow/example_dags/example_bash_operator.py for tasks to queue
[2025-06-27T00:50:01.156+0000] {logging_mixin.py:188} INFO - [2025-06-27T00:50:01.155+0000] {dagbag.py:545} INFO - Filling up the DagBag from /home/airflow/.local/lib/python3.10/site-packages/airflow/example_dags/example_bash_operator.py
[2025-06-27T00:50:01.159+0000] {logging_mixin.py:188} INFO - [2025-06-27T00:50:01.158+0000] {dagbag.py:337} DEBUG - Importing /home/airflow/.local/lib/python3.10/site-packages/airflow/example_dags/example_bash_operator.py
[2025-06-27T00:50:01.164+0000] {logging_mixin.py:188} INFO - [2025-06-27T00:50:01.163+0000] {GetText.py:65} DEBUG - /home/airflow/.local/lib/python3.10/site-packages/cron_descriptor/locale/en_US.mo Loaded
[2025-06-27T00:50:01.178+0000] {logging_mixin.py:188} INFO - [2025-06-27T00:50:01.176+0000] {dagbag.py:511} DEBUG - Loaded DAG <DAG: example_bash_operator>
[2025-06-27T00:50:01.180+0000] {logging_mixin.py:188} INFO - [2025-06-27T00:50:01.180+0000] {dagbag.py:511} DEBUG - Loaded DAG <DAG: example_bash_operator>
[2025-06-27T00:50:01.181+0000] {processor.py:840} INFO - DAG(s) 'example_bash_operator' retrieved from /home/airflow/.local/lib/python3.10/site-packages/airflow/example_dags/example_bash_operator.py
[2025-06-27T00:50:01.184+0000] {logging_mixin.py:188} INFO - [2025-06-27T00:50:01.183+0000] {dagbag.py:667} DEBUG - Running dagbag.sync_to_db with retries. Try 1 of 3
[2025-06-27T00:50:01.185+0000] {logging_mixin.py:188} INFO - [2025-06-27T00:50:01.184+0000] {dagbag.py:672} DEBUG - Calling the DAG.bulk_sync_to_db method
[2025-06-27T00:50:01.207+0000] {logging_mixin.py:188} INFO - [2025-06-27T00:50:01.206+0000] {serialized_dag.py:166} DEBUG - Checking if DAG (example_bash_operator) changed
[2025-06-27T00:50:01.212+0000] {logging_mixin.py:188} INFO - [2025-06-27T00:50:01.212+0000] {serialized_objects.py:624} DEBUG - Cast type <class 'airflow.models.param.ParamsDict'> to str in serialization.
[2025-06-27T00:50:01.216+0000] {logging_mixin.py:188} INFO - [2025-06-27T00:50:01.215+0000] {serialized_objects.py:624} DEBUG - Cast type <class 'airflow.models.param.ParamsDict'> to str in serialization.
[2025-06-27T00:50:01.218+0000] {logging_mixin.py:188} INFO - [2025-06-27T00:50:01.218+0000] {serialized_objects.py:624} DEBUG - Cast type <class 'airflow.models.param.ParamsDict'> to str in serialization.
[2025-06-27T00:50:01.221+0000] {logging_mixin.py:188} INFO - [2025-06-27T00:50:01.220+0000] {serialized_objects.py:624} DEBUG - Cast type <class 'airflow.models.param.ParamsDict'> to str in serialization.
[2025-06-27T00:50:01.223+0000] {logging_mixin.py:188} INFO - [2025-06-27T00:50:01.223+0000] {serialized_objects.py:624} DEBUG - Cast type <class 'airflow.models.param.ParamsDict'> to str in serialization.
[2025-06-27T00:50:01.225+0000] {logging_mixin.py:188} INFO - [2025-06-27T00:50:01.225+0000] {serialized_objects.py:624} DEBUG - Cast type <class 'airflow.models.param.ParamsDict'> to str in serialization.
[2025-06-27T00:50:01.227+0000] {logging_mixin.py:188} INFO - [2025-06-27T00:50:01.227+0000] {serialized_objects.py:624} DEBUG - Cast type <class 'airflow.models.param.ParamsDict'> to str in serialization.
[2025-06-27T00:50:01.235+0000] {logging_mixin.py:188} INFO - [2025-06-27T00:50:01.235+0000] {serialized_dag.py:177} DEBUG - Serialized DAG (example_bash_operator) is unchanged. Skipping writing to DB
[2025-06-27T00:50:01.236+0000] {logging_mixin.py:188} INFO - [2025-06-27T00:50:01.236+0000] {dag.py:3096} INFO - Sync 1 DAGs
[2025-06-27T00:50:01.275+0000] {logging_mixin.py:188} INFO - [2025-06-27T00:50:01.274+0000] {dag.py:3954} INFO - Setting next_dagrun for example_bash_operator to 2025-06-26 00:00:00+00:00, run_after=2025-06-27 00:00:00+00:00
[2025-06-27T00:50:01.301+0000] {processor.py:183} INFO - Processing /home/airflow/.local/lib/python3.10/site-packages/airflow/example_dags/example_bash_operator.py took 0.166 seconds
[2025-06-27T00:50:31.645+0000] {logging_mixin.py:188} INFO - [2025-06-27T00:50:31.644+0000] {settings.py:250} DEBUG - Setting up DB connection pool (PID 17053)
[2025-06-27T00:50:31.647+0000] {logging_mixin.py:188} INFO - [2025-06-27T00:50:31.647+0000] {settings.py:330} DEBUG - settings.prepare_engine_args(): Using pool settings. pool_size=5, max_overflow=10, pool_recycle=1800, pid=17053
[2025-06-27T00:50:31.658+0000] {processor.py:161} INFO - Started process (PID=17053) to work on /home/airflow/.local/lib/python3.10/site-packages/airflow/example_dags/example_bash_operator.py
[2025-06-27T00:50:31.660+0000] {processor.py:830} INFO - Processing file /home/airflow/.local/lib/python3.10/site-packages/airflow/example_dags/example_bash_operator.py for tasks to queue
[2025-06-27T00:50:31.661+0000] {logging_mixin.py:188} INFO - [2025-06-27T00:50:31.661+0000] {dagbag.py:545} INFO - Filling up the DagBag from /home/airflow/.local/lib/python3.10/site-packages/airflow/example_dags/example_bash_operator.py
[2025-06-27T00:50:31.664+0000] {logging_mixin.py:188} INFO - [2025-06-27T00:50:31.664+0000] {dagbag.py:337} DEBUG - Importing /home/airflow/.local/lib/python3.10/site-packages/airflow/example_dags/example_bash_operator.py
[2025-06-27T00:50:31.670+0000] {logging_mixin.py:188} INFO - [2025-06-27T00:50:31.669+0000] {GetText.py:65} DEBUG - /home/airflow/.local/lib/python3.10/site-packages/cron_descriptor/locale/en_US.mo Loaded
[2025-06-27T00:50:31.685+0000] {logging_mixin.py:188} INFO - [2025-06-27T00:50:31.683+0000] {dagbag.py:511} DEBUG - Loaded DAG <DAG: example_bash_operator>
[2025-06-27T00:50:31.688+0000] {logging_mixin.py:188} INFO - [2025-06-27T00:50:31.688+0000] {dagbag.py:511} DEBUG - Loaded DAG <DAG: example_bash_operator>
[2025-06-27T00:50:31.689+0000] {processor.py:840} INFO - DAG(s) 'example_bash_operator' retrieved from /home/airflow/.local/lib/python3.10/site-packages/airflow/example_dags/example_bash_operator.py
[2025-06-27T00:50:31.692+0000] {logging_mixin.py:188} INFO - [2025-06-27T00:50:31.692+0000] {dagbag.py:667} DEBUG - Running dagbag.sync_to_db with retries. Try 1 of 3
[2025-06-27T00:50:31.693+0000] {logging_mixin.py:188} INFO - [2025-06-27T00:50:31.693+0000] {dagbag.py:672} DEBUG - Calling the DAG.bulk_sync_to_db method
[2025-06-27T00:50:31.722+0000] {logging_mixin.py:188} INFO - [2025-06-27T00:50:31.721+0000] {serialized_dag.py:166} DEBUG - Checking if DAG (example_bash_operator) changed
[2025-06-27T00:50:31.730+0000] {logging_mixin.py:188} INFO - [2025-06-27T00:50:31.729+0000] {serialized_objects.py:624} DEBUG - Cast type <class 'airflow.models.param.ParamsDict'> to str in serialization.
[2025-06-27T00:50:31.734+0000] {logging_mixin.py:188} INFO - [2025-06-27T00:50:31.734+0000] {serialized_objects.py:624} DEBUG - Cast type <class 'airflow.models.param.ParamsDict'> to str in serialization.
[2025-06-27T00:50:31.737+0000] {logging_mixin.py:188} INFO - [2025-06-27T00:50:31.736+0000] {serialized_objects.py:624} DEBUG - Cast type <class 'airflow.models.param.ParamsDict'> to str in serialization.
[2025-06-27T00:50:31.739+0000] {logging_mixin.py:188} INFO - [2025-06-27T00:50:31.739+0000] {serialized_objects.py:624} DEBUG - Cast type <class 'airflow.models.param.ParamsDict'> to str in serialization.
[2025-06-27T00:50:31.743+0000] {logging_mixin.py:188} INFO - [2025-06-27T00:50:31.742+0000] {serialized_objects.py:624} DEBUG - Cast type <class 'airflow.models.param.ParamsDict'> to str in serialization.
[2025-06-27T00:50:31.745+0000] {logging_mixin.py:188} INFO - [2025-06-27T00:50:31.745+0000] {serialized_objects.py:624} DEBUG - Cast type <class 'airflow.models.param.ParamsDict'> to str in serialization.
[2025-06-27T00:50:31.748+0000] {logging_mixin.py:188} INFO - [2025-06-27T00:50:31.747+0000] {serialized_objects.py:624} DEBUG - Cast type <class 'airflow.models.param.ParamsDict'> to str in serialization.
[2025-06-27T00:50:31.758+0000] {logging_mixin.py:188} INFO - [2025-06-27T00:50:31.758+0000] {serialized_dag.py:177} DEBUG - Serialized DAG (example_bash_operator) is unchanged. Skipping writing to DB
[2025-06-27T00:50:31.759+0000] {logging_mixin.py:188} INFO - [2025-06-27T00:50:31.759+0000] {dag.py:3096} INFO - Sync 1 DAGs
[2025-06-27T00:50:31.803+0000] {logging_mixin.py:188} INFO - [2025-06-27T00:50:31.802+0000] {dag.py:3954} INFO - Setting next_dagrun for example_bash_operator to 2025-06-26 00:00:00+00:00, run_after=2025-06-27 00:00:00+00:00
[2025-06-27T00:50:31.839+0000] {processor.py:183} INFO - Processing /home/airflow/.local/lib/python3.10/site-packages/airflow/example_dags/example_bash_operator.py took 0.195 seconds
[2025-06-27T00:51:02.141+0000] {logging_mixin.py:188} INFO - [2025-06-27T00:51:02.139+0000] {settings.py:250} DEBUG - Setting up DB connection pool (PID 17114)
[2025-06-27T00:51:02.144+0000] {logging_mixin.py:188} INFO - [2025-06-27T00:51:02.144+0000] {settings.py:330} DEBUG - settings.prepare_engine_args(): Using pool settings. pool_size=5, max_overflow=10, pool_recycle=1800, pid=17114
[2025-06-27T00:51:02.157+0000] {processor.py:161} INFO - Started process (PID=17114) to work on /home/airflow/.local/lib/python3.10/site-packages/airflow/example_dags/example_bash_operator.py
[2025-06-27T00:51:02.160+0000] {processor.py:830} INFO - Processing file /home/airflow/.local/lib/python3.10/site-packages/airflow/example_dags/example_bash_operator.py for tasks to queue
[2025-06-27T00:51:02.162+0000] {logging_mixin.py:188} INFO - [2025-06-27T00:51:02.161+0000] {dagbag.py:545} INFO - Filling up the DagBag from /home/airflow/.local/lib/python3.10/site-packages/airflow/example_dags/example_bash_operator.py
[2025-06-27T00:51:02.165+0000] {logging_mixin.py:188} INFO - [2025-06-27T00:51:02.165+0000] {dagbag.py:337} DEBUG - Importing /home/airflow/.local/lib/python3.10/site-packages/airflow/example_dags/example_bash_operator.py
[2025-06-27T00:51:02.172+0000] {logging_mixin.py:188} INFO - [2025-06-27T00:51:02.172+0000] {GetText.py:65} DEBUG - /home/airflow/.local/lib/python3.10/site-packages/cron_descriptor/locale/en_US.mo Loaded
[2025-06-27T00:51:02.187+0000] {logging_mixin.py:188} INFO - [2025-06-27T00:51:02.185+0000] {dagbag.py:511} DEBUG - Loaded DAG <DAG: example_bash_operator>
[2025-06-27T00:51:02.190+0000] {logging_mixin.py:188} INFO - [2025-06-27T00:51:02.189+0000] {dagbag.py:511} DEBUG - Loaded DAG <DAG: example_bash_operator>
[2025-06-27T00:51:02.190+0000] {processor.py:840} INFO - DAG(s) 'example_bash_operator' retrieved from /home/airflow/.local/lib/python3.10/site-packages/airflow/example_dags/example_bash_operator.py
[2025-06-27T00:51:02.193+0000] {logging_mixin.py:188} INFO - [2025-06-27T00:51:02.192+0000] {dagbag.py:667} DEBUG - Running dagbag.sync_to_db with retries. Try 1 of 3
[2025-06-27T00:51:02.194+0000] {logging_mixin.py:188} INFO - [2025-06-27T00:51:02.193+0000] {dagbag.py:672} DEBUG - Calling the DAG.bulk_sync_to_db method
[2025-06-27T00:51:02.221+0000] {logging_mixin.py:188} INFO - [2025-06-27T00:51:02.220+0000] {serialized_dag.py:166} DEBUG - Checking if DAG (example_bash_operator) changed
[2025-06-27T00:51:02.229+0000] {logging_mixin.py:188} INFO - [2025-06-27T00:51:02.228+0000] {serialized_objects.py:624} DEBUG - Cast type <class 'airflow.models.param.ParamsDict'> to str in serialization.
[2025-06-27T00:51:02.233+0000] {logging_mixin.py:188} INFO - [2025-06-27T00:51:02.233+0000] {serialized_objects.py:624} DEBUG - Cast type <class 'airflow.models.param.ParamsDict'> to str in serialization.
[2025-06-27T00:51:02.236+0000] {logging_mixin.py:188} INFO - [2025-06-27T00:51:02.236+0000] {serialized_objects.py:624} DEBUG - Cast type <class 'airflow.models.param.ParamsDict'> to str in serialization.
[2025-06-27T00:51:02.241+0000] {logging_mixin.py:188} INFO - [2025-06-27T00:51:02.241+0000] {serialized_objects.py:624} DEBUG - Cast type <class 'airflow.models.param.ParamsDict'> to str in serialization.
[2025-06-27T00:51:02.246+0000] {logging_mixin.py:188} INFO - [2025-06-27T00:51:02.245+0000] {serialized_objects.py:624} DEBUG - Cast type <class 'airflow.models.param.ParamsDict'> to str in serialization.
[2025-06-27T00:51:02.251+0000] {logging_mixin.py:188} INFO - [2025-06-27T00:51:02.250+0000] {serialized_objects.py:624} DEBUG - Cast type <class 'airflow.models.param.ParamsDict'> to str in serialization.
[2025-06-27T00:51:02.256+0000] {logging_mixin.py:188} INFO - [2025-06-27T00:51:02.256+0000] {serialized_objects.py:624} DEBUG - Cast type <class 'airflow.models.param.ParamsDict'> to str in serialization.
[2025-06-27T00:51:02.268+0000] {logging_mixin.py:188} INFO - [2025-06-27T00:51:02.267+0000] {serialized_dag.py:177} DEBUG - Serialized DAG (example_bash_operator) is unchanged. Skipping writing to DB
[2025-06-27T00:51:02.269+0000] {logging_mixin.py:188} INFO - [2025-06-27T00:51:02.269+0000] {dag.py:3096} INFO - Sync 1 DAGs
[2025-06-27T00:51:02.311+0000] {logging_mixin.py:188} INFO - [2025-06-27T00:51:02.310+0000] {dag.py:3954} INFO - Setting next_dagrun for example_bash_operator to 2025-06-26 00:00:00+00:00, run_after=2025-06-27 00:00:00+00:00
[2025-06-27T00:51:02.350+0000] {processor.py:183} INFO - Processing /home/airflow/.local/lib/python3.10/site-packages/airflow/example_dags/example_bash_operator.py took 0.211 seconds
[2025-06-27T00:51:32.486+0000] {logging_mixin.py:188} INFO - [2025-06-27T00:51:32.484+0000] {settings.py:250} DEBUG - Setting up DB connection pool (PID 17177)
[2025-06-27T00:51:32.489+0000] {logging_mixin.py:188} INFO - [2025-06-27T00:51:32.489+0000] {settings.py:330} DEBUG - settings.prepare_engine_args(): Using pool settings. pool_size=5, max_overflow=10, pool_recycle=1800, pid=17177
[2025-06-27T00:51:32.505+0000] {processor.py:161} INFO - Started process (PID=17177) to work on /home/airflow/.local/lib/python3.10/site-packages/airflow/example_dags/example_bash_operator.py
[2025-06-27T00:51:32.506+0000] {processor.py:830} INFO - Processing file /home/airflow/.local/lib/python3.10/site-packages/airflow/example_dags/example_bash_operator.py for tasks to queue
[2025-06-27T00:51:32.508+0000] {logging_mixin.py:188} INFO - [2025-06-27T00:51:32.508+0000] {dagbag.py:545} INFO - Filling up the DagBag from /home/airflow/.local/lib/python3.10/site-packages/airflow/example_dags/example_bash_operator.py
[2025-06-27T00:51:32.512+0000] {logging_mixin.py:188} INFO - [2025-06-27T00:51:32.511+0000] {dagbag.py:337} DEBUG - Importing /home/airflow/.local/lib/python3.10/site-packages/airflow/example_dags/example_bash_operator.py
[2025-06-27T00:51:32.519+0000] {logging_mixin.py:188} INFO - [2025-06-27T00:51:32.519+0000] {GetText.py:65} DEBUG - /home/airflow/.local/lib/python3.10/site-packages/cron_descriptor/locale/en_US.mo Loaded
[2025-06-27T00:51:32.535+0000] {logging_mixin.py:188} INFO - [2025-06-27T00:51:32.533+0000] {dagbag.py:511} DEBUG - Loaded DAG <DAG: example_bash_operator>
[2025-06-27T00:51:32.538+0000] {logging_mixin.py:188} INFO - [2025-06-27T00:51:32.537+0000] {dagbag.py:511} DEBUG - Loaded DAG <DAG: example_bash_operator>
[2025-06-27T00:51:32.539+0000] {processor.py:840} INFO - DAG(s) 'example_bash_operator' retrieved from /home/airflow/.local/lib/python3.10/site-packages/airflow/example_dags/example_bash_operator.py
[2025-06-27T00:51:32.542+0000] {logging_mixin.py:188} INFO - [2025-06-27T00:51:32.541+0000] {dagbag.py:667} DEBUG - Running dagbag.sync_to_db with retries. Try 1 of 3
[2025-06-27T00:51:32.542+0000] {logging_mixin.py:188} INFO - [2025-06-27T00:51:32.542+0000] {dagbag.py:672} DEBUG - Calling the DAG.bulk_sync_to_db method
[2025-06-27T00:51:32.567+0000] {logging_mixin.py:188} INFO - [2025-06-27T00:51:32.566+0000] {serialized_dag.py:166} DEBUG - Checking if DAG (example_bash_operator) changed
[2025-06-27T00:51:32.575+0000] {logging_mixin.py:188} INFO - [2025-06-27T00:51:32.574+0000] {serialized_objects.py:624} DEBUG - Cast type <class 'airflow.models.param.ParamsDict'> to str in serialization.
[2025-06-27T00:51:32.580+0000] {logging_mixin.py:188} INFO - [2025-06-27T00:51:32.579+0000] {serialized_objects.py:624} DEBUG - Cast type <class 'airflow.models.param.ParamsDict'> to str in serialization.
[2025-06-27T00:51:32.583+0000] {logging_mixin.py:188} INFO - [2025-06-27T00:51:32.582+0000] {serialized_objects.py:624} DEBUG - Cast type <class 'airflow.models.param.ParamsDict'> to str in serialization.
[2025-06-27T00:51:32.585+0000] {logging_mixin.py:188} INFO - [2025-06-27T00:51:32.585+0000] {serialized_objects.py:624} DEBUG - Cast type <class 'airflow.models.param.ParamsDict'> to str in serialization.
[2025-06-27T00:51:32.588+0000] {logging_mixin.py:188} INFO - [2025-06-27T00:51:32.588+0000] {serialized_objects.py:624} DEBUG - Cast type <class 'airflow.models.param.ParamsDict'> to str in serialization.
[2025-06-27T00:51:32.591+0000] {logging_mixin.py:188} INFO - [2025-06-27T00:51:32.590+0000] {serialized_objects.py:624} DEBUG - Cast type <class 'airflow.models.param.ParamsDict'> to str in serialization.
[2025-06-27T00:51:32.593+0000] {logging_mixin.py:188} INFO - [2025-06-27T00:51:32.593+0000] {serialized_objects.py:624} DEBUG - Cast type <class 'airflow.models.param.ParamsDict'> to str in serialization.
[2025-06-27T00:51:32.602+0000] {logging_mixin.py:188} INFO - [2025-06-27T00:51:32.602+0000] {serialized_dag.py:177} DEBUG - Serialized DAG (example_bash_operator) is unchanged. Skipping writing to DB
[2025-06-27T00:51:32.604+0000] {logging_mixin.py:188} INFO - [2025-06-27T00:51:32.603+0000] {dag.py:3096} INFO - Sync 1 DAGs
[2025-06-27T00:51:32.644+0000] {logging_mixin.py:188} INFO - [2025-06-27T00:51:32.644+0000] {dag.py:3954} INFO - Setting next_dagrun for example_bash_operator to 2025-06-26 00:00:00+00:00, run_after=2025-06-27 00:00:00+00:00
[2025-06-27T00:51:32.672+0000] {processor.py:183} INFO - Processing /home/airflow/.local/lib/python3.10/site-packages/airflow/example_dags/example_bash_operator.py took 0.188 seconds
[2025-06-27T00:52:03.748+0000] {logging_mixin.py:188} INFO - [2025-06-27T00:52:03.746+0000] {settings.py:250} DEBUG - Setting up DB connection pool (PID 17240)
[2025-06-27T00:52:03.750+0000] {logging_mixin.py:188} INFO - [2025-06-27T00:52:03.749+0000] {settings.py:330} DEBUG - settings.prepare_engine_args(): Using pool settings. pool_size=5, max_overflow=10, pool_recycle=1800, pid=17240
[2025-06-27T00:52:03.762+0000] {processor.py:161} INFO - Started process (PID=17240) to work on /home/airflow/.local/lib/python3.10/site-packages/airflow/example_dags/example_bash_operator.py
[2025-06-27T00:52:03.763+0000] {processor.py:830} INFO - Processing file /home/airflow/.local/lib/python3.10/site-packages/airflow/example_dags/example_bash_operator.py for tasks to queue
[2025-06-27T00:52:03.765+0000] {logging_mixin.py:188} INFO - [2025-06-27T00:52:03.765+0000] {dagbag.py:545} INFO - Filling up the DagBag from /home/airflow/.local/lib/python3.10/site-packages/airflow/example_dags/example_bash_operator.py
[2025-06-27T00:52:03.767+0000] {logging_mixin.py:188} INFO - [2025-06-27T00:52:03.767+0000] {dagbag.py:337} DEBUG - Importing /home/airflow/.local/lib/python3.10/site-packages/airflow/example_dags/example_bash_operator.py
[2025-06-27T00:52:03.772+0000] {logging_mixin.py:188} INFO - [2025-06-27T00:52:03.772+0000] {GetText.py:65} DEBUG - /home/airflow/.local/lib/python3.10/site-packages/cron_descriptor/locale/en_US.mo Loaded
[2025-06-27T00:52:03.787+0000] {logging_mixin.py:188} INFO - [2025-06-27T00:52:03.786+0000] {dagbag.py:511} DEBUG - Loaded DAG <DAG: example_bash_operator>
[2025-06-27T00:52:03.789+0000] {logging_mixin.py:188} INFO - [2025-06-27T00:52:03.789+0000] {dagbag.py:511} DEBUG - Loaded DAG <DAG: example_bash_operator>
[2025-06-27T00:52:03.790+0000] {processor.py:840} INFO - DAG(s) 'example_bash_operator' retrieved from /home/airflow/.local/lib/python3.10/site-packages/airflow/example_dags/example_bash_operator.py
[2025-06-27T00:52:03.793+0000] {logging_mixin.py:188} INFO - [2025-06-27T00:52:03.793+0000] {dagbag.py:667} DEBUG - Running dagbag.sync_to_db with retries. Try 1 of 3
[2025-06-27T00:52:03.795+0000] {logging_mixin.py:188} INFO - [2025-06-27T00:52:03.794+0000] {dagbag.py:672} DEBUG - Calling the DAG.bulk_sync_to_db method
[2025-06-27T00:52:03.820+0000] {logging_mixin.py:188} INFO - [2025-06-27T00:52:03.819+0000] {serialized_dag.py:166} DEBUG - Checking if DAG (example_bash_operator) changed
[2025-06-27T00:52:03.825+0000] {logging_mixin.py:188} INFO - [2025-06-27T00:52:03.824+0000] {serialized_objects.py:624} DEBUG - Cast type <class 'airflow.models.param.ParamsDict'> to str in serialization.
[2025-06-27T00:52:03.829+0000] {logging_mixin.py:188} INFO - [2025-06-27T00:52:03.828+0000] {serialized_objects.py:624} DEBUG - Cast type <class 'airflow.models.param.ParamsDict'> to str in serialization.
[2025-06-27T00:52:03.832+0000] {logging_mixin.py:188} INFO - [2025-06-27T00:52:03.832+0000] {serialized_objects.py:624} DEBUG - Cast type <class 'airflow.models.param.ParamsDict'> to str in serialization.
[2025-06-27T00:52:03.835+0000] {logging_mixin.py:188} INFO - [2025-06-27T00:52:03.834+0000] {serialized_objects.py:624} DEBUG - Cast type <class 'airflow.models.param.ParamsDict'> to str in serialization.
[2025-06-27T00:52:03.838+0000] {logging_mixin.py:188} INFO - [2025-06-27T00:52:03.837+0000] {serialized_objects.py:624} DEBUG - Cast type <class 'airflow.models.param.ParamsDict'> to str in serialization.
[2025-06-27T00:52:03.842+0000] {logging_mixin.py:188} INFO - [2025-06-27T00:52:03.841+0000] {serialized_objects.py:624} DEBUG - Cast type <class 'airflow.models.param.ParamsDict'> to str in serialization.
[2025-06-27T00:52:03.845+0000] {logging_mixin.py:188} INFO - [2025-06-27T00:52:03.845+0000] {serialized_objects.py:624} DEBUG - Cast type <class 'airflow.models.param.ParamsDict'> to str in serialization.
[2025-06-27T00:52:03.854+0000] {logging_mixin.py:188} INFO - [2025-06-27T00:52:03.853+0000] {serialized_dag.py:177} DEBUG - Serialized DAG (example_bash_operator) is unchanged. Skipping writing to DB
[2025-06-27T00:52:03.855+0000] {logging_mixin.py:188} INFO - [2025-06-27T00:52:03.855+0000] {dag.py:3096} INFO - Sync 1 DAGs
[2025-06-27T00:52:03.889+0000] {logging_mixin.py:188} INFO - [2025-06-27T00:52:03.889+0000] {dag.py:3954} INFO - Setting next_dagrun for example_bash_operator to 2025-06-26 00:00:00+00:00, run_after=2025-06-27 00:00:00+00:00
[2025-06-27T00:52:03.917+0000] {processor.py:183} INFO - Processing /home/airflow/.local/lib/python3.10/site-packages/airflow/example_dags/example_bash_operator.py took 0.171 seconds
[2025-06-27T00:52:34.428+0000] {logging_mixin.py:188} INFO - [2025-06-27T00:52:34.426+0000] {settings.py:250} DEBUG - Setting up DB connection pool (PID 17303)
[2025-06-27T00:52:34.431+0000] {logging_mixin.py:188} INFO - [2025-06-27T00:52:34.431+0000] {settings.py:330} DEBUG - settings.prepare_engine_args(): Using pool settings. pool_size=5, max_overflow=10, pool_recycle=1800, pid=17303
[2025-06-27T00:52:34.477+0000] {processor.py:161} INFO - Started process (PID=17303) to work on /home/airflow/.local/lib/python3.10/site-packages/airflow/example_dags/example_bash_operator.py
[2025-06-27T00:52:34.480+0000] {processor.py:830} INFO - Processing file /home/airflow/.local/lib/python3.10/site-packages/airflow/example_dags/example_bash_operator.py for tasks to queue
[2025-06-27T00:52:34.481+0000] {logging_mixin.py:188} INFO - [2025-06-27T00:52:34.481+0000] {dagbag.py:545} INFO - Filling up the DagBag from /home/airflow/.local/lib/python3.10/site-packages/airflow/example_dags/example_bash_operator.py
[2025-06-27T00:52:34.484+0000] {logging_mixin.py:188} INFO - [2025-06-27T00:52:34.484+0000] {dagbag.py:337} DEBUG - Importing /home/airflow/.local/lib/python3.10/site-packages/airflow/example_dags/example_bash_operator.py
[2025-06-27T00:52:34.491+0000] {logging_mixin.py:188} INFO - [2025-06-27T00:52:34.491+0000] {GetText.py:65} DEBUG - /home/airflow/.local/lib/python3.10/site-packages/cron_descriptor/locale/en_US.mo Loaded
[2025-06-27T00:52:34.510+0000] {logging_mixin.py:188} INFO - [2025-06-27T00:52:34.507+0000] {dagbag.py:511} DEBUG - Loaded DAG <DAG: example_bash_operator>
[2025-06-27T00:52:34.513+0000] {logging_mixin.py:188} INFO - [2025-06-27T00:52:34.512+0000] {dagbag.py:511} DEBUG - Loaded DAG <DAG: example_bash_operator>
[2025-06-27T00:52:34.513+0000] {processor.py:840} INFO - DAG(s) 'example_bash_operator' retrieved from /home/airflow/.local/lib/python3.10/site-packages/airflow/example_dags/example_bash_operator.py
[2025-06-27T00:52:34.515+0000] {logging_mixin.py:188} INFO - [2025-06-27T00:52:34.515+0000] {dagbag.py:667} DEBUG - Running dagbag.sync_to_db with retries. Try 1 of 3
[2025-06-27T00:52:34.516+0000] {logging_mixin.py:188} INFO - [2025-06-27T00:52:34.516+0000] {dagbag.py:672} DEBUG - Calling the DAG.bulk_sync_to_db method
[2025-06-27T00:52:34.542+0000] {logging_mixin.py:188} INFO - [2025-06-27T00:52:34.541+0000] {serialized_dag.py:166} DEBUG - Checking if DAG (example_bash_operator) changed
[2025-06-27T00:52:34.548+0000] {logging_mixin.py:188} INFO - [2025-06-27T00:52:34.548+0000] {serialized_objects.py:624} DEBUG - Cast type <class 'airflow.models.param.ParamsDict'> to str in serialization.
[2025-06-27T00:52:34.552+0000] {logging_mixin.py:188} INFO - [2025-06-27T00:52:34.551+0000] {serialized_objects.py:624} DEBUG - Cast type <class 'airflow.models.param.ParamsDict'> to str in serialization.
[2025-06-27T00:52:34.554+0000] {logging_mixin.py:188} INFO - [2025-06-27T00:52:34.554+0000] {serialized_objects.py:624} DEBUG - Cast type <class 'airflow.models.param.ParamsDict'> to str in serialization.
[2025-06-27T00:52:34.557+0000] {logging_mixin.py:188} INFO - [2025-06-27T00:52:34.557+0000] {serialized_objects.py:624} DEBUG - Cast type <class 'airflow.models.param.ParamsDict'> to str in serialization.
[2025-06-27T00:52:34.559+0000] {logging_mixin.py:188} INFO - [2025-06-27T00:52:34.559+0000] {serialized_objects.py:624} DEBUG - Cast type <class 'airflow.models.param.ParamsDict'> to str in serialization.
[2025-06-27T00:52:34.562+0000] {logging_mixin.py:188} INFO - [2025-06-27T00:52:34.561+0000] {serialized_objects.py:624} DEBUG - Cast type <class 'airflow.models.param.ParamsDict'> to str in serialization.
[2025-06-27T00:52:34.564+0000] {logging_mixin.py:188} INFO - [2025-06-27T00:52:34.564+0000] {serialized_objects.py:624} DEBUG - Cast type <class 'airflow.models.param.ParamsDict'> to str in serialization.
[2025-06-27T00:52:34.574+0000] {logging_mixin.py:188} INFO - [2025-06-27T00:52:34.574+0000] {serialized_dag.py:177} DEBUG - Serialized DAG (example_bash_operator) is unchanged. Skipping writing to DB
[2025-06-27T00:52:34.575+0000] {logging_mixin.py:188} INFO - [2025-06-27T00:52:34.575+0000] {dag.py:3096} INFO - Sync 1 DAGs
[2025-06-27T00:52:34.606+0000] {logging_mixin.py:188} INFO - [2025-06-27T00:52:34.606+0000] {dag.py:3954} INFO - Setting next_dagrun for example_bash_operator to 2025-06-26 00:00:00+00:00, run_after=2025-06-27 00:00:00+00:00
[2025-06-27T00:52:34.639+0000] {processor.py:183} INFO - Processing /home/airflow/.local/lib/python3.10/site-packages/airflow/example_dags/example_bash_operator.py took 0.213 seconds
[2025-06-27T00:53:04.852+0000] {logging_mixin.py:188} INFO - [2025-06-27T00:53:04.851+0000] {settings.py:250} DEBUG - Setting up DB connection pool (PID 17366)
[2025-06-27T00:53:04.855+0000] {logging_mixin.py:188} INFO - [2025-06-27T00:53:04.854+0000] {settings.py:330} DEBUG - settings.prepare_engine_args(): Using pool settings. pool_size=5, max_overflow=10, pool_recycle=1800, pid=17366
[2025-06-27T00:53:04.866+0000] {processor.py:161} INFO - Started process (PID=17366) to work on /home/airflow/.local/lib/python3.10/site-packages/airflow/example_dags/example_bash_operator.py
[2025-06-27T00:53:04.867+0000] {processor.py:830} INFO - Processing file /home/airflow/.local/lib/python3.10/site-packages/airflow/example_dags/example_bash_operator.py for tasks to queue
[2025-06-27T00:53:04.869+0000] {logging_mixin.py:188} INFO - [2025-06-27T00:53:04.868+0000] {dagbag.py:545} INFO - Filling up the DagBag from /home/airflow/.local/lib/python3.10/site-packages/airflow/example_dags/example_bash_operator.py
[2025-06-27T00:53:04.871+0000] {logging_mixin.py:188} INFO - [2025-06-27T00:53:04.870+0000] {dagbag.py:337} DEBUG - Importing /home/airflow/.local/lib/python3.10/site-packages/airflow/example_dags/example_bash_operator.py
[2025-06-27T00:53:04.876+0000] {logging_mixin.py:188} INFO - [2025-06-27T00:53:04.876+0000] {GetText.py:65} DEBUG - /home/airflow/.local/lib/python3.10/site-packages/cron_descriptor/locale/en_US.mo Loaded
[2025-06-27T00:53:04.890+0000] {logging_mixin.py:188} INFO - [2025-06-27T00:53:04.888+0000] {dagbag.py:511} DEBUG - Loaded DAG <DAG: example_bash_operator>
[2025-06-27T00:53:04.897+0000] {logging_mixin.py:188} INFO - [2025-06-27T00:53:04.896+0000] {dagbag.py:511} DEBUG - Loaded DAG <DAG: example_bash_operator>
[2025-06-27T00:53:04.899+0000] {processor.py:840} INFO - DAG(s) 'example_bash_operator' retrieved from /home/airflow/.local/lib/python3.10/site-packages/airflow/example_dags/example_bash_operator.py
[2025-06-27T00:53:04.903+0000] {logging_mixin.py:188} INFO - [2025-06-27T00:53:04.903+0000] {dagbag.py:667} DEBUG - Running dagbag.sync_to_db with retries. Try 1 of 3
[2025-06-27T00:53:04.905+0000] {logging_mixin.py:188} INFO - [2025-06-27T00:53:04.905+0000] {dagbag.py:672} DEBUG - Calling the DAG.bulk_sync_to_db method
[2025-06-27T00:53:04.930+0000] {logging_mixin.py:188} INFO - [2025-06-27T00:53:04.929+0000] {serialized_dag.py:166} DEBUG - Checking if DAG (example_bash_operator) changed
[2025-06-27T00:53:04.936+0000] {logging_mixin.py:188} INFO - [2025-06-27T00:53:04.936+0000] {serialized_objects.py:624} DEBUG - Cast type <class 'airflow.models.param.ParamsDict'> to str in serialization.
[2025-06-27T00:53:04.940+0000] {logging_mixin.py:188} INFO - [2025-06-27T00:53:04.939+0000] {serialized_objects.py:624} DEBUG - Cast type <class 'airflow.models.param.ParamsDict'> to str in serialization.
[2025-06-27T00:53:04.942+0000] {logging_mixin.py:188} INFO - [2025-06-27T00:53:04.942+0000] {serialized_objects.py:624} DEBUG - Cast type <class 'airflow.models.param.ParamsDict'> to str in serialization.
[2025-06-27T00:53:04.945+0000] {logging_mixin.py:188} INFO - [2025-06-27T00:53:04.945+0000] {serialized_objects.py:624} DEBUG - Cast type <class 'airflow.models.param.ParamsDict'> to str in serialization.
[2025-06-27T00:53:04.955+0000] {logging_mixin.py:188} INFO - [2025-06-27T00:53:04.954+0000] {serialized_objects.py:624} DEBUG - Cast type <class 'airflow.models.param.ParamsDict'> to str in serialization.
[2025-06-27T00:53:04.961+0000] {logging_mixin.py:188} INFO - [2025-06-27T00:53:04.960+0000] {serialized_objects.py:624} DEBUG - Cast type <class 'airflow.models.param.ParamsDict'> to str in serialization.
[2025-06-27T00:53:04.964+0000] {logging_mixin.py:188} INFO - [2025-06-27T00:53:04.964+0000] {serialized_objects.py:624} DEBUG - Cast type <class 'airflow.models.param.ParamsDict'> to str in serialization.
[2025-06-27T00:53:04.974+0000] {logging_mixin.py:188} INFO - [2025-06-27T00:53:04.973+0000] {serialized_dag.py:177} DEBUG - Serialized DAG (example_bash_operator) is unchanged. Skipping writing to DB
[2025-06-27T00:53:04.975+0000] {logging_mixin.py:188} INFO - [2025-06-27T00:53:04.975+0000] {dag.py:3096} INFO - Sync 1 DAGs
[2025-06-27T00:53:05.005+0000] {logging_mixin.py:188} INFO - [2025-06-27T00:53:05.004+0000] {dag.py:3954} INFO - Setting next_dagrun for example_bash_operator to 2025-06-26 00:00:00+00:00, run_after=2025-06-27 00:00:00+00:00
[2025-06-27T00:53:05.038+0000] {processor.py:183} INFO - Processing /home/airflow/.local/lib/python3.10/site-packages/airflow/example_dags/example_bash_operator.py took 0.187 seconds
[2025-06-27T00:53:35.146+0000] {logging_mixin.py:188} INFO - [2025-06-27T00:53:35.145+0000] {settings.py:250} DEBUG - Setting up DB connection pool (PID 17429)
[2025-06-27T00:53:35.148+0000] {logging_mixin.py:188} INFO - [2025-06-27T00:53:35.147+0000] {settings.py:330} DEBUG - settings.prepare_engine_args(): Using pool settings. pool_size=5, max_overflow=10, pool_recycle=1800, pid=17429
[2025-06-27T00:53:35.158+0000] {processor.py:161} INFO - Started process (PID=17429) to work on /home/airflow/.local/lib/python3.10/site-packages/airflow/example_dags/example_bash_operator.py
[2025-06-27T00:53:35.160+0000] {processor.py:830} INFO - Processing file /home/airflow/.local/lib/python3.10/site-packages/airflow/example_dags/example_bash_operator.py for tasks to queue
[2025-06-27T00:53:35.161+0000] {logging_mixin.py:188} INFO - [2025-06-27T00:53:35.161+0000] {dagbag.py:545} INFO - Filling up the DagBag from /home/airflow/.local/lib/python3.10/site-packages/airflow/example_dags/example_bash_operator.py
[2025-06-27T00:53:35.163+0000] {logging_mixin.py:188} INFO - [2025-06-27T00:53:35.163+0000] {dagbag.py:337} DEBUG - Importing /home/airflow/.local/lib/python3.10/site-packages/airflow/example_dags/example_bash_operator.py
[2025-06-27T00:53:35.168+0000] {logging_mixin.py:188} INFO - [2025-06-27T00:53:35.168+0000] {GetText.py:65} DEBUG - /home/airflow/.local/lib/python3.10/site-packages/cron_descriptor/locale/en_US.mo Loaded
[2025-06-27T00:53:35.180+0000] {logging_mixin.py:188} INFO - [2025-06-27T00:53:35.178+0000] {dagbag.py:511} DEBUG - Loaded DAG <DAG: example_bash_operator>
[2025-06-27T00:53:35.181+0000] {logging_mixin.py:188} INFO - [2025-06-27T00:53:35.181+0000] {dagbag.py:511} DEBUG - Loaded DAG <DAG: example_bash_operator>
[2025-06-27T00:53:35.182+0000] {processor.py:840} INFO - DAG(s) 'example_bash_operator' retrieved from /home/airflow/.local/lib/python3.10/site-packages/airflow/example_dags/example_bash_operator.py
[2025-06-27T00:53:35.184+0000] {logging_mixin.py:188} INFO - [2025-06-27T00:53:35.184+0000] {dagbag.py:667} DEBUG - Running dagbag.sync_to_db with retries. Try 1 of 3
[2025-06-27T00:53:35.184+0000] {logging_mixin.py:188} INFO - [2025-06-27T00:53:35.184+0000] {dagbag.py:672} DEBUG - Calling the DAG.bulk_sync_to_db method
[2025-06-27T00:53:35.203+0000] {logging_mixin.py:188} INFO - [2025-06-27T00:53:35.203+0000] {serialized_dag.py:166} DEBUG - Checking if DAG (example_bash_operator) changed
[2025-06-27T00:53:35.208+0000] {logging_mixin.py:188} INFO - [2025-06-27T00:53:35.207+0000] {serialized_objects.py:624} DEBUG - Cast type <class 'airflow.models.param.ParamsDict'> to str in serialization.
[2025-06-27T00:53:35.211+0000] {logging_mixin.py:188} INFO - [2025-06-27T00:53:35.210+0000] {serialized_objects.py:624} DEBUG - Cast type <class 'airflow.models.param.ParamsDict'> to str in serialization.
[2025-06-27T00:53:35.214+0000] {logging_mixin.py:188} INFO - [2025-06-27T00:53:35.214+0000] {serialized_objects.py:624} DEBUG - Cast type <class 'airflow.models.param.ParamsDict'> to str in serialization.
[2025-06-27T00:53:35.217+0000] {logging_mixin.py:188} INFO - [2025-06-27T00:53:35.217+0000] {serialized_objects.py:624} DEBUG - Cast type <class 'airflow.models.param.ParamsDict'> to str in serialization.
[2025-06-27T00:53:35.219+0000] {logging_mixin.py:188} INFO - [2025-06-27T00:53:35.219+0000] {serialized_objects.py:624} DEBUG - Cast type <class 'airflow.models.param.ParamsDict'> to str in serialization.
[2025-06-27T00:53:35.221+0000] {logging_mixin.py:188} INFO - [2025-06-27T00:53:35.221+0000] {serialized_objects.py:624} DEBUG - Cast type <class 'airflow.models.param.ParamsDict'> to str in serialization.
[2025-06-27T00:53:35.223+0000] {logging_mixin.py:188} INFO - [2025-06-27T00:53:35.223+0000] {serialized_objects.py:624} DEBUG - Cast type <class 'airflow.models.param.ParamsDict'> to str in serialization.
[2025-06-27T00:53:35.232+0000] {logging_mixin.py:188} INFO - [2025-06-27T00:53:35.232+0000] {serialized_dag.py:177} DEBUG - Serialized DAG (example_bash_operator) is unchanged. Skipping writing to DB
[2025-06-27T00:53:35.233+0000] {logging_mixin.py:188} INFO - [2025-06-27T00:53:35.233+0000] {dag.py:3096} INFO - Sync 1 DAGs
[2025-06-27T00:53:35.265+0000] {logging_mixin.py:188} INFO - [2025-06-27T00:53:35.265+0000] {dag.py:3954} INFO - Setting next_dagrun for example_bash_operator to 2025-06-26 00:00:00+00:00, run_after=2025-06-27 00:00:00+00:00
[2025-06-27T00:53:35.301+0000] {processor.py:183} INFO - Processing /home/airflow/.local/lib/python3.10/site-packages/airflow/example_dags/example_bash_operator.py took 0.157 seconds
[2025-06-27T00:54:06.050+0000] {logging_mixin.py:188} INFO - [2025-06-27T00:54:06.049+0000] {settings.py:250} DEBUG - Setting up DB connection pool (PID 17492)
[2025-06-27T00:54:06.052+0000] {logging_mixin.py:188} INFO - [2025-06-27T00:54:06.052+0000] {settings.py:330} DEBUG - settings.prepare_engine_args(): Using pool settings. pool_size=5, max_overflow=10, pool_recycle=1800, pid=17492
[2025-06-27T00:54:06.064+0000] {processor.py:161} INFO - Started process (PID=17492) to work on /home/airflow/.local/lib/python3.10/site-packages/airflow/example_dags/example_bash_operator.py
[2025-06-27T00:54:06.065+0000] {processor.py:830} INFO - Processing file /home/airflow/.local/lib/python3.10/site-packages/airflow/example_dags/example_bash_operator.py for tasks to queue
[2025-06-27T00:54:06.067+0000] {logging_mixin.py:188} INFO - [2025-06-27T00:54:06.067+0000] {dagbag.py:545} INFO - Filling up the DagBag from /home/airflow/.local/lib/python3.10/site-packages/airflow/example_dags/example_bash_operator.py
[2025-06-27T00:54:06.070+0000] {logging_mixin.py:188} INFO - [2025-06-27T00:54:06.070+0000] {dagbag.py:337} DEBUG - Importing /home/airflow/.local/lib/python3.10/site-packages/airflow/example_dags/example_bash_operator.py
[2025-06-27T00:54:06.075+0000] {logging_mixin.py:188} INFO - [2025-06-27T00:54:06.075+0000] {GetText.py:65} DEBUG - /home/airflow/.local/lib/python3.10/site-packages/cron_descriptor/locale/en_US.mo Loaded
[2025-06-27T00:54:06.088+0000] {logging_mixin.py:188} INFO - [2025-06-27T00:54:06.086+0000] {dagbag.py:511} DEBUG - Loaded DAG <DAG: example_bash_operator>
[2025-06-27T00:54:06.091+0000] {logging_mixin.py:188} INFO - [2025-06-27T00:54:06.090+0000] {dagbag.py:511} DEBUG - Loaded DAG <DAG: example_bash_operator>
[2025-06-27T00:54:06.091+0000] {processor.py:840} INFO - DAG(s) 'example_bash_operator' retrieved from /home/airflow/.local/lib/python3.10/site-packages/airflow/example_dags/example_bash_operator.py
[2025-06-27T00:54:06.093+0000] {logging_mixin.py:188} INFO - [2025-06-27T00:54:06.093+0000] {dagbag.py:667} DEBUG - Running dagbag.sync_to_db with retries. Try 1 of 3
[2025-06-27T00:54:06.094+0000] {logging_mixin.py:188} INFO - [2025-06-27T00:54:06.093+0000] {dagbag.py:672} DEBUG - Calling the DAG.bulk_sync_to_db method
[2025-06-27T00:54:06.121+0000] {logging_mixin.py:188} INFO - [2025-06-27T00:54:06.121+0000] {serialized_dag.py:166} DEBUG - Checking if DAG (example_bash_operator) changed
[2025-06-27T00:54:06.127+0000] {logging_mixin.py:188} INFO - [2025-06-27T00:54:06.127+0000] {serialized_objects.py:624} DEBUG - Cast type <class 'airflow.models.param.ParamsDict'> to str in serialization.
[2025-06-27T00:54:06.131+0000] {logging_mixin.py:188} INFO - [2025-06-27T00:54:06.131+0000] {serialized_objects.py:624} DEBUG - Cast type <class 'airflow.models.param.ParamsDict'> to str in serialization.
[2025-06-27T00:54:06.135+0000] {logging_mixin.py:188} INFO - [2025-06-27T00:54:06.134+0000] {serialized_objects.py:624} DEBUG - Cast type <class 'airflow.models.param.ParamsDict'> to str in serialization.
[2025-06-27T00:54:06.138+0000] {logging_mixin.py:188} INFO - [2025-06-27T00:54:06.138+0000] {serialized_objects.py:624} DEBUG - Cast type <class 'airflow.models.param.ParamsDict'> to str in serialization.
[2025-06-27T00:54:06.142+0000] {logging_mixin.py:188} INFO - [2025-06-27T00:54:06.142+0000] {serialized_objects.py:624} DEBUG - Cast type <class 'airflow.models.param.ParamsDict'> to str in serialization.
[2025-06-27T00:54:06.145+0000] {logging_mixin.py:188} INFO - [2025-06-27T00:54:06.145+0000] {serialized_objects.py:624} DEBUG - Cast type <class 'airflow.models.param.ParamsDict'> to str in serialization.
[2025-06-27T00:54:06.149+0000] {logging_mixin.py:188} INFO - [2025-06-27T00:54:06.148+0000] {serialized_objects.py:624} DEBUG - Cast type <class 'airflow.models.param.ParamsDict'> to str in serialization.
[2025-06-27T00:54:06.160+0000] {logging_mixin.py:188} INFO - [2025-06-27T00:54:06.159+0000] {serialized_dag.py:177} DEBUG - Serialized DAG (example_bash_operator) is unchanged. Skipping writing to DB
[2025-06-27T00:54:06.161+0000] {logging_mixin.py:188} INFO - [2025-06-27T00:54:06.161+0000] {dag.py:3096} INFO - Sync 1 DAGs
[2025-06-27T00:54:06.197+0000] {logging_mixin.py:188} INFO - [2025-06-27T00:54:06.197+0000] {dag.py:3954} INFO - Setting next_dagrun for example_bash_operator to 2025-06-26 00:00:00+00:00, run_after=2025-06-27 00:00:00+00:00
[2025-06-27T00:54:06.234+0000] {processor.py:183} INFO - Processing /home/airflow/.local/lib/python3.10/site-packages/airflow/example_dags/example_bash_operator.py took 0.185 seconds
[2025-06-27T00:54:36.534+0000] {logging_mixin.py:188} INFO - [2025-06-27T00:54:36.533+0000] {settings.py:250} DEBUG - Setting up DB connection pool (PID 17555)
[2025-06-27T00:54:36.537+0000] {logging_mixin.py:188} INFO - [2025-06-27T00:54:36.537+0000] {settings.py:330} DEBUG - settings.prepare_engine_args(): Using pool settings. pool_size=5, max_overflow=10, pool_recycle=1800, pid=17555
[2025-06-27T00:54:36.551+0000] {processor.py:161} INFO - Started process (PID=17555) to work on /home/airflow/.local/lib/python3.10/site-packages/airflow/example_dags/example_bash_operator.py
[2025-06-27T00:54:36.552+0000] {processor.py:830} INFO - Processing file /home/airflow/.local/lib/python3.10/site-packages/airflow/example_dags/example_bash_operator.py for tasks to queue
[2025-06-27T00:54:36.553+0000] {logging_mixin.py:188} INFO - [2025-06-27T00:54:36.553+0000] {dagbag.py:545} INFO - Filling up the DagBag from /home/airflow/.local/lib/python3.10/site-packages/airflow/example_dags/example_bash_operator.py
[2025-06-27T00:54:36.556+0000] {logging_mixin.py:188} INFO - [2025-06-27T00:54:36.555+0000] {dagbag.py:337} DEBUG - Importing /home/airflow/.local/lib/python3.10/site-packages/airflow/example_dags/example_bash_operator.py
[2025-06-27T00:54:36.562+0000] {logging_mixin.py:188} INFO - [2025-06-27T00:54:36.561+0000] {GetText.py:65} DEBUG - /home/airflow/.local/lib/python3.10/site-packages/cron_descriptor/locale/en_US.mo Loaded
[2025-06-27T00:54:36.576+0000] {logging_mixin.py:188} INFO - [2025-06-27T00:54:36.574+0000] {dagbag.py:511} DEBUG - Loaded DAG <DAG: example_bash_operator>
[2025-06-27T00:54:36.577+0000] {logging_mixin.py:188} INFO - [2025-06-27T00:54:36.577+0000] {dagbag.py:511} DEBUG - Loaded DAG <DAG: example_bash_operator>
[2025-06-27T00:54:36.578+0000] {processor.py:840} INFO - DAG(s) 'example_bash_operator' retrieved from /home/airflow/.local/lib/python3.10/site-packages/airflow/example_dags/example_bash_operator.py
[2025-06-27T00:54:36.580+0000] {logging_mixin.py:188} INFO - [2025-06-27T00:54:36.580+0000] {dagbag.py:667} DEBUG - Running dagbag.sync_to_db with retries. Try 1 of 3
[2025-06-27T00:54:36.581+0000] {logging_mixin.py:188} INFO - [2025-06-27T00:54:36.581+0000] {dagbag.py:672} DEBUG - Calling the DAG.bulk_sync_to_db method
[2025-06-27T00:54:36.598+0000] {logging_mixin.py:188} INFO - [2025-06-27T00:54:36.598+0000] {serialized_dag.py:166} DEBUG - Checking if DAG (example_bash_operator) changed
[2025-06-27T00:54:36.603+0000] {logging_mixin.py:188} INFO - [2025-06-27T00:54:36.602+0000] {serialized_objects.py:624} DEBUG - Cast type <class 'airflow.models.param.ParamsDict'> to str in serialization.
[2025-06-27T00:54:36.606+0000] {logging_mixin.py:188} INFO - [2025-06-27T00:54:36.606+0000] {serialized_objects.py:624} DEBUG - Cast type <class 'airflow.models.param.ParamsDict'> to str in serialization.
[2025-06-27T00:54:36.608+0000] {logging_mixin.py:188} INFO - [2025-06-27T00:54:36.608+0000] {serialized_objects.py:624} DEBUG - Cast type <class 'airflow.models.param.ParamsDict'> to str in serialization.
[2025-06-27T00:54:36.610+0000] {logging_mixin.py:188} INFO - [2025-06-27T00:54:36.610+0000] {serialized_objects.py:624} DEBUG - Cast type <class 'airflow.models.param.ParamsDict'> to str in serialization.
[2025-06-27T00:54:36.613+0000] {logging_mixin.py:188} INFO - [2025-06-27T00:54:36.612+0000] {serialized_objects.py:624} DEBUG - Cast type <class 'airflow.models.param.ParamsDict'> to str in serialization.
[2025-06-27T00:54:36.614+0000] {logging_mixin.py:188} INFO - [2025-06-27T00:54:36.614+0000] {serialized_objects.py:624} DEBUG - Cast type <class 'airflow.models.param.ParamsDict'> to str in serialization.
[2025-06-27T00:54:36.617+0000] {logging_mixin.py:188} INFO - [2025-06-27T00:54:36.617+0000] {serialized_objects.py:624} DEBUG - Cast type <class 'airflow.models.param.ParamsDict'> to str in serialization.
[2025-06-27T00:54:36.625+0000] {logging_mixin.py:188} INFO - [2025-06-27T00:54:36.624+0000] {serialized_dag.py:177} DEBUG - Serialized DAG (example_bash_operator) is unchanged. Skipping writing to DB
[2025-06-27T00:54:36.625+0000] {logging_mixin.py:188} INFO - [2025-06-27T00:54:36.625+0000] {dag.py:3096} INFO - Sync 1 DAGs
[2025-06-27T00:54:36.651+0000] {logging_mixin.py:188} INFO - [2025-06-27T00:54:36.651+0000] {dag.py:3954} INFO - Setting next_dagrun for example_bash_operator to 2025-06-26 00:00:00+00:00, run_after=2025-06-27 00:00:00+00:00
[2025-06-27T00:54:36.673+0000] {processor.py:183} INFO - Processing /home/airflow/.local/lib/python3.10/site-packages/airflow/example_dags/example_bash_operator.py took 0.141 seconds
[2025-06-27T00:55:07.019+0000] {logging_mixin.py:188} INFO - [2025-06-27T00:55:07.018+0000] {settings.py:250} DEBUG - Setting up DB connection pool (PID 17618)
[2025-06-27T00:55:07.020+0000] {logging_mixin.py:188} INFO - [2025-06-27T00:55:07.020+0000] {settings.py:330} DEBUG - settings.prepare_engine_args(): Using pool settings. pool_size=5, max_overflow=10, pool_recycle=1800, pid=17618
[2025-06-27T00:55:07.035+0000] {processor.py:161} INFO - Started process (PID=17618) to work on /home/airflow/.local/lib/python3.10/site-packages/airflow/example_dags/example_bash_operator.py
[2025-06-27T00:55:07.036+0000] {processor.py:830} INFO - Processing file /home/airflow/.local/lib/python3.10/site-packages/airflow/example_dags/example_bash_operator.py for tasks to queue
[2025-06-27T00:55:07.040+0000] {logging_mixin.py:188} INFO - [2025-06-27T00:55:07.039+0000] {dagbag.py:545} INFO - Filling up the DagBag from /home/airflow/.local/lib/python3.10/site-packages/airflow/example_dags/example_bash_operator.py
[2025-06-27T00:55:07.044+0000] {logging_mixin.py:188} INFO - [2025-06-27T00:55:07.043+0000] {dagbag.py:337} DEBUG - Importing /home/airflow/.local/lib/python3.10/site-packages/airflow/example_dags/example_bash_operator.py
[2025-06-27T00:55:07.050+0000] {logging_mixin.py:188} INFO - [2025-06-27T00:55:07.050+0000] {GetText.py:65} DEBUG - /home/airflow/.local/lib/python3.10/site-packages/cron_descriptor/locale/en_US.mo Loaded
[2025-06-27T00:55:07.068+0000] {logging_mixin.py:188} INFO - [2025-06-27T00:55:07.066+0000] {dagbag.py:511} DEBUG - Loaded DAG <DAG: example_bash_operator>
[2025-06-27T00:55:07.070+0000] {logging_mixin.py:188} INFO - [2025-06-27T00:55:07.069+0000] {dagbag.py:511} DEBUG - Loaded DAG <DAG: example_bash_operator>
[2025-06-27T00:55:07.071+0000] {processor.py:840} INFO - DAG(s) 'example_bash_operator' retrieved from /home/airflow/.local/lib/python3.10/site-packages/airflow/example_dags/example_bash_operator.py
[2025-06-27T00:55:07.074+0000] {logging_mixin.py:188} INFO - [2025-06-27T00:55:07.074+0000] {dagbag.py:667} DEBUG - Running dagbag.sync_to_db with retries. Try 1 of 3
[2025-06-27T00:55:07.075+0000] {logging_mixin.py:188} INFO - [2025-06-27T00:55:07.075+0000] {dagbag.py:672} DEBUG - Calling the DAG.bulk_sync_to_db method
[2025-06-27T00:55:07.101+0000] {logging_mixin.py:188} INFO - [2025-06-27T00:55:07.100+0000] {serialized_dag.py:166} DEBUG - Checking if DAG (example_bash_operator) changed
[2025-06-27T00:55:07.110+0000] {logging_mixin.py:188} INFO - [2025-06-27T00:55:07.109+0000] {serialized_objects.py:624} DEBUG - Cast type <class 'airflow.models.param.ParamsDict'> to str in serialization.
[2025-06-27T00:55:07.114+0000] {logging_mixin.py:188} INFO - [2025-06-27T00:55:07.113+0000] {serialized_objects.py:624} DEBUG - Cast type <class 'airflow.models.param.ParamsDict'> to str in serialization.
[2025-06-27T00:55:07.117+0000] {logging_mixin.py:188} INFO - [2025-06-27T00:55:07.117+0000] {serialized_objects.py:624} DEBUG - Cast type <class 'airflow.models.param.ParamsDict'> to str in serialization.
[2025-06-27T00:55:07.119+0000] {logging_mixin.py:188} INFO - [2025-06-27T00:55:07.119+0000] {serialized_objects.py:624} DEBUG - Cast type <class 'airflow.models.param.ParamsDict'> to str in serialization.
[2025-06-27T00:55:07.122+0000] {logging_mixin.py:188} INFO - [2025-06-27T00:55:07.122+0000] {serialized_objects.py:624} DEBUG - Cast type <class 'airflow.models.param.ParamsDict'> to str in serialization.
[2025-06-27T00:55:07.125+0000] {logging_mixin.py:188} INFO - [2025-06-27T00:55:07.124+0000] {serialized_objects.py:624} DEBUG - Cast type <class 'airflow.models.param.ParamsDict'> to str in serialization.
[2025-06-27T00:55:07.127+0000] {logging_mixin.py:188} INFO - [2025-06-27T00:55:07.126+0000] {serialized_objects.py:624} DEBUG - Cast type <class 'airflow.models.param.ParamsDict'> to str in serialization.
[2025-06-27T00:55:07.137+0000] {logging_mixin.py:188} INFO - [2025-06-27T00:55:07.136+0000] {serialized_dag.py:177} DEBUG - Serialized DAG (example_bash_operator) is unchanged. Skipping writing to DB
[2025-06-27T00:55:07.138+0000] {logging_mixin.py:188} INFO - [2025-06-27T00:55:07.137+0000] {dag.py:3096} INFO - Sync 1 DAGs
[2025-06-27T00:55:07.172+0000] {logging_mixin.py:188} INFO - [2025-06-27T00:55:07.171+0000] {dag.py:3954} INFO - Setting next_dagrun for example_bash_operator to 2025-06-26 00:00:00+00:00, run_after=2025-06-27 00:00:00+00:00
[2025-06-27T00:55:07.205+0000] {processor.py:183} INFO - Processing /home/airflow/.local/lib/python3.10/site-packages/airflow/example_dags/example_bash_operator.py took 0.187 seconds
[2025-06-27T00:55:37.538+0000] {logging_mixin.py:188} INFO - [2025-06-27T00:55:37.537+0000] {settings.py:250} DEBUG - Setting up DB connection pool (PID 17680)
[2025-06-27T00:55:37.540+0000] {logging_mixin.py:188} INFO - [2025-06-27T00:55:37.540+0000] {settings.py:330} DEBUG - settings.prepare_engine_args(): Using pool settings. pool_size=5, max_overflow=10, pool_recycle=1800, pid=17680
[2025-06-27T00:55:37.550+0000] {processor.py:161} INFO - Started process (PID=17680) to work on /home/airflow/.local/lib/python3.10/site-packages/airflow/example_dags/example_bash_operator.py
[2025-06-27T00:55:37.551+0000] {processor.py:830} INFO - Processing file /home/airflow/.local/lib/python3.10/site-packages/airflow/example_dags/example_bash_operator.py for tasks to queue
[2025-06-27T00:55:37.552+0000] {logging_mixin.py:188} INFO - [2025-06-27T00:55:37.552+0000] {dagbag.py:545} INFO - Filling up the DagBag from /home/airflow/.local/lib/python3.10/site-packages/airflow/example_dags/example_bash_operator.py
[2025-06-27T00:55:37.554+0000] {logging_mixin.py:188} INFO - [2025-06-27T00:55:37.554+0000] {dagbag.py:337} DEBUG - Importing /home/airflow/.local/lib/python3.10/site-packages/airflow/example_dags/example_bash_operator.py
[2025-06-27T00:55:37.559+0000] {logging_mixin.py:188} INFO - [2025-06-27T00:55:37.558+0000] {GetText.py:65} DEBUG - /home/airflow/.local/lib/python3.10/site-packages/cron_descriptor/locale/en_US.mo Loaded
[2025-06-27T00:55:37.571+0000] {logging_mixin.py:188} INFO - [2025-06-27T00:55:37.570+0000] {dagbag.py:511} DEBUG - Loaded DAG <DAG: example_bash_operator>
[2025-06-27T00:55:37.573+0000] {logging_mixin.py:188} INFO - [2025-06-27T00:55:37.573+0000] {dagbag.py:511} DEBUG - Loaded DAG <DAG: example_bash_operator>
[2025-06-27T00:55:37.574+0000] {processor.py:840} INFO - DAG(s) 'example_bash_operator' retrieved from /home/airflow/.local/lib/python3.10/site-packages/airflow/example_dags/example_bash_operator.py
[2025-06-27T00:55:37.576+0000] {logging_mixin.py:188} INFO - [2025-06-27T00:55:37.576+0000] {dagbag.py:667} DEBUG - Running dagbag.sync_to_db with retries. Try 1 of 3
[2025-06-27T00:55:37.577+0000] {logging_mixin.py:188} INFO - [2025-06-27T00:55:37.577+0000] {dagbag.py:672} DEBUG - Calling the DAG.bulk_sync_to_db method
[2025-06-27T00:55:37.596+0000] {logging_mixin.py:188} INFO - [2025-06-27T00:55:37.596+0000] {serialized_dag.py:166} DEBUG - Checking if DAG (example_bash_operator) changed
[2025-06-27T00:55:37.601+0000] {logging_mixin.py:188} INFO - [2025-06-27T00:55:37.600+0000] {serialized_objects.py:624} DEBUG - Cast type <class 'airflow.models.param.ParamsDict'> to str in serialization.
[2025-06-27T00:55:37.604+0000] {logging_mixin.py:188} INFO - [2025-06-27T00:55:37.604+0000] {serialized_objects.py:624} DEBUG - Cast type <class 'airflow.models.param.ParamsDict'> to str in serialization.
[2025-06-27T00:55:37.606+0000] {logging_mixin.py:188} INFO - [2025-06-27T00:55:37.606+0000] {serialized_objects.py:624} DEBUG - Cast type <class 'airflow.models.param.ParamsDict'> to str in serialization.
[2025-06-27T00:55:37.609+0000] {logging_mixin.py:188} INFO - [2025-06-27T00:55:37.609+0000] {serialized_objects.py:624} DEBUG - Cast type <class 'airflow.models.param.ParamsDict'> to str in serialization.
[2025-06-27T00:55:37.612+0000] {logging_mixin.py:188} INFO - [2025-06-27T00:55:37.612+0000] {serialized_objects.py:624} DEBUG - Cast type <class 'airflow.models.param.ParamsDict'> to str in serialization.
[2025-06-27T00:55:37.614+0000] {logging_mixin.py:188} INFO - [2025-06-27T00:55:37.614+0000] {serialized_objects.py:624} DEBUG - Cast type <class 'airflow.models.param.ParamsDict'> to str in serialization.
[2025-06-27T00:55:37.616+0000] {logging_mixin.py:188} INFO - [2025-06-27T00:55:37.616+0000] {serialized_objects.py:624} DEBUG - Cast type <class 'airflow.models.param.ParamsDict'> to str in serialization.
[2025-06-27T00:55:37.625+0000] {logging_mixin.py:188} INFO - [2025-06-27T00:55:37.625+0000] {serialized_dag.py:177} DEBUG - Serialized DAG (example_bash_operator) is unchanged. Skipping writing to DB
[2025-06-27T00:55:37.626+0000] {logging_mixin.py:188} INFO - [2025-06-27T00:55:37.626+0000] {dag.py:3096} INFO - Sync 1 DAGs
[2025-06-27T00:55:37.662+0000] {logging_mixin.py:188} INFO - [2025-06-27T00:55:37.662+0000] {dag.py:3954} INFO - Setting next_dagrun for example_bash_operator to 2025-06-26 00:00:00+00:00, run_after=2025-06-27 00:00:00+00:00
[2025-06-27T00:55:37.713+0000] {processor.py:183} INFO - Processing /home/airflow/.local/lib/python3.10/site-packages/airflow/example_dags/example_bash_operator.py took 0.176 seconds
[2025-06-27T00:56:08.004+0000] {logging_mixin.py:188} INFO - [2025-06-27T00:56:08.003+0000] {settings.py:250} DEBUG - Setting up DB connection pool (PID 17741)
[2025-06-27T00:56:08.007+0000] {logging_mixin.py:188} INFO - [2025-06-27T00:56:08.006+0000] {settings.py:330} DEBUG - settings.prepare_engine_args(): Using pool settings. pool_size=5, max_overflow=10, pool_recycle=1800, pid=17741
[2025-06-27T00:56:08.019+0000] {processor.py:161} INFO - Started process (PID=17741) to work on /home/airflow/.local/lib/python3.10/site-packages/airflow/example_dags/example_bash_operator.py
[2025-06-27T00:56:08.021+0000] {processor.py:830} INFO - Processing file /home/airflow/.local/lib/python3.10/site-packages/airflow/example_dags/example_bash_operator.py for tasks to queue
[2025-06-27T00:56:08.022+0000] {logging_mixin.py:188} INFO - [2025-06-27T00:56:08.022+0000] {dagbag.py:545} INFO - Filling up the DagBag from /home/airflow/.local/lib/python3.10/site-packages/airflow/example_dags/example_bash_operator.py
[2025-06-27T00:56:08.025+0000] {logging_mixin.py:188} INFO - [2025-06-27T00:56:08.025+0000] {dagbag.py:337} DEBUG - Importing /home/airflow/.local/lib/python3.10/site-packages/airflow/example_dags/example_bash_operator.py
[2025-06-27T00:56:08.031+0000] {logging_mixin.py:188} INFO - [2025-06-27T00:56:08.031+0000] {GetText.py:65} DEBUG - /home/airflow/.local/lib/python3.10/site-packages/cron_descriptor/locale/en_US.mo Loaded
[2025-06-27T00:56:08.045+0000] {logging_mixin.py:188} INFO - [2025-06-27T00:56:08.043+0000] {dagbag.py:511} DEBUG - Loaded DAG <DAG: example_bash_operator>
[2025-06-27T00:56:08.047+0000] {logging_mixin.py:188} INFO - [2025-06-27T00:56:08.047+0000] {dagbag.py:511} DEBUG - Loaded DAG <DAG: example_bash_operator>
[2025-06-27T00:56:08.048+0000] {processor.py:840} INFO - DAG(s) 'example_bash_operator' retrieved from /home/airflow/.local/lib/python3.10/site-packages/airflow/example_dags/example_bash_operator.py
[2025-06-27T00:56:08.050+0000] {logging_mixin.py:188} INFO - [2025-06-27T00:56:08.050+0000] {dagbag.py:667} DEBUG - Running dagbag.sync_to_db with retries. Try 1 of 3
[2025-06-27T00:56:08.051+0000] {logging_mixin.py:188} INFO - [2025-06-27T00:56:08.050+0000] {dagbag.py:672} DEBUG - Calling the DAG.bulk_sync_to_db method
[2025-06-27T00:56:08.072+0000] {logging_mixin.py:188} INFO - [2025-06-27T00:56:08.071+0000] {serialized_dag.py:166} DEBUG - Checking if DAG (example_bash_operator) changed
[2025-06-27T00:56:08.077+0000] {logging_mixin.py:188} INFO - [2025-06-27T00:56:08.077+0000] {serialized_objects.py:624} DEBUG - Cast type <class 'airflow.models.param.ParamsDict'> to str in serialization.
[2025-06-27T00:56:08.080+0000] {logging_mixin.py:188} INFO - [2025-06-27T00:56:08.080+0000] {serialized_objects.py:624} DEBUG - Cast type <class 'airflow.models.param.ParamsDict'> to str in serialization.
[2025-06-27T00:56:08.083+0000] {logging_mixin.py:188} INFO - [2025-06-27T00:56:08.083+0000] {serialized_objects.py:624} DEBUG - Cast type <class 'airflow.models.param.ParamsDict'> to str in serialization.
[2025-06-27T00:56:08.086+0000] {logging_mixin.py:188} INFO - [2025-06-27T00:56:08.085+0000] {serialized_objects.py:624} DEBUG - Cast type <class 'airflow.models.param.ParamsDict'> to str in serialization.
[2025-06-27T00:56:08.088+0000] {logging_mixin.py:188} INFO - [2025-06-27T00:56:08.088+0000] {serialized_objects.py:624} DEBUG - Cast type <class 'airflow.models.param.ParamsDict'> to str in serialization.
[2025-06-27T00:56:08.091+0000] {logging_mixin.py:188} INFO - [2025-06-27T00:56:08.091+0000] {serialized_objects.py:624} DEBUG - Cast type <class 'airflow.models.param.ParamsDict'> to str in serialization.
[2025-06-27T00:56:08.094+0000] {logging_mixin.py:188} INFO - [2025-06-27T00:56:08.093+0000] {serialized_objects.py:624} DEBUG - Cast type <class 'airflow.models.param.ParamsDict'> to str in serialization.
[2025-06-27T00:56:08.106+0000] {logging_mixin.py:188} INFO - [2025-06-27T00:56:08.105+0000] {serialized_dag.py:177} DEBUG - Serialized DAG (example_bash_operator) is unchanged. Skipping writing to DB
[2025-06-27T00:56:08.108+0000] {logging_mixin.py:188} INFO - [2025-06-27T00:56:08.108+0000] {dag.py:3096} INFO - Sync 1 DAGs
[2025-06-27T00:56:08.153+0000] {logging_mixin.py:188} INFO - [2025-06-27T00:56:08.153+0000] {dag.py:3954} INFO - Setting next_dagrun for example_bash_operator to 2025-06-26 00:00:00+00:00, run_after=2025-06-27 00:00:00+00:00
[2025-06-27T00:56:08.191+0000] {processor.py:183} INFO - Processing /home/airflow/.local/lib/python3.10/site-packages/airflow/example_dags/example_bash_operator.py took 0.188 seconds
[2025-06-27T00:56:38.317+0000] {logging_mixin.py:188} INFO - [2025-06-27T00:56:38.316+0000] {settings.py:250} DEBUG - Setting up DB connection pool (PID 17804)
[2025-06-27T00:56:38.319+0000] {logging_mixin.py:188} INFO - [2025-06-27T00:56:38.319+0000] {settings.py:330} DEBUG - settings.prepare_engine_args(): Using pool settings. pool_size=5, max_overflow=10, pool_recycle=1800, pid=17804
[2025-06-27T00:56:38.335+0000] {processor.py:161} INFO - Started process (PID=17804) to work on /home/airflow/.local/lib/python3.10/site-packages/airflow/example_dags/example_bash_operator.py
[2025-06-27T00:56:38.337+0000] {processor.py:830} INFO - Processing file /home/airflow/.local/lib/python3.10/site-packages/airflow/example_dags/example_bash_operator.py for tasks to queue
[2025-06-27T00:56:38.339+0000] {logging_mixin.py:188} INFO - [2025-06-27T00:56:38.338+0000] {dagbag.py:545} INFO - Filling up the DagBag from /home/airflow/.local/lib/python3.10/site-packages/airflow/example_dags/example_bash_operator.py
[2025-06-27T00:56:38.341+0000] {logging_mixin.py:188} INFO - [2025-06-27T00:56:38.341+0000] {dagbag.py:337} DEBUG - Importing /home/airflow/.local/lib/python3.10/site-packages/airflow/example_dags/example_bash_operator.py
[2025-06-27T00:56:38.348+0000] {logging_mixin.py:188} INFO - [2025-06-27T00:56:38.347+0000] {GetText.py:65} DEBUG - /home/airflow/.local/lib/python3.10/site-packages/cron_descriptor/locale/en_US.mo Loaded
[2025-06-27T00:56:38.365+0000] {logging_mixin.py:188} INFO - [2025-06-27T00:56:38.362+0000] {dagbag.py:511} DEBUG - Loaded DAG <DAG: example_bash_operator>
[2025-06-27T00:56:38.366+0000] {logging_mixin.py:188} INFO - [2025-06-27T00:56:38.366+0000] {dagbag.py:511} DEBUG - Loaded DAG <DAG: example_bash_operator>
[2025-06-27T00:56:38.367+0000] {processor.py:840} INFO - DAG(s) 'example_bash_operator' retrieved from /home/airflow/.local/lib/python3.10/site-packages/airflow/example_dags/example_bash_operator.py
[2025-06-27T00:56:38.370+0000] {logging_mixin.py:188} INFO - [2025-06-27T00:56:38.370+0000] {dagbag.py:667} DEBUG - Running dagbag.sync_to_db with retries. Try 1 of 3
[2025-06-27T00:56:38.372+0000] {logging_mixin.py:188} INFO - [2025-06-27T00:56:38.371+0000] {dagbag.py:672} DEBUG - Calling the DAG.bulk_sync_to_db method
[2025-06-27T00:56:38.394+0000] {logging_mixin.py:188} INFO - [2025-06-27T00:56:38.394+0000] {serialized_dag.py:166} DEBUG - Checking if DAG (example_bash_operator) changed
[2025-06-27T00:56:38.400+0000] {logging_mixin.py:188} INFO - [2025-06-27T00:56:38.400+0000] {serialized_objects.py:624} DEBUG - Cast type <class 'airflow.models.param.ParamsDict'> to str in serialization.
[2025-06-27T00:56:38.404+0000] {logging_mixin.py:188} INFO - [2025-06-27T00:56:38.404+0000] {serialized_objects.py:624} DEBUG - Cast type <class 'airflow.models.param.ParamsDict'> to str in serialization.
[2025-06-27T00:56:38.407+0000] {logging_mixin.py:188} INFO - [2025-06-27T00:56:38.407+0000] {serialized_objects.py:624} DEBUG - Cast type <class 'airflow.models.param.ParamsDict'> to str in serialization.
[2025-06-27T00:56:38.410+0000] {logging_mixin.py:188} INFO - [2025-06-27T00:56:38.410+0000] {serialized_objects.py:624} DEBUG - Cast type <class 'airflow.models.param.ParamsDict'> to str in serialization.
[2025-06-27T00:56:38.414+0000] {logging_mixin.py:188} INFO - [2025-06-27T00:56:38.413+0000] {serialized_objects.py:624} DEBUG - Cast type <class 'airflow.models.param.ParamsDict'> to str in serialization.
[2025-06-27T00:56:38.417+0000] {logging_mixin.py:188} INFO - [2025-06-27T00:56:38.417+0000] {serialized_objects.py:624} DEBUG - Cast type <class 'airflow.models.param.ParamsDict'> to str in serialization.
[2025-06-27T00:56:38.421+0000] {logging_mixin.py:188} INFO - [2025-06-27T00:56:38.420+0000] {serialized_objects.py:624} DEBUG - Cast type <class 'airflow.models.param.ParamsDict'> to str in serialization.
[2025-06-27T00:56:38.432+0000] {logging_mixin.py:188} INFO - [2025-06-27T00:56:38.431+0000] {serialized_dag.py:177} DEBUG - Serialized DAG (example_bash_operator) is unchanged. Skipping writing to DB
[2025-06-27T00:56:38.434+0000] {logging_mixin.py:188} INFO - [2025-06-27T00:56:38.433+0000] {dag.py:3096} INFO - Sync 1 DAGs
[2025-06-27T00:56:38.477+0000] {logging_mixin.py:188} INFO - [2025-06-27T00:56:38.477+0000] {dag.py:3954} INFO - Setting next_dagrun for example_bash_operator to 2025-06-26 00:00:00+00:00, run_after=2025-06-27 00:00:00+00:00
[2025-06-27T00:56:38.513+0000] {processor.py:183} INFO - Processing /home/airflow/.local/lib/python3.10/site-packages/airflow/example_dags/example_bash_operator.py took 0.198 seconds
[2025-06-27T00:57:08.928+0000] {logging_mixin.py:188} INFO - [2025-06-27T00:57:08.927+0000] {settings.py:250} DEBUG - Setting up DB connection pool (PID 17866)
[2025-06-27T00:57:08.931+0000] {logging_mixin.py:188} INFO - [2025-06-27T00:57:08.931+0000] {settings.py:330} DEBUG - settings.prepare_engine_args(): Using pool settings. pool_size=5, max_overflow=10, pool_recycle=1800, pid=17866
[2025-06-27T00:57:08.943+0000] {processor.py:161} INFO - Started process (PID=17866) to work on /home/airflow/.local/lib/python3.10/site-packages/airflow/example_dags/example_bash_operator.py
[2025-06-27T00:57:08.944+0000] {processor.py:830} INFO - Processing file /home/airflow/.local/lib/python3.10/site-packages/airflow/example_dags/example_bash_operator.py for tasks to queue
[2025-06-27T00:57:08.946+0000] {logging_mixin.py:188} INFO - [2025-06-27T00:57:08.946+0000] {dagbag.py:545} INFO - Filling up the DagBag from /home/airflow/.local/lib/python3.10/site-packages/airflow/example_dags/example_bash_operator.py
[2025-06-27T00:57:08.949+0000] {logging_mixin.py:188} INFO - [2025-06-27T00:57:08.948+0000] {dagbag.py:337} DEBUG - Importing /home/airflow/.local/lib/python3.10/site-packages/airflow/example_dags/example_bash_operator.py
[2025-06-27T00:57:08.953+0000] {logging_mixin.py:188} INFO - [2025-06-27T00:57:08.953+0000] {GetText.py:65} DEBUG - /home/airflow/.local/lib/python3.10/site-packages/cron_descriptor/locale/en_US.mo Loaded
[2025-06-27T00:57:08.965+0000] {logging_mixin.py:188} INFO - [2025-06-27T00:57:08.964+0000] {dagbag.py:511} DEBUG - Loaded DAG <DAG: example_bash_operator>
[2025-06-27T00:57:08.967+0000] {logging_mixin.py:188} INFO - [2025-06-27T00:57:08.967+0000] {dagbag.py:511} DEBUG - Loaded DAG <DAG: example_bash_operator>
[2025-06-27T00:57:08.968+0000] {processor.py:840} INFO - DAG(s) 'example_bash_operator' retrieved from /home/airflow/.local/lib/python3.10/site-packages/airflow/example_dags/example_bash_operator.py
[2025-06-27T00:57:08.971+0000] {logging_mixin.py:188} INFO - [2025-06-27T00:57:08.970+0000] {dagbag.py:667} DEBUG - Running dagbag.sync_to_db with retries. Try 1 of 3
[2025-06-27T00:57:08.971+0000] {logging_mixin.py:188} INFO - [2025-06-27T00:57:08.971+0000] {dagbag.py:672} DEBUG - Calling the DAG.bulk_sync_to_db method
[2025-06-27T00:57:08.994+0000] {logging_mixin.py:188} INFO - [2025-06-27T00:57:08.994+0000] {serialized_dag.py:166} DEBUG - Checking if DAG (example_bash_operator) changed
[2025-06-27T00:57:08.999+0000] {logging_mixin.py:188} INFO - [2025-06-27T00:57:08.998+0000] {serialized_objects.py:624} DEBUG - Cast type <class 'airflow.models.param.ParamsDict'> to str in serialization.
[2025-06-27T00:57:09.002+0000] {logging_mixin.py:188} INFO - [2025-06-27T00:57:09.002+0000] {serialized_objects.py:624} DEBUG - Cast type <class 'airflow.models.param.ParamsDict'> to str in serialization.
[2025-06-27T00:57:09.004+0000] {logging_mixin.py:188} INFO - [2025-06-27T00:57:09.004+0000] {serialized_objects.py:624} DEBUG - Cast type <class 'airflow.models.param.ParamsDict'> to str in serialization.
[2025-06-27T00:57:09.007+0000] {logging_mixin.py:188} INFO - [2025-06-27T00:57:09.007+0000] {serialized_objects.py:624} DEBUG - Cast type <class 'airflow.models.param.ParamsDict'> to str in serialization.
[2025-06-27T00:57:09.009+0000] {logging_mixin.py:188} INFO - [2025-06-27T00:57:09.009+0000] {serialized_objects.py:624} DEBUG - Cast type <class 'airflow.models.param.ParamsDict'> to str in serialization.
[2025-06-27T00:57:09.012+0000] {logging_mixin.py:188} INFO - [2025-06-27T00:57:09.011+0000] {serialized_objects.py:624} DEBUG - Cast type <class 'airflow.models.param.ParamsDict'> to str in serialization.
[2025-06-27T00:57:09.014+0000] {logging_mixin.py:188} INFO - [2025-06-27T00:57:09.014+0000] {serialized_objects.py:624} DEBUG - Cast type <class 'airflow.models.param.ParamsDict'> to str in serialization.
[2025-06-27T00:57:09.022+0000] {logging_mixin.py:188} INFO - [2025-06-27T00:57:09.021+0000] {serialized_dag.py:177} DEBUG - Serialized DAG (example_bash_operator) is unchanged. Skipping writing to DB
[2025-06-27T00:57:09.023+0000] {logging_mixin.py:188} INFO - [2025-06-27T00:57:09.023+0000] {dag.py:3096} INFO - Sync 1 DAGs
[2025-06-27T00:57:09.053+0000] {logging_mixin.py:188} INFO - [2025-06-27T00:57:09.053+0000] {dag.py:3954} INFO - Setting next_dagrun for example_bash_operator to 2025-06-26 00:00:00+00:00, run_after=2025-06-27 00:00:00+00:00
[2025-06-27T00:57:09.077+0000] {processor.py:183} INFO - Processing /home/airflow/.local/lib/python3.10/site-packages/airflow/example_dags/example_bash_operator.py took 0.151 seconds
[2025-06-27T00:57:39.398+0000] {logging_mixin.py:188} INFO - [2025-06-27T00:57:39.396+0000] {settings.py:250} DEBUG - Setting up DB connection pool (PID 17929)
[2025-06-27T00:57:39.400+0000] {logging_mixin.py:188} INFO - [2025-06-27T00:57:39.399+0000] {settings.py:330} DEBUG - settings.prepare_engine_args(): Using pool settings. pool_size=5, max_overflow=10, pool_recycle=1800, pid=17929
[2025-06-27T00:57:39.410+0000] {processor.py:161} INFO - Started process (PID=17929) to work on /home/airflow/.local/lib/python3.10/site-packages/airflow/example_dags/example_bash_operator.py
[2025-06-27T00:57:39.411+0000] {processor.py:830} INFO - Processing file /home/airflow/.local/lib/python3.10/site-packages/airflow/example_dags/example_bash_operator.py for tasks to queue
[2025-06-27T00:57:39.412+0000] {logging_mixin.py:188} INFO - [2025-06-27T00:57:39.412+0000] {dagbag.py:545} INFO - Filling up the DagBag from /home/airflow/.local/lib/python3.10/site-packages/airflow/example_dags/example_bash_operator.py
[2025-06-27T00:57:39.415+0000] {logging_mixin.py:188} INFO - [2025-06-27T00:57:39.414+0000] {dagbag.py:337} DEBUG - Importing /home/airflow/.local/lib/python3.10/site-packages/airflow/example_dags/example_bash_operator.py
[2025-06-27T00:57:39.419+0000] {logging_mixin.py:188} INFO - [2025-06-27T00:57:39.419+0000] {GetText.py:65} DEBUG - /home/airflow/.local/lib/python3.10/site-packages/cron_descriptor/locale/en_US.mo Loaded
[2025-06-27T00:57:39.434+0000] {logging_mixin.py:188} INFO - [2025-06-27T00:57:39.432+0000] {dagbag.py:511} DEBUG - Loaded DAG <DAG: example_bash_operator>
[2025-06-27T00:57:39.436+0000] {logging_mixin.py:188} INFO - [2025-06-27T00:57:39.436+0000] {dagbag.py:511} DEBUG - Loaded DAG <DAG: example_bash_operator>
[2025-06-27T00:57:39.437+0000] {processor.py:840} INFO - DAG(s) 'example_bash_operator' retrieved from /home/airflow/.local/lib/python3.10/site-packages/airflow/example_dags/example_bash_operator.py
[2025-06-27T00:57:39.440+0000] {logging_mixin.py:188} INFO - [2025-06-27T00:57:39.439+0000] {dagbag.py:667} DEBUG - Running dagbag.sync_to_db with retries. Try 1 of 3
[2025-06-27T00:57:39.444+0000] {logging_mixin.py:188} INFO - [2025-06-27T00:57:39.443+0000] {dagbag.py:672} DEBUG - Calling the DAG.bulk_sync_to_db method
[2025-06-27T00:57:39.469+0000] {logging_mixin.py:188} INFO - [2025-06-27T00:57:39.468+0000] {serialized_dag.py:166} DEBUG - Checking if DAG (example_bash_operator) changed
[2025-06-27T00:57:39.475+0000] {logging_mixin.py:188} INFO - [2025-06-27T00:57:39.475+0000] {serialized_objects.py:624} DEBUG - Cast type <class 'airflow.models.param.ParamsDict'> to str in serialization.
[2025-06-27T00:57:39.479+0000] {logging_mixin.py:188} INFO - [2025-06-27T00:57:39.478+0000] {serialized_objects.py:624} DEBUG - Cast type <class 'airflow.models.param.ParamsDict'> to str in serialization.
[2025-06-27T00:57:39.481+0000] {logging_mixin.py:188} INFO - [2025-06-27T00:57:39.481+0000] {serialized_objects.py:624} DEBUG - Cast type <class 'airflow.models.param.ParamsDict'> to str in serialization.
[2025-06-27T00:57:39.484+0000] {logging_mixin.py:188} INFO - [2025-06-27T00:57:39.483+0000] {serialized_objects.py:624} DEBUG - Cast type <class 'airflow.models.param.ParamsDict'> to str in serialization.
[2025-06-27T00:57:39.486+0000] {logging_mixin.py:188} INFO - [2025-06-27T00:57:39.486+0000] {serialized_objects.py:624} DEBUG - Cast type <class 'airflow.models.param.ParamsDict'> to str in serialization.
[2025-06-27T00:57:39.488+0000] {logging_mixin.py:188} INFO - [2025-06-27T00:57:39.488+0000] {serialized_objects.py:624} DEBUG - Cast type <class 'airflow.models.param.ParamsDict'> to str in serialization.
[2025-06-27T00:57:39.491+0000] {logging_mixin.py:188} INFO - [2025-06-27T00:57:39.491+0000] {serialized_objects.py:624} DEBUG - Cast type <class 'airflow.models.param.ParamsDict'> to str in serialization.
[2025-06-27T00:57:39.498+0000] {logging_mixin.py:188} INFO - [2025-06-27T00:57:39.498+0000] {serialized_dag.py:177} DEBUG - Serialized DAG (example_bash_operator) is unchanged. Skipping writing to DB
[2025-06-27T00:57:39.499+0000] {logging_mixin.py:188} INFO - [2025-06-27T00:57:39.499+0000] {dag.py:3096} INFO - Sync 1 DAGs
[2025-06-27T00:57:39.528+0000] {logging_mixin.py:188} INFO - [2025-06-27T00:57:39.528+0000] {dag.py:3954} INFO - Setting next_dagrun for example_bash_operator to 2025-06-26 00:00:00+00:00, run_after=2025-06-27 00:00:00+00:00
[2025-06-27T00:57:39.553+0000] {processor.py:183} INFO - Processing /home/airflow/.local/lib/python3.10/site-packages/airflow/example_dags/example_bash_operator.py took 0.157 seconds
[2025-06-27T00:58:09.877+0000] {logging_mixin.py:188} INFO - [2025-06-27T00:58:09.876+0000] {settings.py:250} DEBUG - Setting up DB connection pool (PID 17991)
[2025-06-27T00:58:09.879+0000] {logging_mixin.py:188} INFO - [2025-06-27T00:58:09.879+0000] {settings.py:330} DEBUG - settings.prepare_engine_args(): Using pool settings. pool_size=5, max_overflow=10, pool_recycle=1800, pid=17991
[2025-06-27T00:58:09.890+0000] {processor.py:161} INFO - Started process (PID=17991) to work on /home/airflow/.local/lib/python3.10/site-packages/airflow/example_dags/example_bash_operator.py
[2025-06-27T00:58:09.892+0000] {processor.py:830} INFO - Processing file /home/airflow/.local/lib/python3.10/site-packages/airflow/example_dags/example_bash_operator.py for tasks to queue
[2025-06-27T00:58:09.894+0000] {logging_mixin.py:188} INFO - [2025-06-27T00:58:09.893+0000] {dagbag.py:545} INFO - Filling up the DagBag from /home/airflow/.local/lib/python3.10/site-packages/airflow/example_dags/example_bash_operator.py
[2025-06-27T00:58:09.896+0000] {logging_mixin.py:188} INFO - [2025-06-27T00:58:09.896+0000] {dagbag.py:337} DEBUG - Importing /home/airflow/.local/lib/python3.10/site-packages/airflow/example_dags/example_bash_operator.py
[2025-06-27T00:58:09.902+0000] {logging_mixin.py:188} INFO - [2025-06-27T00:58:09.902+0000] {GetText.py:65} DEBUG - /home/airflow/.local/lib/python3.10/site-packages/cron_descriptor/locale/en_US.mo Loaded
[2025-06-27T00:58:09.917+0000] {logging_mixin.py:188} INFO - [2025-06-27T00:58:09.915+0000] {dagbag.py:511} DEBUG - Loaded DAG <DAG: example_bash_operator>
[2025-06-27T00:58:09.919+0000] {logging_mixin.py:188} INFO - [2025-06-27T00:58:09.919+0000] {dagbag.py:511} DEBUG - Loaded DAG <DAG: example_bash_operator>
[2025-06-27T00:58:09.920+0000] {processor.py:840} INFO - DAG(s) 'example_bash_operator' retrieved from /home/airflow/.local/lib/python3.10/site-packages/airflow/example_dags/example_bash_operator.py
[2025-06-27T00:58:09.923+0000] {logging_mixin.py:188} INFO - [2025-06-27T00:58:09.922+0000] {dagbag.py:667} DEBUG - Running dagbag.sync_to_db with retries. Try 1 of 3
[2025-06-27T00:58:09.924+0000] {logging_mixin.py:188} INFO - [2025-06-27T00:58:09.923+0000] {dagbag.py:672} DEBUG - Calling the DAG.bulk_sync_to_db method
[2025-06-27T00:58:09.949+0000] {logging_mixin.py:188} INFO - [2025-06-27T00:58:09.949+0000] {serialized_dag.py:166} DEBUG - Checking if DAG (example_bash_operator) changed
[2025-06-27T00:58:09.955+0000] {logging_mixin.py:188} INFO - [2025-06-27T00:58:09.955+0000] {serialized_objects.py:624} DEBUG - Cast type <class 'airflow.models.param.ParamsDict'> to str in serialization.
[2025-06-27T00:58:09.958+0000] {logging_mixin.py:188} INFO - [2025-06-27T00:58:09.958+0000] {serialized_objects.py:624} DEBUG - Cast type <class 'airflow.models.param.ParamsDict'> to str in serialization.
[2025-06-27T00:58:09.960+0000] {logging_mixin.py:188} INFO - [2025-06-27T00:58:09.960+0000] {serialized_objects.py:624} DEBUG - Cast type <class 'airflow.models.param.ParamsDict'> to str in serialization.
[2025-06-27T00:58:09.963+0000] {logging_mixin.py:188} INFO - [2025-06-27T00:58:09.963+0000] {serialized_objects.py:624} DEBUG - Cast type <class 'airflow.models.param.ParamsDict'> to str in serialization.
[2025-06-27T00:58:09.966+0000] {logging_mixin.py:188} INFO - [2025-06-27T00:58:09.966+0000] {serialized_objects.py:624} DEBUG - Cast type <class 'airflow.models.param.ParamsDict'> to str in serialization.
[2025-06-27T00:58:09.969+0000] {logging_mixin.py:188} INFO - [2025-06-27T00:58:09.968+0000] {serialized_objects.py:624} DEBUG - Cast type <class 'airflow.models.param.ParamsDict'> to str in serialization.
[2025-06-27T00:58:09.971+0000] {logging_mixin.py:188} INFO - [2025-06-27T00:58:09.971+0000] {serialized_objects.py:624} DEBUG - Cast type <class 'airflow.models.param.ParamsDict'> to str in serialization.
[2025-06-27T00:58:09.979+0000] {logging_mixin.py:188} INFO - [2025-06-27T00:58:09.979+0000] {serialized_dag.py:177} DEBUG - Serialized DAG (example_bash_operator) is unchanged. Skipping writing to DB
[2025-06-27T00:58:09.980+0000] {logging_mixin.py:188} INFO - [2025-06-27T00:58:09.980+0000] {dag.py:3096} INFO - Sync 1 DAGs
[2025-06-27T00:58:10.006+0000] {logging_mixin.py:188} INFO - [2025-06-27T00:58:10.005+0000] {dag.py:3954} INFO - Setting next_dagrun for example_bash_operator to 2025-06-26 00:00:00+00:00, run_after=2025-06-27 00:00:00+00:00
[2025-06-27T00:58:10.038+0000] {processor.py:183} INFO - Processing /home/airflow/.local/lib/python3.10/site-packages/airflow/example_dags/example_bash_operator.py took 0.162 seconds
[2025-06-27T00:58:40.456+0000] {logging_mixin.py:188} INFO - [2025-06-27T00:58:40.455+0000] {settings.py:250} DEBUG - Setting up DB connection pool (PID 18054)
[2025-06-27T00:58:40.458+0000] {logging_mixin.py:188} INFO - [2025-06-27T00:58:40.457+0000] {settings.py:330} DEBUG - settings.prepare_engine_args(): Using pool settings. pool_size=5, max_overflow=10, pool_recycle=1800, pid=18054
[2025-06-27T00:58:40.467+0000] {processor.py:161} INFO - Started process (PID=18054) to work on /home/airflow/.local/lib/python3.10/site-packages/airflow/example_dags/example_bash_operator.py
[2025-06-27T00:58:40.468+0000] {processor.py:830} INFO - Processing file /home/airflow/.local/lib/python3.10/site-packages/airflow/example_dags/example_bash_operator.py for tasks to queue
[2025-06-27T00:58:40.469+0000] {logging_mixin.py:188} INFO - [2025-06-27T00:58:40.469+0000] {dagbag.py:545} INFO - Filling up the DagBag from /home/airflow/.local/lib/python3.10/site-packages/airflow/example_dags/example_bash_operator.py
[2025-06-27T00:58:40.471+0000] {logging_mixin.py:188} INFO - [2025-06-27T00:58:40.471+0000] {dagbag.py:337} DEBUG - Importing /home/airflow/.local/lib/python3.10/site-packages/airflow/example_dags/example_bash_operator.py
[2025-06-27T00:58:40.476+0000] {logging_mixin.py:188} INFO - [2025-06-27T00:58:40.476+0000] {GetText.py:65} DEBUG - /home/airflow/.local/lib/python3.10/site-packages/cron_descriptor/locale/en_US.mo Loaded
[2025-06-27T00:58:40.488+0000] {logging_mixin.py:188} INFO - [2025-06-27T00:58:40.487+0000] {dagbag.py:511} DEBUG - Loaded DAG <DAG: example_bash_operator>
[2025-06-27T00:58:40.490+0000] {logging_mixin.py:188} INFO - [2025-06-27T00:58:40.490+0000] {dagbag.py:511} DEBUG - Loaded DAG <DAG: example_bash_operator>
[2025-06-27T00:58:40.491+0000] {processor.py:840} INFO - DAG(s) 'example_bash_operator' retrieved from /home/airflow/.local/lib/python3.10/site-packages/airflow/example_dags/example_bash_operator.py
[2025-06-27T00:58:40.493+0000] {logging_mixin.py:188} INFO - [2025-06-27T00:58:40.492+0000] {dagbag.py:667} DEBUG - Running dagbag.sync_to_db with retries. Try 1 of 3
[2025-06-27T00:58:40.493+0000] {logging_mixin.py:188} INFO - [2025-06-27T00:58:40.493+0000] {dagbag.py:672} DEBUG - Calling the DAG.bulk_sync_to_db method
[2025-06-27T00:58:40.512+0000] {logging_mixin.py:188} INFO - [2025-06-27T00:58:40.511+0000] {serialized_dag.py:166} DEBUG - Checking if DAG (example_bash_operator) changed
[2025-06-27T00:58:40.516+0000] {logging_mixin.py:188} INFO - [2025-06-27T00:58:40.516+0000] {serialized_objects.py:624} DEBUG - Cast type <class 'airflow.models.param.ParamsDict'> to str in serialization.
[2025-06-27T00:58:40.519+0000] {logging_mixin.py:188} INFO - [2025-06-27T00:58:40.518+0000] {serialized_objects.py:624} DEBUG - Cast type <class 'airflow.models.param.ParamsDict'> to str in serialization.
[2025-06-27T00:58:40.521+0000] {logging_mixin.py:188} INFO - [2025-06-27T00:58:40.521+0000] {serialized_objects.py:624} DEBUG - Cast type <class 'airflow.models.param.ParamsDict'> to str in serialization.
[2025-06-27T00:58:40.523+0000] {logging_mixin.py:188} INFO - [2025-06-27T00:58:40.523+0000] {serialized_objects.py:624} DEBUG - Cast type <class 'airflow.models.param.ParamsDict'> to str in serialization.
[2025-06-27T00:58:40.525+0000] {logging_mixin.py:188} INFO - [2025-06-27T00:58:40.525+0000] {serialized_objects.py:624} DEBUG - Cast type <class 'airflow.models.param.ParamsDict'> to str in serialization.
[2025-06-27T00:58:40.527+0000] {logging_mixin.py:188} INFO - [2025-06-27T00:58:40.527+0000] {serialized_objects.py:624} DEBUG - Cast type <class 'airflow.models.param.ParamsDict'> to str in serialization.
[2025-06-27T00:58:40.529+0000] {logging_mixin.py:188} INFO - [2025-06-27T00:58:40.529+0000] {serialized_objects.py:624} DEBUG - Cast type <class 'airflow.models.param.ParamsDict'> to str in serialization.
[2025-06-27T00:58:40.537+0000] {logging_mixin.py:188} INFO - [2025-06-27T00:58:40.536+0000] {serialized_dag.py:177} DEBUG - Serialized DAG (example_bash_operator) is unchanged. Skipping writing to DB
[2025-06-27T00:58:40.538+0000] {logging_mixin.py:188} INFO - [2025-06-27T00:58:40.537+0000] {dag.py:3096} INFO - Sync 1 DAGs
[2025-06-27T00:58:40.572+0000] {logging_mixin.py:188} INFO - [2025-06-27T00:58:40.572+0000] {dag.py:3954} INFO - Setting next_dagrun for example_bash_operator to 2025-06-26 00:00:00+00:00, run_after=2025-06-27 00:00:00+00:00
[2025-06-27T00:58:40.599+0000] {processor.py:183} INFO - Processing /home/airflow/.local/lib/python3.10/site-packages/airflow/example_dags/example_bash_operator.py took 0.144 seconds
[2025-06-27T00:59:11.192+0000] {logging_mixin.py:188} INFO - [2025-06-27T00:59:11.190+0000] {settings.py:250} DEBUG - Setting up DB connection pool (PID 18117)
[2025-06-27T00:59:11.195+0000] {logging_mixin.py:188} INFO - [2025-06-27T00:59:11.194+0000] {settings.py:330} DEBUG - settings.prepare_engine_args(): Using pool settings. pool_size=5, max_overflow=10, pool_recycle=1800, pid=18117
[2025-06-27T00:59:11.207+0000] {processor.py:161} INFO - Started process (PID=18117) to work on /home/airflow/.local/lib/python3.10/site-packages/airflow/example_dags/example_bash_operator.py
[2025-06-27T00:59:11.208+0000] {processor.py:830} INFO - Processing file /home/airflow/.local/lib/python3.10/site-packages/airflow/example_dags/example_bash_operator.py for tasks to queue
[2025-06-27T00:59:11.210+0000] {logging_mixin.py:188} INFO - [2025-06-27T00:59:11.210+0000] {dagbag.py:545} INFO - Filling up the DagBag from /home/airflow/.local/lib/python3.10/site-packages/airflow/example_dags/example_bash_operator.py
[2025-06-27T00:59:11.213+0000] {logging_mixin.py:188} INFO - [2025-06-27T00:59:11.213+0000] {dagbag.py:337} DEBUG - Importing /home/airflow/.local/lib/python3.10/site-packages/airflow/example_dags/example_bash_operator.py
[2025-06-27T00:59:11.220+0000] {logging_mixin.py:188} INFO - [2025-06-27T00:59:11.219+0000] {GetText.py:65} DEBUG - /home/airflow/.local/lib/python3.10/site-packages/cron_descriptor/locale/en_US.mo Loaded
[2025-06-27T00:59:11.237+0000] {logging_mixin.py:188} INFO - [2025-06-27T00:59:11.235+0000] {dagbag.py:511} DEBUG - Loaded DAG <DAG: example_bash_operator>
[2025-06-27T00:59:11.239+0000] {logging_mixin.py:188} INFO - [2025-06-27T00:59:11.239+0000] {dagbag.py:511} DEBUG - Loaded DAG <DAG: example_bash_operator>
[2025-06-27T00:59:11.240+0000] {processor.py:840} INFO - DAG(s) 'example_bash_operator' retrieved from /home/airflow/.local/lib/python3.10/site-packages/airflow/example_dags/example_bash_operator.py
[2025-06-27T00:59:11.242+0000] {logging_mixin.py:188} INFO - [2025-06-27T00:59:11.242+0000] {dagbag.py:667} DEBUG - Running dagbag.sync_to_db with retries. Try 1 of 3
[2025-06-27T00:59:11.243+0000] {logging_mixin.py:188} INFO - [2025-06-27T00:59:11.243+0000] {dagbag.py:672} DEBUG - Calling the DAG.bulk_sync_to_db method
[2025-06-27T00:59:11.267+0000] {logging_mixin.py:188} INFO - [2025-06-27T00:59:11.267+0000] {serialized_dag.py:166} DEBUG - Checking if DAG (example_bash_operator) changed
[2025-06-27T00:59:11.274+0000] {logging_mixin.py:188} INFO - [2025-06-27T00:59:11.274+0000] {serialized_objects.py:624} DEBUG - Cast type <class 'airflow.models.param.ParamsDict'> to str in serialization.
[2025-06-27T00:59:11.278+0000] {logging_mixin.py:188} INFO - [2025-06-27T00:59:11.277+0000] {serialized_objects.py:624} DEBUG - Cast type <class 'airflow.models.param.ParamsDict'> to str in serialization.
[2025-06-27T00:59:11.280+0000] {logging_mixin.py:188} INFO - [2025-06-27T00:59:11.280+0000] {serialized_objects.py:624} DEBUG - Cast type <class 'airflow.models.param.ParamsDict'> to str in serialization.
[2025-06-27T00:59:11.283+0000] {logging_mixin.py:188} INFO - [2025-06-27T00:59:11.283+0000] {serialized_objects.py:624} DEBUG - Cast type <class 'airflow.models.param.ParamsDict'> to str in serialization.
[2025-06-27T00:59:11.285+0000] {logging_mixin.py:188} INFO - [2025-06-27T00:59:11.285+0000] {serialized_objects.py:624} DEBUG - Cast type <class 'airflow.models.param.ParamsDict'> to str in serialization.
[2025-06-27T00:59:11.288+0000] {logging_mixin.py:188} INFO - [2025-06-27T00:59:11.288+0000] {serialized_objects.py:624} DEBUG - Cast type <class 'airflow.models.param.ParamsDict'> to str in serialization.
[2025-06-27T00:59:11.290+0000] {logging_mixin.py:188} INFO - [2025-06-27T00:59:11.290+0000] {serialized_objects.py:624} DEBUG - Cast type <class 'airflow.models.param.ParamsDict'> to str in serialization.
[2025-06-27T00:59:11.297+0000] {logging_mixin.py:188} INFO - [2025-06-27T00:59:11.297+0000] {serialized_dag.py:177} DEBUG - Serialized DAG (example_bash_operator) is unchanged. Skipping writing to DB
[2025-06-27T00:59:11.298+0000] {logging_mixin.py:188} INFO - [2025-06-27T00:59:11.298+0000] {dag.py:3096} INFO - Sync 1 DAGs
[2025-06-27T00:59:11.325+0000] {logging_mixin.py:188} INFO - [2025-06-27T00:59:11.325+0000] {dag.py:3954} INFO - Setting next_dagrun for example_bash_operator to 2025-06-26 00:00:00+00:00, run_after=2025-06-27 00:00:00+00:00
[2025-06-27T00:59:11.350+0000] {processor.py:183} INFO - Processing /home/airflow/.local/lib/python3.10/site-packages/airflow/example_dags/example_bash_operator.py took 0.161 seconds
[2025-06-27T00:59:41.909+0000] {logging_mixin.py:188} INFO - [2025-06-27T00:59:41.908+0000] {settings.py:250} DEBUG - Setting up DB connection pool (PID 18179)
[2025-06-27T00:59:41.911+0000] {logging_mixin.py:188} INFO - [2025-06-27T00:59:41.910+0000] {settings.py:330} DEBUG - settings.prepare_engine_args(): Using pool settings. pool_size=5, max_overflow=10, pool_recycle=1800, pid=18179
[2025-06-27T00:59:41.922+0000] {processor.py:161} INFO - Started process (PID=18179) to work on /home/airflow/.local/lib/python3.10/site-packages/airflow/example_dags/example_bash_operator.py
[2025-06-27T00:59:41.923+0000] {processor.py:830} INFO - Processing file /home/airflow/.local/lib/python3.10/site-packages/airflow/example_dags/example_bash_operator.py for tasks to queue
[2025-06-27T00:59:41.925+0000] {logging_mixin.py:188} INFO - [2025-06-27T00:59:41.924+0000] {dagbag.py:545} INFO - Filling up the DagBag from /home/airflow/.local/lib/python3.10/site-packages/airflow/example_dags/example_bash_operator.py
[2025-06-27T00:59:41.927+0000] {logging_mixin.py:188} INFO - [2025-06-27T00:59:41.927+0000] {dagbag.py:337} DEBUG - Importing /home/airflow/.local/lib/python3.10/site-packages/airflow/example_dags/example_bash_operator.py
[2025-06-27T00:59:41.933+0000] {logging_mixin.py:188} INFO - [2025-06-27T00:59:41.932+0000] {GetText.py:65} DEBUG - /home/airflow/.local/lib/python3.10/site-packages/cron_descriptor/locale/en_US.mo Loaded
[2025-06-27T00:59:41.947+0000] {logging_mixin.py:188} INFO - [2025-06-27T00:59:41.946+0000] {dagbag.py:511} DEBUG - Loaded DAG <DAG: example_bash_operator>
[2025-06-27T00:59:41.949+0000] {logging_mixin.py:188} INFO - [2025-06-27T00:59:41.949+0000] {dagbag.py:511} DEBUG - Loaded DAG <DAG: example_bash_operator>
[2025-06-27T00:59:41.950+0000] {processor.py:840} INFO - DAG(s) 'example_bash_operator' retrieved from /home/airflow/.local/lib/python3.10/site-packages/airflow/example_dags/example_bash_operator.py
[2025-06-27T00:59:41.953+0000] {logging_mixin.py:188} INFO - [2025-06-27T00:59:41.952+0000] {dagbag.py:667} DEBUG - Running dagbag.sync_to_db with retries. Try 1 of 3
[2025-06-27T00:59:41.953+0000] {logging_mixin.py:188} INFO - [2025-06-27T00:59:41.953+0000] {dagbag.py:672} DEBUG - Calling the DAG.bulk_sync_to_db method
[2025-06-27T00:59:41.978+0000] {logging_mixin.py:188} INFO - [2025-06-27T00:59:41.977+0000] {serialized_dag.py:166} DEBUG - Checking if DAG (example_bash_operator) changed
[2025-06-27T00:59:41.985+0000] {logging_mixin.py:188} INFO - [2025-06-27T00:59:41.984+0000] {serialized_objects.py:624} DEBUG - Cast type <class 'airflow.models.param.ParamsDict'> to str in serialization.
[2025-06-27T00:59:41.990+0000] {logging_mixin.py:188} INFO - [2025-06-27T00:59:41.990+0000] {serialized_objects.py:624} DEBUG - Cast type <class 'airflow.models.param.ParamsDict'> to str in serialization.
[2025-06-27T00:59:41.993+0000] {logging_mixin.py:188} INFO - [2025-06-27T00:59:41.993+0000] {serialized_objects.py:624} DEBUG - Cast type <class 'airflow.models.param.ParamsDict'> to str in serialization.
[2025-06-27T00:59:41.996+0000] {logging_mixin.py:188} INFO - [2025-06-27T00:59:41.996+0000] {serialized_objects.py:624} DEBUG - Cast type <class 'airflow.models.param.ParamsDict'> to str in serialization.
[2025-06-27T00:59:41.999+0000] {logging_mixin.py:188} INFO - [2025-06-27T00:59:41.999+0000] {serialized_objects.py:624} DEBUG - Cast type <class 'airflow.models.param.ParamsDict'> to str in serialization.
[2025-06-27T00:59:42.002+0000] {logging_mixin.py:188} INFO - [2025-06-27T00:59:42.002+0000] {serialized_objects.py:624} DEBUG - Cast type <class 'airflow.models.param.ParamsDict'> to str in serialization.
[2025-06-27T00:59:42.005+0000] {logging_mixin.py:188} INFO - [2025-06-27T00:59:42.004+0000] {serialized_objects.py:624} DEBUG - Cast type <class 'airflow.models.param.ParamsDict'> to str in serialization.
[2025-06-27T00:59:42.020+0000] {logging_mixin.py:188} INFO - [2025-06-27T00:59:42.019+0000] {serialized_dag.py:177} DEBUG - Serialized DAG (example_bash_operator) is unchanged. Skipping writing to DB
[2025-06-27T00:59:42.021+0000] {logging_mixin.py:188} INFO - [2025-06-27T00:59:42.021+0000] {dag.py:3096} INFO - Sync 1 DAGs
[2025-06-27T00:59:42.055+0000] {logging_mixin.py:188} INFO - [2025-06-27T00:59:42.055+0000] {dag.py:3954} INFO - Setting next_dagrun for example_bash_operator to 2025-06-26 00:00:00+00:00, run_after=2025-06-27 00:00:00+00:00
[2025-06-27T00:59:42.087+0000] {processor.py:183} INFO - Processing /home/airflow/.local/lib/python3.10/site-packages/airflow/example_dags/example_bash_operator.py took 0.180 seconds
[2025-06-27T01:00:12.554+0000] {logging_mixin.py:188} INFO - [2025-06-27T01:00:12.553+0000] {settings.py:250} DEBUG - Setting up DB connection pool (PID 18242)
[2025-06-27T01:00:12.556+0000] {logging_mixin.py:188} INFO - [2025-06-27T01:00:12.556+0000] {settings.py:330} DEBUG - settings.prepare_engine_args(): Using pool settings. pool_size=5, max_overflow=10, pool_recycle=1800, pid=18242
[2025-06-27T01:00:12.566+0000] {processor.py:161} INFO - Started process (PID=18242) to work on /home/airflow/.local/lib/python3.10/site-packages/airflow/example_dags/example_bash_operator.py
[2025-06-27T01:00:12.567+0000] {processor.py:830} INFO - Processing file /home/airflow/.local/lib/python3.10/site-packages/airflow/example_dags/example_bash_operator.py for tasks to queue
[2025-06-27T01:00:12.568+0000] {logging_mixin.py:188} INFO - [2025-06-27T01:00:12.568+0000] {dagbag.py:545} INFO - Filling up the DagBag from /home/airflow/.local/lib/python3.10/site-packages/airflow/example_dags/example_bash_operator.py
[2025-06-27T01:00:12.571+0000] {logging_mixin.py:188} INFO - [2025-06-27T01:00:12.571+0000] {dagbag.py:337} DEBUG - Importing /home/airflow/.local/lib/python3.10/site-packages/airflow/example_dags/example_bash_operator.py
[2025-06-27T01:00:12.576+0000] {logging_mixin.py:188} INFO - [2025-06-27T01:00:12.576+0000] {GetText.py:65} DEBUG - /home/airflow/.local/lib/python3.10/site-packages/cron_descriptor/locale/en_US.mo Loaded
[2025-06-27T01:00:12.591+0000] {logging_mixin.py:188} INFO - [2025-06-27T01:00:12.590+0000] {dagbag.py:511} DEBUG - Loaded DAG <DAG: example_bash_operator>
[2025-06-27T01:00:12.594+0000] {logging_mixin.py:188} INFO - [2025-06-27T01:00:12.593+0000] {dagbag.py:511} DEBUG - Loaded DAG <DAG: example_bash_operator>
[2025-06-27T01:00:12.594+0000] {processor.py:840} INFO - DAG(s) 'example_bash_operator' retrieved from /home/airflow/.local/lib/python3.10/site-packages/airflow/example_dags/example_bash_operator.py
[2025-06-27T01:00:12.597+0000] {logging_mixin.py:188} INFO - [2025-06-27T01:00:12.596+0000] {dagbag.py:667} DEBUG - Running dagbag.sync_to_db with retries. Try 1 of 3
[2025-06-27T01:00:12.597+0000] {logging_mixin.py:188} INFO - [2025-06-27T01:00:12.597+0000] {dagbag.py:672} DEBUG - Calling the DAG.bulk_sync_to_db method
[2025-06-27T01:00:12.623+0000] {logging_mixin.py:188} INFO - [2025-06-27T01:00:12.622+0000] {serialized_dag.py:166} DEBUG - Checking if DAG (example_bash_operator) changed
[2025-06-27T01:00:12.629+0000] {logging_mixin.py:188} INFO - [2025-06-27T01:00:12.628+0000] {serialized_objects.py:624} DEBUG - Cast type <class 'airflow.models.param.ParamsDict'> to str in serialization.
[2025-06-27T01:00:12.632+0000] {logging_mixin.py:188} INFO - [2025-06-27T01:00:12.631+0000] {serialized_objects.py:624} DEBUG - Cast type <class 'airflow.models.param.ParamsDict'> to str in serialization.
[2025-06-27T01:00:12.634+0000] {logging_mixin.py:188} INFO - [2025-06-27T01:00:12.634+0000] {serialized_objects.py:624} DEBUG - Cast type <class 'airflow.models.param.ParamsDict'> to str in serialization.
[2025-06-27T01:00:12.637+0000] {logging_mixin.py:188} INFO - [2025-06-27T01:00:12.637+0000] {serialized_objects.py:624} DEBUG - Cast type <class 'airflow.models.param.ParamsDict'> to str in serialization.
[2025-06-27T01:00:12.640+0000] {logging_mixin.py:188} INFO - [2025-06-27T01:00:12.640+0000] {serialized_objects.py:624} DEBUG - Cast type <class 'airflow.models.param.ParamsDict'> to str in serialization.
[2025-06-27T01:00:12.642+0000] {logging_mixin.py:188} INFO - [2025-06-27T01:00:12.642+0000] {serialized_objects.py:624} DEBUG - Cast type <class 'airflow.models.param.ParamsDict'> to str in serialization.
[2025-06-27T01:00:12.645+0000] {logging_mixin.py:188} INFO - [2025-06-27T01:00:12.645+0000] {serialized_objects.py:624} DEBUG - Cast type <class 'airflow.models.param.ParamsDict'> to str in serialization.
[2025-06-27T01:00:12.655+0000] {logging_mixin.py:188} INFO - [2025-06-27T01:00:12.654+0000] {serialized_dag.py:177} DEBUG - Serialized DAG (example_bash_operator) is unchanged. Skipping writing to DB
[2025-06-27T01:00:12.656+0000] {logging_mixin.py:188} INFO - [2025-06-27T01:00:12.656+0000] {dag.py:3096} INFO - Sync 1 DAGs
[2025-06-27T01:00:12.690+0000] {logging_mixin.py:188} INFO - [2025-06-27T01:00:12.690+0000] {dag.py:3954} INFO - Setting next_dagrun for example_bash_operator to 2025-06-26 00:00:00+00:00, run_after=2025-06-27 00:00:00+00:00
[2025-06-27T01:00:12.724+0000] {processor.py:183} INFO - Processing /home/airflow/.local/lib/python3.10/site-packages/airflow/example_dags/example_bash_operator.py took 0.170 seconds
[2025-06-27T01:00:42.877+0000] {logging_mixin.py:188} INFO - [2025-06-27T01:00:42.875+0000] {settings.py:250} DEBUG - Setting up DB connection pool (PID 18301)
[2025-06-27T01:00:42.879+0000] {logging_mixin.py:188} INFO - [2025-06-27T01:00:42.879+0000] {settings.py:330} DEBUG - settings.prepare_engine_args(): Using pool settings. pool_size=5, max_overflow=10, pool_recycle=1800, pid=18301
[2025-06-27T01:00:42.895+0000] {processor.py:161} INFO - Started process (PID=18301) to work on /home/airflow/.local/lib/python3.10/site-packages/airflow/example_dags/example_bash_operator.py
[2025-06-27T01:00:42.897+0000] {processor.py:830} INFO - Processing file /home/airflow/.local/lib/python3.10/site-packages/airflow/example_dags/example_bash_operator.py for tasks to queue
[2025-06-27T01:00:42.898+0000] {logging_mixin.py:188} INFO - [2025-06-27T01:00:42.898+0000] {dagbag.py:545} INFO - Filling up the DagBag from /home/airflow/.local/lib/python3.10/site-packages/airflow/example_dags/example_bash_operator.py
[2025-06-27T01:00:42.901+0000] {logging_mixin.py:188} INFO - [2025-06-27T01:00:42.901+0000] {dagbag.py:337} DEBUG - Importing /home/airflow/.local/lib/python3.10/site-packages/airflow/example_dags/example_bash_operator.py
[2025-06-27T01:00:42.908+0000] {logging_mixin.py:188} INFO - [2025-06-27T01:00:42.908+0000] {GetText.py:65} DEBUG - /home/airflow/.local/lib/python3.10/site-packages/cron_descriptor/locale/en_US.mo Loaded
[2025-06-27T01:00:42.927+0000] {logging_mixin.py:188} INFO - [2025-06-27T01:00:42.925+0000] {dagbag.py:511} DEBUG - Loaded DAG <DAG: example_bash_operator>
[2025-06-27T01:00:42.930+0000] {logging_mixin.py:188} INFO - [2025-06-27T01:00:42.929+0000] {dagbag.py:511} DEBUG - Loaded DAG <DAG: example_bash_operator>
[2025-06-27T01:00:42.931+0000] {processor.py:840} INFO - DAG(s) 'example_bash_operator' retrieved from /home/airflow/.local/lib/python3.10/site-packages/airflow/example_dags/example_bash_operator.py
[2025-06-27T01:00:42.934+0000] {logging_mixin.py:188} INFO - [2025-06-27T01:00:42.933+0000] {dagbag.py:667} DEBUG - Running dagbag.sync_to_db with retries. Try 1 of 3
[2025-06-27T01:00:42.935+0000] {logging_mixin.py:188} INFO - [2025-06-27T01:00:42.934+0000] {dagbag.py:672} DEBUG - Calling the DAG.bulk_sync_to_db method
[2025-06-27T01:00:42.963+0000] {logging_mixin.py:188} INFO - [2025-06-27T01:00:42.962+0000] {serialized_dag.py:166} DEBUG - Checking if DAG (example_bash_operator) changed
[2025-06-27T01:00:42.971+0000] {logging_mixin.py:188} INFO - [2025-06-27T01:00:42.970+0000] {serialized_objects.py:624} DEBUG - Cast type <class 'airflow.models.param.ParamsDict'> to str in serialization.
[2025-06-27T01:00:42.975+0000] {logging_mixin.py:188} INFO - [2025-06-27T01:00:42.974+0000] {serialized_objects.py:624} DEBUG - Cast type <class 'airflow.models.param.ParamsDict'> to str in serialization.
[2025-06-27T01:00:42.978+0000] {logging_mixin.py:188} INFO - [2025-06-27T01:00:42.978+0000] {serialized_objects.py:624} DEBUG - Cast type <class 'airflow.models.param.ParamsDict'> to str in serialization.
[2025-06-27T01:00:42.980+0000] {logging_mixin.py:188} INFO - [2025-06-27T01:00:42.980+0000] {serialized_objects.py:624} DEBUG - Cast type <class 'airflow.models.param.ParamsDict'> to str in serialization.
[2025-06-27T01:00:42.983+0000] {logging_mixin.py:188} INFO - [2025-06-27T01:00:42.983+0000] {serialized_objects.py:624} DEBUG - Cast type <class 'airflow.models.param.ParamsDict'> to str in serialization.
[2025-06-27T01:00:42.985+0000] {logging_mixin.py:188} INFO - [2025-06-27T01:00:42.985+0000] {serialized_objects.py:624} DEBUG - Cast type <class 'airflow.models.param.ParamsDict'> to str in serialization.
[2025-06-27T01:00:42.987+0000] {logging_mixin.py:188} INFO - [2025-06-27T01:00:42.987+0000] {serialized_objects.py:624} DEBUG - Cast type <class 'airflow.models.param.ParamsDict'> to str in serialization.
[2025-06-27T01:00:43.000+0000] {logging_mixin.py:188} INFO - [2025-06-27T01:00:43.000+0000] {serialized_dag.py:177} DEBUG - Serialized DAG (example_bash_operator) is unchanged. Skipping writing to DB
[2025-06-27T01:00:43.001+0000] {logging_mixin.py:188} INFO - [2025-06-27T01:00:43.001+0000] {dag.py:3096} INFO - Sync 1 DAGs
[2025-06-27T01:00:43.042+0000] {logging_mixin.py:188} INFO - [2025-06-27T01:00:43.042+0000] {dag.py:3954} INFO - Setting next_dagrun for example_bash_operator to 2025-06-26 00:00:00+00:00, run_after=2025-06-27 00:00:00+00:00
[2025-06-27T01:00:43.076+0000] {processor.py:183} INFO - Processing /home/airflow/.local/lib/python3.10/site-packages/airflow/example_dags/example_bash_operator.py took 0.201 seconds
[2025-06-27T01:01:13.402+0000] {logging_mixin.py:188} INFO - [2025-06-27T01:01:13.400+0000] {settings.py:250} DEBUG - Setting up DB connection pool (PID 18362)
[2025-06-27T01:01:13.404+0000] {logging_mixin.py:188} INFO - [2025-06-27T01:01:13.404+0000] {settings.py:330} DEBUG - settings.prepare_engine_args(): Using pool settings. pool_size=5, max_overflow=10, pool_recycle=1800, pid=18362
[2025-06-27T01:01:13.414+0000] {processor.py:161} INFO - Started process (PID=18362) to work on /home/airflow/.local/lib/python3.10/site-packages/airflow/example_dags/example_bash_operator.py
[2025-06-27T01:01:13.415+0000] {processor.py:830} INFO - Processing file /home/airflow/.local/lib/python3.10/site-packages/airflow/example_dags/example_bash_operator.py for tasks to queue
[2025-06-27T01:01:13.416+0000] {logging_mixin.py:188} INFO - [2025-06-27T01:01:13.416+0000] {dagbag.py:545} INFO - Filling up the DagBag from /home/airflow/.local/lib/python3.10/site-packages/airflow/example_dags/example_bash_operator.py
[2025-06-27T01:01:13.418+0000] {logging_mixin.py:188} INFO - [2025-06-27T01:01:13.418+0000] {dagbag.py:337} DEBUG - Importing /home/airflow/.local/lib/python3.10/site-packages/airflow/example_dags/example_bash_operator.py
[2025-06-27T01:01:13.423+0000] {logging_mixin.py:188} INFO - [2025-06-27T01:01:13.423+0000] {GetText.py:65} DEBUG - /home/airflow/.local/lib/python3.10/site-packages/cron_descriptor/locale/en_US.mo Loaded
[2025-06-27T01:01:13.435+0000] {logging_mixin.py:188} INFO - [2025-06-27T01:01:13.434+0000] {dagbag.py:511} DEBUG - Loaded DAG <DAG: example_bash_operator>
[2025-06-27T01:01:13.437+0000] {logging_mixin.py:188} INFO - [2025-06-27T01:01:13.437+0000] {dagbag.py:511} DEBUG - Loaded DAG <DAG: example_bash_operator>
[2025-06-27T01:01:13.438+0000] {processor.py:840} INFO - DAG(s) 'example_bash_operator' retrieved from /home/airflow/.local/lib/python3.10/site-packages/airflow/example_dags/example_bash_operator.py
[2025-06-27T01:01:13.440+0000] {logging_mixin.py:188} INFO - [2025-06-27T01:01:13.440+0000] {dagbag.py:667} DEBUG - Running dagbag.sync_to_db with retries. Try 1 of 3
[2025-06-27T01:01:13.441+0000] {logging_mixin.py:188} INFO - [2025-06-27T01:01:13.440+0000] {dagbag.py:672} DEBUG - Calling the DAG.bulk_sync_to_db method
[2025-06-27T01:01:13.461+0000] {logging_mixin.py:188} INFO - [2025-06-27T01:01:13.461+0000] {serialized_dag.py:166} DEBUG - Checking if DAG (example_bash_operator) changed
[2025-06-27T01:01:13.466+0000] {logging_mixin.py:188} INFO - [2025-06-27T01:01:13.465+0000] {serialized_objects.py:624} DEBUG - Cast type <class 'airflow.models.param.ParamsDict'> to str in serialization.
[2025-06-27T01:01:13.469+0000] {logging_mixin.py:188} INFO - [2025-06-27T01:01:13.469+0000] {serialized_objects.py:624} DEBUG - Cast type <class 'airflow.models.param.ParamsDict'> to str in serialization.
[2025-06-27T01:01:13.471+0000] {logging_mixin.py:188} INFO - [2025-06-27T01:01:13.471+0000] {serialized_objects.py:624} DEBUG - Cast type <class 'airflow.models.param.ParamsDict'> to str in serialization.
[2025-06-27T01:01:13.474+0000] {logging_mixin.py:188} INFO - [2025-06-27T01:01:13.473+0000] {serialized_objects.py:624} DEBUG - Cast type <class 'airflow.models.param.ParamsDict'> to str in serialization.
[2025-06-27T01:01:13.476+0000] {logging_mixin.py:188} INFO - [2025-06-27T01:01:13.476+0000] {serialized_objects.py:624} DEBUG - Cast type <class 'airflow.models.param.ParamsDict'> to str in serialization.
[2025-06-27T01:01:13.478+0000] {logging_mixin.py:188} INFO - [2025-06-27T01:01:13.478+0000] {serialized_objects.py:624} DEBUG - Cast type <class 'airflow.models.param.ParamsDict'> to str in serialization.
[2025-06-27T01:01:13.481+0000] {logging_mixin.py:188} INFO - [2025-06-27T01:01:13.481+0000] {serialized_objects.py:624} DEBUG - Cast type <class 'airflow.models.param.ParamsDict'> to str in serialization.
[2025-06-27T01:01:13.494+0000] {logging_mixin.py:188} INFO - [2025-06-27T01:01:13.493+0000] {serialized_dag.py:177} DEBUG - Serialized DAG (example_bash_operator) is unchanged. Skipping writing to DB
[2025-06-27T01:01:13.495+0000] {logging_mixin.py:188} INFO - [2025-06-27T01:01:13.495+0000] {dag.py:3096} INFO - Sync 1 DAGs
[2025-06-27T01:01:13.532+0000] {logging_mixin.py:188} INFO - [2025-06-27T01:01:13.532+0000] {dag.py:3954} INFO - Setting next_dagrun for example_bash_operator to 2025-06-26 00:00:00+00:00, run_after=2025-06-27 00:00:00+00:00
[2025-06-27T01:01:13.558+0000] {processor.py:183} INFO - Processing /home/airflow/.local/lib/python3.10/site-packages/airflow/example_dags/example_bash_operator.py took 0.158 seconds
[2025-06-27T01:01:43.873+0000] {logging_mixin.py:188} INFO - [2025-06-27T01:01:43.872+0000] {settings.py:250} DEBUG - Setting up DB connection pool (PID 18425)
[2025-06-27T01:01:43.876+0000] {logging_mixin.py:188} INFO - [2025-06-27T01:01:43.876+0000] {settings.py:330} DEBUG - settings.prepare_engine_args(): Using pool settings. pool_size=5, max_overflow=10, pool_recycle=1800, pid=18425
[2025-06-27T01:01:43.943+0000] {processor.py:161} INFO - Started process (PID=18425) to work on /home/airflow/.local/lib/python3.10/site-packages/airflow/example_dags/example_bash_operator.py
[2025-06-27T01:01:43.946+0000] {processor.py:830} INFO - Processing file /home/airflow/.local/lib/python3.10/site-packages/airflow/example_dags/example_bash_operator.py for tasks to queue
[2025-06-27T01:01:43.948+0000] {logging_mixin.py:188} INFO - [2025-06-27T01:01:43.947+0000] {dagbag.py:545} INFO - Filling up the DagBag from /home/airflow/.local/lib/python3.10/site-packages/airflow/example_dags/example_bash_operator.py
[2025-06-27T01:01:43.952+0000] {logging_mixin.py:188} INFO - [2025-06-27T01:01:43.952+0000] {dagbag.py:337} DEBUG - Importing /home/airflow/.local/lib/python3.10/site-packages/airflow/example_dags/example_bash_operator.py
[2025-06-27T01:01:43.964+0000] {logging_mixin.py:188} INFO - [2025-06-27T01:01:43.964+0000] {GetText.py:65} DEBUG - /home/airflow/.local/lib/python3.10/site-packages/cron_descriptor/locale/en_US.mo Loaded
[2025-06-27T01:01:43.994+0000] {logging_mixin.py:188} INFO - [2025-06-27T01:01:43.990+0000] {dagbag.py:511} DEBUG - Loaded DAG <DAG: example_bash_operator>
[2025-06-27T01:01:43.996+0000] {logging_mixin.py:188} INFO - [2025-06-27T01:01:43.996+0000] {dagbag.py:511} DEBUG - Loaded DAG <DAG: example_bash_operator>
[2025-06-27T01:01:43.998+0000] {processor.py:840} INFO - DAG(s) 'example_bash_operator' retrieved from /home/airflow/.local/lib/python3.10/site-packages/airflow/example_dags/example_bash_operator.py
[2025-06-27T01:01:44.001+0000] {logging_mixin.py:188} INFO - [2025-06-27T01:01:44.001+0000] {dagbag.py:667} DEBUG - Running dagbag.sync_to_db with retries. Try 1 of 3
[2025-06-27T01:01:44.002+0000] {logging_mixin.py:188} INFO - [2025-06-27T01:01:44.002+0000] {dagbag.py:672} DEBUG - Calling the DAG.bulk_sync_to_db method
[2025-06-27T01:01:44.035+0000] {logging_mixin.py:188} INFO - [2025-06-27T01:01:44.035+0000] {serialized_dag.py:166} DEBUG - Checking if DAG (example_bash_operator) changed
[2025-06-27T01:01:44.041+0000] {logging_mixin.py:188} INFO - [2025-06-27T01:01:44.041+0000] {serialized_objects.py:624} DEBUG - Cast type <class 'airflow.models.param.ParamsDict'> to str in serialization.
[2025-06-27T01:01:44.046+0000] {logging_mixin.py:188} INFO - [2025-06-27T01:01:44.046+0000] {serialized_objects.py:624} DEBUG - Cast type <class 'airflow.models.param.ParamsDict'> to str in serialization.
[2025-06-27T01:01:44.049+0000] {logging_mixin.py:188} INFO - [2025-06-27T01:01:44.049+0000] {serialized_objects.py:624} DEBUG - Cast type <class 'airflow.models.param.ParamsDict'> to str in serialization.
[2025-06-27T01:01:44.053+0000] {logging_mixin.py:188} INFO - [2025-06-27T01:01:44.052+0000] {serialized_objects.py:624} DEBUG - Cast type <class 'airflow.models.param.ParamsDict'> to str in serialization.
[2025-06-27T01:01:44.057+0000] {logging_mixin.py:188} INFO - [2025-06-27T01:01:44.057+0000] {serialized_objects.py:624} DEBUG - Cast type <class 'airflow.models.param.ParamsDict'> to str in serialization.
[2025-06-27T01:01:44.062+0000] {logging_mixin.py:188} INFO - [2025-06-27T01:01:44.061+0000] {serialized_objects.py:624} DEBUG - Cast type <class 'airflow.models.param.ParamsDict'> to str in serialization.
[2025-06-27T01:01:44.067+0000] {logging_mixin.py:188} INFO - [2025-06-27T01:01:44.066+0000] {serialized_objects.py:624} DEBUG - Cast type <class 'airflow.models.param.ParamsDict'> to str in serialization.
[2025-06-27T01:01:44.078+0000] {logging_mixin.py:188} INFO - [2025-06-27T01:01:44.078+0000] {serialized_dag.py:177} DEBUG - Serialized DAG (example_bash_operator) is unchanged. Skipping writing to DB
[2025-06-27T01:01:44.079+0000] {logging_mixin.py:188} INFO - [2025-06-27T01:01:44.079+0000] {dag.py:3096} INFO - Sync 1 DAGs
[2025-06-27T01:01:44.120+0000] {logging_mixin.py:188} INFO - [2025-06-27T01:01:44.119+0000] {dag.py:3954} INFO - Setting next_dagrun for example_bash_operator to 2025-06-26 00:00:00+00:00, run_after=2025-06-27 00:00:00+00:00
[2025-06-27T01:01:44.157+0000] {processor.py:183} INFO - Processing /home/airflow/.local/lib/python3.10/site-packages/airflow/example_dags/example_bash_operator.py took 0.286 seconds
[2025-06-27T01:02:14.335+0000] {logging_mixin.py:188} INFO - [2025-06-27T01:02:14.333+0000] {settings.py:250} DEBUG - Setting up DB connection pool (PID 18488)
[2025-06-27T01:02:14.336+0000] {logging_mixin.py:188} INFO - [2025-06-27T01:02:14.336+0000] {settings.py:330} DEBUG - settings.prepare_engine_args(): Using pool settings. pool_size=5, max_overflow=10, pool_recycle=1800, pid=18488
[2025-06-27T01:02:14.349+0000] {processor.py:161} INFO - Started process (PID=18488) to work on /home/airflow/.local/lib/python3.10/site-packages/airflow/example_dags/example_bash_operator.py
[2025-06-27T01:02:14.351+0000] {processor.py:830} INFO - Processing file /home/airflow/.local/lib/python3.10/site-packages/airflow/example_dags/example_bash_operator.py for tasks to queue
[2025-06-27T01:02:14.352+0000] {logging_mixin.py:188} INFO - [2025-06-27T01:02:14.352+0000] {dagbag.py:545} INFO - Filling up the DagBag from /home/airflow/.local/lib/python3.10/site-packages/airflow/example_dags/example_bash_operator.py
[2025-06-27T01:02:14.355+0000] {logging_mixin.py:188} INFO - [2025-06-27T01:02:14.354+0000] {dagbag.py:337} DEBUG - Importing /home/airflow/.local/lib/python3.10/site-packages/airflow/example_dags/example_bash_operator.py
[2025-06-27T01:02:14.360+0000] {logging_mixin.py:188} INFO - [2025-06-27T01:02:14.359+0000] {GetText.py:65} DEBUG - /home/airflow/.local/lib/python3.10/site-packages/cron_descriptor/locale/en_US.mo Loaded
[2025-06-27T01:02:14.374+0000] {logging_mixin.py:188} INFO - [2025-06-27T01:02:14.373+0000] {dagbag.py:511} DEBUG - Loaded DAG <DAG: example_bash_operator>
[2025-06-27T01:02:14.376+0000] {logging_mixin.py:188} INFO - [2025-06-27T01:02:14.376+0000] {dagbag.py:511} DEBUG - Loaded DAG <DAG: example_bash_operator>
[2025-06-27T01:02:14.377+0000] {processor.py:840} INFO - DAG(s) 'example_bash_operator' retrieved from /home/airflow/.local/lib/python3.10/site-packages/airflow/example_dags/example_bash_operator.py
[2025-06-27T01:02:14.379+0000] {logging_mixin.py:188} INFO - [2025-06-27T01:02:14.379+0000] {dagbag.py:667} DEBUG - Running dagbag.sync_to_db with retries. Try 1 of 3
[2025-06-27T01:02:14.380+0000] {logging_mixin.py:188} INFO - [2025-06-27T01:02:14.379+0000] {dagbag.py:672} DEBUG - Calling the DAG.bulk_sync_to_db method
[2025-06-27T01:02:14.404+0000] {logging_mixin.py:188} INFO - [2025-06-27T01:02:14.404+0000] {serialized_dag.py:166} DEBUG - Checking if DAG (example_bash_operator) changed
[2025-06-27T01:02:14.411+0000] {logging_mixin.py:188} INFO - [2025-06-27T01:02:14.410+0000] {serialized_objects.py:624} DEBUG - Cast type <class 'airflow.models.param.ParamsDict'> to str in serialization.
[2025-06-27T01:02:14.415+0000] {logging_mixin.py:188} INFO - [2025-06-27T01:02:14.415+0000] {serialized_objects.py:624} DEBUG - Cast type <class 'airflow.models.param.ParamsDict'> to str in serialization.
[2025-06-27T01:02:14.418+0000] {logging_mixin.py:188} INFO - [2025-06-27T01:02:14.418+0000] {serialized_objects.py:624} DEBUG - Cast type <class 'airflow.models.param.ParamsDict'> to str in serialization.
[2025-06-27T01:02:14.421+0000] {logging_mixin.py:188} INFO - [2025-06-27T01:02:14.421+0000] {serialized_objects.py:624} DEBUG - Cast type <class 'airflow.models.param.ParamsDict'> to str in serialization.
[2025-06-27T01:02:14.424+0000] {logging_mixin.py:188} INFO - [2025-06-27T01:02:14.424+0000] {serialized_objects.py:624} DEBUG - Cast type <class 'airflow.models.param.ParamsDict'> to str in serialization.
[2025-06-27T01:02:14.427+0000] {logging_mixin.py:188} INFO - [2025-06-27T01:02:14.427+0000] {serialized_objects.py:624} DEBUG - Cast type <class 'airflow.models.param.ParamsDict'> to str in serialization.
[2025-06-27T01:02:14.430+0000] {logging_mixin.py:188} INFO - [2025-06-27T01:02:14.429+0000] {serialized_objects.py:624} DEBUG - Cast type <class 'airflow.models.param.ParamsDict'> to str in serialization.
[2025-06-27T01:02:14.442+0000] {logging_mixin.py:188} INFO - [2025-06-27T01:02:14.441+0000] {serialized_dag.py:177} DEBUG - Serialized DAG (example_bash_operator) is unchanged. Skipping writing to DB
[2025-06-27T01:02:14.443+0000] {logging_mixin.py:188} INFO - [2025-06-27T01:02:14.443+0000] {dag.py:3096} INFO - Sync 1 DAGs
[2025-06-27T01:02:14.477+0000] {logging_mixin.py:188} INFO - [2025-06-27T01:02:14.477+0000] {dag.py:3954} INFO - Setting next_dagrun for example_bash_operator to 2025-06-26 00:00:00+00:00, run_after=2025-06-27 00:00:00+00:00
[2025-06-27T01:02:14.504+0000] {processor.py:183} INFO - Processing /home/airflow/.local/lib/python3.10/site-packages/airflow/example_dags/example_bash_operator.py took 0.171 seconds
[2025-06-27T01:02:44.850+0000] {logging_mixin.py:188} INFO - [2025-06-27T01:02:44.849+0000] {settings.py:250} DEBUG - Setting up DB connection pool (PID 18551)
[2025-06-27T01:02:44.852+0000] {logging_mixin.py:188} INFO - [2025-06-27T01:02:44.852+0000] {settings.py:330} DEBUG - settings.prepare_engine_args(): Using pool settings. pool_size=5, max_overflow=10, pool_recycle=1800, pid=18551
[2025-06-27T01:02:44.865+0000] {processor.py:161} INFO - Started process (PID=18551) to work on /home/airflow/.local/lib/python3.10/site-packages/airflow/example_dags/example_bash_operator.py
[2025-06-27T01:02:44.867+0000] {processor.py:830} INFO - Processing file /home/airflow/.local/lib/python3.10/site-packages/airflow/example_dags/example_bash_operator.py for tasks to queue
[2025-06-27T01:02:44.868+0000] {logging_mixin.py:188} INFO - [2025-06-27T01:02:44.868+0000] {dagbag.py:545} INFO - Filling up the DagBag from /home/airflow/.local/lib/python3.10/site-packages/airflow/example_dags/example_bash_operator.py
[2025-06-27T01:02:44.870+0000] {logging_mixin.py:188} INFO - [2025-06-27T01:02:44.870+0000] {dagbag.py:337} DEBUG - Importing /home/airflow/.local/lib/python3.10/site-packages/airflow/example_dags/example_bash_operator.py
[2025-06-27T01:02:44.876+0000] {logging_mixin.py:188} INFO - [2025-06-27T01:02:44.875+0000] {GetText.py:65} DEBUG - /home/airflow/.local/lib/python3.10/site-packages/cron_descriptor/locale/en_US.mo Loaded
[2025-06-27T01:02:44.893+0000] {logging_mixin.py:188} INFO - [2025-06-27T01:02:44.892+0000] {dagbag.py:511} DEBUG - Loaded DAG <DAG: example_bash_operator>
[2025-06-27T01:02:44.896+0000] {logging_mixin.py:188} INFO - [2025-06-27T01:02:44.896+0000] {dagbag.py:511} DEBUG - Loaded DAG <DAG: example_bash_operator>
[2025-06-27T01:02:44.897+0000] {processor.py:840} INFO - DAG(s) 'example_bash_operator' retrieved from /home/airflow/.local/lib/python3.10/site-packages/airflow/example_dags/example_bash_operator.py
[2025-06-27T01:02:44.899+0000] {logging_mixin.py:188} INFO - [2025-06-27T01:02:44.899+0000] {dagbag.py:667} DEBUG - Running dagbag.sync_to_db with retries. Try 1 of 3
[2025-06-27T01:02:44.900+0000] {logging_mixin.py:188} INFO - [2025-06-27T01:02:44.900+0000] {dagbag.py:672} DEBUG - Calling the DAG.bulk_sync_to_db method
[2025-06-27T01:02:44.927+0000] {logging_mixin.py:188} INFO - [2025-06-27T01:02:44.926+0000] {serialized_dag.py:166} DEBUG - Checking if DAG (example_bash_operator) changed
[2025-06-27T01:02:44.934+0000] {logging_mixin.py:188} INFO - [2025-06-27T01:02:44.933+0000] {serialized_objects.py:624} DEBUG - Cast type <class 'airflow.models.param.ParamsDict'> to str in serialization.
[2025-06-27T01:02:44.938+0000] {logging_mixin.py:188} INFO - [2025-06-27T01:02:44.938+0000] {serialized_objects.py:624} DEBUG - Cast type <class 'airflow.models.param.ParamsDict'> to str in serialization.
[2025-06-27T01:02:44.941+0000] {logging_mixin.py:188} INFO - [2025-06-27T01:02:44.941+0000] {serialized_objects.py:624} DEBUG - Cast type <class 'airflow.models.param.ParamsDict'> to str in serialization.
[2025-06-27T01:02:44.945+0000] {logging_mixin.py:188} INFO - [2025-06-27T01:02:44.945+0000] {serialized_objects.py:624} DEBUG - Cast type <class 'airflow.models.param.ParamsDict'> to str in serialization.
[2025-06-27T01:02:44.948+0000] {logging_mixin.py:188} INFO - [2025-06-27T01:02:44.947+0000] {serialized_objects.py:624} DEBUG - Cast type <class 'airflow.models.param.ParamsDict'> to str in serialization.
[2025-06-27T01:02:44.952+0000] {logging_mixin.py:188} INFO - [2025-06-27T01:02:44.951+0000] {serialized_objects.py:624} DEBUG - Cast type <class 'airflow.models.param.ParamsDict'> to str in serialization.
[2025-06-27T01:02:44.956+0000] {logging_mixin.py:188} INFO - [2025-06-27T01:02:44.955+0000] {serialized_objects.py:624} DEBUG - Cast type <class 'airflow.models.param.ParamsDict'> to str in serialization.
[2025-06-27T01:02:44.966+0000] {logging_mixin.py:188} INFO - [2025-06-27T01:02:44.965+0000] {serialized_dag.py:177} DEBUG - Serialized DAG (example_bash_operator) is unchanged. Skipping writing to DB
[2025-06-27T01:02:44.967+0000] {logging_mixin.py:188} INFO - [2025-06-27T01:02:44.967+0000] {dag.py:3096} INFO - Sync 1 DAGs
[2025-06-27T01:02:45.003+0000] {logging_mixin.py:188} INFO - [2025-06-27T01:02:45.003+0000] {dag.py:3954} INFO - Setting next_dagrun for example_bash_operator to 2025-06-26 00:00:00+00:00, run_after=2025-06-27 00:00:00+00:00
[2025-06-27T01:02:45.037+0000] {processor.py:183} INFO - Processing /home/airflow/.local/lib/python3.10/site-packages/airflow/example_dags/example_bash_operator.py took 0.188 seconds
[2025-06-27T01:03:15.692+0000] {logging_mixin.py:188} INFO - [2025-06-27T01:03:15.691+0000] {settings.py:250} DEBUG - Setting up DB connection pool (PID 18614)
[2025-06-27T01:03:15.694+0000] {logging_mixin.py:188} INFO - [2025-06-27T01:03:15.694+0000] {settings.py:330} DEBUG - settings.prepare_engine_args(): Using pool settings. pool_size=5, max_overflow=10, pool_recycle=1800, pid=18614
[2025-06-27T01:03:15.709+0000] {processor.py:161} INFO - Started process (PID=18614) to work on /home/airflow/.local/lib/python3.10/site-packages/airflow/example_dags/example_bash_operator.py
[2025-06-27T01:03:15.710+0000] {processor.py:830} INFO - Processing file /home/airflow/.local/lib/python3.10/site-packages/airflow/example_dags/example_bash_operator.py for tasks to queue
[2025-06-27T01:03:15.712+0000] {logging_mixin.py:188} INFO - [2025-06-27T01:03:15.712+0000] {dagbag.py:545} INFO - Filling up the DagBag from /home/airflow/.local/lib/python3.10/site-packages/airflow/example_dags/example_bash_operator.py
[2025-06-27T01:03:15.714+0000] {logging_mixin.py:188} INFO - [2025-06-27T01:03:15.714+0000] {dagbag.py:337} DEBUG - Importing /home/airflow/.local/lib/python3.10/site-packages/airflow/example_dags/example_bash_operator.py
[2025-06-27T01:03:15.722+0000] {logging_mixin.py:188} INFO - [2025-06-27T01:03:15.722+0000] {GetText.py:65} DEBUG - /home/airflow/.local/lib/python3.10/site-packages/cron_descriptor/locale/en_US.mo Loaded
[2025-06-27T01:03:15.749+0000] {logging_mixin.py:188} INFO - [2025-06-27T01:03:15.746+0000] {dagbag.py:511} DEBUG - Loaded DAG <DAG: example_bash_operator>
[2025-06-27T01:03:15.752+0000] {logging_mixin.py:188} INFO - [2025-06-27T01:03:15.751+0000] {dagbag.py:511} DEBUG - Loaded DAG <DAG: example_bash_operator>
[2025-06-27T01:03:15.753+0000] {processor.py:840} INFO - DAG(s) 'example_bash_operator' retrieved from /home/airflow/.local/lib/python3.10/site-packages/airflow/example_dags/example_bash_operator.py
[2025-06-27T01:03:15.757+0000] {logging_mixin.py:188} INFO - [2025-06-27T01:03:15.756+0000] {dagbag.py:667} DEBUG - Running dagbag.sync_to_db with retries. Try 1 of 3
[2025-06-27T01:03:15.758+0000] {logging_mixin.py:188} INFO - [2025-06-27T01:03:15.758+0000] {dagbag.py:672} DEBUG - Calling the DAG.bulk_sync_to_db method
[2025-06-27T01:03:15.792+0000] {logging_mixin.py:188} INFO - [2025-06-27T01:03:15.791+0000] {serialized_dag.py:166} DEBUG - Checking if DAG (example_bash_operator) changed
[2025-06-27T01:03:15.800+0000] {logging_mixin.py:188} INFO - [2025-06-27T01:03:15.799+0000] {serialized_objects.py:624} DEBUG - Cast type <class 'airflow.models.param.ParamsDict'> to str in serialization.
[2025-06-27T01:03:15.803+0000] {logging_mixin.py:188} INFO - [2025-06-27T01:03:15.803+0000] {serialized_objects.py:624} DEBUG - Cast type <class 'airflow.models.param.ParamsDict'> to str in serialization.
[2025-06-27T01:03:15.806+0000] {logging_mixin.py:188} INFO - [2025-06-27T01:03:15.806+0000] {serialized_objects.py:624} DEBUG - Cast type <class 'airflow.models.param.ParamsDict'> to str in serialization.
[2025-06-27T01:03:15.809+0000] {logging_mixin.py:188} INFO - [2025-06-27T01:03:15.808+0000] {serialized_objects.py:624} DEBUG - Cast type <class 'airflow.models.param.ParamsDict'> to str in serialization.
[2025-06-27T01:03:15.811+0000] {logging_mixin.py:188} INFO - [2025-06-27T01:03:15.811+0000] {serialized_objects.py:624} DEBUG - Cast type <class 'airflow.models.param.ParamsDict'> to str in serialization.
[2025-06-27T01:03:15.815+0000] {logging_mixin.py:188} INFO - [2025-06-27T01:03:15.815+0000] {serialized_objects.py:624} DEBUG - Cast type <class 'airflow.models.param.ParamsDict'> to str in serialization.
[2025-06-27T01:03:15.819+0000] {logging_mixin.py:188} INFO - [2025-06-27T01:03:15.819+0000] {serialized_objects.py:624} DEBUG - Cast type <class 'airflow.models.param.ParamsDict'> to str in serialization.
[2025-06-27T01:03:15.832+0000] {logging_mixin.py:188} INFO - [2025-06-27T01:03:15.831+0000] {serialized_dag.py:177} DEBUG - Serialized DAG (example_bash_operator) is unchanged. Skipping writing to DB
[2025-06-27T01:03:15.833+0000] {logging_mixin.py:188} INFO - [2025-06-27T01:03:15.833+0000] {dag.py:3096} INFO - Sync 1 DAGs
[2025-06-27T01:03:15.872+0000] {logging_mixin.py:188} INFO - [2025-06-27T01:03:15.872+0000] {dag.py:3954} INFO - Setting next_dagrun for example_bash_operator to 2025-06-26 00:00:00+00:00, run_after=2025-06-27 00:00:00+00:00
[2025-06-27T01:03:15.903+0000] {processor.py:183} INFO - Processing /home/airflow/.local/lib/python3.10/site-packages/airflow/example_dags/example_bash_operator.py took 0.213 seconds
[2025-06-27T01:03:46.402+0000] {logging_mixin.py:188} INFO - [2025-06-27T01:03:46.400+0000] {settings.py:250} DEBUG - Setting up DB connection pool (PID 18677)
[2025-06-27T01:03:46.404+0000] {logging_mixin.py:188} INFO - [2025-06-27T01:03:46.403+0000] {settings.py:330} DEBUG - settings.prepare_engine_args(): Using pool settings. pool_size=5, max_overflow=10, pool_recycle=1800, pid=18677
[2025-06-27T01:03:46.419+0000] {processor.py:161} INFO - Started process (PID=18677) to work on /home/airflow/.local/lib/python3.10/site-packages/airflow/example_dags/example_bash_operator.py
[2025-06-27T01:03:46.421+0000] {processor.py:830} INFO - Processing file /home/airflow/.local/lib/python3.10/site-packages/airflow/example_dags/example_bash_operator.py for tasks to queue
[2025-06-27T01:03:46.424+0000] {logging_mixin.py:188} INFO - [2025-06-27T01:03:46.423+0000] {dagbag.py:545} INFO - Filling up the DagBag from /home/airflow/.local/lib/python3.10/site-packages/airflow/example_dags/example_bash_operator.py
[2025-06-27T01:03:46.427+0000] {logging_mixin.py:188} INFO - [2025-06-27T01:03:46.426+0000] {dagbag.py:337} DEBUG - Importing /home/airflow/.local/lib/python3.10/site-packages/airflow/example_dags/example_bash_operator.py
[2025-06-27T01:03:46.435+0000] {logging_mixin.py:188} INFO - [2025-06-27T01:03:46.434+0000] {GetText.py:65} DEBUG - /home/airflow/.local/lib/python3.10/site-packages/cron_descriptor/locale/en_US.mo Loaded
[2025-06-27T01:03:46.454+0000] {logging_mixin.py:188} INFO - [2025-06-27T01:03:46.452+0000] {dagbag.py:511} DEBUG - Loaded DAG <DAG: example_bash_operator>
[2025-06-27T01:03:46.456+0000] {logging_mixin.py:188} INFO - [2025-06-27T01:03:46.456+0000] {dagbag.py:511} DEBUG - Loaded DAG <DAG: example_bash_operator>
[2025-06-27T01:03:46.457+0000] {processor.py:840} INFO - DAG(s) 'example_bash_operator' retrieved from /home/airflow/.local/lib/python3.10/site-packages/airflow/example_dags/example_bash_operator.py
[2025-06-27T01:03:46.459+0000] {logging_mixin.py:188} INFO - [2025-06-27T01:03:46.459+0000] {dagbag.py:667} DEBUG - Running dagbag.sync_to_db with retries. Try 1 of 3
[2025-06-27T01:03:46.460+0000] {logging_mixin.py:188} INFO - [2025-06-27T01:03:46.460+0000] {dagbag.py:672} DEBUG - Calling the DAG.bulk_sync_to_db method
[2025-06-27T01:03:46.484+0000] {logging_mixin.py:188} INFO - [2025-06-27T01:03:46.483+0000] {serialized_dag.py:166} DEBUG - Checking if DAG (example_bash_operator) changed
[2025-06-27T01:03:46.501+0000] {logging_mixin.py:188} INFO - [2025-06-27T01:03:46.500+0000] {serialized_objects.py:624} DEBUG - Cast type <class 'airflow.models.param.ParamsDict'> to str in serialization.
[2025-06-27T01:03:46.507+0000] {logging_mixin.py:188} INFO - [2025-06-27T01:03:46.506+0000] {serialized_objects.py:624} DEBUG - Cast type <class 'airflow.models.param.ParamsDict'> to str in serialization.
[2025-06-27T01:03:46.512+0000] {logging_mixin.py:188} INFO - [2025-06-27T01:03:46.511+0000] {serialized_objects.py:624} DEBUG - Cast type <class 'airflow.models.param.ParamsDict'> to str in serialization.
[2025-06-27T01:03:46.515+0000] {logging_mixin.py:188} INFO - [2025-06-27T01:03:46.515+0000] {serialized_objects.py:624} DEBUG - Cast type <class 'airflow.models.param.ParamsDict'> to str in serialization.
[2025-06-27T01:03:46.520+0000] {logging_mixin.py:188} INFO - [2025-06-27T01:03:46.520+0000] {serialized_objects.py:624} DEBUG - Cast type <class 'airflow.models.param.ParamsDict'> to str in serialization.
[2025-06-27T01:03:46.524+0000] {logging_mixin.py:188} INFO - [2025-06-27T01:03:46.524+0000] {serialized_objects.py:624} DEBUG - Cast type <class 'airflow.models.param.ParamsDict'> to str in serialization.
[2025-06-27T01:03:46.528+0000] {logging_mixin.py:188} INFO - [2025-06-27T01:03:46.527+0000] {serialized_objects.py:624} DEBUG - Cast type <class 'airflow.models.param.ParamsDict'> to str in serialization.
[2025-06-27T01:03:46.536+0000] {logging_mixin.py:188} INFO - [2025-06-27T01:03:46.536+0000] {serialized_dag.py:177} DEBUG - Serialized DAG (example_bash_operator) is unchanged. Skipping writing to DB
[2025-06-27T01:03:46.537+0000] {logging_mixin.py:188} INFO - [2025-06-27T01:03:46.537+0000] {dag.py:3096} INFO - Sync 1 DAGs
[2025-06-27T01:03:46.571+0000] {logging_mixin.py:188} INFO - [2025-06-27T01:03:46.570+0000] {dag.py:3954} INFO - Setting next_dagrun for example_bash_operator to 2025-06-26 00:00:00+00:00, run_after=2025-06-27 00:00:00+00:00
[2025-06-27T01:03:46.604+0000] {processor.py:183} INFO - Processing /home/airflow/.local/lib/python3.10/site-packages/airflow/example_dags/example_bash_operator.py took 0.204 seconds
[2025-06-27T01:04:16.867+0000] {logging_mixin.py:188} INFO - [2025-06-27T01:04:16.865+0000] {settings.py:250} DEBUG - Setting up DB connection pool (PID 18741)
[2025-06-27T01:04:16.869+0000] {logging_mixin.py:188} INFO - [2025-06-27T01:04:16.868+0000] {settings.py:330} DEBUG - settings.prepare_engine_args(): Using pool settings. pool_size=5, max_overflow=10, pool_recycle=1800, pid=18741
[2025-06-27T01:04:16.882+0000] {processor.py:161} INFO - Started process (PID=18741) to work on /home/airflow/.local/lib/python3.10/site-packages/airflow/example_dags/example_bash_operator.py
[2025-06-27T01:04:16.883+0000] {processor.py:830} INFO - Processing file /home/airflow/.local/lib/python3.10/site-packages/airflow/example_dags/example_bash_operator.py for tasks to queue
[2025-06-27T01:04:16.885+0000] {logging_mixin.py:188} INFO - [2025-06-27T01:04:16.884+0000] {dagbag.py:545} INFO - Filling up the DagBag from /home/airflow/.local/lib/python3.10/site-packages/airflow/example_dags/example_bash_operator.py
[2025-06-27T01:04:16.887+0000] {logging_mixin.py:188} INFO - [2025-06-27T01:04:16.887+0000] {dagbag.py:337} DEBUG - Importing /home/airflow/.local/lib/python3.10/site-packages/airflow/example_dags/example_bash_operator.py
[2025-06-27T01:04:16.894+0000] {logging_mixin.py:188} INFO - [2025-06-27T01:04:16.893+0000] {GetText.py:65} DEBUG - /home/airflow/.local/lib/python3.10/site-packages/cron_descriptor/locale/en_US.mo Loaded
[2025-06-27T01:04:16.909+0000] {logging_mixin.py:188} INFO - [2025-06-27T01:04:16.908+0000] {dagbag.py:511} DEBUG - Loaded DAG <DAG: example_bash_operator>
[2025-06-27T01:04:16.911+0000] {logging_mixin.py:188} INFO - [2025-06-27T01:04:16.911+0000] {dagbag.py:511} DEBUG - Loaded DAG <DAG: example_bash_operator>
[2025-06-27T01:04:16.912+0000] {processor.py:840} INFO - DAG(s) 'example_bash_operator' retrieved from /home/airflow/.local/lib/python3.10/site-packages/airflow/example_dags/example_bash_operator.py
[2025-06-27T01:04:16.915+0000] {logging_mixin.py:188} INFO - [2025-06-27T01:04:16.914+0000] {dagbag.py:667} DEBUG - Running dagbag.sync_to_db with retries. Try 1 of 3
[2025-06-27T01:04:16.916+0000] {logging_mixin.py:188} INFO - [2025-06-27T01:04:16.915+0000] {dagbag.py:672} DEBUG - Calling the DAG.bulk_sync_to_db method
[2025-06-27T01:04:16.934+0000] {logging_mixin.py:188} INFO - [2025-06-27T01:04:16.934+0000] {serialized_dag.py:166} DEBUG - Checking if DAG (example_bash_operator) changed
[2025-06-27T01:04:16.939+0000] {logging_mixin.py:188} INFO - [2025-06-27T01:04:16.939+0000] {serialized_objects.py:624} DEBUG - Cast type <class 'airflow.models.param.ParamsDict'> to str in serialization.
[2025-06-27T01:04:16.942+0000] {logging_mixin.py:188} INFO - [2025-06-27T01:04:16.942+0000] {serialized_objects.py:624} DEBUG - Cast type <class 'airflow.models.param.ParamsDict'> to str in serialization.
[2025-06-27T01:04:16.945+0000] {logging_mixin.py:188} INFO - [2025-06-27T01:04:16.945+0000] {serialized_objects.py:624} DEBUG - Cast type <class 'airflow.models.param.ParamsDict'> to str in serialization.
[2025-06-27T01:04:16.947+0000] {logging_mixin.py:188} INFO - [2025-06-27T01:04:16.947+0000] {serialized_objects.py:624} DEBUG - Cast type <class 'airflow.models.param.ParamsDict'> to str in serialization.
[2025-06-27T01:04:16.949+0000] {logging_mixin.py:188} INFO - [2025-06-27T01:04:16.949+0000] {serialized_objects.py:624} DEBUG - Cast type <class 'airflow.models.param.ParamsDict'> to str in serialization.
[2025-06-27T01:04:16.951+0000] {logging_mixin.py:188} INFO - [2025-06-27T01:04:16.951+0000] {serialized_objects.py:624} DEBUG - Cast type <class 'airflow.models.param.ParamsDict'> to str in serialization.
[2025-06-27T01:04:16.953+0000] {logging_mixin.py:188} INFO - [2025-06-27T01:04:16.953+0000] {serialized_objects.py:624} DEBUG - Cast type <class 'airflow.models.param.ParamsDict'> to str in serialization.
[2025-06-27T01:04:16.960+0000] {logging_mixin.py:188} INFO - [2025-06-27T01:04:16.960+0000] {serialized_dag.py:177} DEBUG - Serialized DAG (example_bash_operator) is unchanged. Skipping writing to DB
[2025-06-27T01:04:16.961+0000] {logging_mixin.py:188} INFO - [2025-06-27T01:04:16.961+0000] {dag.py:3096} INFO - Sync 1 DAGs
[2025-06-27T01:04:16.989+0000] {logging_mixin.py:188} INFO - [2025-06-27T01:04:16.988+0000] {dag.py:3954} INFO - Setting next_dagrun for example_bash_operator to 2025-06-26 00:00:00+00:00, run_after=2025-06-27 00:00:00+00:00
[2025-06-27T01:04:17.017+0000] {processor.py:183} INFO - Processing /home/airflow/.local/lib/python3.10/site-packages/airflow/example_dags/example_bash_operator.py took 0.152 seconds
[2025-06-27T01:04:47.551+0000] {logging_mixin.py:188} INFO - [2025-06-27T01:04:47.550+0000] {settings.py:250} DEBUG - Setting up DB connection pool (PID 18804)
[2025-06-27T01:04:47.553+0000] {logging_mixin.py:188} INFO - [2025-06-27T01:04:47.553+0000] {settings.py:330} DEBUG - settings.prepare_engine_args(): Using pool settings. pool_size=5, max_overflow=10, pool_recycle=1800, pid=18804
[2025-06-27T01:04:47.563+0000] {processor.py:161} INFO - Started process (PID=18804) to work on /home/airflow/.local/lib/python3.10/site-packages/airflow/example_dags/example_bash_operator.py
[2025-06-27T01:04:47.564+0000] {processor.py:830} INFO - Processing file /home/airflow/.local/lib/python3.10/site-packages/airflow/example_dags/example_bash_operator.py for tasks to queue
[2025-06-27T01:04:47.566+0000] {logging_mixin.py:188} INFO - [2025-06-27T01:04:47.565+0000] {dagbag.py:545} INFO - Filling up the DagBag from /home/airflow/.local/lib/python3.10/site-packages/airflow/example_dags/example_bash_operator.py
[2025-06-27T01:04:47.568+0000] {logging_mixin.py:188} INFO - [2025-06-27T01:04:47.568+0000] {dagbag.py:337} DEBUG - Importing /home/airflow/.local/lib/python3.10/site-packages/airflow/example_dags/example_bash_operator.py
[2025-06-27T01:04:47.572+0000] {logging_mixin.py:188} INFO - [2025-06-27T01:04:47.572+0000] {GetText.py:65} DEBUG - /home/airflow/.local/lib/python3.10/site-packages/cron_descriptor/locale/en_US.mo Loaded
[2025-06-27T01:04:47.585+0000] {logging_mixin.py:188} INFO - [2025-06-27T01:04:47.583+0000] {dagbag.py:511} DEBUG - Loaded DAG <DAG: example_bash_operator>
[2025-06-27T01:04:47.587+0000] {logging_mixin.py:188} INFO - [2025-06-27T01:04:47.586+0000] {dagbag.py:511} DEBUG - Loaded DAG <DAG: example_bash_operator>
[2025-06-27T01:04:47.588+0000] {processor.py:840} INFO - DAG(s) 'example_bash_operator' retrieved from /home/airflow/.local/lib/python3.10/site-packages/airflow/example_dags/example_bash_operator.py
[2025-06-27T01:04:47.590+0000] {logging_mixin.py:188} INFO - [2025-06-27T01:04:47.589+0000] {dagbag.py:667} DEBUG - Running dagbag.sync_to_db with retries. Try 1 of 3
[2025-06-27T01:04:47.590+0000] {logging_mixin.py:188} INFO - [2025-06-27T01:04:47.590+0000] {dagbag.py:672} DEBUG - Calling the DAG.bulk_sync_to_db method
[2025-06-27T01:04:47.610+0000] {logging_mixin.py:188} INFO - [2025-06-27T01:04:47.609+0000] {serialized_dag.py:166} DEBUG - Checking if DAG (example_bash_operator) changed
[2025-06-27T01:04:47.615+0000] {logging_mixin.py:188} INFO - [2025-06-27T01:04:47.615+0000] {serialized_objects.py:624} DEBUG - Cast type <class 'airflow.models.param.ParamsDict'> to str in serialization.
[2025-06-27T01:04:47.618+0000] {logging_mixin.py:188} INFO - [2025-06-27T01:04:47.618+0000] {serialized_objects.py:624} DEBUG - Cast type <class 'airflow.models.param.ParamsDict'> to str in serialization.
[2025-06-27T01:04:47.621+0000] {logging_mixin.py:188} INFO - [2025-06-27T01:04:47.620+0000] {serialized_objects.py:624} DEBUG - Cast type <class 'airflow.models.param.ParamsDict'> to str in serialization.
[2025-06-27T01:04:47.623+0000] {logging_mixin.py:188} INFO - [2025-06-27T01:04:47.623+0000] {serialized_objects.py:624} DEBUG - Cast type <class 'airflow.models.param.ParamsDict'> to str in serialization.
[2025-06-27T01:04:47.626+0000] {logging_mixin.py:188} INFO - [2025-06-27T01:04:47.625+0000] {serialized_objects.py:624} DEBUG - Cast type <class 'airflow.models.param.ParamsDict'> to str in serialization.
[2025-06-27T01:04:47.629+0000] {logging_mixin.py:188} INFO - [2025-06-27T01:04:47.629+0000] {serialized_objects.py:624} DEBUG - Cast type <class 'airflow.models.param.ParamsDict'> to str in serialization.
[2025-06-27T01:04:47.632+0000] {logging_mixin.py:188} INFO - [2025-06-27T01:04:47.631+0000] {serialized_objects.py:624} DEBUG - Cast type <class 'airflow.models.param.ParamsDict'> to str in serialization.
[2025-06-27T01:04:47.640+0000] {logging_mixin.py:188} INFO - [2025-06-27T01:04:47.640+0000] {serialized_dag.py:177} DEBUG - Serialized DAG (example_bash_operator) is unchanged. Skipping writing to DB
[2025-06-27T01:04:47.642+0000] {logging_mixin.py:188} INFO - [2025-06-27T01:04:47.641+0000] {dag.py:3096} INFO - Sync 1 DAGs
[2025-06-27T01:04:47.679+0000] {logging_mixin.py:188} INFO - [2025-06-27T01:04:47.679+0000] {dag.py:3954} INFO - Setting next_dagrun for example_bash_operator to 2025-06-26 00:00:00+00:00, run_after=2025-06-27 00:00:00+00:00
[2025-06-27T01:04:47.709+0000] {processor.py:183} INFO - Processing /home/airflow/.local/lib/python3.10/site-packages/airflow/example_dags/example_bash_operator.py took 0.160 seconds
[2025-06-27T01:05:18.420+0000] {logging_mixin.py:188} INFO - [2025-06-27T01:05:18.419+0000] {settings.py:250} DEBUG - Setting up DB connection pool (PID 18867)
[2025-06-27T01:05:18.422+0000] {logging_mixin.py:188} INFO - [2025-06-27T01:05:18.422+0000] {settings.py:330} DEBUG - settings.prepare_engine_args(): Using pool settings. pool_size=5, max_overflow=10, pool_recycle=1800, pid=18867
[2025-06-27T01:05:18.440+0000] {processor.py:161} INFO - Started process (PID=18867) to work on /home/airflow/.local/lib/python3.10/site-packages/airflow/example_dags/example_bash_operator.py
[2025-06-27T01:05:18.441+0000] {processor.py:830} INFO - Processing file /home/airflow/.local/lib/python3.10/site-packages/airflow/example_dags/example_bash_operator.py for tasks to queue
[2025-06-27T01:05:18.444+0000] {logging_mixin.py:188} INFO - [2025-06-27T01:05:18.443+0000] {dagbag.py:545} INFO - Filling up the DagBag from /home/airflow/.local/lib/python3.10/site-packages/airflow/example_dags/example_bash_operator.py
[2025-06-27T01:05:18.447+0000] {logging_mixin.py:188} INFO - [2025-06-27T01:05:18.447+0000] {dagbag.py:337} DEBUG - Importing /home/airflow/.local/lib/python3.10/site-packages/airflow/example_dags/example_bash_operator.py
[2025-06-27T01:05:18.454+0000] {logging_mixin.py:188} INFO - [2025-06-27T01:05:18.454+0000] {GetText.py:65} DEBUG - /home/airflow/.local/lib/python3.10/site-packages/cron_descriptor/locale/en_US.mo Loaded
[2025-06-27T01:05:18.472+0000] {logging_mixin.py:188} INFO - [2025-06-27T01:05:18.470+0000] {dagbag.py:511} DEBUG - Loaded DAG <DAG: example_bash_operator>
[2025-06-27T01:05:18.475+0000] {logging_mixin.py:188} INFO - [2025-06-27T01:05:18.474+0000] {dagbag.py:511} DEBUG - Loaded DAG <DAG: example_bash_operator>
[2025-06-27T01:05:18.475+0000] {processor.py:840} INFO - DAG(s) 'example_bash_operator' retrieved from /home/airflow/.local/lib/python3.10/site-packages/airflow/example_dags/example_bash_operator.py
[2025-06-27T01:05:18.477+0000] {logging_mixin.py:188} INFO - [2025-06-27T01:05:18.477+0000] {dagbag.py:667} DEBUG - Running dagbag.sync_to_db with retries. Try 1 of 3
[2025-06-27T01:05:18.478+0000] {logging_mixin.py:188} INFO - [2025-06-27T01:05:18.478+0000] {dagbag.py:672} DEBUG - Calling the DAG.bulk_sync_to_db method
[2025-06-27T01:05:18.502+0000] {logging_mixin.py:188} INFO - [2025-06-27T01:05:18.501+0000] {serialized_dag.py:166} DEBUG - Checking if DAG (example_bash_operator) changed
[2025-06-27T01:05:18.509+0000] {logging_mixin.py:188} INFO - [2025-06-27T01:05:18.508+0000] {serialized_objects.py:624} DEBUG - Cast type <class 'airflow.models.param.ParamsDict'> to str in serialization.
[2025-06-27T01:05:18.512+0000] {logging_mixin.py:188} INFO - [2025-06-27T01:05:18.512+0000] {serialized_objects.py:624} DEBUG - Cast type <class 'airflow.models.param.ParamsDict'> to str in serialization.
[2025-06-27T01:05:18.514+0000] {logging_mixin.py:188} INFO - [2025-06-27T01:05:18.514+0000] {serialized_objects.py:624} DEBUG - Cast type <class 'airflow.models.param.ParamsDict'> to str in serialization.
[2025-06-27T01:05:18.516+0000] {logging_mixin.py:188} INFO - [2025-06-27T01:05:18.516+0000] {serialized_objects.py:624} DEBUG - Cast type <class 'airflow.models.param.ParamsDict'> to str in serialization.
[2025-06-27T01:05:18.519+0000] {logging_mixin.py:188} INFO - [2025-06-27T01:05:18.519+0000] {serialized_objects.py:624} DEBUG - Cast type <class 'airflow.models.param.ParamsDict'> to str in serialization.
[2025-06-27T01:05:18.521+0000] {logging_mixin.py:188} INFO - [2025-06-27T01:05:18.521+0000] {serialized_objects.py:624} DEBUG - Cast type <class 'airflow.models.param.ParamsDict'> to str in serialization.
[2025-06-27T01:05:18.523+0000] {logging_mixin.py:188} INFO - [2025-06-27T01:05:18.523+0000] {serialized_objects.py:624} DEBUG - Cast type <class 'airflow.models.param.ParamsDict'> to str in serialization.
[2025-06-27T01:05:18.532+0000] {logging_mixin.py:188} INFO - [2025-06-27T01:05:18.532+0000] {serialized_dag.py:177} DEBUG - Serialized DAG (example_bash_operator) is unchanged. Skipping writing to DB
[2025-06-27T01:05:18.533+0000] {logging_mixin.py:188} INFO - [2025-06-27T01:05:18.533+0000] {dag.py:3096} INFO - Sync 1 DAGs
[2025-06-27T01:05:18.583+0000] {logging_mixin.py:188} INFO - [2025-06-27T01:05:18.582+0000] {dag.py:3954} INFO - Setting next_dagrun for example_bash_operator to 2025-06-26 00:00:00+00:00, run_after=2025-06-27 00:00:00+00:00
[2025-06-27T01:05:18.612+0000] {processor.py:183} INFO - Processing /home/airflow/.local/lib/python3.10/site-packages/airflow/example_dags/example_bash_operator.py took 0.194 seconds
[2025-06-27T01:05:48.736+0000] {logging_mixin.py:188} INFO - [2025-06-27T01:05:48.734+0000] {settings.py:250} DEBUG - Setting up DB connection pool (PID 18928)
[2025-06-27T01:05:48.738+0000] {logging_mixin.py:188} INFO - [2025-06-27T01:05:48.737+0000] {settings.py:330} DEBUG - settings.prepare_engine_args(): Using pool settings. pool_size=5, max_overflow=10, pool_recycle=1800, pid=18928
[2025-06-27T01:05:48.746+0000] {processor.py:161} INFO - Started process (PID=18928) to work on /home/airflow/.local/lib/python3.10/site-packages/airflow/example_dags/example_bash_operator.py
[2025-06-27T01:05:48.748+0000] {processor.py:830} INFO - Processing file /home/airflow/.local/lib/python3.10/site-packages/airflow/example_dags/example_bash_operator.py for tasks to queue
[2025-06-27T01:05:48.749+0000] {logging_mixin.py:188} INFO - [2025-06-27T01:05:48.749+0000] {dagbag.py:545} INFO - Filling up the DagBag from /home/airflow/.local/lib/python3.10/site-packages/airflow/example_dags/example_bash_operator.py
[2025-06-27T01:05:48.752+0000] {logging_mixin.py:188} INFO - [2025-06-27T01:05:48.751+0000] {dagbag.py:337} DEBUG - Importing /home/airflow/.local/lib/python3.10/site-packages/airflow/example_dags/example_bash_operator.py
[2025-06-27T01:05:48.756+0000] {logging_mixin.py:188} INFO - [2025-06-27T01:05:48.756+0000] {GetText.py:65} DEBUG - /home/airflow/.local/lib/python3.10/site-packages/cron_descriptor/locale/en_US.mo Loaded
[2025-06-27T01:05:48.769+0000] {logging_mixin.py:188} INFO - [2025-06-27T01:05:48.768+0000] {dagbag.py:511} DEBUG - Loaded DAG <DAG: example_bash_operator>
[2025-06-27T01:05:48.771+0000] {logging_mixin.py:188} INFO - [2025-06-27T01:05:48.771+0000] {dagbag.py:511} DEBUG - Loaded DAG <DAG: example_bash_operator>
[2025-06-27T01:05:48.772+0000] {processor.py:840} INFO - DAG(s) 'example_bash_operator' retrieved from /home/airflow/.local/lib/python3.10/site-packages/airflow/example_dags/example_bash_operator.py
[2025-06-27T01:05:48.774+0000] {logging_mixin.py:188} INFO - [2025-06-27T01:05:48.774+0000] {dagbag.py:667} DEBUG - Running dagbag.sync_to_db with retries. Try 1 of 3
[2025-06-27T01:05:48.774+0000] {logging_mixin.py:188} INFO - [2025-06-27T01:05:48.774+0000] {dagbag.py:672} DEBUG - Calling the DAG.bulk_sync_to_db method
[2025-06-27T01:05:48.798+0000] {logging_mixin.py:188} INFO - [2025-06-27T01:05:48.797+0000] {serialized_dag.py:166} DEBUG - Checking if DAG (example_bash_operator) changed
[2025-06-27T01:05:48.805+0000] {logging_mixin.py:188} INFO - [2025-06-27T01:05:48.804+0000] {serialized_objects.py:624} DEBUG - Cast type <class 'airflow.models.param.ParamsDict'> to str in serialization.
[2025-06-27T01:05:48.807+0000] {logging_mixin.py:188} INFO - [2025-06-27T01:05:48.807+0000] {serialized_objects.py:624} DEBUG - Cast type <class 'airflow.models.param.ParamsDict'> to str in serialization.
[2025-06-27T01:05:48.810+0000] {logging_mixin.py:188} INFO - [2025-06-27T01:05:48.810+0000] {serialized_objects.py:624} DEBUG - Cast type <class 'airflow.models.param.ParamsDict'> to str in serialization.
[2025-06-27T01:05:48.812+0000] {logging_mixin.py:188} INFO - [2025-06-27T01:05:48.812+0000] {serialized_objects.py:624} DEBUG - Cast type <class 'airflow.models.param.ParamsDict'> to str in serialization.
[2025-06-27T01:05:48.814+0000] {logging_mixin.py:188} INFO - [2025-06-27T01:05:48.814+0000] {serialized_objects.py:624} DEBUG - Cast type <class 'airflow.models.param.ParamsDict'> to str in serialization.
[2025-06-27T01:05:48.817+0000] {logging_mixin.py:188} INFO - [2025-06-27T01:05:48.817+0000] {serialized_objects.py:624} DEBUG - Cast type <class 'airflow.models.param.ParamsDict'> to str in serialization.
[2025-06-27T01:05:48.819+0000] {logging_mixin.py:188} INFO - [2025-06-27T01:05:48.819+0000] {serialized_objects.py:624} DEBUG - Cast type <class 'airflow.models.param.ParamsDict'> to str in serialization.
[2025-06-27T01:05:48.827+0000] {logging_mixin.py:188} INFO - [2025-06-27T01:05:48.826+0000] {serialized_dag.py:177} DEBUG - Serialized DAG (example_bash_operator) is unchanged. Skipping writing to DB
[2025-06-27T01:05:48.827+0000] {logging_mixin.py:188} INFO - [2025-06-27T01:05:48.827+0000] {dag.py:3096} INFO - Sync 1 DAGs
[2025-06-27T01:05:48.853+0000] {logging_mixin.py:188} INFO - [2025-06-27T01:05:48.853+0000] {dag.py:3954} INFO - Setting next_dagrun for example_bash_operator to 2025-06-26 00:00:00+00:00, run_after=2025-06-27 00:00:00+00:00
[2025-06-27T01:05:48.877+0000] {processor.py:183} INFO - Processing /home/airflow/.local/lib/python3.10/site-packages/airflow/example_dags/example_bash_operator.py took 0.143 seconds
[2025-06-27T01:06:19.107+0000] {logging_mixin.py:188} INFO - [2025-06-27T01:06:19.106+0000] {settings.py:250} DEBUG - Setting up DB connection pool (PID 18991)
[2025-06-27T01:06:19.109+0000] {logging_mixin.py:188} INFO - [2025-06-27T01:06:19.109+0000] {settings.py:330} DEBUG - settings.prepare_engine_args(): Using pool settings. pool_size=5, max_overflow=10, pool_recycle=1800, pid=18991
[2025-06-27T01:06:19.122+0000] {processor.py:161} INFO - Started process (PID=18991) to work on /home/airflow/.local/lib/python3.10/site-packages/airflow/example_dags/example_bash_operator.py
[2025-06-27T01:06:19.123+0000] {processor.py:830} INFO - Processing file /home/airflow/.local/lib/python3.10/site-packages/airflow/example_dags/example_bash_operator.py for tasks to queue
[2025-06-27T01:06:19.125+0000] {logging_mixin.py:188} INFO - [2025-06-27T01:06:19.125+0000] {dagbag.py:545} INFO - Filling up the DagBag from /home/airflow/.local/lib/python3.10/site-packages/airflow/example_dags/example_bash_operator.py
[2025-06-27T01:06:19.127+0000] {logging_mixin.py:188} INFO - [2025-06-27T01:06:19.127+0000] {dagbag.py:337} DEBUG - Importing /home/airflow/.local/lib/python3.10/site-packages/airflow/example_dags/example_bash_operator.py
[2025-06-27T01:06:19.135+0000] {logging_mixin.py:188} INFO - [2025-06-27T01:06:19.134+0000] {GetText.py:65} DEBUG - /home/airflow/.local/lib/python3.10/site-packages/cron_descriptor/locale/en_US.mo Loaded
[2025-06-27T01:06:19.151+0000] {logging_mixin.py:188} INFO - [2025-06-27T01:06:19.149+0000] {dagbag.py:511} DEBUG - Loaded DAG <DAG: example_bash_operator>
[2025-06-27T01:06:19.154+0000] {logging_mixin.py:188} INFO - [2025-06-27T01:06:19.153+0000] {dagbag.py:511} DEBUG - Loaded DAG <DAG: example_bash_operator>
[2025-06-27T01:06:19.155+0000] {processor.py:840} INFO - DAG(s) 'example_bash_operator' retrieved from /home/airflow/.local/lib/python3.10/site-packages/airflow/example_dags/example_bash_operator.py
[2025-06-27T01:06:19.158+0000] {logging_mixin.py:188} INFO - [2025-06-27T01:06:19.158+0000] {dagbag.py:667} DEBUG - Running dagbag.sync_to_db with retries. Try 1 of 3
[2025-06-27T01:06:19.160+0000] {logging_mixin.py:188} INFO - [2025-06-27T01:06:19.159+0000] {dagbag.py:672} DEBUG - Calling the DAG.bulk_sync_to_db method
[2025-06-27T01:06:19.186+0000] {logging_mixin.py:188} INFO - [2025-06-27T01:06:19.186+0000] {serialized_dag.py:166} DEBUG - Checking if DAG (example_bash_operator) changed
[2025-06-27T01:06:19.196+0000] {logging_mixin.py:188} INFO - [2025-06-27T01:06:19.195+0000] {serialized_objects.py:624} DEBUG - Cast type <class 'airflow.models.param.ParamsDict'> to str in serialization.
[2025-06-27T01:06:19.203+0000] {logging_mixin.py:188} INFO - [2025-06-27T01:06:19.202+0000] {serialized_objects.py:624} DEBUG - Cast type <class 'airflow.models.param.ParamsDict'> to str in serialization.
[2025-06-27T01:06:19.208+0000] {logging_mixin.py:188} INFO - [2025-06-27T01:06:19.207+0000] {serialized_objects.py:624} DEBUG - Cast type <class 'airflow.models.param.ParamsDict'> to str in serialization.
[2025-06-27T01:06:19.212+0000] {logging_mixin.py:188} INFO - [2025-06-27T01:06:19.212+0000] {serialized_objects.py:624} DEBUG - Cast type <class 'airflow.models.param.ParamsDict'> to str in serialization.
[2025-06-27T01:06:19.218+0000] {logging_mixin.py:188} INFO - [2025-06-27T01:06:19.217+0000] {serialized_objects.py:624} DEBUG - Cast type <class 'airflow.models.param.ParamsDict'> to str in serialization.
[2025-06-27T01:06:19.221+0000] {logging_mixin.py:188} INFO - [2025-06-27T01:06:19.221+0000] {serialized_objects.py:624} DEBUG - Cast type <class 'airflow.models.param.ParamsDict'> to str in serialization.
[2025-06-27T01:06:19.224+0000] {logging_mixin.py:188} INFO - [2025-06-27T01:06:19.224+0000] {serialized_objects.py:624} DEBUG - Cast type <class 'airflow.models.param.ParamsDict'> to str in serialization.
[2025-06-27T01:06:19.233+0000] {logging_mixin.py:188} INFO - [2025-06-27T01:06:19.233+0000] {serialized_dag.py:177} DEBUG - Serialized DAG (example_bash_operator) is unchanged. Skipping writing to DB
[2025-06-27T01:06:19.235+0000] {logging_mixin.py:188} INFO - [2025-06-27T01:06:19.235+0000] {dag.py:3096} INFO - Sync 1 DAGs
[2025-06-27T01:06:19.290+0000] {logging_mixin.py:188} INFO - [2025-06-27T01:06:19.289+0000] {dag.py:3954} INFO - Setting next_dagrun for example_bash_operator to 2025-06-26 00:00:00+00:00, run_after=2025-06-27 00:00:00+00:00
[2025-06-27T01:06:19.336+0000] {processor.py:183} INFO - Processing /home/airflow/.local/lib/python3.10/site-packages/airflow/example_dags/example_bash_operator.py took 0.231 seconds
[2025-06-27T01:06:49.591+0000] {logging_mixin.py:188} INFO - [2025-06-27T01:06:49.589+0000] {settings.py:250} DEBUG - Setting up DB connection pool (PID 19054)
[2025-06-27T01:06:49.594+0000] {logging_mixin.py:188} INFO - [2025-06-27T01:06:49.593+0000] {settings.py:330} DEBUG - settings.prepare_engine_args(): Using pool settings. pool_size=5, max_overflow=10, pool_recycle=1800, pid=19054
[2025-06-27T01:06:49.612+0000] {processor.py:161} INFO - Started process (PID=19054) to work on /home/airflow/.local/lib/python3.10/site-packages/airflow/example_dags/example_bash_operator.py
[2025-06-27T01:06:49.613+0000] {processor.py:830} INFO - Processing file /home/airflow/.local/lib/python3.10/site-packages/airflow/example_dags/example_bash_operator.py for tasks to queue
[2025-06-27T01:06:49.615+0000] {logging_mixin.py:188} INFO - [2025-06-27T01:06:49.615+0000] {dagbag.py:545} INFO - Filling up the DagBag from /home/airflow/.local/lib/python3.10/site-packages/airflow/example_dags/example_bash_operator.py
[2025-06-27T01:06:49.619+0000] {logging_mixin.py:188} INFO - [2025-06-27T01:06:49.618+0000] {dagbag.py:337} DEBUG - Importing /home/airflow/.local/lib/python3.10/site-packages/airflow/example_dags/example_bash_operator.py
[2025-06-27T01:06:49.625+0000] {logging_mixin.py:188} INFO - [2025-06-27T01:06:49.625+0000] {GetText.py:65} DEBUG - /home/airflow/.local/lib/python3.10/site-packages/cron_descriptor/locale/en_US.mo Loaded
[2025-06-27T01:06:49.645+0000] {logging_mixin.py:188} INFO - [2025-06-27T01:06:49.641+0000] {dagbag.py:511} DEBUG - Loaded DAG <DAG: example_bash_operator>
[2025-06-27T01:06:49.647+0000] {logging_mixin.py:188} INFO - [2025-06-27T01:06:49.647+0000] {dagbag.py:511} DEBUG - Loaded DAG <DAG: example_bash_operator>
[2025-06-27T01:06:49.648+0000] {processor.py:840} INFO - DAG(s) 'example_bash_operator' retrieved from /home/airflow/.local/lib/python3.10/site-packages/airflow/example_dags/example_bash_operator.py
[2025-06-27T01:06:49.651+0000] {logging_mixin.py:188} INFO - [2025-06-27T01:06:49.651+0000] {dagbag.py:667} DEBUG - Running dagbag.sync_to_db with retries. Try 1 of 3
[2025-06-27T01:06:49.652+0000] {logging_mixin.py:188} INFO - [2025-06-27T01:06:49.652+0000] {dagbag.py:672} DEBUG - Calling the DAG.bulk_sync_to_db method
[2025-06-27T01:06:49.681+0000] {logging_mixin.py:188} INFO - [2025-06-27T01:06:49.680+0000] {serialized_dag.py:166} DEBUG - Checking if DAG (example_bash_operator) changed
[2025-06-27T01:06:49.687+0000] {logging_mixin.py:188} INFO - [2025-06-27T01:06:49.686+0000] {serialized_objects.py:624} DEBUG - Cast type <class 'airflow.models.param.ParamsDict'> to str in serialization.
[2025-06-27T01:06:49.691+0000] {logging_mixin.py:188} INFO - [2025-06-27T01:06:49.690+0000] {serialized_objects.py:624} DEBUG - Cast type <class 'airflow.models.param.ParamsDict'> to str in serialization.
[2025-06-27T01:06:49.696+0000] {logging_mixin.py:188} INFO - [2025-06-27T01:06:49.695+0000] {serialized_objects.py:624} DEBUG - Cast type <class 'airflow.models.param.ParamsDict'> to str in serialization.
[2025-06-27T01:06:49.699+0000] {logging_mixin.py:188} INFO - [2025-06-27T01:06:49.699+0000] {serialized_objects.py:624} DEBUG - Cast type <class 'airflow.models.param.ParamsDict'> to str in serialization.
[2025-06-27T01:06:49.703+0000] {logging_mixin.py:188} INFO - [2025-06-27T01:06:49.702+0000] {serialized_objects.py:624} DEBUG - Cast type <class 'airflow.models.param.ParamsDict'> to str in serialization.
[2025-06-27T01:06:49.705+0000] {logging_mixin.py:188} INFO - [2025-06-27T01:06:49.704+0000] {serialized_objects.py:624} DEBUG - Cast type <class 'airflow.models.param.ParamsDict'> to str in serialization.
[2025-06-27T01:06:49.707+0000] {logging_mixin.py:188} INFO - [2025-06-27T01:06:49.707+0000] {serialized_objects.py:624} DEBUG - Cast type <class 'airflow.models.param.ParamsDict'> to str in serialization.
[2025-06-27T01:06:49.720+0000] {logging_mixin.py:188} INFO - [2025-06-27T01:06:49.720+0000] {serialized_dag.py:177} DEBUG - Serialized DAG (example_bash_operator) is unchanged. Skipping writing to DB
[2025-06-27T01:06:49.722+0000] {logging_mixin.py:188} INFO - [2025-06-27T01:06:49.721+0000] {dag.py:3096} INFO - Sync 1 DAGs
[2025-06-27T01:06:49.759+0000] {logging_mixin.py:188} INFO - [2025-06-27T01:06:49.759+0000] {dag.py:3954} INFO - Setting next_dagrun for example_bash_operator to 2025-06-26 00:00:00+00:00, run_after=2025-06-27 00:00:00+00:00
[2025-06-27T01:06:49.793+0000] {processor.py:183} INFO - Processing /home/airflow/.local/lib/python3.10/site-packages/airflow/example_dags/example_bash_operator.py took 0.204 seconds
[2025-06-27T01:07:19.881+0000] {logging_mixin.py:188} INFO - [2025-06-27T01:07:19.879+0000] {settings.py:250} DEBUG - Setting up DB connection pool (PID 19117)
[2025-06-27T01:07:19.883+0000] {logging_mixin.py:188} INFO - [2025-06-27T01:07:19.882+0000] {settings.py:330} DEBUG - settings.prepare_engine_args(): Using pool settings. pool_size=5, max_overflow=10, pool_recycle=1800, pid=19117
[2025-06-27T01:07:19.892+0000] {processor.py:161} INFO - Started process (PID=19117) to work on /home/airflow/.local/lib/python3.10/site-packages/airflow/example_dags/example_bash_operator.py
[2025-06-27T01:07:19.893+0000] {processor.py:830} INFO - Processing file /home/airflow/.local/lib/python3.10/site-packages/airflow/example_dags/example_bash_operator.py for tasks to queue
[2025-06-27T01:07:19.895+0000] {logging_mixin.py:188} INFO - [2025-06-27T01:07:19.894+0000] {dagbag.py:545} INFO - Filling up the DagBag from /home/airflow/.local/lib/python3.10/site-packages/airflow/example_dags/example_bash_operator.py
[2025-06-27T01:07:19.897+0000] {logging_mixin.py:188} INFO - [2025-06-27T01:07:19.896+0000] {dagbag.py:337} DEBUG - Importing /home/airflow/.local/lib/python3.10/site-packages/airflow/example_dags/example_bash_operator.py
[2025-06-27T01:07:19.902+0000] {logging_mixin.py:188} INFO - [2025-06-27T01:07:19.902+0000] {GetText.py:65} DEBUG - /home/airflow/.local/lib/python3.10/site-packages/cron_descriptor/locale/en_US.mo Loaded
[2025-06-27T01:07:19.915+0000] {logging_mixin.py:188} INFO - [2025-06-27T01:07:19.914+0000] {dagbag.py:511} DEBUG - Loaded DAG <DAG: example_bash_operator>
[2025-06-27T01:07:19.917+0000] {logging_mixin.py:188} INFO - [2025-06-27T01:07:19.917+0000] {dagbag.py:511} DEBUG - Loaded DAG <DAG: example_bash_operator>
[2025-06-27T01:07:19.918+0000] {processor.py:840} INFO - DAG(s) 'example_bash_operator' retrieved from /home/airflow/.local/lib/python3.10/site-packages/airflow/example_dags/example_bash_operator.py
[2025-06-27T01:07:19.919+0000] {logging_mixin.py:188} INFO - [2025-06-27T01:07:19.919+0000] {dagbag.py:667} DEBUG - Running dagbag.sync_to_db with retries. Try 1 of 3
[2025-06-27T01:07:19.920+0000] {logging_mixin.py:188} INFO - [2025-06-27T01:07:19.920+0000] {dagbag.py:672} DEBUG - Calling the DAG.bulk_sync_to_db method
[2025-06-27T01:07:19.939+0000] {logging_mixin.py:188} INFO - [2025-06-27T01:07:19.939+0000] {serialized_dag.py:166} DEBUG - Checking if DAG (example_bash_operator) changed
[2025-06-27T01:07:19.945+0000] {logging_mixin.py:188} INFO - [2025-06-27T01:07:19.944+0000] {serialized_objects.py:624} DEBUG - Cast type <class 'airflow.models.param.ParamsDict'> to str in serialization.
[2025-06-27T01:07:19.948+0000] {logging_mixin.py:188} INFO - [2025-06-27T01:07:19.948+0000] {serialized_objects.py:624} DEBUG - Cast type <class 'airflow.models.param.ParamsDict'> to str in serialization.
[2025-06-27T01:07:19.951+0000] {logging_mixin.py:188} INFO - [2025-06-27T01:07:19.950+0000] {serialized_objects.py:624} DEBUG - Cast type <class 'airflow.models.param.ParamsDict'> to str in serialization.
[2025-06-27T01:07:19.953+0000] {logging_mixin.py:188} INFO - [2025-06-27T01:07:19.953+0000] {serialized_objects.py:624} DEBUG - Cast type <class 'airflow.models.param.ParamsDict'> to str in serialization.
[2025-06-27T01:07:19.955+0000] {logging_mixin.py:188} INFO - [2025-06-27T01:07:19.955+0000] {serialized_objects.py:624} DEBUG - Cast type <class 'airflow.models.param.ParamsDict'> to str in serialization.
[2025-06-27T01:07:19.958+0000] {logging_mixin.py:188} INFO - [2025-06-27T01:07:19.958+0000] {serialized_objects.py:624} DEBUG - Cast type <class 'airflow.models.param.ParamsDict'> to str in serialization.
[2025-06-27T01:07:19.965+0000] {logging_mixin.py:188} INFO - [2025-06-27T01:07:19.964+0000] {serialized_objects.py:624} DEBUG - Cast type <class 'airflow.models.param.ParamsDict'> to str in serialization.
[2025-06-27T01:07:19.975+0000] {logging_mixin.py:188} INFO - [2025-06-27T01:07:19.975+0000] {serialized_dag.py:177} DEBUG - Serialized DAG (example_bash_operator) is unchanged. Skipping writing to DB
[2025-06-27T01:07:19.976+0000] {logging_mixin.py:188} INFO - [2025-06-27T01:07:19.976+0000] {dag.py:3096} INFO - Sync 1 DAGs
[2025-06-27T01:07:20.009+0000] {logging_mixin.py:188} INFO - [2025-06-27T01:07:20.009+0000] {dag.py:3954} INFO - Setting next_dagrun for example_bash_operator to 2025-06-26 00:00:00+00:00, run_after=2025-06-27 00:00:00+00:00
[2025-06-27T01:07:20.042+0000] {processor.py:183} INFO - Processing /home/airflow/.local/lib/python3.10/site-packages/airflow/example_dags/example_bash_operator.py took 0.163 seconds
[2025-06-27T01:07:50.382+0000] {logging_mixin.py:188} INFO - [2025-06-27T01:07:50.380+0000] {settings.py:250} DEBUG - Setting up DB connection pool (PID 19182)
[2025-06-27T01:07:50.385+0000] {logging_mixin.py:188} INFO - [2025-06-27T01:07:50.384+0000] {settings.py:330} DEBUG - settings.prepare_engine_args(): Using pool settings. pool_size=5, max_overflow=10, pool_recycle=1800, pid=19182
[2025-06-27T01:07:50.395+0000] {processor.py:161} INFO - Started process (PID=19182) to work on /home/airflow/.local/lib/python3.10/site-packages/airflow/example_dags/example_bash_operator.py
[2025-06-27T01:07:50.397+0000] {processor.py:830} INFO - Processing file /home/airflow/.local/lib/python3.10/site-packages/airflow/example_dags/example_bash_operator.py for tasks to queue
[2025-06-27T01:07:50.398+0000] {logging_mixin.py:188} INFO - [2025-06-27T01:07:50.398+0000] {dagbag.py:545} INFO - Filling up the DagBag from /home/airflow/.local/lib/python3.10/site-packages/airflow/example_dags/example_bash_operator.py
[2025-06-27T01:07:50.403+0000] {logging_mixin.py:188} INFO - [2025-06-27T01:07:50.403+0000] {dagbag.py:337} DEBUG - Importing /home/airflow/.local/lib/python3.10/site-packages/airflow/example_dags/example_bash_operator.py
[2025-06-27T01:07:50.408+0000] {logging_mixin.py:188} INFO - [2025-06-27T01:07:50.408+0000] {GetText.py:65} DEBUG - /home/airflow/.local/lib/python3.10/site-packages/cron_descriptor/locale/en_US.mo Loaded
[2025-06-27T01:07:50.422+0000] {logging_mixin.py:188} INFO - [2025-06-27T01:07:50.420+0000] {dagbag.py:511} DEBUG - Loaded DAG <DAG: example_bash_operator>
[2025-06-27T01:07:50.424+0000] {logging_mixin.py:188} INFO - [2025-06-27T01:07:50.424+0000] {dagbag.py:511} DEBUG - Loaded DAG <DAG: example_bash_operator>
[2025-06-27T01:07:50.425+0000] {processor.py:840} INFO - DAG(s) 'example_bash_operator' retrieved from /home/airflow/.local/lib/python3.10/site-packages/airflow/example_dags/example_bash_operator.py
[2025-06-27T01:07:50.427+0000] {logging_mixin.py:188} INFO - [2025-06-27T01:07:50.427+0000] {dagbag.py:667} DEBUG - Running dagbag.sync_to_db with retries. Try 1 of 3
[2025-06-27T01:07:50.428+0000] {logging_mixin.py:188} INFO - [2025-06-27T01:07:50.428+0000] {dagbag.py:672} DEBUG - Calling the DAG.bulk_sync_to_db method
[2025-06-27T01:07:50.455+0000] {logging_mixin.py:188} INFO - [2025-06-27T01:07:50.454+0000] {serialized_dag.py:166} DEBUG - Checking if DAG (example_bash_operator) changed
[2025-06-27T01:07:50.462+0000] {logging_mixin.py:188} INFO - [2025-06-27T01:07:50.461+0000] {serialized_objects.py:624} DEBUG - Cast type <class 'airflow.models.param.ParamsDict'> to str in serialization.
[2025-06-27T01:07:50.467+0000] {logging_mixin.py:188} INFO - [2025-06-27T01:07:50.467+0000] {serialized_objects.py:624} DEBUG - Cast type <class 'airflow.models.param.ParamsDict'> to str in serialization.
[2025-06-27T01:07:50.471+0000] {logging_mixin.py:188} INFO - [2025-06-27T01:07:50.471+0000] {serialized_objects.py:624} DEBUG - Cast type <class 'airflow.models.param.ParamsDict'> to str in serialization.
[2025-06-27T01:07:50.475+0000] {logging_mixin.py:188} INFO - [2025-06-27T01:07:50.474+0000] {serialized_objects.py:624} DEBUG - Cast type <class 'airflow.models.param.ParamsDict'> to str in serialization.
[2025-06-27T01:07:50.477+0000] {logging_mixin.py:188} INFO - [2025-06-27T01:07:50.477+0000] {serialized_objects.py:624} DEBUG - Cast type <class 'airflow.models.param.ParamsDict'> to str in serialization.
[2025-06-27T01:07:50.480+0000] {logging_mixin.py:188} INFO - [2025-06-27T01:07:50.480+0000] {serialized_objects.py:624} DEBUG - Cast type <class 'airflow.models.param.ParamsDict'> to str in serialization.
[2025-06-27T01:07:50.482+0000] {logging_mixin.py:188} INFO - [2025-06-27T01:07:50.482+0000] {serialized_objects.py:624} DEBUG - Cast type <class 'airflow.models.param.ParamsDict'> to str in serialization.
[2025-06-27T01:07:50.496+0000] {logging_mixin.py:188} INFO - [2025-06-27T01:07:50.495+0000] {serialized_dag.py:177} DEBUG - Serialized DAG (example_bash_operator) is unchanged. Skipping writing to DB
[2025-06-27T01:07:50.497+0000] {logging_mixin.py:188} INFO - [2025-06-27T01:07:50.496+0000] {dag.py:3096} INFO - Sync 1 DAGs
[2025-06-27T01:07:50.528+0000] {logging_mixin.py:188} INFO - [2025-06-27T01:07:50.528+0000] {dag.py:3954} INFO - Setting next_dagrun for example_bash_operator to 2025-06-26 00:00:00+00:00, run_after=2025-06-27 00:00:00+00:00
[2025-06-27T01:07:50.553+0000] {processor.py:183} INFO - Processing /home/airflow/.local/lib/python3.10/site-packages/airflow/example_dags/example_bash_operator.py took 0.173 seconds
[2025-06-27T01:08:20.742+0000] {logging_mixin.py:188} INFO - [2025-06-27T01:08:20.741+0000] {settings.py:250} DEBUG - Setting up DB connection pool (PID 19245)
[2025-06-27T01:08:20.744+0000] {logging_mixin.py:188} INFO - [2025-06-27T01:08:20.743+0000] {settings.py:330} DEBUG - settings.prepare_engine_args(): Using pool settings. pool_size=5, max_overflow=10, pool_recycle=1800, pid=19245
[2025-06-27T01:08:20.758+0000] {processor.py:161} INFO - Started process (PID=19245) to work on /home/airflow/.local/lib/python3.10/site-packages/airflow/example_dags/example_bash_operator.py
[2025-06-27T01:08:20.760+0000] {processor.py:830} INFO - Processing file /home/airflow/.local/lib/python3.10/site-packages/airflow/example_dags/example_bash_operator.py for tasks to queue
[2025-06-27T01:08:20.762+0000] {logging_mixin.py:188} INFO - [2025-06-27T01:08:20.761+0000] {dagbag.py:545} INFO - Filling up the DagBag from /home/airflow/.local/lib/python3.10/site-packages/airflow/example_dags/example_bash_operator.py
[2025-06-27T01:08:20.765+0000] {logging_mixin.py:188} INFO - [2025-06-27T01:08:20.765+0000] {dagbag.py:337} DEBUG - Importing /home/airflow/.local/lib/python3.10/site-packages/airflow/example_dags/example_bash_operator.py
[2025-06-27T01:08:20.772+0000] {logging_mixin.py:188} INFO - [2025-06-27T01:08:20.772+0000] {GetText.py:65} DEBUG - /home/airflow/.local/lib/python3.10/site-packages/cron_descriptor/locale/en_US.mo Loaded
[2025-06-27T01:08:20.785+0000] {logging_mixin.py:188} INFO - [2025-06-27T01:08:20.783+0000] {dagbag.py:511} DEBUG - Loaded DAG <DAG: example_bash_operator>
[2025-06-27T01:08:20.788+0000] {logging_mixin.py:188} INFO - [2025-06-27T01:08:20.788+0000] {dagbag.py:511} DEBUG - Loaded DAG <DAG: example_bash_operator>
[2025-06-27T01:08:20.789+0000] {processor.py:840} INFO - DAG(s) 'example_bash_operator' retrieved from /home/airflow/.local/lib/python3.10/site-packages/airflow/example_dags/example_bash_operator.py
[2025-06-27T01:08:20.791+0000] {logging_mixin.py:188} INFO - [2025-06-27T01:08:20.791+0000] {dagbag.py:667} DEBUG - Running dagbag.sync_to_db with retries. Try 1 of 3
[2025-06-27T01:08:20.792+0000] {logging_mixin.py:188} INFO - [2025-06-27T01:08:20.792+0000] {dagbag.py:672} DEBUG - Calling the DAG.bulk_sync_to_db method
[2025-06-27T01:08:20.816+0000] {logging_mixin.py:188} INFO - [2025-06-27T01:08:20.815+0000] {serialized_dag.py:166} DEBUG - Checking if DAG (example_bash_operator) changed
[2025-06-27T01:08:20.822+0000] {logging_mixin.py:188} INFO - [2025-06-27T01:08:20.822+0000] {serialized_objects.py:624} DEBUG - Cast type <class 'airflow.models.param.ParamsDict'> to str in serialization.
[2025-06-27T01:08:20.828+0000] {logging_mixin.py:188} INFO - [2025-06-27T01:08:20.827+0000] {serialized_objects.py:624} DEBUG - Cast type <class 'airflow.models.param.ParamsDict'> to str in serialization.
[2025-06-27T01:08:20.832+0000] {logging_mixin.py:188} INFO - [2025-06-27T01:08:20.831+0000] {serialized_objects.py:624} DEBUG - Cast type <class 'airflow.models.param.ParamsDict'> to str in serialization.
[2025-06-27T01:08:20.835+0000] {logging_mixin.py:188} INFO - [2025-06-27T01:08:20.835+0000] {serialized_objects.py:624} DEBUG - Cast type <class 'airflow.models.param.ParamsDict'> to str in serialization.
[2025-06-27T01:08:20.838+0000] {logging_mixin.py:188} INFO - [2025-06-27T01:08:20.838+0000] {serialized_objects.py:624} DEBUG - Cast type <class 'airflow.models.param.ParamsDict'> to str in serialization.
[2025-06-27T01:08:20.841+0000] {logging_mixin.py:188} INFO - [2025-06-27T01:08:20.841+0000] {serialized_objects.py:624} DEBUG - Cast type <class 'airflow.models.param.ParamsDict'> to str in serialization.
[2025-06-27T01:08:20.845+0000] {logging_mixin.py:188} INFO - [2025-06-27T01:08:20.844+0000] {serialized_objects.py:624} DEBUG - Cast type <class 'airflow.models.param.ParamsDict'> to str in serialization.
[2025-06-27T01:08:20.853+0000] {logging_mixin.py:188} INFO - [2025-06-27T01:08:20.852+0000] {serialized_dag.py:177} DEBUG - Serialized DAG (example_bash_operator) is unchanged. Skipping writing to DB
[2025-06-27T01:08:20.854+0000] {logging_mixin.py:188} INFO - [2025-06-27T01:08:20.854+0000] {dag.py:3096} INFO - Sync 1 DAGs
[2025-06-27T01:08:20.890+0000] {logging_mixin.py:188} INFO - [2025-06-27T01:08:20.890+0000] {dag.py:3954} INFO - Setting next_dagrun for example_bash_operator to 2025-06-26 00:00:00+00:00, run_after=2025-06-27 00:00:00+00:00
[2025-06-27T01:08:20.930+0000] {processor.py:183} INFO - Processing /home/airflow/.local/lib/python3.10/site-packages/airflow/example_dags/example_bash_operator.py took 0.190 seconds
[2025-06-27T01:08:51.292+0000] {logging_mixin.py:188} INFO - [2025-06-27T01:08:51.290+0000] {settings.py:250} DEBUG - Setting up DB connection pool (PID 19308)
[2025-06-27T01:08:51.295+0000] {logging_mixin.py:188} INFO - [2025-06-27T01:08:51.294+0000] {settings.py:330} DEBUG - settings.prepare_engine_args(): Using pool settings. pool_size=5, max_overflow=10, pool_recycle=1800, pid=19308
[2025-06-27T01:08:51.309+0000] {processor.py:161} INFO - Started process (PID=19308) to work on /home/airflow/.local/lib/python3.10/site-packages/airflow/example_dags/example_bash_operator.py
[2025-06-27T01:08:51.310+0000] {processor.py:830} INFO - Processing file /home/airflow/.local/lib/python3.10/site-packages/airflow/example_dags/example_bash_operator.py for tasks to queue
[2025-06-27T01:08:51.312+0000] {logging_mixin.py:188} INFO - [2025-06-27T01:08:51.311+0000] {dagbag.py:545} INFO - Filling up the DagBag from /home/airflow/.local/lib/python3.10/site-packages/airflow/example_dags/example_bash_operator.py
[2025-06-27T01:08:51.315+0000] {logging_mixin.py:188} INFO - [2025-06-27T01:08:51.315+0000] {dagbag.py:337} DEBUG - Importing /home/airflow/.local/lib/python3.10/site-packages/airflow/example_dags/example_bash_operator.py
[2025-06-27T01:08:51.321+0000] {logging_mixin.py:188} INFO - [2025-06-27T01:08:51.321+0000] {GetText.py:65} DEBUG - /home/airflow/.local/lib/python3.10/site-packages/cron_descriptor/locale/en_US.mo Loaded
[2025-06-27T01:08:51.337+0000] {logging_mixin.py:188} INFO - [2025-06-27T01:08:51.334+0000] {dagbag.py:511} DEBUG - Loaded DAG <DAG: example_bash_operator>
[2025-06-27T01:08:51.340+0000] {logging_mixin.py:188} INFO - [2025-06-27T01:08:51.339+0000] {dagbag.py:511} DEBUG - Loaded DAG <DAG: example_bash_operator>
[2025-06-27T01:08:51.342+0000] {processor.py:840} INFO - DAG(s) 'example_bash_operator' retrieved from /home/airflow/.local/lib/python3.10/site-packages/airflow/example_dags/example_bash_operator.py
[2025-06-27T01:08:51.346+0000] {logging_mixin.py:188} INFO - [2025-06-27T01:08:51.346+0000] {dagbag.py:667} DEBUG - Running dagbag.sync_to_db with retries. Try 1 of 3
[2025-06-27T01:08:51.347+0000] {logging_mixin.py:188} INFO - [2025-06-27T01:08:51.347+0000] {dagbag.py:672} DEBUG - Calling the DAG.bulk_sync_to_db method
[2025-06-27T01:08:51.375+0000] {logging_mixin.py:188} INFO - [2025-06-27T01:08:51.374+0000] {serialized_dag.py:166} DEBUG - Checking if DAG (example_bash_operator) changed
[2025-06-27T01:08:51.388+0000] {logging_mixin.py:188} INFO - [2025-06-27T01:08:51.383+0000] {serialized_objects.py:624} DEBUG - Cast type <class 'airflow.models.param.ParamsDict'> to str in serialization.
[2025-06-27T01:08:51.394+0000] {logging_mixin.py:188} INFO - [2025-06-27T01:08:51.393+0000] {serialized_objects.py:624} DEBUG - Cast type <class 'airflow.models.param.ParamsDict'> to str in serialization.
[2025-06-27T01:08:51.398+0000] {logging_mixin.py:188} INFO - [2025-06-27T01:08:51.397+0000] {serialized_objects.py:624} DEBUG - Cast type <class 'airflow.models.param.ParamsDict'> to str in serialization.
[2025-06-27T01:08:51.403+0000] {logging_mixin.py:188} INFO - [2025-06-27T01:08:51.402+0000] {serialized_objects.py:624} DEBUG - Cast type <class 'airflow.models.param.ParamsDict'> to str in serialization.
[2025-06-27T01:08:51.406+0000] {logging_mixin.py:188} INFO - [2025-06-27T01:08:51.406+0000] {serialized_objects.py:624} DEBUG - Cast type <class 'airflow.models.param.ParamsDict'> to str in serialization.
[2025-06-27T01:08:51.409+0000] {logging_mixin.py:188} INFO - [2025-06-27T01:08:51.409+0000] {serialized_objects.py:624} DEBUG - Cast type <class 'airflow.models.param.ParamsDict'> to str in serialization.
[2025-06-27T01:08:51.413+0000] {logging_mixin.py:188} INFO - [2025-06-27T01:08:51.412+0000] {serialized_objects.py:624} DEBUG - Cast type <class 'airflow.models.param.ParamsDict'> to str in serialization.
[2025-06-27T01:08:51.423+0000] {logging_mixin.py:188} INFO - [2025-06-27T01:08:51.423+0000] {serialized_dag.py:177} DEBUG - Serialized DAG (example_bash_operator) is unchanged. Skipping writing to DB
[2025-06-27T01:08:51.425+0000] {logging_mixin.py:188} INFO - [2025-06-27T01:08:51.425+0000] {dag.py:3096} INFO - Sync 1 DAGs
[2025-06-27T01:08:51.466+0000] {logging_mixin.py:188} INFO - [2025-06-27T01:08:51.465+0000] {dag.py:3954} INFO - Setting next_dagrun for example_bash_operator to 2025-06-26 00:00:00+00:00, run_after=2025-06-27 00:00:00+00:00
[2025-06-27T01:08:51.503+0000] {processor.py:183} INFO - Processing /home/airflow/.local/lib/python3.10/site-packages/airflow/example_dags/example_bash_operator.py took 0.213 seconds
[2025-06-27T01:09:21.681+0000] {logging_mixin.py:188} INFO - [2025-06-27T01:09:21.680+0000] {settings.py:250} DEBUG - Setting up DB connection pool (PID 19371)
[2025-06-27T01:09:21.684+0000] {logging_mixin.py:188} INFO - [2025-06-27T01:09:21.684+0000] {settings.py:330} DEBUG - settings.prepare_engine_args(): Using pool settings. pool_size=5, max_overflow=10, pool_recycle=1800, pid=19371
[2025-06-27T01:09:21.697+0000] {processor.py:161} INFO - Started process (PID=19371) to work on /home/airflow/.local/lib/python3.10/site-packages/airflow/example_dags/example_bash_operator.py
[2025-06-27T01:09:21.699+0000] {processor.py:830} INFO - Processing file /home/airflow/.local/lib/python3.10/site-packages/airflow/example_dags/example_bash_operator.py for tasks to queue
[2025-06-27T01:09:21.701+0000] {logging_mixin.py:188} INFO - [2025-06-27T01:09:21.701+0000] {dagbag.py:545} INFO - Filling up the DagBag from /home/airflow/.local/lib/python3.10/site-packages/airflow/example_dags/example_bash_operator.py
[2025-06-27T01:09:21.705+0000] {logging_mixin.py:188} INFO - [2025-06-27T01:09:21.704+0000] {dagbag.py:337} DEBUG - Importing /home/airflow/.local/lib/python3.10/site-packages/airflow/example_dags/example_bash_operator.py
[2025-06-27T01:09:21.711+0000] {logging_mixin.py:188} INFO - [2025-06-27T01:09:21.711+0000] {GetText.py:65} DEBUG - /home/airflow/.local/lib/python3.10/site-packages/cron_descriptor/locale/en_US.mo Loaded
[2025-06-27T01:09:21.730+0000] {logging_mixin.py:188} INFO - [2025-06-27T01:09:21.727+0000] {dagbag.py:511} DEBUG - Loaded DAG <DAG: example_bash_operator>
[2025-06-27T01:09:21.731+0000] {logging_mixin.py:188} INFO - [2025-06-27T01:09:21.731+0000] {dagbag.py:511} DEBUG - Loaded DAG <DAG: example_bash_operator>
[2025-06-27T01:09:21.732+0000] {processor.py:840} INFO - DAG(s) 'example_bash_operator' retrieved from /home/airflow/.local/lib/python3.10/site-packages/airflow/example_dags/example_bash_operator.py
[2025-06-27T01:09:21.735+0000] {logging_mixin.py:188} INFO - [2025-06-27T01:09:21.735+0000] {dagbag.py:667} DEBUG - Running dagbag.sync_to_db with retries. Try 1 of 3
[2025-06-27T01:09:21.736+0000] {logging_mixin.py:188} INFO - [2025-06-27T01:09:21.736+0000] {dagbag.py:672} DEBUG - Calling the DAG.bulk_sync_to_db method
[2025-06-27T01:09:21.761+0000] {logging_mixin.py:188} INFO - [2025-06-27T01:09:21.760+0000] {serialized_dag.py:166} DEBUG - Checking if DAG (example_bash_operator) changed
[2025-06-27T01:09:21.768+0000] {logging_mixin.py:188} INFO - [2025-06-27T01:09:21.767+0000] {serialized_objects.py:624} DEBUG - Cast type <class 'airflow.models.param.ParamsDict'> to str in serialization.
[2025-06-27T01:09:21.773+0000] {logging_mixin.py:188} INFO - [2025-06-27T01:09:21.773+0000] {serialized_objects.py:624} DEBUG - Cast type <class 'airflow.models.param.ParamsDict'> to str in serialization.
[2025-06-27T01:09:21.777+0000] {logging_mixin.py:188} INFO - [2025-06-27T01:09:21.777+0000] {serialized_objects.py:624} DEBUG - Cast type <class 'airflow.models.param.ParamsDict'> to str in serialization.
[2025-06-27T01:09:21.781+0000] {logging_mixin.py:188} INFO - [2025-06-27T01:09:21.780+0000] {serialized_objects.py:624} DEBUG - Cast type <class 'airflow.models.param.ParamsDict'> to str in serialization.
[2025-06-27T01:09:21.784+0000] {logging_mixin.py:188} INFO - [2025-06-27T01:09:21.783+0000] {serialized_objects.py:624} DEBUG - Cast type <class 'airflow.models.param.ParamsDict'> to str in serialization.
[2025-06-27T01:09:21.786+0000] {logging_mixin.py:188} INFO - [2025-06-27T01:09:21.786+0000] {serialized_objects.py:624} DEBUG - Cast type <class 'airflow.models.param.ParamsDict'> to str in serialization.
[2025-06-27T01:09:21.788+0000] {logging_mixin.py:188} INFO - [2025-06-27T01:09:21.788+0000] {serialized_objects.py:624} DEBUG - Cast type <class 'airflow.models.param.ParamsDict'> to str in serialization.
[2025-06-27T01:09:21.801+0000] {logging_mixin.py:188} INFO - [2025-06-27T01:09:21.801+0000] {serialized_dag.py:177} DEBUG - Serialized DAG (example_bash_operator) is unchanged. Skipping writing to DB
[2025-06-27T01:09:21.803+0000] {logging_mixin.py:188} INFO - [2025-06-27T01:09:21.802+0000] {dag.py:3096} INFO - Sync 1 DAGs
[2025-06-27T01:09:21.839+0000] {logging_mixin.py:188} INFO - [2025-06-27T01:09:21.839+0000] {dag.py:3954} INFO - Setting next_dagrun for example_bash_operator to 2025-06-26 00:00:00+00:00, run_after=2025-06-27 00:00:00+00:00
[2025-06-27T01:09:21.876+0000] {processor.py:183} INFO - Processing /home/airflow/.local/lib/python3.10/site-packages/airflow/example_dags/example_bash_operator.py took 0.196 seconds
[2025-06-27T01:09:52.169+0000] {logging_mixin.py:188} INFO - [2025-06-27T01:09:52.167+0000] {settings.py:250} DEBUG - Setting up DB connection pool (PID 19441)
[2025-06-27T01:09:52.171+0000] {logging_mixin.py:188} INFO - [2025-06-27T01:09:52.170+0000] {settings.py:330} DEBUG - settings.prepare_engine_args(): Using pool settings. pool_size=5, max_overflow=10, pool_recycle=1800, pid=19441
[2025-06-27T01:09:52.182+0000] {processor.py:161} INFO - Started process (PID=19441) to work on /home/airflow/.local/lib/python3.10/site-packages/airflow/example_dags/example_bash_operator.py
[2025-06-27T01:09:52.183+0000] {processor.py:830} INFO - Processing file /home/airflow/.local/lib/python3.10/site-packages/airflow/example_dags/example_bash_operator.py for tasks to queue
[2025-06-27T01:09:52.185+0000] {logging_mixin.py:188} INFO - [2025-06-27T01:09:52.185+0000] {dagbag.py:545} INFO - Filling up the DagBag from /home/airflow/.local/lib/python3.10/site-packages/airflow/example_dags/example_bash_operator.py
[2025-06-27T01:09:52.189+0000] {logging_mixin.py:188} INFO - [2025-06-27T01:09:52.188+0000] {dagbag.py:337} DEBUG - Importing /home/airflow/.local/lib/python3.10/site-packages/airflow/example_dags/example_bash_operator.py
[2025-06-27T01:09:52.196+0000] {logging_mixin.py:188} INFO - [2025-06-27T01:09:52.196+0000] {GetText.py:65} DEBUG - /home/airflow/.local/lib/python3.10/site-packages/cron_descriptor/locale/en_US.mo Loaded
[2025-06-27T01:09:52.214+0000] {logging_mixin.py:188} INFO - [2025-06-27T01:09:52.212+0000] {dagbag.py:511} DEBUG - Loaded DAG <DAG: example_bash_operator>
[2025-06-27T01:09:52.216+0000] {logging_mixin.py:188} INFO - [2025-06-27T01:09:52.216+0000] {dagbag.py:511} DEBUG - Loaded DAG <DAG: example_bash_operator>
[2025-06-27T01:09:52.217+0000] {processor.py:840} INFO - DAG(s) 'example_bash_operator' retrieved from /home/airflow/.local/lib/python3.10/site-packages/airflow/example_dags/example_bash_operator.py
[2025-06-27T01:09:52.220+0000] {logging_mixin.py:188} INFO - [2025-06-27T01:09:52.219+0000] {dagbag.py:667} DEBUG - Running dagbag.sync_to_db with retries. Try 1 of 3
[2025-06-27T01:09:52.220+0000] {logging_mixin.py:188} INFO - [2025-06-27T01:09:52.220+0000] {dagbag.py:672} DEBUG - Calling the DAG.bulk_sync_to_db method
[2025-06-27T01:09:52.248+0000] {logging_mixin.py:188} INFO - [2025-06-27T01:09:52.247+0000] {serialized_dag.py:166} DEBUG - Checking if DAG (example_bash_operator) changed
[2025-06-27T01:09:52.254+0000] {logging_mixin.py:188} INFO - [2025-06-27T01:09:52.253+0000] {serialized_objects.py:624} DEBUG - Cast type <class 'airflow.models.param.ParamsDict'> to str in serialization.
[2025-06-27T01:09:52.257+0000] {logging_mixin.py:188} INFO - [2025-06-27T01:09:52.257+0000] {serialized_objects.py:624} DEBUG - Cast type <class 'airflow.models.param.ParamsDict'> to str in serialization.
[2025-06-27T01:09:52.260+0000] {logging_mixin.py:188} INFO - [2025-06-27T01:09:52.260+0000] {serialized_objects.py:624} DEBUG - Cast type <class 'airflow.models.param.ParamsDict'> to str in serialization.
[2025-06-27T01:09:52.263+0000] {logging_mixin.py:188} INFO - [2025-06-27T01:09:52.262+0000] {serialized_objects.py:624} DEBUG - Cast type <class 'airflow.models.param.ParamsDict'> to str in serialization.
[2025-06-27T01:09:52.265+0000] {logging_mixin.py:188} INFO - [2025-06-27T01:09:52.264+0000] {serialized_objects.py:624} DEBUG - Cast type <class 'airflow.models.param.ParamsDict'> to str in serialization.
[2025-06-27T01:09:52.267+0000] {logging_mixin.py:188} INFO - [2025-06-27T01:09:52.267+0000] {serialized_objects.py:624} DEBUG - Cast type <class 'airflow.models.param.ParamsDict'> to str in serialization.
[2025-06-27T01:09:52.270+0000] {logging_mixin.py:188} INFO - [2025-06-27T01:09:52.269+0000] {serialized_objects.py:624} DEBUG - Cast type <class 'airflow.models.param.ParamsDict'> to str in serialization.
[2025-06-27T01:09:52.280+0000] {logging_mixin.py:188} INFO - [2025-06-27T01:09:52.280+0000] {serialized_dag.py:177} DEBUG - Serialized DAG (example_bash_operator) is unchanged. Skipping writing to DB
[2025-06-27T01:09:52.281+0000] {logging_mixin.py:188} INFO - [2025-06-27T01:09:52.281+0000] {dag.py:3096} INFO - Sync 1 DAGs
[2025-06-27T01:09:52.319+0000] {logging_mixin.py:188} INFO - [2025-06-27T01:09:52.319+0000] {dag.py:3954} INFO - Setting next_dagrun for example_bash_operator to 2025-06-26 00:00:00+00:00, run_after=2025-06-27 00:00:00+00:00
[2025-06-27T01:09:52.357+0000] {processor.py:183} INFO - Processing /home/airflow/.local/lib/python3.10/site-packages/airflow/example_dags/example_bash_operator.py took 0.190 seconds
[2025-06-27T01:10:22.450+0000] {logging_mixin.py:188} INFO - [2025-06-27T01:10:22.448+0000] {settings.py:250} DEBUG - Setting up DB connection pool (PID 19502)
[2025-06-27T01:10:22.452+0000] {logging_mixin.py:188} INFO - [2025-06-27T01:10:22.452+0000] {settings.py:330} DEBUG - settings.prepare_engine_args(): Using pool settings. pool_size=5, max_overflow=10, pool_recycle=1800, pid=19502
[2025-06-27T01:10:22.466+0000] {processor.py:161} INFO - Started process (PID=19502) to work on /home/airflow/.local/lib/python3.10/site-packages/airflow/example_dags/example_bash_operator.py
[2025-06-27T01:10:22.467+0000] {processor.py:830} INFO - Processing file /home/airflow/.local/lib/python3.10/site-packages/airflow/example_dags/example_bash_operator.py for tasks to queue
[2025-06-27T01:10:22.469+0000] {logging_mixin.py:188} INFO - [2025-06-27T01:10:22.469+0000] {dagbag.py:545} INFO - Filling up the DagBag from /home/airflow/.local/lib/python3.10/site-packages/airflow/example_dags/example_bash_operator.py
[2025-06-27T01:10:22.472+0000] {logging_mixin.py:188} INFO - [2025-06-27T01:10:22.472+0000] {dagbag.py:337} DEBUG - Importing /home/airflow/.local/lib/python3.10/site-packages/airflow/example_dags/example_bash_operator.py
[2025-06-27T01:10:22.479+0000] {logging_mixin.py:188} INFO - [2025-06-27T01:10:22.479+0000] {GetText.py:65} DEBUG - /home/airflow/.local/lib/python3.10/site-packages/cron_descriptor/locale/en_US.mo Loaded
[2025-06-27T01:10:22.495+0000] {logging_mixin.py:188} INFO - [2025-06-27T01:10:22.494+0000] {dagbag.py:511} DEBUG - Loaded DAG <DAG: example_bash_operator>
[2025-06-27T01:10:22.497+0000] {logging_mixin.py:188} INFO - [2025-06-27T01:10:22.497+0000] {dagbag.py:511} DEBUG - Loaded DAG <DAG: example_bash_operator>
[2025-06-27T01:10:22.498+0000] {processor.py:840} INFO - DAG(s) 'example_bash_operator' retrieved from /home/airflow/.local/lib/python3.10/site-packages/airflow/example_dags/example_bash_operator.py
[2025-06-27T01:10:22.501+0000] {logging_mixin.py:188} INFO - [2025-06-27T01:10:22.501+0000] {dagbag.py:667} DEBUG - Running dagbag.sync_to_db with retries. Try 1 of 3
[2025-06-27T01:10:22.502+0000] {logging_mixin.py:188} INFO - [2025-06-27T01:10:22.502+0000] {dagbag.py:672} DEBUG - Calling the DAG.bulk_sync_to_db method
[2025-06-27T01:10:22.528+0000] {logging_mixin.py:188} INFO - [2025-06-27T01:10:22.528+0000] {serialized_dag.py:166} DEBUG - Checking if DAG (example_bash_operator) changed
[2025-06-27T01:10:22.536+0000] {logging_mixin.py:188} INFO - [2025-06-27T01:10:22.535+0000] {serialized_objects.py:624} DEBUG - Cast type <class 'airflow.models.param.ParamsDict'> to str in serialization.
[2025-06-27T01:10:22.540+0000] {logging_mixin.py:188} INFO - [2025-06-27T01:10:22.540+0000] {serialized_objects.py:624} DEBUG - Cast type <class 'airflow.models.param.ParamsDict'> to str in serialization.
[2025-06-27T01:10:22.543+0000] {logging_mixin.py:188} INFO - [2025-06-27T01:10:22.543+0000] {serialized_objects.py:624} DEBUG - Cast type <class 'airflow.models.param.ParamsDict'> to str in serialization.
[2025-06-27T01:10:22.545+0000] {logging_mixin.py:188} INFO - [2025-06-27T01:10:22.545+0000] {serialized_objects.py:624} DEBUG - Cast type <class 'airflow.models.param.ParamsDict'> to str in serialization.
[2025-06-27T01:10:22.548+0000] {logging_mixin.py:188} INFO - [2025-06-27T01:10:22.548+0000] {serialized_objects.py:624} DEBUG - Cast type <class 'airflow.models.param.ParamsDict'> to str in serialization.
[2025-06-27T01:10:22.550+0000] {logging_mixin.py:188} INFO - [2025-06-27T01:10:22.550+0000] {serialized_objects.py:624} DEBUG - Cast type <class 'airflow.models.param.ParamsDict'> to str in serialization.
[2025-06-27T01:10:22.552+0000] {logging_mixin.py:188} INFO - [2025-06-27T01:10:22.552+0000] {serialized_objects.py:624} DEBUG - Cast type <class 'airflow.models.param.ParamsDict'> to str in serialization.
[2025-06-27T01:10:22.562+0000] {logging_mixin.py:188} INFO - [2025-06-27T01:10:22.562+0000] {serialized_dag.py:177} DEBUG - Serialized DAG (example_bash_operator) is unchanged. Skipping writing to DB
[2025-06-27T01:10:22.563+0000] {logging_mixin.py:188} INFO - [2025-06-27T01:10:22.563+0000] {dag.py:3096} INFO - Sync 1 DAGs
[2025-06-27T01:10:22.599+0000] {logging_mixin.py:188} INFO - [2025-06-27T01:10:22.598+0000] {dag.py:3954} INFO - Setting next_dagrun for example_bash_operator to 2025-06-26 00:00:00+00:00, run_after=2025-06-27 00:00:00+00:00
[2025-06-27T01:10:22.634+0000] {processor.py:183} INFO - Processing /home/airflow/.local/lib/python3.10/site-packages/airflow/example_dags/example_bash_operator.py took 0.186 seconds
[2025-06-27T01:10:52.770+0000] {logging_mixin.py:188} INFO - [2025-06-27T01:10:52.768+0000] {settings.py:250} DEBUG - Setting up DB connection pool (PID 19565)
[2025-06-27T01:10:52.772+0000] {logging_mixin.py:188} INFO - [2025-06-27T01:10:52.772+0000] {settings.py:330} DEBUG - settings.prepare_engine_args(): Using pool settings. pool_size=5, max_overflow=10, pool_recycle=1800, pid=19565
[2025-06-27T01:10:52.785+0000] {processor.py:161} INFO - Started process (PID=19565) to work on /home/airflow/.local/lib/python3.10/site-packages/airflow/example_dags/example_bash_operator.py
[2025-06-27T01:10:52.786+0000] {processor.py:830} INFO - Processing file /home/airflow/.local/lib/python3.10/site-packages/airflow/example_dags/example_bash_operator.py for tasks to queue
[2025-06-27T01:10:52.788+0000] {logging_mixin.py:188} INFO - [2025-06-27T01:10:52.788+0000] {dagbag.py:545} INFO - Filling up the DagBag from /home/airflow/.local/lib/python3.10/site-packages/airflow/example_dags/example_bash_operator.py
[2025-06-27T01:10:52.791+0000] {logging_mixin.py:188} INFO - [2025-06-27T01:10:52.790+0000] {dagbag.py:337} DEBUG - Importing /home/airflow/.local/lib/python3.10/site-packages/airflow/example_dags/example_bash_operator.py
[2025-06-27T01:10:52.797+0000] {logging_mixin.py:188} INFO - [2025-06-27T01:10:52.796+0000] {GetText.py:65} DEBUG - /home/airflow/.local/lib/python3.10/site-packages/cron_descriptor/locale/en_US.mo Loaded
[2025-06-27T01:10:52.824+0000] {logging_mixin.py:188} INFO - [2025-06-27T01:10:52.823+0000] {dagbag.py:511} DEBUG - Loaded DAG <DAG: example_bash_operator>
[2025-06-27T01:10:52.826+0000] {logging_mixin.py:188} INFO - [2025-06-27T01:10:52.826+0000] {dagbag.py:511} DEBUG - Loaded DAG <DAG: example_bash_operator>
[2025-06-27T01:10:52.827+0000] {processor.py:840} INFO - DAG(s) 'example_bash_operator' retrieved from /home/airflow/.local/lib/python3.10/site-packages/airflow/example_dags/example_bash_operator.py
[2025-06-27T01:10:52.830+0000] {logging_mixin.py:188} INFO - [2025-06-27T01:10:52.830+0000] {dagbag.py:667} DEBUG - Running dagbag.sync_to_db with retries. Try 1 of 3
[2025-06-27T01:10:52.831+0000] {logging_mixin.py:188} INFO - [2025-06-27T01:10:52.831+0000] {dagbag.py:672} DEBUG - Calling the DAG.bulk_sync_to_db method
[2025-06-27T01:10:52.853+0000] {logging_mixin.py:188} INFO - [2025-06-27T01:10:52.852+0000] {serialized_dag.py:166} DEBUG - Checking if DAG (example_bash_operator) changed
[2025-06-27T01:10:52.861+0000] {logging_mixin.py:188} INFO - [2025-06-27T01:10:52.860+0000] {serialized_objects.py:624} DEBUG - Cast type <class 'airflow.models.param.ParamsDict'> to str in serialization.
[2025-06-27T01:10:52.864+0000] {logging_mixin.py:188} INFO - [2025-06-27T01:10:52.864+0000] {serialized_objects.py:624} DEBUG - Cast type <class 'airflow.models.param.ParamsDict'> to str in serialization.
[2025-06-27T01:10:52.868+0000] {logging_mixin.py:188} INFO - [2025-06-27T01:10:52.868+0000] {serialized_objects.py:624} DEBUG - Cast type <class 'airflow.models.param.ParamsDict'> to str in serialization.
[2025-06-27T01:10:52.872+0000] {logging_mixin.py:188} INFO - [2025-06-27T01:10:52.871+0000] {serialized_objects.py:624} DEBUG - Cast type <class 'airflow.models.param.ParamsDict'> to str in serialization.
[2025-06-27T01:10:52.875+0000] {logging_mixin.py:188} INFO - [2025-06-27T01:10:52.874+0000] {serialized_objects.py:624} DEBUG - Cast type <class 'airflow.models.param.ParamsDict'> to str in serialization.
[2025-06-27T01:10:52.877+0000] {logging_mixin.py:188} INFO - [2025-06-27T01:10:52.877+0000] {serialized_objects.py:624} DEBUG - Cast type <class 'airflow.models.param.ParamsDict'> to str in serialization.
[2025-06-27T01:10:52.880+0000] {logging_mixin.py:188} INFO - [2025-06-27T01:10:52.879+0000] {serialized_objects.py:624} DEBUG - Cast type <class 'airflow.models.param.ParamsDict'> to str in serialization.
[2025-06-27T01:10:52.889+0000] {logging_mixin.py:188} INFO - [2025-06-27T01:10:52.888+0000] {serialized_dag.py:177} DEBUG - Serialized DAG (example_bash_operator) is unchanged. Skipping writing to DB
[2025-06-27T01:10:52.890+0000] {logging_mixin.py:188} INFO - [2025-06-27T01:10:52.890+0000] {dag.py:3096} INFO - Sync 1 DAGs
[2025-06-27T01:10:52.926+0000] {logging_mixin.py:188} INFO - [2025-06-27T01:10:52.925+0000] {dag.py:3954} INFO - Setting next_dagrun for example_bash_operator to 2025-06-26 00:00:00+00:00, run_after=2025-06-27 00:00:00+00:00
[2025-06-27T01:10:52.964+0000] {processor.py:183} INFO - Processing /home/airflow/.local/lib/python3.10/site-packages/airflow/example_dags/example_bash_operator.py took 0.196 seconds
[2025-06-27T01:11:23.579+0000] {logging_mixin.py:188} INFO - [2025-06-27T01:11:23.578+0000] {settings.py:250} DEBUG - Setting up DB connection pool (PID 19628)
[2025-06-27T01:11:23.582+0000] {logging_mixin.py:188} INFO - [2025-06-27T01:11:23.581+0000] {settings.py:330} DEBUG - settings.prepare_engine_args(): Using pool settings. pool_size=5, max_overflow=10, pool_recycle=1800, pid=19628
[2025-06-27T01:11:23.599+0000] {processor.py:161} INFO - Started process (PID=19628) to work on /home/airflow/.local/lib/python3.10/site-packages/airflow/example_dags/example_bash_operator.py
[2025-06-27T01:11:23.601+0000] {processor.py:830} INFO - Processing file /home/airflow/.local/lib/python3.10/site-packages/airflow/example_dags/example_bash_operator.py for tasks to queue
[2025-06-27T01:11:23.602+0000] {logging_mixin.py:188} INFO - [2025-06-27T01:11:23.602+0000] {dagbag.py:545} INFO - Filling up the DagBag from /home/airflow/.local/lib/python3.10/site-packages/airflow/example_dags/example_bash_operator.py
[2025-06-27T01:11:23.606+0000] {logging_mixin.py:188} INFO - [2025-06-27T01:11:23.606+0000] {dagbag.py:337} DEBUG - Importing /home/airflow/.local/lib/python3.10/site-packages/airflow/example_dags/example_bash_operator.py
[2025-06-27T01:11:23.614+0000] {logging_mixin.py:188} INFO - [2025-06-27T01:11:23.613+0000] {GetText.py:65} DEBUG - /home/airflow/.local/lib/python3.10/site-packages/cron_descriptor/locale/en_US.mo Loaded
[2025-06-27T01:11:23.634+0000] {logging_mixin.py:188} INFO - [2025-06-27T01:11:23.631+0000] {dagbag.py:511} DEBUG - Loaded DAG <DAG: example_bash_operator>
[2025-06-27T01:11:23.636+0000] {logging_mixin.py:188} INFO - [2025-06-27T01:11:23.636+0000] {dagbag.py:511} DEBUG - Loaded DAG <DAG: example_bash_operator>
[2025-06-27T01:11:23.637+0000] {processor.py:840} INFO - DAG(s) 'example_bash_operator' retrieved from /home/airflow/.local/lib/python3.10/site-packages/airflow/example_dags/example_bash_operator.py
[2025-06-27T01:11:23.640+0000] {logging_mixin.py:188} INFO - [2025-06-27T01:11:23.640+0000] {dagbag.py:667} DEBUG - Running dagbag.sync_to_db with retries. Try 1 of 3
[2025-06-27T01:11:23.641+0000] {logging_mixin.py:188} INFO - [2025-06-27T01:11:23.641+0000] {dagbag.py:672} DEBUG - Calling the DAG.bulk_sync_to_db method
[2025-06-27T01:11:23.666+0000] {logging_mixin.py:188} INFO - [2025-06-27T01:11:23.666+0000] {serialized_dag.py:166} DEBUG - Checking if DAG (example_bash_operator) changed
[2025-06-27T01:11:23.673+0000] {logging_mixin.py:188} INFO - [2025-06-27T01:11:23.672+0000] {serialized_objects.py:624} DEBUG - Cast type <class 'airflow.models.param.ParamsDict'> to str in serialization.
[2025-06-27T01:11:23.676+0000] {logging_mixin.py:188} INFO - [2025-06-27T01:11:23.676+0000] {serialized_objects.py:624} DEBUG - Cast type <class 'airflow.models.param.ParamsDict'> to str in serialization.
[2025-06-27T01:11:23.679+0000] {logging_mixin.py:188} INFO - [2025-06-27T01:11:23.679+0000] {serialized_objects.py:624} DEBUG - Cast type <class 'airflow.models.param.ParamsDict'> to str in serialization.
[2025-06-27T01:11:23.682+0000] {logging_mixin.py:188} INFO - [2025-06-27T01:11:23.682+0000] {serialized_objects.py:624} DEBUG - Cast type <class 'airflow.models.param.ParamsDict'> to str in serialization.
[2025-06-27T01:11:23.685+0000] {logging_mixin.py:188} INFO - [2025-06-27T01:11:23.685+0000] {serialized_objects.py:624} DEBUG - Cast type <class 'airflow.models.param.ParamsDict'> to str in serialization.
[2025-06-27T01:11:23.688+0000] {logging_mixin.py:188} INFO - [2025-06-27T01:11:23.688+0000] {serialized_objects.py:624} DEBUG - Cast type <class 'airflow.models.param.ParamsDict'> to str in serialization.
[2025-06-27T01:11:23.690+0000] {logging_mixin.py:188} INFO - [2025-06-27T01:11:23.690+0000] {serialized_objects.py:624} DEBUG - Cast type <class 'airflow.models.param.ParamsDict'> to str in serialization.
[2025-06-27T01:11:23.699+0000] {logging_mixin.py:188} INFO - [2025-06-27T01:11:23.698+0000] {serialized_dag.py:177} DEBUG - Serialized DAG (example_bash_operator) is unchanged. Skipping writing to DB
[2025-06-27T01:11:23.700+0000] {logging_mixin.py:188} INFO - [2025-06-27T01:11:23.699+0000] {dag.py:3096} INFO - Sync 1 DAGs
[2025-06-27T01:11:23.730+0000] {logging_mixin.py:188} INFO - [2025-06-27T01:11:23.730+0000] {dag.py:3954} INFO - Setting next_dagrun for example_bash_operator to 2025-06-26 00:00:00+00:00, run_after=2025-06-27 00:00:00+00:00
[2025-06-27T01:11:23.762+0000] {processor.py:183} INFO - Processing /home/airflow/.local/lib/python3.10/site-packages/airflow/example_dags/example_bash_operator.py took 0.184 seconds
[2025-06-27T01:11:54.557+0000] {logging_mixin.py:188} INFO - [2025-06-27T01:11:54.555+0000] {settings.py:250} DEBUG - Setting up DB connection pool (PID 19692)
[2025-06-27T01:11:54.558+0000] {logging_mixin.py:188} INFO - [2025-06-27T01:11:54.558+0000] {settings.py:330} DEBUG - settings.prepare_engine_args(): Using pool settings. pool_size=5, max_overflow=10, pool_recycle=1800, pid=19692
[2025-06-27T01:11:54.570+0000] {processor.py:161} INFO - Started process (PID=19692) to work on /home/airflow/.local/lib/python3.10/site-packages/airflow/example_dags/example_bash_operator.py
[2025-06-27T01:11:54.571+0000] {processor.py:830} INFO - Processing file /home/airflow/.local/lib/python3.10/site-packages/airflow/example_dags/example_bash_operator.py for tasks to queue
[2025-06-27T01:11:54.572+0000] {logging_mixin.py:188} INFO - [2025-06-27T01:11:54.572+0000] {dagbag.py:545} INFO - Filling up the DagBag from /home/airflow/.local/lib/python3.10/site-packages/airflow/example_dags/example_bash_operator.py
[2025-06-27T01:11:54.575+0000] {logging_mixin.py:188} INFO - [2025-06-27T01:11:54.575+0000] {dagbag.py:337} DEBUG - Importing /home/airflow/.local/lib/python3.10/site-packages/airflow/example_dags/example_bash_operator.py
[2025-06-27T01:11:54.580+0000] {logging_mixin.py:188} INFO - [2025-06-27T01:11:54.580+0000] {GetText.py:65} DEBUG - /home/airflow/.local/lib/python3.10/site-packages/cron_descriptor/locale/en_US.mo Loaded
[2025-06-27T01:11:54.595+0000] {logging_mixin.py:188} INFO - [2025-06-27T01:11:54.593+0000] {dagbag.py:511} DEBUG - Loaded DAG <DAG: example_bash_operator>
[2025-06-27T01:11:54.597+0000] {logging_mixin.py:188} INFO - [2025-06-27T01:11:54.597+0000] {dagbag.py:511} DEBUG - Loaded DAG <DAG: example_bash_operator>
[2025-06-27T01:11:54.598+0000] {processor.py:840} INFO - DAG(s) 'example_bash_operator' retrieved from /home/airflow/.local/lib/python3.10/site-packages/airflow/example_dags/example_bash_operator.py
[2025-06-27T01:11:54.600+0000] {logging_mixin.py:188} INFO - [2025-06-27T01:11:54.600+0000] {dagbag.py:667} DEBUG - Running dagbag.sync_to_db with retries. Try 1 of 3
[2025-06-27T01:11:54.601+0000] {logging_mixin.py:188} INFO - [2025-06-27T01:11:54.601+0000] {dagbag.py:672} DEBUG - Calling the DAG.bulk_sync_to_db method
[2025-06-27T01:11:54.627+0000] {logging_mixin.py:188} INFO - [2025-06-27T01:11:54.627+0000] {serialized_dag.py:166} DEBUG - Checking if DAG (example_bash_operator) changed
[2025-06-27T01:11:54.635+0000] {logging_mixin.py:188} INFO - [2025-06-27T01:11:54.635+0000] {serialized_objects.py:624} DEBUG - Cast type <class 'airflow.models.param.ParamsDict'> to str in serialization.
[2025-06-27T01:11:54.640+0000] {logging_mixin.py:188} INFO - [2025-06-27T01:11:54.639+0000] {serialized_objects.py:624} DEBUG - Cast type <class 'airflow.models.param.ParamsDict'> to str in serialization.
[2025-06-27T01:11:54.644+0000] {logging_mixin.py:188} INFO - [2025-06-27T01:11:54.643+0000] {serialized_objects.py:624} DEBUG - Cast type <class 'airflow.models.param.ParamsDict'> to str in serialization.
[2025-06-27T01:11:54.647+0000] {logging_mixin.py:188} INFO - [2025-06-27T01:11:54.647+0000] {serialized_objects.py:624} DEBUG - Cast type <class 'airflow.models.param.ParamsDict'> to str in serialization.
[2025-06-27T01:11:54.652+0000] {logging_mixin.py:188} INFO - [2025-06-27T01:11:54.652+0000] {serialized_objects.py:624} DEBUG - Cast type <class 'airflow.models.param.ParamsDict'> to str in serialization.
[2025-06-27T01:11:54.655+0000] {logging_mixin.py:188} INFO - [2025-06-27T01:11:54.655+0000] {serialized_objects.py:624} DEBUG - Cast type <class 'airflow.models.param.ParamsDict'> to str in serialization.
[2025-06-27T01:11:54.657+0000] {logging_mixin.py:188} INFO - [2025-06-27T01:11:54.657+0000] {serialized_objects.py:624} DEBUG - Cast type <class 'airflow.models.param.ParamsDict'> to str in serialization.
[2025-06-27T01:11:54.667+0000] {logging_mixin.py:188} INFO - [2025-06-27T01:11:54.667+0000] {serialized_dag.py:177} DEBUG - Serialized DAG (example_bash_operator) is unchanged. Skipping writing to DB
[2025-06-27T01:11:54.668+0000] {logging_mixin.py:188} INFO - [2025-06-27T01:11:54.668+0000] {dag.py:3096} INFO - Sync 1 DAGs
[2025-06-27T01:11:54.701+0000] {logging_mixin.py:188} INFO - [2025-06-27T01:11:54.700+0000] {dag.py:3954} INFO - Setting next_dagrun for example_bash_operator to 2025-06-26 00:00:00+00:00, run_after=2025-06-27 00:00:00+00:00
[2025-06-27T01:11:54.736+0000] {processor.py:183} INFO - Processing /home/airflow/.local/lib/python3.10/site-packages/airflow/example_dags/example_bash_operator.py took 0.180 seconds
[2025-06-27T01:12:24.870+0000] {logging_mixin.py:188} INFO - [2025-06-27T01:12:24.868+0000] {settings.py:250} DEBUG - Setting up DB connection pool (PID 19755)
[2025-06-27T01:12:24.872+0000] {logging_mixin.py:188} INFO - [2025-06-27T01:12:24.871+0000] {settings.py:330} DEBUG - settings.prepare_engine_args(): Using pool settings. pool_size=5, max_overflow=10, pool_recycle=1800, pid=19755
[2025-06-27T01:12:24.885+0000] {processor.py:161} INFO - Started process (PID=19755) to work on /home/airflow/.local/lib/python3.10/site-packages/airflow/example_dags/example_bash_operator.py
[2025-06-27T01:12:24.887+0000] {processor.py:830} INFO - Processing file /home/airflow/.local/lib/python3.10/site-packages/airflow/example_dags/example_bash_operator.py for tasks to queue
[2025-06-27T01:12:24.889+0000] {logging_mixin.py:188} INFO - [2025-06-27T01:12:24.889+0000] {dagbag.py:545} INFO - Filling up the DagBag from /home/airflow/.local/lib/python3.10/site-packages/airflow/example_dags/example_bash_operator.py
[2025-06-27T01:12:24.892+0000] {logging_mixin.py:188} INFO - [2025-06-27T01:12:24.891+0000] {dagbag.py:337} DEBUG - Importing /home/airflow/.local/lib/python3.10/site-packages/airflow/example_dags/example_bash_operator.py
[2025-06-27T01:12:24.899+0000] {logging_mixin.py:188} INFO - [2025-06-27T01:12:24.898+0000] {GetText.py:65} DEBUG - /home/airflow/.local/lib/python3.10/site-packages/cron_descriptor/locale/en_US.mo Loaded
[2025-06-27T01:12:24.914+0000] {logging_mixin.py:188} INFO - [2025-06-27T01:12:24.912+0000] {dagbag.py:511} DEBUG - Loaded DAG <DAG: example_bash_operator>
[2025-06-27T01:12:24.916+0000] {logging_mixin.py:188} INFO - [2025-06-27T01:12:24.915+0000] {dagbag.py:511} DEBUG - Loaded DAG <DAG: example_bash_operator>
[2025-06-27T01:12:24.916+0000] {processor.py:840} INFO - DAG(s) 'example_bash_operator' retrieved from /home/airflow/.local/lib/python3.10/site-packages/airflow/example_dags/example_bash_operator.py
[2025-06-27T01:12:24.918+0000] {logging_mixin.py:188} INFO - [2025-06-27T01:12:24.918+0000] {dagbag.py:667} DEBUG - Running dagbag.sync_to_db with retries. Try 1 of 3
[2025-06-27T01:12:24.920+0000] {logging_mixin.py:188} INFO - [2025-06-27T01:12:24.919+0000] {dagbag.py:672} DEBUG - Calling the DAG.bulk_sync_to_db method
[2025-06-27T01:12:24.943+0000] {logging_mixin.py:188} INFO - [2025-06-27T01:12:24.942+0000] {serialized_dag.py:166} DEBUG - Checking if DAG (example_bash_operator) changed
[2025-06-27T01:12:24.949+0000] {logging_mixin.py:188} INFO - [2025-06-27T01:12:24.949+0000] {serialized_objects.py:624} DEBUG - Cast type <class 'airflow.models.param.ParamsDict'> to str in serialization.
[2025-06-27T01:12:24.954+0000] {logging_mixin.py:188} INFO - [2025-06-27T01:12:24.953+0000] {serialized_objects.py:624} DEBUG - Cast type <class 'airflow.models.param.ParamsDict'> to str in serialization.
[2025-06-27T01:12:24.957+0000] {logging_mixin.py:188} INFO - [2025-06-27T01:12:24.956+0000] {serialized_objects.py:624} DEBUG - Cast type <class 'airflow.models.param.ParamsDict'> to str in serialization.
[2025-06-27T01:12:24.959+0000] {logging_mixin.py:188} INFO - [2025-06-27T01:12:24.959+0000] {serialized_objects.py:624} DEBUG - Cast type <class 'airflow.models.param.ParamsDict'> to str in serialization.
[2025-06-27T01:12:24.961+0000] {logging_mixin.py:188} INFO - [2025-06-27T01:12:24.961+0000] {serialized_objects.py:624} DEBUG - Cast type <class 'airflow.models.param.ParamsDict'> to str in serialization.
[2025-06-27T01:12:24.964+0000] {logging_mixin.py:188} INFO - [2025-06-27T01:12:24.964+0000] {serialized_objects.py:624} DEBUG - Cast type <class 'airflow.models.param.ParamsDict'> to str in serialization.
[2025-06-27T01:12:24.966+0000] {logging_mixin.py:188} INFO - [2025-06-27T01:12:24.966+0000] {serialized_objects.py:624} DEBUG - Cast type <class 'airflow.models.param.ParamsDict'> to str in serialization.
[2025-06-27T01:12:24.976+0000] {logging_mixin.py:188} INFO - [2025-06-27T01:12:24.976+0000] {serialized_dag.py:177} DEBUG - Serialized DAG (example_bash_operator) is unchanged. Skipping writing to DB
[2025-06-27T01:12:24.977+0000] {logging_mixin.py:188} INFO - [2025-06-27T01:12:24.977+0000] {dag.py:3096} INFO - Sync 1 DAGs
[2025-06-27T01:12:25.013+0000] {logging_mixin.py:188} INFO - [2025-06-27T01:12:25.012+0000] {dag.py:3954} INFO - Setting next_dagrun for example_bash_operator to 2025-06-26 00:00:00+00:00, run_after=2025-06-27 00:00:00+00:00
[2025-06-27T01:12:25.044+0000] {processor.py:183} INFO - Processing /home/airflow/.local/lib/python3.10/site-packages/airflow/example_dags/example_bash_operator.py took 0.176 seconds
[2025-06-27T01:12:55.143+0000] {logging_mixin.py:188} INFO - [2025-06-27T01:12:55.142+0000] {settings.py:250} DEBUG - Setting up DB connection pool (PID 19819)
[2025-06-27T01:12:55.145+0000] {logging_mixin.py:188} INFO - [2025-06-27T01:12:55.145+0000] {settings.py:330} DEBUG - settings.prepare_engine_args(): Using pool settings. pool_size=5, max_overflow=10, pool_recycle=1800, pid=19819
[2025-06-27T01:12:55.160+0000] {processor.py:161} INFO - Started process (PID=19819) to work on /home/airflow/.local/lib/python3.10/site-packages/airflow/example_dags/example_bash_operator.py
[2025-06-27T01:12:55.162+0000] {processor.py:830} INFO - Processing file /home/airflow/.local/lib/python3.10/site-packages/airflow/example_dags/example_bash_operator.py for tasks to queue
[2025-06-27T01:12:55.164+0000] {logging_mixin.py:188} INFO - [2025-06-27T01:12:55.164+0000] {dagbag.py:545} INFO - Filling up the DagBag from /home/airflow/.local/lib/python3.10/site-packages/airflow/example_dags/example_bash_operator.py
[2025-06-27T01:12:55.167+0000] {logging_mixin.py:188} INFO - [2025-06-27T01:12:55.167+0000] {dagbag.py:337} DEBUG - Importing /home/airflow/.local/lib/python3.10/site-packages/airflow/example_dags/example_bash_operator.py
[2025-06-27T01:12:55.174+0000] {logging_mixin.py:188} INFO - [2025-06-27T01:12:55.174+0000] {GetText.py:65} DEBUG - /home/airflow/.local/lib/python3.10/site-packages/cron_descriptor/locale/en_US.mo Loaded
[2025-06-27T01:12:55.190+0000] {logging_mixin.py:188} INFO - [2025-06-27T01:12:55.188+0000] {dagbag.py:511} DEBUG - Loaded DAG <DAG: example_bash_operator>
[2025-06-27T01:12:55.192+0000] {logging_mixin.py:188} INFO - [2025-06-27T01:12:55.192+0000] {dagbag.py:511} DEBUG - Loaded DAG <DAG: example_bash_operator>
[2025-06-27T01:12:55.193+0000] {processor.py:840} INFO - DAG(s) 'example_bash_operator' retrieved from /home/airflow/.local/lib/python3.10/site-packages/airflow/example_dags/example_bash_operator.py
[2025-06-27T01:12:55.196+0000] {logging_mixin.py:188} INFO - [2025-06-27T01:12:55.195+0000] {dagbag.py:667} DEBUG - Running dagbag.sync_to_db with retries. Try 1 of 3
[2025-06-27T01:12:55.197+0000] {logging_mixin.py:188} INFO - [2025-06-27T01:12:55.196+0000] {dagbag.py:672} DEBUG - Calling the DAG.bulk_sync_to_db method
[2025-06-27T01:12:55.224+0000] {logging_mixin.py:188} INFO - [2025-06-27T01:12:55.224+0000] {serialized_dag.py:166} DEBUG - Checking if DAG (example_bash_operator) changed
[2025-06-27T01:12:55.231+0000] {logging_mixin.py:188} INFO - [2025-06-27T01:12:55.230+0000] {serialized_objects.py:624} DEBUG - Cast type <class 'airflow.models.param.ParamsDict'> to str in serialization.
[2025-06-27T01:12:55.236+0000] {logging_mixin.py:188} INFO - [2025-06-27T01:12:55.236+0000] {serialized_objects.py:624} DEBUG - Cast type <class 'airflow.models.param.ParamsDict'> to str in serialization.
[2025-06-27T01:12:55.243+0000] {logging_mixin.py:188} INFO - [2025-06-27T01:12:55.242+0000] {serialized_objects.py:624} DEBUG - Cast type <class 'airflow.models.param.ParamsDict'> to str in serialization.
[2025-06-27T01:12:55.257+0000] {logging_mixin.py:188} INFO - [2025-06-27T01:12:55.256+0000] {serialized_objects.py:624} DEBUG - Cast type <class 'airflow.models.param.ParamsDict'> to str in serialization.
[2025-06-27T01:12:55.261+0000] {logging_mixin.py:188} INFO - [2025-06-27T01:12:55.261+0000] {serialized_objects.py:624} DEBUG - Cast type <class 'airflow.models.param.ParamsDict'> to str in serialization.
[2025-06-27T01:12:55.275+0000] {logging_mixin.py:188} INFO - [2025-06-27T01:12:55.275+0000] {serialized_objects.py:624} DEBUG - Cast type <class 'airflow.models.param.ParamsDict'> to str in serialization.
[2025-06-27T01:12:55.286+0000] {logging_mixin.py:188} INFO - [2025-06-27T01:12:55.286+0000] {serialized_objects.py:624} DEBUG - Cast type <class 'airflow.models.param.ParamsDict'> to str in serialization.
[2025-06-27T01:12:55.302+0000] {logging_mixin.py:188} INFO - [2025-06-27T01:12:55.301+0000] {serialized_dag.py:177} DEBUG - Serialized DAG (example_bash_operator) is unchanged. Skipping writing to DB
[2025-06-27T01:12:55.303+0000] {logging_mixin.py:188} INFO - [2025-06-27T01:12:55.302+0000] {dag.py:3096} INFO - Sync 1 DAGs
[2025-06-27T01:12:55.336+0000] {logging_mixin.py:188} INFO - [2025-06-27T01:12:55.336+0000] {dag.py:3954} INFO - Setting next_dagrun for example_bash_operator to 2025-06-26 00:00:00+00:00, run_after=2025-06-27 00:00:00+00:00
[2025-06-27T01:12:55.370+0000] {processor.py:183} INFO - Processing /home/airflow/.local/lib/python3.10/site-packages/airflow/example_dags/example_bash_operator.py took 0.228 seconds
[2025-06-27T01:13:25.517+0000] {logging_mixin.py:188} INFO - [2025-06-27T01:13:25.515+0000] {settings.py:250} DEBUG - Setting up DB connection pool (PID 19882)
[2025-06-27T01:13:25.519+0000] {logging_mixin.py:188} INFO - [2025-06-27T01:13:25.519+0000] {settings.py:330} DEBUG - settings.prepare_engine_args(): Using pool settings. pool_size=5, max_overflow=10, pool_recycle=1800, pid=19882
[2025-06-27T01:13:25.531+0000] {processor.py:161} INFO - Started process (PID=19882) to work on /home/airflow/.local/lib/python3.10/site-packages/airflow/example_dags/example_bash_operator.py
[2025-06-27T01:13:25.533+0000] {processor.py:830} INFO - Processing file /home/airflow/.local/lib/python3.10/site-packages/airflow/example_dags/example_bash_operator.py for tasks to queue
[2025-06-27T01:13:25.535+0000] {logging_mixin.py:188} INFO - [2025-06-27T01:13:25.534+0000] {dagbag.py:545} INFO - Filling up the DagBag from /home/airflow/.local/lib/python3.10/site-packages/airflow/example_dags/example_bash_operator.py
[2025-06-27T01:13:25.538+0000] {logging_mixin.py:188} INFO - [2025-06-27T01:13:25.537+0000] {dagbag.py:337} DEBUG - Importing /home/airflow/.local/lib/python3.10/site-packages/airflow/example_dags/example_bash_operator.py
[2025-06-27T01:13:25.544+0000] {logging_mixin.py:188} INFO - [2025-06-27T01:13:25.544+0000] {GetText.py:65} DEBUG - /home/airflow/.local/lib/python3.10/site-packages/cron_descriptor/locale/en_US.mo Loaded
[2025-06-27T01:13:25.564+0000] {logging_mixin.py:188} INFO - [2025-06-27T01:13:25.561+0000] {dagbag.py:511} DEBUG - Loaded DAG <DAG: example_bash_operator>
[2025-06-27T01:13:25.566+0000] {logging_mixin.py:188} INFO - [2025-06-27T01:13:25.566+0000] {dagbag.py:511} DEBUG - Loaded DAG <DAG: example_bash_operator>
[2025-06-27T01:13:25.567+0000] {processor.py:840} INFO - DAG(s) 'example_bash_operator' retrieved from /home/airflow/.local/lib/python3.10/site-packages/airflow/example_dags/example_bash_operator.py
[2025-06-27T01:13:25.569+0000] {logging_mixin.py:188} INFO - [2025-06-27T01:13:25.569+0000] {dagbag.py:667} DEBUG - Running dagbag.sync_to_db with retries. Try 1 of 3
[2025-06-27T01:13:25.570+0000] {logging_mixin.py:188} INFO - [2025-06-27T01:13:25.569+0000] {dagbag.py:672} DEBUG - Calling the DAG.bulk_sync_to_db method
[2025-06-27T01:13:25.593+0000] {logging_mixin.py:188} INFO - [2025-06-27T01:13:25.593+0000] {serialized_dag.py:166} DEBUG - Checking if DAG (example_bash_operator) changed
[2025-06-27T01:13:25.601+0000] {logging_mixin.py:188} INFO - [2025-06-27T01:13:25.600+0000] {serialized_objects.py:624} DEBUG - Cast type <class 'airflow.models.param.ParamsDict'> to str in serialization.
[2025-06-27T01:13:25.605+0000] {logging_mixin.py:188} INFO - [2025-06-27T01:13:25.604+0000] {serialized_objects.py:624} DEBUG - Cast type <class 'airflow.models.param.ParamsDict'> to str in serialization.
[2025-06-27T01:13:25.607+0000] {logging_mixin.py:188} INFO - [2025-06-27T01:13:25.607+0000] {serialized_objects.py:624} DEBUG - Cast type <class 'airflow.models.param.ParamsDict'> to str in serialization.
[2025-06-27T01:13:25.610+0000] {logging_mixin.py:188} INFO - [2025-06-27T01:13:25.610+0000] {serialized_objects.py:624} DEBUG - Cast type <class 'airflow.models.param.ParamsDict'> to str in serialization.
[2025-06-27T01:13:25.612+0000] {logging_mixin.py:188} INFO - [2025-06-27T01:13:25.612+0000] {serialized_objects.py:624} DEBUG - Cast type <class 'airflow.models.param.ParamsDict'> to str in serialization.
[2025-06-27T01:13:25.615+0000] {logging_mixin.py:188} INFO - [2025-06-27T01:13:25.614+0000] {serialized_objects.py:624} DEBUG - Cast type <class 'airflow.models.param.ParamsDict'> to str in serialization.
[2025-06-27T01:13:25.617+0000] {logging_mixin.py:188} INFO - [2025-06-27T01:13:25.617+0000] {serialized_objects.py:624} DEBUG - Cast type <class 'airflow.models.param.ParamsDict'> to str in serialization.
[2025-06-27T01:13:25.627+0000] {logging_mixin.py:188} INFO - [2025-06-27T01:13:25.627+0000] {serialized_dag.py:177} DEBUG - Serialized DAG (example_bash_operator) is unchanged. Skipping writing to DB
[2025-06-27T01:13:25.628+0000] {logging_mixin.py:188} INFO - [2025-06-27T01:13:25.628+0000] {dag.py:3096} INFO - Sync 1 DAGs
[2025-06-27T01:13:25.667+0000] {logging_mixin.py:188} INFO - [2025-06-27T01:13:25.667+0000] {dag.py:3954} INFO - Setting next_dagrun for example_bash_operator to 2025-06-26 00:00:00+00:00, run_after=2025-06-27 00:00:00+00:00
[2025-06-27T01:13:25.709+0000] {processor.py:183} INFO - Processing /home/airflow/.local/lib/python3.10/site-packages/airflow/example_dags/example_bash_operator.py took 0.194 seconds
[2025-06-27T01:13:55.855+0000] {logging_mixin.py:188} INFO - [2025-06-27T01:13:55.854+0000] {settings.py:250} DEBUG - Setting up DB connection pool (PID 19942)
[2025-06-27T01:13:55.856+0000] {logging_mixin.py:188} INFO - [2025-06-27T01:13:55.856+0000] {settings.py:330} DEBUG - settings.prepare_engine_args(): Using pool settings. pool_size=5, max_overflow=10, pool_recycle=1800, pid=19942
[2025-06-27T01:13:55.866+0000] {processor.py:161} INFO - Started process (PID=19942) to work on /home/airflow/.local/lib/python3.10/site-packages/airflow/example_dags/example_bash_operator.py
[2025-06-27T01:13:55.867+0000] {processor.py:830} INFO - Processing file /home/airflow/.local/lib/python3.10/site-packages/airflow/example_dags/example_bash_operator.py for tasks to queue
[2025-06-27T01:13:55.868+0000] {logging_mixin.py:188} INFO - [2025-06-27T01:13:55.868+0000] {dagbag.py:545} INFO - Filling up the DagBag from /home/airflow/.local/lib/python3.10/site-packages/airflow/example_dags/example_bash_operator.py
[2025-06-27T01:13:55.871+0000] {logging_mixin.py:188} INFO - [2025-06-27T01:13:55.870+0000] {dagbag.py:337} DEBUG - Importing /home/airflow/.local/lib/python3.10/site-packages/airflow/example_dags/example_bash_operator.py
[2025-06-27T01:13:55.875+0000] {logging_mixin.py:188} INFO - [2025-06-27T01:13:55.875+0000] {GetText.py:65} DEBUG - /home/airflow/.local/lib/python3.10/site-packages/cron_descriptor/locale/en_US.mo Loaded
[2025-06-27T01:13:55.889+0000] {logging_mixin.py:188} INFO - [2025-06-27T01:13:55.887+0000] {dagbag.py:511} DEBUG - Loaded DAG <DAG: example_bash_operator>
[2025-06-27T01:13:55.891+0000] {logging_mixin.py:188} INFO - [2025-06-27T01:13:55.891+0000] {dagbag.py:511} DEBUG - Loaded DAG <DAG: example_bash_operator>
[2025-06-27T01:13:55.892+0000] {processor.py:840} INFO - DAG(s) 'example_bash_operator' retrieved from /home/airflow/.local/lib/python3.10/site-packages/airflow/example_dags/example_bash_operator.py
[2025-06-27T01:13:55.894+0000] {logging_mixin.py:188} INFO - [2025-06-27T01:13:55.894+0000] {dagbag.py:667} DEBUG - Running dagbag.sync_to_db with retries. Try 1 of 3
[2025-06-27T01:13:55.895+0000] {logging_mixin.py:188} INFO - [2025-06-27T01:13:55.895+0000] {dagbag.py:672} DEBUG - Calling the DAG.bulk_sync_to_db method
[2025-06-27T01:13:55.922+0000] {logging_mixin.py:188} INFO - [2025-06-27T01:13:55.921+0000] {serialized_dag.py:166} DEBUG - Checking if DAG (example_bash_operator) changed
[2025-06-27T01:13:55.931+0000] {logging_mixin.py:188} INFO - [2025-06-27T01:13:55.930+0000] {serialized_objects.py:624} DEBUG - Cast type <class 'airflow.models.param.ParamsDict'> to str in serialization.
[2025-06-27T01:13:55.936+0000] {logging_mixin.py:188} INFO - [2025-06-27T01:13:55.936+0000] {serialized_objects.py:624} DEBUG - Cast type <class 'airflow.models.param.ParamsDict'> to str in serialization.
[2025-06-27T01:13:55.940+0000] {logging_mixin.py:188} INFO - [2025-06-27T01:13:55.940+0000] {serialized_objects.py:624} DEBUG - Cast type <class 'airflow.models.param.ParamsDict'> to str in serialization.
[2025-06-27T01:13:55.944+0000] {logging_mixin.py:188} INFO - [2025-06-27T01:13:55.944+0000] {serialized_objects.py:624} DEBUG - Cast type <class 'airflow.models.param.ParamsDict'> to str in serialization.
[2025-06-27T01:13:55.948+0000] {logging_mixin.py:188} INFO - [2025-06-27T01:13:55.947+0000] {serialized_objects.py:624} DEBUG - Cast type <class 'airflow.models.param.ParamsDict'> to str in serialization.
[2025-06-27T01:13:55.952+0000] {logging_mixin.py:188} INFO - [2025-06-27T01:13:55.951+0000] {serialized_objects.py:624} DEBUG - Cast type <class 'airflow.models.param.ParamsDict'> to str in serialization.
[2025-06-27T01:13:55.955+0000] {logging_mixin.py:188} INFO - [2025-06-27T01:13:55.954+0000] {serialized_objects.py:624} DEBUG - Cast type <class 'airflow.models.param.ParamsDict'> to str in serialization.
[2025-06-27T01:13:55.967+0000] {logging_mixin.py:188} INFO - [2025-06-27T01:13:55.966+0000] {serialized_dag.py:177} DEBUG - Serialized DAG (example_bash_operator) is unchanged. Skipping writing to DB
[2025-06-27T01:13:55.968+0000] {logging_mixin.py:188} INFO - [2025-06-27T01:13:55.967+0000] {dag.py:3096} INFO - Sync 1 DAGs
[2025-06-27T01:13:55.998+0000] {logging_mixin.py:188} INFO - [2025-06-27T01:13:55.998+0000] {dag.py:3954} INFO - Setting next_dagrun for example_bash_operator to 2025-06-26 00:00:00+00:00, run_after=2025-06-27 00:00:00+00:00
[2025-06-27T01:13:56.025+0000] {processor.py:183} INFO - Processing /home/airflow/.local/lib/python3.10/site-packages/airflow/example_dags/example_bash_operator.py took 0.171 seconds
[2025-06-27T01:14:26.672+0000] {logging_mixin.py:188} INFO - [2025-06-27T01:14:26.670+0000] {settings.py:250} DEBUG - Setting up DB connection pool (PID 20005)
[2025-06-27T01:14:26.673+0000] {logging_mixin.py:188} INFO - [2025-06-27T01:14:26.673+0000] {settings.py:330} DEBUG - settings.prepare_engine_args(): Using pool settings. pool_size=5, max_overflow=10, pool_recycle=1800, pid=20005
[2025-06-27T01:14:26.684+0000] {processor.py:161} INFO - Started process (PID=20005) to work on /home/airflow/.local/lib/python3.10/site-packages/airflow/example_dags/example_bash_operator.py
[2025-06-27T01:14:26.685+0000] {processor.py:830} INFO - Processing file /home/airflow/.local/lib/python3.10/site-packages/airflow/example_dags/example_bash_operator.py for tasks to queue
[2025-06-27T01:14:26.687+0000] {logging_mixin.py:188} INFO - [2025-06-27T01:14:26.687+0000] {dagbag.py:545} INFO - Filling up the DagBag from /home/airflow/.local/lib/python3.10/site-packages/airflow/example_dags/example_bash_operator.py
[2025-06-27T01:14:26.690+0000] {logging_mixin.py:188} INFO - [2025-06-27T01:14:26.690+0000] {dagbag.py:337} DEBUG - Importing /home/airflow/.local/lib/python3.10/site-packages/airflow/example_dags/example_bash_operator.py
[2025-06-27T01:14:26.695+0000] {logging_mixin.py:188} INFO - [2025-06-27T01:14:26.694+0000] {GetText.py:65} DEBUG - /home/airflow/.local/lib/python3.10/site-packages/cron_descriptor/locale/en_US.mo Loaded
[2025-06-27T01:14:26.711+0000] {logging_mixin.py:188} INFO - [2025-06-27T01:14:26.709+0000] {dagbag.py:511} DEBUG - Loaded DAG <DAG: example_bash_operator>
[2025-06-27T01:14:26.713+0000] {logging_mixin.py:188} INFO - [2025-06-27T01:14:26.713+0000] {dagbag.py:511} DEBUG - Loaded DAG <DAG: example_bash_operator>
[2025-06-27T01:14:26.714+0000] {processor.py:840} INFO - DAG(s) 'example_bash_operator' retrieved from /home/airflow/.local/lib/python3.10/site-packages/airflow/example_dags/example_bash_operator.py
[2025-06-27T01:14:26.716+0000] {logging_mixin.py:188} INFO - [2025-06-27T01:14:26.716+0000] {dagbag.py:667} DEBUG - Running dagbag.sync_to_db with retries. Try 1 of 3
[2025-06-27T01:14:26.717+0000] {logging_mixin.py:188} INFO - [2025-06-27T01:14:26.717+0000] {dagbag.py:672} DEBUG - Calling the DAG.bulk_sync_to_db method
[2025-06-27T01:14:26.744+0000] {logging_mixin.py:188} INFO - [2025-06-27T01:14:26.743+0000] {serialized_dag.py:166} DEBUG - Checking if DAG (example_bash_operator) changed
[2025-06-27T01:14:26.749+0000] {logging_mixin.py:188} INFO - [2025-06-27T01:14:26.749+0000] {serialized_objects.py:624} DEBUG - Cast type <class 'airflow.models.param.ParamsDict'> to str in serialization.
[2025-06-27T01:14:26.753+0000] {logging_mixin.py:188} INFO - [2025-06-27T01:14:26.753+0000] {serialized_objects.py:624} DEBUG - Cast type <class 'airflow.models.param.ParamsDict'> to str in serialization.
[2025-06-27T01:14:26.756+0000] {logging_mixin.py:188} INFO - [2025-06-27T01:14:26.756+0000] {serialized_objects.py:624} DEBUG - Cast type <class 'airflow.models.param.ParamsDict'> to str in serialization.
[2025-06-27T01:14:26.758+0000] {logging_mixin.py:188} INFO - [2025-06-27T01:14:26.758+0000] {serialized_objects.py:624} DEBUG - Cast type <class 'airflow.models.param.ParamsDict'> to str in serialization.
[2025-06-27T01:14:26.761+0000] {logging_mixin.py:188} INFO - [2025-06-27T01:14:26.760+0000] {serialized_objects.py:624} DEBUG - Cast type <class 'airflow.models.param.ParamsDict'> to str in serialization.
[2025-06-27T01:14:26.763+0000] {logging_mixin.py:188} INFO - [2025-06-27T01:14:26.763+0000] {serialized_objects.py:624} DEBUG - Cast type <class 'airflow.models.param.ParamsDict'> to str in serialization.
[2025-06-27T01:14:26.766+0000] {logging_mixin.py:188} INFO - [2025-06-27T01:14:26.766+0000] {serialized_objects.py:624} DEBUG - Cast type <class 'airflow.models.param.ParamsDict'> to str in serialization.
[2025-06-27T01:14:26.776+0000] {logging_mixin.py:188} INFO - [2025-06-27T01:14:26.776+0000] {serialized_dag.py:177} DEBUG - Serialized DAG (example_bash_operator) is unchanged. Skipping writing to DB
[2025-06-27T01:14:26.778+0000] {logging_mixin.py:188} INFO - [2025-06-27T01:14:26.777+0000] {dag.py:3096} INFO - Sync 1 DAGs
[2025-06-27T01:14:26.838+0000] {logging_mixin.py:188} INFO - [2025-06-27T01:14:26.838+0000] {dag.py:3954} INFO - Setting next_dagrun for example_bash_operator to 2025-06-26 00:00:00+00:00, run_after=2025-06-27 00:00:00+00:00
[2025-06-27T01:14:26.878+0000] {processor.py:183} INFO - Processing /home/airflow/.local/lib/python3.10/site-packages/airflow/example_dags/example_bash_operator.py took 0.208 seconds
[2025-06-27T01:14:57.124+0000] {logging_mixin.py:188} INFO - [2025-06-27T01:14:57.123+0000] {settings.py:250} DEBUG - Setting up DB connection pool (PID 20066)
[2025-06-27T01:14:57.126+0000] {logging_mixin.py:188} INFO - [2025-06-27T01:14:57.126+0000] {settings.py:330} DEBUG - settings.prepare_engine_args(): Using pool settings. pool_size=5, max_overflow=10, pool_recycle=1800, pid=20066
[2025-06-27T01:14:57.140+0000] {processor.py:161} INFO - Started process (PID=20066) to work on /home/airflow/.local/lib/python3.10/site-packages/airflow/example_dags/example_bash_operator.py
[2025-06-27T01:14:57.141+0000] {processor.py:830} INFO - Processing file /home/airflow/.local/lib/python3.10/site-packages/airflow/example_dags/example_bash_operator.py for tasks to queue
[2025-06-27T01:14:57.142+0000] {logging_mixin.py:188} INFO - [2025-06-27T01:14:57.142+0000] {dagbag.py:545} INFO - Filling up the DagBag from /home/airflow/.local/lib/python3.10/site-packages/airflow/example_dags/example_bash_operator.py
[2025-06-27T01:14:57.144+0000] {logging_mixin.py:188} INFO - [2025-06-27T01:14:57.144+0000] {dagbag.py:337} DEBUG - Importing /home/airflow/.local/lib/python3.10/site-packages/airflow/example_dags/example_bash_operator.py
[2025-06-27T01:14:57.150+0000] {logging_mixin.py:188} INFO - [2025-06-27T01:14:57.149+0000] {GetText.py:65} DEBUG - /home/airflow/.local/lib/python3.10/site-packages/cron_descriptor/locale/en_US.mo Loaded
[2025-06-27T01:14:57.166+0000] {logging_mixin.py:188} INFO - [2025-06-27T01:14:57.164+0000] {dagbag.py:511} DEBUG - Loaded DAG <DAG: example_bash_operator>
[2025-06-27T01:14:57.167+0000] {logging_mixin.py:188} INFO - [2025-06-27T01:14:57.167+0000] {dagbag.py:511} DEBUG - Loaded DAG <DAG: example_bash_operator>
[2025-06-27T01:14:57.168+0000] {processor.py:840} INFO - DAG(s) 'example_bash_operator' retrieved from /home/airflow/.local/lib/python3.10/site-packages/airflow/example_dags/example_bash_operator.py
[2025-06-27T01:14:57.170+0000] {logging_mixin.py:188} INFO - [2025-06-27T01:14:57.170+0000] {dagbag.py:667} DEBUG - Running dagbag.sync_to_db with retries. Try 1 of 3
[2025-06-27T01:14:57.171+0000] {logging_mixin.py:188} INFO - [2025-06-27T01:14:57.171+0000] {dagbag.py:672} DEBUG - Calling the DAG.bulk_sync_to_db method
[2025-06-27T01:14:57.194+0000] {logging_mixin.py:188} INFO - [2025-06-27T01:14:57.193+0000] {serialized_dag.py:166} DEBUG - Checking if DAG (example_bash_operator) changed
[2025-06-27T01:14:57.203+0000] {logging_mixin.py:188} INFO - [2025-06-27T01:14:57.202+0000] {serialized_objects.py:624} DEBUG - Cast type <class 'airflow.models.param.ParamsDict'> to str in serialization.
[2025-06-27T01:14:57.206+0000] {logging_mixin.py:188} INFO - [2025-06-27T01:14:57.205+0000] {serialized_objects.py:624} DEBUG - Cast type <class 'airflow.models.param.ParamsDict'> to str in serialization.
[2025-06-27T01:14:57.208+0000] {logging_mixin.py:188} INFO - [2025-06-27T01:14:57.208+0000] {serialized_objects.py:624} DEBUG - Cast type <class 'airflow.models.param.ParamsDict'> to str in serialization.
[2025-06-27T01:14:57.211+0000] {logging_mixin.py:188} INFO - [2025-06-27T01:14:57.211+0000] {serialized_objects.py:624} DEBUG - Cast type <class 'airflow.models.param.ParamsDict'> to str in serialization.
[2025-06-27T01:14:57.214+0000] {logging_mixin.py:188} INFO - [2025-06-27T01:14:57.214+0000] {serialized_objects.py:624} DEBUG - Cast type <class 'airflow.models.param.ParamsDict'> to str in serialization.
[2025-06-27T01:14:57.218+0000] {logging_mixin.py:188} INFO - [2025-06-27T01:14:57.218+0000] {serialized_objects.py:624} DEBUG - Cast type <class 'airflow.models.param.ParamsDict'> to str in serialization.
[2025-06-27T01:14:57.222+0000] {logging_mixin.py:188} INFO - [2025-06-27T01:14:57.221+0000] {serialized_objects.py:624} DEBUG - Cast type <class 'airflow.models.param.ParamsDict'> to str in serialization.
[2025-06-27T01:14:57.232+0000] {logging_mixin.py:188} INFO - [2025-06-27T01:14:57.232+0000] {serialized_dag.py:177} DEBUG - Serialized DAG (example_bash_operator) is unchanged. Skipping writing to DB
[2025-06-27T01:14:57.233+0000] {logging_mixin.py:188} INFO - [2025-06-27T01:14:57.233+0000] {dag.py:3096} INFO - Sync 1 DAGs
[2025-06-27T01:14:57.264+0000] {logging_mixin.py:188} INFO - [2025-06-27T01:14:57.264+0000] {dag.py:3954} INFO - Setting next_dagrun for example_bash_operator to 2025-06-26 00:00:00+00:00, run_after=2025-06-27 00:00:00+00:00
[2025-06-27T01:14:57.293+0000] {processor.py:183} INFO - Processing /home/airflow/.local/lib/python3.10/site-packages/airflow/example_dags/example_bash_operator.py took 0.171 seconds
[2025-06-27T01:15:27.433+0000] {logging_mixin.py:188} INFO - [2025-06-27T01:15:27.431+0000] {settings.py:250} DEBUG - Setting up DB connection pool (PID 20129)
[2025-06-27T01:15:27.435+0000] {logging_mixin.py:188} INFO - [2025-06-27T01:15:27.435+0000] {settings.py:330} DEBUG - settings.prepare_engine_args(): Using pool settings. pool_size=5, max_overflow=10, pool_recycle=1800, pid=20129
[2025-06-27T01:15:27.448+0000] {processor.py:161} INFO - Started process (PID=20129) to work on /home/airflow/.local/lib/python3.10/site-packages/airflow/example_dags/example_bash_operator.py
[2025-06-27T01:15:27.449+0000] {processor.py:830} INFO - Processing file /home/airflow/.local/lib/python3.10/site-packages/airflow/example_dags/example_bash_operator.py for tasks to queue
[2025-06-27T01:15:27.451+0000] {logging_mixin.py:188} INFO - [2025-06-27T01:15:27.451+0000] {dagbag.py:545} INFO - Filling up the DagBag from /home/airflow/.local/lib/python3.10/site-packages/airflow/example_dags/example_bash_operator.py
[2025-06-27T01:15:27.454+0000] {logging_mixin.py:188} INFO - [2025-06-27T01:15:27.454+0000] {dagbag.py:337} DEBUG - Importing /home/airflow/.local/lib/python3.10/site-packages/airflow/example_dags/example_bash_operator.py
[2025-06-27T01:15:27.459+0000] {logging_mixin.py:188} INFO - [2025-06-27T01:15:27.459+0000] {GetText.py:65} DEBUG - /home/airflow/.local/lib/python3.10/site-packages/cron_descriptor/locale/en_US.mo Loaded
[2025-06-27T01:15:27.473+0000] {logging_mixin.py:188} INFO - [2025-06-27T01:15:27.471+0000] {dagbag.py:511} DEBUG - Loaded DAG <DAG: example_bash_operator>
[2025-06-27T01:15:27.475+0000] {logging_mixin.py:188} INFO - [2025-06-27T01:15:27.475+0000] {dagbag.py:511} DEBUG - Loaded DAG <DAG: example_bash_operator>
[2025-06-27T01:15:27.476+0000] {processor.py:840} INFO - DAG(s) 'example_bash_operator' retrieved from /home/airflow/.local/lib/python3.10/site-packages/airflow/example_dags/example_bash_operator.py
[2025-06-27T01:15:27.478+0000] {logging_mixin.py:188} INFO - [2025-06-27T01:15:27.478+0000] {dagbag.py:667} DEBUG - Running dagbag.sync_to_db with retries. Try 1 of 3
[2025-06-27T01:15:27.479+0000] {logging_mixin.py:188} INFO - [2025-06-27T01:15:27.478+0000] {dagbag.py:672} DEBUG - Calling the DAG.bulk_sync_to_db method
[2025-06-27T01:15:27.505+0000] {logging_mixin.py:188} INFO - [2025-06-27T01:15:27.504+0000] {serialized_dag.py:166} DEBUG - Checking if DAG (example_bash_operator) changed
[2025-06-27T01:15:27.514+0000] {logging_mixin.py:188} INFO - [2025-06-27T01:15:27.513+0000] {serialized_objects.py:624} DEBUG - Cast type <class 'airflow.models.param.ParamsDict'> to str in serialization.
[2025-06-27T01:15:27.518+0000] {logging_mixin.py:188} INFO - [2025-06-27T01:15:27.517+0000] {serialized_objects.py:624} DEBUG - Cast type <class 'airflow.models.param.ParamsDict'> to str in serialization.
[2025-06-27T01:15:27.521+0000] {logging_mixin.py:188} INFO - [2025-06-27T01:15:27.521+0000] {serialized_objects.py:624} DEBUG - Cast type <class 'airflow.models.param.ParamsDict'> to str in serialization.
[2025-06-27T01:15:27.524+0000] {logging_mixin.py:188} INFO - [2025-06-27T01:15:27.524+0000] {serialized_objects.py:624} DEBUG - Cast type <class 'airflow.models.param.ParamsDict'> to str in serialization.
[2025-06-27T01:15:27.527+0000] {logging_mixin.py:188} INFO - [2025-06-27T01:15:27.527+0000] {serialized_objects.py:624} DEBUG - Cast type <class 'airflow.models.param.ParamsDict'> to str in serialization.
[2025-06-27T01:15:27.531+0000] {logging_mixin.py:188} INFO - [2025-06-27T01:15:27.530+0000] {serialized_objects.py:624} DEBUG - Cast type <class 'airflow.models.param.ParamsDict'> to str in serialization.
[2025-06-27T01:15:27.534+0000] {logging_mixin.py:188} INFO - [2025-06-27T01:15:27.533+0000] {serialized_objects.py:624} DEBUG - Cast type <class 'airflow.models.param.ParamsDict'> to str in serialization.
[2025-06-27T01:15:27.544+0000] {logging_mixin.py:188} INFO - [2025-06-27T01:15:27.544+0000] {serialized_dag.py:177} DEBUG - Serialized DAG (example_bash_operator) is unchanged. Skipping writing to DB
[2025-06-27T01:15:27.545+0000] {logging_mixin.py:188} INFO - [2025-06-27T01:15:27.545+0000] {dag.py:3096} INFO - Sync 1 DAGs
[2025-06-27T01:15:27.578+0000] {logging_mixin.py:188} INFO - [2025-06-27T01:15:27.578+0000] {dag.py:3954} INFO - Setting next_dagrun for example_bash_operator to 2025-06-26 00:00:00+00:00, run_after=2025-06-27 00:00:00+00:00
[2025-06-27T01:15:27.610+0000] {processor.py:183} INFO - Processing /home/airflow/.local/lib/python3.10/site-packages/airflow/example_dags/example_bash_operator.py took 0.179 seconds
[2025-06-27T01:15:58.166+0000] {logging_mixin.py:188} INFO - [2025-06-27T01:15:58.164+0000] {settings.py:250} DEBUG - Setting up DB connection pool (PID 20192)
[2025-06-27T01:15:58.169+0000] {logging_mixin.py:188} INFO - [2025-06-27T01:15:58.168+0000] {settings.py:330} DEBUG - settings.prepare_engine_args(): Using pool settings. pool_size=5, max_overflow=10, pool_recycle=1800, pid=20192
[2025-06-27T01:15:58.183+0000] {processor.py:161} INFO - Started process (PID=20192) to work on /home/airflow/.local/lib/python3.10/site-packages/airflow/example_dags/example_bash_operator.py
[2025-06-27T01:15:58.184+0000] {processor.py:830} INFO - Processing file /home/airflow/.local/lib/python3.10/site-packages/airflow/example_dags/example_bash_operator.py for tasks to queue
[2025-06-27T01:15:58.186+0000] {logging_mixin.py:188} INFO - [2025-06-27T01:15:58.186+0000] {dagbag.py:545} INFO - Filling up the DagBag from /home/airflow/.local/lib/python3.10/site-packages/airflow/example_dags/example_bash_operator.py
[2025-06-27T01:15:58.190+0000] {logging_mixin.py:188} INFO - [2025-06-27T01:15:58.189+0000] {dagbag.py:337} DEBUG - Importing /home/airflow/.local/lib/python3.10/site-packages/airflow/example_dags/example_bash_operator.py
[2025-06-27T01:15:58.197+0000] {logging_mixin.py:188} INFO - [2025-06-27T01:15:58.197+0000] {GetText.py:65} DEBUG - /home/airflow/.local/lib/python3.10/site-packages/cron_descriptor/locale/en_US.mo Loaded
[2025-06-27T01:15:58.218+0000] {logging_mixin.py:188} INFO - [2025-06-27T01:15:58.215+0000] {dagbag.py:511} DEBUG - Loaded DAG <DAG: example_bash_operator>
[2025-06-27T01:15:58.220+0000] {logging_mixin.py:188} INFO - [2025-06-27T01:15:58.220+0000] {dagbag.py:511} DEBUG - Loaded DAG <DAG: example_bash_operator>
[2025-06-27T01:15:58.221+0000] {processor.py:840} INFO - DAG(s) 'example_bash_operator' retrieved from /home/airflow/.local/lib/python3.10/site-packages/airflow/example_dags/example_bash_operator.py
[2025-06-27T01:15:58.224+0000] {logging_mixin.py:188} INFO - [2025-06-27T01:15:58.224+0000] {dagbag.py:667} DEBUG - Running dagbag.sync_to_db with retries. Try 1 of 3
[2025-06-27T01:15:58.225+0000] {logging_mixin.py:188} INFO - [2025-06-27T01:15:58.225+0000] {dagbag.py:672} DEBUG - Calling the DAG.bulk_sync_to_db method
[2025-06-27T01:15:58.251+0000] {logging_mixin.py:188} INFO - [2025-06-27T01:15:58.250+0000] {serialized_dag.py:166} DEBUG - Checking if DAG (example_bash_operator) changed
[2025-06-27T01:15:58.260+0000] {logging_mixin.py:188} INFO - [2025-06-27T01:15:58.259+0000] {serialized_objects.py:624} DEBUG - Cast type <class 'airflow.models.param.ParamsDict'> to str in serialization.
[2025-06-27T01:15:58.266+0000] {logging_mixin.py:188} INFO - [2025-06-27T01:15:58.265+0000] {serialized_objects.py:624} DEBUG - Cast type <class 'airflow.models.param.ParamsDict'> to str in serialization.
[2025-06-27T01:15:58.270+0000] {logging_mixin.py:188} INFO - [2025-06-27T01:15:58.270+0000] {serialized_objects.py:624} DEBUG - Cast type <class 'airflow.models.param.ParamsDict'> to str in serialization.
[2025-06-27T01:15:58.273+0000] {logging_mixin.py:188} INFO - [2025-06-27T01:15:58.273+0000] {serialized_objects.py:624} DEBUG - Cast type <class 'airflow.models.param.ParamsDict'> to str in serialization.
[2025-06-27T01:15:58.276+0000] {logging_mixin.py:188} INFO - [2025-06-27T01:15:58.276+0000] {serialized_objects.py:624} DEBUG - Cast type <class 'airflow.models.param.ParamsDict'> to str in serialization.
[2025-06-27T01:15:58.279+0000] {logging_mixin.py:188} INFO - [2025-06-27T01:15:58.279+0000] {serialized_objects.py:624} DEBUG - Cast type <class 'airflow.models.param.ParamsDict'> to str in serialization.
[2025-06-27T01:15:58.283+0000] {logging_mixin.py:188} INFO - [2025-06-27T01:15:58.283+0000] {serialized_objects.py:624} DEBUG - Cast type <class 'airflow.models.param.ParamsDict'> to str in serialization.
[2025-06-27T01:15:58.294+0000] {logging_mixin.py:188} INFO - [2025-06-27T01:15:58.293+0000] {serialized_dag.py:177} DEBUG - Serialized DAG (example_bash_operator) is unchanged. Skipping writing to DB
[2025-06-27T01:15:58.295+0000] {logging_mixin.py:188} INFO - [2025-06-27T01:15:58.295+0000] {dag.py:3096} INFO - Sync 1 DAGs
[2025-06-27T01:15:58.332+0000] {logging_mixin.py:188} INFO - [2025-06-27T01:15:58.331+0000] {dag.py:3954} INFO - Setting next_dagrun for example_bash_operator to 2025-06-26 00:00:00+00:00, run_after=2025-06-27 00:00:00+00:00
[2025-06-27T01:15:58.369+0000] {processor.py:183} INFO - Processing /home/airflow/.local/lib/python3.10/site-packages/airflow/example_dags/example_bash_operator.py took 0.205 seconds
[2025-06-27T01:16:29.081+0000] {logging_mixin.py:188} INFO - [2025-06-27T01:16:29.079+0000] {settings.py:250} DEBUG - Setting up DB connection pool (PID 20255)
[2025-06-27T01:16:29.084+0000] {logging_mixin.py:188} INFO - [2025-06-27T01:16:29.083+0000] {settings.py:330} DEBUG - settings.prepare_engine_args(): Using pool settings. pool_size=5, max_overflow=10, pool_recycle=1800, pid=20255
[2025-06-27T01:16:29.097+0000] {processor.py:161} INFO - Started process (PID=20255) to work on /home/airflow/.local/lib/python3.10/site-packages/airflow/example_dags/example_bash_operator.py
[2025-06-27T01:16:29.098+0000] {processor.py:830} INFO - Processing file /home/airflow/.local/lib/python3.10/site-packages/airflow/example_dags/example_bash_operator.py for tasks to queue
[2025-06-27T01:16:29.100+0000] {logging_mixin.py:188} INFO - [2025-06-27T01:16:29.099+0000] {dagbag.py:545} INFO - Filling up the DagBag from /home/airflow/.local/lib/python3.10/site-packages/airflow/example_dags/example_bash_operator.py
[2025-06-27T01:16:29.102+0000] {logging_mixin.py:188} INFO - [2025-06-27T01:16:29.102+0000] {dagbag.py:337} DEBUG - Importing /home/airflow/.local/lib/python3.10/site-packages/airflow/example_dags/example_bash_operator.py
[2025-06-27T01:16:29.109+0000] {logging_mixin.py:188} INFO - [2025-06-27T01:16:29.108+0000] {GetText.py:65} DEBUG - /home/airflow/.local/lib/python3.10/site-packages/cron_descriptor/locale/en_US.mo Loaded
[2025-06-27T01:16:29.123+0000] {logging_mixin.py:188} INFO - [2025-06-27T01:16:29.121+0000] {dagbag.py:511} DEBUG - Loaded DAG <DAG: example_bash_operator>
[2025-06-27T01:16:29.125+0000] {logging_mixin.py:188} INFO - [2025-06-27T01:16:29.125+0000] {dagbag.py:511} DEBUG - Loaded DAG <DAG: example_bash_operator>
[2025-06-27T01:16:29.126+0000] {processor.py:840} INFO - DAG(s) 'example_bash_operator' retrieved from /home/airflow/.local/lib/python3.10/site-packages/airflow/example_dags/example_bash_operator.py
[2025-06-27T01:16:29.128+0000] {logging_mixin.py:188} INFO - [2025-06-27T01:16:29.128+0000] {dagbag.py:667} DEBUG - Running dagbag.sync_to_db with retries. Try 1 of 3
[2025-06-27T01:16:29.129+0000] {logging_mixin.py:188} INFO - [2025-06-27T01:16:29.129+0000] {dagbag.py:672} DEBUG - Calling the DAG.bulk_sync_to_db method
[2025-06-27T01:16:29.151+0000] {logging_mixin.py:188} INFO - [2025-06-27T01:16:29.150+0000] {serialized_dag.py:166} DEBUG - Checking if DAG (example_bash_operator) changed
[2025-06-27T01:16:29.157+0000] {logging_mixin.py:188} INFO - [2025-06-27T01:16:29.156+0000] {serialized_objects.py:624} DEBUG - Cast type <class 'airflow.models.param.ParamsDict'> to str in serialization.
[2025-06-27T01:16:29.160+0000] {logging_mixin.py:188} INFO - [2025-06-27T01:16:29.160+0000] {serialized_objects.py:624} DEBUG - Cast type <class 'airflow.models.param.ParamsDict'> to str in serialization.
[2025-06-27T01:16:29.164+0000] {logging_mixin.py:188} INFO - [2025-06-27T01:16:29.163+0000] {serialized_objects.py:624} DEBUG - Cast type <class 'airflow.models.param.ParamsDict'> to str in serialization.
[2025-06-27T01:16:29.167+0000] {logging_mixin.py:188} INFO - [2025-06-27T01:16:29.167+0000] {serialized_objects.py:624} DEBUG - Cast type <class 'airflow.models.param.ParamsDict'> to str in serialization.
[2025-06-27T01:16:29.170+0000] {logging_mixin.py:188} INFO - [2025-06-27T01:16:29.170+0000] {serialized_objects.py:624} DEBUG - Cast type <class 'airflow.models.param.ParamsDict'> to str in serialization.
[2025-06-27T01:16:29.173+0000] {logging_mixin.py:188} INFO - [2025-06-27T01:16:29.173+0000] {serialized_objects.py:624} DEBUG - Cast type <class 'airflow.models.param.ParamsDict'> to str in serialization.
[2025-06-27T01:16:29.176+0000] {logging_mixin.py:188} INFO - [2025-06-27T01:16:29.176+0000] {serialized_objects.py:624} DEBUG - Cast type <class 'airflow.models.param.ParamsDict'> to str in serialization.
[2025-06-27T01:16:29.186+0000] {logging_mixin.py:188} INFO - [2025-06-27T01:16:29.186+0000] {serialized_dag.py:177} DEBUG - Serialized DAG (example_bash_operator) is unchanged. Skipping writing to DB
[2025-06-27T01:16:29.188+0000] {logging_mixin.py:188} INFO - [2025-06-27T01:16:29.187+0000] {dag.py:3096} INFO - Sync 1 DAGs
[2025-06-27T01:16:29.220+0000] {logging_mixin.py:188} INFO - [2025-06-27T01:16:29.220+0000] {dag.py:3954} INFO - Setting next_dagrun for example_bash_operator to 2025-06-26 00:00:00+00:00, run_after=2025-06-27 00:00:00+00:00
[2025-06-27T01:16:29.251+0000] {processor.py:183} INFO - Processing /home/airflow/.local/lib/python3.10/site-packages/airflow/example_dags/example_bash_operator.py took 0.172 seconds
[2025-06-27T01:16:59.607+0000] {logging_mixin.py:188} INFO - [2025-06-27T01:16:59.605+0000] {settings.py:250} DEBUG - Setting up DB connection pool (PID 20318)
[2025-06-27T01:16:59.609+0000] {logging_mixin.py:188} INFO - [2025-06-27T01:16:59.609+0000] {settings.py:330} DEBUG - settings.prepare_engine_args(): Using pool settings. pool_size=5, max_overflow=10, pool_recycle=1800, pid=20318
[2025-06-27T01:16:59.624+0000] {processor.py:161} INFO - Started process (PID=20318) to work on /home/airflow/.local/lib/python3.10/site-packages/airflow/example_dags/example_bash_operator.py
[2025-06-27T01:16:59.625+0000] {processor.py:830} INFO - Processing file /home/airflow/.local/lib/python3.10/site-packages/airflow/example_dags/example_bash_operator.py for tasks to queue
[2025-06-27T01:16:59.627+0000] {logging_mixin.py:188} INFO - [2025-06-27T01:16:59.626+0000] {dagbag.py:545} INFO - Filling up the DagBag from /home/airflow/.local/lib/python3.10/site-packages/airflow/example_dags/example_bash_operator.py
[2025-06-27T01:16:59.629+0000] {logging_mixin.py:188} INFO - [2025-06-27T01:16:59.629+0000] {dagbag.py:337} DEBUG - Importing /home/airflow/.local/lib/python3.10/site-packages/airflow/example_dags/example_bash_operator.py
[2025-06-27T01:16:59.636+0000] {logging_mixin.py:188} INFO - [2025-06-27T01:16:59.636+0000] {GetText.py:65} DEBUG - /home/airflow/.local/lib/python3.10/site-packages/cron_descriptor/locale/en_US.mo Loaded
[2025-06-27T01:16:59.651+0000] {logging_mixin.py:188} INFO - [2025-06-27T01:16:59.649+0000] {dagbag.py:511} DEBUG - Loaded DAG <DAG: example_bash_operator>
[2025-06-27T01:16:59.652+0000] {logging_mixin.py:188} INFO - [2025-06-27T01:16:59.652+0000] {dagbag.py:511} DEBUG - Loaded DAG <DAG: example_bash_operator>
[2025-06-27T01:16:59.653+0000] {processor.py:840} INFO - DAG(s) 'example_bash_operator' retrieved from /home/airflow/.local/lib/python3.10/site-packages/airflow/example_dags/example_bash_operator.py
[2025-06-27T01:16:59.655+0000] {logging_mixin.py:188} INFO - [2025-06-27T01:16:59.655+0000] {dagbag.py:667} DEBUG - Running dagbag.sync_to_db with retries. Try 1 of 3
[2025-06-27T01:16:59.656+0000] {logging_mixin.py:188} INFO - [2025-06-27T01:16:59.655+0000] {dagbag.py:672} DEBUG - Calling the DAG.bulk_sync_to_db method
[2025-06-27T01:16:59.681+0000] {logging_mixin.py:188} INFO - [2025-06-27T01:16:59.680+0000] {serialized_dag.py:166} DEBUG - Checking if DAG (example_bash_operator) changed
[2025-06-27T01:16:59.689+0000] {logging_mixin.py:188} INFO - [2025-06-27T01:16:59.688+0000] {serialized_objects.py:624} DEBUG - Cast type <class 'airflow.models.param.ParamsDict'> to str in serialization.
[2025-06-27T01:16:59.693+0000] {logging_mixin.py:188} INFO - [2025-06-27T01:16:59.693+0000] {serialized_objects.py:624} DEBUG - Cast type <class 'airflow.models.param.ParamsDict'> to str in serialization.
[2025-06-27T01:16:59.696+0000] {logging_mixin.py:188} INFO - [2025-06-27T01:16:59.696+0000] {serialized_objects.py:624} DEBUG - Cast type <class 'airflow.models.param.ParamsDict'> to str in serialization.
[2025-06-27T01:16:59.698+0000] {logging_mixin.py:188} INFO - [2025-06-27T01:16:59.698+0000] {serialized_objects.py:624} DEBUG - Cast type <class 'airflow.models.param.ParamsDict'> to str in serialization.
[2025-06-27T01:16:59.701+0000] {logging_mixin.py:188} INFO - [2025-06-27T01:16:59.700+0000] {serialized_objects.py:624} DEBUG - Cast type <class 'airflow.models.param.ParamsDict'> to str in serialization.
[2025-06-27T01:16:59.704+0000] {logging_mixin.py:188} INFO - [2025-06-27T01:16:59.703+0000] {serialized_objects.py:624} DEBUG - Cast type <class 'airflow.models.param.ParamsDict'> to str in serialization.
[2025-06-27T01:16:59.706+0000] {logging_mixin.py:188} INFO - [2025-06-27T01:16:59.706+0000] {serialized_objects.py:624} DEBUG - Cast type <class 'airflow.models.param.ParamsDict'> to str in serialization.
[2025-06-27T01:16:59.717+0000] {logging_mixin.py:188} INFO - [2025-06-27T01:16:59.716+0000] {serialized_dag.py:177} DEBUG - Serialized DAG (example_bash_operator) is unchanged. Skipping writing to DB
[2025-06-27T01:16:59.718+0000] {logging_mixin.py:188} INFO - [2025-06-27T01:16:59.717+0000] {dag.py:3096} INFO - Sync 1 DAGs
[2025-06-27T01:16:59.752+0000] {logging_mixin.py:188} INFO - [2025-06-27T01:16:59.752+0000] {dag.py:3954} INFO - Setting next_dagrun for example_bash_operator to 2025-06-26 00:00:00+00:00, run_after=2025-06-27 00:00:00+00:00
[2025-06-27T01:16:59.782+0000] {processor.py:183} INFO - Processing /home/airflow/.local/lib/python3.10/site-packages/airflow/example_dags/example_bash_operator.py took 0.177 seconds
[2025-06-27T01:17:29.923+0000] {logging_mixin.py:188} INFO - [2025-06-27T01:17:29.922+0000] {settings.py:250} DEBUG - Setting up DB connection pool (PID 20381)
[2025-06-27T01:17:29.925+0000] {logging_mixin.py:188} INFO - [2025-06-27T01:17:29.925+0000] {settings.py:330} DEBUG - settings.prepare_engine_args(): Using pool settings. pool_size=5, max_overflow=10, pool_recycle=1800, pid=20381
[2025-06-27T01:17:29.936+0000] {processor.py:161} INFO - Started process (PID=20381) to work on /home/airflow/.local/lib/python3.10/site-packages/airflow/example_dags/example_bash_operator.py
[2025-06-27T01:17:29.938+0000] {processor.py:830} INFO - Processing file /home/airflow/.local/lib/python3.10/site-packages/airflow/example_dags/example_bash_operator.py for tasks to queue
[2025-06-27T01:17:29.939+0000] {logging_mixin.py:188} INFO - [2025-06-27T01:17:29.939+0000] {dagbag.py:545} INFO - Filling up the DagBag from /home/airflow/.local/lib/python3.10/site-packages/airflow/example_dags/example_bash_operator.py
[2025-06-27T01:17:29.941+0000] {logging_mixin.py:188} INFO - [2025-06-27T01:17:29.941+0000] {dagbag.py:337} DEBUG - Importing /home/airflow/.local/lib/python3.10/site-packages/airflow/example_dags/example_bash_operator.py
[2025-06-27T01:17:29.946+0000] {logging_mixin.py:188} INFO - [2025-06-27T01:17:29.946+0000] {GetText.py:65} DEBUG - /home/airflow/.local/lib/python3.10/site-packages/cron_descriptor/locale/en_US.mo Loaded
[2025-06-27T01:17:29.959+0000] {logging_mixin.py:188} INFO - [2025-06-27T01:17:29.958+0000] {dagbag.py:511} DEBUG - Loaded DAG <DAG: example_bash_operator>
[2025-06-27T01:17:29.961+0000] {logging_mixin.py:188} INFO - [2025-06-27T01:17:29.961+0000] {dagbag.py:511} DEBUG - Loaded DAG <DAG: example_bash_operator>
[2025-06-27T01:17:29.961+0000] {processor.py:840} INFO - DAG(s) 'example_bash_operator' retrieved from /home/airflow/.local/lib/python3.10/site-packages/airflow/example_dags/example_bash_operator.py
[2025-06-27T01:17:29.964+0000] {logging_mixin.py:188} INFO - [2025-06-27T01:17:29.963+0000] {dagbag.py:667} DEBUG - Running dagbag.sync_to_db with retries. Try 1 of 3
[2025-06-27T01:17:29.964+0000] {logging_mixin.py:188} INFO - [2025-06-27T01:17:29.964+0000] {dagbag.py:672} DEBUG - Calling the DAG.bulk_sync_to_db method
[2025-06-27T01:17:29.984+0000] {logging_mixin.py:188} INFO - [2025-06-27T01:17:29.983+0000] {serialized_dag.py:166} DEBUG - Checking if DAG (example_bash_operator) changed
[2025-06-27T01:17:29.988+0000] {logging_mixin.py:188} INFO - [2025-06-27T01:17:29.988+0000] {serialized_objects.py:624} DEBUG - Cast type <class 'airflow.models.param.ParamsDict'> to str in serialization.
[2025-06-27T01:17:29.992+0000] {logging_mixin.py:188} INFO - [2025-06-27T01:17:29.992+0000] {serialized_objects.py:624} DEBUG - Cast type <class 'airflow.models.param.ParamsDict'> to str in serialization.
[2025-06-27T01:17:29.994+0000] {logging_mixin.py:188} INFO - [2025-06-27T01:17:29.994+0000] {serialized_objects.py:624} DEBUG - Cast type <class 'airflow.models.param.ParamsDict'> to str in serialization.
[2025-06-27T01:17:29.996+0000] {logging_mixin.py:188} INFO - [2025-06-27T01:17:29.996+0000] {serialized_objects.py:624} DEBUG - Cast type <class 'airflow.models.param.ParamsDict'> to str in serialization.
[2025-06-27T01:17:29.998+0000] {logging_mixin.py:188} INFO - [2025-06-27T01:17:29.998+0000] {serialized_objects.py:624} DEBUG - Cast type <class 'airflow.models.param.ParamsDict'> to str in serialization.
[2025-06-27T01:17:30.000+0000] {logging_mixin.py:188} INFO - [2025-06-27T01:17:30.000+0000] {serialized_objects.py:624} DEBUG - Cast type <class 'airflow.models.param.ParamsDict'> to str in serialization.
[2025-06-27T01:17:30.003+0000] {logging_mixin.py:188} INFO - [2025-06-27T01:17:30.003+0000] {serialized_objects.py:624} DEBUG - Cast type <class 'airflow.models.param.ParamsDict'> to str in serialization.
[2025-06-27T01:17:30.011+0000] {logging_mixin.py:188} INFO - [2025-06-27T01:17:30.011+0000] {serialized_dag.py:177} DEBUG - Serialized DAG (example_bash_operator) is unchanged. Skipping writing to DB
[2025-06-27T01:17:30.012+0000] {logging_mixin.py:188} INFO - [2025-06-27T01:17:30.012+0000] {dag.py:3096} INFO - Sync 1 DAGs
[2025-06-27T01:17:30.041+0000] {logging_mixin.py:188} INFO - [2025-06-27T01:17:30.040+0000] {dag.py:3954} INFO - Setting next_dagrun for example_bash_operator to 2025-06-26 00:00:00+00:00, run_after=2025-06-27 00:00:00+00:00
[2025-06-27T01:17:30.074+0000] {processor.py:183} INFO - Processing /home/airflow/.local/lib/python3.10/site-packages/airflow/example_dags/example_bash_operator.py took 0.153 seconds
[2025-06-27T01:18:00.207+0000] {logging_mixin.py:188} INFO - [2025-06-27T01:18:00.206+0000] {settings.py:250} DEBUG - Setting up DB connection pool (PID 20444)
[2025-06-27T01:18:00.209+0000] {logging_mixin.py:188} INFO - [2025-06-27T01:18:00.209+0000] {settings.py:330} DEBUG - settings.prepare_engine_args(): Using pool settings. pool_size=5, max_overflow=10, pool_recycle=1800, pid=20444
[2025-06-27T01:18:00.219+0000] {processor.py:161} INFO - Started process (PID=20444) to work on /home/airflow/.local/lib/python3.10/site-packages/airflow/example_dags/example_bash_operator.py
[2025-06-27T01:18:00.220+0000] {processor.py:830} INFO - Processing file /home/airflow/.local/lib/python3.10/site-packages/airflow/example_dags/example_bash_operator.py for tasks to queue
[2025-06-27T01:18:00.221+0000] {logging_mixin.py:188} INFO - [2025-06-27T01:18:00.221+0000] {dagbag.py:545} INFO - Filling up the DagBag from /home/airflow/.local/lib/python3.10/site-packages/airflow/example_dags/example_bash_operator.py
[2025-06-27T01:18:00.223+0000] {logging_mixin.py:188} INFO - [2025-06-27T01:18:00.223+0000] {dagbag.py:337} DEBUG - Importing /home/airflow/.local/lib/python3.10/site-packages/airflow/example_dags/example_bash_operator.py
[2025-06-27T01:18:00.229+0000] {logging_mixin.py:188} INFO - [2025-06-27T01:18:00.229+0000] {GetText.py:65} DEBUG - /home/airflow/.local/lib/python3.10/site-packages/cron_descriptor/locale/en_US.mo Loaded
[2025-06-27T01:18:00.242+0000] {logging_mixin.py:188} INFO - [2025-06-27T01:18:00.241+0000] {dagbag.py:511} DEBUG - Loaded DAG <DAG: example_bash_operator>
[2025-06-27T01:18:00.244+0000] {logging_mixin.py:188} INFO - [2025-06-27T01:18:00.244+0000] {dagbag.py:511} DEBUG - Loaded DAG <DAG: example_bash_operator>
[2025-06-27T01:18:00.245+0000] {processor.py:840} INFO - DAG(s) 'example_bash_operator' retrieved from /home/airflow/.local/lib/python3.10/site-packages/airflow/example_dags/example_bash_operator.py
[2025-06-27T01:18:00.247+0000] {logging_mixin.py:188} INFO - [2025-06-27T01:18:00.246+0000] {dagbag.py:667} DEBUG - Running dagbag.sync_to_db with retries. Try 1 of 3
[2025-06-27T01:18:00.247+0000] {logging_mixin.py:188} INFO - [2025-06-27T01:18:00.247+0000] {dagbag.py:672} DEBUG - Calling the DAG.bulk_sync_to_db method
[2025-06-27T01:18:00.267+0000] {logging_mixin.py:188} INFO - [2025-06-27T01:18:00.267+0000] {serialized_dag.py:166} DEBUG - Checking if DAG (example_bash_operator) changed
[2025-06-27T01:18:00.272+0000] {logging_mixin.py:188} INFO - [2025-06-27T01:18:00.272+0000] {serialized_objects.py:624} DEBUG - Cast type <class 'airflow.models.param.ParamsDict'> to str in serialization.
[2025-06-27T01:18:00.275+0000] {logging_mixin.py:188} INFO - [2025-06-27T01:18:00.275+0000] {serialized_objects.py:624} DEBUG - Cast type <class 'airflow.models.param.ParamsDict'> to str in serialization.
[2025-06-27T01:18:00.278+0000] {logging_mixin.py:188} INFO - [2025-06-27T01:18:00.277+0000] {serialized_objects.py:624} DEBUG - Cast type <class 'airflow.models.param.ParamsDict'> to str in serialization.
[2025-06-27T01:18:00.280+0000] {logging_mixin.py:188} INFO - [2025-06-27T01:18:00.280+0000] {serialized_objects.py:624} DEBUG - Cast type <class 'airflow.models.param.ParamsDict'> to str in serialization.
[2025-06-27T01:18:00.283+0000] {logging_mixin.py:188} INFO - [2025-06-27T01:18:00.283+0000] {serialized_objects.py:624} DEBUG - Cast type <class 'airflow.models.param.ParamsDict'> to str in serialization.
[2025-06-27T01:18:00.286+0000] {logging_mixin.py:188} INFO - [2025-06-27T01:18:00.286+0000] {serialized_objects.py:624} DEBUG - Cast type <class 'airflow.models.param.ParamsDict'> to str in serialization.
[2025-06-27T01:18:00.289+0000] {logging_mixin.py:188} INFO - [2025-06-27T01:18:00.289+0000] {serialized_objects.py:624} DEBUG - Cast type <class 'airflow.models.param.ParamsDict'> to str in serialization.
[2025-06-27T01:18:00.300+0000] {logging_mixin.py:188} INFO - [2025-06-27T01:18:00.299+0000] {serialized_dag.py:177} DEBUG - Serialized DAG (example_bash_operator) is unchanged. Skipping writing to DB
[2025-06-27T01:18:00.301+0000] {logging_mixin.py:188} INFO - [2025-06-27T01:18:00.301+0000] {dag.py:3096} INFO - Sync 1 DAGs
[2025-06-27T01:18:00.333+0000] {logging_mixin.py:188} INFO - [2025-06-27T01:18:00.333+0000] {dag.py:3954} INFO - Setting next_dagrun for example_bash_operator to 2025-06-26 00:00:00+00:00, run_after=2025-06-27 00:00:00+00:00
[2025-06-27T01:18:00.377+0000] {processor.py:183} INFO - Processing /home/airflow/.local/lib/python3.10/site-packages/airflow/example_dags/example_bash_operator.py took 0.171 seconds
[2025-06-27T01:18:30.488+0000] {logging_mixin.py:188} INFO - [2025-06-27T01:18:30.486+0000] {settings.py:250} DEBUG - Setting up DB connection pool (PID 20507)
[2025-06-27T01:18:30.490+0000] {logging_mixin.py:188} INFO - [2025-06-27T01:18:30.489+0000] {settings.py:330} DEBUG - settings.prepare_engine_args(): Using pool settings. pool_size=5, max_overflow=10, pool_recycle=1800, pid=20507
[2025-06-27T01:18:30.502+0000] {processor.py:161} INFO - Started process (PID=20507) to work on /home/airflow/.local/lib/python3.10/site-packages/airflow/example_dags/example_bash_operator.py
[2025-06-27T01:18:30.504+0000] {processor.py:830} INFO - Processing file /home/airflow/.local/lib/python3.10/site-packages/airflow/example_dags/example_bash_operator.py for tasks to queue
[2025-06-27T01:18:30.506+0000] {logging_mixin.py:188} INFO - [2025-06-27T01:18:30.505+0000] {dagbag.py:545} INFO - Filling up the DagBag from /home/airflow/.local/lib/python3.10/site-packages/airflow/example_dags/example_bash_operator.py
[2025-06-27T01:18:30.508+0000] {logging_mixin.py:188} INFO - [2025-06-27T01:18:30.508+0000] {dagbag.py:337} DEBUG - Importing /home/airflow/.local/lib/python3.10/site-packages/airflow/example_dags/example_bash_operator.py
[2025-06-27T01:18:30.514+0000] {logging_mixin.py:188} INFO - [2025-06-27T01:18:30.514+0000] {GetText.py:65} DEBUG - /home/airflow/.local/lib/python3.10/site-packages/cron_descriptor/locale/en_US.mo Loaded
[2025-06-27T01:18:30.534+0000] {logging_mixin.py:188} INFO - [2025-06-27T01:18:30.531+0000] {dagbag.py:511} DEBUG - Loaded DAG <DAG: example_bash_operator>
[2025-06-27T01:18:30.536+0000] {logging_mixin.py:188} INFO - [2025-06-27T01:18:30.536+0000] {dagbag.py:511} DEBUG - Loaded DAG <DAG: example_bash_operator>
[2025-06-27T01:18:30.537+0000] {processor.py:840} INFO - DAG(s) 'example_bash_operator' retrieved from /home/airflow/.local/lib/python3.10/site-packages/airflow/example_dags/example_bash_operator.py
[2025-06-27T01:18:30.541+0000] {logging_mixin.py:188} INFO - [2025-06-27T01:18:30.540+0000] {dagbag.py:667} DEBUG - Running dagbag.sync_to_db with retries. Try 1 of 3
[2025-06-27T01:18:30.541+0000] {logging_mixin.py:188} INFO - [2025-06-27T01:18:30.541+0000] {dagbag.py:672} DEBUG - Calling the DAG.bulk_sync_to_db method
[2025-06-27T01:18:30.572+0000] {logging_mixin.py:188} INFO - [2025-06-27T01:18:30.571+0000] {serialized_dag.py:166} DEBUG - Checking if DAG (example_bash_operator) changed
[2025-06-27T01:18:30.582+0000] {logging_mixin.py:188} INFO - [2025-06-27T01:18:30.580+0000] {serialized_objects.py:624} DEBUG - Cast type <class 'airflow.models.param.ParamsDict'> to str in serialization.
[2025-06-27T01:18:30.587+0000] {logging_mixin.py:188} INFO - [2025-06-27T01:18:30.586+0000] {serialized_objects.py:624} DEBUG - Cast type <class 'airflow.models.param.ParamsDict'> to str in serialization.
[2025-06-27T01:18:30.592+0000] {logging_mixin.py:188} INFO - [2025-06-27T01:18:30.592+0000] {serialized_objects.py:624} DEBUG - Cast type <class 'airflow.models.param.ParamsDict'> to str in serialization.
[2025-06-27T01:18:30.595+0000] {logging_mixin.py:188} INFO - [2025-06-27T01:18:30.595+0000] {serialized_objects.py:624} DEBUG - Cast type <class 'airflow.models.param.ParamsDict'> to str in serialization.
[2025-06-27T01:18:30.598+0000] {logging_mixin.py:188} INFO - [2025-06-27T01:18:30.598+0000] {serialized_objects.py:624} DEBUG - Cast type <class 'airflow.models.param.ParamsDict'> to str in serialization.
[2025-06-27T01:18:30.600+0000] {logging_mixin.py:188} INFO - [2025-06-27T01:18:30.600+0000] {serialized_objects.py:624} DEBUG - Cast type <class 'airflow.models.param.ParamsDict'> to str in serialization.
[2025-06-27T01:18:30.603+0000] {logging_mixin.py:188} INFO - [2025-06-27T01:18:30.603+0000] {serialized_objects.py:624} DEBUG - Cast type <class 'airflow.models.param.ParamsDict'> to str in serialization.
[2025-06-27T01:18:30.613+0000] {logging_mixin.py:188} INFO - [2025-06-27T01:18:30.613+0000] {serialized_dag.py:177} DEBUG - Serialized DAG (example_bash_operator) is unchanged. Skipping writing to DB
[2025-06-27T01:18:30.615+0000] {logging_mixin.py:188} INFO - [2025-06-27T01:18:30.614+0000] {dag.py:3096} INFO - Sync 1 DAGs
[2025-06-27T01:18:30.646+0000] {logging_mixin.py:188} INFO - [2025-06-27T01:18:30.645+0000] {dag.py:3954} INFO - Setting next_dagrun for example_bash_operator to 2025-06-26 00:00:00+00:00, run_after=2025-06-27 00:00:00+00:00
[2025-06-27T01:18:30.680+0000] {processor.py:183} INFO - Processing /home/airflow/.local/lib/python3.10/site-packages/airflow/example_dags/example_bash_operator.py took 0.194 seconds
[2025-06-27T01:19:00.952+0000] {logging_mixin.py:188} INFO - [2025-06-27T01:19:00.950+0000] {settings.py:250} DEBUG - Setting up DB connection pool (PID 20570)
[2025-06-27T01:19:00.955+0000] {logging_mixin.py:188} INFO - [2025-06-27T01:19:00.955+0000] {settings.py:330} DEBUG - settings.prepare_engine_args(): Using pool settings. pool_size=5, max_overflow=10, pool_recycle=1800, pid=20570
[2025-06-27T01:19:00.971+0000] {processor.py:161} INFO - Started process (PID=20570) to work on /home/airflow/.local/lib/python3.10/site-packages/airflow/example_dags/example_bash_operator.py
[2025-06-27T01:19:00.973+0000] {processor.py:830} INFO - Processing file /home/airflow/.local/lib/python3.10/site-packages/airflow/example_dags/example_bash_operator.py for tasks to queue
[2025-06-27T01:19:00.975+0000] {logging_mixin.py:188} INFO - [2025-06-27T01:19:00.974+0000] {dagbag.py:545} INFO - Filling up the DagBag from /home/airflow/.local/lib/python3.10/site-packages/airflow/example_dags/example_bash_operator.py
[2025-06-27T01:19:00.979+0000] {logging_mixin.py:188} INFO - [2025-06-27T01:19:00.979+0000] {dagbag.py:337} DEBUG - Importing /home/airflow/.local/lib/python3.10/site-packages/airflow/example_dags/example_bash_operator.py
[2025-06-27T01:19:00.987+0000] {logging_mixin.py:188} INFO - [2025-06-27T01:19:00.986+0000] {GetText.py:65} DEBUG - /home/airflow/.local/lib/python3.10/site-packages/cron_descriptor/locale/en_US.mo Loaded
[2025-06-27T01:19:01.011+0000] {logging_mixin.py:188} INFO - [2025-06-27T01:19:01.008+0000] {dagbag.py:511} DEBUG - Loaded DAG <DAG: example_bash_operator>
[2025-06-27T01:19:01.015+0000] {logging_mixin.py:188} INFO - [2025-06-27T01:19:01.014+0000] {dagbag.py:511} DEBUG - Loaded DAG <DAG: example_bash_operator>
[2025-06-27T01:19:01.016+0000] {processor.py:840} INFO - DAG(s) 'example_bash_operator' retrieved from /home/airflow/.local/lib/python3.10/site-packages/airflow/example_dags/example_bash_operator.py
[2025-06-27T01:19:01.020+0000] {logging_mixin.py:188} INFO - [2025-06-27T01:19:01.019+0000] {dagbag.py:667} DEBUG - Running dagbag.sync_to_db with retries. Try 1 of 3
[2025-06-27T01:19:01.021+0000] {logging_mixin.py:188} INFO - [2025-06-27T01:19:01.021+0000] {dagbag.py:672} DEBUG - Calling the DAG.bulk_sync_to_db method
[2025-06-27T01:19:01.053+0000] {logging_mixin.py:188} INFO - [2025-06-27T01:19:01.052+0000] {serialized_dag.py:166} DEBUG - Checking if DAG (example_bash_operator) changed
[2025-06-27T01:19:01.061+0000] {logging_mixin.py:188} INFO - [2025-06-27T01:19:01.060+0000] {serialized_objects.py:624} DEBUG - Cast type <class 'airflow.models.param.ParamsDict'> to str in serialization.
[2025-06-27T01:19:01.066+0000] {logging_mixin.py:188} INFO - [2025-06-27T01:19:01.066+0000] {serialized_objects.py:624} DEBUG - Cast type <class 'airflow.models.param.ParamsDict'> to str in serialization.
[2025-06-27T01:19:01.069+0000] {logging_mixin.py:188} INFO - [2025-06-27T01:19:01.068+0000] {serialized_objects.py:624} DEBUG - Cast type <class 'airflow.models.param.ParamsDict'> to str in serialization.
[2025-06-27T01:19:01.073+0000] {logging_mixin.py:188} INFO - [2025-06-27T01:19:01.073+0000] {serialized_objects.py:624} DEBUG - Cast type <class 'airflow.models.param.ParamsDict'> to str in serialization.
[2025-06-27T01:19:01.075+0000] {logging_mixin.py:188} INFO - [2025-06-27T01:19:01.075+0000] {serialized_objects.py:624} DEBUG - Cast type <class 'airflow.models.param.ParamsDict'> to str in serialization.
[2025-06-27T01:19:01.078+0000] {logging_mixin.py:188} INFO - [2025-06-27T01:19:01.078+0000] {serialized_objects.py:624} DEBUG - Cast type <class 'airflow.models.param.ParamsDict'> to str in serialization.
[2025-06-27T01:19:01.081+0000] {logging_mixin.py:188} INFO - [2025-06-27T01:19:01.081+0000] {serialized_objects.py:624} DEBUG - Cast type <class 'airflow.models.param.ParamsDict'> to str in serialization.
[2025-06-27T01:19:01.093+0000] {logging_mixin.py:188} INFO - [2025-06-27T01:19:01.092+0000] {serialized_dag.py:177} DEBUG - Serialized DAG (example_bash_operator) is unchanged. Skipping writing to DB
[2025-06-27T01:19:01.094+0000] {logging_mixin.py:188} INFO - [2025-06-27T01:19:01.093+0000] {dag.py:3096} INFO - Sync 1 DAGs
[2025-06-27T01:19:01.133+0000] {logging_mixin.py:188} INFO - [2025-06-27T01:19:01.133+0000] {dag.py:3954} INFO - Setting next_dagrun for example_bash_operator to 2025-06-26 00:00:00+00:00, run_after=2025-06-27 00:00:00+00:00
[2025-06-27T01:19:01.175+0000] {processor.py:183} INFO - Processing /home/airflow/.local/lib/python3.10/site-packages/airflow/example_dags/example_bash_operator.py took 0.224 seconds
[2025-06-27T01:19:31.293+0000] {logging_mixin.py:188} INFO - [2025-06-27T01:19:31.292+0000] {settings.py:250} DEBUG - Setting up DB connection pool (PID 20631)
[2025-06-27T01:19:31.295+0000] {logging_mixin.py:188} INFO - [2025-06-27T01:19:31.295+0000] {settings.py:330} DEBUG - settings.prepare_engine_args(): Using pool settings. pool_size=5, max_overflow=10, pool_recycle=1800, pid=20631
[2025-06-27T01:19:31.307+0000] {processor.py:161} INFO - Started process (PID=20631) to work on /home/airflow/.local/lib/python3.10/site-packages/airflow/example_dags/example_bash_operator.py
[2025-06-27T01:19:31.308+0000] {processor.py:830} INFO - Processing file /home/airflow/.local/lib/python3.10/site-packages/airflow/example_dags/example_bash_operator.py for tasks to queue
[2025-06-27T01:19:31.309+0000] {logging_mixin.py:188} INFO - [2025-06-27T01:19:31.309+0000] {dagbag.py:545} INFO - Filling up the DagBag from /home/airflow/.local/lib/python3.10/site-packages/airflow/example_dags/example_bash_operator.py
[2025-06-27T01:19:31.312+0000] {logging_mixin.py:188} INFO - [2025-06-27T01:19:31.312+0000] {dagbag.py:337} DEBUG - Importing /home/airflow/.local/lib/python3.10/site-packages/airflow/example_dags/example_bash_operator.py
[2025-06-27T01:19:31.318+0000] {logging_mixin.py:188} INFO - [2025-06-27T01:19:31.318+0000] {GetText.py:65} DEBUG - /home/airflow/.local/lib/python3.10/site-packages/cron_descriptor/locale/en_US.mo Loaded
[2025-06-27T01:19:31.333+0000] {logging_mixin.py:188} INFO - [2025-06-27T01:19:31.331+0000] {dagbag.py:511} DEBUG - Loaded DAG <DAG: example_bash_operator>
[2025-06-27T01:19:31.335+0000] {logging_mixin.py:188} INFO - [2025-06-27T01:19:31.334+0000] {dagbag.py:511} DEBUG - Loaded DAG <DAG: example_bash_operator>
[2025-06-27T01:19:31.335+0000] {processor.py:840} INFO - DAG(s) 'example_bash_operator' retrieved from /home/airflow/.local/lib/python3.10/site-packages/airflow/example_dags/example_bash_operator.py
[2025-06-27T01:19:31.338+0000] {logging_mixin.py:188} INFO - [2025-06-27T01:19:31.338+0000] {dagbag.py:667} DEBUG - Running dagbag.sync_to_db with retries. Try 1 of 3
[2025-06-27T01:19:31.339+0000] {logging_mixin.py:188} INFO - [2025-06-27T01:19:31.339+0000] {dagbag.py:672} DEBUG - Calling the DAG.bulk_sync_to_db method
[2025-06-27T01:19:31.361+0000] {logging_mixin.py:188} INFO - [2025-06-27T01:19:31.360+0000] {serialized_dag.py:166} DEBUG - Checking if DAG (example_bash_operator) changed
[2025-06-27T01:19:31.367+0000] {logging_mixin.py:188} INFO - [2025-06-27T01:19:31.366+0000] {serialized_objects.py:624} DEBUG - Cast type <class 'airflow.models.param.ParamsDict'> to str in serialization.
[2025-06-27T01:19:31.370+0000] {logging_mixin.py:188} INFO - [2025-06-27T01:19:31.370+0000] {serialized_objects.py:624} DEBUG - Cast type <class 'airflow.models.param.ParamsDict'> to str in serialization.
[2025-06-27T01:19:31.374+0000] {logging_mixin.py:188} INFO - [2025-06-27T01:19:31.374+0000] {serialized_objects.py:624} DEBUG - Cast type <class 'airflow.models.param.ParamsDict'> to str in serialization.
[2025-06-27T01:19:31.377+0000] {logging_mixin.py:188} INFO - [2025-06-27T01:19:31.377+0000] {serialized_objects.py:624} DEBUG - Cast type <class 'airflow.models.param.ParamsDict'> to str in serialization.
[2025-06-27T01:19:31.380+0000] {logging_mixin.py:188} INFO - [2025-06-27T01:19:31.380+0000] {serialized_objects.py:624} DEBUG - Cast type <class 'airflow.models.param.ParamsDict'> to str in serialization.
[2025-06-27T01:19:31.383+0000] {logging_mixin.py:188} INFO - [2025-06-27T01:19:31.382+0000] {serialized_objects.py:624} DEBUG - Cast type <class 'airflow.models.param.ParamsDict'> to str in serialization.
[2025-06-27T01:19:31.387+0000] {logging_mixin.py:188} INFO - [2025-06-27T01:19:31.387+0000] {serialized_objects.py:624} DEBUG - Cast type <class 'airflow.models.param.ParamsDict'> to str in serialization.
[2025-06-27T01:19:31.397+0000] {logging_mixin.py:188} INFO - [2025-06-27T01:19:31.397+0000] {serialized_dag.py:177} DEBUG - Serialized DAG (example_bash_operator) is unchanged. Skipping writing to DB
[2025-06-27T01:19:31.399+0000] {logging_mixin.py:188} INFO - [2025-06-27T01:19:31.398+0000] {dag.py:3096} INFO - Sync 1 DAGs
[2025-06-27T01:19:31.432+0000] {logging_mixin.py:188} INFO - [2025-06-27T01:19:31.431+0000] {dag.py:3954} INFO - Setting next_dagrun for example_bash_operator to 2025-06-26 00:00:00+00:00, run_after=2025-06-27 00:00:00+00:00
[2025-06-27T01:19:31.461+0000] {processor.py:183} INFO - Processing /home/airflow/.local/lib/python3.10/site-packages/airflow/example_dags/example_bash_operator.py took 0.169 seconds
[2025-06-27T01:20:01.997+0000] {logging_mixin.py:188} INFO - [2025-06-27T01:20:01.995+0000] {settings.py:250} DEBUG - Setting up DB connection pool (PID 20694)
[2025-06-27T01:20:01.999+0000] {logging_mixin.py:188} INFO - [2025-06-27T01:20:01.999+0000] {settings.py:330} DEBUG - settings.prepare_engine_args(): Using pool settings. pool_size=5, max_overflow=10, pool_recycle=1800, pid=20694
[2025-06-27T01:20:02.014+0000] {processor.py:161} INFO - Started process (PID=20694) to work on /home/airflow/.local/lib/python3.10/site-packages/airflow/example_dags/example_bash_operator.py
[2025-06-27T01:20:02.015+0000] {processor.py:830} INFO - Processing file /home/airflow/.local/lib/python3.10/site-packages/airflow/example_dags/example_bash_operator.py for tasks to queue
[2025-06-27T01:20:02.017+0000] {logging_mixin.py:188} INFO - [2025-06-27T01:20:02.016+0000] {dagbag.py:545} INFO - Filling up the DagBag from /home/airflow/.local/lib/python3.10/site-packages/airflow/example_dags/example_bash_operator.py
[2025-06-27T01:20:02.019+0000] {logging_mixin.py:188} INFO - [2025-06-27T01:20:02.019+0000] {dagbag.py:337} DEBUG - Importing /home/airflow/.local/lib/python3.10/site-packages/airflow/example_dags/example_bash_operator.py
[2025-06-27T01:20:02.025+0000] {logging_mixin.py:188} INFO - [2025-06-27T01:20:02.024+0000] {GetText.py:65} DEBUG - /home/airflow/.local/lib/python3.10/site-packages/cron_descriptor/locale/en_US.mo Loaded
[2025-06-27T01:20:02.045+0000] {logging_mixin.py:188} INFO - [2025-06-27T01:20:02.042+0000] {dagbag.py:511} DEBUG - Loaded DAG <DAG: example_bash_operator>
[2025-06-27T01:20:02.048+0000] {logging_mixin.py:188} INFO - [2025-06-27T01:20:02.048+0000] {dagbag.py:511} DEBUG - Loaded DAG <DAG: example_bash_operator>
[2025-06-27T01:20:02.049+0000] {processor.py:840} INFO - DAG(s) 'example_bash_operator' retrieved from /home/airflow/.local/lib/python3.10/site-packages/airflow/example_dags/example_bash_operator.py
[2025-06-27T01:20:02.052+0000] {logging_mixin.py:188} INFO - [2025-06-27T01:20:02.052+0000] {dagbag.py:667} DEBUG - Running dagbag.sync_to_db with retries. Try 1 of 3
[2025-06-27T01:20:02.053+0000] {logging_mixin.py:188} INFO - [2025-06-27T01:20:02.053+0000] {dagbag.py:672} DEBUG - Calling the DAG.bulk_sync_to_db method
[2025-06-27T01:20:02.078+0000] {logging_mixin.py:188} INFO - [2025-06-27T01:20:02.077+0000] {serialized_dag.py:166} DEBUG - Checking if DAG (example_bash_operator) changed
[2025-06-27T01:20:02.085+0000] {logging_mixin.py:188} INFO - [2025-06-27T01:20:02.084+0000] {serialized_objects.py:624} DEBUG - Cast type <class 'airflow.models.param.ParamsDict'> to str in serialization.
[2025-06-27T01:20:02.089+0000] {logging_mixin.py:188} INFO - [2025-06-27T01:20:02.088+0000] {serialized_objects.py:624} DEBUG - Cast type <class 'airflow.models.param.ParamsDict'> to str in serialization.
[2025-06-27T01:20:02.092+0000] {logging_mixin.py:188} INFO - [2025-06-27T01:20:02.091+0000] {serialized_objects.py:624} DEBUG - Cast type <class 'airflow.models.param.ParamsDict'> to str in serialization.
[2025-06-27T01:20:02.095+0000] {logging_mixin.py:188} INFO - [2025-06-27T01:20:02.094+0000] {serialized_objects.py:624} DEBUG - Cast type <class 'airflow.models.param.ParamsDict'> to str in serialization.
[2025-06-27T01:20:02.097+0000] {logging_mixin.py:188} INFO - [2025-06-27T01:20:02.097+0000] {serialized_objects.py:624} DEBUG - Cast type <class 'airflow.models.param.ParamsDict'> to str in serialization.
[2025-06-27T01:20:02.100+0000] {logging_mixin.py:188} INFO - [2025-06-27T01:20:02.100+0000] {serialized_objects.py:624} DEBUG - Cast type <class 'airflow.models.param.ParamsDict'> to str in serialization.
[2025-06-27T01:20:02.103+0000] {logging_mixin.py:188} INFO - [2025-06-27T01:20:02.103+0000] {serialized_objects.py:624} DEBUG - Cast type <class 'airflow.models.param.ParamsDict'> to str in serialization.
[2025-06-27T01:20:02.114+0000] {logging_mixin.py:188} INFO - [2025-06-27T01:20:02.114+0000] {serialized_dag.py:177} DEBUG - Serialized DAG (example_bash_operator) is unchanged. Skipping writing to DB
[2025-06-27T01:20:02.115+0000] {logging_mixin.py:188} INFO - [2025-06-27T01:20:02.115+0000] {dag.py:3096} INFO - Sync 1 DAGs
[2025-06-27T01:20:02.148+0000] {logging_mixin.py:188} INFO - [2025-06-27T01:20:02.147+0000] {dag.py:3954} INFO - Setting next_dagrun for example_bash_operator to 2025-06-26 00:00:00+00:00, run_after=2025-06-27 00:00:00+00:00
[2025-06-27T01:20:02.172+0000] {processor.py:183} INFO - Processing /home/airflow/.local/lib/python3.10/site-packages/airflow/example_dags/example_bash_operator.py took 0.177 seconds
[2025-06-27T01:20:32.400+0000] {logging_mixin.py:188} INFO - [2025-06-27T01:20:32.399+0000] {settings.py:250} DEBUG - Setting up DB connection pool (PID 20757)
[2025-06-27T01:20:32.402+0000] {logging_mixin.py:188} INFO - [2025-06-27T01:20:32.402+0000] {settings.py:330} DEBUG - settings.prepare_engine_args(): Using pool settings. pool_size=5, max_overflow=10, pool_recycle=1800, pid=20757
[2025-06-27T01:20:32.415+0000] {processor.py:161} INFO - Started process (PID=20757) to work on /home/airflow/.local/lib/python3.10/site-packages/airflow/example_dags/example_bash_operator.py
[2025-06-27T01:20:32.416+0000] {processor.py:830} INFO - Processing file /home/airflow/.local/lib/python3.10/site-packages/airflow/example_dags/example_bash_operator.py for tasks to queue
[2025-06-27T01:20:32.418+0000] {logging_mixin.py:188} INFO - [2025-06-27T01:20:32.418+0000] {dagbag.py:545} INFO - Filling up the DagBag from /home/airflow/.local/lib/python3.10/site-packages/airflow/example_dags/example_bash_operator.py
[2025-06-27T01:20:32.421+0000] {logging_mixin.py:188} INFO - [2025-06-27T01:20:32.421+0000] {dagbag.py:337} DEBUG - Importing /home/airflow/.local/lib/python3.10/site-packages/airflow/example_dags/example_bash_operator.py
[2025-06-27T01:20:32.428+0000] {logging_mixin.py:188} INFO - [2025-06-27T01:20:32.427+0000] {GetText.py:65} DEBUG - /home/airflow/.local/lib/python3.10/site-packages/cron_descriptor/locale/en_US.mo Loaded
[2025-06-27T01:20:32.443+0000] {logging_mixin.py:188} INFO - [2025-06-27T01:20:32.441+0000] {dagbag.py:511} DEBUG - Loaded DAG <DAG: example_bash_operator>
[2025-06-27T01:20:32.444+0000] {logging_mixin.py:188} INFO - [2025-06-27T01:20:32.444+0000] {dagbag.py:511} DEBUG - Loaded DAG <DAG: example_bash_operator>
[2025-06-27T01:20:32.445+0000] {processor.py:840} INFO - DAG(s) 'example_bash_operator' retrieved from /home/airflow/.local/lib/python3.10/site-packages/airflow/example_dags/example_bash_operator.py
[2025-06-27T01:20:32.448+0000] {logging_mixin.py:188} INFO - [2025-06-27T01:20:32.447+0000] {dagbag.py:667} DEBUG - Running dagbag.sync_to_db with retries. Try 1 of 3
[2025-06-27T01:20:32.448+0000] {logging_mixin.py:188} INFO - [2025-06-27T01:20:32.448+0000] {dagbag.py:672} DEBUG - Calling the DAG.bulk_sync_to_db method
[2025-06-27T01:20:32.471+0000] {logging_mixin.py:188} INFO - [2025-06-27T01:20:32.470+0000] {serialized_dag.py:166} DEBUG - Checking if DAG (example_bash_operator) changed
[2025-06-27T01:20:32.479+0000] {logging_mixin.py:188} INFO - [2025-06-27T01:20:32.478+0000] {serialized_objects.py:624} DEBUG - Cast type <class 'airflow.models.param.ParamsDict'> to str in serialization.
[2025-06-27T01:20:32.483+0000] {logging_mixin.py:188} INFO - [2025-06-27T01:20:32.483+0000] {serialized_objects.py:624} DEBUG - Cast type <class 'airflow.models.param.ParamsDict'> to str in serialization.
[2025-06-27T01:20:32.486+0000] {logging_mixin.py:188} INFO - [2025-06-27T01:20:32.485+0000] {serialized_objects.py:624} DEBUG - Cast type <class 'airflow.models.param.ParamsDict'> to str in serialization.
[2025-06-27T01:20:32.489+0000] {logging_mixin.py:188} INFO - [2025-06-27T01:20:32.489+0000] {serialized_objects.py:624} DEBUG - Cast type <class 'airflow.models.param.ParamsDict'> to str in serialization.
[2025-06-27T01:20:32.492+0000] {logging_mixin.py:188} INFO - [2025-06-27T01:20:32.492+0000] {serialized_objects.py:624} DEBUG - Cast type <class 'airflow.models.param.ParamsDict'> to str in serialization.
[2025-06-27T01:20:32.498+0000] {logging_mixin.py:188} INFO - [2025-06-27T01:20:32.498+0000] {serialized_objects.py:624} DEBUG - Cast type <class 'airflow.models.param.ParamsDict'> to str in serialization.
[2025-06-27T01:20:32.501+0000] {logging_mixin.py:188} INFO - [2025-06-27T01:20:32.501+0000] {serialized_objects.py:624} DEBUG - Cast type <class 'airflow.models.param.ParamsDict'> to str in serialization.
[2025-06-27T01:20:32.512+0000] {logging_mixin.py:188} INFO - [2025-06-27T01:20:32.511+0000] {serialized_dag.py:177} DEBUG - Serialized DAG (example_bash_operator) is unchanged. Skipping writing to DB
[2025-06-27T01:20:32.514+0000] {logging_mixin.py:188} INFO - [2025-06-27T01:20:32.513+0000] {dag.py:3096} INFO - Sync 1 DAGs
[2025-06-27T01:20:32.547+0000] {logging_mixin.py:188} INFO - [2025-06-27T01:20:32.547+0000] {dag.py:3954} INFO - Setting next_dagrun for example_bash_operator to 2025-06-26 00:00:00+00:00, run_after=2025-06-27 00:00:00+00:00
[2025-06-27T01:20:32.579+0000] {processor.py:183} INFO - Processing /home/airflow/.local/lib/python3.10/site-packages/airflow/example_dags/example_bash_operator.py took 0.180 seconds
[2025-06-27T01:21:02.871+0000] {logging_mixin.py:188} INFO - [2025-06-27T01:21:02.870+0000] {settings.py:250} DEBUG - Setting up DB connection pool (PID 20820)
[2025-06-27T01:21:02.873+0000] {logging_mixin.py:188} INFO - [2025-06-27T01:21:02.872+0000] {settings.py:330} DEBUG - settings.prepare_engine_args(): Using pool settings. pool_size=5, max_overflow=10, pool_recycle=1800, pid=20820
[2025-06-27T01:21:02.884+0000] {processor.py:161} INFO - Started process (PID=20820) to work on /home/airflow/.local/lib/python3.10/site-packages/airflow/example_dags/example_bash_operator.py
[2025-06-27T01:21:02.885+0000] {processor.py:830} INFO - Processing file /home/airflow/.local/lib/python3.10/site-packages/airflow/example_dags/example_bash_operator.py for tasks to queue
[2025-06-27T01:21:02.886+0000] {logging_mixin.py:188} INFO - [2025-06-27T01:21:02.886+0000] {dagbag.py:545} INFO - Filling up the DagBag from /home/airflow/.local/lib/python3.10/site-packages/airflow/example_dags/example_bash_operator.py
[2025-06-27T01:21:02.889+0000] {logging_mixin.py:188} INFO - [2025-06-27T01:21:02.888+0000] {dagbag.py:337} DEBUG - Importing /home/airflow/.local/lib/python3.10/site-packages/airflow/example_dags/example_bash_operator.py
[2025-06-27T01:21:02.894+0000] {logging_mixin.py:188} INFO - [2025-06-27T01:21:02.894+0000] {GetText.py:65} DEBUG - /home/airflow/.local/lib/python3.10/site-packages/cron_descriptor/locale/en_US.mo Loaded
[2025-06-27T01:21:02.909+0000] {logging_mixin.py:188} INFO - [2025-06-27T01:21:02.907+0000] {dagbag.py:511} DEBUG - Loaded DAG <DAG: example_bash_operator>
[2025-06-27T01:21:02.911+0000] {logging_mixin.py:188} INFO - [2025-06-27T01:21:02.911+0000] {dagbag.py:511} DEBUG - Loaded DAG <DAG: example_bash_operator>
[2025-06-27T01:21:02.912+0000] {processor.py:840} INFO - DAG(s) 'example_bash_operator' retrieved from /home/airflow/.local/lib/python3.10/site-packages/airflow/example_dags/example_bash_operator.py
[2025-06-27T01:21:02.915+0000] {logging_mixin.py:188} INFO - [2025-06-27T01:21:02.915+0000] {dagbag.py:667} DEBUG - Running dagbag.sync_to_db with retries. Try 1 of 3
[2025-06-27T01:21:02.916+0000] {logging_mixin.py:188} INFO - [2025-06-27T01:21:02.916+0000] {dagbag.py:672} DEBUG - Calling the DAG.bulk_sync_to_db method
[2025-06-27T01:21:02.939+0000] {logging_mixin.py:188} INFO - [2025-06-27T01:21:02.939+0000] {serialized_dag.py:166} DEBUG - Checking if DAG (example_bash_operator) changed
[2025-06-27T01:21:02.946+0000] {logging_mixin.py:188} INFO - [2025-06-27T01:21:02.945+0000] {serialized_objects.py:624} DEBUG - Cast type <class 'airflow.models.param.ParamsDict'> to str in serialization.
[2025-06-27T01:21:02.951+0000] {logging_mixin.py:188} INFO - [2025-06-27T01:21:02.950+0000] {serialized_objects.py:624} DEBUG - Cast type <class 'airflow.models.param.ParamsDict'> to str in serialization.
[2025-06-27T01:21:02.955+0000] {logging_mixin.py:188} INFO - [2025-06-27T01:21:02.954+0000] {serialized_objects.py:624} DEBUG - Cast type <class 'airflow.models.param.ParamsDict'> to str in serialization.
[2025-06-27T01:21:02.959+0000] {logging_mixin.py:188} INFO - [2025-06-27T01:21:02.958+0000] {serialized_objects.py:624} DEBUG - Cast type <class 'airflow.models.param.ParamsDict'> to str in serialization.
[2025-06-27T01:21:02.963+0000] {logging_mixin.py:188} INFO - [2025-06-27T01:21:02.963+0000] {serialized_objects.py:624} DEBUG - Cast type <class 'airflow.models.param.ParamsDict'> to str in serialization.
[2025-06-27T01:21:02.966+0000] {logging_mixin.py:188} INFO - [2025-06-27T01:21:02.966+0000] {serialized_objects.py:624} DEBUG - Cast type <class 'airflow.models.param.ParamsDict'> to str in serialization.
[2025-06-27T01:21:02.971+0000] {logging_mixin.py:188} INFO - [2025-06-27T01:21:02.970+0000] {serialized_objects.py:624} DEBUG - Cast type <class 'airflow.models.param.ParamsDict'> to str in serialization.
[2025-06-27T01:21:02.982+0000] {logging_mixin.py:188} INFO - [2025-06-27T01:21:02.982+0000] {serialized_dag.py:177} DEBUG - Serialized DAG (example_bash_operator) is unchanged. Skipping writing to DB
[2025-06-27T01:21:02.983+0000] {logging_mixin.py:188} INFO - [2025-06-27T01:21:02.983+0000] {dag.py:3096} INFO - Sync 1 DAGs
[2025-06-27T01:21:03.017+0000] {logging_mixin.py:188} INFO - [2025-06-27T01:21:03.017+0000] {dag.py:3954} INFO - Setting next_dagrun for example_bash_operator to 2025-06-26 00:00:00+00:00, run_after=2025-06-27 00:00:00+00:00
[2025-06-27T01:21:03.059+0000] {processor.py:183} INFO - Processing /home/airflow/.local/lib/python3.10/site-packages/airflow/example_dags/example_bash_operator.py took 0.189 seconds
[2025-06-27T01:21:33.548+0000] {logging_mixin.py:188} INFO - [2025-06-27T01:21:33.546+0000] {settings.py:250} DEBUG - Setting up DB connection pool (PID 20883)
[2025-06-27T01:21:33.550+0000] {logging_mixin.py:188} INFO - [2025-06-27T01:21:33.549+0000] {settings.py:330} DEBUG - settings.prepare_engine_args(): Using pool settings. pool_size=5, max_overflow=10, pool_recycle=1800, pid=20883
[2025-06-27T01:21:33.562+0000] {processor.py:161} INFO - Started process (PID=20883) to work on /home/airflow/.local/lib/python3.10/site-packages/airflow/example_dags/example_bash_operator.py
[2025-06-27T01:21:33.563+0000] {processor.py:830} INFO - Processing file /home/airflow/.local/lib/python3.10/site-packages/airflow/example_dags/example_bash_operator.py for tasks to queue
[2025-06-27T01:21:33.564+0000] {logging_mixin.py:188} INFO - [2025-06-27T01:21:33.564+0000] {dagbag.py:545} INFO - Filling up the DagBag from /home/airflow/.local/lib/python3.10/site-packages/airflow/example_dags/example_bash_operator.py
[2025-06-27T01:21:33.567+0000] {logging_mixin.py:188} INFO - [2025-06-27T01:21:33.567+0000] {dagbag.py:337} DEBUG - Importing /home/airflow/.local/lib/python3.10/site-packages/airflow/example_dags/example_bash_operator.py
[2025-06-27T01:21:33.571+0000] {logging_mixin.py:188} INFO - [2025-06-27T01:21:33.571+0000] {GetText.py:65} DEBUG - /home/airflow/.local/lib/python3.10/site-packages/cron_descriptor/locale/en_US.mo Loaded
[2025-06-27T01:21:33.583+0000] {logging_mixin.py:188} INFO - [2025-06-27T01:21:33.582+0000] {dagbag.py:511} DEBUG - Loaded DAG <DAG: example_bash_operator>
[2025-06-27T01:21:33.585+0000] {logging_mixin.py:188} INFO - [2025-06-27T01:21:33.585+0000] {dagbag.py:511} DEBUG - Loaded DAG <DAG: example_bash_operator>
[2025-06-27T01:21:33.586+0000] {processor.py:840} INFO - DAG(s) 'example_bash_operator' retrieved from /home/airflow/.local/lib/python3.10/site-packages/airflow/example_dags/example_bash_operator.py
[2025-06-27T01:21:33.588+0000] {logging_mixin.py:188} INFO - [2025-06-27T01:21:33.588+0000] {dagbag.py:667} DEBUG - Running dagbag.sync_to_db with retries. Try 1 of 3
[2025-06-27T01:21:33.589+0000] {logging_mixin.py:188} INFO - [2025-06-27T01:21:33.589+0000] {dagbag.py:672} DEBUG - Calling the DAG.bulk_sync_to_db method
[2025-06-27T01:21:33.615+0000] {logging_mixin.py:188} INFO - [2025-06-27T01:21:33.614+0000] {serialized_dag.py:166} DEBUG - Checking if DAG (example_bash_operator) changed
[2025-06-27T01:21:33.622+0000] {logging_mixin.py:188} INFO - [2025-06-27T01:21:33.621+0000] {serialized_objects.py:624} DEBUG - Cast type <class 'airflow.models.param.ParamsDict'> to str in serialization.
[2025-06-27T01:21:33.625+0000] {logging_mixin.py:188} INFO - [2025-06-27T01:21:33.625+0000] {serialized_objects.py:624} DEBUG - Cast type <class 'airflow.models.param.ParamsDict'> to str in serialization.
[2025-06-27T01:21:33.628+0000] {logging_mixin.py:188} INFO - [2025-06-27T01:21:33.628+0000] {serialized_objects.py:624} DEBUG - Cast type <class 'airflow.models.param.ParamsDict'> to str in serialization.
[2025-06-27T01:21:33.631+0000] {logging_mixin.py:188} INFO - [2025-06-27T01:21:33.630+0000] {serialized_objects.py:624} DEBUG - Cast type <class 'airflow.models.param.ParamsDict'> to str in serialization.
[2025-06-27T01:21:33.633+0000] {logging_mixin.py:188} INFO - [2025-06-27T01:21:33.633+0000] {serialized_objects.py:624} DEBUG - Cast type <class 'airflow.models.param.ParamsDict'> to str in serialization.
[2025-06-27T01:21:33.636+0000] {logging_mixin.py:188} INFO - [2025-06-27T01:21:33.635+0000] {serialized_objects.py:624} DEBUG - Cast type <class 'airflow.models.param.ParamsDict'> to str in serialization.
[2025-06-27T01:21:33.639+0000] {logging_mixin.py:188} INFO - [2025-06-27T01:21:33.639+0000] {serialized_objects.py:624} DEBUG - Cast type <class 'airflow.models.param.ParamsDict'> to str in serialization.
[2025-06-27T01:21:33.650+0000] {logging_mixin.py:188} INFO - [2025-06-27T01:21:33.649+0000] {serialized_dag.py:177} DEBUG - Serialized DAG (example_bash_operator) is unchanged. Skipping writing to DB
[2025-06-27T01:21:33.651+0000] {logging_mixin.py:188} INFO - [2025-06-27T01:21:33.651+0000] {dag.py:3096} INFO - Sync 1 DAGs
[2025-06-27T01:21:33.682+0000] {logging_mixin.py:188} INFO - [2025-06-27T01:21:33.682+0000] {dag.py:3954} INFO - Setting next_dagrun for example_bash_operator to 2025-06-26 00:00:00+00:00, run_after=2025-06-27 00:00:00+00:00
[2025-06-27T01:21:33.709+0000] {processor.py:183} INFO - Processing /home/airflow/.local/lib/python3.10/site-packages/airflow/example_dags/example_bash_operator.py took 0.163 seconds
[2025-06-27T01:22:04.508+0000] {logging_mixin.py:188} INFO - [2025-06-27T01:22:04.506+0000] {settings.py:250} DEBUG - Setting up DB connection pool (PID 20946)
[2025-06-27T01:22:04.510+0000] {logging_mixin.py:188} INFO - [2025-06-27T01:22:04.510+0000] {settings.py:330} DEBUG - settings.prepare_engine_args(): Using pool settings. pool_size=5, max_overflow=10, pool_recycle=1800, pid=20946
[2025-06-27T01:22:04.522+0000] {processor.py:161} INFO - Started process (PID=20946) to work on /home/airflow/.local/lib/python3.10/site-packages/airflow/example_dags/example_bash_operator.py
[2025-06-27T01:22:04.523+0000] {processor.py:830} INFO - Processing file /home/airflow/.local/lib/python3.10/site-packages/airflow/example_dags/example_bash_operator.py for tasks to queue
[2025-06-27T01:22:04.525+0000] {logging_mixin.py:188} INFO - [2025-06-27T01:22:04.524+0000] {dagbag.py:545} INFO - Filling up the DagBag from /home/airflow/.local/lib/python3.10/site-packages/airflow/example_dags/example_bash_operator.py
[2025-06-27T01:22:04.527+0000] {logging_mixin.py:188} INFO - [2025-06-27T01:22:04.527+0000] {dagbag.py:337} DEBUG - Importing /home/airflow/.local/lib/python3.10/site-packages/airflow/example_dags/example_bash_operator.py
[2025-06-27T01:22:04.533+0000] {logging_mixin.py:188} INFO - [2025-06-27T01:22:04.532+0000] {GetText.py:65} DEBUG - /home/airflow/.local/lib/python3.10/site-packages/cron_descriptor/locale/en_US.mo Loaded
[2025-06-27T01:22:04.547+0000] {logging_mixin.py:188} INFO - [2025-06-27T01:22:04.545+0000] {dagbag.py:511} DEBUG - Loaded DAG <DAG: example_bash_operator>
[2025-06-27T01:22:04.549+0000] {logging_mixin.py:188} INFO - [2025-06-27T01:22:04.549+0000] {dagbag.py:511} DEBUG - Loaded DAG <DAG: example_bash_operator>
[2025-06-27T01:22:04.550+0000] {processor.py:840} INFO - DAG(s) 'example_bash_operator' retrieved from /home/airflow/.local/lib/python3.10/site-packages/airflow/example_dags/example_bash_operator.py
[2025-06-27T01:22:04.553+0000] {logging_mixin.py:188} INFO - [2025-06-27T01:22:04.552+0000] {dagbag.py:667} DEBUG - Running dagbag.sync_to_db with retries. Try 1 of 3
[2025-06-27T01:22:04.554+0000] {logging_mixin.py:188} INFO - [2025-06-27T01:22:04.553+0000] {dagbag.py:672} DEBUG - Calling the DAG.bulk_sync_to_db method
[2025-06-27T01:22:04.578+0000] {logging_mixin.py:188} INFO - [2025-06-27T01:22:04.578+0000] {serialized_dag.py:166} DEBUG - Checking if DAG (example_bash_operator) changed
[2025-06-27T01:22:04.584+0000] {logging_mixin.py:188} INFO - [2025-06-27T01:22:04.584+0000] {serialized_objects.py:624} DEBUG - Cast type <class 'airflow.models.param.ParamsDict'> to str in serialization.
[2025-06-27T01:22:04.590+0000] {logging_mixin.py:188} INFO - [2025-06-27T01:22:04.590+0000] {serialized_objects.py:624} DEBUG - Cast type <class 'airflow.models.param.ParamsDict'> to str in serialization.
[2025-06-27T01:22:04.595+0000] {logging_mixin.py:188} INFO - [2025-06-27T01:22:04.595+0000] {serialized_objects.py:624} DEBUG - Cast type <class 'airflow.models.param.ParamsDict'> to str in serialization.
[2025-06-27T01:22:04.599+0000] {logging_mixin.py:188} INFO - [2025-06-27T01:22:04.599+0000] {serialized_objects.py:624} DEBUG - Cast type <class 'airflow.models.param.ParamsDict'> to str in serialization.
[2025-06-27T01:22:04.603+0000] {logging_mixin.py:188} INFO - [2025-06-27T01:22:04.603+0000] {serialized_objects.py:624} DEBUG - Cast type <class 'airflow.models.param.ParamsDict'> to str in serialization.
[2025-06-27T01:22:04.607+0000] {logging_mixin.py:188} INFO - [2025-06-27T01:22:04.607+0000] {serialized_objects.py:624} DEBUG - Cast type <class 'airflow.models.param.ParamsDict'> to str in serialization.
[2025-06-27T01:22:04.612+0000] {logging_mixin.py:188} INFO - [2025-06-27T01:22:04.611+0000] {serialized_objects.py:624} DEBUG - Cast type <class 'airflow.models.param.ParamsDict'> to str in serialization.
[2025-06-27T01:22:04.621+0000] {logging_mixin.py:188} INFO - [2025-06-27T01:22:04.621+0000] {serialized_dag.py:177} DEBUG - Serialized DAG (example_bash_operator) is unchanged. Skipping writing to DB
[2025-06-27T01:22:04.622+0000] {logging_mixin.py:188} INFO - [2025-06-27T01:22:04.622+0000] {dag.py:3096} INFO - Sync 1 DAGs
[2025-06-27T01:22:04.660+0000] {logging_mixin.py:188} INFO - [2025-06-27T01:22:04.660+0000] {dag.py:3954} INFO - Setting next_dagrun for example_bash_operator to 2025-06-26 00:00:00+00:00, run_after=2025-06-27 00:00:00+00:00
[2025-06-27T01:22:04.699+0000] {processor.py:183} INFO - Processing /home/airflow/.local/lib/python3.10/site-packages/airflow/example_dags/example_bash_operator.py took 0.193 seconds
[2025-06-27T01:22:35.244+0000] {logging_mixin.py:188} INFO - [2025-06-27T01:22:35.243+0000] {settings.py:250} DEBUG - Setting up DB connection pool (PID 21009)
[2025-06-27T01:22:35.245+0000] {logging_mixin.py:188} INFO - [2025-06-27T01:22:35.245+0000] {settings.py:330} DEBUG - settings.prepare_engine_args(): Using pool settings. pool_size=5, max_overflow=10, pool_recycle=1800, pid=21009
[2025-06-27T01:22:35.258+0000] {processor.py:161} INFO - Started process (PID=21009) to work on /home/airflow/.local/lib/python3.10/site-packages/airflow/example_dags/example_bash_operator.py
[2025-06-27T01:22:35.259+0000] {processor.py:830} INFO - Processing file /home/airflow/.local/lib/python3.10/site-packages/airflow/example_dags/example_bash_operator.py for tasks to queue
[2025-06-27T01:22:35.261+0000] {logging_mixin.py:188} INFO - [2025-06-27T01:22:35.261+0000] {dagbag.py:545} INFO - Filling up the DagBag from /home/airflow/.local/lib/python3.10/site-packages/airflow/example_dags/example_bash_operator.py
[2025-06-27T01:22:35.264+0000] {logging_mixin.py:188} INFO - [2025-06-27T01:22:35.264+0000] {dagbag.py:337} DEBUG - Importing /home/airflow/.local/lib/python3.10/site-packages/airflow/example_dags/example_bash_operator.py
[2025-06-27T01:22:35.270+0000] {logging_mixin.py:188} INFO - [2025-06-27T01:22:35.269+0000] {GetText.py:65} DEBUG - /home/airflow/.local/lib/python3.10/site-packages/cron_descriptor/locale/en_US.mo Loaded
[2025-06-27T01:22:35.283+0000] {logging_mixin.py:188} INFO - [2025-06-27T01:22:35.282+0000] {dagbag.py:511} DEBUG - Loaded DAG <DAG: example_bash_operator>
[2025-06-27T01:22:35.285+0000] {logging_mixin.py:188} INFO - [2025-06-27T01:22:35.285+0000] {dagbag.py:511} DEBUG - Loaded DAG <DAG: example_bash_operator>
[2025-06-27T01:22:35.286+0000] {processor.py:840} INFO - DAG(s) 'example_bash_operator' retrieved from /home/airflow/.local/lib/python3.10/site-packages/airflow/example_dags/example_bash_operator.py
[2025-06-27T01:22:35.288+0000] {logging_mixin.py:188} INFO - [2025-06-27T01:22:35.288+0000] {dagbag.py:667} DEBUG - Running dagbag.sync_to_db with retries. Try 1 of 3
[2025-06-27T01:22:35.289+0000] {logging_mixin.py:188} INFO - [2025-06-27T01:22:35.289+0000] {dagbag.py:672} DEBUG - Calling the DAG.bulk_sync_to_db method
[2025-06-27T01:22:35.314+0000] {logging_mixin.py:188} INFO - [2025-06-27T01:22:35.313+0000] {serialized_dag.py:166} DEBUG - Checking if DAG (example_bash_operator) changed
[2025-06-27T01:22:35.323+0000] {logging_mixin.py:188} INFO - [2025-06-27T01:22:35.322+0000] {serialized_objects.py:624} DEBUG - Cast type <class 'airflow.models.param.ParamsDict'> to str in serialization.
[2025-06-27T01:22:35.327+0000] {logging_mixin.py:188} INFO - [2025-06-27T01:22:35.326+0000] {serialized_objects.py:624} DEBUG - Cast type <class 'airflow.models.param.ParamsDict'> to str in serialization.
[2025-06-27T01:22:35.331+0000] {logging_mixin.py:188} INFO - [2025-06-27T01:22:35.331+0000] {serialized_objects.py:624} DEBUG - Cast type <class 'airflow.models.param.ParamsDict'> to str in serialization.
[2025-06-27T01:22:35.335+0000] {logging_mixin.py:188} INFO - [2025-06-27T01:22:35.335+0000] {serialized_objects.py:624} DEBUG - Cast type <class 'airflow.models.param.ParamsDict'> to str in serialization.
[2025-06-27T01:22:35.339+0000] {logging_mixin.py:188} INFO - [2025-06-27T01:22:35.339+0000] {serialized_objects.py:624} DEBUG - Cast type <class 'airflow.models.param.ParamsDict'> to str in serialization.
[2025-06-27T01:22:35.343+0000] {logging_mixin.py:188} INFO - [2025-06-27T01:22:35.343+0000] {serialized_objects.py:624} DEBUG - Cast type <class 'airflow.models.param.ParamsDict'> to str in serialization.
[2025-06-27T01:22:35.346+0000] {logging_mixin.py:188} INFO - [2025-06-27T01:22:35.346+0000] {serialized_objects.py:624} DEBUG - Cast type <class 'airflow.models.param.ParamsDict'> to str in serialization.
[2025-06-27T01:22:35.357+0000] {logging_mixin.py:188} INFO - [2025-06-27T01:22:35.357+0000] {serialized_dag.py:177} DEBUG - Serialized DAG (example_bash_operator) is unchanged. Skipping writing to DB
[2025-06-27T01:22:35.359+0000] {logging_mixin.py:188} INFO - [2025-06-27T01:22:35.358+0000] {dag.py:3096} INFO - Sync 1 DAGs
[2025-06-27T01:22:35.391+0000] {logging_mixin.py:188} INFO - [2025-06-27T01:22:35.391+0000] {dag.py:3954} INFO - Setting next_dagrun for example_bash_operator to 2025-06-26 00:00:00+00:00, run_after=2025-06-27 00:00:00+00:00
[2025-06-27T01:22:35.418+0000] {processor.py:183} INFO - Processing /home/airflow/.local/lib/python3.10/site-packages/airflow/example_dags/example_bash_operator.py took 0.175 seconds
[2025-06-27T01:23:05.902+0000] {logging_mixin.py:188} INFO - [2025-06-27T01:23:05.900+0000] {settings.py:250} DEBUG - Setting up DB connection pool (PID 21072)
[2025-06-27T01:23:05.904+0000] {logging_mixin.py:188} INFO - [2025-06-27T01:23:05.903+0000] {settings.py:330} DEBUG - settings.prepare_engine_args(): Using pool settings. pool_size=5, max_overflow=10, pool_recycle=1800, pid=21072
[2025-06-27T01:23:05.916+0000] {processor.py:161} INFO - Started process (PID=21072) to work on /home/airflow/.local/lib/python3.10/site-packages/airflow/example_dags/example_bash_operator.py
[2025-06-27T01:23:05.917+0000] {processor.py:830} INFO - Processing file /home/airflow/.local/lib/python3.10/site-packages/airflow/example_dags/example_bash_operator.py for tasks to queue
[2025-06-27T01:23:05.919+0000] {logging_mixin.py:188} INFO - [2025-06-27T01:23:05.919+0000] {dagbag.py:545} INFO - Filling up the DagBag from /home/airflow/.local/lib/python3.10/site-packages/airflow/example_dags/example_bash_operator.py
[2025-06-27T01:23:05.921+0000] {logging_mixin.py:188} INFO - [2025-06-27T01:23:05.921+0000] {dagbag.py:337} DEBUG - Importing /home/airflow/.local/lib/python3.10/site-packages/airflow/example_dags/example_bash_operator.py
[2025-06-27T01:23:05.927+0000] {logging_mixin.py:188} INFO - [2025-06-27T01:23:05.926+0000] {GetText.py:65} DEBUG - /home/airflow/.local/lib/python3.10/site-packages/cron_descriptor/locale/en_US.mo Loaded
[2025-06-27T01:23:05.948+0000] {logging_mixin.py:188} INFO - [2025-06-27T01:23:05.946+0000] {dagbag.py:511} DEBUG - Loaded DAG <DAG: example_bash_operator>
[2025-06-27T01:23:05.952+0000] {logging_mixin.py:188} INFO - [2025-06-27T01:23:05.951+0000] {dagbag.py:511} DEBUG - Loaded DAG <DAG: example_bash_operator>
[2025-06-27T01:23:05.953+0000] {processor.py:840} INFO - DAG(s) 'example_bash_operator' retrieved from /home/airflow/.local/lib/python3.10/site-packages/airflow/example_dags/example_bash_operator.py
[2025-06-27T01:23:05.957+0000] {logging_mixin.py:188} INFO - [2025-06-27T01:23:05.957+0000] {dagbag.py:667} DEBUG - Running dagbag.sync_to_db with retries. Try 1 of 3
[2025-06-27T01:23:05.958+0000] {logging_mixin.py:188} INFO - [2025-06-27T01:23:05.958+0000] {dagbag.py:672} DEBUG - Calling the DAG.bulk_sync_to_db method
[2025-06-27T01:23:05.989+0000] {logging_mixin.py:188} INFO - [2025-06-27T01:23:05.988+0000] {serialized_dag.py:166} DEBUG - Checking if DAG (example_bash_operator) changed
[2025-06-27T01:23:05.998+0000] {logging_mixin.py:188} INFO - [2025-06-27T01:23:05.997+0000] {serialized_objects.py:624} DEBUG - Cast type <class 'airflow.models.param.ParamsDict'> to str in serialization.
[2025-06-27T01:23:06.002+0000] {logging_mixin.py:188} INFO - [2025-06-27T01:23:06.002+0000] {serialized_objects.py:624} DEBUG - Cast type <class 'airflow.models.param.ParamsDict'> to str in serialization.
[2025-06-27T01:23:06.005+0000] {logging_mixin.py:188} INFO - [2025-06-27T01:23:06.005+0000] {serialized_objects.py:624} DEBUG - Cast type <class 'airflow.models.param.ParamsDict'> to str in serialization.
[2025-06-27T01:23:06.008+0000] {logging_mixin.py:188} INFO - [2025-06-27T01:23:06.007+0000] {serialized_objects.py:624} DEBUG - Cast type <class 'airflow.models.param.ParamsDict'> to str in serialization.
[2025-06-27T01:23:06.012+0000] {logging_mixin.py:188} INFO - [2025-06-27T01:23:06.011+0000] {serialized_objects.py:624} DEBUG - Cast type <class 'airflow.models.param.ParamsDict'> to str in serialization.
[2025-06-27T01:23:06.015+0000] {logging_mixin.py:188} INFO - [2025-06-27T01:23:06.015+0000] {serialized_objects.py:624} DEBUG - Cast type <class 'airflow.models.param.ParamsDict'> to str in serialization.
[2025-06-27T01:23:06.017+0000] {logging_mixin.py:188} INFO - [2025-06-27T01:23:06.017+0000] {serialized_objects.py:624} DEBUG - Cast type <class 'airflow.models.param.ParamsDict'> to str in serialization.
[2025-06-27T01:23:06.027+0000] {logging_mixin.py:188} INFO - [2025-06-27T01:23:06.027+0000] {serialized_dag.py:177} DEBUG - Serialized DAG (example_bash_operator) is unchanged. Skipping writing to DB
[2025-06-27T01:23:06.028+0000] {logging_mixin.py:188} INFO - [2025-06-27T01:23:06.028+0000] {dag.py:3096} INFO - Sync 1 DAGs
[2025-06-27T01:23:06.064+0000] {logging_mixin.py:188} INFO - [2025-06-27T01:23:06.063+0000] {dag.py:3954} INFO - Setting next_dagrun for example_bash_operator to 2025-06-26 00:00:00+00:00, run_after=2025-06-27 00:00:00+00:00
[2025-06-27T01:23:06.096+0000] {processor.py:183} INFO - Processing /home/airflow/.local/lib/python3.10/site-packages/airflow/example_dags/example_bash_operator.py took 0.196 seconds
[2025-06-27T01:23:37.076+0000] {logging_mixin.py:188} INFO - [2025-06-27T01:23:37.075+0000] {settings.py:250} DEBUG - Setting up DB connection pool (PID 21137)
[2025-06-27T01:23:37.079+0000] {logging_mixin.py:188} INFO - [2025-06-27T01:23:37.078+0000] {settings.py:330} DEBUG - settings.prepare_engine_args(): Using pool settings. pool_size=5, max_overflow=10, pool_recycle=1800, pid=21137
[2025-06-27T01:23:37.091+0000] {processor.py:161} INFO - Started process (PID=21137) to work on /home/airflow/.local/lib/python3.10/site-packages/airflow/example_dags/example_bash_operator.py
[2025-06-27T01:23:37.092+0000] {processor.py:830} INFO - Processing file /home/airflow/.local/lib/python3.10/site-packages/airflow/example_dags/example_bash_operator.py for tasks to queue
[2025-06-27T01:23:37.094+0000] {logging_mixin.py:188} INFO - [2025-06-27T01:23:37.093+0000] {dagbag.py:545} INFO - Filling up the DagBag from /home/airflow/.local/lib/python3.10/site-packages/airflow/example_dags/example_bash_operator.py
[2025-06-27T01:23:37.096+0000] {logging_mixin.py:188} INFO - [2025-06-27T01:23:37.096+0000] {dagbag.py:337} DEBUG - Importing /home/airflow/.local/lib/python3.10/site-packages/airflow/example_dags/example_bash_operator.py
[2025-06-27T01:23:37.102+0000] {logging_mixin.py:188} INFO - [2025-06-27T01:23:37.102+0000] {GetText.py:65} DEBUG - /home/airflow/.local/lib/python3.10/site-packages/cron_descriptor/locale/en_US.mo Loaded
[2025-06-27T01:23:37.122+0000] {logging_mixin.py:188} INFO - [2025-06-27T01:23:37.119+0000] {dagbag.py:511} DEBUG - Loaded DAG <DAG: example_bash_operator>
[2025-06-27T01:23:37.127+0000] {logging_mixin.py:188} INFO - [2025-06-27T01:23:37.126+0000] {dagbag.py:511} DEBUG - Loaded DAG <DAG: example_bash_operator>
[2025-06-27T01:23:37.128+0000] {processor.py:840} INFO - DAG(s) 'example_bash_operator' retrieved from /home/airflow/.local/lib/python3.10/site-packages/airflow/example_dags/example_bash_operator.py
[2025-06-27T01:23:37.132+0000] {logging_mixin.py:188} INFO - [2025-06-27T01:23:37.131+0000] {dagbag.py:667} DEBUG - Running dagbag.sync_to_db with retries. Try 1 of 3
[2025-06-27T01:23:37.133+0000] {logging_mixin.py:188} INFO - [2025-06-27T01:23:37.133+0000] {dagbag.py:672} DEBUG - Calling the DAG.bulk_sync_to_db method
[2025-06-27T01:23:37.157+0000] {logging_mixin.py:188} INFO - [2025-06-27T01:23:37.157+0000] {serialized_dag.py:166} DEBUG - Checking if DAG (example_bash_operator) changed
[2025-06-27T01:23:37.167+0000] {logging_mixin.py:188} INFO - [2025-06-27T01:23:37.166+0000] {serialized_objects.py:624} DEBUG - Cast type <class 'airflow.models.param.ParamsDict'> to str in serialization.
[2025-06-27T01:23:37.170+0000] {logging_mixin.py:188} INFO - [2025-06-27T01:23:37.169+0000] {serialized_objects.py:624} DEBUG - Cast type <class 'airflow.models.param.ParamsDict'> to str in serialization.
[2025-06-27T01:23:37.174+0000] {logging_mixin.py:188} INFO - [2025-06-27T01:23:37.174+0000] {serialized_objects.py:624} DEBUG - Cast type <class 'airflow.models.param.ParamsDict'> to str in serialization.
[2025-06-27T01:23:37.178+0000] {logging_mixin.py:188} INFO - [2025-06-27T01:23:37.177+0000] {serialized_objects.py:624} DEBUG - Cast type <class 'airflow.models.param.ParamsDict'> to str in serialization.
[2025-06-27T01:23:37.181+0000] {logging_mixin.py:188} INFO - [2025-06-27T01:23:37.181+0000] {serialized_objects.py:624} DEBUG - Cast type <class 'airflow.models.param.ParamsDict'> to str in serialization.
[2025-06-27T01:23:37.186+0000] {logging_mixin.py:188} INFO - [2025-06-27T01:23:37.185+0000] {serialized_objects.py:624} DEBUG - Cast type <class 'airflow.models.param.ParamsDict'> to str in serialization.
[2025-06-27T01:23:37.189+0000] {logging_mixin.py:188} INFO - [2025-06-27T01:23:37.189+0000] {serialized_objects.py:624} DEBUG - Cast type <class 'airflow.models.param.ParamsDict'> to str in serialization.
[2025-06-27T01:23:37.200+0000] {logging_mixin.py:188} INFO - [2025-06-27T01:23:37.200+0000] {serialized_dag.py:177} DEBUG - Serialized DAG (example_bash_operator) is unchanged. Skipping writing to DB
[2025-06-27T01:23:37.201+0000] {logging_mixin.py:188} INFO - [2025-06-27T01:23:37.201+0000] {dag.py:3096} INFO - Sync 1 DAGs
[2025-06-27T01:23:37.254+0000] {logging_mixin.py:188} INFO - [2025-06-27T01:23:37.254+0000] {dag.py:3954} INFO - Setting next_dagrun for example_bash_operator to 2025-06-26 00:00:00+00:00, run_after=2025-06-27 00:00:00+00:00
[2025-06-27T01:23:37.301+0000] {processor.py:183} INFO - Processing /home/airflow/.local/lib/python3.10/site-packages/airflow/example_dags/example_bash_operator.py took 0.225 seconds
[2025-06-27T01:24:07.451+0000] {logging_mixin.py:188} INFO - [2025-06-27T01:24:07.450+0000] {settings.py:250} DEBUG - Setting up DB connection pool (PID 21200)
[2025-06-27T01:24:07.453+0000] {logging_mixin.py:188} INFO - [2025-06-27T01:24:07.453+0000] {settings.py:330} DEBUG - settings.prepare_engine_args(): Using pool settings. pool_size=5, max_overflow=10, pool_recycle=1800, pid=21200
[2025-06-27T01:24:07.476+0000] {processor.py:161} INFO - Started process (PID=21200) to work on /home/airflow/.local/lib/python3.10/site-packages/airflow/example_dags/example_bash_operator.py
[2025-06-27T01:24:07.478+0000] {processor.py:830} INFO - Processing file /home/airflow/.local/lib/python3.10/site-packages/airflow/example_dags/example_bash_operator.py for tasks to queue
[2025-06-27T01:24:07.480+0000] {logging_mixin.py:188} INFO - [2025-06-27T01:24:07.480+0000] {dagbag.py:545} INFO - Filling up the DagBag from /home/airflow/.local/lib/python3.10/site-packages/airflow/example_dags/example_bash_operator.py
[2025-06-27T01:24:07.484+0000] {logging_mixin.py:188} INFO - [2025-06-27T01:24:07.483+0000] {dagbag.py:337} DEBUG - Importing /home/airflow/.local/lib/python3.10/site-packages/airflow/example_dags/example_bash_operator.py
[2025-06-27T01:24:07.499+0000] {logging_mixin.py:188} INFO - [2025-06-27T01:24:07.498+0000] {GetText.py:65} DEBUG - /home/airflow/.local/lib/python3.10/site-packages/cron_descriptor/locale/en_US.mo Loaded
[2025-06-27T01:24:07.536+0000] {logging_mixin.py:188} INFO - [2025-06-27T01:24:07.531+0000] {dagbag.py:511} DEBUG - Loaded DAG <DAG: example_bash_operator>
[2025-06-27T01:24:07.538+0000] {logging_mixin.py:188} INFO - [2025-06-27T01:24:07.538+0000] {dagbag.py:511} DEBUG - Loaded DAG <DAG: example_bash_operator>
[2025-06-27T01:24:07.539+0000] {processor.py:840} INFO - DAG(s) 'example_bash_operator' retrieved from /home/airflow/.local/lib/python3.10/site-packages/airflow/example_dags/example_bash_operator.py
[2025-06-27T01:24:07.541+0000] {logging_mixin.py:188} INFO - [2025-06-27T01:24:07.541+0000] {dagbag.py:667} DEBUG - Running dagbag.sync_to_db with retries. Try 1 of 3
[2025-06-27T01:24:07.543+0000] {logging_mixin.py:188} INFO - [2025-06-27T01:24:07.543+0000] {dagbag.py:672} DEBUG - Calling the DAG.bulk_sync_to_db method
[2025-06-27T01:24:07.568+0000] {logging_mixin.py:188} INFO - [2025-06-27T01:24:07.568+0000] {serialized_dag.py:166} DEBUG - Checking if DAG (example_bash_operator) changed
[2025-06-27T01:24:07.574+0000] {logging_mixin.py:188} INFO - [2025-06-27T01:24:07.574+0000] {serialized_objects.py:624} DEBUG - Cast type <class 'airflow.models.param.ParamsDict'> to str in serialization.
[2025-06-27T01:24:07.578+0000] {logging_mixin.py:188} INFO - [2025-06-27T01:24:07.578+0000] {serialized_objects.py:624} DEBUG - Cast type <class 'airflow.models.param.ParamsDict'> to str in serialization.
[2025-06-27T01:24:07.582+0000] {logging_mixin.py:188} INFO - [2025-06-27T01:24:07.581+0000] {serialized_objects.py:624} DEBUG - Cast type <class 'airflow.models.param.ParamsDict'> to str in serialization.
[2025-06-27T01:24:07.585+0000] {logging_mixin.py:188} INFO - [2025-06-27T01:24:07.585+0000] {serialized_objects.py:624} DEBUG - Cast type <class 'airflow.models.param.ParamsDict'> to str in serialization.
[2025-06-27T01:24:07.587+0000] {logging_mixin.py:188} INFO - [2025-06-27T01:24:07.587+0000] {serialized_objects.py:624} DEBUG - Cast type <class 'airflow.models.param.ParamsDict'> to str in serialization.
[2025-06-27T01:24:07.590+0000] {logging_mixin.py:188} INFO - [2025-06-27T01:24:07.590+0000] {serialized_objects.py:624} DEBUG - Cast type <class 'airflow.models.param.ParamsDict'> to str in serialization.
[2025-06-27T01:24:07.593+0000] {logging_mixin.py:188} INFO - [2025-06-27T01:24:07.593+0000] {serialized_objects.py:624} DEBUG - Cast type <class 'airflow.models.param.ParamsDict'> to str in serialization.
[2025-06-27T01:24:07.604+0000] {logging_mixin.py:188} INFO - [2025-06-27T01:24:07.603+0000] {serialized_dag.py:177} DEBUG - Serialized DAG (example_bash_operator) is unchanged. Skipping writing to DB
[2025-06-27T01:24:07.605+0000] {logging_mixin.py:188} INFO - [2025-06-27T01:24:07.605+0000] {dag.py:3096} INFO - Sync 1 DAGs
[2025-06-27T01:24:07.644+0000] {logging_mixin.py:188} INFO - [2025-06-27T01:24:07.644+0000] {dag.py:3954} INFO - Setting next_dagrun for example_bash_operator to 2025-06-26 00:00:00+00:00, run_after=2025-06-27 00:00:00+00:00
[2025-06-27T01:24:07.678+0000] {processor.py:183} INFO - Processing /home/airflow/.local/lib/python3.10/site-packages/airflow/example_dags/example_bash_operator.py took 0.229 seconds
[2025-06-27T01:24:37.967+0000] {logging_mixin.py:188} INFO - [2025-06-27T01:24:37.966+0000] {settings.py:250} DEBUG - Setting up DB connection pool (PID 21263)
[2025-06-27T01:24:37.970+0000] {logging_mixin.py:188} INFO - [2025-06-27T01:24:37.969+0000] {settings.py:330} DEBUG - settings.prepare_engine_args(): Using pool settings. pool_size=5, max_overflow=10, pool_recycle=1800, pid=21263
[2025-06-27T01:24:37.983+0000] {processor.py:161} INFO - Started process (PID=21263) to work on /home/airflow/.local/lib/python3.10/site-packages/airflow/example_dags/example_bash_operator.py
[2025-06-27T01:24:37.984+0000] {processor.py:830} INFO - Processing file /home/airflow/.local/lib/python3.10/site-packages/airflow/example_dags/example_bash_operator.py for tasks to queue
[2025-06-27T01:24:37.985+0000] {logging_mixin.py:188} INFO - [2025-06-27T01:24:37.985+0000] {dagbag.py:545} INFO - Filling up the DagBag from /home/airflow/.local/lib/python3.10/site-packages/airflow/example_dags/example_bash_operator.py
[2025-06-27T01:24:37.988+0000] {logging_mixin.py:188} INFO - [2025-06-27T01:24:37.988+0000] {dagbag.py:337} DEBUG - Importing /home/airflow/.local/lib/python3.10/site-packages/airflow/example_dags/example_bash_operator.py
[2025-06-27T01:24:37.996+0000] {logging_mixin.py:188} INFO - [2025-06-27T01:24:37.995+0000] {GetText.py:65} DEBUG - /home/airflow/.local/lib/python3.10/site-packages/cron_descriptor/locale/en_US.mo Loaded
[2025-06-27T01:24:38.015+0000] {logging_mixin.py:188} INFO - [2025-06-27T01:24:38.014+0000] {dagbag.py:511} DEBUG - Loaded DAG <DAG: example_bash_operator>
[2025-06-27T01:24:38.019+0000] {logging_mixin.py:188} INFO - [2025-06-27T01:24:38.018+0000] {dagbag.py:511} DEBUG - Loaded DAG <DAG: example_bash_operator>
[2025-06-27T01:24:38.020+0000] {processor.py:840} INFO - DAG(s) 'example_bash_operator' retrieved from /home/airflow/.local/lib/python3.10/site-packages/airflow/example_dags/example_bash_operator.py
[2025-06-27T01:24:38.023+0000] {logging_mixin.py:188} INFO - [2025-06-27T01:24:38.022+0000] {dagbag.py:667} DEBUG - Running dagbag.sync_to_db with retries. Try 1 of 3
[2025-06-27T01:24:38.024+0000] {logging_mixin.py:188} INFO - [2025-06-27T01:24:38.023+0000] {dagbag.py:672} DEBUG - Calling the DAG.bulk_sync_to_db method
[2025-06-27T01:24:38.050+0000] {logging_mixin.py:188} INFO - [2025-06-27T01:24:38.050+0000] {serialized_dag.py:166} DEBUG - Checking if DAG (example_bash_operator) changed
[2025-06-27T01:24:38.057+0000] {logging_mixin.py:188} INFO - [2025-06-27T01:24:38.056+0000] {serialized_objects.py:624} DEBUG - Cast type <class 'airflow.models.param.ParamsDict'> to str in serialization.
[2025-06-27T01:24:38.062+0000] {logging_mixin.py:188} INFO - [2025-06-27T01:24:38.061+0000] {serialized_objects.py:624} DEBUG - Cast type <class 'airflow.models.param.ParamsDict'> to str in serialization.
[2025-06-27T01:24:38.065+0000] {logging_mixin.py:188} INFO - [2025-06-27T01:24:38.065+0000] {serialized_objects.py:624} DEBUG - Cast type <class 'airflow.models.param.ParamsDict'> to str in serialization.
[2025-06-27T01:24:38.068+0000] {logging_mixin.py:188} INFO - [2025-06-27T01:24:38.068+0000] {serialized_objects.py:624} DEBUG - Cast type <class 'airflow.models.param.ParamsDict'> to str in serialization.
[2025-06-27T01:24:38.071+0000] {logging_mixin.py:188} INFO - [2025-06-27T01:24:38.071+0000] {serialized_objects.py:624} DEBUG - Cast type <class 'airflow.models.param.ParamsDict'> to str in serialization.
[2025-06-27T01:24:38.075+0000] {logging_mixin.py:188} INFO - [2025-06-27T01:24:38.075+0000] {serialized_objects.py:624} DEBUG - Cast type <class 'airflow.models.param.ParamsDict'> to str in serialization.
[2025-06-27T01:24:38.079+0000] {logging_mixin.py:188} INFO - [2025-06-27T01:24:38.079+0000] {serialized_objects.py:624} DEBUG - Cast type <class 'airflow.models.param.ParamsDict'> to str in serialization.
[2025-06-27T01:24:38.091+0000] {logging_mixin.py:188} INFO - [2025-06-27T01:24:38.091+0000] {serialized_dag.py:177} DEBUG - Serialized DAG (example_bash_operator) is unchanged. Skipping writing to DB
[2025-06-27T01:24:38.092+0000] {logging_mixin.py:188} INFO - [2025-06-27T01:24:38.092+0000] {dag.py:3096} INFO - Sync 1 DAGs
[2025-06-27T01:24:38.125+0000] {logging_mixin.py:188} INFO - [2025-06-27T01:24:38.124+0000] {dag.py:3954} INFO - Setting next_dagrun for example_bash_operator to 2025-06-26 00:00:00+00:00, run_after=2025-06-27 00:00:00+00:00
[2025-06-27T01:24:38.155+0000] {processor.py:183} INFO - Processing /home/airflow/.local/lib/python3.10/site-packages/airflow/example_dags/example_bash_operator.py took 0.189 seconds
[2025-06-27T01:25:08.317+0000] {logging_mixin.py:188} INFO - [2025-06-27T01:25:08.316+0000] {settings.py:250} DEBUG - Setting up DB connection pool (PID 21326)
[2025-06-27T01:25:08.319+0000] {logging_mixin.py:188} INFO - [2025-06-27T01:25:08.319+0000] {settings.py:330} DEBUG - settings.prepare_engine_args(): Using pool settings. pool_size=5, max_overflow=10, pool_recycle=1800, pid=21326
[2025-06-27T01:25:08.331+0000] {processor.py:161} INFO - Started process (PID=21326) to work on /home/airflow/.local/lib/python3.10/site-packages/airflow/example_dags/example_bash_operator.py
[2025-06-27T01:25:08.333+0000] {processor.py:830} INFO - Processing file /home/airflow/.local/lib/python3.10/site-packages/airflow/example_dags/example_bash_operator.py for tasks to queue
[2025-06-27T01:25:08.335+0000] {logging_mixin.py:188} INFO - [2025-06-27T01:25:08.334+0000] {dagbag.py:545} INFO - Filling up the DagBag from /home/airflow/.local/lib/python3.10/site-packages/airflow/example_dags/example_bash_operator.py
[2025-06-27T01:25:08.337+0000] {logging_mixin.py:188} INFO - [2025-06-27T01:25:08.337+0000] {dagbag.py:337} DEBUG - Importing /home/airflow/.local/lib/python3.10/site-packages/airflow/example_dags/example_bash_operator.py
[2025-06-27T01:25:08.343+0000] {logging_mixin.py:188} INFO - [2025-06-27T01:25:08.343+0000] {GetText.py:65} DEBUG - /home/airflow/.local/lib/python3.10/site-packages/cron_descriptor/locale/en_US.mo Loaded
[2025-06-27T01:25:08.360+0000] {logging_mixin.py:188} INFO - [2025-06-27T01:25:08.358+0000] {dagbag.py:511} DEBUG - Loaded DAG <DAG: example_bash_operator>
[2025-06-27T01:25:08.363+0000] {logging_mixin.py:188} INFO - [2025-06-27T01:25:08.362+0000] {dagbag.py:511} DEBUG - Loaded DAG <DAG: example_bash_operator>
[2025-06-27T01:25:08.364+0000] {processor.py:840} INFO - DAG(s) 'example_bash_operator' retrieved from /home/airflow/.local/lib/python3.10/site-packages/airflow/example_dags/example_bash_operator.py
[2025-06-27T01:25:08.366+0000] {logging_mixin.py:188} INFO - [2025-06-27T01:25:08.366+0000] {dagbag.py:667} DEBUG - Running dagbag.sync_to_db with retries. Try 1 of 3
[2025-06-27T01:25:08.367+0000] {logging_mixin.py:188} INFO - [2025-06-27T01:25:08.367+0000] {dagbag.py:672} DEBUG - Calling the DAG.bulk_sync_to_db method
[2025-06-27T01:25:08.393+0000] {logging_mixin.py:188} INFO - [2025-06-27T01:25:08.392+0000] {serialized_dag.py:166} DEBUG - Checking if DAG (example_bash_operator) changed
[2025-06-27T01:25:08.398+0000] {logging_mixin.py:188} INFO - [2025-06-27T01:25:08.398+0000] {serialized_objects.py:624} DEBUG - Cast type <class 'airflow.models.param.ParamsDict'> to str in serialization.
[2025-06-27T01:25:08.401+0000] {logging_mixin.py:188} INFO - [2025-06-27T01:25:08.401+0000] {serialized_objects.py:624} DEBUG - Cast type <class 'airflow.models.param.ParamsDict'> to str in serialization.
[2025-06-27T01:25:08.404+0000] {logging_mixin.py:188} INFO - [2025-06-27T01:25:08.404+0000] {serialized_objects.py:624} DEBUG - Cast type <class 'airflow.models.param.ParamsDict'> to str in serialization.
[2025-06-27T01:25:08.407+0000] {logging_mixin.py:188} INFO - [2025-06-27T01:25:08.407+0000] {serialized_objects.py:624} DEBUG - Cast type <class 'airflow.models.param.ParamsDict'> to str in serialization.
[2025-06-27T01:25:08.410+0000] {logging_mixin.py:188} INFO - [2025-06-27T01:25:08.410+0000] {serialized_objects.py:624} DEBUG - Cast type <class 'airflow.models.param.ParamsDict'> to str in serialization.
[2025-06-27T01:25:08.413+0000] {logging_mixin.py:188} INFO - [2025-06-27T01:25:08.413+0000] {serialized_objects.py:624} DEBUG - Cast type <class 'airflow.models.param.ParamsDict'> to str in serialization.
[2025-06-27T01:25:08.416+0000] {logging_mixin.py:188} INFO - [2025-06-27T01:25:08.416+0000] {serialized_objects.py:624} DEBUG - Cast type <class 'airflow.models.param.ParamsDict'> to str in serialization.
[2025-06-27T01:25:08.424+0000] {logging_mixin.py:188} INFO - [2025-06-27T01:25:08.423+0000] {serialized_dag.py:177} DEBUG - Serialized DAG (example_bash_operator) is unchanged. Skipping writing to DB
[2025-06-27T01:25:08.425+0000] {logging_mixin.py:188} INFO - [2025-06-27T01:25:08.425+0000] {dag.py:3096} INFO - Sync 1 DAGs
[2025-06-27T01:25:08.466+0000] {logging_mixin.py:188} INFO - [2025-06-27T01:25:08.465+0000] {dag.py:3954} INFO - Setting next_dagrun for example_bash_operator to 2025-06-26 00:00:00+00:00, run_after=2025-06-27 00:00:00+00:00
[2025-06-27T01:25:08.498+0000] {processor.py:183} INFO - Processing /home/airflow/.local/lib/python3.10/site-packages/airflow/example_dags/example_bash_operator.py took 0.183 seconds
[2025-06-27T01:25:38.862+0000] {logging_mixin.py:188} INFO - [2025-06-27T01:25:38.860+0000] {settings.py:250} DEBUG - Setting up DB connection pool (PID 21387)
[2025-06-27T01:25:38.864+0000] {logging_mixin.py:188} INFO - [2025-06-27T01:25:38.863+0000] {settings.py:330} DEBUG - settings.prepare_engine_args(): Using pool settings. pool_size=5, max_overflow=10, pool_recycle=1800, pid=21387
[2025-06-27T01:25:38.877+0000] {processor.py:161} INFO - Started process (PID=21387) to work on /home/airflow/.local/lib/python3.10/site-packages/airflow/example_dags/example_bash_operator.py
[2025-06-27T01:25:38.878+0000] {processor.py:830} INFO - Processing file /home/airflow/.local/lib/python3.10/site-packages/airflow/example_dags/example_bash_operator.py for tasks to queue
[2025-06-27T01:25:38.879+0000] {logging_mixin.py:188} INFO - [2025-06-27T01:25:38.879+0000] {dagbag.py:545} INFO - Filling up the DagBag from /home/airflow/.local/lib/python3.10/site-packages/airflow/example_dags/example_bash_operator.py
[2025-06-27T01:25:38.882+0000] {logging_mixin.py:188} INFO - [2025-06-27T01:25:38.882+0000] {dagbag.py:337} DEBUG - Importing /home/airflow/.local/lib/python3.10/site-packages/airflow/example_dags/example_bash_operator.py
[2025-06-27T01:25:38.889+0000] {logging_mixin.py:188} INFO - [2025-06-27T01:25:38.888+0000] {GetText.py:65} DEBUG - /home/airflow/.local/lib/python3.10/site-packages/cron_descriptor/locale/en_US.mo Loaded
[2025-06-27T01:25:38.905+0000] {logging_mixin.py:188} INFO - [2025-06-27T01:25:38.903+0000] {dagbag.py:511} DEBUG - Loaded DAG <DAG: example_bash_operator>
[2025-06-27T01:25:38.906+0000] {logging_mixin.py:188} INFO - [2025-06-27T01:25:38.906+0000] {dagbag.py:511} DEBUG - Loaded DAG <DAG: example_bash_operator>
[2025-06-27T01:25:38.907+0000] {processor.py:840} INFO - DAG(s) 'example_bash_operator' retrieved from /home/airflow/.local/lib/python3.10/site-packages/airflow/example_dags/example_bash_operator.py
[2025-06-27T01:25:38.910+0000] {logging_mixin.py:188} INFO - [2025-06-27T01:25:38.909+0000] {dagbag.py:667} DEBUG - Running dagbag.sync_to_db with retries. Try 1 of 3
[2025-06-27T01:25:38.910+0000] {logging_mixin.py:188} INFO - [2025-06-27T01:25:38.910+0000] {dagbag.py:672} DEBUG - Calling the DAG.bulk_sync_to_db method
[2025-06-27T01:25:38.935+0000] {logging_mixin.py:188} INFO - [2025-06-27T01:25:38.935+0000] {serialized_dag.py:166} DEBUG - Checking if DAG (example_bash_operator) changed
[2025-06-27T01:25:38.943+0000] {logging_mixin.py:188} INFO - [2025-06-27T01:25:38.942+0000] {serialized_objects.py:624} DEBUG - Cast type <class 'airflow.models.param.ParamsDict'> to str in serialization.
[2025-06-27T01:25:38.947+0000] {logging_mixin.py:188} INFO - [2025-06-27T01:25:38.947+0000] {serialized_objects.py:624} DEBUG - Cast type <class 'airflow.models.param.ParamsDict'> to str in serialization.
[2025-06-27T01:25:38.950+0000] {logging_mixin.py:188} INFO - [2025-06-27T01:25:38.950+0000] {serialized_objects.py:624} DEBUG - Cast type <class 'airflow.models.param.ParamsDict'> to str in serialization.
[2025-06-27T01:25:38.953+0000] {logging_mixin.py:188} INFO - [2025-06-27T01:25:38.952+0000] {serialized_objects.py:624} DEBUG - Cast type <class 'airflow.models.param.ParamsDict'> to str in serialization.
[2025-06-27T01:25:38.955+0000] {logging_mixin.py:188} INFO - [2025-06-27T01:25:38.955+0000] {serialized_objects.py:624} DEBUG - Cast type <class 'airflow.models.param.ParamsDict'> to str in serialization.
[2025-06-27T01:25:38.958+0000] {logging_mixin.py:188} INFO - [2025-06-27T01:25:38.957+0000] {serialized_objects.py:624} DEBUG - Cast type <class 'airflow.models.param.ParamsDict'> to str in serialization.
[2025-06-27T01:25:38.961+0000] {logging_mixin.py:188} INFO - [2025-06-27T01:25:38.961+0000] {serialized_objects.py:624} DEBUG - Cast type <class 'airflow.models.param.ParamsDict'> to str in serialization.
[2025-06-27T01:25:38.971+0000] {logging_mixin.py:188} INFO - [2025-06-27T01:25:38.971+0000] {serialized_dag.py:177} DEBUG - Serialized DAG (example_bash_operator) is unchanged. Skipping writing to DB
[2025-06-27T01:25:38.972+0000] {logging_mixin.py:188} INFO - [2025-06-27T01:25:38.972+0000] {dag.py:3096} INFO - Sync 1 DAGs
[2025-06-27T01:25:39.008+0000] {logging_mixin.py:188} INFO - [2025-06-27T01:25:39.007+0000] {dag.py:3954} INFO - Setting next_dagrun for example_bash_operator to 2025-06-26 00:00:00+00:00, run_after=2025-06-27 00:00:00+00:00
[2025-06-27T01:25:39.035+0000] {processor.py:183} INFO - Processing /home/airflow/.local/lib/python3.10/site-packages/airflow/example_dags/example_bash_operator.py took 0.175 seconds
[2025-06-27T01:26:09.214+0000] {logging_mixin.py:188} INFO - [2025-06-27T01:26:09.213+0000] {settings.py:250} DEBUG - Setting up DB connection pool (PID 21450)
[2025-06-27T01:26:09.216+0000] {logging_mixin.py:188} INFO - [2025-06-27T01:26:09.216+0000] {settings.py:330} DEBUG - settings.prepare_engine_args(): Using pool settings. pool_size=5, max_overflow=10, pool_recycle=1800, pid=21450
[2025-06-27T01:26:09.227+0000] {processor.py:161} INFO - Started process (PID=21450) to work on /home/airflow/.local/lib/python3.10/site-packages/airflow/example_dags/example_bash_operator.py
[2025-06-27T01:26:09.229+0000] {processor.py:830} INFO - Processing file /home/airflow/.local/lib/python3.10/site-packages/airflow/example_dags/example_bash_operator.py for tasks to queue
[2025-06-27T01:26:09.230+0000] {logging_mixin.py:188} INFO - [2025-06-27T01:26:09.230+0000] {dagbag.py:545} INFO - Filling up the DagBag from /home/airflow/.local/lib/python3.10/site-packages/airflow/example_dags/example_bash_operator.py
[2025-06-27T01:26:09.233+0000] {logging_mixin.py:188} INFO - [2025-06-27T01:26:09.233+0000] {dagbag.py:337} DEBUG - Importing /home/airflow/.local/lib/python3.10/site-packages/airflow/example_dags/example_bash_operator.py
[2025-06-27T01:26:09.239+0000] {logging_mixin.py:188} INFO - [2025-06-27T01:26:09.239+0000] {GetText.py:65} DEBUG - /home/airflow/.local/lib/python3.10/site-packages/cron_descriptor/locale/en_US.mo Loaded
[2025-06-27T01:26:09.255+0000] {logging_mixin.py:188} INFO - [2025-06-27T01:26:09.253+0000] {dagbag.py:511} DEBUG - Loaded DAG <DAG: example_bash_operator>
[2025-06-27T01:26:09.257+0000] {logging_mixin.py:188} INFO - [2025-06-27T01:26:09.257+0000] {dagbag.py:511} DEBUG - Loaded DAG <DAG: example_bash_operator>
[2025-06-27T01:26:09.258+0000] {processor.py:840} INFO - DAG(s) 'example_bash_operator' retrieved from /home/airflow/.local/lib/python3.10/site-packages/airflow/example_dags/example_bash_operator.py
[2025-06-27T01:26:09.260+0000] {logging_mixin.py:188} INFO - [2025-06-27T01:26:09.260+0000] {dagbag.py:667} DEBUG - Running dagbag.sync_to_db with retries. Try 1 of 3
[2025-06-27T01:26:09.261+0000] {logging_mixin.py:188} INFO - [2025-06-27T01:26:09.261+0000] {dagbag.py:672} DEBUG - Calling the DAG.bulk_sync_to_db method
[2025-06-27T01:26:09.291+0000] {logging_mixin.py:188} INFO - [2025-06-27T01:26:09.290+0000] {serialized_dag.py:166} DEBUG - Checking if DAG (example_bash_operator) changed
[2025-06-27T01:26:09.300+0000] {logging_mixin.py:188} INFO - [2025-06-27T01:26:09.298+0000] {serialized_objects.py:624} DEBUG - Cast type <class 'airflow.models.param.ParamsDict'> to str in serialization.
[2025-06-27T01:26:09.305+0000] {logging_mixin.py:188} INFO - [2025-06-27T01:26:09.305+0000] {serialized_objects.py:624} DEBUG - Cast type <class 'airflow.models.param.ParamsDict'> to str in serialization.
[2025-06-27T01:26:09.309+0000] {logging_mixin.py:188} INFO - [2025-06-27T01:26:09.308+0000] {serialized_objects.py:624} DEBUG - Cast type <class 'airflow.models.param.ParamsDict'> to str in serialization.
[2025-06-27T01:26:09.312+0000] {logging_mixin.py:188} INFO - [2025-06-27T01:26:09.312+0000] {serialized_objects.py:624} DEBUG - Cast type <class 'airflow.models.param.ParamsDict'> to str in serialization.
[2025-06-27T01:26:09.316+0000] {logging_mixin.py:188} INFO - [2025-06-27T01:26:09.316+0000] {serialized_objects.py:624} DEBUG - Cast type <class 'airflow.models.param.ParamsDict'> to str in serialization.
[2025-06-27T01:26:09.319+0000] {logging_mixin.py:188} INFO - [2025-06-27T01:26:09.319+0000] {serialized_objects.py:624} DEBUG - Cast type <class 'airflow.models.param.ParamsDict'> to str in serialization.
[2025-06-27T01:26:09.322+0000] {logging_mixin.py:188} INFO - [2025-06-27T01:26:09.322+0000] {serialized_objects.py:624} DEBUG - Cast type <class 'airflow.models.param.ParamsDict'> to str in serialization.
[2025-06-27T01:26:09.335+0000] {logging_mixin.py:188} INFO - [2025-06-27T01:26:09.335+0000] {serialized_dag.py:177} DEBUG - Serialized DAG (example_bash_operator) is unchanged. Skipping writing to DB
[2025-06-27T01:26:09.337+0000] {logging_mixin.py:188} INFO - [2025-06-27T01:26:09.337+0000] {dag.py:3096} INFO - Sync 1 DAGs
[2025-06-27T01:26:09.376+0000] {logging_mixin.py:188} INFO - [2025-06-27T01:26:09.375+0000] {dag.py:3954} INFO - Setting next_dagrun for example_bash_operator to 2025-06-26 00:00:00+00:00, run_after=2025-06-27 00:00:00+00:00
[2025-06-27T01:26:09.405+0000] {processor.py:183} INFO - Processing /home/airflow/.local/lib/python3.10/site-packages/airflow/example_dags/example_bash_operator.py took 0.193 seconds
[2025-06-27T01:26:40.053+0000] {logging_mixin.py:188} INFO - [2025-06-27T01:26:40.052+0000] {settings.py:250} DEBUG - Setting up DB connection pool (PID 21514)
[2025-06-27T01:26:40.056+0000] {logging_mixin.py:188} INFO - [2025-06-27T01:26:40.055+0000] {settings.py:330} DEBUG - settings.prepare_engine_args(): Using pool settings. pool_size=5, max_overflow=10, pool_recycle=1800, pid=21514
[2025-06-27T01:26:40.070+0000] {processor.py:161} INFO - Started process (PID=21514) to work on /home/airflow/.local/lib/python3.10/site-packages/airflow/example_dags/example_bash_operator.py
[2025-06-27T01:26:40.071+0000] {processor.py:830} INFO - Processing file /home/airflow/.local/lib/python3.10/site-packages/airflow/example_dags/example_bash_operator.py for tasks to queue
[2025-06-27T01:26:40.073+0000] {logging_mixin.py:188} INFO - [2025-06-27T01:26:40.072+0000] {dagbag.py:545} INFO - Filling up the DagBag from /home/airflow/.local/lib/python3.10/site-packages/airflow/example_dags/example_bash_operator.py
[2025-06-27T01:26:40.076+0000] {logging_mixin.py:188} INFO - [2025-06-27T01:26:40.075+0000] {dagbag.py:337} DEBUG - Importing /home/airflow/.local/lib/python3.10/site-packages/airflow/example_dags/example_bash_operator.py
[2025-06-27T01:26:40.081+0000] {logging_mixin.py:188} INFO - [2025-06-27T01:26:40.080+0000] {GetText.py:65} DEBUG - /home/airflow/.local/lib/python3.10/site-packages/cron_descriptor/locale/en_US.mo Loaded
[2025-06-27T01:26:40.101+0000] {logging_mixin.py:188} INFO - [2025-06-27T01:26:40.099+0000] {dagbag.py:511} DEBUG - Loaded DAG <DAG: example_bash_operator>
[2025-06-27T01:26:40.103+0000] {logging_mixin.py:188} INFO - [2025-06-27T01:26:40.103+0000] {dagbag.py:511} DEBUG - Loaded DAG <DAG: example_bash_operator>
[2025-06-27T01:26:40.104+0000] {processor.py:840} INFO - DAG(s) 'example_bash_operator' retrieved from /home/airflow/.local/lib/python3.10/site-packages/airflow/example_dags/example_bash_operator.py
[2025-06-27T01:26:40.106+0000] {logging_mixin.py:188} INFO - [2025-06-27T01:26:40.105+0000] {dagbag.py:667} DEBUG - Running dagbag.sync_to_db with retries. Try 1 of 3
[2025-06-27T01:26:40.107+0000] {logging_mixin.py:188} INFO - [2025-06-27T01:26:40.106+0000] {dagbag.py:672} DEBUG - Calling the DAG.bulk_sync_to_db method
[2025-06-27T01:26:40.131+0000] {logging_mixin.py:188} INFO - [2025-06-27T01:26:40.131+0000] {serialized_dag.py:166} DEBUG - Checking if DAG (example_bash_operator) changed
[2025-06-27T01:26:40.136+0000] {logging_mixin.py:188} INFO - [2025-06-27T01:26:40.135+0000] {serialized_objects.py:624} DEBUG - Cast type <class 'airflow.models.param.ParamsDict'> to str in serialization.
[2025-06-27T01:26:40.139+0000] {logging_mixin.py:188} INFO - [2025-06-27T01:26:40.139+0000] {serialized_objects.py:624} DEBUG - Cast type <class 'airflow.models.param.ParamsDict'> to str in serialization.
[2025-06-27T01:26:40.141+0000] {logging_mixin.py:188} INFO - [2025-06-27T01:26:40.141+0000] {serialized_objects.py:624} DEBUG - Cast type <class 'airflow.models.param.ParamsDict'> to str in serialization.
[2025-06-27T01:26:40.144+0000] {logging_mixin.py:188} INFO - [2025-06-27T01:26:40.144+0000] {serialized_objects.py:624} DEBUG - Cast type <class 'airflow.models.param.ParamsDict'> to str in serialization.
[2025-06-27T01:26:40.147+0000] {logging_mixin.py:188} INFO - [2025-06-27T01:26:40.146+0000] {serialized_objects.py:624} DEBUG - Cast type <class 'airflow.models.param.ParamsDict'> to str in serialization.
[2025-06-27T01:26:40.150+0000] {logging_mixin.py:188} INFO - [2025-06-27T01:26:40.149+0000] {serialized_objects.py:624} DEBUG - Cast type <class 'airflow.models.param.ParamsDict'> to str in serialization.
[2025-06-27T01:26:40.152+0000] {logging_mixin.py:188} INFO - [2025-06-27T01:26:40.152+0000] {serialized_objects.py:624} DEBUG - Cast type <class 'airflow.models.param.ParamsDict'> to str in serialization.
[2025-06-27T01:26:40.161+0000] {logging_mixin.py:188} INFO - [2025-06-27T01:26:40.160+0000] {serialized_dag.py:177} DEBUG - Serialized DAG (example_bash_operator) is unchanged. Skipping writing to DB
[2025-06-27T01:26:40.162+0000] {logging_mixin.py:188} INFO - [2025-06-27T01:26:40.162+0000] {dag.py:3096} INFO - Sync 1 DAGs
[2025-06-27T01:26:40.193+0000] {logging_mixin.py:188} INFO - [2025-06-27T01:26:40.193+0000] {dag.py:3954} INFO - Setting next_dagrun for example_bash_operator to 2025-06-26 00:00:00+00:00, run_after=2025-06-27 00:00:00+00:00
[2025-06-27T01:26:40.230+0000] {processor.py:183} INFO - Processing /home/airflow/.local/lib/python3.10/site-packages/airflow/example_dags/example_bash_operator.py took 0.178 seconds
[2025-06-27T01:27:11.063+0000] {logging_mixin.py:188} INFO - [2025-06-27T01:27:11.062+0000] {settings.py:250} DEBUG - Setting up DB connection pool (PID 21577)
[2025-06-27T01:27:11.066+0000] {logging_mixin.py:188} INFO - [2025-06-27T01:27:11.065+0000] {settings.py:330} DEBUG - settings.prepare_engine_args(): Using pool settings. pool_size=5, max_overflow=10, pool_recycle=1800, pid=21577
[2025-06-27T01:27:11.089+0000] {processor.py:161} INFO - Started process (PID=21577) to work on /home/airflow/.local/lib/python3.10/site-packages/airflow/example_dags/example_bash_operator.py
[2025-06-27T01:27:11.091+0000] {processor.py:830} INFO - Processing file /home/airflow/.local/lib/python3.10/site-packages/airflow/example_dags/example_bash_operator.py for tasks to queue
[2025-06-27T01:27:11.101+0000] {logging_mixin.py:188} INFO - [2025-06-27T01:27:11.101+0000] {dagbag.py:545} INFO - Filling up the DagBag from /home/airflow/.local/lib/python3.10/site-packages/airflow/example_dags/example_bash_operator.py
[2025-06-27T01:27:11.105+0000] {logging_mixin.py:188} INFO - [2025-06-27T01:27:11.104+0000] {dagbag.py:337} DEBUG - Importing /home/airflow/.local/lib/python3.10/site-packages/airflow/example_dags/example_bash_operator.py
[2025-06-27T01:27:11.112+0000] {logging_mixin.py:188} INFO - [2025-06-27T01:27:11.112+0000] {GetText.py:65} DEBUG - /home/airflow/.local/lib/python3.10/site-packages/cron_descriptor/locale/en_US.mo Loaded
[2025-06-27T01:27:11.162+0000] {logging_mixin.py:188} INFO - [2025-06-27T01:27:11.157+0000] {dagbag.py:511} DEBUG - Loaded DAG <DAG: example_bash_operator>
[2025-06-27T01:27:11.164+0000] {logging_mixin.py:188} INFO - [2025-06-27T01:27:11.164+0000] {dagbag.py:511} DEBUG - Loaded DAG <DAG: example_bash_operator>
[2025-06-27T01:27:11.165+0000] {processor.py:840} INFO - DAG(s) 'example_bash_operator' retrieved from /home/airflow/.local/lib/python3.10/site-packages/airflow/example_dags/example_bash_operator.py
[2025-06-27T01:27:11.168+0000] {logging_mixin.py:188} INFO - [2025-06-27T01:27:11.168+0000] {dagbag.py:667} DEBUG - Running dagbag.sync_to_db with retries. Try 1 of 3
[2025-06-27T01:27:11.170+0000] {logging_mixin.py:188} INFO - [2025-06-27T01:27:11.169+0000] {dagbag.py:672} DEBUG - Calling the DAG.bulk_sync_to_db method
[2025-06-27T01:27:11.214+0000] {logging_mixin.py:188} INFO - [2025-06-27T01:27:11.214+0000] {serialized_dag.py:166} DEBUG - Checking if DAG (example_bash_operator) changed
[2025-06-27T01:27:11.224+0000] {logging_mixin.py:188} INFO - [2025-06-27T01:27:11.223+0000] {serialized_objects.py:624} DEBUG - Cast type <class 'airflow.models.param.ParamsDict'> to str in serialization.
[2025-06-27T01:27:11.239+0000] {logging_mixin.py:188} INFO - [2025-06-27T01:27:11.239+0000] {serialized_objects.py:624} DEBUG - Cast type <class 'airflow.models.param.ParamsDict'> to str in serialization.
[2025-06-27T01:27:11.244+0000] {logging_mixin.py:188} INFO - [2025-06-27T01:27:11.243+0000] {serialized_objects.py:624} DEBUG - Cast type <class 'airflow.models.param.ParamsDict'> to str in serialization.
[2025-06-27T01:27:11.249+0000] {logging_mixin.py:188} INFO - [2025-06-27T01:27:11.248+0000] {serialized_objects.py:624} DEBUG - Cast type <class 'airflow.models.param.ParamsDict'> to str in serialization.
[2025-06-27T01:27:11.262+0000] {logging_mixin.py:188} INFO - [2025-06-27T01:27:11.261+0000] {serialized_objects.py:624} DEBUG - Cast type <class 'airflow.models.param.ParamsDict'> to str in serialization.
[2025-06-27T01:27:11.265+0000] {logging_mixin.py:188} INFO - [2025-06-27T01:27:11.265+0000] {serialized_objects.py:624} DEBUG - Cast type <class 'airflow.models.param.ParamsDict'> to str in serialization.
[2025-06-27T01:27:11.270+0000] {logging_mixin.py:188} INFO - [2025-06-27T01:27:11.270+0000] {serialized_objects.py:624} DEBUG - Cast type <class 'airflow.models.param.ParamsDict'> to str in serialization.
[2025-06-27T01:27:11.293+0000] {logging_mixin.py:188} INFO - [2025-06-27T01:27:11.292+0000] {serialized_dag.py:177} DEBUG - Serialized DAG (example_bash_operator) is unchanged. Skipping writing to DB
[2025-06-27T01:27:11.303+0000] {logging_mixin.py:188} INFO - [2025-06-27T01:27:11.302+0000] {dag.py:3096} INFO - Sync 1 DAGs
[2025-06-27T01:27:11.366+0000] {logging_mixin.py:188} INFO - [2025-06-27T01:27:11.366+0000] {dag.py:3954} INFO - Setting next_dagrun for example_bash_operator to 2025-06-26 00:00:00+00:00, run_after=2025-06-27 00:00:00+00:00
[2025-06-27T01:27:11.427+0000] {processor.py:183} INFO - Processing /home/airflow/.local/lib/python3.10/site-packages/airflow/example_dags/example_bash_operator.py took 0.365 seconds
[2025-06-27T01:27:42.093+0000] {logging_mixin.py:188} INFO - [2025-06-27T01:27:42.092+0000] {settings.py:250} DEBUG - Setting up DB connection pool (PID 21641)
[2025-06-27T01:27:42.101+0000] {logging_mixin.py:188} INFO - [2025-06-27T01:27:42.100+0000] {settings.py:330} DEBUG - settings.prepare_engine_args(): Using pool settings. pool_size=5, max_overflow=10, pool_recycle=1800, pid=21641
[2025-06-27T01:27:42.132+0000] {processor.py:161} INFO - Started process (PID=21641) to work on /home/airflow/.local/lib/python3.10/site-packages/airflow/example_dags/example_bash_operator.py
[2025-06-27T01:27:42.134+0000] {processor.py:830} INFO - Processing file /home/airflow/.local/lib/python3.10/site-packages/airflow/example_dags/example_bash_operator.py for tasks to queue
[2025-06-27T01:27:42.140+0000] {logging_mixin.py:188} INFO - [2025-06-27T01:27:42.135+0000] {dagbag.py:545} INFO - Filling up the DagBag from /home/airflow/.local/lib/python3.10/site-packages/airflow/example_dags/example_bash_operator.py
[2025-06-27T01:27:42.144+0000] {logging_mixin.py:188} INFO - [2025-06-27T01:27:42.144+0000] {dagbag.py:337} DEBUG - Importing /home/airflow/.local/lib/python3.10/site-packages/airflow/example_dags/example_bash_operator.py
[2025-06-27T01:27:42.152+0000] {logging_mixin.py:188} INFO - [2025-06-27T01:27:42.151+0000] {GetText.py:65} DEBUG - /home/airflow/.local/lib/python3.10/site-packages/cron_descriptor/locale/en_US.mo Loaded
[2025-06-27T01:27:42.189+0000] {logging_mixin.py:188} INFO - [2025-06-27T01:27:42.187+0000] {dagbag.py:511} DEBUG - Loaded DAG <DAG: example_bash_operator>
[2025-06-27T01:27:42.192+0000] {logging_mixin.py:188} INFO - [2025-06-27T01:27:42.191+0000] {dagbag.py:511} DEBUG - Loaded DAG <DAG: example_bash_operator>
[2025-06-27T01:27:42.193+0000] {processor.py:840} INFO - DAG(s) 'example_bash_operator' retrieved from /home/airflow/.local/lib/python3.10/site-packages/airflow/example_dags/example_bash_operator.py
[2025-06-27T01:27:42.196+0000] {logging_mixin.py:188} INFO - [2025-06-27T01:27:42.195+0000] {dagbag.py:667} DEBUG - Running dagbag.sync_to_db with retries. Try 1 of 3
[2025-06-27T01:27:42.197+0000] {logging_mixin.py:188} INFO - [2025-06-27T01:27:42.197+0000] {dagbag.py:672} DEBUG - Calling the DAG.bulk_sync_to_db method
[2025-06-27T01:27:42.228+0000] {logging_mixin.py:188} INFO - [2025-06-27T01:27:42.228+0000] {serialized_dag.py:166} DEBUG - Checking if DAG (example_bash_operator) changed
[2025-06-27T01:27:42.237+0000] {logging_mixin.py:188} INFO - [2025-06-27T01:27:42.236+0000] {serialized_objects.py:624} DEBUG - Cast type <class 'airflow.models.param.ParamsDict'> to str in serialization.
[2025-06-27T01:27:42.244+0000] {logging_mixin.py:188} INFO - [2025-06-27T01:27:42.243+0000] {serialized_objects.py:624} DEBUG - Cast type <class 'airflow.models.param.ParamsDict'> to str in serialization.
[2025-06-27T01:27:42.249+0000] {logging_mixin.py:188} INFO - [2025-06-27T01:27:42.249+0000] {serialized_objects.py:624} DEBUG - Cast type <class 'airflow.models.param.ParamsDict'> to str in serialization.
[2025-06-27T01:27:42.253+0000] {logging_mixin.py:188} INFO - [2025-06-27T01:27:42.253+0000] {serialized_objects.py:624} DEBUG - Cast type <class 'airflow.models.param.ParamsDict'> to str in serialization.
[2025-06-27T01:27:42.257+0000] {logging_mixin.py:188} INFO - [2025-06-27T01:27:42.257+0000] {serialized_objects.py:624} DEBUG - Cast type <class 'airflow.models.param.ParamsDict'> to str in serialization.
[2025-06-27T01:27:42.260+0000] {logging_mixin.py:188} INFO - [2025-06-27T01:27:42.260+0000] {serialized_objects.py:624} DEBUG - Cast type <class 'airflow.models.param.ParamsDict'> to str in serialization.
[2025-06-27T01:27:42.265+0000] {logging_mixin.py:188} INFO - [2025-06-27T01:27:42.265+0000] {serialized_objects.py:624} DEBUG - Cast type <class 'airflow.models.param.ParamsDict'> to str in serialization.
[2025-06-27T01:27:42.277+0000] {logging_mixin.py:188} INFO - [2025-06-27T01:27:42.276+0000] {serialized_dag.py:177} DEBUG - Serialized DAG (example_bash_operator) is unchanged. Skipping writing to DB
[2025-06-27T01:27:42.278+0000] {logging_mixin.py:188} INFO - [2025-06-27T01:27:42.278+0000] {dag.py:3096} INFO - Sync 1 DAGs
[2025-06-27T01:27:42.323+0000] {logging_mixin.py:188} INFO - [2025-06-27T01:27:42.323+0000] {dag.py:3954} INFO - Setting next_dagrun for example_bash_operator to 2025-06-26 00:00:00+00:00, run_after=2025-06-27 00:00:00+00:00
[2025-06-27T01:27:42.364+0000] {processor.py:183} INFO - Processing /home/airflow/.local/lib/python3.10/site-packages/airflow/example_dags/example_bash_operator.py took 0.272 seconds
[2025-06-27T01:28:12.617+0000] {logging_mixin.py:188} INFO - [2025-06-27T01:28:12.616+0000] {settings.py:250} DEBUG - Setting up DB connection pool (PID 21704)
[2025-06-27T01:28:12.619+0000] {logging_mixin.py:188} INFO - [2025-06-27T01:28:12.619+0000] {settings.py:330} DEBUG - settings.prepare_engine_args(): Using pool settings. pool_size=5, max_overflow=10, pool_recycle=1800, pid=21704
[2025-06-27T01:28:12.630+0000] {processor.py:161} INFO - Started process (PID=21704) to work on /home/airflow/.local/lib/python3.10/site-packages/airflow/example_dags/example_bash_operator.py
[2025-06-27T01:28:12.631+0000] {processor.py:830} INFO - Processing file /home/airflow/.local/lib/python3.10/site-packages/airflow/example_dags/example_bash_operator.py for tasks to queue
[2025-06-27T01:28:12.633+0000] {logging_mixin.py:188} INFO - [2025-06-27T01:28:12.632+0000] {dagbag.py:545} INFO - Filling up the DagBag from /home/airflow/.local/lib/python3.10/site-packages/airflow/example_dags/example_bash_operator.py
[2025-06-27T01:28:12.635+0000] {logging_mixin.py:188} INFO - [2025-06-27T01:28:12.635+0000] {dagbag.py:337} DEBUG - Importing /home/airflow/.local/lib/python3.10/site-packages/airflow/example_dags/example_bash_operator.py
[2025-06-27T01:28:12.642+0000] {logging_mixin.py:188} INFO - [2025-06-27T01:28:12.641+0000] {GetText.py:65} DEBUG - /home/airflow/.local/lib/python3.10/site-packages/cron_descriptor/locale/en_US.mo Loaded
[2025-06-27T01:28:12.655+0000] {logging_mixin.py:188} INFO - [2025-06-27T01:28:12.654+0000] {dagbag.py:511} DEBUG - Loaded DAG <DAG: example_bash_operator>
[2025-06-27T01:28:12.658+0000] {logging_mixin.py:188} INFO - [2025-06-27T01:28:12.657+0000] {dagbag.py:511} DEBUG - Loaded DAG <DAG: example_bash_operator>
[2025-06-27T01:28:12.658+0000] {processor.py:840} INFO - DAG(s) 'example_bash_operator' retrieved from /home/airflow/.local/lib/python3.10/site-packages/airflow/example_dags/example_bash_operator.py
[2025-06-27T01:28:12.660+0000] {logging_mixin.py:188} INFO - [2025-06-27T01:28:12.660+0000] {dagbag.py:667} DEBUG - Running dagbag.sync_to_db with retries. Try 1 of 3
[2025-06-27T01:28:12.661+0000] {logging_mixin.py:188} INFO - [2025-06-27T01:28:12.661+0000] {dagbag.py:672} DEBUG - Calling the DAG.bulk_sync_to_db method
[2025-06-27T01:28:12.682+0000] {logging_mixin.py:188} INFO - [2025-06-27T01:28:12.682+0000] {serialized_dag.py:166} DEBUG - Checking if DAG (example_bash_operator) changed
[2025-06-27T01:28:12.688+0000] {logging_mixin.py:188} INFO - [2025-06-27T01:28:12.688+0000] {serialized_objects.py:624} DEBUG - Cast type <class 'airflow.models.param.ParamsDict'> to str in serialization.
[2025-06-27T01:28:12.691+0000] {logging_mixin.py:188} INFO - [2025-06-27T01:28:12.691+0000] {serialized_objects.py:624} DEBUG - Cast type <class 'airflow.models.param.ParamsDict'> to str in serialization.
[2025-06-27T01:28:12.694+0000] {logging_mixin.py:188} INFO - [2025-06-27T01:28:12.694+0000] {serialized_objects.py:624} DEBUG - Cast type <class 'airflow.models.param.ParamsDict'> to str in serialization.
[2025-06-27T01:28:12.697+0000] {logging_mixin.py:188} INFO - [2025-06-27T01:28:12.697+0000] {serialized_objects.py:624} DEBUG - Cast type <class 'airflow.models.param.ParamsDict'> to str in serialization.
[2025-06-27T01:28:12.701+0000] {logging_mixin.py:188} INFO - [2025-06-27T01:28:12.700+0000] {serialized_objects.py:624} DEBUG - Cast type <class 'airflow.models.param.ParamsDict'> to str in serialization.
[2025-06-27T01:28:12.704+0000] {logging_mixin.py:188} INFO - [2025-06-27T01:28:12.704+0000] {serialized_objects.py:624} DEBUG - Cast type <class 'airflow.models.param.ParamsDict'> to str in serialization.
[2025-06-27T01:28:12.707+0000] {logging_mixin.py:188} INFO - [2025-06-27T01:28:12.707+0000] {serialized_objects.py:624} DEBUG - Cast type <class 'airflow.models.param.ParamsDict'> to str in serialization.
[2025-06-27T01:28:12.716+0000] {logging_mixin.py:188} INFO - [2025-06-27T01:28:12.716+0000] {serialized_dag.py:177} DEBUG - Serialized DAG (example_bash_operator) is unchanged. Skipping writing to DB
[2025-06-27T01:28:12.718+0000] {logging_mixin.py:188} INFO - [2025-06-27T01:28:12.717+0000] {dag.py:3096} INFO - Sync 1 DAGs
[2025-06-27T01:28:12.758+0000] {logging_mixin.py:188} INFO - [2025-06-27T01:28:12.758+0000] {dag.py:3954} INFO - Setting next_dagrun for example_bash_operator to 2025-06-26 00:00:00+00:00, run_after=2025-06-27 00:00:00+00:00
[2025-06-27T01:28:12.812+0000] {processor.py:183} INFO - Processing /home/airflow/.local/lib/python3.10/site-packages/airflow/example_dags/example_bash_operator.py took 0.196 seconds
[2025-06-27T01:28:43.233+0000] {logging_mixin.py:188} INFO - [2025-06-27T01:28:43.232+0000] {settings.py:250} DEBUG - Setting up DB connection pool (PID 21767)
[2025-06-27T01:28:43.235+0000] {logging_mixin.py:188} INFO - [2025-06-27T01:28:43.235+0000] {settings.py:330} DEBUG - settings.prepare_engine_args(): Using pool settings. pool_size=5, max_overflow=10, pool_recycle=1800, pid=21767
[2025-06-27T01:28:43.245+0000] {processor.py:161} INFO - Started process (PID=21767) to work on /home/airflow/.local/lib/python3.10/site-packages/airflow/example_dags/example_bash_operator.py
[2025-06-27T01:28:43.246+0000] {processor.py:830} INFO - Processing file /home/airflow/.local/lib/python3.10/site-packages/airflow/example_dags/example_bash_operator.py for tasks to queue
[2025-06-27T01:28:43.247+0000] {logging_mixin.py:188} INFO - [2025-06-27T01:28:43.247+0000] {dagbag.py:545} INFO - Filling up the DagBag from /home/airflow/.local/lib/python3.10/site-packages/airflow/example_dags/example_bash_operator.py
[2025-06-27T01:28:43.250+0000] {logging_mixin.py:188} INFO - [2025-06-27T01:28:43.250+0000] {dagbag.py:337} DEBUG - Importing /home/airflow/.local/lib/python3.10/site-packages/airflow/example_dags/example_bash_operator.py
[2025-06-27T01:28:43.255+0000] {logging_mixin.py:188} INFO - [2025-06-27T01:28:43.255+0000] {GetText.py:65} DEBUG - /home/airflow/.local/lib/python3.10/site-packages/cron_descriptor/locale/en_US.mo Loaded
[2025-06-27T01:28:43.274+0000] {logging_mixin.py:188} INFO - [2025-06-27T01:28:43.272+0000] {dagbag.py:511} DEBUG - Loaded DAG <DAG: example_bash_operator>
[2025-06-27T01:28:43.276+0000] {logging_mixin.py:188} INFO - [2025-06-27T01:28:43.276+0000] {dagbag.py:511} DEBUG - Loaded DAG <DAG: example_bash_operator>
[2025-06-27T01:28:43.277+0000] {processor.py:840} INFO - DAG(s) 'example_bash_operator' retrieved from /home/airflow/.local/lib/python3.10/site-packages/airflow/example_dags/example_bash_operator.py
[2025-06-27T01:28:43.279+0000] {logging_mixin.py:188} INFO - [2025-06-27T01:28:43.279+0000] {dagbag.py:667} DEBUG - Running dagbag.sync_to_db with retries. Try 1 of 3
[2025-06-27T01:28:43.280+0000] {logging_mixin.py:188} INFO - [2025-06-27T01:28:43.280+0000] {dagbag.py:672} DEBUG - Calling the DAG.bulk_sync_to_db method
[2025-06-27T01:28:43.305+0000] {logging_mixin.py:188} INFO - [2025-06-27T01:28:43.304+0000] {serialized_dag.py:166} DEBUG - Checking if DAG (example_bash_operator) changed
[2025-06-27T01:28:43.311+0000] {logging_mixin.py:188} INFO - [2025-06-27T01:28:43.311+0000] {serialized_objects.py:624} DEBUG - Cast type <class 'airflow.models.param.ParamsDict'> to str in serialization.
[2025-06-27T01:28:43.318+0000] {logging_mixin.py:188} INFO - [2025-06-27T01:28:43.317+0000] {serialized_objects.py:624} DEBUG - Cast type <class 'airflow.models.param.ParamsDict'> to str in serialization.
[2025-06-27T01:28:43.322+0000] {logging_mixin.py:188} INFO - [2025-06-27T01:28:43.322+0000] {serialized_objects.py:624} DEBUG - Cast type <class 'airflow.models.param.ParamsDict'> to str in serialization.
[2025-06-27T01:28:43.325+0000] {logging_mixin.py:188} INFO - [2025-06-27T01:28:43.325+0000] {serialized_objects.py:624} DEBUG - Cast type <class 'airflow.models.param.ParamsDict'> to str in serialization.
[2025-06-27T01:28:43.329+0000] {logging_mixin.py:188} INFO - [2025-06-27T01:28:43.328+0000] {serialized_objects.py:624} DEBUG - Cast type <class 'airflow.models.param.ParamsDict'> to str in serialization.
[2025-06-27T01:28:43.332+0000] {logging_mixin.py:188} INFO - [2025-06-27T01:28:43.331+0000] {serialized_objects.py:624} DEBUG - Cast type <class 'airflow.models.param.ParamsDict'> to str in serialization.
[2025-06-27T01:28:43.335+0000] {logging_mixin.py:188} INFO - [2025-06-27T01:28:43.334+0000] {serialized_objects.py:624} DEBUG - Cast type <class 'airflow.models.param.ParamsDict'> to str in serialization.
[2025-06-27T01:28:43.343+0000] {logging_mixin.py:188} INFO - [2025-06-27T01:28:43.343+0000] {serialized_dag.py:177} DEBUG - Serialized DAG (example_bash_operator) is unchanged. Skipping writing to DB
[2025-06-27T01:28:43.344+0000] {logging_mixin.py:188} INFO - [2025-06-27T01:28:43.344+0000] {dag.py:3096} INFO - Sync 1 DAGs
[2025-06-27T01:28:43.376+0000] {logging_mixin.py:188} INFO - [2025-06-27T01:28:43.376+0000] {dag.py:3954} INFO - Setting next_dagrun for example_bash_operator to 2025-06-26 00:00:00+00:00, run_after=2025-06-27 00:00:00+00:00
[2025-06-27T01:28:43.406+0000] {processor.py:183} INFO - Processing /home/airflow/.local/lib/python3.10/site-packages/airflow/example_dags/example_bash_operator.py took 0.173 seconds
[2025-06-27T01:29:14.064+0000] {logging_mixin.py:188} INFO - [2025-06-27T01:29:14.063+0000] {settings.py:250} DEBUG - Setting up DB connection pool (PID 21830)
[2025-06-27T01:29:14.066+0000] {logging_mixin.py:188} INFO - [2025-06-27T01:29:14.066+0000] {settings.py:330} DEBUG - settings.prepare_engine_args(): Using pool settings. pool_size=5, max_overflow=10, pool_recycle=1800, pid=21830
[2025-06-27T01:29:14.076+0000] {processor.py:161} INFO - Started process (PID=21830) to work on /home/airflow/.local/lib/python3.10/site-packages/airflow/example_dags/example_bash_operator.py
[2025-06-27T01:29:14.077+0000] {processor.py:830} INFO - Processing file /home/airflow/.local/lib/python3.10/site-packages/airflow/example_dags/example_bash_operator.py for tasks to queue
[2025-06-27T01:29:14.079+0000] {logging_mixin.py:188} INFO - [2025-06-27T01:29:14.079+0000] {dagbag.py:545} INFO - Filling up the DagBag from /home/airflow/.local/lib/python3.10/site-packages/airflow/example_dags/example_bash_operator.py
[2025-06-27T01:29:14.081+0000] {logging_mixin.py:188} INFO - [2025-06-27T01:29:14.081+0000] {dagbag.py:337} DEBUG - Importing /home/airflow/.local/lib/python3.10/site-packages/airflow/example_dags/example_bash_operator.py
[2025-06-27T01:29:14.087+0000] {logging_mixin.py:188} INFO - [2025-06-27T01:29:14.087+0000] {GetText.py:65} DEBUG - /home/airflow/.local/lib/python3.10/site-packages/cron_descriptor/locale/en_US.mo Loaded
[2025-06-27T01:29:14.105+0000] {logging_mixin.py:188} INFO - [2025-06-27T01:29:14.103+0000] {dagbag.py:511} DEBUG - Loaded DAG <DAG: example_bash_operator>
[2025-06-27T01:29:14.107+0000] {logging_mixin.py:188} INFO - [2025-06-27T01:29:14.107+0000] {dagbag.py:511} DEBUG - Loaded DAG <DAG: example_bash_operator>
[2025-06-27T01:29:14.108+0000] {processor.py:840} INFO - DAG(s) 'example_bash_operator' retrieved from /home/airflow/.local/lib/python3.10/site-packages/airflow/example_dags/example_bash_operator.py
[2025-06-27T01:29:14.111+0000] {logging_mixin.py:188} INFO - [2025-06-27T01:29:14.111+0000] {dagbag.py:667} DEBUG - Running dagbag.sync_to_db with retries. Try 1 of 3
[2025-06-27T01:29:14.112+0000] {logging_mixin.py:188} INFO - [2025-06-27T01:29:14.112+0000] {dagbag.py:672} DEBUG - Calling the DAG.bulk_sync_to_db method
[2025-06-27T01:29:14.139+0000] {logging_mixin.py:188} INFO - [2025-06-27T01:29:14.138+0000] {serialized_dag.py:166} DEBUG - Checking if DAG (example_bash_operator) changed
[2025-06-27T01:29:14.146+0000] {logging_mixin.py:188} INFO - [2025-06-27T01:29:14.146+0000] {serialized_objects.py:624} DEBUG - Cast type <class 'airflow.models.param.ParamsDict'> to str in serialization.
[2025-06-27T01:29:14.150+0000] {logging_mixin.py:188} INFO - [2025-06-27T01:29:14.150+0000] {serialized_objects.py:624} DEBUG - Cast type <class 'airflow.models.param.ParamsDict'> to str in serialization.
[2025-06-27T01:29:14.153+0000] {logging_mixin.py:188} INFO - [2025-06-27T01:29:14.152+0000] {serialized_objects.py:624} DEBUG - Cast type <class 'airflow.models.param.ParamsDict'> to str in serialization.
[2025-06-27T01:29:14.156+0000] {logging_mixin.py:188} INFO - [2025-06-27T01:29:14.156+0000] {serialized_objects.py:624} DEBUG - Cast type <class 'airflow.models.param.ParamsDict'> to str in serialization.
[2025-06-27T01:29:14.159+0000] {logging_mixin.py:188} INFO - [2025-06-27T01:29:14.159+0000] {serialized_objects.py:624} DEBUG - Cast type <class 'airflow.models.param.ParamsDict'> to str in serialization.
[2025-06-27T01:29:14.162+0000] {logging_mixin.py:188} INFO - [2025-06-27T01:29:14.162+0000] {serialized_objects.py:624} DEBUG - Cast type <class 'airflow.models.param.ParamsDict'> to str in serialization.
[2025-06-27T01:29:14.165+0000] {logging_mixin.py:188} INFO - [2025-06-27T01:29:14.165+0000] {serialized_objects.py:624} DEBUG - Cast type <class 'airflow.models.param.ParamsDict'> to str in serialization.
[2025-06-27T01:29:14.175+0000] {logging_mixin.py:188} INFO - [2025-06-27T01:29:14.175+0000] {serialized_dag.py:177} DEBUG - Serialized DAG (example_bash_operator) is unchanged. Skipping writing to DB
[2025-06-27T01:29:14.177+0000] {logging_mixin.py:188} INFO - [2025-06-27T01:29:14.176+0000] {dag.py:3096} INFO - Sync 1 DAGs
[2025-06-27T01:29:14.219+0000] {logging_mixin.py:188} INFO - [2025-06-27T01:29:14.219+0000] {dag.py:3954} INFO - Setting next_dagrun for example_bash_operator to 2025-06-26 00:00:00+00:00, run_after=2025-06-27 00:00:00+00:00
[2025-06-27T01:29:14.254+0000] {processor.py:183} INFO - Processing /home/airflow/.local/lib/python3.10/site-packages/airflow/example_dags/example_bash_operator.py took 0.192 seconds
[2025-06-27T01:29:44.759+0000] {logging_mixin.py:188} INFO - [2025-06-27T01:29:44.758+0000] {settings.py:250} DEBUG - Setting up DB connection pool (PID 21892)
[2025-06-27T01:29:44.762+0000] {logging_mixin.py:188} INFO - [2025-06-27T01:29:44.761+0000] {settings.py:330} DEBUG - settings.prepare_engine_args(): Using pool settings. pool_size=5, max_overflow=10, pool_recycle=1800, pid=21892
[2025-06-27T01:29:44.777+0000] {processor.py:161} INFO - Started process (PID=21892) to work on /home/airflow/.local/lib/python3.10/site-packages/airflow/example_dags/example_bash_operator.py
[2025-06-27T01:29:44.778+0000] {processor.py:830} INFO - Processing file /home/airflow/.local/lib/python3.10/site-packages/airflow/example_dags/example_bash_operator.py for tasks to queue
[2025-06-27T01:29:44.780+0000] {logging_mixin.py:188} INFO - [2025-06-27T01:29:44.779+0000] {dagbag.py:545} INFO - Filling up the DagBag from /home/airflow/.local/lib/python3.10/site-packages/airflow/example_dags/example_bash_operator.py
[2025-06-27T01:29:44.783+0000] {logging_mixin.py:188} INFO - [2025-06-27T01:29:44.782+0000] {dagbag.py:337} DEBUG - Importing /home/airflow/.local/lib/python3.10/site-packages/airflow/example_dags/example_bash_operator.py
[2025-06-27T01:29:44.788+0000] {logging_mixin.py:188} INFO - [2025-06-27T01:29:44.788+0000] {GetText.py:65} DEBUG - /home/airflow/.local/lib/python3.10/site-packages/cron_descriptor/locale/en_US.mo Loaded
[2025-06-27T01:29:44.802+0000] {logging_mixin.py:188} INFO - [2025-06-27T01:29:44.801+0000] {dagbag.py:511} DEBUG - Loaded DAG <DAG: example_bash_operator>
[2025-06-27T01:29:44.805+0000] {logging_mixin.py:188} INFO - [2025-06-27T01:29:44.804+0000] {dagbag.py:511} DEBUG - Loaded DAG <DAG: example_bash_operator>
[2025-06-27T01:29:44.805+0000] {processor.py:840} INFO - DAG(s) 'example_bash_operator' retrieved from /home/airflow/.local/lib/python3.10/site-packages/airflow/example_dags/example_bash_operator.py
[2025-06-27T01:29:44.808+0000] {logging_mixin.py:188} INFO - [2025-06-27T01:29:44.807+0000] {dagbag.py:667} DEBUG - Running dagbag.sync_to_db with retries. Try 1 of 3
[2025-06-27T01:29:44.809+0000] {logging_mixin.py:188} INFO - [2025-06-27T01:29:44.808+0000] {dagbag.py:672} DEBUG - Calling the DAG.bulk_sync_to_db method
[2025-06-27T01:29:44.833+0000] {logging_mixin.py:188} INFO - [2025-06-27T01:29:44.833+0000] {serialized_dag.py:166} DEBUG - Checking if DAG (example_bash_operator) changed
[2025-06-27T01:29:44.844+0000] {logging_mixin.py:188} INFO - [2025-06-27T01:29:44.843+0000] {serialized_objects.py:624} DEBUG - Cast type <class 'airflow.models.param.ParamsDict'> to str in serialization.
[2025-06-27T01:29:44.849+0000] {logging_mixin.py:188} INFO - [2025-06-27T01:29:44.849+0000] {serialized_objects.py:624} DEBUG - Cast type <class 'airflow.models.param.ParamsDict'> to str in serialization.
[2025-06-27T01:29:44.853+0000] {logging_mixin.py:188} INFO - [2025-06-27T01:29:44.852+0000] {serialized_objects.py:624} DEBUG - Cast type <class 'airflow.models.param.ParamsDict'> to str in serialization.
[2025-06-27T01:29:44.855+0000] {logging_mixin.py:188} INFO - [2025-06-27T01:29:44.855+0000] {serialized_objects.py:624} DEBUG - Cast type <class 'airflow.models.param.ParamsDict'> to str in serialization.
[2025-06-27T01:29:44.858+0000] {logging_mixin.py:188} INFO - [2025-06-27T01:29:44.858+0000] {serialized_objects.py:624} DEBUG - Cast type <class 'airflow.models.param.ParamsDict'> to str in serialization.
[2025-06-27T01:29:44.862+0000] {logging_mixin.py:188} INFO - [2025-06-27T01:29:44.861+0000] {serialized_objects.py:624} DEBUG - Cast type <class 'airflow.models.param.ParamsDict'> to str in serialization.
[2025-06-27T01:29:44.865+0000] {logging_mixin.py:188} INFO - [2025-06-27T01:29:44.865+0000] {serialized_objects.py:624} DEBUG - Cast type <class 'airflow.models.param.ParamsDict'> to str in serialization.
[2025-06-27T01:29:44.876+0000] {logging_mixin.py:188} INFO - [2025-06-27T01:29:44.876+0000] {serialized_dag.py:177} DEBUG - Serialized DAG (example_bash_operator) is unchanged. Skipping writing to DB
[2025-06-27T01:29:44.877+0000] {logging_mixin.py:188} INFO - [2025-06-27T01:29:44.877+0000] {dag.py:3096} INFO - Sync 1 DAGs
[2025-06-27T01:29:44.915+0000] {logging_mixin.py:188} INFO - [2025-06-27T01:29:44.914+0000] {dag.py:3954} INFO - Setting next_dagrun for example_bash_operator to 2025-06-26 00:00:00+00:00, run_after=2025-06-27 00:00:00+00:00
[2025-06-27T01:29:44.952+0000] {processor.py:183} INFO - Processing /home/airflow/.local/lib/python3.10/site-packages/airflow/example_dags/example_bash_operator.py took 0.194 seconds
[2025-06-27T01:30:15.677+0000] {logging_mixin.py:188} INFO - [2025-06-27T01:30:15.676+0000] {settings.py:250} DEBUG - Setting up DB connection pool (PID 21956)
[2025-06-27T01:30:15.679+0000] {logging_mixin.py:188} INFO - [2025-06-27T01:30:15.679+0000] {settings.py:330} DEBUG - settings.prepare_engine_args(): Using pool settings. pool_size=5, max_overflow=10, pool_recycle=1800, pid=21956
[2025-06-27T01:30:15.693+0000] {processor.py:161} INFO - Started process (PID=21956) to work on /home/airflow/.local/lib/python3.10/site-packages/airflow/example_dags/example_bash_operator.py
[2025-06-27T01:30:15.696+0000] {processor.py:830} INFO - Processing file /home/airflow/.local/lib/python3.10/site-packages/airflow/example_dags/example_bash_operator.py for tasks to queue
[2025-06-27T01:30:15.698+0000] {logging_mixin.py:188} INFO - [2025-06-27T01:30:15.698+0000] {dagbag.py:545} INFO - Filling up the DagBag from /home/airflow/.local/lib/python3.10/site-packages/airflow/example_dags/example_bash_operator.py
[2025-06-27T01:30:15.702+0000] {logging_mixin.py:188} INFO - [2025-06-27T01:30:15.702+0000] {dagbag.py:337} DEBUG - Importing /home/airflow/.local/lib/python3.10/site-packages/airflow/example_dags/example_bash_operator.py
[2025-06-27T01:30:15.708+0000] {logging_mixin.py:188} INFO - [2025-06-27T01:30:15.708+0000] {GetText.py:65} DEBUG - /home/airflow/.local/lib/python3.10/site-packages/cron_descriptor/locale/en_US.mo Loaded
[2025-06-27T01:30:15.724+0000] {logging_mixin.py:188} INFO - [2025-06-27T01:30:15.722+0000] {dagbag.py:511} DEBUG - Loaded DAG <DAG: example_bash_operator>
[2025-06-27T01:30:15.726+0000] {logging_mixin.py:188} INFO - [2025-06-27T01:30:15.725+0000] {dagbag.py:511} DEBUG - Loaded DAG <DAG: example_bash_operator>
[2025-06-27T01:30:15.726+0000] {processor.py:840} INFO - DAG(s) 'example_bash_operator' retrieved from /home/airflow/.local/lib/python3.10/site-packages/airflow/example_dags/example_bash_operator.py
[2025-06-27T01:30:15.730+0000] {logging_mixin.py:188} INFO - [2025-06-27T01:30:15.729+0000] {dagbag.py:667} DEBUG - Running dagbag.sync_to_db with retries. Try 1 of 3
[2025-06-27T01:30:15.730+0000] {logging_mixin.py:188} INFO - [2025-06-27T01:30:15.730+0000] {dagbag.py:672} DEBUG - Calling the DAG.bulk_sync_to_db method
[2025-06-27T01:30:15.754+0000] {logging_mixin.py:188} INFO - [2025-06-27T01:30:15.753+0000] {serialized_dag.py:166} DEBUG - Checking if DAG (example_bash_operator) changed
[2025-06-27T01:30:15.760+0000] {logging_mixin.py:188} INFO - [2025-06-27T01:30:15.759+0000] {serialized_objects.py:624} DEBUG - Cast type <class 'airflow.models.param.ParamsDict'> to str in serialization.
[2025-06-27T01:30:15.763+0000] {logging_mixin.py:188} INFO - [2025-06-27T01:30:15.763+0000] {serialized_objects.py:624} DEBUG - Cast type <class 'airflow.models.param.ParamsDict'> to str in serialization.
[2025-06-27T01:30:15.766+0000] {logging_mixin.py:188} INFO - [2025-06-27T01:30:15.766+0000] {serialized_objects.py:624} DEBUG - Cast type <class 'airflow.models.param.ParamsDict'> to str in serialization.
[2025-06-27T01:30:15.768+0000] {logging_mixin.py:188} INFO - [2025-06-27T01:30:15.768+0000] {serialized_objects.py:624} DEBUG - Cast type <class 'airflow.models.param.ParamsDict'> to str in serialization.
[2025-06-27T01:30:15.771+0000] {logging_mixin.py:188} INFO - [2025-06-27T01:30:15.770+0000] {serialized_objects.py:624} DEBUG - Cast type <class 'airflow.models.param.ParamsDict'> to str in serialization.
[2025-06-27T01:30:15.773+0000] {logging_mixin.py:188} INFO - [2025-06-27T01:30:15.773+0000] {serialized_objects.py:624} DEBUG - Cast type <class 'airflow.models.param.ParamsDict'> to str in serialization.
[2025-06-27T01:30:15.775+0000] {logging_mixin.py:188} INFO - [2025-06-27T01:30:15.775+0000] {serialized_objects.py:624} DEBUG - Cast type <class 'airflow.models.param.ParamsDict'> to str in serialization.
[2025-06-27T01:30:15.783+0000] {logging_mixin.py:188} INFO - [2025-06-27T01:30:15.783+0000] {serialized_dag.py:177} DEBUG - Serialized DAG (example_bash_operator) is unchanged. Skipping writing to DB
[2025-06-27T01:30:15.785+0000] {logging_mixin.py:188} INFO - [2025-06-27T01:30:15.784+0000] {dag.py:3096} INFO - Sync 1 DAGs
[2025-06-27T01:30:15.817+0000] {logging_mixin.py:188} INFO - [2025-06-27T01:30:15.817+0000] {dag.py:3954} INFO - Setting next_dagrun for example_bash_operator to 2025-06-26 00:00:00+00:00, run_after=2025-06-27 00:00:00+00:00
[2025-06-27T01:30:15.845+0000] {processor.py:183} INFO - Processing /home/airflow/.local/lib/python3.10/site-packages/airflow/example_dags/example_bash_operator.py took 0.169 seconds
[2025-06-27T01:30:45.938+0000] {logging_mixin.py:188} INFO - [2025-06-27T01:30:45.936+0000] {settings.py:250} DEBUG - Setting up DB connection pool (PID 22019)
[2025-06-27T01:30:45.940+0000] {logging_mixin.py:188} INFO - [2025-06-27T01:30:45.939+0000] {settings.py:330} DEBUG - settings.prepare_engine_args(): Using pool settings. pool_size=5, max_overflow=10, pool_recycle=1800, pid=22019
[2025-06-27T01:30:45.952+0000] {processor.py:161} INFO - Started process (PID=22019) to work on /home/airflow/.local/lib/python3.10/site-packages/airflow/example_dags/example_bash_operator.py
[2025-06-27T01:30:45.953+0000] {processor.py:830} INFO - Processing file /home/airflow/.local/lib/python3.10/site-packages/airflow/example_dags/example_bash_operator.py for tasks to queue
[2025-06-27T01:30:45.956+0000] {logging_mixin.py:188} INFO - [2025-06-27T01:30:45.955+0000] {dagbag.py:545} INFO - Filling up the DagBag from /home/airflow/.local/lib/python3.10/site-packages/airflow/example_dags/example_bash_operator.py
[2025-06-27T01:30:45.958+0000] {logging_mixin.py:188} INFO - [2025-06-27T01:30:45.958+0000] {dagbag.py:337} DEBUG - Importing /home/airflow/.local/lib/python3.10/site-packages/airflow/example_dags/example_bash_operator.py
[2025-06-27T01:30:45.965+0000] {logging_mixin.py:188} INFO - [2025-06-27T01:30:45.964+0000] {GetText.py:65} DEBUG - /home/airflow/.local/lib/python3.10/site-packages/cron_descriptor/locale/en_US.mo Loaded
[2025-06-27T01:30:45.980+0000] {logging_mixin.py:188} INFO - [2025-06-27T01:30:45.979+0000] {dagbag.py:511} DEBUG - Loaded DAG <DAG: example_bash_operator>
[2025-06-27T01:30:45.983+0000] {logging_mixin.py:188} INFO - [2025-06-27T01:30:45.982+0000] {dagbag.py:511} DEBUG - Loaded DAG <DAG: example_bash_operator>
[2025-06-27T01:30:45.983+0000] {processor.py:840} INFO - DAG(s) 'example_bash_operator' retrieved from /home/airflow/.local/lib/python3.10/site-packages/airflow/example_dags/example_bash_operator.py
[2025-06-27T01:30:45.985+0000] {logging_mixin.py:188} INFO - [2025-06-27T01:30:45.985+0000] {dagbag.py:667} DEBUG - Running dagbag.sync_to_db with retries. Try 1 of 3
[2025-06-27T01:30:45.986+0000] {logging_mixin.py:188} INFO - [2025-06-27T01:30:45.986+0000] {dagbag.py:672} DEBUG - Calling the DAG.bulk_sync_to_db method
[2025-06-27T01:30:46.009+0000] {logging_mixin.py:188} INFO - [2025-06-27T01:30:46.008+0000] {serialized_dag.py:166} DEBUG - Checking if DAG (example_bash_operator) changed
[2025-06-27T01:30:46.014+0000] {logging_mixin.py:188} INFO - [2025-06-27T01:30:46.014+0000] {serialized_objects.py:624} DEBUG - Cast type <class 'airflow.models.param.ParamsDict'> to str in serialization.
[2025-06-27T01:30:46.019+0000] {logging_mixin.py:188} INFO - [2025-06-27T01:30:46.018+0000] {serialized_objects.py:624} DEBUG - Cast type <class 'airflow.models.param.ParamsDict'> to str in serialization.
[2025-06-27T01:30:46.022+0000] {logging_mixin.py:188} INFO - [2025-06-27T01:30:46.021+0000] {serialized_objects.py:624} DEBUG - Cast type <class 'airflow.models.param.ParamsDict'> to str in serialization.
[2025-06-27T01:30:46.024+0000] {logging_mixin.py:188} INFO - [2025-06-27T01:30:46.024+0000] {serialized_objects.py:624} DEBUG - Cast type <class 'airflow.models.param.ParamsDict'> to str in serialization.
[2025-06-27T01:30:46.027+0000] {logging_mixin.py:188} INFO - [2025-06-27T01:30:46.027+0000] {serialized_objects.py:624} DEBUG - Cast type <class 'airflow.models.param.ParamsDict'> to str in serialization.
[2025-06-27T01:30:46.029+0000] {logging_mixin.py:188} INFO - [2025-06-27T01:30:46.029+0000] {serialized_objects.py:624} DEBUG - Cast type <class 'airflow.models.param.ParamsDict'> to str in serialization.
[2025-06-27T01:30:46.031+0000] {logging_mixin.py:188} INFO - [2025-06-27T01:30:46.031+0000] {serialized_objects.py:624} DEBUG - Cast type <class 'airflow.models.param.ParamsDict'> to str in serialization.
[2025-06-27T01:30:46.039+0000] {logging_mixin.py:188} INFO - [2025-06-27T01:30:46.039+0000] {serialized_dag.py:177} DEBUG - Serialized DAG (example_bash_operator) is unchanged. Skipping writing to DB
[2025-06-27T01:30:46.040+0000] {logging_mixin.py:188} INFO - [2025-06-27T01:30:46.040+0000] {dag.py:3096} INFO - Sync 1 DAGs
[2025-06-27T01:30:46.070+0000] {logging_mixin.py:188} INFO - [2025-06-27T01:30:46.070+0000] {dag.py:3954} INFO - Setting next_dagrun for example_bash_operator to 2025-06-26 00:00:00+00:00, run_after=2025-06-27 00:00:00+00:00
[2025-06-27T01:30:46.101+0000] {processor.py:183} INFO - Processing /home/airflow/.local/lib/python3.10/site-packages/airflow/example_dags/example_bash_operator.py took 0.165 seconds
[2025-06-27T01:31:16.296+0000] {logging_mixin.py:188} INFO - [2025-06-27T01:31:16.295+0000] {settings.py:250} DEBUG - Setting up DB connection pool (PID 22082)
[2025-06-27T01:31:16.299+0000] {logging_mixin.py:188} INFO - [2025-06-27T01:31:16.299+0000] {settings.py:330} DEBUG - settings.prepare_engine_args(): Using pool settings. pool_size=5, max_overflow=10, pool_recycle=1800, pid=22082
[2025-06-27T01:31:16.314+0000] {processor.py:161} INFO - Started process (PID=22082) to work on /home/airflow/.local/lib/python3.10/site-packages/airflow/example_dags/example_bash_operator.py
[2025-06-27T01:31:16.316+0000] {processor.py:830} INFO - Processing file /home/airflow/.local/lib/python3.10/site-packages/airflow/example_dags/example_bash_operator.py for tasks to queue
[2025-06-27T01:31:16.318+0000] {logging_mixin.py:188} INFO - [2025-06-27T01:31:16.318+0000] {dagbag.py:545} INFO - Filling up the DagBag from /home/airflow/.local/lib/python3.10/site-packages/airflow/example_dags/example_bash_operator.py
[2025-06-27T01:31:16.322+0000] {logging_mixin.py:188} INFO - [2025-06-27T01:31:16.322+0000] {dagbag.py:337} DEBUG - Importing /home/airflow/.local/lib/python3.10/site-packages/airflow/example_dags/example_bash_operator.py
[2025-06-27T01:31:16.330+0000] {logging_mixin.py:188} INFO - [2025-06-27T01:31:16.330+0000] {GetText.py:65} DEBUG - /home/airflow/.local/lib/python3.10/site-packages/cron_descriptor/locale/en_US.mo Loaded
[2025-06-27T01:31:16.347+0000] {logging_mixin.py:188} INFO - [2025-06-27T01:31:16.345+0000] {dagbag.py:511} DEBUG - Loaded DAG <DAG: example_bash_operator>
[2025-06-27T01:31:16.350+0000] {logging_mixin.py:188} INFO - [2025-06-27T01:31:16.350+0000] {dagbag.py:511} DEBUG - Loaded DAG <DAG: example_bash_operator>
[2025-06-27T01:31:16.351+0000] {processor.py:840} INFO - DAG(s) 'example_bash_operator' retrieved from /home/airflow/.local/lib/python3.10/site-packages/airflow/example_dags/example_bash_operator.py
[2025-06-27T01:31:16.354+0000] {logging_mixin.py:188} INFO - [2025-06-27T01:31:16.354+0000] {dagbag.py:667} DEBUG - Running dagbag.sync_to_db with retries. Try 1 of 3
[2025-06-27T01:31:16.356+0000] {logging_mixin.py:188} INFO - [2025-06-27T01:31:16.355+0000] {dagbag.py:672} DEBUG - Calling the DAG.bulk_sync_to_db method
[2025-06-27T01:31:16.381+0000] {logging_mixin.py:188} INFO - [2025-06-27T01:31:16.380+0000] {serialized_dag.py:166} DEBUG - Checking if DAG (example_bash_operator) changed
[2025-06-27T01:31:16.387+0000] {logging_mixin.py:188} INFO - [2025-06-27T01:31:16.387+0000] {serialized_objects.py:624} DEBUG - Cast type <class 'airflow.models.param.ParamsDict'> to str in serialization.
[2025-06-27T01:31:16.393+0000] {logging_mixin.py:188} INFO - [2025-06-27T01:31:16.392+0000] {serialized_objects.py:624} DEBUG - Cast type <class 'airflow.models.param.ParamsDict'> to str in serialization.
[2025-06-27T01:31:16.396+0000] {logging_mixin.py:188} INFO - [2025-06-27T01:31:16.395+0000] {serialized_objects.py:624} DEBUG - Cast type <class 'airflow.models.param.ParamsDict'> to str in serialization.
[2025-06-27T01:31:16.399+0000] {logging_mixin.py:188} INFO - [2025-06-27T01:31:16.399+0000] {serialized_objects.py:624} DEBUG - Cast type <class 'airflow.models.param.ParamsDict'> to str in serialization.
[2025-06-27T01:31:16.402+0000] {logging_mixin.py:188} INFO - [2025-06-27T01:31:16.402+0000] {serialized_objects.py:624} DEBUG - Cast type <class 'airflow.models.param.ParamsDict'> to str in serialization.
[2025-06-27T01:31:16.405+0000] {logging_mixin.py:188} INFO - [2025-06-27T01:31:16.405+0000] {serialized_objects.py:624} DEBUG - Cast type <class 'airflow.models.param.ParamsDict'> to str in serialization.
[2025-06-27T01:31:16.408+0000] {logging_mixin.py:188} INFO - [2025-06-27T01:31:16.408+0000] {serialized_objects.py:624} DEBUG - Cast type <class 'airflow.models.param.ParamsDict'> to str in serialization.
[2025-06-27T01:31:16.419+0000] {logging_mixin.py:188} INFO - [2025-06-27T01:31:16.418+0000] {serialized_dag.py:177} DEBUG - Serialized DAG (example_bash_operator) is unchanged. Skipping writing to DB
[2025-06-27T01:31:16.420+0000] {logging_mixin.py:188} INFO - [2025-06-27T01:31:16.420+0000] {dag.py:3096} INFO - Sync 1 DAGs
[2025-06-27T01:31:16.729+0000] {logging_mixin.py:188} INFO - [2025-06-27T01:31:16.728+0000] {dag.py:3954} INFO - Setting next_dagrun for example_bash_operator to 2025-06-26 00:00:00+00:00, run_after=2025-06-27 00:00:00+00:00
[2025-06-27T01:31:16.758+0000] {processor.py:183} INFO - Processing /home/airflow/.local/lib/python3.10/site-packages/airflow/example_dags/example_bash_operator.py took 0.464 seconds
[2025-06-27T01:31:47.732+0000] {logging_mixin.py:188} INFO - [2025-06-27T01:31:47.730+0000] {settings.py:250} DEBUG - Setting up DB connection pool (PID 22145)
[2025-06-27T01:31:47.736+0000] {logging_mixin.py:188} INFO - [2025-06-27T01:31:47.736+0000] {settings.py:330} DEBUG - settings.prepare_engine_args(): Using pool settings. pool_size=5, max_overflow=10, pool_recycle=1800, pid=22145
[2025-06-27T01:31:47.752+0000] {processor.py:161} INFO - Started process (PID=22145) to work on /home/airflow/.local/lib/python3.10/site-packages/airflow/example_dags/example_bash_operator.py
[2025-06-27T01:31:47.754+0000] {processor.py:830} INFO - Processing file /home/airflow/.local/lib/python3.10/site-packages/airflow/example_dags/example_bash_operator.py for tasks to queue
[2025-06-27T01:31:47.757+0000] {logging_mixin.py:188} INFO - [2025-06-27T01:31:47.756+0000] {dagbag.py:545} INFO - Filling up the DagBag from /home/airflow/.local/lib/python3.10/site-packages/airflow/example_dags/example_bash_operator.py
[2025-06-27T01:31:47.761+0000] {logging_mixin.py:188} INFO - [2025-06-27T01:31:47.760+0000] {dagbag.py:337} DEBUG - Importing /home/airflow/.local/lib/python3.10/site-packages/airflow/example_dags/example_bash_operator.py
[2025-06-27T01:31:47.769+0000] {logging_mixin.py:188} INFO - [2025-06-27T01:31:47.768+0000] {GetText.py:65} DEBUG - /home/airflow/.local/lib/python3.10/site-packages/cron_descriptor/locale/en_US.mo Loaded
[2025-06-27T01:31:47.798+0000] {logging_mixin.py:188} INFO - [2025-06-27T01:31:47.796+0000] {dagbag.py:511} DEBUG - Loaded DAG <DAG: example_bash_operator>
[2025-06-27T01:31:47.801+0000] {logging_mixin.py:188} INFO - [2025-06-27T01:31:47.801+0000] {dagbag.py:511} DEBUG - Loaded DAG <DAG: example_bash_operator>
[2025-06-27T01:31:47.803+0000] {processor.py:840} INFO - DAG(s) 'example_bash_operator' retrieved from /home/airflow/.local/lib/python3.10/site-packages/airflow/example_dags/example_bash_operator.py
[2025-06-27T01:31:47.806+0000] {logging_mixin.py:188} INFO - [2025-06-27T01:31:47.806+0000] {dagbag.py:667} DEBUG - Running dagbag.sync_to_db with retries. Try 1 of 3
[2025-06-27T01:31:47.808+0000] {logging_mixin.py:188} INFO - [2025-06-27T01:31:47.807+0000] {dagbag.py:672} DEBUG - Calling the DAG.bulk_sync_to_db method
[2025-06-27T01:31:47.839+0000] {logging_mixin.py:188} INFO - [2025-06-27T01:31:47.838+0000] {serialized_dag.py:166} DEBUG - Checking if DAG (example_bash_operator) changed
[2025-06-27T01:31:47.853+0000] {logging_mixin.py:188} INFO - [2025-06-27T01:31:47.852+0000] {serialized_objects.py:624} DEBUG - Cast type <class 'airflow.models.param.ParamsDict'> to str in serialization.
[2025-06-27T01:31:47.862+0000] {logging_mixin.py:188} INFO - [2025-06-27T01:31:47.861+0000] {serialized_objects.py:624} DEBUG - Cast type <class 'airflow.models.param.ParamsDict'> to str in serialization.
[2025-06-27T01:31:47.868+0000] {logging_mixin.py:188} INFO - [2025-06-27T01:31:47.867+0000] {serialized_objects.py:624} DEBUG - Cast type <class 'airflow.models.param.ParamsDict'> to str in serialization.
[2025-06-27T01:31:47.873+0000] {logging_mixin.py:188} INFO - [2025-06-27T01:31:47.873+0000] {serialized_objects.py:624} DEBUG - Cast type <class 'airflow.models.param.ParamsDict'> to str in serialization.
[2025-06-27T01:31:47.876+0000] {logging_mixin.py:188} INFO - [2025-06-27T01:31:47.876+0000] {serialized_objects.py:624} DEBUG - Cast type <class 'airflow.models.param.ParamsDict'> to str in serialization.
[2025-06-27T01:31:47.883+0000] {logging_mixin.py:188} INFO - [2025-06-27T01:31:47.882+0000] {serialized_objects.py:624} DEBUG - Cast type <class 'airflow.models.param.ParamsDict'> to str in serialization.
[2025-06-27T01:31:47.888+0000] {logging_mixin.py:188} INFO - [2025-06-27T01:31:47.888+0000] {serialized_objects.py:624} DEBUG - Cast type <class 'airflow.models.param.ParamsDict'> to str in serialization.
[2025-06-27T01:31:47.900+0000] {logging_mixin.py:188} INFO - [2025-06-27T01:31:47.900+0000] {serialized_dag.py:177} DEBUG - Serialized DAG (example_bash_operator) is unchanged. Skipping writing to DB
[2025-06-27T01:31:47.901+0000] {logging_mixin.py:188} INFO - [2025-06-27T01:31:47.901+0000] {dag.py:3096} INFO - Sync 1 DAGs
[2025-06-27T01:31:48.159+0000] {logging_mixin.py:188} INFO - [2025-06-27T01:31:48.159+0000] {dag.py:3954} INFO - Setting next_dagrun for example_bash_operator to 2025-06-26 00:00:00+00:00, run_after=2025-06-27 00:00:00+00:00
[2025-06-27T01:31:48.194+0000] {processor.py:183} INFO - Processing /home/airflow/.local/lib/python3.10/site-packages/airflow/example_dags/example_bash_operator.py took 0.465 seconds
[2025-06-27T01:32:18.429+0000] {logging_mixin.py:188} INFO - [2025-06-27T01:32:18.428+0000] {settings.py:250} DEBUG - Setting up DB connection pool (PID 22208)
[2025-06-27T01:32:18.432+0000] {logging_mixin.py:188} INFO - [2025-06-27T01:32:18.431+0000] {settings.py:330} DEBUG - settings.prepare_engine_args(): Using pool settings. pool_size=5, max_overflow=10, pool_recycle=1800, pid=22208
[2025-06-27T01:32:18.444+0000] {processor.py:161} INFO - Started process (PID=22208) to work on /home/airflow/.local/lib/python3.10/site-packages/airflow/example_dags/example_bash_operator.py
[2025-06-27T01:32:18.445+0000] {processor.py:830} INFO - Processing file /home/airflow/.local/lib/python3.10/site-packages/airflow/example_dags/example_bash_operator.py for tasks to queue
[2025-06-27T01:32:18.447+0000] {logging_mixin.py:188} INFO - [2025-06-27T01:32:18.447+0000] {dagbag.py:545} INFO - Filling up the DagBag from /home/airflow/.local/lib/python3.10/site-packages/airflow/example_dags/example_bash_operator.py
[2025-06-27T01:32:18.451+0000] {logging_mixin.py:188} INFO - [2025-06-27T01:32:18.450+0000] {dagbag.py:337} DEBUG - Importing /home/airflow/.local/lib/python3.10/site-packages/airflow/example_dags/example_bash_operator.py
[2025-06-27T01:32:18.457+0000] {logging_mixin.py:188} INFO - [2025-06-27T01:32:18.456+0000] {GetText.py:65} DEBUG - /home/airflow/.local/lib/python3.10/site-packages/cron_descriptor/locale/en_US.mo Loaded
[2025-06-27T01:32:18.473+0000] {logging_mixin.py:188} INFO - [2025-06-27T01:32:18.471+0000] {dagbag.py:511} DEBUG - Loaded DAG <DAG: example_bash_operator>
[2025-06-27T01:32:18.475+0000] {logging_mixin.py:188} INFO - [2025-06-27T01:32:18.474+0000] {dagbag.py:511} DEBUG - Loaded DAG <DAG: example_bash_operator>
[2025-06-27T01:32:18.475+0000] {processor.py:840} INFO - DAG(s) 'example_bash_operator' retrieved from /home/airflow/.local/lib/python3.10/site-packages/airflow/example_dags/example_bash_operator.py
[2025-06-27T01:32:18.478+0000] {logging_mixin.py:188} INFO - [2025-06-27T01:32:18.477+0000] {dagbag.py:667} DEBUG - Running dagbag.sync_to_db with retries. Try 1 of 3
[2025-06-27T01:32:18.479+0000] {logging_mixin.py:188} INFO - [2025-06-27T01:32:18.478+0000] {dagbag.py:672} DEBUG - Calling the DAG.bulk_sync_to_db method
[2025-06-27T01:32:18.506+0000] {logging_mixin.py:188} INFO - [2025-06-27T01:32:18.506+0000] {serialized_dag.py:166} DEBUG - Checking if DAG (example_bash_operator) changed
[2025-06-27T01:32:18.512+0000] {logging_mixin.py:188} INFO - [2025-06-27T01:32:18.512+0000] {serialized_objects.py:624} DEBUG - Cast type <class 'airflow.models.param.ParamsDict'> to str in serialization.
[2025-06-27T01:32:18.765+0000] {logging_mixin.py:188} INFO - [2025-06-27T01:32:18.764+0000] {serialized_objects.py:624} DEBUG - Cast type <class 'airflow.models.param.ParamsDict'> to str in serialization.
[2025-06-27T01:32:18.769+0000] {logging_mixin.py:188} INFO - [2025-06-27T01:32:18.768+0000] {serialized_objects.py:624} DEBUG - Cast type <class 'airflow.models.param.ParamsDict'> to str in serialization.
[2025-06-27T01:32:18.773+0000] {logging_mixin.py:188} INFO - [2025-06-27T01:32:18.773+0000] {serialized_objects.py:624} DEBUG - Cast type <class 'airflow.models.param.ParamsDict'> to str in serialization.
[2025-06-27T01:32:18.776+0000] {logging_mixin.py:188} INFO - [2025-06-27T01:32:18.776+0000] {serialized_objects.py:624} DEBUG - Cast type <class 'airflow.models.param.ParamsDict'> to str in serialization.
[2025-06-27T01:32:18.778+0000] {logging_mixin.py:188} INFO - [2025-06-27T01:32:18.778+0000] {serialized_objects.py:624} DEBUG - Cast type <class 'airflow.models.param.ParamsDict'> to str in serialization.
[2025-06-27T01:32:18.781+0000] {logging_mixin.py:188} INFO - [2025-06-27T01:32:18.781+0000] {serialized_objects.py:624} DEBUG - Cast type <class 'airflow.models.param.ParamsDict'> to str in serialization.
[2025-06-27T01:32:18.790+0000] {logging_mixin.py:188} INFO - [2025-06-27T01:32:18.790+0000] {serialized_dag.py:177} DEBUG - Serialized DAG (example_bash_operator) is unchanged. Skipping writing to DB
[2025-06-27T01:32:18.792+0000] {logging_mixin.py:188} INFO - [2025-06-27T01:32:18.791+0000] {dag.py:3096} INFO - Sync 1 DAGs
[2025-06-27T01:32:18.834+0000] {logging_mixin.py:188} INFO - [2025-06-27T01:32:18.834+0000] {dag.py:3954} INFO - Setting next_dagrun for example_bash_operator to 2025-06-26 00:00:00+00:00, run_after=2025-06-27 00:00:00+00:00
[2025-06-27T01:32:18.868+0000] {processor.py:183} INFO - Processing /home/airflow/.local/lib/python3.10/site-packages/airflow/example_dags/example_bash_operator.py took 0.440 seconds
[2025-06-27T01:32:49.686+0000] {logging_mixin.py:188} INFO - [2025-06-27T01:32:49.685+0000] {settings.py:250} DEBUG - Setting up DB connection pool (PID 22271)
[2025-06-27T01:32:49.688+0000] {logging_mixin.py:188} INFO - [2025-06-27T01:32:49.688+0000] {settings.py:330} DEBUG - settings.prepare_engine_args(): Using pool settings. pool_size=5, max_overflow=10, pool_recycle=1800, pid=22271
[2025-06-27T01:32:49.702+0000] {processor.py:161} INFO - Started process (PID=22271) to work on /home/airflow/.local/lib/python3.10/site-packages/airflow/example_dags/example_bash_operator.py
[2025-06-27T01:32:49.704+0000] {processor.py:830} INFO - Processing file /home/airflow/.local/lib/python3.10/site-packages/airflow/example_dags/example_bash_operator.py for tasks to queue
[2025-06-27T01:32:49.706+0000] {logging_mixin.py:188} INFO - [2025-06-27T01:32:49.705+0000] {dagbag.py:545} INFO - Filling up the DagBag from /home/airflow/.local/lib/python3.10/site-packages/airflow/example_dags/example_bash_operator.py
[2025-06-27T01:32:49.709+0000] {logging_mixin.py:188} INFO - [2025-06-27T01:32:49.708+0000] {dagbag.py:337} DEBUG - Importing /home/airflow/.local/lib/python3.10/site-packages/airflow/example_dags/example_bash_operator.py
[2025-06-27T01:32:49.714+0000] {logging_mixin.py:188} INFO - [2025-06-27T01:32:49.714+0000] {GetText.py:65} DEBUG - /home/airflow/.local/lib/python3.10/site-packages/cron_descriptor/locale/en_US.mo Loaded
[2025-06-27T01:32:49.731+0000] {logging_mixin.py:188} INFO - [2025-06-27T01:32:49.728+0000] {dagbag.py:511} DEBUG - Loaded DAG <DAG: example_bash_operator>
[2025-06-27T01:32:49.733+0000] {logging_mixin.py:188} INFO - [2025-06-27T01:32:49.732+0000] {dagbag.py:511} DEBUG - Loaded DAG <DAG: example_bash_operator>
[2025-06-27T01:32:49.734+0000] {processor.py:840} INFO - DAG(s) 'example_bash_operator' retrieved from /home/airflow/.local/lib/python3.10/site-packages/airflow/example_dags/example_bash_operator.py
[2025-06-27T01:32:49.736+0000] {logging_mixin.py:188} INFO - [2025-06-27T01:32:49.736+0000] {dagbag.py:667} DEBUG - Running dagbag.sync_to_db with retries. Try 1 of 3
[2025-06-27T01:32:49.737+0000] {logging_mixin.py:188} INFO - [2025-06-27T01:32:49.736+0000] {dagbag.py:672} DEBUG - Calling the DAG.bulk_sync_to_db method
[2025-06-27T01:32:49.760+0000] {logging_mixin.py:188} INFO - [2025-06-27T01:32:49.760+0000] {serialized_dag.py:166} DEBUG - Checking if DAG (example_bash_operator) changed
[2025-06-27T01:32:49.767+0000] {logging_mixin.py:188} INFO - [2025-06-27T01:32:49.766+0000] {serialized_objects.py:624} DEBUG - Cast type <class 'airflow.models.param.ParamsDict'> to str in serialization.
[2025-06-27T01:32:49.771+0000] {logging_mixin.py:188} INFO - [2025-06-27T01:32:49.770+0000] {serialized_objects.py:624} DEBUG - Cast type <class 'airflow.models.param.ParamsDict'> to str in serialization.
[2025-06-27T01:32:49.773+0000] {logging_mixin.py:188} INFO - [2025-06-27T01:32:49.773+0000] {serialized_objects.py:624} DEBUG - Cast type <class 'airflow.models.param.ParamsDict'> to str in serialization.
[2025-06-27T01:32:49.775+0000] {logging_mixin.py:188} INFO - [2025-06-27T01:32:49.775+0000] {serialized_objects.py:624} DEBUG - Cast type <class 'airflow.models.param.ParamsDict'> to str in serialization.
[2025-06-27T01:32:49.777+0000] {logging_mixin.py:188} INFO - [2025-06-27T01:32:49.777+0000] {serialized_objects.py:624} DEBUG - Cast type <class 'airflow.models.param.ParamsDict'> to str in serialization.
[2025-06-27T01:32:49.780+0000] {logging_mixin.py:188} INFO - [2025-06-27T01:32:49.780+0000] {serialized_objects.py:624} DEBUG - Cast type <class 'airflow.models.param.ParamsDict'> to str in serialization.
[2025-06-27T01:32:49.782+0000] {logging_mixin.py:188} INFO - [2025-06-27T01:32:49.782+0000] {serialized_objects.py:624} DEBUG - Cast type <class 'airflow.models.param.ParamsDict'> to str in serialization.
[2025-06-27T01:32:49.792+0000] {logging_mixin.py:188} INFO - [2025-06-27T01:32:49.792+0000] {serialized_dag.py:177} DEBUG - Serialized DAG (example_bash_operator) is unchanged. Skipping writing to DB
[2025-06-27T01:32:49.794+0000] {logging_mixin.py:188} INFO - [2025-06-27T01:32:49.793+0000] {dag.py:3096} INFO - Sync 1 DAGs
[2025-06-27T01:32:49.823+0000] {logging_mixin.py:188} INFO - [2025-06-27T01:32:49.823+0000] {dag.py:3954} INFO - Setting next_dagrun for example_bash_operator to 2025-06-26 00:00:00+00:00, run_after=2025-06-27 00:00:00+00:00
[2025-06-27T01:32:49.854+0000] {processor.py:183} INFO - Processing /home/airflow/.local/lib/python3.10/site-packages/airflow/example_dags/example_bash_operator.py took 0.170 seconds
[2025-06-27T01:33:20.250+0000] {logging_mixin.py:188} INFO - [2025-06-27T01:33:20.249+0000] {settings.py:250} DEBUG - Setting up DB connection pool (PID 22334)
[2025-06-27T01:33:20.253+0000] {logging_mixin.py:188} INFO - [2025-06-27T01:33:20.253+0000] {settings.py:330} DEBUG - settings.prepare_engine_args(): Using pool settings. pool_size=5, max_overflow=10, pool_recycle=1800, pid=22334
[2025-06-27T01:33:20.265+0000] {processor.py:161} INFO - Started process (PID=22334) to work on /home/airflow/.local/lib/python3.10/site-packages/airflow/example_dags/example_bash_operator.py
[2025-06-27T01:33:20.267+0000] {processor.py:830} INFO - Processing file /home/airflow/.local/lib/python3.10/site-packages/airflow/example_dags/example_bash_operator.py for tasks to queue
[2025-06-27T01:33:20.268+0000] {logging_mixin.py:188} INFO - [2025-06-27T01:33:20.268+0000] {dagbag.py:545} INFO - Filling up the DagBag from /home/airflow/.local/lib/python3.10/site-packages/airflow/example_dags/example_bash_operator.py
[2025-06-27T01:33:20.271+0000] {logging_mixin.py:188} INFO - [2025-06-27T01:33:20.270+0000] {dagbag.py:337} DEBUG - Importing /home/airflow/.local/lib/python3.10/site-packages/airflow/example_dags/example_bash_operator.py
[2025-06-27T01:33:20.276+0000] {logging_mixin.py:188} INFO - [2025-06-27T01:33:20.276+0000] {GetText.py:65} DEBUG - /home/airflow/.local/lib/python3.10/site-packages/cron_descriptor/locale/en_US.mo Loaded
[2025-06-27T01:33:20.292+0000] {logging_mixin.py:188} INFO - [2025-06-27T01:33:20.291+0000] {dagbag.py:511} DEBUG - Loaded DAG <DAG: example_bash_operator>
[2025-06-27T01:33:20.296+0000] {logging_mixin.py:188} INFO - [2025-06-27T01:33:20.295+0000] {dagbag.py:511} DEBUG - Loaded DAG <DAG: example_bash_operator>
[2025-06-27T01:33:20.296+0000] {processor.py:840} INFO - DAG(s) 'example_bash_operator' retrieved from /home/airflow/.local/lib/python3.10/site-packages/airflow/example_dags/example_bash_operator.py
[2025-06-27T01:33:20.298+0000] {logging_mixin.py:188} INFO - [2025-06-27T01:33:20.298+0000] {dagbag.py:667} DEBUG - Running dagbag.sync_to_db with retries. Try 1 of 3
[2025-06-27T01:33:20.299+0000] {logging_mixin.py:188} INFO - [2025-06-27T01:33:20.299+0000] {dagbag.py:672} DEBUG - Calling the DAG.bulk_sync_to_db method
[2025-06-27T01:33:20.323+0000] {logging_mixin.py:188} INFO - [2025-06-27T01:33:20.323+0000] {serialized_dag.py:166} DEBUG - Checking if DAG (example_bash_operator) changed
[2025-06-27T01:33:20.330+0000] {logging_mixin.py:188} INFO - [2025-06-27T01:33:20.329+0000] {serialized_objects.py:624} DEBUG - Cast type <class 'airflow.models.param.ParamsDict'> to str in serialization.
[2025-06-27T01:33:20.333+0000] {logging_mixin.py:188} INFO - [2025-06-27T01:33:20.333+0000] {serialized_objects.py:624} DEBUG - Cast type <class 'airflow.models.param.ParamsDict'> to str in serialization.
[2025-06-27T01:33:20.336+0000] {logging_mixin.py:188} INFO - [2025-06-27T01:33:20.336+0000] {serialized_objects.py:624} DEBUG - Cast type <class 'airflow.models.param.ParamsDict'> to str in serialization.
[2025-06-27T01:33:20.339+0000] {logging_mixin.py:188} INFO - [2025-06-27T01:33:20.338+0000] {serialized_objects.py:624} DEBUG - Cast type <class 'airflow.models.param.ParamsDict'> to str in serialization.
[2025-06-27T01:33:20.341+0000] {logging_mixin.py:188} INFO - [2025-06-27T01:33:20.340+0000] {serialized_objects.py:624} DEBUG - Cast type <class 'airflow.models.param.ParamsDict'> to str in serialization.
[2025-06-27T01:33:20.343+0000] {logging_mixin.py:188} INFO - [2025-06-27T01:33:20.343+0000] {serialized_objects.py:624} DEBUG - Cast type <class 'airflow.models.param.ParamsDict'> to str in serialization.
[2025-06-27T01:33:20.346+0000] {logging_mixin.py:188} INFO - [2025-06-27T01:33:20.346+0000] {serialized_objects.py:624} DEBUG - Cast type <class 'airflow.models.param.ParamsDict'> to str in serialization.
[2025-06-27T01:33:20.353+0000] {logging_mixin.py:188} INFO - [2025-06-27T01:33:20.353+0000] {serialized_dag.py:177} DEBUG - Serialized DAG (example_bash_operator) is unchanged. Skipping writing to DB
[2025-06-27T01:33:20.354+0000] {logging_mixin.py:188} INFO - [2025-06-27T01:33:20.354+0000] {dag.py:3096} INFO - Sync 1 DAGs
[2025-06-27T01:33:20.385+0000] {logging_mixin.py:188} INFO - [2025-06-27T01:33:20.385+0000] {dag.py:3954} INFO - Setting next_dagrun for example_bash_operator to 2025-06-26 00:00:00+00:00, run_after=2025-06-27 00:00:00+00:00
[2025-06-27T01:33:20.413+0000] {processor.py:183} INFO - Processing /home/airflow/.local/lib/python3.10/site-packages/airflow/example_dags/example_bash_operator.py took 0.164 seconds
[2025-06-27T01:33:50.780+0000] {logging_mixin.py:188} INFO - [2025-06-27T01:33:50.778+0000] {settings.py:250} DEBUG - Setting up DB connection pool (PID 22397)
[2025-06-27T01:33:50.783+0000] {logging_mixin.py:188} INFO - [2025-06-27T01:33:50.783+0000] {settings.py:330} DEBUG - settings.prepare_engine_args(): Using pool settings. pool_size=5, max_overflow=10, pool_recycle=1800, pid=22397
[2025-06-27T01:33:50.795+0000] {processor.py:161} INFO - Started process (PID=22397) to work on /home/airflow/.local/lib/python3.10/site-packages/airflow/example_dags/example_bash_operator.py
[2025-06-27T01:33:50.796+0000] {processor.py:830} INFO - Processing file /home/airflow/.local/lib/python3.10/site-packages/airflow/example_dags/example_bash_operator.py for tasks to queue
[2025-06-27T01:33:50.798+0000] {logging_mixin.py:188} INFO - [2025-06-27T01:33:50.798+0000] {dagbag.py:545} INFO - Filling up the DagBag from /home/airflow/.local/lib/python3.10/site-packages/airflow/example_dags/example_bash_operator.py
[2025-06-27T01:33:50.801+0000] {logging_mixin.py:188} INFO - [2025-06-27T01:33:50.800+0000] {dagbag.py:337} DEBUG - Importing /home/airflow/.local/lib/python3.10/site-packages/airflow/example_dags/example_bash_operator.py
[2025-06-27T01:33:50.807+0000] {logging_mixin.py:188} INFO - [2025-06-27T01:33:50.806+0000] {GetText.py:65} DEBUG - /home/airflow/.local/lib/python3.10/site-packages/cron_descriptor/locale/en_US.mo Loaded
[2025-06-27T01:33:50.821+0000] {logging_mixin.py:188} INFO - [2025-06-27T01:33:50.820+0000] {dagbag.py:511} DEBUG - Loaded DAG <DAG: example_bash_operator>
[2025-06-27T01:33:50.823+0000] {logging_mixin.py:188} INFO - [2025-06-27T01:33:50.823+0000] {dagbag.py:511} DEBUG - Loaded DAG <DAG: example_bash_operator>
[2025-06-27T01:33:50.824+0000] {processor.py:840} INFO - DAG(s) 'example_bash_operator' retrieved from /home/airflow/.local/lib/python3.10/site-packages/airflow/example_dags/example_bash_operator.py
[2025-06-27T01:33:50.826+0000] {logging_mixin.py:188} INFO - [2025-06-27T01:33:50.826+0000] {dagbag.py:667} DEBUG - Running dagbag.sync_to_db with retries. Try 1 of 3
[2025-06-27T01:33:50.826+0000] {logging_mixin.py:188} INFO - [2025-06-27T01:33:50.826+0000] {dagbag.py:672} DEBUG - Calling the DAG.bulk_sync_to_db method
[2025-06-27T01:33:50.845+0000] {logging_mixin.py:188} INFO - [2025-06-27T01:33:50.845+0000] {serialized_dag.py:166} DEBUG - Checking if DAG (example_bash_operator) changed
[2025-06-27T01:33:50.851+0000] {logging_mixin.py:188} INFO - [2025-06-27T01:33:50.850+0000] {serialized_objects.py:624} DEBUG - Cast type <class 'airflow.models.param.ParamsDict'> to str in serialization.
[2025-06-27T01:33:50.854+0000] {logging_mixin.py:188} INFO - [2025-06-27T01:33:50.854+0000] {serialized_objects.py:624} DEBUG - Cast type <class 'airflow.models.param.ParamsDict'> to str in serialization.
[2025-06-27T01:33:50.857+0000] {logging_mixin.py:188} INFO - [2025-06-27T01:33:50.857+0000] {serialized_objects.py:624} DEBUG - Cast type <class 'airflow.models.param.ParamsDict'> to str in serialization.
[2025-06-27T01:33:50.860+0000] {logging_mixin.py:188} INFO - [2025-06-27T01:33:50.860+0000] {serialized_objects.py:624} DEBUG - Cast type <class 'airflow.models.param.ParamsDict'> to str in serialization.
[2025-06-27T01:33:50.862+0000] {logging_mixin.py:188} INFO - [2025-06-27T01:33:50.862+0000] {serialized_objects.py:624} DEBUG - Cast type <class 'airflow.models.param.ParamsDict'> to str in serialization.
[2025-06-27T01:33:50.864+0000] {logging_mixin.py:188} INFO - [2025-06-27T01:33:50.864+0000] {serialized_objects.py:624} DEBUG - Cast type <class 'airflow.models.param.ParamsDict'> to str in serialization.
[2025-06-27T01:33:50.867+0000] {logging_mixin.py:188} INFO - [2025-06-27T01:33:50.867+0000] {serialized_objects.py:624} DEBUG - Cast type <class 'airflow.models.param.ParamsDict'> to str in serialization.
[2025-06-27T01:33:50.876+0000] {logging_mixin.py:188} INFO - [2025-06-27T01:33:50.876+0000] {serialized_dag.py:177} DEBUG - Serialized DAG (example_bash_operator) is unchanged. Skipping writing to DB
[2025-06-27T01:33:50.877+0000] {logging_mixin.py:188} INFO - [2025-06-27T01:33:50.877+0000] {dag.py:3096} INFO - Sync 1 DAGs
[2025-06-27T01:33:50.905+0000] {logging_mixin.py:188} INFO - [2025-06-27T01:33:50.905+0000] {dag.py:3954} INFO - Setting next_dagrun for example_bash_operator to 2025-06-26 00:00:00+00:00, run_after=2025-06-27 00:00:00+00:00
[2025-06-27T01:33:50.939+0000] {processor.py:183} INFO - Processing /home/airflow/.local/lib/python3.10/site-packages/airflow/example_dags/example_bash_operator.py took 0.161 seconds
[2025-06-27T01:34:21.215+0000] {logging_mixin.py:188} INFO - [2025-06-27T01:34:21.213+0000] {settings.py:250} DEBUG - Setting up DB connection pool (PID 22460)
[2025-06-27T01:34:21.218+0000] {logging_mixin.py:188} INFO - [2025-06-27T01:34:21.217+0000] {settings.py:330} DEBUG - settings.prepare_engine_args(): Using pool settings. pool_size=5, max_overflow=10, pool_recycle=1800, pid=22460
[2025-06-27T01:34:21.239+0000] {processor.py:161} INFO - Started process (PID=22460) to work on /home/airflow/.local/lib/python3.10/site-packages/airflow/example_dags/example_bash_operator.py
[2025-06-27T01:34:21.244+0000] {processor.py:830} INFO - Processing file /home/airflow/.local/lib/python3.10/site-packages/airflow/example_dags/example_bash_operator.py for tasks to queue
[2025-06-27T01:34:21.247+0000] {logging_mixin.py:188} INFO - [2025-06-27T01:34:21.246+0000] {dagbag.py:545} INFO - Filling up the DagBag from /home/airflow/.local/lib/python3.10/site-packages/airflow/example_dags/example_bash_operator.py
[2025-06-27T01:34:21.254+0000] {logging_mixin.py:188} INFO - [2025-06-27T01:34:21.253+0000] {dagbag.py:337} DEBUG - Importing /home/airflow/.local/lib/python3.10/site-packages/airflow/example_dags/example_bash_operator.py
[2025-06-27T01:34:21.268+0000] {logging_mixin.py:188} INFO - [2025-06-27T01:34:21.267+0000] {GetText.py:65} DEBUG - /home/airflow/.local/lib/python3.10/site-packages/cron_descriptor/locale/en_US.mo Loaded
[2025-06-27T01:34:21.295+0000] {logging_mixin.py:188} INFO - [2025-06-27T01:34:21.293+0000] {dagbag.py:511} DEBUG - Loaded DAG <DAG: example_bash_operator>
[2025-06-27T01:34:21.298+0000] {logging_mixin.py:188} INFO - [2025-06-27T01:34:21.297+0000] {dagbag.py:511} DEBUG - Loaded DAG <DAG: example_bash_operator>
[2025-06-27T01:34:21.300+0000] {processor.py:840} INFO - DAG(s) 'example_bash_operator' retrieved from /home/airflow/.local/lib/python3.10/site-packages/airflow/example_dags/example_bash_operator.py
[2025-06-27T01:34:21.305+0000] {logging_mixin.py:188} INFO - [2025-06-27T01:34:21.304+0000] {dagbag.py:667} DEBUG - Running dagbag.sync_to_db with retries. Try 1 of 3
[2025-06-27T01:34:21.307+0000] {logging_mixin.py:188} INFO - [2025-06-27T01:34:21.306+0000] {dagbag.py:672} DEBUG - Calling the DAG.bulk_sync_to_db method
[2025-06-27T01:34:21.337+0000] {logging_mixin.py:188} INFO - [2025-06-27T01:34:21.336+0000] {serialized_dag.py:166} DEBUG - Checking if DAG (example_bash_operator) changed
[2025-06-27T01:34:21.346+0000] {logging_mixin.py:188} INFO - [2025-06-27T01:34:21.345+0000] {serialized_objects.py:624} DEBUG - Cast type <class 'airflow.models.param.ParamsDict'> to str in serialization.
[2025-06-27T01:34:21.351+0000] {logging_mixin.py:188} INFO - [2025-06-27T01:34:21.351+0000] {serialized_objects.py:624} DEBUG - Cast type <class 'airflow.models.param.ParamsDict'> to str in serialization.
[2025-06-27T01:34:21.356+0000] {logging_mixin.py:188} INFO - [2025-06-27T01:34:21.355+0000] {serialized_objects.py:624} DEBUG - Cast type <class 'airflow.models.param.ParamsDict'> to str in serialization.
[2025-06-27T01:34:21.358+0000] {logging_mixin.py:188} INFO - [2025-06-27T01:34:21.358+0000] {serialized_objects.py:624} DEBUG - Cast type <class 'airflow.models.param.ParamsDict'> to str in serialization.
[2025-06-27T01:34:21.362+0000] {logging_mixin.py:188} INFO - [2025-06-27T01:34:21.362+0000] {serialized_objects.py:624} DEBUG - Cast type <class 'airflow.models.param.ParamsDict'> to str in serialization.
[2025-06-27T01:34:21.367+0000] {logging_mixin.py:188} INFO - [2025-06-27T01:34:21.366+0000] {serialized_objects.py:624} DEBUG - Cast type <class 'airflow.models.param.ParamsDict'> to str in serialization.
[2025-06-27T01:34:21.371+0000] {logging_mixin.py:188} INFO - [2025-06-27T01:34:21.371+0000] {serialized_objects.py:624} DEBUG - Cast type <class 'airflow.models.param.ParamsDict'> to str in serialization.
[2025-06-27T01:34:21.385+0000] {logging_mixin.py:188} INFO - [2025-06-27T01:34:21.385+0000] {serialized_dag.py:177} DEBUG - Serialized DAG (example_bash_operator) is unchanged. Skipping writing to DB
[2025-06-27T01:34:21.386+0000] {logging_mixin.py:188} INFO - [2025-06-27T01:34:21.386+0000] {dag.py:3096} INFO - Sync 1 DAGs
[2025-06-27T01:34:21.430+0000] {logging_mixin.py:188} INFO - [2025-06-27T01:34:21.430+0000] {dag.py:3954} INFO - Setting next_dagrun for example_bash_operator to 2025-06-26 00:00:00+00:00, run_after=2025-06-27 00:00:00+00:00
[2025-06-27T01:34:21.467+0000] {processor.py:183} INFO - Processing /home/airflow/.local/lib/python3.10/site-packages/airflow/example_dags/example_bash_operator.py took 0.255 seconds
[2025-06-27T01:34:51.677+0000] {logging_mixin.py:188} INFO - [2025-06-27T01:34:51.675+0000] {settings.py:250} DEBUG - Setting up DB connection pool (PID 22521)
[2025-06-27T01:34:51.679+0000] {logging_mixin.py:188} INFO - [2025-06-27T01:34:51.679+0000] {settings.py:330} DEBUG - settings.prepare_engine_args(): Using pool settings. pool_size=5, max_overflow=10, pool_recycle=1800, pid=22521
[2025-06-27T01:34:51.692+0000] {processor.py:161} INFO - Started process (PID=22521) to work on /home/airflow/.local/lib/python3.10/site-packages/airflow/example_dags/example_bash_operator.py
[2025-06-27T01:34:51.697+0000] {processor.py:830} INFO - Processing file /home/airflow/.local/lib/python3.10/site-packages/airflow/example_dags/example_bash_operator.py for tasks to queue
[2025-06-27T01:34:51.699+0000] {logging_mixin.py:188} INFO - [2025-06-27T01:34:51.698+0000] {dagbag.py:545} INFO - Filling up the DagBag from /home/airflow/.local/lib/python3.10/site-packages/airflow/example_dags/example_bash_operator.py
[2025-06-27T01:34:51.702+0000] {logging_mixin.py:188} INFO - [2025-06-27T01:34:51.702+0000] {dagbag.py:337} DEBUG - Importing /home/airflow/.local/lib/python3.10/site-packages/airflow/example_dags/example_bash_operator.py
[2025-06-27T01:34:51.710+0000] {logging_mixin.py:188} INFO - [2025-06-27T01:34:51.710+0000] {GetText.py:65} DEBUG - /home/airflow/.local/lib/python3.10/site-packages/cron_descriptor/locale/en_US.mo Loaded
[2025-06-27T01:34:51.729+0000] {logging_mixin.py:188} INFO - [2025-06-27T01:34:51.726+0000] {dagbag.py:511} DEBUG - Loaded DAG <DAG: example_bash_operator>
[2025-06-27T01:34:51.731+0000] {logging_mixin.py:188} INFO - [2025-06-27T01:34:51.731+0000] {dagbag.py:511} DEBUG - Loaded DAG <DAG: example_bash_operator>
[2025-06-27T01:34:51.732+0000] {processor.py:840} INFO - DAG(s) 'example_bash_operator' retrieved from /home/airflow/.local/lib/python3.10/site-packages/airflow/example_dags/example_bash_operator.py
[2025-06-27T01:34:51.735+0000] {logging_mixin.py:188} INFO - [2025-06-27T01:34:51.735+0000] {dagbag.py:667} DEBUG - Running dagbag.sync_to_db with retries. Try 1 of 3
[2025-06-27T01:34:51.735+0000] {logging_mixin.py:188} INFO - [2025-06-27T01:34:51.735+0000] {dagbag.py:672} DEBUG - Calling the DAG.bulk_sync_to_db method
[2025-06-27T01:34:51.770+0000] {logging_mixin.py:188} INFO - [2025-06-27T01:34:51.770+0000] {serialized_dag.py:166} DEBUG - Checking if DAG (example_bash_operator) changed
[2025-06-27T01:34:51.778+0000] {logging_mixin.py:188} INFO - [2025-06-27T01:34:51.777+0000] {serialized_objects.py:624} DEBUG - Cast type <class 'airflow.models.param.ParamsDict'> to str in serialization.
[2025-06-27T01:34:51.782+0000] {logging_mixin.py:188} INFO - [2025-06-27T01:34:51.781+0000] {serialized_objects.py:624} DEBUG - Cast type <class 'airflow.models.param.ParamsDict'> to str in serialization.
[2025-06-27T01:34:51.785+0000] {logging_mixin.py:188} INFO - [2025-06-27T01:34:51.785+0000] {serialized_objects.py:624} DEBUG - Cast type <class 'airflow.models.param.ParamsDict'> to str in serialization.
[2025-06-27T01:34:51.788+0000] {logging_mixin.py:188} INFO - [2025-06-27T01:34:51.788+0000] {serialized_objects.py:624} DEBUG - Cast type <class 'airflow.models.param.ParamsDict'> to str in serialization.
[2025-06-27T01:34:51.790+0000] {logging_mixin.py:188} INFO - [2025-06-27T01:34:51.790+0000] {serialized_objects.py:624} DEBUG - Cast type <class 'airflow.models.param.ParamsDict'> to str in serialization.
[2025-06-27T01:34:51.793+0000] {logging_mixin.py:188} INFO - [2025-06-27T01:34:51.793+0000] {serialized_objects.py:624} DEBUG - Cast type <class 'airflow.models.param.ParamsDict'> to str in serialization.
[2025-06-27T01:34:51.796+0000] {logging_mixin.py:188} INFO - [2025-06-27T01:34:51.795+0000] {serialized_objects.py:624} DEBUG - Cast type <class 'airflow.models.param.ParamsDict'> to str in serialization.
[2025-06-27T01:34:51.805+0000] {logging_mixin.py:188} INFO - [2025-06-27T01:34:51.804+0000] {serialized_dag.py:177} DEBUG - Serialized DAG (example_bash_operator) is unchanged. Skipping writing to DB
[2025-06-27T01:34:51.805+0000] {logging_mixin.py:188} INFO - [2025-06-27T01:34:51.805+0000] {dag.py:3096} INFO - Sync 1 DAGs
[2025-06-27T01:34:51.841+0000] {logging_mixin.py:188} INFO - [2025-06-27T01:34:51.841+0000] {dag.py:3954} INFO - Setting next_dagrun for example_bash_operator to 2025-06-26 00:00:00+00:00, run_after=2025-06-27 00:00:00+00:00
[2025-06-27T01:34:51.870+0000] {processor.py:183} INFO - Processing /home/airflow/.local/lib/python3.10/site-packages/airflow/example_dags/example_bash_operator.py took 0.195 seconds
[2025-06-27T01:35:22.944+0000] {logging_mixin.py:188} INFO - [2025-06-27T01:35:22.942+0000] {settings.py:250} DEBUG - Setting up DB connection pool (PID 22584)
[2025-06-27T01:35:22.946+0000] {logging_mixin.py:188} INFO - [2025-06-27T01:35:22.946+0000] {settings.py:330} DEBUG - settings.prepare_engine_args(): Using pool settings. pool_size=5, max_overflow=10, pool_recycle=1800, pid=22584
[2025-06-27T01:35:22.961+0000] {processor.py:161} INFO - Started process (PID=22584) to work on /home/airflow/.local/lib/python3.10/site-packages/airflow/example_dags/example_bash_operator.py
[2025-06-27T01:35:22.963+0000] {processor.py:830} INFO - Processing file /home/airflow/.local/lib/python3.10/site-packages/airflow/example_dags/example_bash_operator.py for tasks to queue
[2025-06-27T01:35:22.964+0000] {logging_mixin.py:188} INFO - [2025-06-27T01:35:22.964+0000] {dagbag.py:545} INFO - Filling up the DagBag from /home/airflow/.local/lib/python3.10/site-packages/airflow/example_dags/example_bash_operator.py
[2025-06-27T01:35:22.966+0000] {logging_mixin.py:188} INFO - [2025-06-27T01:35:22.966+0000] {dagbag.py:337} DEBUG - Importing /home/airflow/.local/lib/python3.10/site-packages/airflow/example_dags/example_bash_operator.py
[2025-06-27T01:35:22.972+0000] {logging_mixin.py:188} INFO - [2025-06-27T01:35:22.972+0000] {GetText.py:65} DEBUG - /home/airflow/.local/lib/python3.10/site-packages/cron_descriptor/locale/en_US.mo Loaded
[2025-06-27T01:35:22.988+0000] {logging_mixin.py:188} INFO - [2025-06-27T01:35:22.986+0000] {dagbag.py:511} DEBUG - Loaded DAG <DAG: example_bash_operator>
[2025-06-27T01:35:22.990+0000] {logging_mixin.py:188} INFO - [2025-06-27T01:35:22.990+0000] {dagbag.py:511} DEBUG - Loaded DAG <DAG: example_bash_operator>
[2025-06-27T01:35:22.991+0000] {processor.py:840} INFO - DAG(s) 'example_bash_operator' retrieved from /home/airflow/.local/lib/python3.10/site-packages/airflow/example_dags/example_bash_operator.py
[2025-06-27T01:35:22.993+0000] {logging_mixin.py:188} INFO - [2025-06-27T01:35:22.993+0000] {dagbag.py:667} DEBUG - Running dagbag.sync_to_db with retries. Try 1 of 3
[2025-06-27T01:35:22.993+0000] {logging_mixin.py:188} INFO - [2025-06-27T01:35:22.993+0000] {dagbag.py:672} DEBUG - Calling the DAG.bulk_sync_to_db method
[2025-06-27T01:35:23.011+0000] {logging_mixin.py:188} INFO - [2025-06-27T01:35:23.011+0000] {serialized_dag.py:166} DEBUG - Checking if DAG (example_bash_operator) changed
[2025-06-27T01:35:23.017+0000] {logging_mixin.py:188} INFO - [2025-06-27T01:35:23.016+0000] {serialized_objects.py:624} DEBUG - Cast type <class 'airflow.models.param.ParamsDict'> to str in serialization.
[2025-06-27T01:35:23.020+0000] {logging_mixin.py:188} INFO - [2025-06-27T01:35:23.020+0000] {serialized_objects.py:624} DEBUG - Cast type <class 'airflow.models.param.ParamsDict'> to str in serialization.
[2025-06-27T01:35:23.023+0000] {logging_mixin.py:188} INFO - [2025-06-27T01:35:23.023+0000] {serialized_objects.py:624} DEBUG - Cast type <class 'airflow.models.param.ParamsDict'> to str in serialization.
[2025-06-27T01:35:23.025+0000] {logging_mixin.py:188} INFO - [2025-06-27T01:35:23.025+0000] {serialized_objects.py:624} DEBUG - Cast type <class 'airflow.models.param.ParamsDict'> to str in serialization.
[2025-06-27T01:35:23.028+0000] {logging_mixin.py:188} INFO - [2025-06-27T01:35:23.028+0000] {serialized_objects.py:624} DEBUG - Cast type <class 'airflow.models.param.ParamsDict'> to str in serialization.
[2025-06-27T01:35:23.030+0000] {logging_mixin.py:188} INFO - [2025-06-27T01:35:23.030+0000] {serialized_objects.py:624} DEBUG - Cast type <class 'airflow.models.param.ParamsDict'> to str in serialization.
[2025-06-27T01:35:23.032+0000] {logging_mixin.py:188} INFO - [2025-06-27T01:35:23.032+0000] {serialized_objects.py:624} DEBUG - Cast type <class 'airflow.models.param.ParamsDict'> to str in serialization.
[2025-06-27T01:35:23.040+0000] {logging_mixin.py:188} INFO - [2025-06-27T01:35:23.040+0000] {serialized_dag.py:177} DEBUG - Serialized DAG (example_bash_operator) is unchanged. Skipping writing to DB
[2025-06-27T01:35:23.041+0000] {logging_mixin.py:188} INFO - [2025-06-27T01:35:23.041+0000] {dag.py:3096} INFO - Sync 1 DAGs
[2025-06-27T01:35:23.067+0000] {logging_mixin.py:188} INFO - [2025-06-27T01:35:23.067+0000] {dag.py:3954} INFO - Setting next_dagrun for example_bash_operator to 2025-06-26 00:00:00+00:00, run_after=2025-06-27 00:00:00+00:00
[2025-06-27T01:35:23.101+0000] {processor.py:183} INFO - Processing /home/airflow/.local/lib/python3.10/site-packages/airflow/example_dags/example_bash_operator.py took 0.158 seconds
[2025-06-27T01:35:53.465+0000] {logging_mixin.py:188} INFO - [2025-06-27T01:35:53.463+0000] {settings.py:250} DEBUG - Setting up DB connection pool (PID 22647)
[2025-06-27T01:35:53.467+0000] {logging_mixin.py:188} INFO - [2025-06-27T01:35:53.466+0000] {settings.py:330} DEBUG - settings.prepare_engine_args(): Using pool settings. pool_size=5, max_overflow=10, pool_recycle=1800, pid=22647
[2025-06-27T01:35:53.480+0000] {processor.py:161} INFO - Started process (PID=22647) to work on /home/airflow/.local/lib/python3.10/site-packages/airflow/example_dags/example_bash_operator.py
[2025-06-27T01:35:53.481+0000] {processor.py:830} INFO - Processing file /home/airflow/.local/lib/python3.10/site-packages/airflow/example_dags/example_bash_operator.py for tasks to queue
[2025-06-27T01:35:53.483+0000] {logging_mixin.py:188} INFO - [2025-06-27T01:35:53.482+0000] {dagbag.py:545} INFO - Filling up the DagBag from /home/airflow/.local/lib/python3.10/site-packages/airflow/example_dags/example_bash_operator.py
[2025-06-27T01:35:53.485+0000] {logging_mixin.py:188} INFO - [2025-06-27T01:35:53.484+0000] {dagbag.py:337} DEBUG - Importing /home/airflow/.local/lib/python3.10/site-packages/airflow/example_dags/example_bash_operator.py
[2025-06-27T01:35:53.490+0000] {logging_mixin.py:188} INFO - [2025-06-27T01:35:53.489+0000] {GetText.py:65} DEBUG - /home/airflow/.local/lib/python3.10/site-packages/cron_descriptor/locale/en_US.mo Loaded
[2025-06-27T01:35:53.506+0000] {logging_mixin.py:188} INFO - [2025-06-27T01:35:53.505+0000] {dagbag.py:511} DEBUG - Loaded DAG <DAG: example_bash_operator>
[2025-06-27T01:35:53.510+0000] {logging_mixin.py:188} INFO - [2025-06-27T01:35:53.509+0000] {dagbag.py:511} DEBUG - Loaded DAG <DAG: example_bash_operator>
[2025-06-27T01:35:53.510+0000] {processor.py:840} INFO - DAG(s) 'example_bash_operator' retrieved from /home/airflow/.local/lib/python3.10/site-packages/airflow/example_dags/example_bash_operator.py
[2025-06-27T01:35:53.513+0000] {logging_mixin.py:188} INFO - [2025-06-27T01:35:53.513+0000] {dagbag.py:667} DEBUG - Running dagbag.sync_to_db with retries. Try 1 of 3
[2025-06-27T01:35:53.514+0000] {logging_mixin.py:188} INFO - [2025-06-27T01:35:53.514+0000] {dagbag.py:672} DEBUG - Calling the DAG.bulk_sync_to_db method
[2025-06-27T01:35:53.537+0000] {logging_mixin.py:188} INFO - [2025-06-27T01:35:53.537+0000] {serialized_dag.py:166} DEBUG - Checking if DAG (example_bash_operator) changed
[2025-06-27T01:35:53.542+0000] {logging_mixin.py:188} INFO - [2025-06-27T01:35:53.541+0000] {serialized_objects.py:624} DEBUG - Cast type <class 'airflow.models.param.ParamsDict'> to str in serialization.
[2025-06-27T01:35:53.545+0000] {logging_mixin.py:188} INFO - [2025-06-27T01:35:53.545+0000] {serialized_objects.py:624} DEBUG - Cast type <class 'airflow.models.param.ParamsDict'> to str in serialization.
[2025-06-27T01:35:53.548+0000] {logging_mixin.py:188} INFO - [2025-06-27T01:35:53.548+0000] {serialized_objects.py:624} DEBUG - Cast type <class 'airflow.models.param.ParamsDict'> to str in serialization.
[2025-06-27T01:35:53.551+0000] {logging_mixin.py:188} INFO - [2025-06-27T01:35:53.551+0000] {serialized_objects.py:624} DEBUG - Cast type <class 'airflow.models.param.ParamsDict'> to str in serialization.
[2025-06-27T01:35:53.553+0000] {logging_mixin.py:188} INFO - [2025-06-27T01:35:53.553+0000] {serialized_objects.py:624} DEBUG - Cast type <class 'airflow.models.param.ParamsDict'> to str in serialization.
[2025-06-27T01:35:53.555+0000] {logging_mixin.py:188} INFO - [2025-06-27T01:35:53.555+0000] {serialized_objects.py:624} DEBUG - Cast type <class 'airflow.models.param.ParamsDict'> to str in serialization.
[2025-06-27T01:35:53.558+0000] {logging_mixin.py:188} INFO - [2025-06-27T01:35:53.557+0000] {serialized_objects.py:624} DEBUG - Cast type <class 'airflow.models.param.ParamsDict'> to str in serialization.
[2025-06-27T01:35:53.565+0000] {logging_mixin.py:188} INFO - [2025-06-27T01:35:53.565+0000] {serialized_dag.py:177} DEBUG - Serialized DAG (example_bash_operator) is unchanged. Skipping writing to DB
[2025-06-27T01:35:53.566+0000] {logging_mixin.py:188} INFO - [2025-06-27T01:35:53.566+0000] {dag.py:3096} INFO - Sync 1 DAGs
[2025-06-27T01:35:53.600+0000] {logging_mixin.py:188} INFO - [2025-06-27T01:35:53.600+0000] {dag.py:3954} INFO - Setting next_dagrun for example_bash_operator to 2025-06-26 00:00:00+00:00, run_after=2025-06-27 00:00:00+00:00
[2025-06-27T01:35:53.637+0000] {processor.py:183} INFO - Processing /home/airflow/.local/lib/python3.10/site-packages/airflow/example_dags/example_bash_operator.py took 0.174 seconds
[2025-06-27T01:36:23.815+0000] {logging_mixin.py:188} INFO - [2025-06-27T01:36:23.814+0000] {settings.py:250} DEBUG - Setting up DB connection pool (PID 22710)
[2025-06-27T01:36:23.818+0000] {logging_mixin.py:188} INFO - [2025-06-27T01:36:23.817+0000] {settings.py:330} DEBUG - settings.prepare_engine_args(): Using pool settings. pool_size=5, max_overflow=10, pool_recycle=1800, pid=22710
[2025-06-27T01:36:23.829+0000] {processor.py:161} INFO - Started process (PID=22710) to work on /home/airflow/.local/lib/python3.10/site-packages/airflow/example_dags/example_bash_operator.py
[2025-06-27T01:36:23.831+0000] {processor.py:830} INFO - Processing file /home/airflow/.local/lib/python3.10/site-packages/airflow/example_dags/example_bash_operator.py for tasks to queue
[2025-06-27T01:36:23.833+0000] {logging_mixin.py:188} INFO - [2025-06-27T01:36:23.832+0000] {dagbag.py:545} INFO - Filling up the DagBag from /home/airflow/.local/lib/python3.10/site-packages/airflow/example_dags/example_bash_operator.py
[2025-06-27T01:36:23.835+0000] {logging_mixin.py:188} INFO - [2025-06-27T01:36:23.835+0000] {dagbag.py:337} DEBUG - Importing /home/airflow/.local/lib/python3.10/site-packages/airflow/example_dags/example_bash_operator.py
[2025-06-27T01:36:23.841+0000] {logging_mixin.py:188} INFO - [2025-06-27T01:36:23.841+0000] {GetText.py:65} DEBUG - /home/airflow/.local/lib/python3.10/site-packages/cron_descriptor/locale/en_US.mo Loaded
[2025-06-27T01:36:23.855+0000] {logging_mixin.py:188} INFO - [2025-06-27T01:36:23.853+0000] {dagbag.py:511} DEBUG - Loaded DAG <DAG: example_bash_operator>
[2025-06-27T01:36:23.857+0000] {logging_mixin.py:188} INFO - [2025-06-27T01:36:23.856+0000] {dagbag.py:511} DEBUG - Loaded DAG <DAG: example_bash_operator>
[2025-06-27T01:36:23.857+0000] {processor.py:840} INFO - DAG(s) 'example_bash_operator' retrieved from /home/airflow/.local/lib/python3.10/site-packages/airflow/example_dags/example_bash_operator.py
[2025-06-27T01:36:23.860+0000] {logging_mixin.py:188} INFO - [2025-06-27T01:36:23.860+0000] {dagbag.py:667} DEBUG - Running dagbag.sync_to_db with retries. Try 1 of 3
[2025-06-27T01:36:23.861+0000] {logging_mixin.py:188} INFO - [2025-06-27T01:36:23.861+0000] {dagbag.py:672} DEBUG - Calling the DAG.bulk_sync_to_db method
[2025-06-27T01:36:23.883+0000] {logging_mixin.py:188} INFO - [2025-06-27T01:36:23.882+0000] {serialized_dag.py:166} DEBUG - Checking if DAG (example_bash_operator) changed
[2025-06-27T01:36:23.889+0000] {logging_mixin.py:188} INFO - [2025-06-27T01:36:23.888+0000] {serialized_objects.py:624} DEBUG - Cast type <class 'airflow.models.param.ParamsDict'> to str in serialization.
[2025-06-27T01:36:23.892+0000] {logging_mixin.py:188} INFO - [2025-06-27T01:36:23.892+0000] {serialized_objects.py:624} DEBUG - Cast type <class 'airflow.models.param.ParamsDict'> to str in serialization.
[2025-06-27T01:36:23.895+0000] {logging_mixin.py:188} INFO - [2025-06-27T01:36:23.895+0000] {serialized_objects.py:624} DEBUG - Cast type <class 'airflow.models.param.ParamsDict'> to str in serialization.
[2025-06-27T01:36:23.898+0000] {logging_mixin.py:188} INFO - [2025-06-27T01:36:23.898+0000] {serialized_objects.py:624} DEBUG - Cast type <class 'airflow.models.param.ParamsDict'> to str in serialization.
[2025-06-27T01:36:23.901+0000] {logging_mixin.py:188} INFO - [2025-06-27T01:36:23.901+0000] {serialized_objects.py:624} DEBUG - Cast type <class 'airflow.models.param.ParamsDict'> to str in serialization.
[2025-06-27T01:36:23.904+0000] {logging_mixin.py:188} INFO - [2025-06-27T01:36:23.903+0000] {serialized_objects.py:624} DEBUG - Cast type <class 'airflow.models.param.ParamsDict'> to str in serialization.
[2025-06-27T01:36:23.908+0000] {logging_mixin.py:188} INFO - [2025-06-27T01:36:23.907+0000] {serialized_objects.py:624} DEBUG - Cast type <class 'airflow.models.param.ParamsDict'> to str in serialization.
[2025-06-27T01:36:23.918+0000] {logging_mixin.py:188} INFO - [2025-06-27T01:36:23.917+0000] {serialized_dag.py:177} DEBUG - Serialized DAG (example_bash_operator) is unchanged. Skipping writing to DB
[2025-06-27T01:36:23.919+0000] {logging_mixin.py:188} INFO - [2025-06-27T01:36:23.919+0000] {dag.py:3096} INFO - Sync 1 DAGs
[2025-06-27T01:36:23.959+0000] {logging_mixin.py:188} INFO - [2025-06-27T01:36:23.959+0000] {dag.py:3954} INFO - Setting next_dagrun for example_bash_operator to 2025-06-26 00:00:00+00:00, run_after=2025-06-27 00:00:00+00:00
[2025-06-27T01:36:23.995+0000] {processor.py:183} INFO - Processing /home/airflow/.local/lib/python3.10/site-packages/airflow/example_dags/example_bash_operator.py took 0.181 seconds
[2025-06-27T01:36:54.331+0000] {logging_mixin.py:188} INFO - [2025-06-27T01:36:54.329+0000] {settings.py:250} DEBUG - Setting up DB connection pool (PID 22774)
[2025-06-27T01:36:54.333+0000] {logging_mixin.py:188} INFO - [2025-06-27T01:36:54.333+0000] {settings.py:330} DEBUG - settings.prepare_engine_args(): Using pool settings. pool_size=5, max_overflow=10, pool_recycle=1800, pid=22774
[2025-06-27T01:36:54.344+0000] {processor.py:161} INFO - Started process (PID=22774) to work on /home/airflow/.local/lib/python3.10/site-packages/airflow/example_dags/example_bash_operator.py
[2025-06-27T01:36:54.345+0000] {processor.py:830} INFO - Processing file /home/airflow/.local/lib/python3.10/site-packages/airflow/example_dags/example_bash_operator.py for tasks to queue
[2025-06-27T01:36:54.347+0000] {logging_mixin.py:188} INFO - [2025-06-27T01:36:54.347+0000] {dagbag.py:545} INFO - Filling up the DagBag from /home/airflow/.local/lib/python3.10/site-packages/airflow/example_dags/example_bash_operator.py
[2025-06-27T01:36:54.350+0000] {logging_mixin.py:188} INFO - [2025-06-27T01:36:54.350+0000] {dagbag.py:337} DEBUG - Importing /home/airflow/.local/lib/python3.10/site-packages/airflow/example_dags/example_bash_operator.py
[2025-06-27T01:36:54.356+0000] {logging_mixin.py:188} INFO - [2025-06-27T01:36:54.356+0000] {GetText.py:65} DEBUG - /home/airflow/.local/lib/python3.10/site-packages/cron_descriptor/locale/en_US.mo Loaded
[2025-06-27T01:36:54.371+0000] {logging_mixin.py:188} INFO - [2025-06-27T01:36:54.369+0000] {dagbag.py:511} DEBUG - Loaded DAG <DAG: example_bash_operator>
[2025-06-27T01:36:54.374+0000] {logging_mixin.py:188} INFO - [2025-06-27T01:36:54.373+0000] {dagbag.py:511} DEBUG - Loaded DAG <DAG: example_bash_operator>
[2025-06-27T01:36:54.375+0000] {processor.py:840} INFO - DAG(s) 'example_bash_operator' retrieved from /home/airflow/.local/lib/python3.10/site-packages/airflow/example_dags/example_bash_operator.py
[2025-06-27T01:36:54.377+0000] {logging_mixin.py:188} INFO - [2025-06-27T01:36:54.377+0000] {dagbag.py:667} DEBUG - Running dagbag.sync_to_db with retries. Try 1 of 3
[2025-06-27T01:36:54.378+0000] {logging_mixin.py:188} INFO - [2025-06-27T01:36:54.378+0000] {dagbag.py:672} DEBUG - Calling the DAG.bulk_sync_to_db method
[2025-06-27T01:36:54.403+0000] {logging_mixin.py:188} INFO - [2025-06-27T01:36:54.403+0000] {serialized_dag.py:166} DEBUG - Checking if DAG (example_bash_operator) changed
[2025-06-27T01:36:54.410+0000] {logging_mixin.py:188} INFO - [2025-06-27T01:36:54.409+0000] {serialized_objects.py:624} DEBUG - Cast type <class 'airflow.models.param.ParamsDict'> to str in serialization.
[2025-06-27T01:36:54.419+0000] {logging_mixin.py:188} INFO - [2025-06-27T01:36:54.418+0000] {serialized_objects.py:624} DEBUG - Cast type <class 'airflow.models.param.ParamsDict'> to str in serialization.
[2025-06-27T01:36:54.423+0000] {logging_mixin.py:188} INFO - [2025-06-27T01:36:54.422+0000] {serialized_objects.py:624} DEBUG - Cast type <class 'airflow.models.param.ParamsDict'> to str in serialization.
[2025-06-27T01:36:54.427+0000] {logging_mixin.py:188} INFO - [2025-06-27T01:36:54.427+0000] {serialized_objects.py:624} DEBUG - Cast type <class 'airflow.models.param.ParamsDict'> to str in serialization.
[2025-06-27T01:36:54.430+0000] {logging_mixin.py:188} INFO - [2025-06-27T01:36:54.430+0000] {serialized_objects.py:624} DEBUG - Cast type <class 'airflow.models.param.ParamsDict'> to str in serialization.
[2025-06-27T01:36:54.434+0000] {logging_mixin.py:188} INFO - [2025-06-27T01:36:54.434+0000] {serialized_objects.py:624} DEBUG - Cast type <class 'airflow.models.param.ParamsDict'> to str in serialization.
[2025-06-27T01:36:54.436+0000] {logging_mixin.py:188} INFO - [2025-06-27T01:36:54.436+0000] {serialized_objects.py:624} DEBUG - Cast type <class 'airflow.models.param.ParamsDict'> to str in serialization.
[2025-06-27T01:36:54.448+0000] {logging_mixin.py:188} INFO - [2025-06-27T01:36:54.447+0000] {serialized_dag.py:177} DEBUG - Serialized DAG (example_bash_operator) is unchanged. Skipping writing to DB
[2025-06-27T01:36:54.449+0000] {logging_mixin.py:188} INFO - [2025-06-27T01:36:54.449+0000] {dag.py:3096} INFO - Sync 1 DAGs
[2025-06-27T01:36:54.492+0000] {logging_mixin.py:188} INFO - [2025-06-27T01:36:54.492+0000] {dag.py:3954} INFO - Setting next_dagrun for example_bash_operator to 2025-06-26 00:00:00+00:00, run_after=2025-06-27 00:00:00+00:00
[2025-06-27T01:36:54.533+0000] {processor.py:183} INFO - Processing /home/airflow/.local/lib/python3.10/site-packages/airflow/example_dags/example_bash_operator.py took 0.204 seconds
[2025-06-27T01:37:24.716+0000] {logging_mixin.py:188} INFO - [2025-06-27T01:37:24.715+0000] {settings.py:250} DEBUG - Setting up DB connection pool (PID 22834)
[2025-06-27T01:37:24.719+0000] {logging_mixin.py:188} INFO - [2025-06-27T01:37:24.718+0000] {settings.py:330} DEBUG - settings.prepare_engine_args(): Using pool settings. pool_size=5, max_overflow=10, pool_recycle=1800, pid=22834
[2025-06-27T01:37:24.732+0000] {processor.py:161} INFO - Started process (PID=22834) to work on /home/airflow/.local/lib/python3.10/site-packages/airflow/example_dags/example_bash_operator.py
[2025-06-27T01:37:24.733+0000] {processor.py:830} INFO - Processing file /home/airflow/.local/lib/python3.10/site-packages/airflow/example_dags/example_bash_operator.py for tasks to queue
[2025-06-27T01:37:24.737+0000] {logging_mixin.py:188} INFO - [2025-06-27T01:37:24.735+0000] {dagbag.py:545} INFO - Filling up the DagBag from /home/airflow/.local/lib/python3.10/site-packages/airflow/example_dags/example_bash_operator.py
[2025-06-27T01:37:24.739+0000] {logging_mixin.py:188} INFO - [2025-06-27T01:37:24.739+0000] {dagbag.py:337} DEBUG - Importing /home/airflow/.local/lib/python3.10/site-packages/airflow/example_dags/example_bash_operator.py
[2025-06-27T01:37:24.745+0000] {logging_mixin.py:188} INFO - [2025-06-27T01:37:24.745+0000] {GetText.py:65} DEBUG - /home/airflow/.local/lib/python3.10/site-packages/cron_descriptor/locale/en_US.mo Loaded
[2025-06-27T01:37:24.763+0000] {logging_mixin.py:188} INFO - [2025-06-27T01:37:24.761+0000] {dagbag.py:511} DEBUG - Loaded DAG <DAG: example_bash_operator>
[2025-06-27T01:37:24.766+0000] {logging_mixin.py:188} INFO - [2025-06-27T01:37:24.766+0000] {dagbag.py:511} DEBUG - Loaded DAG <DAG: example_bash_operator>
[2025-06-27T01:37:24.767+0000] {processor.py:840} INFO - DAG(s) 'example_bash_operator' retrieved from /home/airflow/.local/lib/python3.10/site-packages/airflow/example_dags/example_bash_operator.py
[2025-06-27T01:37:24.770+0000] {logging_mixin.py:188} INFO - [2025-06-27T01:37:24.770+0000] {dagbag.py:667} DEBUG - Running dagbag.sync_to_db with retries. Try 1 of 3
[2025-06-27T01:37:24.771+0000] {logging_mixin.py:188} INFO - [2025-06-27T01:37:24.770+0000] {dagbag.py:672} DEBUG - Calling the DAG.bulk_sync_to_db method
[2025-06-27T01:37:24.795+0000] {logging_mixin.py:188} INFO - [2025-06-27T01:37:24.794+0000] {serialized_dag.py:166} DEBUG - Checking if DAG (example_bash_operator) changed
[2025-06-27T01:37:24.803+0000] {logging_mixin.py:188} INFO - [2025-06-27T01:37:24.802+0000] {serialized_objects.py:624} DEBUG - Cast type <class 'airflow.models.param.ParamsDict'> to str in serialization.
[2025-06-27T01:37:24.807+0000] {logging_mixin.py:188} INFO - [2025-06-27T01:37:24.806+0000] {serialized_objects.py:624} DEBUG - Cast type <class 'airflow.models.param.ParamsDict'> to str in serialization.
[2025-06-27T01:37:24.809+0000] {logging_mixin.py:188} INFO - [2025-06-27T01:37:24.809+0000] {serialized_objects.py:624} DEBUG - Cast type <class 'airflow.models.param.ParamsDict'> to str in serialization.
[2025-06-27T01:37:24.812+0000] {logging_mixin.py:188} INFO - [2025-06-27T01:37:24.812+0000] {serialized_objects.py:624} DEBUG - Cast type <class 'airflow.models.param.ParamsDict'> to str in serialization.
[2025-06-27T01:37:24.817+0000] {logging_mixin.py:188} INFO - [2025-06-27T01:37:24.816+0000] {serialized_objects.py:624} DEBUG - Cast type <class 'airflow.models.param.ParamsDict'> to str in serialization.
[2025-06-27T01:37:24.822+0000] {logging_mixin.py:188} INFO - [2025-06-27T01:37:24.821+0000] {serialized_objects.py:624} DEBUG - Cast type <class 'airflow.models.param.ParamsDict'> to str in serialization.
[2025-06-27T01:37:24.825+0000] {logging_mixin.py:188} INFO - [2025-06-27T01:37:24.825+0000] {serialized_objects.py:624} DEBUG - Cast type <class 'airflow.models.param.ParamsDict'> to str in serialization.
[2025-06-27T01:37:24.839+0000] {logging_mixin.py:188} INFO - [2025-06-27T01:37:24.838+0000] {serialized_dag.py:177} DEBUG - Serialized DAG (example_bash_operator) is unchanged. Skipping writing to DB
[2025-06-27T01:37:24.840+0000] {logging_mixin.py:188} INFO - [2025-06-27T01:37:24.839+0000] {dag.py:3096} INFO - Sync 1 DAGs
[2025-06-27T01:37:24.875+0000] {logging_mixin.py:188} INFO - [2025-06-27T01:37:24.875+0000] {dag.py:3954} INFO - Setting next_dagrun for example_bash_operator to 2025-06-26 00:00:00+00:00, run_after=2025-06-27 00:00:00+00:00
[2025-06-27T01:37:24.913+0000] {processor.py:183} INFO - Processing /home/airflow/.local/lib/python3.10/site-packages/airflow/example_dags/example_bash_operator.py took 0.198 seconds
[2025-06-27T01:37:55.043+0000] {logging_mixin.py:188} INFO - [2025-06-27T01:37:55.042+0000] {settings.py:250} DEBUG - Setting up DB connection pool (PID 22898)
[2025-06-27T01:37:55.046+0000] {logging_mixin.py:188} INFO - [2025-06-27T01:37:55.045+0000] {settings.py:330} DEBUG - settings.prepare_engine_args(): Using pool settings. pool_size=5, max_overflow=10, pool_recycle=1800, pid=22898
[2025-06-27T01:37:55.058+0000] {processor.py:161} INFO - Started process (PID=22898) to work on /home/airflow/.local/lib/python3.10/site-packages/airflow/example_dags/example_bash_operator.py
[2025-06-27T01:37:55.060+0000] {processor.py:830} INFO - Processing file /home/airflow/.local/lib/python3.10/site-packages/airflow/example_dags/example_bash_operator.py for tasks to queue
[2025-06-27T01:37:55.062+0000] {logging_mixin.py:188} INFO - [2025-06-27T01:37:55.061+0000] {dagbag.py:545} INFO - Filling up the DagBag from /home/airflow/.local/lib/python3.10/site-packages/airflow/example_dags/example_bash_operator.py
[2025-06-27T01:37:55.064+0000] {logging_mixin.py:188} INFO - [2025-06-27T01:37:55.064+0000] {dagbag.py:337} DEBUG - Importing /home/airflow/.local/lib/python3.10/site-packages/airflow/example_dags/example_bash_operator.py
[2025-06-27T01:37:55.071+0000] {logging_mixin.py:188} INFO - [2025-06-27T01:37:55.071+0000] {GetText.py:65} DEBUG - /home/airflow/.local/lib/python3.10/site-packages/cron_descriptor/locale/en_US.mo Loaded
[2025-06-27T01:37:55.087+0000] {logging_mixin.py:188} INFO - [2025-06-27T01:37:55.084+0000] {dagbag.py:511} DEBUG - Loaded DAG <DAG: example_bash_operator>
[2025-06-27T01:37:55.089+0000] {logging_mixin.py:188} INFO - [2025-06-27T01:37:55.089+0000] {dagbag.py:511} DEBUG - Loaded DAG <DAG: example_bash_operator>
[2025-06-27T01:37:55.090+0000] {processor.py:840} INFO - DAG(s) 'example_bash_operator' retrieved from /home/airflow/.local/lib/python3.10/site-packages/airflow/example_dags/example_bash_operator.py
[2025-06-27T01:37:55.093+0000] {logging_mixin.py:188} INFO - [2025-06-27T01:37:55.093+0000] {dagbag.py:667} DEBUG - Running dagbag.sync_to_db with retries. Try 1 of 3
[2025-06-27T01:37:55.094+0000] {logging_mixin.py:188} INFO - [2025-06-27T01:37:55.094+0000] {dagbag.py:672} DEBUG - Calling the DAG.bulk_sync_to_db method
[2025-06-27T01:37:55.118+0000] {logging_mixin.py:188} INFO - [2025-06-27T01:37:55.118+0000] {serialized_dag.py:166} DEBUG - Checking if DAG (example_bash_operator) changed
[2025-06-27T01:37:55.124+0000] {logging_mixin.py:188} INFO - [2025-06-27T01:37:55.123+0000] {serialized_objects.py:624} DEBUG - Cast type <class 'airflow.models.param.ParamsDict'> to str in serialization.
[2025-06-27T01:37:55.128+0000] {logging_mixin.py:188} INFO - [2025-06-27T01:37:55.127+0000] {serialized_objects.py:624} DEBUG - Cast type <class 'airflow.models.param.ParamsDict'> to str in serialization.
[2025-06-27T01:37:55.132+0000] {logging_mixin.py:188} INFO - [2025-06-27T01:37:55.131+0000] {serialized_objects.py:624} DEBUG - Cast type <class 'airflow.models.param.ParamsDict'> to str in serialization.
[2025-06-27T01:37:55.135+0000] {logging_mixin.py:188} INFO - [2025-06-27T01:37:55.134+0000] {serialized_objects.py:624} DEBUG - Cast type <class 'airflow.models.param.ParamsDict'> to str in serialization.
[2025-06-27T01:37:55.137+0000] {logging_mixin.py:188} INFO - [2025-06-27T01:37:55.137+0000] {serialized_objects.py:624} DEBUG - Cast type <class 'airflow.models.param.ParamsDict'> to str in serialization.
[2025-06-27T01:37:55.140+0000] {logging_mixin.py:188} INFO - [2025-06-27T01:37:55.139+0000] {serialized_objects.py:624} DEBUG - Cast type <class 'airflow.models.param.ParamsDict'> to str in serialization.
[2025-06-27T01:37:55.143+0000] {logging_mixin.py:188} INFO - [2025-06-27T01:37:55.143+0000] {serialized_objects.py:624} DEBUG - Cast type <class 'airflow.models.param.ParamsDict'> to str in serialization.
[2025-06-27T01:37:55.153+0000] {logging_mixin.py:188} INFO - [2025-06-27T01:37:55.153+0000] {serialized_dag.py:177} DEBUG - Serialized DAG (example_bash_operator) is unchanged. Skipping writing to DB
[2025-06-27T01:37:55.155+0000] {logging_mixin.py:188} INFO - [2025-06-27T01:37:55.154+0000] {dag.py:3096} INFO - Sync 1 DAGs
[2025-06-27T01:37:55.192+0000] {logging_mixin.py:188} INFO - [2025-06-27T01:37:55.191+0000] {dag.py:3954} INFO - Setting next_dagrun for example_bash_operator to 2025-06-26 00:00:00+00:00, run_after=2025-06-27 00:00:00+00:00
[2025-06-27T01:37:55.237+0000] {processor.py:183} INFO - Processing /home/airflow/.local/lib/python3.10/site-packages/airflow/example_dags/example_bash_operator.py took 0.196 seconds
[2025-06-27T01:38:25.454+0000] {logging_mixin.py:188} INFO - [2025-06-27T01:38:25.452+0000] {settings.py:250} DEBUG - Setting up DB connection pool (PID 22961)
[2025-06-27T01:38:25.456+0000] {logging_mixin.py:188} INFO - [2025-06-27T01:38:25.456+0000] {settings.py:330} DEBUG - settings.prepare_engine_args(): Using pool settings. pool_size=5, max_overflow=10, pool_recycle=1800, pid=22961
[2025-06-27T01:38:25.471+0000] {processor.py:161} INFO - Started process (PID=22961) to work on /home/airflow/.local/lib/python3.10/site-packages/airflow/example_dags/example_bash_operator.py
[2025-06-27T01:38:25.472+0000] {processor.py:830} INFO - Processing file /home/airflow/.local/lib/python3.10/site-packages/airflow/example_dags/example_bash_operator.py for tasks to queue
[2025-06-27T01:38:25.473+0000] {logging_mixin.py:188} INFO - [2025-06-27T01:38:25.473+0000] {dagbag.py:545} INFO - Filling up the DagBag from /home/airflow/.local/lib/python3.10/site-packages/airflow/example_dags/example_bash_operator.py
[2025-06-27T01:38:25.477+0000] {logging_mixin.py:188} INFO - [2025-06-27T01:38:25.476+0000] {dagbag.py:337} DEBUG - Importing /home/airflow/.local/lib/python3.10/site-packages/airflow/example_dags/example_bash_operator.py
[2025-06-27T01:38:25.483+0000] {logging_mixin.py:188} INFO - [2025-06-27T01:38:25.483+0000] {GetText.py:65} DEBUG - /home/airflow/.local/lib/python3.10/site-packages/cron_descriptor/locale/en_US.mo Loaded
[2025-06-27T01:38:25.497+0000] {logging_mixin.py:188} INFO - [2025-06-27T01:38:25.495+0000] {dagbag.py:511} DEBUG - Loaded DAG <DAG: example_bash_operator>
[2025-06-27T01:38:25.500+0000] {logging_mixin.py:188} INFO - [2025-06-27T01:38:25.500+0000] {dagbag.py:511} DEBUG - Loaded DAG <DAG: example_bash_operator>
[2025-06-27T01:38:25.501+0000] {processor.py:840} INFO - DAG(s) 'example_bash_operator' retrieved from /home/airflow/.local/lib/python3.10/site-packages/airflow/example_dags/example_bash_operator.py
[2025-06-27T01:38:25.503+0000] {logging_mixin.py:188} INFO - [2025-06-27T01:38:25.502+0000] {dagbag.py:667} DEBUG - Running dagbag.sync_to_db with retries. Try 1 of 3
[2025-06-27T01:38:25.503+0000] {logging_mixin.py:188} INFO - [2025-06-27T01:38:25.503+0000] {dagbag.py:672} DEBUG - Calling the DAG.bulk_sync_to_db method
[2025-06-27T01:38:25.521+0000] {logging_mixin.py:188} INFO - [2025-06-27T01:38:25.521+0000] {serialized_dag.py:166} DEBUG - Checking if DAG (example_bash_operator) changed
[2025-06-27T01:38:25.527+0000] {logging_mixin.py:188} INFO - [2025-06-27T01:38:25.526+0000] {serialized_objects.py:624} DEBUG - Cast type <class 'airflow.models.param.ParamsDict'> to str in serialization.
[2025-06-27T01:38:25.531+0000] {logging_mixin.py:188} INFO - [2025-06-27T01:38:25.531+0000] {serialized_objects.py:624} DEBUG - Cast type <class 'airflow.models.param.ParamsDict'> to str in serialization.
[2025-06-27T01:38:25.533+0000] {logging_mixin.py:188} INFO - [2025-06-27T01:38:25.533+0000] {serialized_objects.py:624} DEBUG - Cast type <class 'airflow.models.param.ParamsDict'> to str in serialization.
[2025-06-27T01:38:25.536+0000] {logging_mixin.py:188} INFO - [2025-06-27T01:38:25.535+0000] {serialized_objects.py:624} DEBUG - Cast type <class 'airflow.models.param.ParamsDict'> to str in serialization.
[2025-06-27T01:38:25.538+0000] {logging_mixin.py:188} INFO - [2025-06-27T01:38:25.538+0000] {serialized_objects.py:624} DEBUG - Cast type <class 'airflow.models.param.ParamsDict'> to str in serialization.
[2025-06-27T01:38:25.541+0000] {logging_mixin.py:188} INFO - [2025-06-27T01:38:25.541+0000] {serialized_objects.py:624} DEBUG - Cast type <class 'airflow.models.param.ParamsDict'> to str in serialization.
[2025-06-27T01:38:25.544+0000] {logging_mixin.py:188} INFO - [2025-06-27T01:38:25.544+0000] {serialized_objects.py:624} DEBUG - Cast type <class 'airflow.models.param.ParamsDict'> to str in serialization.
[2025-06-27T01:38:25.552+0000] {logging_mixin.py:188} INFO - [2025-06-27T01:38:25.551+0000] {serialized_dag.py:177} DEBUG - Serialized DAG (example_bash_operator) is unchanged. Skipping writing to DB
[2025-06-27T01:38:25.553+0000] {logging_mixin.py:188} INFO - [2025-06-27T01:38:25.552+0000] {dag.py:3096} INFO - Sync 1 DAGs
[2025-06-27T01:38:25.581+0000] {logging_mixin.py:188} INFO - [2025-06-27T01:38:25.581+0000] {dag.py:3954} INFO - Setting next_dagrun for example_bash_operator to 2025-06-26 00:00:00+00:00, run_after=2025-06-27 00:00:00+00:00
[2025-06-27T01:38:25.616+0000] {processor.py:183} INFO - Processing /home/airflow/.local/lib/python3.10/site-packages/airflow/example_dags/example_bash_operator.py took 0.164 seconds
[2025-06-27T01:38:55.841+0000] {logging_mixin.py:188} INFO - [2025-06-27T01:38:55.840+0000] {settings.py:250} DEBUG - Setting up DB connection pool (PID 23024)
[2025-06-27T01:38:55.843+0000] {logging_mixin.py:188} INFO - [2025-06-27T01:38:55.843+0000] {settings.py:330} DEBUG - settings.prepare_engine_args(): Using pool settings. pool_size=5, max_overflow=10, pool_recycle=1800, pid=23024
[2025-06-27T01:38:55.855+0000] {processor.py:161} INFO - Started process (PID=23024) to work on /home/airflow/.local/lib/python3.10/site-packages/airflow/example_dags/example_bash_operator.py
[2025-06-27T01:38:55.856+0000] {processor.py:830} INFO - Processing file /home/airflow/.local/lib/python3.10/site-packages/airflow/example_dags/example_bash_operator.py for tasks to queue
[2025-06-27T01:38:55.858+0000] {logging_mixin.py:188} INFO - [2025-06-27T01:38:55.857+0000] {dagbag.py:545} INFO - Filling up the DagBag from /home/airflow/.local/lib/python3.10/site-packages/airflow/example_dags/example_bash_operator.py
[2025-06-27T01:38:55.860+0000] {logging_mixin.py:188} INFO - [2025-06-27T01:38:55.860+0000] {dagbag.py:337} DEBUG - Importing /home/airflow/.local/lib/python3.10/site-packages/airflow/example_dags/example_bash_operator.py
[2025-06-27T01:38:55.866+0000] {logging_mixin.py:188} INFO - [2025-06-27T01:38:55.865+0000] {GetText.py:65} DEBUG - /home/airflow/.local/lib/python3.10/site-packages/cron_descriptor/locale/en_US.mo Loaded
[2025-06-27T01:38:55.885+0000] {logging_mixin.py:188} INFO - [2025-06-27T01:38:55.883+0000] {dagbag.py:511} DEBUG - Loaded DAG <DAG: example_bash_operator>
[2025-06-27T01:38:55.887+0000] {logging_mixin.py:188} INFO - [2025-06-27T01:38:55.887+0000] {dagbag.py:511} DEBUG - Loaded DAG <DAG: example_bash_operator>
[2025-06-27T01:38:55.888+0000] {processor.py:840} INFO - DAG(s) 'example_bash_operator' retrieved from /home/airflow/.local/lib/python3.10/site-packages/airflow/example_dags/example_bash_operator.py
[2025-06-27T01:38:55.892+0000] {logging_mixin.py:188} INFO - [2025-06-27T01:38:55.891+0000] {dagbag.py:667} DEBUG - Running dagbag.sync_to_db with retries. Try 1 of 3
[2025-06-27T01:38:55.893+0000] {logging_mixin.py:188} INFO - [2025-06-27T01:38:55.892+0000] {dagbag.py:672} DEBUG - Calling the DAG.bulk_sync_to_db method
[2025-06-27T01:38:55.918+0000] {logging_mixin.py:188} INFO - [2025-06-27T01:38:55.918+0000] {serialized_dag.py:166} DEBUG - Checking if DAG (example_bash_operator) changed
[2025-06-27T01:38:55.926+0000] {logging_mixin.py:188} INFO - [2025-06-27T01:38:55.925+0000] {serialized_objects.py:624} DEBUG - Cast type <class 'airflow.models.param.ParamsDict'> to str in serialization.
[2025-06-27T01:38:55.930+0000] {logging_mixin.py:188} INFO - [2025-06-27T01:38:55.929+0000] {serialized_objects.py:624} DEBUG - Cast type <class 'airflow.models.param.ParamsDict'> to str in serialization.
[2025-06-27T01:38:55.934+0000] {logging_mixin.py:188} INFO - [2025-06-27T01:38:55.933+0000] {serialized_objects.py:624} DEBUG - Cast type <class 'airflow.models.param.ParamsDict'> to str in serialization.
[2025-06-27T01:38:55.937+0000] {logging_mixin.py:188} INFO - [2025-06-27T01:38:55.937+0000] {serialized_objects.py:624} DEBUG - Cast type <class 'airflow.models.param.ParamsDict'> to str in serialization.
[2025-06-27T01:38:55.941+0000] {logging_mixin.py:188} INFO - [2025-06-27T01:38:55.941+0000] {serialized_objects.py:624} DEBUG - Cast type <class 'airflow.models.param.ParamsDict'> to str in serialization.
[2025-06-27T01:38:55.945+0000] {logging_mixin.py:188} INFO - [2025-06-27T01:38:55.944+0000] {serialized_objects.py:624} DEBUG - Cast type <class 'airflow.models.param.ParamsDict'> to str in serialization.
[2025-06-27T01:38:55.947+0000] {logging_mixin.py:188} INFO - [2025-06-27T01:38:55.947+0000] {serialized_objects.py:624} DEBUG - Cast type <class 'airflow.models.param.ParamsDict'> to str in serialization.
[2025-06-27T01:38:55.957+0000] {logging_mixin.py:188} INFO - [2025-06-27T01:38:55.957+0000] {serialized_dag.py:177} DEBUG - Serialized DAG (example_bash_operator) is unchanged. Skipping writing to DB
[2025-06-27T01:38:55.959+0000] {logging_mixin.py:188} INFO - [2025-06-27T01:38:55.958+0000] {dag.py:3096} INFO - Sync 1 DAGs
[2025-06-27T01:38:55.993+0000] {logging_mixin.py:188} INFO - [2025-06-27T01:38:55.993+0000] {dag.py:3954} INFO - Setting next_dagrun for example_bash_operator to 2025-06-26 00:00:00+00:00, run_after=2025-06-27 00:00:00+00:00
[2025-06-27T01:38:56.026+0000] {processor.py:183} INFO - Processing /home/airflow/.local/lib/python3.10/site-packages/airflow/example_dags/example_bash_operator.py took 0.187 seconds
[2025-06-27T01:39:26.212+0000] {logging_mixin.py:188} INFO - [2025-06-27T01:39:26.210+0000] {settings.py:250} DEBUG - Setting up DB connection pool (PID 23087)
[2025-06-27T01:39:26.214+0000] {logging_mixin.py:188} INFO - [2025-06-27T01:39:26.214+0000] {settings.py:330} DEBUG - settings.prepare_engine_args(): Using pool settings. pool_size=5, max_overflow=10, pool_recycle=1800, pid=23087
[2025-06-27T01:39:26.224+0000] {processor.py:161} INFO - Started process (PID=23087) to work on /home/airflow/.local/lib/python3.10/site-packages/airflow/example_dags/example_bash_operator.py
[2025-06-27T01:39:26.225+0000] {processor.py:830} INFO - Processing file /home/airflow/.local/lib/python3.10/site-packages/airflow/example_dags/example_bash_operator.py for tasks to queue
[2025-06-27T01:39:26.227+0000] {logging_mixin.py:188} INFO - [2025-06-27T01:39:26.226+0000] {dagbag.py:545} INFO - Filling up the DagBag from /home/airflow/.local/lib/python3.10/site-packages/airflow/example_dags/example_bash_operator.py
[2025-06-27T01:39:26.229+0000] {logging_mixin.py:188} INFO - [2025-06-27T01:39:26.229+0000] {dagbag.py:337} DEBUG - Importing /home/airflow/.local/lib/python3.10/site-packages/airflow/example_dags/example_bash_operator.py
[2025-06-27T01:39:26.234+0000] {logging_mixin.py:188} INFO - [2025-06-27T01:39:26.234+0000] {GetText.py:65} DEBUG - /home/airflow/.local/lib/python3.10/site-packages/cron_descriptor/locale/en_US.mo Loaded
[2025-06-27T01:39:26.250+0000] {logging_mixin.py:188} INFO - [2025-06-27T01:39:26.248+0000] {dagbag.py:511} DEBUG - Loaded DAG <DAG: example_bash_operator>
[2025-06-27T01:39:26.253+0000] {logging_mixin.py:188} INFO - [2025-06-27T01:39:26.253+0000] {dagbag.py:511} DEBUG - Loaded DAG <DAG: example_bash_operator>
[2025-06-27T01:39:26.254+0000] {processor.py:840} INFO - DAG(s) 'example_bash_operator' retrieved from /home/airflow/.local/lib/python3.10/site-packages/airflow/example_dags/example_bash_operator.py
[2025-06-27T01:39:26.257+0000] {logging_mixin.py:188} INFO - [2025-06-27T01:39:26.257+0000] {dagbag.py:667} DEBUG - Running dagbag.sync_to_db with retries. Try 1 of 3
[2025-06-27T01:39:26.258+0000] {logging_mixin.py:188} INFO - [2025-06-27T01:39:26.258+0000] {dagbag.py:672} DEBUG - Calling the DAG.bulk_sync_to_db method
[2025-06-27T01:39:26.280+0000] {logging_mixin.py:188} INFO - [2025-06-27T01:39:26.280+0000] {serialized_dag.py:166} DEBUG - Checking if DAG (example_bash_operator) changed
[2025-06-27T01:39:26.290+0000] {logging_mixin.py:188} INFO - [2025-06-27T01:39:26.289+0000] {serialized_objects.py:624} DEBUG - Cast type <class 'airflow.models.param.ParamsDict'> to str in serialization.
[2025-06-27T01:39:26.294+0000] {logging_mixin.py:188} INFO - [2025-06-27T01:39:26.294+0000] {serialized_objects.py:624} DEBUG - Cast type <class 'airflow.models.param.ParamsDict'> to str in serialization.
[2025-06-27T01:39:26.297+0000] {logging_mixin.py:188} INFO - [2025-06-27T01:39:26.296+0000] {serialized_objects.py:624} DEBUG - Cast type <class 'airflow.models.param.ParamsDict'> to str in serialization.
[2025-06-27T01:39:26.300+0000] {logging_mixin.py:188} INFO - [2025-06-27T01:39:26.300+0000] {serialized_objects.py:624} DEBUG - Cast type <class 'airflow.models.param.ParamsDict'> to str in serialization.
[2025-06-27T01:39:26.303+0000] {logging_mixin.py:188} INFO - [2025-06-27T01:39:26.303+0000] {serialized_objects.py:624} DEBUG - Cast type <class 'airflow.models.param.ParamsDict'> to str in serialization.
[2025-06-27T01:39:26.306+0000] {logging_mixin.py:188} INFO - [2025-06-27T01:39:26.306+0000] {serialized_objects.py:624} DEBUG - Cast type <class 'airflow.models.param.ParamsDict'> to str in serialization.
[2025-06-27T01:39:26.309+0000] {logging_mixin.py:188} INFO - [2025-06-27T01:39:26.308+0000] {serialized_objects.py:624} DEBUG - Cast type <class 'airflow.models.param.ParamsDict'> to str in serialization.
[2025-06-27T01:39:26.319+0000] {logging_mixin.py:188} INFO - [2025-06-27T01:39:26.318+0000] {serialized_dag.py:177} DEBUG - Serialized DAG (example_bash_operator) is unchanged. Skipping writing to DB
[2025-06-27T01:39:26.320+0000] {logging_mixin.py:188} INFO - [2025-06-27T01:39:26.320+0000] {dag.py:3096} INFO - Sync 1 DAGs
[2025-06-27T01:39:26.349+0000] {logging_mixin.py:188} INFO - [2025-06-27T01:39:26.349+0000] {dag.py:3954} INFO - Setting next_dagrun for example_bash_operator to 2025-06-26 00:00:00+00:00, run_after=2025-06-27 00:00:00+00:00
[2025-06-27T01:39:26.380+0000] {processor.py:183} INFO - Processing /home/airflow/.local/lib/python3.10/site-packages/airflow/example_dags/example_bash_operator.py took 0.170 seconds
