[2025-06-27T00:00:07.215+0000] {logging_mixin.py:188} INFO - [2025-06-27T00:00:07.214+0000] {settings.py:250} DEBUG - Setting up DB connection pool (PID 10839)
[2025-06-27T00:00:07.217+0000] {logging_mixin.py:188} INFO - [2025-06-27T00:00:07.217+0000] {settings.py:330} DEBUG - settings.prepare_engine_args(): Using pool settings. pool_size=5, max_overflow=10, pool_recycle=1800, pid=10839
[2025-06-27T00:00:07.228+0000] {processor.py:161} INFO - Started process (PID=10839) to work on /home/airflow/.local/lib/python3.10/site-packages/airflow/example_dags/example_sla_dag.py
[2025-06-27T00:00:07.229+0000] {processor.py:830} INFO - Processing file /home/airflow/.local/lib/python3.10/site-packages/airflow/example_dags/example_sla_dag.py for tasks to queue
[2025-06-27T00:00:07.231+0000] {logging_mixin.py:188} INFO - [2025-06-27T00:00:07.230+0000] {dagbag.py:545} INFO - Filling up the DagBag from /home/airflow/.local/lib/python3.10/site-packages/airflow/example_dags/example_sla_dag.py
[2025-06-27T00:00:07.235+0000] {logging_mixin.py:188} INFO - [2025-06-27T00:00:07.234+0000] {dagbag.py:337} DEBUG - Importing /home/airflow/.local/lib/python3.10/site-packages/airflow/example_dags/example_sla_dag.py
[2025-06-27T00:00:07.241+0000] {logging_mixin.py:188} INFO - [2025-06-27T00:00:07.241+0000] {GetText.py:65} DEBUG - /home/airflow/.local/lib/python3.10/site-packages/cron_descriptor/locale/en_US.mo Loaded
[2025-06-27T00:00:07.252+0000] {logging_mixin.py:188} INFO - [2025-06-27T00:00:07.250+0000] {dagbag.py:511} DEBUG - Loaded DAG <DAG: example_sla_dag>
[2025-06-27T00:00:07.253+0000] {processor.py:840} INFO - DAG(s) 'example_sla_dag' retrieved from /home/airflow/.local/lib/python3.10/site-packages/airflow/example_dags/example_sla_dag.py
[2025-06-27T00:00:07.255+0000] {logging_mixin.py:188} INFO - [2025-06-27T00:00:07.255+0000] {dagbag.py:667} DEBUG - Running dagbag.sync_to_db with retries. Try 1 of 3
[2025-06-27T00:00:07.256+0000] {logging_mixin.py:188} INFO - [2025-06-27T00:00:07.256+0000] {dagbag.py:672} DEBUG - Calling the DAG.bulk_sync_to_db method
[2025-06-27T00:00:07.280+0000] {logging_mixin.py:188} INFO - [2025-06-27T00:00:07.280+0000] {serialized_dag.py:166} DEBUG - Checking if DAG (example_sla_dag) changed
[2025-06-27T00:00:07.293+0000] {logging_mixin.py:188} INFO - [2025-06-27T00:00:07.293+0000] {serialized_dag.py:177} DEBUG - Serialized DAG (example_sla_dag) is unchanged. Skipping writing to DB
[2025-06-27T00:00:07.294+0000] {logging_mixin.py:188} INFO - [2025-06-27T00:00:07.294+0000] {dag.py:3096} INFO - Sync 1 DAGs
[2025-06-27T00:00:07.344+0000] {logging_mixin.py:188} INFO - [2025-06-27T00:00:07.344+0000] {dag.py:3954} INFO - Setting next_dagrun for example_sla_dag to 2025-06-26 23:58:00+00:00, run_after=2025-06-27 00:00:00+00:00
[2025-06-27T00:00:07.377+0000] {processor.py:183} INFO - Processing /home/airflow/.local/lib/python3.10/site-packages/airflow/example_dags/example_sla_dag.py took 0.164 seconds
[2025-06-27T00:00:37.601+0000] {logging_mixin.py:188} INFO - [2025-06-27T00:00:37.600+0000] {settings.py:250} DEBUG - Setting up DB connection pool (PID 10902)
[2025-06-27T00:00:37.602+0000] {logging_mixin.py:188} INFO - [2025-06-27T00:00:37.602+0000] {settings.py:330} DEBUG - settings.prepare_engine_args(): Using pool settings. pool_size=5, max_overflow=10, pool_recycle=1800, pid=10902
[2025-06-27T00:00:37.614+0000] {processor.py:161} INFO - Started process (PID=10902) to work on /home/airflow/.local/lib/python3.10/site-packages/airflow/example_dags/example_sla_dag.py
[2025-06-27T00:00:37.616+0000] {processor.py:830} INFO - Processing file /home/airflow/.local/lib/python3.10/site-packages/airflow/example_dags/example_sla_dag.py for tasks to queue
[2025-06-27T00:00:37.617+0000] {logging_mixin.py:188} INFO - [2025-06-27T00:00:37.617+0000] {dagbag.py:545} INFO - Filling up the DagBag from /home/airflow/.local/lib/python3.10/site-packages/airflow/example_dags/example_sla_dag.py
[2025-06-27T00:00:37.620+0000] {logging_mixin.py:188} INFO - [2025-06-27T00:00:37.619+0000] {dagbag.py:337} DEBUG - Importing /home/airflow/.local/lib/python3.10/site-packages/airflow/example_dags/example_sla_dag.py
[2025-06-27T00:00:37.625+0000] {logging_mixin.py:188} INFO - [2025-06-27T00:00:37.624+0000] {GetText.py:65} DEBUG - /home/airflow/.local/lib/python3.10/site-packages/cron_descriptor/locale/en_US.mo Loaded
[2025-06-27T00:00:37.634+0000] {logging_mixin.py:188} INFO - [2025-06-27T00:00:37.632+0000] {dagbag.py:511} DEBUG - Loaded DAG <DAG: example_sla_dag>
[2025-06-27T00:00:37.635+0000] {processor.py:840} INFO - DAG(s) 'example_sla_dag' retrieved from /home/airflow/.local/lib/python3.10/site-packages/airflow/example_dags/example_sla_dag.py
[2025-06-27T00:00:37.637+0000] {logging_mixin.py:188} INFO - [2025-06-27T00:00:37.637+0000] {dagbag.py:667} DEBUG - Running dagbag.sync_to_db with retries. Try 1 of 3
[2025-06-27T00:00:37.638+0000] {logging_mixin.py:188} INFO - [2025-06-27T00:00:37.638+0000] {dagbag.py:672} DEBUG - Calling the DAG.bulk_sync_to_db method
[2025-06-27T00:00:37.656+0000] {logging_mixin.py:188} INFO - [2025-06-27T00:00:37.656+0000] {serialized_dag.py:166} DEBUG - Checking if DAG (example_sla_dag) changed
[2025-06-27T00:00:37.668+0000] {logging_mixin.py:188} INFO - [2025-06-27T00:00:37.668+0000] {serialized_dag.py:177} DEBUG - Serialized DAG (example_sla_dag) is unchanged. Skipping writing to DB
[2025-06-27T00:00:37.669+0000] {logging_mixin.py:188} INFO - [2025-06-27T00:00:37.669+0000] {dag.py:3096} INFO - Sync 1 DAGs
[2025-06-27T00:00:37.701+0000] {logging_mixin.py:188} INFO - [2025-06-27T00:00:37.701+0000] {dag.py:3954} INFO - Setting next_dagrun for example_sla_dag to 2025-06-26 23:58:00+00:00, run_after=2025-06-27 00:00:00+00:00
[2025-06-27T00:00:37.732+0000] {processor.py:183} INFO - Processing /home/airflow/.local/lib/python3.10/site-packages/airflow/example_dags/example_sla_dag.py took 0.132 seconds
[2025-06-27T00:01:08.040+0000] {logging_mixin.py:188} INFO - [2025-06-27T00:01:08.038+0000] {settings.py:250} DEBUG - Setting up DB connection pool (PID 10963)
[2025-06-27T00:01:08.042+0000] {logging_mixin.py:188} INFO - [2025-06-27T00:01:08.042+0000] {settings.py:330} DEBUG - settings.prepare_engine_args(): Using pool settings. pool_size=5, max_overflow=10, pool_recycle=1800, pid=10963
[2025-06-27T00:01:08.054+0000] {processor.py:161} INFO - Started process (PID=10963) to work on /home/airflow/.local/lib/python3.10/site-packages/airflow/example_dags/example_sla_dag.py
[2025-06-27T00:01:08.055+0000] {processor.py:830} INFO - Processing file /home/airflow/.local/lib/python3.10/site-packages/airflow/example_dags/example_sla_dag.py for tasks to queue
[2025-06-27T00:01:08.057+0000] {logging_mixin.py:188} INFO - [2025-06-27T00:01:08.057+0000] {dagbag.py:545} INFO - Filling up the DagBag from /home/airflow/.local/lib/python3.10/site-packages/airflow/example_dags/example_sla_dag.py
[2025-06-27T00:01:08.059+0000] {logging_mixin.py:188} INFO - [2025-06-27T00:01:08.059+0000] {dagbag.py:337} DEBUG - Importing /home/airflow/.local/lib/python3.10/site-packages/airflow/example_dags/example_sla_dag.py
[2025-06-27T00:01:08.065+0000] {logging_mixin.py:188} INFO - [2025-06-27T00:01:08.065+0000] {GetText.py:65} DEBUG - /home/airflow/.local/lib/python3.10/site-packages/cron_descriptor/locale/en_US.mo Loaded
[2025-06-27T00:01:08.077+0000] {logging_mixin.py:188} INFO - [2025-06-27T00:01:08.075+0000] {dagbag.py:511} DEBUG - Loaded DAG <DAG: example_sla_dag>
[2025-06-27T00:01:08.079+0000] {processor.py:840} INFO - DAG(s) 'example_sla_dag' retrieved from /home/airflow/.local/lib/python3.10/site-packages/airflow/example_dags/example_sla_dag.py
[2025-06-27T00:01:08.083+0000] {logging_mixin.py:188} INFO - [2025-06-27T00:01:08.082+0000] {dagbag.py:667} DEBUG - Running dagbag.sync_to_db with retries. Try 1 of 3
[2025-06-27T00:01:08.084+0000] {logging_mixin.py:188} INFO - [2025-06-27T00:01:08.083+0000] {dagbag.py:672} DEBUG - Calling the DAG.bulk_sync_to_db method
[2025-06-27T00:01:08.109+0000] {logging_mixin.py:188} INFO - [2025-06-27T00:01:08.108+0000] {serialized_dag.py:166} DEBUG - Checking if DAG (example_sla_dag) changed
[2025-06-27T00:01:08.123+0000] {logging_mixin.py:188} INFO - [2025-06-27T00:01:08.122+0000] {serialized_dag.py:177} DEBUG - Serialized DAG (example_sla_dag) is unchanged. Skipping writing to DB
[2025-06-27T00:01:08.124+0000] {logging_mixin.py:188} INFO - [2025-06-27T00:01:08.123+0000] {dag.py:3096} INFO - Sync 1 DAGs
[2025-06-27T00:01:08.163+0000] {logging_mixin.py:188} INFO - [2025-06-27T00:01:08.162+0000] {dag.py:3954} INFO - Setting next_dagrun for example_sla_dag to 2025-06-26 23:58:00+00:00, run_after=2025-06-27 00:00:00+00:00
[2025-06-27T00:01:08.194+0000] {processor.py:183} INFO - Processing /home/airflow/.local/lib/python3.10/site-packages/airflow/example_dags/example_sla_dag.py took 0.156 seconds
[2025-06-27T00:01:38.469+0000] {logging_mixin.py:188} INFO - [2025-06-27T00:01:38.467+0000] {settings.py:250} DEBUG - Setting up DB connection pool (PID 11026)
[2025-06-27T00:01:38.471+0000] {logging_mixin.py:188} INFO - [2025-06-27T00:01:38.470+0000] {settings.py:330} DEBUG - settings.prepare_engine_args(): Using pool settings. pool_size=5, max_overflow=10, pool_recycle=1800, pid=11026
[2025-06-27T00:01:38.482+0000] {processor.py:161} INFO - Started process (PID=11026) to work on /home/airflow/.local/lib/python3.10/site-packages/airflow/example_dags/example_sla_dag.py
[2025-06-27T00:01:38.483+0000] {processor.py:830} INFO - Processing file /home/airflow/.local/lib/python3.10/site-packages/airflow/example_dags/example_sla_dag.py for tasks to queue
[2025-06-27T00:01:38.484+0000] {logging_mixin.py:188} INFO - [2025-06-27T00:01:38.484+0000] {dagbag.py:545} INFO - Filling up the DagBag from /home/airflow/.local/lib/python3.10/site-packages/airflow/example_dags/example_sla_dag.py
[2025-06-27T00:01:38.487+0000] {logging_mixin.py:188} INFO - [2025-06-27T00:01:38.486+0000] {dagbag.py:337} DEBUG - Importing /home/airflow/.local/lib/python3.10/site-packages/airflow/example_dags/example_sla_dag.py
[2025-06-27T00:01:38.492+0000] {logging_mixin.py:188} INFO - [2025-06-27T00:01:38.492+0000] {GetText.py:65} DEBUG - /home/airflow/.local/lib/python3.10/site-packages/cron_descriptor/locale/en_US.mo Loaded
[2025-06-27T00:01:38.504+0000] {logging_mixin.py:188} INFO - [2025-06-27T00:01:38.501+0000] {dagbag.py:511} DEBUG - Loaded DAG <DAG: example_sla_dag>
[2025-06-27T00:01:38.504+0000] {processor.py:840} INFO - DAG(s) 'example_sla_dag' retrieved from /home/airflow/.local/lib/python3.10/site-packages/airflow/example_dags/example_sla_dag.py
[2025-06-27T00:01:38.507+0000] {logging_mixin.py:188} INFO - [2025-06-27T00:01:38.507+0000] {dagbag.py:667} DEBUG - Running dagbag.sync_to_db with retries. Try 1 of 3
[2025-06-27T00:01:38.508+0000] {logging_mixin.py:188} INFO - [2025-06-27T00:01:38.507+0000] {dagbag.py:672} DEBUG - Calling the DAG.bulk_sync_to_db method
[2025-06-27T00:01:38.530+0000] {logging_mixin.py:188} INFO - [2025-06-27T00:01:38.530+0000] {serialized_dag.py:166} DEBUG - Checking if DAG (example_sla_dag) changed
[2025-06-27T00:01:38.544+0000] {logging_mixin.py:188} INFO - [2025-06-27T00:01:38.544+0000] {serialized_dag.py:177} DEBUG - Serialized DAG (example_sla_dag) is unchanged. Skipping writing to DB
[2025-06-27T00:01:38.545+0000] {logging_mixin.py:188} INFO - [2025-06-27T00:01:38.545+0000] {dag.py:3096} INFO - Sync 1 DAGs
[2025-06-27T00:01:38.581+0000] {logging_mixin.py:188} INFO - [2025-06-27T00:01:38.580+0000] {dag.py:3954} INFO - Setting next_dagrun for example_sla_dag to 2025-06-26 23:58:00+00:00, run_after=2025-06-27 00:00:00+00:00
[2025-06-27T00:01:38.613+0000] {processor.py:183} INFO - Processing /home/airflow/.local/lib/python3.10/site-packages/airflow/example_dags/example_sla_dag.py took 0.146 seconds
[2025-06-27T00:02:09.058+0000] {logging_mixin.py:188} INFO - [2025-06-27T00:02:09.057+0000] {settings.py:250} DEBUG - Setting up DB connection pool (PID 11089)
[2025-06-27T00:02:09.061+0000] {logging_mixin.py:188} INFO - [2025-06-27T00:02:09.061+0000] {settings.py:330} DEBUG - settings.prepare_engine_args(): Using pool settings. pool_size=5, max_overflow=10, pool_recycle=1800, pid=11089
[2025-06-27T00:02:09.074+0000] {processor.py:161} INFO - Started process (PID=11089) to work on /home/airflow/.local/lib/python3.10/site-packages/airflow/example_dags/example_sla_dag.py
[2025-06-27T00:02:09.076+0000] {processor.py:830} INFO - Processing file /home/airflow/.local/lib/python3.10/site-packages/airflow/example_dags/example_sla_dag.py for tasks to queue
[2025-06-27T00:02:09.081+0000] {logging_mixin.py:188} INFO - [2025-06-27T00:02:09.081+0000] {dagbag.py:545} INFO - Filling up the DagBag from /home/airflow/.local/lib/python3.10/site-packages/airflow/example_dags/example_sla_dag.py
[2025-06-27T00:02:09.083+0000] {logging_mixin.py:188} INFO - [2025-06-27T00:02:09.083+0000] {dagbag.py:337} DEBUG - Importing /home/airflow/.local/lib/python3.10/site-packages/airflow/example_dags/example_sla_dag.py
[2025-06-27T00:02:09.089+0000] {logging_mixin.py:188} INFO - [2025-06-27T00:02:09.089+0000] {GetText.py:65} DEBUG - /home/airflow/.local/lib/python3.10/site-packages/cron_descriptor/locale/en_US.mo Loaded
[2025-06-27T00:02:09.098+0000] {logging_mixin.py:188} INFO - [2025-06-27T00:02:09.097+0000] {dagbag.py:511} DEBUG - Loaded DAG <DAG: example_sla_dag>
[2025-06-27T00:02:09.099+0000] {processor.py:840} INFO - DAG(s) 'example_sla_dag' retrieved from /home/airflow/.local/lib/python3.10/site-packages/airflow/example_dags/example_sla_dag.py
[2025-06-27T00:02:09.102+0000] {logging_mixin.py:188} INFO - [2025-06-27T00:02:09.101+0000] {dagbag.py:667} DEBUG - Running dagbag.sync_to_db with retries. Try 1 of 3
[2025-06-27T00:02:09.102+0000] {logging_mixin.py:188} INFO - [2025-06-27T00:02:09.102+0000] {dagbag.py:672} DEBUG - Calling the DAG.bulk_sync_to_db method
[2025-06-27T00:02:09.123+0000] {logging_mixin.py:188} INFO - [2025-06-27T00:02:09.122+0000] {serialized_dag.py:166} DEBUG - Checking if DAG (example_sla_dag) changed
[2025-06-27T00:02:09.137+0000] {logging_mixin.py:188} INFO - [2025-06-27T00:02:09.137+0000] {serialized_dag.py:177} DEBUG - Serialized DAG (example_sla_dag) is unchanged. Skipping writing to DB
[2025-06-27T00:02:09.139+0000] {logging_mixin.py:188} INFO - [2025-06-27T00:02:09.138+0000] {dag.py:3096} INFO - Sync 1 DAGs
[2025-06-27T00:02:09.178+0000] {logging_mixin.py:188} INFO - [2025-06-27T00:02:09.178+0000] {dag.py:3954} INFO - Setting next_dagrun for example_sla_dag to 2025-06-27 00:00:00+00:00, run_after=2025-06-27 00:02:00+00:00
[2025-06-27T00:02:09.214+0000] {processor.py:183} INFO - Processing /home/airflow/.local/lib/python3.10/site-packages/airflow/example_dags/example_sla_dag.py took 0.158 seconds
[2025-06-27T00:02:39.748+0000] {logging_mixin.py:188} INFO - [2025-06-27T00:02:39.747+0000] {settings.py:250} DEBUG - Setting up DB connection pool (PID 11152)
[2025-06-27T00:02:39.751+0000] {logging_mixin.py:188} INFO - [2025-06-27T00:02:39.750+0000] {settings.py:330} DEBUG - settings.prepare_engine_args(): Using pool settings. pool_size=5, max_overflow=10, pool_recycle=1800, pid=11152
[2025-06-27T00:02:39.776+0000] {processor.py:161} INFO - Started process (PID=11152) to work on /home/airflow/.local/lib/python3.10/site-packages/airflow/example_dags/example_sla_dag.py
[2025-06-27T00:02:39.778+0000] {processor.py:830} INFO - Processing file /home/airflow/.local/lib/python3.10/site-packages/airflow/example_dags/example_sla_dag.py for tasks to queue
[2025-06-27T00:02:39.779+0000] {logging_mixin.py:188} INFO - [2025-06-27T00:02:39.779+0000] {dagbag.py:545} INFO - Filling up the DagBag from /home/airflow/.local/lib/python3.10/site-packages/airflow/example_dags/example_sla_dag.py
[2025-06-27T00:02:39.783+0000] {logging_mixin.py:188} INFO - [2025-06-27T00:02:39.782+0000] {dagbag.py:337} DEBUG - Importing /home/airflow/.local/lib/python3.10/site-packages/airflow/example_dags/example_sla_dag.py
[2025-06-27T00:02:39.789+0000] {logging_mixin.py:188} INFO - [2025-06-27T00:02:39.789+0000] {GetText.py:65} DEBUG - /home/airflow/.local/lib/python3.10/site-packages/cron_descriptor/locale/en_US.mo Loaded
[2025-06-27T00:02:39.806+0000] {logging_mixin.py:188} INFO - [2025-06-27T00:02:39.803+0000] {dagbag.py:511} DEBUG - Loaded DAG <DAG: example_sla_dag>
[2025-06-27T00:02:39.807+0000] {processor.py:840} INFO - DAG(s) 'example_sla_dag' retrieved from /home/airflow/.local/lib/python3.10/site-packages/airflow/example_dags/example_sla_dag.py
[2025-06-27T00:02:39.811+0000] {logging_mixin.py:188} INFO - [2025-06-27T00:02:39.810+0000] {dagbag.py:667} DEBUG - Running dagbag.sync_to_db with retries. Try 1 of 3
[2025-06-27T00:02:39.811+0000] {logging_mixin.py:188} INFO - [2025-06-27T00:02:39.811+0000] {dagbag.py:672} DEBUG - Calling the DAG.bulk_sync_to_db method
[2025-06-27T00:02:39.841+0000] {logging_mixin.py:188} INFO - [2025-06-27T00:02:39.841+0000] {serialized_dag.py:166} DEBUG - Checking if DAG (example_sla_dag) changed
[2025-06-27T00:02:39.858+0000] {logging_mixin.py:188} INFO - [2025-06-27T00:02:39.858+0000] {serialized_dag.py:177} DEBUG - Serialized DAG (example_sla_dag) is unchanged. Skipping writing to DB
[2025-06-27T00:02:39.860+0000] {logging_mixin.py:188} INFO - [2025-06-27T00:02:39.859+0000] {dag.py:3096} INFO - Sync 1 DAGs
[2025-06-27T00:02:39.901+0000] {logging_mixin.py:188} INFO - [2025-06-27T00:02:39.901+0000] {dag.py:3954} INFO - Setting next_dagrun for example_sla_dag to 2025-06-27 00:00:00+00:00, run_after=2025-06-27 00:02:00+00:00
[2025-06-27T00:02:39.934+0000] {processor.py:183} INFO - Processing /home/airflow/.local/lib/python3.10/site-packages/airflow/example_dags/example_sla_dag.py took 0.187 seconds
[2025-06-27T00:03:10.326+0000] {logging_mixin.py:188} INFO - [2025-06-27T00:03:10.325+0000] {settings.py:250} DEBUG - Setting up DB connection pool (PID 11213)
[2025-06-27T00:03:10.329+0000] {logging_mixin.py:188} INFO - [2025-06-27T00:03:10.328+0000] {settings.py:330} DEBUG - settings.prepare_engine_args(): Using pool settings. pool_size=5, max_overflow=10, pool_recycle=1800, pid=11213
[2025-06-27T00:03:10.340+0000] {processor.py:161} INFO - Started process (PID=11213) to work on /home/airflow/.local/lib/python3.10/site-packages/airflow/example_dags/example_sla_dag.py
[2025-06-27T00:03:10.342+0000] {processor.py:830} INFO - Processing file /home/airflow/.local/lib/python3.10/site-packages/airflow/example_dags/example_sla_dag.py for tasks to queue
[2025-06-27T00:03:10.343+0000] {logging_mixin.py:188} INFO - [2025-06-27T00:03:10.343+0000] {dagbag.py:545} INFO - Filling up the DagBag from /home/airflow/.local/lib/python3.10/site-packages/airflow/example_dags/example_sla_dag.py
[2025-06-27T00:03:10.346+0000] {logging_mixin.py:188} INFO - [2025-06-27T00:03:10.345+0000] {dagbag.py:337} DEBUG - Importing /home/airflow/.local/lib/python3.10/site-packages/airflow/example_dags/example_sla_dag.py
[2025-06-27T00:03:10.351+0000] {logging_mixin.py:188} INFO - [2025-06-27T00:03:10.351+0000] {GetText.py:65} DEBUG - /home/airflow/.local/lib/python3.10/site-packages/cron_descriptor/locale/en_US.mo Loaded
[2025-06-27T00:03:10.361+0000] {logging_mixin.py:188} INFO - [2025-06-27T00:03:10.360+0000] {dagbag.py:511} DEBUG - Loaded DAG <DAG: example_sla_dag>
[2025-06-27T00:03:10.362+0000] {processor.py:840} INFO - DAG(s) 'example_sla_dag' retrieved from /home/airflow/.local/lib/python3.10/site-packages/airflow/example_dags/example_sla_dag.py
[2025-06-27T00:03:10.364+0000] {logging_mixin.py:188} INFO - [2025-06-27T00:03:10.364+0000] {dagbag.py:667} DEBUG - Running dagbag.sync_to_db with retries. Try 1 of 3
[2025-06-27T00:03:10.365+0000] {logging_mixin.py:188} INFO - [2025-06-27T00:03:10.365+0000] {dagbag.py:672} DEBUG - Calling the DAG.bulk_sync_to_db method
[2025-06-27T00:03:10.387+0000] {logging_mixin.py:188} INFO - [2025-06-27T00:03:10.386+0000] {serialized_dag.py:166} DEBUG - Checking if DAG (example_sla_dag) changed
[2025-06-27T00:03:10.399+0000] {logging_mixin.py:188} INFO - [2025-06-27T00:03:10.399+0000] {serialized_dag.py:177} DEBUG - Serialized DAG (example_sla_dag) is unchanged. Skipping writing to DB
[2025-06-27T00:03:10.400+0000] {logging_mixin.py:188} INFO - [2025-06-27T00:03:10.400+0000] {dag.py:3096} INFO - Sync 1 DAGs
[2025-06-27T00:03:10.430+0000] {logging_mixin.py:188} INFO - [2025-06-27T00:03:10.429+0000] {dag.py:3954} INFO - Setting next_dagrun for example_sla_dag to 2025-06-27 00:00:00+00:00, run_after=2025-06-27 00:02:00+00:00
[2025-06-27T00:03:10.458+0000] {processor.py:183} INFO - Processing /home/airflow/.local/lib/python3.10/site-packages/airflow/example_dags/example_sla_dag.py took 0.133 seconds
[2025-06-27T00:03:40.916+0000] {logging_mixin.py:188} INFO - [2025-06-27T00:03:40.915+0000] {settings.py:250} DEBUG - Setting up DB connection pool (PID 11276)
[2025-06-27T00:03:40.918+0000] {logging_mixin.py:188} INFO - [2025-06-27T00:03:40.918+0000] {settings.py:330} DEBUG - settings.prepare_engine_args(): Using pool settings. pool_size=5, max_overflow=10, pool_recycle=1800, pid=11276
[2025-06-27T00:03:40.928+0000] {processor.py:161} INFO - Started process (PID=11276) to work on /home/airflow/.local/lib/python3.10/site-packages/airflow/example_dags/example_sla_dag.py
[2025-06-27T00:03:40.929+0000] {processor.py:830} INFO - Processing file /home/airflow/.local/lib/python3.10/site-packages/airflow/example_dags/example_sla_dag.py for tasks to queue
[2025-06-27T00:03:40.931+0000] {logging_mixin.py:188} INFO - [2025-06-27T00:03:40.930+0000] {dagbag.py:545} INFO - Filling up the DagBag from /home/airflow/.local/lib/python3.10/site-packages/airflow/example_dags/example_sla_dag.py
[2025-06-27T00:03:40.933+0000] {logging_mixin.py:188} INFO - [2025-06-27T00:03:40.933+0000] {dagbag.py:337} DEBUG - Importing /home/airflow/.local/lib/python3.10/site-packages/airflow/example_dags/example_sla_dag.py
[2025-06-27T00:03:40.939+0000] {logging_mixin.py:188} INFO - [2025-06-27T00:03:40.938+0000] {GetText.py:65} DEBUG - /home/airflow/.local/lib/python3.10/site-packages/cron_descriptor/locale/en_US.mo Loaded
[2025-06-27T00:03:40.948+0000] {logging_mixin.py:188} INFO - [2025-06-27T00:03:40.946+0000] {dagbag.py:511} DEBUG - Loaded DAG <DAG: example_sla_dag>
[2025-06-27T00:03:40.948+0000] {processor.py:840} INFO - DAG(s) 'example_sla_dag' retrieved from /home/airflow/.local/lib/python3.10/site-packages/airflow/example_dags/example_sla_dag.py
[2025-06-27T00:03:40.950+0000] {logging_mixin.py:188} INFO - [2025-06-27T00:03:40.950+0000] {dagbag.py:667} DEBUG - Running dagbag.sync_to_db with retries. Try 1 of 3
[2025-06-27T00:03:40.951+0000] {logging_mixin.py:188} INFO - [2025-06-27T00:03:40.951+0000] {dagbag.py:672} DEBUG - Calling the DAG.bulk_sync_to_db method
[2025-06-27T00:03:40.971+0000] {logging_mixin.py:188} INFO - [2025-06-27T00:03:40.971+0000] {serialized_dag.py:166} DEBUG - Checking if DAG (example_sla_dag) changed
[2025-06-27T00:03:40.983+0000] {logging_mixin.py:188} INFO - [2025-06-27T00:03:40.982+0000] {serialized_dag.py:177} DEBUG - Serialized DAG (example_sla_dag) is unchanged. Skipping writing to DB
[2025-06-27T00:03:40.984+0000] {logging_mixin.py:188} INFO - [2025-06-27T00:03:40.984+0000] {dag.py:3096} INFO - Sync 1 DAGs
[2025-06-27T00:03:41.019+0000] {logging_mixin.py:188} INFO - [2025-06-27T00:03:41.019+0000] {dag.py:3954} INFO - Setting next_dagrun for example_sla_dag to 2025-06-27 00:00:00+00:00, run_after=2025-06-27 00:02:00+00:00
[2025-06-27T00:03:41.049+0000] {processor.py:183} INFO - Processing /home/airflow/.local/lib/python3.10/site-packages/airflow/example_dags/example_sla_dag.py took 0.134 seconds
[2025-06-27T00:04:11.527+0000] {logging_mixin.py:188} INFO - [2025-06-27T00:04:11.525+0000] {settings.py:250} DEBUG - Setting up DB connection pool (PID 11339)
[2025-06-27T00:04:11.529+0000] {logging_mixin.py:188} INFO - [2025-06-27T00:04:11.529+0000] {settings.py:330} DEBUG - settings.prepare_engine_args(): Using pool settings. pool_size=5, max_overflow=10, pool_recycle=1800, pid=11339
[2025-06-27T00:04:11.541+0000] {processor.py:161} INFO - Started process (PID=11339) to work on /home/airflow/.local/lib/python3.10/site-packages/airflow/example_dags/example_sla_dag.py
[2025-06-27T00:04:11.542+0000] {processor.py:830} INFO - Processing file /home/airflow/.local/lib/python3.10/site-packages/airflow/example_dags/example_sla_dag.py for tasks to queue
[2025-06-27T00:04:11.544+0000] {logging_mixin.py:188} INFO - [2025-06-27T00:04:11.544+0000] {dagbag.py:545} INFO - Filling up the DagBag from /home/airflow/.local/lib/python3.10/site-packages/airflow/example_dags/example_sla_dag.py
[2025-06-27T00:04:11.547+0000] {logging_mixin.py:188} INFO - [2025-06-27T00:04:11.547+0000] {dagbag.py:337} DEBUG - Importing /home/airflow/.local/lib/python3.10/site-packages/airflow/example_dags/example_sla_dag.py
[2025-06-27T00:04:11.552+0000] {logging_mixin.py:188} INFO - [2025-06-27T00:04:11.552+0000] {GetText.py:65} DEBUG - /home/airflow/.local/lib/python3.10/site-packages/cron_descriptor/locale/en_US.mo Loaded
[2025-06-27T00:04:11.562+0000] {logging_mixin.py:188} INFO - [2025-06-27T00:04:11.561+0000] {dagbag.py:511} DEBUG - Loaded DAG <DAG: example_sla_dag>
[2025-06-27T00:04:11.563+0000] {processor.py:840} INFO - DAG(s) 'example_sla_dag' retrieved from /home/airflow/.local/lib/python3.10/site-packages/airflow/example_dags/example_sla_dag.py
[2025-06-27T00:04:11.565+0000] {logging_mixin.py:188} INFO - [2025-06-27T00:04:11.565+0000] {dagbag.py:667} DEBUG - Running dagbag.sync_to_db with retries. Try 1 of 3
[2025-06-27T00:04:11.566+0000] {logging_mixin.py:188} INFO - [2025-06-27T00:04:11.565+0000] {dagbag.py:672} DEBUG - Calling the DAG.bulk_sync_to_db method
[2025-06-27T00:04:11.585+0000] {logging_mixin.py:188} INFO - [2025-06-27T00:04:11.584+0000] {serialized_dag.py:166} DEBUG - Checking if DAG (example_sla_dag) changed
[2025-06-27T00:04:11.596+0000] {logging_mixin.py:188} INFO - [2025-06-27T00:04:11.596+0000] {serialized_dag.py:177} DEBUG - Serialized DAG (example_sla_dag) is unchanged. Skipping writing to DB
[2025-06-27T00:04:11.598+0000] {logging_mixin.py:188} INFO - [2025-06-27T00:04:11.597+0000] {dag.py:3096} INFO - Sync 1 DAGs
[2025-06-27T00:04:11.632+0000] {logging_mixin.py:188} INFO - [2025-06-27T00:04:11.632+0000] {dag.py:3954} INFO - Setting next_dagrun for example_sla_dag to 2025-06-27 00:02:00+00:00, run_after=2025-06-27 00:04:00+00:00
[2025-06-27T00:04:11.669+0000] {processor.py:183} INFO - Processing /home/airflow/.local/lib/python3.10/site-packages/airflow/example_dags/example_sla_dag.py took 0.144 seconds
[2025-06-27T00:04:42.053+0000] {logging_mixin.py:188} INFO - [2025-06-27T00:04:42.051+0000] {settings.py:250} DEBUG - Setting up DB connection pool (PID 11402)
[2025-06-27T00:04:42.055+0000] {logging_mixin.py:188} INFO - [2025-06-27T00:04:42.055+0000] {settings.py:330} DEBUG - settings.prepare_engine_args(): Using pool settings. pool_size=5, max_overflow=10, pool_recycle=1800, pid=11402
[2025-06-27T00:04:42.069+0000] {processor.py:161} INFO - Started process (PID=11402) to work on /home/airflow/.local/lib/python3.10/site-packages/airflow/example_dags/example_sla_dag.py
[2025-06-27T00:04:42.071+0000] {processor.py:830} INFO - Processing file /home/airflow/.local/lib/python3.10/site-packages/airflow/example_dags/example_sla_dag.py for tasks to queue
[2025-06-27T00:04:42.074+0000] {logging_mixin.py:188} INFO - [2025-06-27T00:04:42.073+0000] {dagbag.py:545} INFO - Filling up the DagBag from /home/airflow/.local/lib/python3.10/site-packages/airflow/example_dags/example_sla_dag.py
[2025-06-27T00:04:42.077+0000] {logging_mixin.py:188} INFO - [2025-06-27T00:04:42.077+0000] {dagbag.py:337} DEBUG - Importing /home/airflow/.local/lib/python3.10/site-packages/airflow/example_dags/example_sla_dag.py
[2025-06-27T00:04:42.085+0000] {logging_mixin.py:188} INFO - [2025-06-27T00:04:42.084+0000] {GetText.py:65} DEBUG - /home/airflow/.local/lib/python3.10/site-packages/cron_descriptor/locale/en_US.mo Loaded
[2025-06-27T00:04:42.099+0000] {logging_mixin.py:188} INFO - [2025-06-27T00:04:42.097+0000] {dagbag.py:511} DEBUG - Loaded DAG <DAG: example_sla_dag>
[2025-06-27T00:04:42.101+0000] {processor.py:840} INFO - DAG(s) 'example_sla_dag' retrieved from /home/airflow/.local/lib/python3.10/site-packages/airflow/example_dags/example_sla_dag.py
[2025-06-27T00:04:42.103+0000] {logging_mixin.py:188} INFO - [2025-06-27T00:04:42.103+0000] {dagbag.py:667} DEBUG - Running dagbag.sync_to_db with retries. Try 1 of 3
[2025-06-27T00:04:42.104+0000] {logging_mixin.py:188} INFO - [2025-06-27T00:04:42.104+0000] {dagbag.py:672} DEBUG - Calling the DAG.bulk_sync_to_db method
[2025-06-27T00:04:42.134+0000] {logging_mixin.py:188} INFO - [2025-06-27T00:04:42.133+0000] {serialized_dag.py:166} DEBUG - Checking if DAG (example_sla_dag) changed
[2025-06-27T00:04:42.150+0000] {logging_mixin.py:188} INFO - [2025-06-27T00:04:42.149+0000] {serialized_dag.py:177} DEBUG - Serialized DAG (example_sla_dag) is unchanged. Skipping writing to DB
[2025-06-27T00:04:42.151+0000] {logging_mixin.py:188} INFO - [2025-06-27T00:04:42.151+0000] {dag.py:3096} INFO - Sync 1 DAGs
[2025-06-27T00:04:42.192+0000] {logging_mixin.py:188} INFO - [2025-06-27T00:04:42.191+0000] {dag.py:3954} INFO - Setting next_dagrun for example_sla_dag to 2025-06-27 00:02:00+00:00, run_after=2025-06-27 00:04:00+00:00
[2025-06-27T00:04:42.238+0000] {processor.py:183} INFO - Processing /home/airflow/.local/lib/python3.10/site-packages/airflow/example_dags/example_sla_dag.py took 0.187 seconds
[2025-06-27T00:05:12.787+0000] {logging_mixin.py:188} INFO - [2025-06-27T00:05:12.785+0000] {settings.py:250} DEBUG - Setting up DB connection pool (PID 11465)
[2025-06-27T00:05:12.789+0000] {logging_mixin.py:188} INFO - [2025-06-27T00:05:12.789+0000] {settings.py:330} DEBUG - settings.prepare_engine_args(): Using pool settings. pool_size=5, max_overflow=10, pool_recycle=1800, pid=11465
[2025-06-27T00:05:12.798+0000] {processor.py:161} INFO - Started process (PID=11465) to work on /home/airflow/.local/lib/python3.10/site-packages/airflow/example_dags/example_sla_dag.py
[2025-06-27T00:05:12.800+0000] {processor.py:830} INFO - Processing file /home/airflow/.local/lib/python3.10/site-packages/airflow/example_dags/example_sla_dag.py for tasks to queue
[2025-06-27T00:05:12.801+0000] {logging_mixin.py:188} INFO - [2025-06-27T00:05:12.801+0000] {dagbag.py:545} INFO - Filling up the DagBag from /home/airflow/.local/lib/python3.10/site-packages/airflow/example_dags/example_sla_dag.py
[2025-06-27T00:05:12.803+0000] {logging_mixin.py:188} INFO - [2025-06-27T00:05:12.803+0000] {dagbag.py:337} DEBUG - Importing /home/airflow/.local/lib/python3.10/site-packages/airflow/example_dags/example_sla_dag.py
[2025-06-27T00:05:12.808+0000] {logging_mixin.py:188} INFO - [2025-06-27T00:05:12.808+0000] {GetText.py:65} DEBUG - /home/airflow/.local/lib/python3.10/site-packages/cron_descriptor/locale/en_US.mo Loaded
[2025-06-27T00:05:12.820+0000] {logging_mixin.py:188} INFO - [2025-06-27T00:05:12.817+0000] {dagbag.py:511} DEBUG - Loaded DAG <DAG: example_sla_dag>
[2025-06-27T00:05:12.820+0000] {processor.py:840} INFO - DAG(s) 'example_sla_dag' retrieved from /home/airflow/.local/lib/python3.10/site-packages/airflow/example_dags/example_sla_dag.py
[2025-06-27T00:05:12.822+0000] {logging_mixin.py:188} INFO - [2025-06-27T00:05:12.822+0000] {dagbag.py:667} DEBUG - Running dagbag.sync_to_db with retries. Try 1 of 3
[2025-06-27T00:05:12.823+0000] {logging_mixin.py:188} INFO - [2025-06-27T00:05:12.823+0000] {dagbag.py:672} DEBUG - Calling the DAG.bulk_sync_to_db method
[2025-06-27T00:05:12.842+0000] {logging_mixin.py:188} INFO - [2025-06-27T00:05:12.842+0000] {serialized_dag.py:166} DEBUG - Checking if DAG (example_sla_dag) changed
[2025-06-27T00:05:12.854+0000] {logging_mixin.py:188} INFO - [2025-06-27T00:05:12.853+0000] {serialized_dag.py:177} DEBUG - Serialized DAG (example_sla_dag) is unchanged. Skipping writing to DB
[2025-06-27T00:05:12.855+0000] {logging_mixin.py:188} INFO - [2025-06-27T00:05:12.854+0000] {dag.py:3096} INFO - Sync 1 DAGs
[2025-06-27T00:05:12.888+0000] {logging_mixin.py:188} INFO - [2025-06-27T00:05:12.887+0000] {dag.py:3954} INFO - Setting next_dagrun for example_sla_dag to 2025-06-27 00:02:00+00:00, run_after=2025-06-27 00:04:00+00:00
[2025-06-27T00:05:12.920+0000] {processor.py:183} INFO - Processing /home/airflow/.local/lib/python3.10/site-packages/airflow/example_dags/example_sla_dag.py took 0.135 seconds
[2025-06-27T00:05:43.105+0000] {logging_mixin.py:188} INFO - [2025-06-27T00:05:43.104+0000] {settings.py:250} DEBUG - Setting up DB connection pool (PID 11528)
[2025-06-27T00:05:43.106+0000] {logging_mixin.py:188} INFO - [2025-06-27T00:05:43.106+0000] {settings.py:330} DEBUG - settings.prepare_engine_args(): Using pool settings. pool_size=5, max_overflow=10, pool_recycle=1800, pid=11528
[2025-06-27T00:05:43.117+0000] {processor.py:161} INFO - Started process (PID=11528) to work on /home/airflow/.local/lib/python3.10/site-packages/airflow/example_dags/example_sla_dag.py
[2025-06-27T00:05:43.118+0000] {processor.py:830} INFO - Processing file /home/airflow/.local/lib/python3.10/site-packages/airflow/example_dags/example_sla_dag.py for tasks to queue
[2025-06-27T00:05:43.120+0000] {logging_mixin.py:188} INFO - [2025-06-27T00:05:43.119+0000] {dagbag.py:545} INFO - Filling up the DagBag from /home/airflow/.local/lib/python3.10/site-packages/airflow/example_dags/example_sla_dag.py
[2025-06-27T00:05:43.122+0000] {logging_mixin.py:188} INFO - [2025-06-27T00:05:43.122+0000] {dagbag.py:337} DEBUG - Importing /home/airflow/.local/lib/python3.10/site-packages/airflow/example_dags/example_sla_dag.py
[2025-06-27T00:05:43.127+0000] {logging_mixin.py:188} INFO - [2025-06-27T00:05:43.127+0000] {GetText.py:65} DEBUG - /home/airflow/.local/lib/python3.10/site-packages/cron_descriptor/locale/en_US.mo Loaded
[2025-06-27T00:05:43.138+0000] {logging_mixin.py:188} INFO - [2025-06-27T00:05:43.136+0000] {dagbag.py:511} DEBUG - Loaded DAG <DAG: example_sla_dag>
[2025-06-27T00:05:43.139+0000] {processor.py:840} INFO - DAG(s) 'example_sla_dag' retrieved from /home/airflow/.local/lib/python3.10/site-packages/airflow/example_dags/example_sla_dag.py
[2025-06-27T00:05:43.141+0000] {logging_mixin.py:188} INFO - [2025-06-27T00:05:43.141+0000] {dagbag.py:667} DEBUG - Running dagbag.sync_to_db with retries. Try 1 of 3
[2025-06-27T00:05:43.142+0000] {logging_mixin.py:188} INFO - [2025-06-27T00:05:43.142+0000] {dagbag.py:672} DEBUG - Calling the DAG.bulk_sync_to_db method
[2025-06-27T00:05:43.167+0000] {logging_mixin.py:188} INFO - [2025-06-27T00:05:43.166+0000] {serialized_dag.py:166} DEBUG - Checking if DAG (example_sla_dag) changed
[2025-06-27T00:05:43.180+0000] {logging_mixin.py:188} INFO - [2025-06-27T00:05:43.180+0000] {serialized_dag.py:177} DEBUG - Serialized DAG (example_sla_dag) is unchanged. Skipping writing to DB
[2025-06-27T00:05:43.182+0000] {logging_mixin.py:188} INFO - [2025-06-27T00:05:43.181+0000] {dag.py:3096} INFO - Sync 1 DAGs
[2025-06-27T00:05:43.218+0000] {logging_mixin.py:188} INFO - [2025-06-27T00:05:43.218+0000] {dag.py:3954} INFO - Setting next_dagrun for example_sla_dag to 2025-06-27 00:02:00+00:00, run_after=2025-06-27 00:04:00+00:00
[2025-06-27T00:05:43.253+0000] {processor.py:183} INFO - Processing /home/airflow/.local/lib/python3.10/site-packages/airflow/example_dags/example_sla_dag.py took 0.150 seconds
[2025-06-27T00:06:13.647+0000] {logging_mixin.py:188} INFO - [2025-06-27T00:06:13.645+0000] {settings.py:250} DEBUG - Setting up DB connection pool (PID 11591)
[2025-06-27T00:06:13.649+0000] {logging_mixin.py:188} INFO - [2025-06-27T00:06:13.649+0000] {settings.py:330} DEBUG - settings.prepare_engine_args(): Using pool settings. pool_size=5, max_overflow=10, pool_recycle=1800, pid=11591
[2025-06-27T00:06:13.663+0000] {processor.py:161} INFO - Started process (PID=11591) to work on /home/airflow/.local/lib/python3.10/site-packages/airflow/example_dags/example_sla_dag.py
[2025-06-27T00:06:13.665+0000] {processor.py:830} INFO - Processing file /home/airflow/.local/lib/python3.10/site-packages/airflow/example_dags/example_sla_dag.py for tasks to queue
[2025-06-27T00:06:13.666+0000] {logging_mixin.py:188} INFO - [2025-06-27T00:06:13.666+0000] {dagbag.py:545} INFO - Filling up the DagBag from /home/airflow/.local/lib/python3.10/site-packages/airflow/example_dags/example_sla_dag.py
[2025-06-27T00:06:13.669+0000] {logging_mixin.py:188} INFO - [2025-06-27T00:06:13.669+0000] {dagbag.py:337} DEBUG - Importing /home/airflow/.local/lib/python3.10/site-packages/airflow/example_dags/example_sla_dag.py
[2025-06-27T00:06:13.675+0000] {logging_mixin.py:188} INFO - [2025-06-27T00:06:13.675+0000] {GetText.py:65} DEBUG - /home/airflow/.local/lib/python3.10/site-packages/cron_descriptor/locale/en_US.mo Loaded
[2025-06-27T00:06:13.687+0000] {logging_mixin.py:188} INFO - [2025-06-27T00:06:13.686+0000] {dagbag.py:511} DEBUG - Loaded DAG <DAG: example_sla_dag>
[2025-06-27T00:06:13.688+0000] {processor.py:840} INFO - DAG(s) 'example_sla_dag' retrieved from /home/airflow/.local/lib/python3.10/site-packages/airflow/example_dags/example_sla_dag.py
[2025-06-27T00:06:13.690+0000] {logging_mixin.py:188} INFO - [2025-06-27T00:06:13.690+0000] {dagbag.py:667} DEBUG - Running dagbag.sync_to_db with retries. Try 1 of 3
[2025-06-27T00:06:13.691+0000] {logging_mixin.py:188} INFO - [2025-06-27T00:06:13.691+0000] {dagbag.py:672} DEBUG - Calling the DAG.bulk_sync_to_db method
[2025-06-27T00:06:13.713+0000] {logging_mixin.py:188} INFO - [2025-06-27T00:06:13.712+0000] {serialized_dag.py:166} DEBUG - Checking if DAG (example_sla_dag) changed
[2025-06-27T00:06:13.732+0000] {logging_mixin.py:188} INFO - [2025-06-27T00:06:13.732+0000] {serialized_dag.py:177} DEBUG - Serialized DAG (example_sla_dag) is unchanged. Skipping writing to DB
[2025-06-27T00:06:13.733+0000] {logging_mixin.py:188} INFO - [2025-06-27T00:06:13.733+0000] {dag.py:3096} INFO - Sync 1 DAGs
[2025-06-27T00:06:13.791+0000] {logging_mixin.py:188} INFO - [2025-06-27T00:06:13.791+0000] {dag.py:3954} INFO - Setting next_dagrun for example_sla_dag to 2025-06-27 00:04:00+00:00, run_after=2025-06-27 00:06:00+00:00
[2025-06-27T00:06:13.824+0000] {processor.py:183} INFO - Processing /home/airflow/.local/lib/python3.10/site-packages/airflow/example_dags/example_sla_dag.py took 0.178 seconds
[2025-06-27T00:06:44.045+0000] {logging_mixin.py:188} INFO - [2025-06-27T00:06:44.043+0000] {settings.py:250} DEBUG - Setting up DB connection pool (PID 11654)
[2025-06-27T00:06:44.048+0000] {logging_mixin.py:188} INFO - [2025-06-27T00:06:44.047+0000] {settings.py:330} DEBUG - settings.prepare_engine_args(): Using pool settings. pool_size=5, max_overflow=10, pool_recycle=1800, pid=11654
[2025-06-27T00:06:44.059+0000] {processor.py:161} INFO - Started process (PID=11654) to work on /home/airflow/.local/lib/python3.10/site-packages/airflow/example_dags/example_sla_dag.py
[2025-06-27T00:06:44.061+0000] {processor.py:830} INFO - Processing file /home/airflow/.local/lib/python3.10/site-packages/airflow/example_dags/example_sla_dag.py for tasks to queue
[2025-06-27T00:06:44.062+0000] {logging_mixin.py:188} INFO - [2025-06-27T00:06:44.062+0000] {dagbag.py:545} INFO - Filling up the DagBag from /home/airflow/.local/lib/python3.10/site-packages/airflow/example_dags/example_sla_dag.py
[2025-06-27T00:06:44.065+0000] {logging_mixin.py:188} INFO - [2025-06-27T00:06:44.065+0000] {dagbag.py:337} DEBUG - Importing /home/airflow/.local/lib/python3.10/site-packages/airflow/example_dags/example_sla_dag.py
[2025-06-27T00:06:44.071+0000] {logging_mixin.py:188} INFO - [2025-06-27T00:06:44.071+0000] {GetText.py:65} DEBUG - /home/airflow/.local/lib/python3.10/site-packages/cron_descriptor/locale/en_US.mo Loaded
[2025-06-27T00:06:44.083+0000] {logging_mixin.py:188} INFO - [2025-06-27T00:06:44.082+0000] {dagbag.py:511} DEBUG - Loaded DAG <DAG: example_sla_dag>
[2025-06-27T00:06:44.084+0000] {processor.py:840} INFO - DAG(s) 'example_sla_dag' retrieved from /home/airflow/.local/lib/python3.10/site-packages/airflow/example_dags/example_sla_dag.py
[2025-06-27T00:06:44.087+0000] {logging_mixin.py:188} INFO - [2025-06-27T00:06:44.086+0000] {dagbag.py:667} DEBUG - Running dagbag.sync_to_db with retries. Try 1 of 3
[2025-06-27T00:06:44.088+0000] {logging_mixin.py:188} INFO - [2025-06-27T00:06:44.087+0000] {dagbag.py:672} DEBUG - Calling the DAG.bulk_sync_to_db method
[2025-06-27T00:06:44.111+0000] {logging_mixin.py:188} INFO - [2025-06-27T00:06:44.110+0000] {serialized_dag.py:166} DEBUG - Checking if DAG (example_sla_dag) changed
[2025-06-27T00:06:44.125+0000] {logging_mixin.py:188} INFO - [2025-06-27T00:06:44.125+0000] {serialized_dag.py:177} DEBUG - Serialized DAG (example_sla_dag) is unchanged. Skipping writing to DB
[2025-06-27T00:06:44.126+0000] {logging_mixin.py:188} INFO - [2025-06-27T00:06:44.126+0000] {dag.py:3096} INFO - Sync 1 DAGs
[2025-06-27T00:06:44.203+0000] {logging_mixin.py:188} INFO - [2025-06-27T00:06:44.203+0000] {dag.py:3954} INFO - Setting next_dagrun for example_sla_dag to 2025-06-27 00:04:00+00:00, run_after=2025-06-27 00:06:00+00:00
[2025-06-27T00:06:44.276+0000] {processor.py:183} INFO - Processing /home/airflow/.local/lib/python3.10/site-packages/airflow/example_dags/example_sla_dag.py took 0.233 seconds
[2025-06-27T00:07:14.866+0000] {logging_mixin.py:188} INFO - [2025-06-27T00:07:14.865+0000] {settings.py:250} DEBUG - Setting up DB connection pool (PID 11717)
[2025-06-27T00:07:14.868+0000] {logging_mixin.py:188} INFO - [2025-06-27T00:07:14.868+0000] {settings.py:330} DEBUG - settings.prepare_engine_args(): Using pool settings. pool_size=5, max_overflow=10, pool_recycle=1800, pid=11717
[2025-06-27T00:07:14.885+0000] {processor.py:161} INFO - Started process (PID=11717) to work on /home/airflow/.local/lib/python3.10/site-packages/airflow/example_dags/example_sla_dag.py
[2025-06-27T00:07:14.886+0000] {processor.py:830} INFO - Processing file /home/airflow/.local/lib/python3.10/site-packages/airflow/example_dags/example_sla_dag.py for tasks to queue
[2025-06-27T00:07:14.888+0000] {logging_mixin.py:188} INFO - [2025-06-27T00:07:14.888+0000] {dagbag.py:545} INFO - Filling up the DagBag from /home/airflow/.local/lib/python3.10/site-packages/airflow/example_dags/example_sla_dag.py
[2025-06-27T00:07:14.891+0000] {logging_mixin.py:188} INFO - [2025-06-27T00:07:14.890+0000] {dagbag.py:337} DEBUG - Importing /home/airflow/.local/lib/python3.10/site-packages/airflow/example_dags/example_sla_dag.py
[2025-06-27T00:07:14.897+0000] {logging_mixin.py:188} INFO - [2025-06-27T00:07:14.897+0000] {GetText.py:65} DEBUG - /home/airflow/.local/lib/python3.10/site-packages/cron_descriptor/locale/en_US.mo Loaded
[2025-06-27T00:07:14.907+0000] {logging_mixin.py:188} INFO - [2025-06-27T00:07:14.906+0000] {dagbag.py:511} DEBUG - Loaded DAG <DAG: example_sla_dag>
[2025-06-27T00:07:14.908+0000] {processor.py:840} INFO - DAG(s) 'example_sla_dag' retrieved from /home/airflow/.local/lib/python3.10/site-packages/airflow/example_dags/example_sla_dag.py
[2025-06-27T00:07:14.911+0000] {logging_mixin.py:188} INFO - [2025-06-27T00:07:14.911+0000] {dagbag.py:667} DEBUG - Running dagbag.sync_to_db with retries. Try 1 of 3
[2025-06-27T00:07:14.912+0000] {logging_mixin.py:188} INFO - [2025-06-27T00:07:14.911+0000] {dagbag.py:672} DEBUG - Calling the DAG.bulk_sync_to_db method
[2025-06-27T00:07:14.936+0000] {logging_mixin.py:188} INFO - [2025-06-27T00:07:14.935+0000] {serialized_dag.py:166} DEBUG - Checking if DAG (example_sla_dag) changed
[2025-06-27T00:07:14.949+0000] {logging_mixin.py:188} INFO - [2025-06-27T00:07:14.948+0000] {serialized_dag.py:177} DEBUG - Serialized DAG (example_sla_dag) is unchanged. Skipping writing to DB
[2025-06-27T00:07:14.950+0000] {logging_mixin.py:188} INFO - [2025-06-27T00:07:14.949+0000] {dag.py:3096} INFO - Sync 1 DAGs
[2025-06-27T00:07:14.988+0000] {logging_mixin.py:188} INFO - [2025-06-27T00:07:14.988+0000] {dag.py:3954} INFO - Setting next_dagrun for example_sla_dag to 2025-06-27 00:04:00+00:00, run_after=2025-06-27 00:06:00+00:00
[2025-06-27T00:07:15.026+0000] {processor.py:183} INFO - Processing /home/airflow/.local/lib/python3.10/site-packages/airflow/example_dags/example_sla_dag.py took 0.161 seconds
[2025-06-27T00:07:46.125+0000] {logging_mixin.py:188} INFO - [2025-06-27T00:07:46.122+0000] {settings.py:250} DEBUG - Setting up DB connection pool (PID 11780)
[2025-06-27T00:07:46.127+0000] {logging_mixin.py:188} INFO - [2025-06-27T00:07:46.127+0000] {settings.py:330} DEBUG - settings.prepare_engine_args(): Using pool settings. pool_size=5, max_overflow=10, pool_recycle=1800, pid=11780
[2025-06-27T00:07:46.141+0000] {processor.py:161} INFO - Started process (PID=11780) to work on /home/airflow/.local/lib/python3.10/site-packages/airflow/example_dags/example_sla_dag.py
[2025-06-27T00:07:46.142+0000] {processor.py:830} INFO - Processing file /home/airflow/.local/lib/python3.10/site-packages/airflow/example_dags/example_sla_dag.py for tasks to queue
[2025-06-27T00:07:46.144+0000] {logging_mixin.py:188} INFO - [2025-06-27T00:07:46.144+0000] {dagbag.py:545} INFO - Filling up the DagBag from /home/airflow/.local/lib/python3.10/site-packages/airflow/example_dags/example_sla_dag.py
[2025-06-27T00:07:46.147+0000] {logging_mixin.py:188} INFO - [2025-06-27T00:07:46.147+0000] {dagbag.py:337} DEBUG - Importing /home/airflow/.local/lib/python3.10/site-packages/airflow/example_dags/example_sla_dag.py
[2025-06-27T00:07:46.154+0000] {logging_mixin.py:188} INFO - [2025-06-27T00:07:46.154+0000] {GetText.py:65} DEBUG - /home/airflow/.local/lib/python3.10/site-packages/cron_descriptor/locale/en_US.mo Loaded
[2025-06-27T00:07:46.169+0000] {logging_mixin.py:188} INFO - [2025-06-27T00:07:46.166+0000] {dagbag.py:511} DEBUG - Loaded DAG <DAG: example_sla_dag>
[2025-06-27T00:07:46.170+0000] {processor.py:840} INFO - DAG(s) 'example_sla_dag' retrieved from /home/airflow/.local/lib/python3.10/site-packages/airflow/example_dags/example_sla_dag.py
[2025-06-27T00:07:46.172+0000] {logging_mixin.py:188} INFO - [2025-06-27T00:07:46.172+0000] {dagbag.py:667} DEBUG - Running dagbag.sync_to_db with retries. Try 1 of 3
[2025-06-27T00:07:46.173+0000] {logging_mixin.py:188} INFO - [2025-06-27T00:07:46.173+0000] {dagbag.py:672} DEBUG - Calling the DAG.bulk_sync_to_db method
[2025-06-27T00:07:46.197+0000] {logging_mixin.py:188} INFO - [2025-06-27T00:07:46.196+0000] {serialized_dag.py:166} DEBUG - Checking if DAG (example_sla_dag) changed
[2025-06-27T00:07:46.212+0000] {logging_mixin.py:188} INFO - [2025-06-27T00:07:46.212+0000] {serialized_dag.py:177} DEBUG - Serialized DAG (example_sla_dag) is unchanged. Skipping writing to DB
[2025-06-27T00:07:46.213+0000] {logging_mixin.py:188} INFO - [2025-06-27T00:07:46.213+0000] {dag.py:3096} INFO - Sync 1 DAGs
[2025-06-27T00:07:46.255+0000] {logging_mixin.py:188} INFO - [2025-06-27T00:07:46.255+0000] {dag.py:3954} INFO - Setting next_dagrun for example_sla_dag to 2025-06-27 00:04:00+00:00, run_after=2025-06-27 00:06:00+00:00
[2025-06-27T00:07:46.289+0000] {processor.py:183} INFO - Processing /home/airflow/.local/lib/python3.10/site-packages/airflow/example_dags/example_sla_dag.py took 0.167 seconds
[2025-06-27T00:08:16.817+0000] {logging_mixin.py:188} INFO - [2025-06-27T00:08:16.815+0000] {settings.py:250} DEBUG - Setting up DB connection pool (PID 11841)
[2025-06-27T00:08:16.821+0000] {logging_mixin.py:188} INFO - [2025-06-27T00:08:16.820+0000] {settings.py:330} DEBUG - settings.prepare_engine_args(): Using pool settings. pool_size=5, max_overflow=10, pool_recycle=1800, pid=11841
[2025-06-27T00:08:16.835+0000] {processor.py:161} INFO - Started process (PID=11841) to work on /home/airflow/.local/lib/python3.10/site-packages/airflow/example_dags/example_sla_dag.py
[2025-06-27T00:08:16.836+0000] {processor.py:830} INFO - Processing file /home/airflow/.local/lib/python3.10/site-packages/airflow/example_dags/example_sla_dag.py for tasks to queue
[2025-06-27T00:08:16.838+0000] {logging_mixin.py:188} INFO - [2025-06-27T00:08:16.837+0000] {dagbag.py:545} INFO - Filling up the DagBag from /home/airflow/.local/lib/python3.10/site-packages/airflow/example_dags/example_sla_dag.py
[2025-06-27T00:08:16.841+0000] {logging_mixin.py:188} INFO - [2025-06-27T00:08:16.841+0000] {dagbag.py:337} DEBUG - Importing /home/airflow/.local/lib/python3.10/site-packages/airflow/example_dags/example_sla_dag.py
[2025-06-27T00:08:16.852+0000] {logging_mixin.py:188} INFO - [2025-06-27T00:08:16.851+0000] {GetText.py:65} DEBUG - /home/airflow/.local/lib/python3.10/site-packages/cron_descriptor/locale/en_US.mo Loaded
[2025-06-27T00:08:16.868+0000] {logging_mixin.py:188} INFO - [2025-06-27T00:08:16.864+0000] {dagbag.py:511} DEBUG - Loaded DAG <DAG: example_sla_dag>
[2025-06-27T00:08:16.869+0000] {processor.py:840} INFO - DAG(s) 'example_sla_dag' retrieved from /home/airflow/.local/lib/python3.10/site-packages/airflow/example_dags/example_sla_dag.py
[2025-06-27T00:08:16.872+0000] {logging_mixin.py:188} INFO - [2025-06-27T00:08:16.871+0000] {dagbag.py:667} DEBUG - Running dagbag.sync_to_db with retries. Try 1 of 3
[2025-06-27T00:08:16.873+0000] {logging_mixin.py:188} INFO - [2025-06-27T00:08:16.872+0000] {dagbag.py:672} DEBUG - Calling the DAG.bulk_sync_to_db method
[2025-06-27T00:08:16.896+0000] {logging_mixin.py:188} INFO - [2025-06-27T00:08:16.896+0000] {serialized_dag.py:166} DEBUG - Checking if DAG (example_sla_dag) changed
[2025-06-27T00:08:16.910+0000] {logging_mixin.py:188} INFO - [2025-06-27T00:08:16.909+0000] {serialized_dag.py:177} DEBUG - Serialized DAG (example_sla_dag) is unchanged. Skipping writing to DB
[2025-06-27T00:08:16.911+0000] {logging_mixin.py:188} INFO - [2025-06-27T00:08:16.911+0000] {dag.py:3096} INFO - Sync 1 DAGs
[2025-06-27T00:08:16.946+0000] {logging_mixin.py:188} INFO - [2025-06-27T00:08:16.946+0000] {dag.py:3954} INFO - Setting next_dagrun for example_sla_dag to 2025-06-27 00:06:00+00:00, run_after=2025-06-27 00:08:00+00:00
[2025-06-27T00:08:16.990+0000] {processor.py:183} INFO - Processing /home/airflow/.local/lib/python3.10/site-packages/airflow/example_dags/example_sla_dag.py took 0.175 seconds
[2025-06-27T00:08:47.382+0000] {logging_mixin.py:188} INFO - [2025-06-27T00:08:47.381+0000] {settings.py:250} DEBUG - Setting up DB connection pool (PID 11904)
[2025-06-27T00:08:47.384+0000] {logging_mixin.py:188} INFO - [2025-06-27T00:08:47.384+0000] {settings.py:330} DEBUG - settings.prepare_engine_args(): Using pool settings. pool_size=5, max_overflow=10, pool_recycle=1800, pid=11904
[2025-06-27T00:08:47.395+0000] {processor.py:161} INFO - Started process (PID=11904) to work on /home/airflow/.local/lib/python3.10/site-packages/airflow/example_dags/example_sla_dag.py
[2025-06-27T00:08:47.396+0000] {processor.py:830} INFO - Processing file /home/airflow/.local/lib/python3.10/site-packages/airflow/example_dags/example_sla_dag.py for tasks to queue
[2025-06-27T00:08:47.398+0000] {logging_mixin.py:188} INFO - [2025-06-27T00:08:47.397+0000] {dagbag.py:545} INFO - Filling up the DagBag from /home/airflow/.local/lib/python3.10/site-packages/airflow/example_dags/example_sla_dag.py
[2025-06-27T00:08:47.400+0000] {logging_mixin.py:188} INFO - [2025-06-27T00:08:47.400+0000] {dagbag.py:337} DEBUG - Importing /home/airflow/.local/lib/python3.10/site-packages/airflow/example_dags/example_sla_dag.py
[2025-06-27T00:08:47.406+0000] {logging_mixin.py:188} INFO - [2025-06-27T00:08:47.406+0000] {GetText.py:65} DEBUG - /home/airflow/.local/lib/python3.10/site-packages/cron_descriptor/locale/en_US.mo Loaded
[2025-06-27T00:08:47.415+0000] {logging_mixin.py:188} INFO - [2025-06-27T00:08:47.414+0000] {dagbag.py:511} DEBUG - Loaded DAG <DAG: example_sla_dag>
[2025-06-27T00:08:47.416+0000] {processor.py:840} INFO - DAG(s) 'example_sla_dag' retrieved from /home/airflow/.local/lib/python3.10/site-packages/airflow/example_dags/example_sla_dag.py
[2025-06-27T00:08:47.419+0000] {logging_mixin.py:188} INFO - [2025-06-27T00:08:47.418+0000] {dagbag.py:667} DEBUG - Running dagbag.sync_to_db with retries. Try 1 of 3
[2025-06-27T00:08:47.419+0000] {logging_mixin.py:188} INFO - [2025-06-27T00:08:47.419+0000] {dagbag.py:672} DEBUG - Calling the DAG.bulk_sync_to_db method
[2025-06-27T00:08:47.439+0000] {logging_mixin.py:188} INFO - [2025-06-27T00:08:47.438+0000] {serialized_dag.py:166} DEBUG - Checking if DAG (example_sla_dag) changed
[2025-06-27T00:08:47.450+0000] {logging_mixin.py:188} INFO - [2025-06-27T00:08:47.450+0000] {serialized_dag.py:177} DEBUG - Serialized DAG (example_sla_dag) is unchanged. Skipping writing to DB
[2025-06-27T00:08:47.451+0000] {logging_mixin.py:188} INFO - [2025-06-27T00:08:47.451+0000] {dag.py:3096} INFO - Sync 1 DAGs
[2025-06-27T00:08:47.484+0000] {logging_mixin.py:188} INFO - [2025-06-27T00:08:47.483+0000] {dag.py:3954} INFO - Setting next_dagrun for example_sla_dag to 2025-06-27 00:06:00+00:00, run_after=2025-06-27 00:08:00+00:00
[2025-06-27T00:08:47.523+0000] {processor.py:183} INFO - Processing /home/airflow/.local/lib/python3.10/site-packages/airflow/example_dags/example_sla_dag.py took 0.142 seconds
[2025-06-27T00:09:18.101+0000] {logging_mixin.py:188} INFO - [2025-06-27T00:09:18.100+0000] {settings.py:250} DEBUG - Setting up DB connection pool (PID 11969)
[2025-06-27T00:09:18.103+0000] {logging_mixin.py:188} INFO - [2025-06-27T00:09:18.103+0000] {settings.py:330} DEBUG - settings.prepare_engine_args(): Using pool settings. pool_size=5, max_overflow=10, pool_recycle=1800, pid=11969
[2025-06-27T00:09:18.115+0000] {processor.py:161} INFO - Started process (PID=11969) to work on /home/airflow/.local/lib/python3.10/site-packages/airflow/example_dags/example_sla_dag.py
[2025-06-27T00:09:18.117+0000] {processor.py:830} INFO - Processing file /home/airflow/.local/lib/python3.10/site-packages/airflow/example_dags/example_sla_dag.py for tasks to queue
[2025-06-27T00:09:18.118+0000] {logging_mixin.py:188} INFO - [2025-06-27T00:09:18.118+0000] {dagbag.py:545} INFO - Filling up the DagBag from /home/airflow/.local/lib/python3.10/site-packages/airflow/example_dags/example_sla_dag.py
[2025-06-27T00:09:18.120+0000] {logging_mixin.py:188} INFO - [2025-06-27T00:09:18.120+0000] {dagbag.py:337} DEBUG - Importing /home/airflow/.local/lib/python3.10/site-packages/airflow/example_dags/example_sla_dag.py
[2025-06-27T00:09:18.126+0000] {logging_mixin.py:188} INFO - [2025-06-27T00:09:18.125+0000] {GetText.py:65} DEBUG - /home/airflow/.local/lib/python3.10/site-packages/cron_descriptor/locale/en_US.mo Loaded
[2025-06-27T00:09:18.136+0000] {logging_mixin.py:188} INFO - [2025-06-27T00:09:18.134+0000] {dagbag.py:511} DEBUG - Loaded DAG <DAG: example_sla_dag>
[2025-06-27T00:09:18.137+0000] {processor.py:840} INFO - DAG(s) 'example_sla_dag' retrieved from /home/airflow/.local/lib/python3.10/site-packages/airflow/example_dags/example_sla_dag.py
[2025-06-27T00:09:18.140+0000] {logging_mixin.py:188} INFO - [2025-06-27T00:09:18.139+0000] {dagbag.py:667} DEBUG - Running dagbag.sync_to_db with retries. Try 1 of 3
[2025-06-27T00:09:18.141+0000] {logging_mixin.py:188} INFO - [2025-06-27T00:09:18.140+0000] {dagbag.py:672} DEBUG - Calling the DAG.bulk_sync_to_db method
[2025-06-27T00:09:18.164+0000] {logging_mixin.py:188} INFO - [2025-06-27T00:09:18.163+0000] {serialized_dag.py:166} DEBUG - Checking if DAG (example_sla_dag) changed
[2025-06-27T00:09:18.184+0000] {logging_mixin.py:188} INFO - [2025-06-27T00:09:18.183+0000] {serialized_dag.py:177} DEBUG - Serialized DAG (example_sla_dag) is unchanged. Skipping writing to DB
[2025-06-27T00:09:18.185+0000] {logging_mixin.py:188} INFO - [2025-06-27T00:09:18.185+0000] {dag.py:3096} INFO - Sync 1 DAGs
[2025-06-27T00:09:18.237+0000] {logging_mixin.py:188} INFO - [2025-06-27T00:09:18.237+0000] {dag.py:3954} INFO - Setting next_dagrun for example_sla_dag to 2025-06-27 00:06:00+00:00, run_after=2025-06-27 00:08:00+00:00
[2025-06-27T00:09:18.273+0000] {processor.py:183} INFO - Processing /home/airflow/.local/lib/python3.10/site-packages/airflow/example_dags/example_sla_dag.py took 0.173 seconds
[2025-06-27T00:09:48.395+0000] {logging_mixin.py:188} INFO - [2025-06-27T00:09:48.393+0000] {settings.py:250} DEBUG - Setting up DB connection pool (PID 12033)
[2025-06-27T00:09:48.404+0000] {logging_mixin.py:188} INFO - [2025-06-27T00:09:48.404+0000] {settings.py:330} DEBUG - settings.prepare_engine_args(): Using pool settings. pool_size=5, max_overflow=10, pool_recycle=1800, pid=12033
[2025-06-27T00:09:48.419+0000] {processor.py:161} INFO - Started process (PID=12033) to work on /home/airflow/.local/lib/python3.10/site-packages/airflow/example_dags/example_sla_dag.py
[2025-06-27T00:09:48.421+0000] {processor.py:830} INFO - Processing file /home/airflow/.local/lib/python3.10/site-packages/airflow/example_dags/example_sla_dag.py for tasks to queue
[2025-06-27T00:09:48.423+0000] {logging_mixin.py:188} INFO - [2025-06-27T00:09:48.422+0000] {dagbag.py:545} INFO - Filling up the DagBag from /home/airflow/.local/lib/python3.10/site-packages/airflow/example_dags/example_sla_dag.py
[2025-06-27T00:09:48.428+0000] {logging_mixin.py:188} INFO - [2025-06-27T00:09:48.428+0000] {dagbag.py:337} DEBUG - Importing /home/airflow/.local/lib/python3.10/site-packages/airflow/example_dags/example_sla_dag.py
[2025-06-27T00:09:48.436+0000] {logging_mixin.py:188} INFO - [2025-06-27T00:09:48.435+0000] {GetText.py:65} DEBUG - /home/airflow/.local/lib/python3.10/site-packages/cron_descriptor/locale/en_US.mo Loaded
[2025-06-27T00:09:48.453+0000] {logging_mixin.py:188} INFO - [2025-06-27T00:09:48.450+0000] {dagbag.py:511} DEBUG - Loaded DAG <DAG: example_sla_dag>
[2025-06-27T00:09:48.455+0000] {processor.py:840} INFO - DAG(s) 'example_sla_dag' retrieved from /home/airflow/.local/lib/python3.10/site-packages/airflow/example_dags/example_sla_dag.py
[2025-06-27T00:09:48.459+0000] {logging_mixin.py:188} INFO - [2025-06-27T00:09:48.458+0000] {dagbag.py:667} DEBUG - Running dagbag.sync_to_db with retries. Try 1 of 3
[2025-06-27T00:09:48.460+0000] {logging_mixin.py:188} INFO - [2025-06-27T00:09:48.459+0000] {dagbag.py:672} DEBUG - Calling the DAG.bulk_sync_to_db method
[2025-06-27T00:09:48.486+0000] {logging_mixin.py:188} INFO - [2025-06-27T00:09:48.486+0000] {serialized_dag.py:166} DEBUG - Checking if DAG (example_sla_dag) changed
[2025-06-27T00:09:48.500+0000] {logging_mixin.py:188} INFO - [2025-06-27T00:09:48.499+0000] {serialized_dag.py:177} DEBUG - Serialized DAG (example_sla_dag) is unchanged. Skipping writing to DB
[2025-06-27T00:09:48.501+0000] {logging_mixin.py:188} INFO - [2025-06-27T00:09:48.501+0000] {dag.py:3096} INFO - Sync 1 DAGs
[2025-06-27T00:09:48.539+0000] {logging_mixin.py:188} INFO - [2025-06-27T00:09:48.539+0000] {dag.py:3954} INFO - Setting next_dagrun for example_sla_dag to 2025-06-27 00:06:00+00:00, run_after=2025-06-27 00:08:00+00:00
[2025-06-27T00:09:48.574+0000] {processor.py:183} INFO - Processing /home/airflow/.local/lib/python3.10/site-packages/airflow/example_dags/example_sla_dag.py took 0.181 seconds
[2025-06-27T00:10:19.416+0000] {logging_mixin.py:188} INFO - [2025-06-27T00:10:19.414+0000] {settings.py:250} DEBUG - Setting up DB connection pool (PID 12094)
[2025-06-27T00:10:19.418+0000] {logging_mixin.py:188} INFO - [2025-06-27T00:10:19.417+0000] {settings.py:330} DEBUG - settings.prepare_engine_args(): Using pool settings. pool_size=5, max_overflow=10, pool_recycle=1800, pid=12094
[2025-06-27T00:10:19.428+0000] {processor.py:161} INFO - Started process (PID=12094) to work on /home/airflow/.local/lib/python3.10/site-packages/airflow/example_dags/example_sla_dag.py
[2025-06-27T00:10:19.429+0000] {processor.py:830} INFO - Processing file /home/airflow/.local/lib/python3.10/site-packages/airflow/example_dags/example_sla_dag.py for tasks to queue
[2025-06-27T00:10:19.430+0000] {logging_mixin.py:188} INFO - [2025-06-27T00:10:19.430+0000] {dagbag.py:545} INFO - Filling up the DagBag from /home/airflow/.local/lib/python3.10/site-packages/airflow/example_dags/example_sla_dag.py
[2025-06-27T00:10:19.433+0000] {logging_mixin.py:188} INFO - [2025-06-27T00:10:19.432+0000] {dagbag.py:337} DEBUG - Importing /home/airflow/.local/lib/python3.10/site-packages/airflow/example_dags/example_sla_dag.py
[2025-06-27T00:10:19.438+0000] {logging_mixin.py:188} INFO - [2025-06-27T00:10:19.438+0000] {GetText.py:65} DEBUG - /home/airflow/.local/lib/python3.10/site-packages/cron_descriptor/locale/en_US.mo Loaded
[2025-06-27T00:10:19.448+0000] {logging_mixin.py:188} INFO - [2025-06-27T00:10:19.446+0000] {dagbag.py:511} DEBUG - Loaded DAG <DAG: example_sla_dag>
[2025-06-27T00:10:19.449+0000] {processor.py:840} INFO - DAG(s) 'example_sla_dag' retrieved from /home/airflow/.local/lib/python3.10/site-packages/airflow/example_dags/example_sla_dag.py
[2025-06-27T00:10:19.451+0000] {logging_mixin.py:188} INFO - [2025-06-27T00:10:19.451+0000] {dagbag.py:667} DEBUG - Running dagbag.sync_to_db with retries. Try 1 of 3
[2025-06-27T00:10:19.452+0000] {logging_mixin.py:188} INFO - [2025-06-27T00:10:19.452+0000] {dagbag.py:672} DEBUG - Calling the DAG.bulk_sync_to_db method
[2025-06-27T00:10:19.475+0000] {logging_mixin.py:188} INFO - [2025-06-27T00:10:19.475+0000] {serialized_dag.py:166} DEBUG - Checking if DAG (example_sla_dag) changed
[2025-06-27T00:10:19.490+0000] {logging_mixin.py:188} INFO - [2025-06-27T00:10:19.489+0000] {serialized_dag.py:177} DEBUG - Serialized DAG (example_sla_dag) is unchanged. Skipping writing to DB
[2025-06-27T00:10:19.491+0000] {logging_mixin.py:188} INFO - [2025-06-27T00:10:19.491+0000] {dag.py:3096} INFO - Sync 1 DAGs
[2025-06-27T00:10:19.534+0000] {logging_mixin.py:188} INFO - [2025-06-27T00:10:19.533+0000] {dag.py:3954} INFO - Setting next_dagrun for example_sla_dag to 2025-06-27 00:08:00+00:00, run_after=2025-06-27 00:10:00+00:00
[2025-06-27T00:10:19.579+0000] {processor.py:183} INFO - Processing /home/airflow/.local/lib/python3.10/site-packages/airflow/example_dags/example_sla_dag.py took 0.165 seconds
[2025-06-27T00:10:49.810+0000] {logging_mixin.py:188} INFO - [2025-06-27T00:10:49.809+0000] {settings.py:250} DEBUG - Setting up DB connection pool (PID 12157)
[2025-06-27T00:10:49.812+0000] {logging_mixin.py:188} INFO - [2025-06-27T00:10:49.812+0000] {settings.py:330} DEBUG - settings.prepare_engine_args(): Using pool settings. pool_size=5, max_overflow=10, pool_recycle=1800, pid=12157
[2025-06-27T00:10:49.826+0000] {processor.py:161} INFO - Started process (PID=12157) to work on /home/airflow/.local/lib/python3.10/site-packages/airflow/example_dags/example_sla_dag.py
[2025-06-27T00:10:49.827+0000] {processor.py:830} INFO - Processing file /home/airflow/.local/lib/python3.10/site-packages/airflow/example_dags/example_sla_dag.py for tasks to queue
[2025-06-27T00:10:49.829+0000] {logging_mixin.py:188} INFO - [2025-06-27T00:10:49.829+0000] {dagbag.py:545} INFO - Filling up the DagBag from /home/airflow/.local/lib/python3.10/site-packages/airflow/example_dags/example_sla_dag.py
[2025-06-27T00:10:49.832+0000] {logging_mixin.py:188} INFO - [2025-06-27T00:10:49.831+0000] {dagbag.py:337} DEBUG - Importing /home/airflow/.local/lib/python3.10/site-packages/airflow/example_dags/example_sla_dag.py
[2025-06-27T00:10:49.836+0000] {logging_mixin.py:188} INFO - [2025-06-27T00:10:49.836+0000] {GetText.py:65} DEBUG - /home/airflow/.local/lib/python3.10/site-packages/cron_descriptor/locale/en_US.mo Loaded
[2025-06-27T00:10:49.849+0000] {logging_mixin.py:188} INFO - [2025-06-27T00:10:49.847+0000] {dagbag.py:511} DEBUG - Loaded DAG <DAG: example_sla_dag>
[2025-06-27T00:10:49.850+0000] {processor.py:840} INFO - DAG(s) 'example_sla_dag' retrieved from /home/airflow/.local/lib/python3.10/site-packages/airflow/example_dags/example_sla_dag.py
[2025-06-27T00:10:49.853+0000] {logging_mixin.py:188} INFO - [2025-06-27T00:10:49.853+0000] {dagbag.py:667} DEBUG - Running dagbag.sync_to_db with retries. Try 1 of 3
[2025-06-27T00:10:49.854+0000] {logging_mixin.py:188} INFO - [2025-06-27T00:10:49.854+0000] {dagbag.py:672} DEBUG - Calling the DAG.bulk_sync_to_db method
[2025-06-27T00:10:49.877+0000] {logging_mixin.py:188} INFO - [2025-06-27T00:10:49.877+0000] {serialized_dag.py:166} DEBUG - Checking if DAG (example_sla_dag) changed
[2025-06-27T00:10:49.893+0000] {logging_mixin.py:188} INFO - [2025-06-27T00:10:49.893+0000] {serialized_dag.py:177} DEBUG - Serialized DAG (example_sla_dag) is unchanged. Skipping writing to DB
[2025-06-27T00:10:49.894+0000] {logging_mixin.py:188} INFO - [2025-06-27T00:10:49.894+0000] {dag.py:3096} INFO - Sync 1 DAGs
[2025-06-27T00:10:49.938+0000] {logging_mixin.py:188} INFO - [2025-06-27T00:10:49.937+0000] {dag.py:3954} INFO - Setting next_dagrun for example_sla_dag to 2025-06-27 00:08:00+00:00, run_after=2025-06-27 00:10:00+00:00
[2025-06-27T00:10:49.982+0000] {processor.py:183} INFO - Processing /home/airflow/.local/lib/python3.10/site-packages/airflow/example_dags/example_sla_dag.py took 0.173 seconds
[2025-06-27T00:11:20.224+0000] {logging_mixin.py:188} INFO - [2025-06-27T00:11:20.223+0000] {settings.py:250} DEBUG - Setting up DB connection pool (PID 12220)
[2025-06-27T00:11:20.225+0000] {logging_mixin.py:188} INFO - [2025-06-27T00:11:20.225+0000] {settings.py:330} DEBUG - settings.prepare_engine_args(): Using pool settings. pool_size=5, max_overflow=10, pool_recycle=1800, pid=12220
[2025-06-27T00:11:20.234+0000] {processor.py:161} INFO - Started process (PID=12220) to work on /home/airflow/.local/lib/python3.10/site-packages/airflow/example_dags/example_sla_dag.py
[2025-06-27T00:11:20.235+0000] {processor.py:830} INFO - Processing file /home/airflow/.local/lib/python3.10/site-packages/airflow/example_dags/example_sla_dag.py for tasks to queue
[2025-06-27T00:11:20.237+0000] {logging_mixin.py:188} INFO - [2025-06-27T00:11:20.236+0000] {dagbag.py:545} INFO - Filling up the DagBag from /home/airflow/.local/lib/python3.10/site-packages/airflow/example_dags/example_sla_dag.py
[2025-06-27T00:11:20.239+0000] {logging_mixin.py:188} INFO - [2025-06-27T00:11:20.239+0000] {dagbag.py:337} DEBUG - Importing /home/airflow/.local/lib/python3.10/site-packages/airflow/example_dags/example_sla_dag.py
[2025-06-27T00:11:20.244+0000] {logging_mixin.py:188} INFO - [2025-06-27T00:11:20.243+0000] {GetText.py:65} DEBUG - /home/airflow/.local/lib/python3.10/site-packages/cron_descriptor/locale/en_US.mo Loaded
[2025-06-27T00:11:20.252+0000] {logging_mixin.py:188} INFO - [2025-06-27T00:11:20.251+0000] {dagbag.py:511} DEBUG - Loaded DAG <DAG: example_sla_dag>
[2025-06-27T00:11:20.253+0000] {processor.py:840} INFO - DAG(s) 'example_sla_dag' retrieved from /home/airflow/.local/lib/python3.10/site-packages/airflow/example_dags/example_sla_dag.py
[2025-06-27T00:11:20.255+0000] {logging_mixin.py:188} INFO - [2025-06-27T00:11:20.255+0000] {dagbag.py:667} DEBUG - Running dagbag.sync_to_db with retries. Try 1 of 3
[2025-06-27T00:11:20.256+0000] {logging_mixin.py:188} INFO - [2025-06-27T00:11:20.256+0000] {dagbag.py:672} DEBUG - Calling the DAG.bulk_sync_to_db method
[2025-06-27T00:11:20.277+0000] {logging_mixin.py:188} INFO - [2025-06-27T00:11:20.277+0000] {serialized_dag.py:166} DEBUG - Checking if DAG (example_sla_dag) changed
[2025-06-27T00:11:20.296+0000] {logging_mixin.py:188} INFO - [2025-06-27T00:11:20.296+0000] {serialized_dag.py:177} DEBUG - Serialized DAG (example_sla_dag) is unchanged. Skipping writing to DB
[2025-06-27T00:11:20.298+0000] {logging_mixin.py:188} INFO - [2025-06-27T00:11:20.297+0000] {dag.py:3096} INFO - Sync 1 DAGs
[2025-06-27T00:11:20.351+0000] {logging_mixin.py:188} INFO - [2025-06-27T00:11:20.350+0000] {dag.py:3954} INFO - Setting next_dagrun for example_sla_dag to 2025-06-27 00:08:00+00:00, run_after=2025-06-27 00:10:00+00:00
[2025-06-27T00:11:20.386+0000] {processor.py:183} INFO - Processing /home/airflow/.local/lib/python3.10/site-packages/airflow/example_dags/example_sla_dag.py took 0.163 seconds
[2025-06-27T00:11:50.937+0000] {logging_mixin.py:188} INFO - [2025-06-27T00:11:50.935+0000] {settings.py:250} DEBUG - Setting up DB connection pool (PID 12284)
[2025-06-27T00:11:50.940+0000] {logging_mixin.py:188} INFO - [2025-06-27T00:11:50.939+0000] {settings.py:330} DEBUG - settings.prepare_engine_args(): Using pool settings. pool_size=5, max_overflow=10, pool_recycle=1800, pid=12284
[2025-06-27T00:11:50.956+0000] {processor.py:161} INFO - Started process (PID=12284) to work on /home/airflow/.local/lib/python3.10/site-packages/airflow/example_dags/example_sla_dag.py
[2025-06-27T00:11:50.958+0000] {processor.py:830} INFO - Processing file /home/airflow/.local/lib/python3.10/site-packages/airflow/example_dags/example_sla_dag.py for tasks to queue
[2025-06-27T00:11:50.960+0000] {logging_mixin.py:188} INFO - [2025-06-27T00:11:50.959+0000] {dagbag.py:545} INFO - Filling up the DagBag from /home/airflow/.local/lib/python3.10/site-packages/airflow/example_dags/example_sla_dag.py
[2025-06-27T00:11:50.963+0000] {logging_mixin.py:188} INFO - [2025-06-27T00:11:50.963+0000] {dagbag.py:337} DEBUG - Importing /home/airflow/.local/lib/python3.10/site-packages/airflow/example_dags/example_sla_dag.py
[2025-06-27T00:11:50.971+0000] {logging_mixin.py:188} INFO - [2025-06-27T00:11:50.970+0000] {GetText.py:65} DEBUG - /home/airflow/.local/lib/python3.10/site-packages/cron_descriptor/locale/en_US.mo Loaded
[2025-06-27T00:11:50.985+0000] {logging_mixin.py:188} INFO - [2025-06-27T00:11:50.984+0000] {dagbag.py:511} DEBUG - Loaded DAG <DAG: example_sla_dag>
[2025-06-27T00:11:50.986+0000] {processor.py:840} INFO - DAG(s) 'example_sla_dag' retrieved from /home/airflow/.local/lib/python3.10/site-packages/airflow/example_dags/example_sla_dag.py
[2025-06-27T00:11:50.990+0000] {logging_mixin.py:188} INFO - [2025-06-27T00:11:50.989+0000] {dagbag.py:667} DEBUG - Running dagbag.sync_to_db with retries. Try 1 of 3
[2025-06-27T00:11:50.991+0000] {logging_mixin.py:188} INFO - [2025-06-27T00:11:50.991+0000] {dagbag.py:672} DEBUG - Calling the DAG.bulk_sync_to_db method
[2025-06-27T00:11:51.016+0000] {logging_mixin.py:188} INFO - [2025-06-27T00:11:51.015+0000] {serialized_dag.py:166} DEBUG - Checking if DAG (example_sla_dag) changed
[2025-06-27T00:11:51.030+0000] {logging_mixin.py:188} INFO - [2025-06-27T00:11:51.030+0000] {serialized_dag.py:177} DEBUG - Serialized DAG (example_sla_dag) is unchanged. Skipping writing to DB
[2025-06-27T00:11:51.032+0000] {logging_mixin.py:188} INFO - [2025-06-27T00:11:51.031+0000] {dag.py:3096} INFO - Sync 1 DAGs
[2025-06-27T00:11:51.070+0000] {logging_mixin.py:188} INFO - [2025-06-27T00:11:51.070+0000] {dag.py:3954} INFO - Setting next_dagrun for example_sla_dag to 2025-06-27 00:08:00+00:00, run_after=2025-06-27 00:10:00+00:00
[2025-06-27T00:11:51.102+0000] {processor.py:183} INFO - Processing /home/airflow/.local/lib/python3.10/site-packages/airflow/example_dags/example_sla_dag.py took 0.167 seconds
[2025-06-27T00:12:21.350+0000] {logging_mixin.py:188} INFO - [2025-06-27T00:12:21.349+0000] {settings.py:250} DEBUG - Setting up DB connection pool (PID 12347)
[2025-06-27T00:12:21.353+0000] {logging_mixin.py:188} INFO - [2025-06-27T00:12:21.352+0000] {settings.py:330} DEBUG - settings.prepare_engine_args(): Using pool settings. pool_size=5, max_overflow=10, pool_recycle=1800, pid=12347
[2025-06-27T00:12:21.367+0000] {processor.py:161} INFO - Started process (PID=12347) to work on /home/airflow/.local/lib/python3.10/site-packages/airflow/example_dags/example_sla_dag.py
[2025-06-27T00:12:21.369+0000] {processor.py:830} INFO - Processing file /home/airflow/.local/lib/python3.10/site-packages/airflow/example_dags/example_sla_dag.py for tasks to queue
[2025-06-27T00:12:21.370+0000] {logging_mixin.py:188} INFO - [2025-06-27T00:12:21.370+0000] {dagbag.py:545} INFO - Filling up the DagBag from /home/airflow/.local/lib/python3.10/site-packages/airflow/example_dags/example_sla_dag.py
[2025-06-27T00:12:21.372+0000] {logging_mixin.py:188} INFO - [2025-06-27T00:12:21.372+0000] {dagbag.py:337} DEBUG - Importing /home/airflow/.local/lib/python3.10/site-packages/airflow/example_dags/example_sla_dag.py
[2025-06-27T00:12:21.379+0000] {logging_mixin.py:188} INFO - [2025-06-27T00:12:21.379+0000] {GetText.py:65} DEBUG - /home/airflow/.local/lib/python3.10/site-packages/cron_descriptor/locale/en_US.mo Loaded
[2025-06-27T00:12:21.390+0000] {logging_mixin.py:188} INFO - [2025-06-27T00:12:21.389+0000] {dagbag.py:511} DEBUG - Loaded DAG <DAG: example_sla_dag>
[2025-06-27T00:12:21.392+0000] {processor.py:840} INFO - DAG(s) 'example_sla_dag' retrieved from /home/airflow/.local/lib/python3.10/site-packages/airflow/example_dags/example_sla_dag.py
[2025-06-27T00:12:21.395+0000] {logging_mixin.py:188} INFO - [2025-06-27T00:12:21.395+0000] {dagbag.py:667} DEBUG - Running dagbag.sync_to_db with retries. Try 1 of 3
[2025-06-27T00:12:21.396+0000] {logging_mixin.py:188} INFO - [2025-06-27T00:12:21.396+0000] {dagbag.py:672} DEBUG - Calling the DAG.bulk_sync_to_db method
[2025-06-27T00:12:21.425+0000] {logging_mixin.py:188} INFO - [2025-06-27T00:12:21.425+0000] {serialized_dag.py:166} DEBUG - Checking if DAG (example_sla_dag) changed
[2025-06-27T00:12:21.448+0000] {logging_mixin.py:188} INFO - [2025-06-27T00:12:21.447+0000] {serialized_dag.py:177} DEBUG - Serialized DAG (example_sla_dag) is unchanged. Skipping writing to DB
[2025-06-27T00:12:21.449+0000] {logging_mixin.py:188} INFO - [2025-06-27T00:12:21.449+0000] {dag.py:3096} INFO - Sync 1 DAGs
[2025-06-27T00:12:21.488+0000] {logging_mixin.py:188} INFO - [2025-06-27T00:12:21.488+0000] {dag.py:3954} INFO - Setting next_dagrun for example_sla_dag to 2025-06-27 00:10:00+00:00, run_after=2025-06-27 00:12:00+00:00
[2025-06-27T00:12:21.522+0000] {processor.py:183} INFO - Processing /home/airflow/.local/lib/python3.10/site-packages/airflow/example_dags/example_sla_dag.py took 0.173 seconds
[2025-06-27T00:12:52.112+0000] {logging_mixin.py:188} INFO - [2025-06-27T00:12:52.110+0000] {settings.py:250} DEBUG - Setting up DB connection pool (PID 12410)
[2025-06-27T00:12:52.115+0000] {logging_mixin.py:188} INFO - [2025-06-27T00:12:52.114+0000] {settings.py:330} DEBUG - settings.prepare_engine_args(): Using pool settings. pool_size=5, max_overflow=10, pool_recycle=1800, pid=12410
[2025-06-27T00:12:52.127+0000] {processor.py:161} INFO - Started process (PID=12410) to work on /home/airflow/.local/lib/python3.10/site-packages/airflow/example_dags/example_sla_dag.py
[2025-06-27T00:12:52.128+0000] {processor.py:830} INFO - Processing file /home/airflow/.local/lib/python3.10/site-packages/airflow/example_dags/example_sla_dag.py for tasks to queue
[2025-06-27T00:12:52.130+0000] {logging_mixin.py:188} INFO - [2025-06-27T00:12:52.130+0000] {dagbag.py:545} INFO - Filling up the DagBag from /home/airflow/.local/lib/python3.10/site-packages/airflow/example_dags/example_sla_dag.py
[2025-06-27T00:12:52.133+0000] {logging_mixin.py:188} INFO - [2025-06-27T00:12:52.132+0000] {dagbag.py:337} DEBUG - Importing /home/airflow/.local/lib/python3.10/site-packages/airflow/example_dags/example_sla_dag.py
[2025-06-27T00:12:52.138+0000] {logging_mixin.py:188} INFO - [2025-06-27T00:12:52.138+0000] {GetText.py:65} DEBUG - /home/airflow/.local/lib/python3.10/site-packages/cron_descriptor/locale/en_US.mo Loaded
[2025-06-27T00:12:52.148+0000] {logging_mixin.py:188} INFO - [2025-06-27T00:12:52.146+0000] {dagbag.py:511} DEBUG - Loaded DAG <DAG: example_sla_dag>
[2025-06-27T00:12:52.149+0000] {processor.py:840} INFO - DAG(s) 'example_sla_dag' retrieved from /home/airflow/.local/lib/python3.10/site-packages/airflow/example_dags/example_sla_dag.py
[2025-06-27T00:12:52.151+0000] {logging_mixin.py:188} INFO - [2025-06-27T00:12:52.151+0000] {dagbag.py:667} DEBUG - Running dagbag.sync_to_db with retries. Try 1 of 3
[2025-06-27T00:12:52.152+0000] {logging_mixin.py:188} INFO - [2025-06-27T00:12:52.152+0000] {dagbag.py:672} DEBUG - Calling the DAG.bulk_sync_to_db method
[2025-06-27T00:12:52.173+0000] {logging_mixin.py:188} INFO - [2025-06-27T00:12:52.172+0000] {serialized_dag.py:166} DEBUG - Checking if DAG (example_sla_dag) changed
[2025-06-27T00:12:52.184+0000] {logging_mixin.py:188} INFO - [2025-06-27T00:12:52.184+0000] {serialized_dag.py:177} DEBUG - Serialized DAG (example_sla_dag) is unchanged. Skipping writing to DB
[2025-06-27T00:12:52.185+0000] {logging_mixin.py:188} INFO - [2025-06-27T00:12:52.185+0000] {dag.py:3096} INFO - Sync 1 DAGs
[2025-06-27T00:12:52.217+0000] {logging_mixin.py:188} INFO - [2025-06-27T00:12:52.217+0000] {dag.py:3954} INFO - Setting next_dagrun for example_sla_dag to 2025-06-27 00:10:00+00:00, run_after=2025-06-27 00:12:00+00:00
[2025-06-27T00:12:52.249+0000] {processor.py:183} INFO - Processing /home/airflow/.local/lib/python3.10/site-packages/airflow/example_dags/example_sla_dag.py took 0.139 seconds
[2025-06-27T00:13:22.413+0000] {logging_mixin.py:188} INFO - [2025-06-27T00:13:22.411+0000] {settings.py:250} DEBUG - Setting up DB connection pool (PID 12473)
[2025-06-27T00:13:22.415+0000] {logging_mixin.py:188} INFO - [2025-06-27T00:13:22.415+0000] {settings.py:330} DEBUG - settings.prepare_engine_args(): Using pool settings. pool_size=5, max_overflow=10, pool_recycle=1800, pid=12473
[2025-06-27T00:13:22.428+0000] {processor.py:161} INFO - Started process (PID=12473) to work on /home/airflow/.local/lib/python3.10/site-packages/airflow/example_dags/example_sla_dag.py
[2025-06-27T00:13:22.430+0000] {processor.py:830} INFO - Processing file /home/airflow/.local/lib/python3.10/site-packages/airflow/example_dags/example_sla_dag.py for tasks to queue
[2025-06-27T00:13:22.431+0000] {logging_mixin.py:188} INFO - [2025-06-27T00:13:22.431+0000] {dagbag.py:545} INFO - Filling up the DagBag from /home/airflow/.local/lib/python3.10/site-packages/airflow/example_dags/example_sla_dag.py
[2025-06-27T00:13:22.433+0000] {logging_mixin.py:188} INFO - [2025-06-27T00:13:22.433+0000] {dagbag.py:337} DEBUG - Importing /home/airflow/.local/lib/python3.10/site-packages/airflow/example_dags/example_sla_dag.py
[2025-06-27T00:13:22.439+0000] {logging_mixin.py:188} INFO - [2025-06-27T00:13:22.439+0000] {GetText.py:65} DEBUG - /home/airflow/.local/lib/python3.10/site-packages/cron_descriptor/locale/en_US.mo Loaded
[2025-06-27T00:13:22.450+0000] {logging_mixin.py:188} INFO - [2025-06-27T00:13:22.448+0000] {dagbag.py:511} DEBUG - Loaded DAG <DAG: example_sla_dag>
[2025-06-27T00:13:22.451+0000] {processor.py:840} INFO - DAG(s) 'example_sla_dag' retrieved from /home/airflow/.local/lib/python3.10/site-packages/airflow/example_dags/example_sla_dag.py
[2025-06-27T00:13:22.453+0000] {logging_mixin.py:188} INFO - [2025-06-27T00:13:22.452+0000] {dagbag.py:667} DEBUG - Running dagbag.sync_to_db with retries. Try 1 of 3
[2025-06-27T00:13:22.454+0000] {logging_mixin.py:188} INFO - [2025-06-27T00:13:22.453+0000] {dagbag.py:672} DEBUG - Calling the DAG.bulk_sync_to_db method
[2025-06-27T00:13:22.477+0000] {logging_mixin.py:188} INFO - [2025-06-27T00:13:22.477+0000] {serialized_dag.py:166} DEBUG - Checking if DAG (example_sla_dag) changed
[2025-06-27T00:13:22.492+0000] {logging_mixin.py:188} INFO - [2025-06-27T00:13:22.491+0000] {serialized_dag.py:177} DEBUG - Serialized DAG (example_sla_dag) is unchanged. Skipping writing to DB
[2025-06-27T00:13:22.493+0000] {logging_mixin.py:188} INFO - [2025-06-27T00:13:22.493+0000] {dag.py:3096} INFO - Sync 1 DAGs
[2025-06-27T00:13:22.524+0000] {logging_mixin.py:188} INFO - [2025-06-27T00:13:22.524+0000] {dag.py:3954} INFO - Setting next_dagrun for example_sla_dag to 2025-06-27 00:10:00+00:00, run_after=2025-06-27 00:12:00+00:00
[2025-06-27T00:13:22.553+0000] {processor.py:183} INFO - Processing /home/airflow/.local/lib/python3.10/site-packages/airflow/example_dags/example_sla_dag.py took 0.142 seconds
[2025-06-27T00:13:52.749+0000] {logging_mixin.py:188} INFO - [2025-06-27T00:13:52.747+0000] {settings.py:250} DEBUG - Setting up DB connection pool (PID 12536)
[2025-06-27T00:13:52.751+0000] {logging_mixin.py:188} INFO - [2025-06-27T00:13:52.750+0000] {settings.py:330} DEBUG - settings.prepare_engine_args(): Using pool settings. pool_size=5, max_overflow=10, pool_recycle=1800, pid=12536
[2025-06-27T00:13:52.766+0000] {processor.py:161} INFO - Started process (PID=12536) to work on /home/airflow/.local/lib/python3.10/site-packages/airflow/example_dags/example_sla_dag.py
[2025-06-27T00:13:52.767+0000] {processor.py:830} INFO - Processing file /home/airflow/.local/lib/python3.10/site-packages/airflow/example_dags/example_sla_dag.py for tasks to queue
[2025-06-27T00:13:52.769+0000] {logging_mixin.py:188} INFO - [2025-06-27T00:13:52.769+0000] {dagbag.py:545} INFO - Filling up the DagBag from /home/airflow/.local/lib/python3.10/site-packages/airflow/example_dags/example_sla_dag.py
[2025-06-27T00:13:52.772+0000] {logging_mixin.py:188} INFO - [2025-06-27T00:13:52.771+0000] {dagbag.py:337} DEBUG - Importing /home/airflow/.local/lib/python3.10/site-packages/airflow/example_dags/example_sla_dag.py
[2025-06-27T00:13:52.778+0000] {logging_mixin.py:188} INFO - [2025-06-27T00:13:52.777+0000] {GetText.py:65} DEBUG - /home/airflow/.local/lib/python3.10/site-packages/cron_descriptor/locale/en_US.mo Loaded
[2025-06-27T00:13:52.791+0000] {logging_mixin.py:188} INFO - [2025-06-27T00:13:52.789+0000] {dagbag.py:511} DEBUG - Loaded DAG <DAG: example_sla_dag>
[2025-06-27T00:13:52.793+0000] {processor.py:840} INFO - DAG(s) 'example_sla_dag' retrieved from /home/airflow/.local/lib/python3.10/site-packages/airflow/example_dags/example_sla_dag.py
[2025-06-27T00:13:52.796+0000] {logging_mixin.py:188} INFO - [2025-06-27T00:13:52.795+0000] {dagbag.py:667} DEBUG - Running dagbag.sync_to_db with retries. Try 1 of 3
[2025-06-27T00:13:52.797+0000] {logging_mixin.py:188} INFO - [2025-06-27T00:13:52.797+0000] {dagbag.py:672} DEBUG - Calling the DAG.bulk_sync_to_db method
[2025-06-27T00:13:52.825+0000] {logging_mixin.py:188} INFO - [2025-06-27T00:13:52.824+0000] {serialized_dag.py:166} DEBUG - Checking if DAG (example_sla_dag) changed
[2025-06-27T00:13:52.845+0000] {logging_mixin.py:188} INFO - [2025-06-27T00:13:52.845+0000] {serialized_dag.py:177} DEBUG - Serialized DAG (example_sla_dag) is unchanged. Skipping writing to DB
[2025-06-27T00:13:52.847+0000] {logging_mixin.py:188} INFO - [2025-06-27T00:13:52.847+0000] {dag.py:3096} INFO - Sync 1 DAGs
[2025-06-27T00:13:52.887+0000] {logging_mixin.py:188} INFO - [2025-06-27T00:13:52.886+0000] {dag.py:3954} INFO - Setting next_dagrun for example_sla_dag to 2025-06-27 00:10:00+00:00, run_after=2025-06-27 00:12:00+00:00
[2025-06-27T00:13:52.917+0000] {processor.py:183} INFO - Processing /home/airflow/.local/lib/python3.10/site-packages/airflow/example_dags/example_sla_dag.py took 0.171 seconds
[2025-06-27T00:14:23.127+0000] {logging_mixin.py:188} INFO - [2025-06-27T00:14:23.126+0000] {settings.py:250} DEBUG - Setting up DB connection pool (PID 12598)
[2025-06-27T00:14:23.129+0000] {logging_mixin.py:188} INFO - [2025-06-27T00:14:23.129+0000] {settings.py:330} DEBUG - settings.prepare_engine_args(): Using pool settings. pool_size=5, max_overflow=10, pool_recycle=1800, pid=12598
[2025-06-27T00:14:23.146+0000] {processor.py:161} INFO - Started process (PID=12598) to work on /home/airflow/.local/lib/python3.10/site-packages/airflow/example_dags/example_sla_dag.py
[2025-06-27T00:14:23.148+0000] {processor.py:830} INFO - Processing file /home/airflow/.local/lib/python3.10/site-packages/airflow/example_dags/example_sla_dag.py for tasks to queue
[2025-06-27T00:14:23.149+0000] {logging_mixin.py:188} INFO - [2025-06-27T00:14:23.149+0000] {dagbag.py:545} INFO - Filling up the DagBag from /home/airflow/.local/lib/python3.10/site-packages/airflow/example_dags/example_sla_dag.py
[2025-06-27T00:14:23.153+0000] {logging_mixin.py:188} INFO - [2025-06-27T00:14:23.152+0000] {dagbag.py:337} DEBUG - Importing /home/airflow/.local/lib/python3.10/site-packages/airflow/example_dags/example_sla_dag.py
[2025-06-27T00:14:23.163+0000] {logging_mixin.py:188} INFO - [2025-06-27T00:14:23.162+0000] {GetText.py:65} DEBUG - /home/airflow/.local/lib/python3.10/site-packages/cron_descriptor/locale/en_US.mo Loaded
[2025-06-27T00:14:23.179+0000] {logging_mixin.py:188} INFO - [2025-06-27T00:14:23.176+0000] {dagbag.py:511} DEBUG - Loaded DAG <DAG: example_sla_dag>
[2025-06-27T00:14:23.181+0000] {processor.py:840} INFO - DAG(s) 'example_sla_dag' retrieved from /home/airflow/.local/lib/python3.10/site-packages/airflow/example_dags/example_sla_dag.py
[2025-06-27T00:14:23.185+0000] {logging_mixin.py:188} INFO - [2025-06-27T00:14:23.184+0000] {dagbag.py:667} DEBUG - Running dagbag.sync_to_db with retries. Try 1 of 3
[2025-06-27T00:14:23.186+0000] {logging_mixin.py:188} INFO - [2025-06-27T00:14:23.186+0000] {dagbag.py:672} DEBUG - Calling the DAG.bulk_sync_to_db method
[2025-06-27T00:14:23.227+0000] {logging_mixin.py:188} INFO - [2025-06-27T00:14:23.227+0000] {serialized_dag.py:166} DEBUG - Checking if DAG (example_sla_dag) changed
[2025-06-27T00:14:23.250+0000] {logging_mixin.py:188} INFO - [2025-06-27T00:14:23.250+0000] {serialized_dag.py:177} DEBUG - Serialized DAG (example_sla_dag) is unchanged. Skipping writing to DB
[2025-06-27T00:14:23.252+0000] {logging_mixin.py:188} INFO - [2025-06-27T00:14:23.251+0000] {dag.py:3096} INFO - Sync 1 DAGs
[2025-06-27T00:14:23.303+0000] {logging_mixin.py:188} INFO - [2025-06-27T00:14:23.302+0000] {dag.py:3954} INFO - Setting next_dagrun for example_sla_dag to 2025-06-27 00:12:00+00:00, run_after=2025-06-27 00:14:00+00:00
[2025-06-27T00:14:23.341+0000] {processor.py:183} INFO - Processing /home/airflow/.local/lib/python3.10/site-packages/airflow/example_dags/example_sla_dag.py took 0.215 seconds
[2025-06-27T00:14:53.611+0000] {logging_mixin.py:188} INFO - [2025-06-27T00:14:53.609+0000] {settings.py:250} DEBUG - Setting up DB connection pool (PID 12660)
[2025-06-27T00:14:53.612+0000] {logging_mixin.py:188} INFO - [2025-06-27T00:14:53.612+0000] {settings.py:330} DEBUG - settings.prepare_engine_args(): Using pool settings. pool_size=5, max_overflow=10, pool_recycle=1800, pid=12660
[2025-06-27T00:14:53.623+0000] {processor.py:161} INFO - Started process (PID=12660) to work on /home/airflow/.local/lib/python3.10/site-packages/airflow/example_dags/example_sla_dag.py
[2025-06-27T00:14:53.625+0000] {processor.py:830} INFO - Processing file /home/airflow/.local/lib/python3.10/site-packages/airflow/example_dags/example_sla_dag.py for tasks to queue
[2025-06-27T00:14:53.627+0000] {logging_mixin.py:188} INFO - [2025-06-27T00:14:53.627+0000] {dagbag.py:545} INFO - Filling up the DagBag from /home/airflow/.local/lib/python3.10/site-packages/airflow/example_dags/example_sla_dag.py
[2025-06-27T00:14:53.630+0000] {logging_mixin.py:188} INFO - [2025-06-27T00:14:53.630+0000] {dagbag.py:337} DEBUG - Importing /home/airflow/.local/lib/python3.10/site-packages/airflow/example_dags/example_sla_dag.py
[2025-06-27T00:14:53.636+0000] {logging_mixin.py:188} INFO - [2025-06-27T00:14:53.635+0000] {GetText.py:65} DEBUG - /home/airflow/.local/lib/python3.10/site-packages/cron_descriptor/locale/en_US.mo Loaded
[2025-06-27T00:14:53.646+0000] {logging_mixin.py:188} INFO - [2025-06-27T00:14:53.644+0000] {dagbag.py:511} DEBUG - Loaded DAG <DAG: example_sla_dag>
[2025-06-27T00:14:53.647+0000] {processor.py:840} INFO - DAG(s) 'example_sla_dag' retrieved from /home/airflow/.local/lib/python3.10/site-packages/airflow/example_dags/example_sla_dag.py
[2025-06-27T00:14:53.650+0000] {logging_mixin.py:188} INFO - [2025-06-27T00:14:53.649+0000] {dagbag.py:667} DEBUG - Running dagbag.sync_to_db with retries. Try 1 of 3
[2025-06-27T00:14:53.651+0000] {logging_mixin.py:188} INFO - [2025-06-27T00:14:53.650+0000] {dagbag.py:672} DEBUG - Calling the DAG.bulk_sync_to_db method
[2025-06-27T00:14:53.671+0000] {logging_mixin.py:188} INFO - [2025-06-27T00:14:53.671+0000] {serialized_dag.py:166} DEBUG - Checking if DAG (example_sla_dag) changed
[2025-06-27T00:14:53.684+0000] {logging_mixin.py:188} INFO - [2025-06-27T00:14:53.684+0000] {serialized_dag.py:177} DEBUG - Serialized DAG (example_sla_dag) is unchanged. Skipping writing to DB
[2025-06-27T00:14:53.686+0000] {logging_mixin.py:188} INFO - [2025-06-27T00:14:53.685+0000] {dag.py:3096} INFO - Sync 1 DAGs
[2025-06-27T00:14:53.728+0000] {logging_mixin.py:188} INFO - [2025-06-27T00:14:53.727+0000] {dag.py:3954} INFO - Setting next_dagrun for example_sla_dag to 2025-06-27 00:12:00+00:00, run_after=2025-06-27 00:14:00+00:00
[2025-06-27T00:14:53.761+0000] {processor.py:183} INFO - Processing /home/airflow/.local/lib/python3.10/site-packages/airflow/example_dags/example_sla_dag.py took 0.151 seconds
[2025-06-27T00:15:24.080+0000] {logging_mixin.py:188} INFO - [2025-06-27T00:15:24.078+0000] {settings.py:250} DEBUG - Setting up DB connection pool (PID 12724)
[2025-06-27T00:15:24.082+0000] {logging_mixin.py:188} INFO - [2025-06-27T00:15:24.082+0000] {settings.py:330} DEBUG - settings.prepare_engine_args(): Using pool settings. pool_size=5, max_overflow=10, pool_recycle=1800, pid=12724
[2025-06-27T00:15:24.097+0000] {processor.py:161} INFO - Started process (PID=12724) to work on /home/airflow/.local/lib/python3.10/site-packages/airflow/example_dags/example_sla_dag.py
[2025-06-27T00:15:24.098+0000] {processor.py:830} INFO - Processing file /home/airflow/.local/lib/python3.10/site-packages/airflow/example_dags/example_sla_dag.py for tasks to queue
[2025-06-27T00:15:24.100+0000] {logging_mixin.py:188} INFO - [2025-06-27T00:15:24.099+0000] {dagbag.py:545} INFO - Filling up the DagBag from /home/airflow/.local/lib/python3.10/site-packages/airflow/example_dags/example_sla_dag.py
[2025-06-27T00:15:24.103+0000] {logging_mixin.py:188} INFO - [2025-06-27T00:15:24.103+0000] {dagbag.py:337} DEBUG - Importing /home/airflow/.local/lib/python3.10/site-packages/airflow/example_dags/example_sla_dag.py
[2025-06-27T00:15:24.110+0000] {logging_mixin.py:188} INFO - [2025-06-27T00:15:24.110+0000] {GetText.py:65} DEBUG - /home/airflow/.local/lib/python3.10/site-packages/cron_descriptor/locale/en_US.mo Loaded
[2025-06-27T00:15:24.126+0000] {logging_mixin.py:188} INFO - [2025-06-27T00:15:24.123+0000] {dagbag.py:511} DEBUG - Loaded DAG <DAG: example_sla_dag>
[2025-06-27T00:15:24.128+0000] {processor.py:840} INFO - DAG(s) 'example_sla_dag' retrieved from /home/airflow/.local/lib/python3.10/site-packages/airflow/example_dags/example_sla_dag.py
[2025-06-27T00:15:24.133+0000] {logging_mixin.py:188} INFO - [2025-06-27T00:15:24.133+0000] {dagbag.py:667} DEBUG - Running dagbag.sync_to_db with retries. Try 1 of 3
[2025-06-27T00:15:24.135+0000] {logging_mixin.py:188} INFO - [2025-06-27T00:15:24.134+0000] {dagbag.py:672} DEBUG - Calling the DAG.bulk_sync_to_db method
[2025-06-27T00:15:24.167+0000] {logging_mixin.py:188} INFO - [2025-06-27T00:15:24.167+0000] {serialized_dag.py:166} DEBUG - Checking if DAG (example_sla_dag) changed
[2025-06-27T00:15:24.190+0000] {logging_mixin.py:188} INFO - [2025-06-27T00:15:24.190+0000] {serialized_dag.py:177} DEBUG - Serialized DAG (example_sla_dag) is unchanged. Skipping writing to DB
[2025-06-27T00:15:24.192+0000] {logging_mixin.py:188} INFO - [2025-06-27T00:15:24.192+0000] {dag.py:3096} INFO - Sync 1 DAGs
[2025-06-27T00:15:24.242+0000] {logging_mixin.py:188} INFO - [2025-06-27T00:15:24.241+0000] {dag.py:3954} INFO - Setting next_dagrun for example_sla_dag to 2025-06-27 00:12:00+00:00, run_after=2025-06-27 00:14:00+00:00
[2025-06-27T00:15:24.295+0000] {processor.py:183} INFO - Processing /home/airflow/.local/lib/python3.10/site-packages/airflow/example_dags/example_sla_dag.py took 0.217 seconds
[2025-06-27T00:15:55.047+0000] {logging_mixin.py:188} INFO - [2025-06-27T00:15:55.046+0000] {settings.py:250} DEBUG - Setting up DB connection pool (PID 12786)
[2025-06-27T00:15:55.050+0000] {logging_mixin.py:188} INFO - [2025-06-27T00:15:55.049+0000] {settings.py:330} DEBUG - settings.prepare_engine_args(): Using pool settings. pool_size=5, max_overflow=10, pool_recycle=1800, pid=12786
[2025-06-27T00:15:55.060+0000] {processor.py:161} INFO - Started process (PID=12786) to work on /home/airflow/.local/lib/python3.10/site-packages/airflow/example_dags/example_sla_dag.py
[2025-06-27T00:15:55.062+0000] {processor.py:830} INFO - Processing file /home/airflow/.local/lib/python3.10/site-packages/airflow/example_dags/example_sla_dag.py for tasks to queue
[2025-06-27T00:15:55.063+0000] {logging_mixin.py:188} INFO - [2025-06-27T00:15:55.063+0000] {dagbag.py:545} INFO - Filling up the DagBag from /home/airflow/.local/lib/python3.10/site-packages/airflow/example_dags/example_sla_dag.py
[2025-06-27T00:15:55.066+0000] {logging_mixin.py:188} INFO - [2025-06-27T00:15:55.065+0000] {dagbag.py:337} DEBUG - Importing /home/airflow/.local/lib/python3.10/site-packages/airflow/example_dags/example_sla_dag.py
[2025-06-27T00:15:55.072+0000] {logging_mixin.py:188} INFO - [2025-06-27T00:15:55.071+0000] {GetText.py:65} DEBUG - /home/airflow/.local/lib/python3.10/site-packages/cron_descriptor/locale/en_US.mo Loaded
[2025-06-27T00:15:55.083+0000] {logging_mixin.py:188} INFO - [2025-06-27T00:15:55.081+0000] {dagbag.py:511} DEBUG - Loaded DAG <DAG: example_sla_dag>
[2025-06-27T00:15:55.083+0000] {processor.py:840} INFO - DAG(s) 'example_sla_dag' retrieved from /home/airflow/.local/lib/python3.10/site-packages/airflow/example_dags/example_sla_dag.py
[2025-06-27T00:15:55.086+0000] {logging_mixin.py:188} INFO - [2025-06-27T00:15:55.085+0000] {dagbag.py:667} DEBUG - Running dagbag.sync_to_db with retries. Try 1 of 3
[2025-06-27T00:15:55.086+0000] {logging_mixin.py:188} INFO - [2025-06-27T00:15:55.086+0000] {dagbag.py:672} DEBUG - Calling the DAG.bulk_sync_to_db method
[2025-06-27T00:15:55.112+0000] {logging_mixin.py:188} INFO - [2025-06-27T00:15:55.111+0000] {serialized_dag.py:166} DEBUG - Checking if DAG (example_sla_dag) changed
[2025-06-27T00:15:55.127+0000] {logging_mixin.py:188} INFO - [2025-06-27T00:15:55.127+0000] {serialized_dag.py:177} DEBUG - Serialized DAG (example_sla_dag) is unchanged. Skipping writing to DB
[2025-06-27T00:15:55.128+0000] {logging_mixin.py:188} INFO - [2025-06-27T00:15:55.128+0000] {dag.py:3096} INFO - Sync 1 DAGs
[2025-06-27T00:15:55.188+0000] {logging_mixin.py:188} INFO - [2025-06-27T00:15:55.187+0000] {dag.py:3954} INFO - Setting next_dagrun for example_sla_dag to 2025-06-27 00:12:00+00:00, run_after=2025-06-27 00:14:00+00:00
[2025-06-27T00:15:55.246+0000] {processor.py:183} INFO - Processing /home/airflow/.local/lib/python3.10/site-packages/airflow/example_dags/example_sla_dag.py took 0.201 seconds
[2025-06-27T00:16:25.505+0000] {logging_mixin.py:188} INFO - [2025-06-27T00:16:25.503+0000] {settings.py:250} DEBUG - Setting up DB connection pool (PID 12849)
[2025-06-27T00:16:25.507+0000] {logging_mixin.py:188} INFO - [2025-06-27T00:16:25.507+0000] {settings.py:330} DEBUG - settings.prepare_engine_args(): Using pool settings. pool_size=5, max_overflow=10, pool_recycle=1800, pid=12849
[2025-06-27T00:16:25.519+0000] {processor.py:161} INFO - Started process (PID=12849) to work on /home/airflow/.local/lib/python3.10/site-packages/airflow/example_dags/example_sla_dag.py
[2025-06-27T00:16:25.520+0000] {processor.py:830} INFO - Processing file /home/airflow/.local/lib/python3.10/site-packages/airflow/example_dags/example_sla_dag.py for tasks to queue
[2025-06-27T00:16:25.522+0000] {logging_mixin.py:188} INFO - [2025-06-27T00:16:25.522+0000] {dagbag.py:545} INFO - Filling up the DagBag from /home/airflow/.local/lib/python3.10/site-packages/airflow/example_dags/example_sla_dag.py
[2025-06-27T00:16:25.525+0000] {logging_mixin.py:188} INFO - [2025-06-27T00:16:25.524+0000] {dagbag.py:337} DEBUG - Importing /home/airflow/.local/lib/python3.10/site-packages/airflow/example_dags/example_sla_dag.py
[2025-06-27T00:16:25.530+0000] {logging_mixin.py:188} INFO - [2025-06-27T00:16:25.530+0000] {GetText.py:65} DEBUG - /home/airflow/.local/lib/python3.10/site-packages/cron_descriptor/locale/en_US.mo Loaded
[2025-06-27T00:16:25.542+0000] {logging_mixin.py:188} INFO - [2025-06-27T00:16:25.540+0000] {dagbag.py:511} DEBUG - Loaded DAG <DAG: example_sla_dag>
[2025-06-27T00:16:25.542+0000] {processor.py:840} INFO - DAG(s) 'example_sla_dag' retrieved from /home/airflow/.local/lib/python3.10/site-packages/airflow/example_dags/example_sla_dag.py
[2025-06-27T00:16:25.546+0000] {logging_mixin.py:188} INFO - [2025-06-27T00:16:25.546+0000] {dagbag.py:667} DEBUG - Running dagbag.sync_to_db with retries. Try 1 of 3
[2025-06-27T00:16:25.547+0000] {logging_mixin.py:188} INFO - [2025-06-27T00:16:25.547+0000] {dagbag.py:672} DEBUG - Calling the DAG.bulk_sync_to_db method
[2025-06-27T00:16:25.573+0000] {logging_mixin.py:188} INFO - [2025-06-27T00:16:25.572+0000] {serialized_dag.py:166} DEBUG - Checking if DAG (example_sla_dag) changed
[2025-06-27T00:16:25.587+0000] {logging_mixin.py:188} INFO - [2025-06-27T00:16:25.587+0000] {serialized_dag.py:177} DEBUG - Serialized DAG (example_sla_dag) is unchanged. Skipping writing to DB
[2025-06-27T00:16:25.589+0000] {logging_mixin.py:188} INFO - [2025-06-27T00:16:25.588+0000] {dag.py:3096} INFO - Sync 1 DAGs
[2025-06-27T00:16:25.626+0000] {logging_mixin.py:188} INFO - [2025-06-27T00:16:25.626+0000] {dag.py:3954} INFO - Setting next_dagrun for example_sla_dag to 2025-06-27 00:14:00+00:00, run_after=2025-06-27 00:16:00+00:00
[2025-06-27T00:16:25.658+0000] {processor.py:183} INFO - Processing /home/airflow/.local/lib/python3.10/site-packages/airflow/example_dags/example_sla_dag.py took 0.156 seconds
[2025-06-27T00:16:55.828+0000] {logging_mixin.py:188} INFO - [2025-06-27T00:16:55.827+0000] {settings.py:250} DEBUG - Setting up DB connection pool (PID 12913)
[2025-06-27T00:16:55.830+0000] {logging_mixin.py:188} INFO - [2025-06-27T00:16:55.830+0000] {settings.py:330} DEBUG - settings.prepare_engine_args(): Using pool settings. pool_size=5, max_overflow=10, pool_recycle=1800, pid=12913
[2025-06-27T00:16:55.842+0000] {processor.py:161} INFO - Started process (PID=12913) to work on /home/airflow/.local/lib/python3.10/site-packages/airflow/example_dags/example_sla_dag.py
[2025-06-27T00:16:55.844+0000] {processor.py:830} INFO - Processing file /home/airflow/.local/lib/python3.10/site-packages/airflow/example_dags/example_sla_dag.py for tasks to queue
[2025-06-27T00:16:55.845+0000] {logging_mixin.py:188} INFO - [2025-06-27T00:16:55.845+0000] {dagbag.py:545} INFO - Filling up the DagBag from /home/airflow/.local/lib/python3.10/site-packages/airflow/example_dags/example_sla_dag.py
[2025-06-27T00:16:55.848+0000] {logging_mixin.py:188} INFO - [2025-06-27T00:16:55.848+0000] {dagbag.py:337} DEBUG - Importing /home/airflow/.local/lib/python3.10/site-packages/airflow/example_dags/example_sla_dag.py
[2025-06-27T00:16:55.854+0000] {logging_mixin.py:188} INFO - [2025-06-27T00:16:55.854+0000] {GetText.py:65} DEBUG - /home/airflow/.local/lib/python3.10/site-packages/cron_descriptor/locale/en_US.mo Loaded
[2025-06-27T00:16:55.865+0000] {logging_mixin.py:188} INFO - [2025-06-27T00:16:55.864+0000] {dagbag.py:511} DEBUG - Loaded DAG <DAG: example_sla_dag>
[2025-06-27T00:16:55.866+0000] {processor.py:840} INFO - DAG(s) 'example_sla_dag' retrieved from /home/airflow/.local/lib/python3.10/site-packages/airflow/example_dags/example_sla_dag.py
[2025-06-27T00:16:55.869+0000] {logging_mixin.py:188} INFO - [2025-06-27T00:16:55.869+0000] {dagbag.py:667} DEBUG - Running dagbag.sync_to_db with retries. Try 1 of 3
[2025-06-27T00:16:55.870+0000] {logging_mixin.py:188} INFO - [2025-06-27T00:16:55.870+0000] {dagbag.py:672} DEBUG - Calling the DAG.bulk_sync_to_db method
[2025-06-27T00:16:55.894+0000] {logging_mixin.py:188} INFO - [2025-06-27T00:16:55.893+0000] {serialized_dag.py:166} DEBUG - Checking if DAG (example_sla_dag) changed
[2025-06-27T00:16:55.908+0000] {logging_mixin.py:188} INFO - [2025-06-27T00:16:55.907+0000] {serialized_dag.py:177} DEBUG - Serialized DAG (example_sla_dag) is unchanged. Skipping writing to DB
[2025-06-27T00:16:55.909+0000] {logging_mixin.py:188} INFO - [2025-06-27T00:16:55.909+0000] {dag.py:3096} INFO - Sync 1 DAGs
[2025-06-27T00:16:55.943+0000] {logging_mixin.py:188} INFO - [2025-06-27T00:16:55.943+0000] {dag.py:3954} INFO - Setting next_dagrun for example_sla_dag to 2025-06-27 00:14:00+00:00, run_after=2025-06-27 00:16:00+00:00
[2025-06-27T00:16:55.975+0000] {processor.py:183} INFO - Processing /home/airflow/.local/lib/python3.10/site-packages/airflow/example_dags/example_sla_dag.py took 0.148 seconds
[2025-06-27T00:17:26.272+0000] {logging_mixin.py:188} INFO - [2025-06-27T00:17:26.271+0000] {settings.py:250} DEBUG - Setting up DB connection pool (PID 12977)
[2025-06-27T00:17:26.275+0000] {logging_mixin.py:188} INFO - [2025-06-27T00:17:26.275+0000] {settings.py:330} DEBUG - settings.prepare_engine_args(): Using pool settings. pool_size=5, max_overflow=10, pool_recycle=1800, pid=12977
[2025-06-27T00:17:26.287+0000] {processor.py:161} INFO - Started process (PID=12977) to work on /home/airflow/.local/lib/python3.10/site-packages/airflow/example_dags/example_sla_dag.py
[2025-06-27T00:17:26.288+0000] {processor.py:830} INFO - Processing file /home/airflow/.local/lib/python3.10/site-packages/airflow/example_dags/example_sla_dag.py for tasks to queue
[2025-06-27T00:17:26.289+0000] {logging_mixin.py:188} INFO - [2025-06-27T00:17:26.289+0000] {dagbag.py:545} INFO - Filling up the DagBag from /home/airflow/.local/lib/python3.10/site-packages/airflow/example_dags/example_sla_dag.py
[2025-06-27T00:17:26.292+0000] {logging_mixin.py:188} INFO - [2025-06-27T00:17:26.292+0000] {dagbag.py:337} DEBUG - Importing /home/airflow/.local/lib/python3.10/site-packages/airflow/example_dags/example_sla_dag.py
[2025-06-27T00:17:26.298+0000] {logging_mixin.py:188} INFO - [2025-06-27T00:17:26.298+0000] {GetText.py:65} DEBUG - /home/airflow/.local/lib/python3.10/site-packages/cron_descriptor/locale/en_US.mo Loaded
[2025-06-27T00:17:26.307+0000] {logging_mixin.py:188} INFO - [2025-06-27T00:17:26.306+0000] {dagbag.py:511} DEBUG - Loaded DAG <DAG: example_sla_dag>
[2025-06-27T00:17:26.308+0000] {processor.py:840} INFO - DAG(s) 'example_sla_dag' retrieved from /home/airflow/.local/lib/python3.10/site-packages/airflow/example_dags/example_sla_dag.py
[2025-06-27T00:17:26.310+0000] {logging_mixin.py:188} INFO - [2025-06-27T00:17:26.310+0000] {dagbag.py:667} DEBUG - Running dagbag.sync_to_db with retries. Try 1 of 3
[2025-06-27T00:17:26.311+0000] {logging_mixin.py:188} INFO - [2025-06-27T00:17:26.311+0000] {dagbag.py:672} DEBUG - Calling the DAG.bulk_sync_to_db method
[2025-06-27T00:17:26.331+0000] {logging_mixin.py:188} INFO - [2025-06-27T00:17:26.330+0000] {serialized_dag.py:166} DEBUG - Checking if DAG (example_sla_dag) changed
[2025-06-27T00:17:26.346+0000] {logging_mixin.py:188} INFO - [2025-06-27T00:17:26.345+0000] {serialized_dag.py:177} DEBUG - Serialized DAG (example_sla_dag) is unchanged. Skipping writing to DB
[2025-06-27T00:17:26.347+0000] {logging_mixin.py:188} INFO - [2025-06-27T00:17:26.346+0000] {dag.py:3096} INFO - Sync 1 DAGs
[2025-06-27T00:17:26.388+0000] {logging_mixin.py:188} INFO - [2025-06-27T00:17:26.388+0000] {dag.py:3954} INFO - Setting next_dagrun for example_sla_dag to 2025-06-27 00:14:00+00:00, run_after=2025-06-27 00:16:00+00:00
[2025-06-27T00:17:26.419+0000] {processor.py:183} INFO - Processing /home/airflow/.local/lib/python3.10/site-packages/airflow/example_dags/example_sla_dag.py took 0.148 seconds
[2025-06-27T00:17:56.636+0000] {logging_mixin.py:188} INFO - [2025-06-27T00:17:56.635+0000] {settings.py:250} DEBUG - Setting up DB connection pool (PID 13039)
[2025-06-27T00:17:56.638+0000] {logging_mixin.py:188} INFO - [2025-06-27T00:17:56.638+0000] {settings.py:330} DEBUG - settings.prepare_engine_args(): Using pool settings. pool_size=5, max_overflow=10, pool_recycle=1800, pid=13039
[2025-06-27T00:17:56.650+0000] {processor.py:161} INFO - Started process (PID=13039) to work on /home/airflow/.local/lib/python3.10/site-packages/airflow/example_dags/example_sla_dag.py
[2025-06-27T00:17:56.651+0000] {processor.py:830} INFO - Processing file /home/airflow/.local/lib/python3.10/site-packages/airflow/example_dags/example_sla_dag.py for tasks to queue
[2025-06-27T00:17:56.653+0000] {logging_mixin.py:188} INFO - [2025-06-27T00:17:56.653+0000] {dagbag.py:545} INFO - Filling up the DagBag from /home/airflow/.local/lib/python3.10/site-packages/airflow/example_dags/example_sla_dag.py
[2025-06-27T00:17:56.656+0000] {logging_mixin.py:188} INFO - [2025-06-27T00:17:56.655+0000] {dagbag.py:337} DEBUG - Importing /home/airflow/.local/lib/python3.10/site-packages/airflow/example_dags/example_sla_dag.py
[2025-06-27T00:17:56.661+0000] {logging_mixin.py:188} INFO - [2025-06-27T00:17:56.661+0000] {GetText.py:65} DEBUG - /home/airflow/.local/lib/python3.10/site-packages/cron_descriptor/locale/en_US.mo Loaded
[2025-06-27T00:17:56.671+0000] {logging_mixin.py:188} INFO - [2025-06-27T00:17:56.669+0000] {dagbag.py:511} DEBUG - Loaded DAG <DAG: example_sla_dag>
[2025-06-27T00:17:56.672+0000] {processor.py:840} INFO - DAG(s) 'example_sla_dag' retrieved from /home/airflow/.local/lib/python3.10/site-packages/airflow/example_dags/example_sla_dag.py
[2025-06-27T00:17:56.675+0000] {logging_mixin.py:188} INFO - [2025-06-27T00:17:56.674+0000] {dagbag.py:667} DEBUG - Running dagbag.sync_to_db with retries. Try 1 of 3
[2025-06-27T00:17:56.675+0000] {logging_mixin.py:188} INFO - [2025-06-27T00:17:56.675+0000] {dagbag.py:672} DEBUG - Calling the DAG.bulk_sync_to_db method
[2025-06-27T00:17:56.695+0000] {logging_mixin.py:188} INFO - [2025-06-27T00:17:56.695+0000] {serialized_dag.py:166} DEBUG - Checking if DAG (example_sla_dag) changed
[2025-06-27T00:17:56.706+0000] {logging_mixin.py:188} INFO - [2025-06-27T00:17:56.706+0000] {serialized_dag.py:177} DEBUG - Serialized DAG (example_sla_dag) is unchanged. Skipping writing to DB
[2025-06-27T00:17:56.708+0000] {logging_mixin.py:188} INFO - [2025-06-27T00:17:56.707+0000] {dag.py:3096} INFO - Sync 1 DAGs
[2025-06-27T00:17:56.743+0000] {logging_mixin.py:188} INFO - [2025-06-27T00:17:56.743+0000] {dag.py:3954} INFO - Setting next_dagrun for example_sla_dag to 2025-06-27 00:14:00+00:00, run_after=2025-06-27 00:16:00+00:00
[2025-06-27T00:17:56.796+0000] {processor.py:183} INFO - Processing /home/airflow/.local/lib/python3.10/site-packages/airflow/example_dags/example_sla_dag.py took 0.162 seconds
[2025-06-27T00:18:26.932+0000] {logging_mixin.py:188} INFO - [2025-06-27T00:18:26.930+0000] {settings.py:250} DEBUG - Setting up DB connection pool (PID 13102)
[2025-06-27T00:18:26.935+0000] {logging_mixin.py:188} INFO - [2025-06-27T00:18:26.934+0000] {settings.py:330} DEBUG - settings.prepare_engine_args(): Using pool settings. pool_size=5, max_overflow=10, pool_recycle=1800, pid=13102
[2025-06-27T00:18:26.945+0000] {processor.py:161} INFO - Started process (PID=13102) to work on /home/airflow/.local/lib/python3.10/site-packages/airflow/example_dags/example_sla_dag.py
[2025-06-27T00:18:26.946+0000] {processor.py:830} INFO - Processing file /home/airflow/.local/lib/python3.10/site-packages/airflow/example_dags/example_sla_dag.py for tasks to queue
[2025-06-27T00:18:26.948+0000] {logging_mixin.py:188} INFO - [2025-06-27T00:18:26.947+0000] {dagbag.py:545} INFO - Filling up the DagBag from /home/airflow/.local/lib/python3.10/site-packages/airflow/example_dags/example_sla_dag.py
[2025-06-27T00:18:26.951+0000] {logging_mixin.py:188} INFO - [2025-06-27T00:18:26.951+0000] {dagbag.py:337} DEBUG - Importing /home/airflow/.local/lib/python3.10/site-packages/airflow/example_dags/example_sla_dag.py
[2025-06-27T00:18:26.957+0000] {logging_mixin.py:188} INFO - [2025-06-27T00:18:26.957+0000] {GetText.py:65} DEBUG - /home/airflow/.local/lib/python3.10/site-packages/cron_descriptor/locale/en_US.mo Loaded
[2025-06-27T00:18:26.967+0000] {logging_mixin.py:188} INFO - [2025-06-27T00:18:26.966+0000] {dagbag.py:511} DEBUG - Loaded DAG <DAG: example_sla_dag>
[2025-06-27T00:18:26.968+0000] {processor.py:840} INFO - DAG(s) 'example_sla_dag' retrieved from /home/airflow/.local/lib/python3.10/site-packages/airflow/example_dags/example_sla_dag.py
[2025-06-27T00:18:26.971+0000] {logging_mixin.py:188} INFO - [2025-06-27T00:18:26.970+0000] {dagbag.py:667} DEBUG - Running dagbag.sync_to_db with retries. Try 1 of 3
[2025-06-27T00:18:26.971+0000] {logging_mixin.py:188} INFO - [2025-06-27T00:18:26.971+0000] {dagbag.py:672} DEBUG - Calling the DAG.bulk_sync_to_db method
[2025-06-27T00:18:26.994+0000] {logging_mixin.py:188} INFO - [2025-06-27T00:18:26.994+0000] {serialized_dag.py:166} DEBUG - Checking if DAG (example_sla_dag) changed
[2025-06-27T00:18:27.007+0000] {logging_mixin.py:188} INFO - [2025-06-27T00:18:27.007+0000] {serialized_dag.py:177} DEBUG - Serialized DAG (example_sla_dag) is unchanged. Skipping writing to DB
[2025-06-27T00:18:27.009+0000] {logging_mixin.py:188} INFO - [2025-06-27T00:18:27.008+0000] {dag.py:3096} INFO - Sync 1 DAGs
[2025-06-27T00:18:27.046+0000] {logging_mixin.py:188} INFO - [2025-06-27T00:18:27.046+0000] {dag.py:3954} INFO - Setting next_dagrun for example_sla_dag to 2025-06-27 00:16:00+00:00, run_after=2025-06-27 00:18:00+00:00
[2025-06-27T00:18:27.081+0000] {processor.py:183} INFO - Processing /home/airflow/.local/lib/python3.10/site-packages/airflow/example_dags/example_sla_dag.py took 0.151 seconds
[2025-06-27T00:18:57.331+0000] {logging_mixin.py:188} INFO - [2025-06-27T00:18:57.330+0000] {settings.py:250} DEBUG - Setting up DB connection pool (PID 13165)
[2025-06-27T00:18:57.333+0000] {logging_mixin.py:188} INFO - [2025-06-27T00:18:57.333+0000] {settings.py:330} DEBUG - settings.prepare_engine_args(): Using pool settings. pool_size=5, max_overflow=10, pool_recycle=1800, pid=13165
[2025-06-27T00:18:57.345+0000] {processor.py:161} INFO - Started process (PID=13165) to work on /home/airflow/.local/lib/python3.10/site-packages/airflow/example_dags/example_sla_dag.py
[2025-06-27T00:18:57.346+0000] {processor.py:830} INFO - Processing file /home/airflow/.local/lib/python3.10/site-packages/airflow/example_dags/example_sla_dag.py for tasks to queue
[2025-06-27T00:18:57.347+0000] {logging_mixin.py:188} INFO - [2025-06-27T00:18:57.347+0000] {dagbag.py:545} INFO - Filling up the DagBag from /home/airflow/.local/lib/python3.10/site-packages/airflow/example_dags/example_sla_dag.py
[2025-06-27T00:18:57.350+0000] {logging_mixin.py:188} INFO - [2025-06-27T00:18:57.350+0000] {dagbag.py:337} DEBUG - Importing /home/airflow/.local/lib/python3.10/site-packages/airflow/example_dags/example_sla_dag.py
[2025-06-27T00:18:57.358+0000] {logging_mixin.py:188} INFO - [2025-06-27T00:18:57.358+0000] {GetText.py:65} DEBUG - /home/airflow/.local/lib/python3.10/site-packages/cron_descriptor/locale/en_US.mo Loaded
[2025-06-27T00:18:57.369+0000] {logging_mixin.py:188} INFO - [2025-06-27T00:18:57.367+0000] {dagbag.py:511} DEBUG - Loaded DAG <DAG: example_sla_dag>
[2025-06-27T00:18:57.370+0000] {processor.py:840} INFO - DAG(s) 'example_sla_dag' retrieved from /home/airflow/.local/lib/python3.10/site-packages/airflow/example_dags/example_sla_dag.py
[2025-06-27T00:18:57.382+0000] {logging_mixin.py:188} INFO - [2025-06-27T00:18:57.382+0000] {dagbag.py:667} DEBUG - Running dagbag.sync_to_db with retries. Try 1 of 3
[2025-06-27T00:18:57.384+0000] {logging_mixin.py:188} INFO - [2025-06-27T00:18:57.383+0000] {dagbag.py:672} DEBUG - Calling the DAG.bulk_sync_to_db method
[2025-06-27T00:18:57.409+0000] {logging_mixin.py:188} INFO - [2025-06-27T00:18:57.408+0000] {serialized_dag.py:166} DEBUG - Checking if DAG (example_sla_dag) changed
[2025-06-27T00:18:57.438+0000] {logging_mixin.py:188} INFO - [2025-06-27T00:18:57.438+0000] {serialized_dag.py:177} DEBUG - Serialized DAG (example_sla_dag) is unchanged. Skipping writing to DB
[2025-06-27T00:18:57.440+0000] {logging_mixin.py:188} INFO - [2025-06-27T00:18:57.439+0000] {dag.py:3096} INFO - Sync 1 DAGs
[2025-06-27T00:18:57.485+0000] {logging_mixin.py:188} INFO - [2025-06-27T00:18:57.484+0000] {dag.py:3954} INFO - Setting next_dagrun for example_sla_dag to 2025-06-27 00:16:00+00:00, run_after=2025-06-27 00:18:00+00:00
[2025-06-27T00:18:57.521+0000] {processor.py:183} INFO - Processing /home/airflow/.local/lib/python3.10/site-packages/airflow/example_dags/example_sla_dag.py took 0.191 seconds
[2025-06-27T00:19:28.625+0000] {logging_mixin.py:188} INFO - [2025-06-27T00:19:28.623+0000] {settings.py:250} DEBUG - Setting up DB connection pool (PID 13228)
[2025-06-27T00:19:28.626+0000] {logging_mixin.py:188} INFO - [2025-06-27T00:19:28.626+0000] {settings.py:330} DEBUG - settings.prepare_engine_args(): Using pool settings. pool_size=5, max_overflow=10, pool_recycle=1800, pid=13228
[2025-06-27T00:19:28.636+0000] {processor.py:161} INFO - Started process (PID=13228) to work on /home/airflow/.local/lib/python3.10/site-packages/airflow/example_dags/example_sla_dag.py
[2025-06-27T00:19:28.637+0000] {processor.py:830} INFO - Processing file /home/airflow/.local/lib/python3.10/site-packages/airflow/example_dags/example_sla_dag.py for tasks to queue
[2025-06-27T00:19:28.638+0000] {logging_mixin.py:188} INFO - [2025-06-27T00:19:28.638+0000] {dagbag.py:545} INFO - Filling up the DagBag from /home/airflow/.local/lib/python3.10/site-packages/airflow/example_dags/example_sla_dag.py
[2025-06-27T00:19:28.640+0000] {logging_mixin.py:188} INFO - [2025-06-27T00:19:28.640+0000] {dagbag.py:337} DEBUG - Importing /home/airflow/.local/lib/python3.10/site-packages/airflow/example_dags/example_sla_dag.py
[2025-06-27T00:19:28.646+0000] {logging_mixin.py:188} INFO - [2025-06-27T00:19:28.645+0000] {GetText.py:65} DEBUG - /home/airflow/.local/lib/python3.10/site-packages/cron_descriptor/locale/en_US.mo Loaded
[2025-06-27T00:19:28.655+0000] {logging_mixin.py:188} INFO - [2025-06-27T00:19:28.653+0000] {dagbag.py:511} DEBUG - Loaded DAG <DAG: example_sla_dag>
[2025-06-27T00:19:28.656+0000] {processor.py:840} INFO - DAG(s) 'example_sla_dag' retrieved from /home/airflow/.local/lib/python3.10/site-packages/airflow/example_dags/example_sla_dag.py
[2025-06-27T00:19:28.658+0000] {logging_mixin.py:188} INFO - [2025-06-27T00:19:28.658+0000] {dagbag.py:667} DEBUG - Running dagbag.sync_to_db with retries. Try 1 of 3
[2025-06-27T00:19:28.659+0000] {logging_mixin.py:188} INFO - [2025-06-27T00:19:28.659+0000] {dagbag.py:672} DEBUG - Calling the DAG.bulk_sync_to_db method
[2025-06-27T00:19:28.679+0000] {logging_mixin.py:188} INFO - [2025-06-27T00:19:28.679+0000] {serialized_dag.py:166} DEBUG - Checking if DAG (example_sla_dag) changed
[2025-06-27T00:19:28.698+0000] {logging_mixin.py:188} INFO - [2025-06-27T00:19:28.698+0000] {serialized_dag.py:177} DEBUG - Serialized DAG (example_sla_dag) is unchanged. Skipping writing to DB
[2025-06-27T00:19:28.699+0000] {logging_mixin.py:188} INFO - [2025-06-27T00:19:28.699+0000] {dag.py:3096} INFO - Sync 1 DAGs
[2025-06-27T00:19:28.745+0000] {logging_mixin.py:188} INFO - [2025-06-27T00:19:28.745+0000] {dag.py:3954} INFO - Setting next_dagrun for example_sla_dag to 2025-06-27 00:16:00+00:00, run_after=2025-06-27 00:18:00+00:00
[2025-06-27T00:19:28.779+0000] {processor.py:183} INFO - Processing /home/airflow/.local/lib/python3.10/site-packages/airflow/example_dags/example_sla_dag.py took 0.156 seconds
[2025-06-27T00:19:59.101+0000] {logging_mixin.py:188} INFO - [2025-06-27T00:19:59.100+0000] {settings.py:250} DEBUG - Setting up DB connection pool (PID 13289)
[2025-06-27T00:19:59.103+0000] {logging_mixin.py:188} INFO - [2025-06-27T00:19:59.103+0000] {settings.py:330} DEBUG - settings.prepare_engine_args(): Using pool settings. pool_size=5, max_overflow=10, pool_recycle=1800, pid=13289
[2025-06-27T00:19:59.113+0000] {processor.py:161} INFO - Started process (PID=13289) to work on /home/airflow/.local/lib/python3.10/site-packages/airflow/example_dags/example_sla_dag.py
[2025-06-27T00:19:59.114+0000] {processor.py:830} INFO - Processing file /home/airflow/.local/lib/python3.10/site-packages/airflow/example_dags/example_sla_dag.py for tasks to queue
[2025-06-27T00:19:59.116+0000] {logging_mixin.py:188} INFO - [2025-06-27T00:19:59.116+0000] {dagbag.py:545} INFO - Filling up the DagBag from /home/airflow/.local/lib/python3.10/site-packages/airflow/example_dags/example_sla_dag.py
[2025-06-27T00:19:59.118+0000] {logging_mixin.py:188} INFO - [2025-06-27T00:19:59.118+0000] {dagbag.py:337} DEBUG - Importing /home/airflow/.local/lib/python3.10/site-packages/airflow/example_dags/example_sla_dag.py
[2025-06-27T00:19:59.124+0000] {logging_mixin.py:188} INFO - [2025-06-27T00:19:59.124+0000] {GetText.py:65} DEBUG - /home/airflow/.local/lib/python3.10/site-packages/cron_descriptor/locale/en_US.mo Loaded
[2025-06-27T00:19:59.135+0000] {logging_mixin.py:188} INFO - [2025-06-27T00:19:59.133+0000] {dagbag.py:511} DEBUG - Loaded DAG <DAG: example_sla_dag>
[2025-06-27T00:19:59.136+0000] {processor.py:840} INFO - DAG(s) 'example_sla_dag' retrieved from /home/airflow/.local/lib/python3.10/site-packages/airflow/example_dags/example_sla_dag.py
[2025-06-27T00:19:59.138+0000] {logging_mixin.py:188} INFO - [2025-06-27T00:19:59.138+0000] {dagbag.py:667} DEBUG - Running dagbag.sync_to_db with retries. Try 1 of 3
[2025-06-27T00:19:59.139+0000] {logging_mixin.py:188} INFO - [2025-06-27T00:19:59.139+0000] {dagbag.py:672} DEBUG - Calling the DAG.bulk_sync_to_db method
[2025-06-27T00:19:59.163+0000] {logging_mixin.py:188} INFO - [2025-06-27T00:19:59.162+0000] {serialized_dag.py:166} DEBUG - Checking if DAG (example_sla_dag) changed
[2025-06-27T00:19:59.177+0000] {logging_mixin.py:188} INFO - [2025-06-27T00:19:59.177+0000] {serialized_dag.py:177} DEBUG - Serialized DAG (example_sla_dag) is unchanged. Skipping writing to DB
[2025-06-27T00:19:59.179+0000] {logging_mixin.py:188} INFO - [2025-06-27T00:19:59.179+0000] {dag.py:3096} INFO - Sync 1 DAGs
[2025-06-27T00:19:59.217+0000] {logging_mixin.py:188} INFO - [2025-06-27T00:19:59.216+0000] {dag.py:3954} INFO - Setting next_dagrun for example_sla_dag to 2025-06-27 00:16:00+00:00, run_after=2025-06-27 00:18:00+00:00
[2025-06-27T00:19:59.249+0000] {processor.py:183} INFO - Processing /home/airflow/.local/lib/python3.10/site-packages/airflow/example_dags/example_sla_dag.py took 0.150 seconds
[2025-06-27T00:20:29.431+0000] {logging_mixin.py:188} INFO - [2025-06-27T00:20:29.430+0000] {settings.py:250} DEBUG - Setting up DB connection pool (PID 13352)
[2025-06-27T00:20:29.433+0000] {logging_mixin.py:188} INFO - [2025-06-27T00:20:29.432+0000] {settings.py:330} DEBUG - settings.prepare_engine_args(): Using pool settings. pool_size=5, max_overflow=10, pool_recycle=1800, pid=13352
[2025-06-27T00:20:29.444+0000] {processor.py:161} INFO - Started process (PID=13352) to work on /home/airflow/.local/lib/python3.10/site-packages/airflow/example_dags/example_sla_dag.py
[2025-06-27T00:20:29.446+0000] {processor.py:830} INFO - Processing file /home/airflow/.local/lib/python3.10/site-packages/airflow/example_dags/example_sla_dag.py for tasks to queue
[2025-06-27T00:20:29.448+0000] {logging_mixin.py:188} INFO - [2025-06-27T00:20:29.447+0000] {dagbag.py:545} INFO - Filling up the DagBag from /home/airflow/.local/lib/python3.10/site-packages/airflow/example_dags/example_sla_dag.py
[2025-06-27T00:20:29.450+0000] {logging_mixin.py:188} INFO - [2025-06-27T00:20:29.450+0000] {dagbag.py:337} DEBUG - Importing /home/airflow/.local/lib/python3.10/site-packages/airflow/example_dags/example_sla_dag.py
[2025-06-27T00:20:29.457+0000] {logging_mixin.py:188} INFO - [2025-06-27T00:20:29.456+0000] {GetText.py:65} DEBUG - /home/airflow/.local/lib/python3.10/site-packages/cron_descriptor/locale/en_US.mo Loaded
[2025-06-27T00:20:29.468+0000] {logging_mixin.py:188} INFO - [2025-06-27T00:20:29.465+0000] {dagbag.py:511} DEBUG - Loaded DAG <DAG: example_sla_dag>
[2025-06-27T00:20:29.469+0000] {processor.py:840} INFO - DAG(s) 'example_sla_dag' retrieved from /home/airflow/.local/lib/python3.10/site-packages/airflow/example_dags/example_sla_dag.py
[2025-06-27T00:20:29.471+0000] {logging_mixin.py:188} INFO - [2025-06-27T00:20:29.471+0000] {dagbag.py:667} DEBUG - Running dagbag.sync_to_db with retries. Try 1 of 3
[2025-06-27T00:20:29.472+0000] {logging_mixin.py:188} INFO - [2025-06-27T00:20:29.471+0000] {dagbag.py:672} DEBUG - Calling the DAG.bulk_sync_to_db method
[2025-06-27T00:20:29.495+0000] {logging_mixin.py:188} INFO - [2025-06-27T00:20:29.495+0000] {serialized_dag.py:166} DEBUG - Checking if DAG (example_sla_dag) changed
[2025-06-27T00:20:29.509+0000] {logging_mixin.py:188} INFO - [2025-06-27T00:20:29.509+0000] {serialized_dag.py:177} DEBUG - Serialized DAG (example_sla_dag) is unchanged. Skipping writing to DB
[2025-06-27T00:20:29.511+0000] {logging_mixin.py:188} INFO - [2025-06-27T00:20:29.510+0000] {dag.py:3096} INFO - Sync 1 DAGs
[2025-06-27T00:20:29.553+0000] {logging_mixin.py:188} INFO - [2025-06-27T00:20:29.552+0000] {dag.py:3954} INFO - Setting next_dagrun for example_sla_dag to 2025-06-27 00:18:00+00:00, run_after=2025-06-27 00:20:00+00:00
[2025-06-27T00:20:29.586+0000] {processor.py:183} INFO - Processing /home/airflow/.local/lib/python3.10/site-packages/airflow/example_dags/example_sla_dag.py took 0.156 seconds
[2025-06-27T00:20:59.814+0000] {logging_mixin.py:188} INFO - [2025-06-27T00:20:59.813+0000] {settings.py:250} DEBUG - Setting up DB connection pool (PID 13416)
[2025-06-27T00:20:59.816+0000] {logging_mixin.py:188} INFO - [2025-06-27T00:20:59.816+0000] {settings.py:330} DEBUG - settings.prepare_engine_args(): Using pool settings. pool_size=5, max_overflow=10, pool_recycle=1800, pid=13416
[2025-06-27T00:20:59.828+0000] {processor.py:161} INFO - Started process (PID=13416) to work on /home/airflow/.local/lib/python3.10/site-packages/airflow/example_dags/example_sla_dag.py
[2025-06-27T00:20:59.830+0000] {processor.py:830} INFO - Processing file /home/airflow/.local/lib/python3.10/site-packages/airflow/example_dags/example_sla_dag.py for tasks to queue
[2025-06-27T00:20:59.832+0000] {logging_mixin.py:188} INFO - [2025-06-27T00:20:59.831+0000] {dagbag.py:545} INFO - Filling up the DagBag from /home/airflow/.local/lib/python3.10/site-packages/airflow/example_dags/example_sla_dag.py
[2025-06-27T00:20:59.834+0000] {logging_mixin.py:188} INFO - [2025-06-27T00:20:59.834+0000] {dagbag.py:337} DEBUG - Importing /home/airflow/.local/lib/python3.10/site-packages/airflow/example_dags/example_sla_dag.py
[2025-06-27T00:20:59.840+0000] {logging_mixin.py:188} INFO - [2025-06-27T00:20:59.839+0000] {GetText.py:65} DEBUG - /home/airflow/.local/lib/python3.10/site-packages/cron_descriptor/locale/en_US.mo Loaded
[2025-06-27T00:20:59.848+0000] {logging_mixin.py:188} INFO - [2025-06-27T00:20:59.847+0000] {dagbag.py:511} DEBUG - Loaded DAG <DAG: example_sla_dag>
[2025-06-27T00:20:59.849+0000] {processor.py:840} INFO - DAG(s) 'example_sla_dag' retrieved from /home/airflow/.local/lib/python3.10/site-packages/airflow/example_dags/example_sla_dag.py
[2025-06-27T00:20:59.851+0000] {logging_mixin.py:188} INFO - [2025-06-27T00:20:59.851+0000] {dagbag.py:667} DEBUG - Running dagbag.sync_to_db with retries. Try 1 of 3
[2025-06-27T00:20:59.852+0000] {logging_mixin.py:188} INFO - [2025-06-27T00:20:59.852+0000] {dagbag.py:672} DEBUG - Calling the DAG.bulk_sync_to_db method
[2025-06-27T00:20:59.873+0000] {logging_mixin.py:188} INFO - [2025-06-27T00:20:59.872+0000] {serialized_dag.py:166} DEBUG - Checking if DAG (example_sla_dag) changed
[2025-06-27T00:20:59.884+0000] {logging_mixin.py:188} INFO - [2025-06-27T00:20:59.884+0000] {serialized_dag.py:177} DEBUG - Serialized DAG (example_sla_dag) is unchanged. Skipping writing to DB
[2025-06-27T00:20:59.885+0000] {logging_mixin.py:188} INFO - [2025-06-27T00:20:59.885+0000] {dag.py:3096} INFO - Sync 1 DAGs
[2025-06-27T00:20:59.918+0000] {logging_mixin.py:188} INFO - [2025-06-27T00:20:59.918+0000] {dag.py:3954} INFO - Setting next_dagrun for example_sla_dag to 2025-06-27 00:18:00+00:00, run_after=2025-06-27 00:20:00+00:00
[2025-06-27T00:20:59.950+0000] {processor.py:183} INFO - Processing /home/airflow/.local/lib/python3.10/site-packages/airflow/example_dags/example_sla_dag.py took 0.137 seconds
[2025-06-27T00:21:30.142+0000] {logging_mixin.py:188} INFO - [2025-06-27T00:21:30.140+0000] {settings.py:250} DEBUG - Setting up DB connection pool (PID 13479)
[2025-06-27T00:21:30.144+0000] {logging_mixin.py:188} INFO - [2025-06-27T00:21:30.144+0000] {settings.py:330} DEBUG - settings.prepare_engine_args(): Using pool settings. pool_size=5, max_overflow=10, pool_recycle=1800, pid=13479
[2025-06-27T00:21:30.159+0000] {processor.py:161} INFO - Started process (PID=13479) to work on /home/airflow/.local/lib/python3.10/site-packages/airflow/example_dags/example_sla_dag.py
[2025-06-27T00:21:30.161+0000] {processor.py:830} INFO - Processing file /home/airflow/.local/lib/python3.10/site-packages/airflow/example_dags/example_sla_dag.py for tasks to queue
[2025-06-27T00:21:30.163+0000] {logging_mixin.py:188} INFO - [2025-06-27T00:21:30.162+0000] {dagbag.py:545} INFO - Filling up the DagBag from /home/airflow/.local/lib/python3.10/site-packages/airflow/example_dags/example_sla_dag.py
[2025-06-27T00:21:30.165+0000] {logging_mixin.py:188} INFO - [2025-06-27T00:21:30.165+0000] {dagbag.py:337} DEBUG - Importing /home/airflow/.local/lib/python3.10/site-packages/airflow/example_dags/example_sla_dag.py
[2025-06-27T00:21:30.170+0000] {logging_mixin.py:188} INFO - [2025-06-27T00:21:30.170+0000] {GetText.py:65} DEBUG - /home/airflow/.local/lib/python3.10/site-packages/cron_descriptor/locale/en_US.mo Loaded
[2025-06-27T00:21:30.180+0000] {logging_mixin.py:188} INFO - [2025-06-27T00:21:30.178+0000] {dagbag.py:511} DEBUG - Loaded DAG <DAG: example_sla_dag>
[2025-06-27T00:21:30.181+0000] {processor.py:840} INFO - DAG(s) 'example_sla_dag' retrieved from /home/airflow/.local/lib/python3.10/site-packages/airflow/example_dags/example_sla_dag.py
[2025-06-27T00:21:30.183+0000] {logging_mixin.py:188} INFO - [2025-06-27T00:21:30.183+0000] {dagbag.py:667} DEBUG - Running dagbag.sync_to_db with retries. Try 1 of 3
[2025-06-27T00:21:30.184+0000] {logging_mixin.py:188} INFO - [2025-06-27T00:21:30.184+0000] {dagbag.py:672} DEBUG - Calling the DAG.bulk_sync_to_db method
[2025-06-27T00:21:30.209+0000] {logging_mixin.py:188} INFO - [2025-06-27T00:21:30.208+0000] {serialized_dag.py:166} DEBUG - Checking if DAG (example_sla_dag) changed
[2025-06-27T00:21:30.229+0000] {logging_mixin.py:188} INFO - [2025-06-27T00:21:30.228+0000] {serialized_dag.py:177} DEBUG - Serialized DAG (example_sla_dag) is unchanged. Skipping writing to DB
[2025-06-27T00:21:30.230+0000] {logging_mixin.py:188} INFO - [2025-06-27T00:21:30.230+0000] {dag.py:3096} INFO - Sync 1 DAGs
[2025-06-27T00:21:30.265+0000] {logging_mixin.py:188} INFO - [2025-06-27T00:21:30.265+0000] {dag.py:3954} INFO - Setting next_dagrun for example_sla_dag to 2025-06-27 00:18:00+00:00, run_after=2025-06-27 00:20:00+00:00
[2025-06-27T00:21:30.301+0000] {processor.py:183} INFO - Processing /home/airflow/.local/lib/python3.10/site-packages/airflow/example_dags/example_sla_dag.py took 0.163 seconds
[2025-06-27T00:22:00.445+0000] {logging_mixin.py:188} INFO - [2025-06-27T00:22:00.443+0000] {settings.py:250} DEBUG - Setting up DB connection pool (PID 13542)
[2025-06-27T00:22:00.447+0000] {logging_mixin.py:188} INFO - [2025-06-27T00:22:00.447+0000] {settings.py:330} DEBUG - settings.prepare_engine_args(): Using pool settings. pool_size=5, max_overflow=10, pool_recycle=1800, pid=13542
[2025-06-27T00:22:00.457+0000] {processor.py:161} INFO - Started process (PID=13542) to work on /home/airflow/.local/lib/python3.10/site-packages/airflow/example_dags/example_sla_dag.py
[2025-06-27T00:22:00.459+0000] {processor.py:830} INFO - Processing file /home/airflow/.local/lib/python3.10/site-packages/airflow/example_dags/example_sla_dag.py for tasks to queue
[2025-06-27T00:22:00.460+0000] {logging_mixin.py:188} INFO - [2025-06-27T00:22:00.460+0000] {dagbag.py:545} INFO - Filling up the DagBag from /home/airflow/.local/lib/python3.10/site-packages/airflow/example_dags/example_sla_dag.py
[2025-06-27T00:22:00.463+0000] {logging_mixin.py:188} INFO - [2025-06-27T00:22:00.462+0000] {dagbag.py:337} DEBUG - Importing /home/airflow/.local/lib/python3.10/site-packages/airflow/example_dags/example_sla_dag.py
[2025-06-27T00:22:00.468+0000] {logging_mixin.py:188} INFO - [2025-06-27T00:22:00.468+0000] {GetText.py:65} DEBUG - /home/airflow/.local/lib/python3.10/site-packages/cron_descriptor/locale/en_US.mo Loaded
[2025-06-27T00:22:00.478+0000] {logging_mixin.py:188} INFO - [2025-06-27T00:22:00.476+0000] {dagbag.py:511} DEBUG - Loaded DAG <DAG: example_sla_dag>
[2025-06-27T00:22:00.479+0000] {processor.py:840} INFO - DAG(s) 'example_sla_dag' retrieved from /home/airflow/.local/lib/python3.10/site-packages/airflow/example_dags/example_sla_dag.py
[2025-06-27T00:22:00.481+0000] {logging_mixin.py:188} INFO - [2025-06-27T00:22:00.481+0000] {dagbag.py:667} DEBUG - Running dagbag.sync_to_db with retries. Try 1 of 3
[2025-06-27T00:22:00.482+0000] {logging_mixin.py:188} INFO - [2025-06-27T00:22:00.482+0000] {dagbag.py:672} DEBUG - Calling the DAG.bulk_sync_to_db method
[2025-06-27T00:22:00.502+0000] {logging_mixin.py:188} INFO - [2025-06-27T00:22:00.502+0000] {serialized_dag.py:166} DEBUG - Checking if DAG (example_sla_dag) changed
[2025-06-27T00:22:00.519+0000] {logging_mixin.py:188} INFO - [2025-06-27T00:22:00.518+0000] {serialized_dag.py:177} DEBUG - Serialized DAG (example_sla_dag) is unchanged. Skipping writing to DB
[2025-06-27T00:22:00.520+0000] {logging_mixin.py:188} INFO - [2025-06-27T00:22:00.519+0000] {dag.py:3096} INFO - Sync 1 DAGs
[2025-06-27T00:22:00.556+0000] {logging_mixin.py:188} INFO - [2025-06-27T00:22:00.556+0000] {dag.py:3954} INFO - Setting next_dagrun for example_sla_dag to 2025-06-27 00:20:00+00:00, run_after=2025-06-27 00:22:00+00:00
[2025-06-27T00:22:00.593+0000] {processor.py:183} INFO - Processing /home/airflow/.local/lib/python3.10/site-packages/airflow/example_dags/example_sla_dag.py took 0.150 seconds
[2025-06-27T00:22:31.443+0000] {logging_mixin.py:188} INFO - [2025-06-27T00:22:31.442+0000] {settings.py:250} DEBUG - Setting up DB connection pool (PID 13605)
[2025-06-27T00:22:31.445+0000] {logging_mixin.py:188} INFO - [2025-06-27T00:22:31.445+0000] {settings.py:330} DEBUG - settings.prepare_engine_args(): Using pool settings. pool_size=5, max_overflow=10, pool_recycle=1800, pid=13605
[2025-06-27T00:22:31.456+0000] {processor.py:161} INFO - Started process (PID=13605) to work on /home/airflow/.local/lib/python3.10/site-packages/airflow/example_dags/example_sla_dag.py
[2025-06-27T00:22:31.457+0000] {processor.py:830} INFO - Processing file /home/airflow/.local/lib/python3.10/site-packages/airflow/example_dags/example_sla_dag.py for tasks to queue
[2025-06-27T00:22:31.459+0000] {logging_mixin.py:188} INFO - [2025-06-27T00:22:31.458+0000] {dagbag.py:545} INFO - Filling up the DagBag from /home/airflow/.local/lib/python3.10/site-packages/airflow/example_dags/example_sla_dag.py
[2025-06-27T00:22:31.461+0000] {logging_mixin.py:188} INFO - [2025-06-27T00:22:31.461+0000] {dagbag.py:337} DEBUG - Importing /home/airflow/.local/lib/python3.10/site-packages/airflow/example_dags/example_sla_dag.py
[2025-06-27T00:22:31.466+0000] {logging_mixin.py:188} INFO - [2025-06-27T00:22:31.466+0000] {GetText.py:65} DEBUG - /home/airflow/.local/lib/python3.10/site-packages/cron_descriptor/locale/en_US.mo Loaded
[2025-06-27T00:22:31.477+0000] {logging_mixin.py:188} INFO - [2025-06-27T00:22:31.475+0000] {dagbag.py:511} DEBUG - Loaded DAG <DAG: example_sla_dag>
[2025-06-27T00:22:31.478+0000] {processor.py:840} INFO - DAG(s) 'example_sla_dag' retrieved from /home/airflow/.local/lib/python3.10/site-packages/airflow/example_dags/example_sla_dag.py
[2025-06-27T00:22:31.480+0000] {logging_mixin.py:188} INFO - [2025-06-27T00:22:31.480+0000] {dagbag.py:667} DEBUG - Running dagbag.sync_to_db with retries. Try 1 of 3
[2025-06-27T00:22:31.481+0000] {logging_mixin.py:188} INFO - [2025-06-27T00:22:31.481+0000] {dagbag.py:672} DEBUG - Calling the DAG.bulk_sync_to_db method
[2025-06-27T00:22:31.503+0000] {logging_mixin.py:188} INFO - [2025-06-27T00:22:31.502+0000] {serialized_dag.py:166} DEBUG - Checking if DAG (example_sla_dag) changed
[2025-06-27T00:22:31.517+0000] {logging_mixin.py:188} INFO - [2025-06-27T00:22:31.516+0000] {serialized_dag.py:177} DEBUG - Serialized DAG (example_sla_dag) is unchanged. Skipping writing to DB
[2025-06-27T00:22:31.518+0000] {logging_mixin.py:188} INFO - [2025-06-27T00:22:31.517+0000] {dag.py:3096} INFO - Sync 1 DAGs
[2025-06-27T00:22:31.557+0000] {logging_mixin.py:188} INFO - [2025-06-27T00:22:31.557+0000] {dag.py:3954} INFO - Setting next_dagrun for example_sla_dag to 2025-06-27 00:20:00+00:00, run_after=2025-06-27 00:22:00+00:00
[2025-06-27T00:22:31.593+0000] {processor.py:183} INFO - Processing /home/airflow/.local/lib/python3.10/site-packages/airflow/example_dags/example_sla_dag.py took 0.152 seconds
[2025-06-27T00:23:02.469+0000] {logging_mixin.py:188} INFO - [2025-06-27T00:23:02.468+0000] {settings.py:250} DEBUG - Setting up DB connection pool (PID 13668)
[2025-06-27T00:23:02.472+0000] {logging_mixin.py:188} INFO - [2025-06-27T00:23:02.472+0000] {settings.py:330} DEBUG - settings.prepare_engine_args(): Using pool settings. pool_size=5, max_overflow=10, pool_recycle=1800, pid=13668
[2025-06-27T00:23:02.485+0000] {processor.py:161} INFO - Started process (PID=13668) to work on /home/airflow/.local/lib/python3.10/site-packages/airflow/example_dags/example_sla_dag.py
[2025-06-27T00:23:02.488+0000] {processor.py:830} INFO - Processing file /home/airflow/.local/lib/python3.10/site-packages/airflow/example_dags/example_sla_dag.py for tasks to queue
[2025-06-27T00:23:02.490+0000] {logging_mixin.py:188} INFO - [2025-06-27T00:23:02.490+0000] {dagbag.py:545} INFO - Filling up the DagBag from /home/airflow/.local/lib/python3.10/site-packages/airflow/example_dags/example_sla_dag.py
[2025-06-27T00:23:02.494+0000] {logging_mixin.py:188} INFO - [2025-06-27T00:23:02.494+0000] {dagbag.py:337} DEBUG - Importing /home/airflow/.local/lib/python3.10/site-packages/airflow/example_dags/example_sla_dag.py
[2025-06-27T00:23:02.509+0000] {logging_mixin.py:188} INFO - [2025-06-27T00:23:02.509+0000] {GetText.py:65} DEBUG - /home/airflow/.local/lib/python3.10/site-packages/cron_descriptor/locale/en_US.mo Loaded
[2025-06-27T00:23:02.528+0000] {logging_mixin.py:188} INFO - [2025-06-27T00:23:02.522+0000] {dagbag.py:511} DEBUG - Loaded DAG <DAG: example_sla_dag>
[2025-06-27T00:23:02.529+0000] {processor.py:840} INFO - DAG(s) 'example_sla_dag' retrieved from /home/airflow/.local/lib/python3.10/site-packages/airflow/example_dags/example_sla_dag.py
[2025-06-27T00:23:02.532+0000] {logging_mixin.py:188} INFO - [2025-06-27T00:23:02.532+0000] {dagbag.py:667} DEBUG - Running dagbag.sync_to_db with retries. Try 1 of 3
[2025-06-27T00:23:02.534+0000] {logging_mixin.py:188} INFO - [2025-06-27T00:23:02.533+0000] {dagbag.py:672} DEBUG - Calling the DAG.bulk_sync_to_db method
[2025-06-27T00:23:02.564+0000] {logging_mixin.py:188} INFO - [2025-06-27T00:23:02.563+0000] {serialized_dag.py:166} DEBUG - Checking if DAG (example_sla_dag) changed
[2025-06-27T00:23:02.584+0000] {logging_mixin.py:188} INFO - [2025-06-27T00:23:02.583+0000] {serialized_dag.py:177} DEBUG - Serialized DAG (example_sla_dag) is unchanged. Skipping writing to DB
[2025-06-27T00:23:02.585+0000] {logging_mixin.py:188} INFO - [2025-06-27T00:23:02.585+0000] {dag.py:3096} INFO - Sync 1 DAGs
[2025-06-27T00:23:02.631+0000] {logging_mixin.py:188} INFO - [2025-06-27T00:23:02.630+0000] {dag.py:3954} INFO - Setting next_dagrun for example_sla_dag to 2025-06-27 00:20:00+00:00, run_after=2025-06-27 00:22:00+00:00
[2025-06-27T00:23:02.676+0000] {processor.py:183} INFO - Processing /home/airflow/.local/lib/python3.10/site-packages/airflow/example_dags/example_sla_dag.py took 0.208 seconds
[2025-06-27T00:23:32.928+0000] {logging_mixin.py:188} INFO - [2025-06-27T00:23:32.926+0000] {settings.py:250} DEBUG - Setting up DB connection pool (PID 13731)
[2025-06-27T00:23:32.930+0000] {logging_mixin.py:188} INFO - [2025-06-27T00:23:32.930+0000] {settings.py:330} DEBUG - settings.prepare_engine_args(): Using pool settings. pool_size=5, max_overflow=10, pool_recycle=1800, pid=13731
[2025-06-27T00:23:32.942+0000] {processor.py:161} INFO - Started process (PID=13731) to work on /home/airflow/.local/lib/python3.10/site-packages/airflow/example_dags/example_sla_dag.py
[2025-06-27T00:23:32.944+0000] {processor.py:830} INFO - Processing file /home/airflow/.local/lib/python3.10/site-packages/airflow/example_dags/example_sla_dag.py for tasks to queue
[2025-06-27T00:23:32.945+0000] {logging_mixin.py:188} INFO - [2025-06-27T00:23:32.945+0000] {dagbag.py:545} INFO - Filling up the DagBag from /home/airflow/.local/lib/python3.10/site-packages/airflow/example_dags/example_sla_dag.py
[2025-06-27T00:23:32.948+0000] {logging_mixin.py:188} INFO - [2025-06-27T00:23:32.948+0000] {dagbag.py:337} DEBUG - Importing /home/airflow/.local/lib/python3.10/site-packages/airflow/example_dags/example_sla_dag.py
[2025-06-27T00:23:32.955+0000] {logging_mixin.py:188} INFO - [2025-06-27T00:23:32.954+0000] {GetText.py:65} DEBUG - /home/airflow/.local/lib/python3.10/site-packages/cron_descriptor/locale/en_US.mo Loaded
[2025-06-27T00:23:32.966+0000] {logging_mixin.py:188} INFO - [2025-06-27T00:23:32.964+0000] {dagbag.py:511} DEBUG - Loaded DAG <DAG: example_sla_dag>
[2025-06-27T00:23:32.967+0000] {processor.py:840} INFO - DAG(s) 'example_sla_dag' retrieved from /home/airflow/.local/lib/python3.10/site-packages/airflow/example_dags/example_sla_dag.py
[2025-06-27T00:23:32.970+0000] {logging_mixin.py:188} INFO - [2025-06-27T00:23:32.970+0000] {dagbag.py:667} DEBUG - Running dagbag.sync_to_db with retries. Try 1 of 3
[2025-06-27T00:23:32.972+0000] {logging_mixin.py:188} INFO - [2025-06-27T00:23:32.971+0000] {dagbag.py:672} DEBUG - Calling the DAG.bulk_sync_to_db method
[2025-06-27T00:23:32.995+0000] {logging_mixin.py:188} INFO - [2025-06-27T00:23:32.995+0000] {serialized_dag.py:166} DEBUG - Checking if DAG (example_sla_dag) changed
[2025-06-27T00:23:33.012+0000] {logging_mixin.py:188} INFO - [2025-06-27T00:23:33.012+0000] {serialized_dag.py:177} DEBUG - Serialized DAG (example_sla_dag) is unchanged. Skipping writing to DB
[2025-06-27T00:23:33.014+0000] {logging_mixin.py:188} INFO - [2025-06-27T00:23:33.013+0000] {dag.py:3096} INFO - Sync 1 DAGs
[2025-06-27T00:23:33.062+0000] {logging_mixin.py:188} INFO - [2025-06-27T00:23:33.062+0000] {dag.py:3954} INFO - Setting next_dagrun for example_sla_dag to 2025-06-27 00:20:00+00:00, run_after=2025-06-27 00:22:00+00:00
[2025-06-27T00:23:33.100+0000] {processor.py:183} INFO - Processing /home/airflow/.local/lib/python3.10/site-packages/airflow/example_dags/example_sla_dag.py took 0.174 seconds
[2025-06-27T00:24:04.103+0000] {logging_mixin.py:188} INFO - [2025-06-27T00:24:04.101+0000] {settings.py:250} DEBUG - Setting up DB connection pool (PID 13794)
[2025-06-27T00:24:04.105+0000] {logging_mixin.py:188} INFO - [2025-06-27T00:24:04.104+0000] {settings.py:330} DEBUG - settings.prepare_engine_args(): Using pool settings. pool_size=5, max_overflow=10, pool_recycle=1800, pid=13794
[2025-06-27T00:24:04.118+0000] {processor.py:161} INFO - Started process (PID=13794) to work on /home/airflow/.local/lib/python3.10/site-packages/airflow/example_dags/example_sla_dag.py
[2025-06-27T00:24:04.120+0000] {processor.py:830} INFO - Processing file /home/airflow/.local/lib/python3.10/site-packages/airflow/example_dags/example_sla_dag.py for tasks to queue
[2025-06-27T00:24:04.122+0000] {logging_mixin.py:188} INFO - [2025-06-27T00:24:04.121+0000] {dagbag.py:545} INFO - Filling up the DagBag from /home/airflow/.local/lib/python3.10/site-packages/airflow/example_dags/example_sla_dag.py
[2025-06-27T00:24:04.125+0000] {logging_mixin.py:188} INFO - [2025-06-27T00:24:04.124+0000] {dagbag.py:337} DEBUG - Importing /home/airflow/.local/lib/python3.10/site-packages/airflow/example_dags/example_sla_dag.py
[2025-06-27T00:24:04.131+0000] {logging_mixin.py:188} INFO - [2025-06-27T00:24:04.131+0000] {GetText.py:65} DEBUG - /home/airflow/.local/lib/python3.10/site-packages/cron_descriptor/locale/en_US.mo Loaded
[2025-06-27T00:24:04.144+0000] {logging_mixin.py:188} INFO - [2025-06-27T00:24:04.142+0000] {dagbag.py:511} DEBUG - Loaded DAG <DAG: example_sla_dag>
[2025-06-27T00:24:04.145+0000] {processor.py:840} INFO - DAG(s) 'example_sla_dag' retrieved from /home/airflow/.local/lib/python3.10/site-packages/airflow/example_dags/example_sla_dag.py
[2025-06-27T00:24:04.148+0000] {logging_mixin.py:188} INFO - [2025-06-27T00:24:04.147+0000] {dagbag.py:667} DEBUG - Running dagbag.sync_to_db with retries. Try 1 of 3
[2025-06-27T00:24:04.149+0000] {logging_mixin.py:188} INFO - [2025-06-27T00:24:04.148+0000] {dagbag.py:672} DEBUG - Calling the DAG.bulk_sync_to_db method
[2025-06-27T00:24:04.173+0000] {logging_mixin.py:188} INFO - [2025-06-27T00:24:04.173+0000] {serialized_dag.py:166} DEBUG - Checking if DAG (example_sla_dag) changed
[2025-06-27T00:24:04.186+0000] {logging_mixin.py:188} INFO - [2025-06-27T00:24:04.185+0000] {serialized_dag.py:177} DEBUG - Serialized DAG (example_sla_dag) is unchanged. Skipping writing to DB
[2025-06-27T00:24:04.187+0000] {logging_mixin.py:188} INFO - [2025-06-27T00:24:04.187+0000] {dag.py:3096} INFO - Sync 1 DAGs
[2025-06-27T00:24:04.221+0000] {logging_mixin.py:188} INFO - [2025-06-27T00:24:04.221+0000] {dag.py:3954} INFO - Setting next_dagrun for example_sla_dag to 2025-06-27 00:22:00+00:00, run_after=2025-06-27 00:24:00+00:00
[2025-06-27T00:24:04.253+0000] {processor.py:183} INFO - Processing /home/airflow/.local/lib/python3.10/site-packages/airflow/example_dags/example_sla_dag.py took 0.153 seconds
[2025-06-27T00:24:35.293+0000] {logging_mixin.py:188} INFO - [2025-06-27T00:24:35.291+0000] {settings.py:250} DEBUG - Setting up DB connection pool (PID 13857)
[2025-06-27T00:24:35.296+0000] {logging_mixin.py:188} INFO - [2025-06-27T00:24:35.296+0000] {settings.py:330} DEBUG - settings.prepare_engine_args(): Using pool settings. pool_size=5, max_overflow=10, pool_recycle=1800, pid=13857
[2025-06-27T00:24:35.307+0000] {processor.py:161} INFO - Started process (PID=13857) to work on /home/airflow/.local/lib/python3.10/site-packages/airflow/example_dags/example_sla_dag.py
[2025-06-27T00:24:35.309+0000] {processor.py:830} INFO - Processing file /home/airflow/.local/lib/python3.10/site-packages/airflow/example_dags/example_sla_dag.py for tasks to queue
[2025-06-27T00:24:35.310+0000] {logging_mixin.py:188} INFO - [2025-06-27T00:24:35.310+0000] {dagbag.py:545} INFO - Filling up the DagBag from /home/airflow/.local/lib/python3.10/site-packages/airflow/example_dags/example_sla_dag.py
[2025-06-27T00:24:35.313+0000] {logging_mixin.py:188} INFO - [2025-06-27T00:24:35.313+0000] {dagbag.py:337} DEBUG - Importing /home/airflow/.local/lib/python3.10/site-packages/airflow/example_dags/example_sla_dag.py
[2025-06-27T00:24:35.319+0000] {logging_mixin.py:188} INFO - [2025-06-27T00:24:35.319+0000] {GetText.py:65} DEBUG - /home/airflow/.local/lib/python3.10/site-packages/cron_descriptor/locale/en_US.mo Loaded
[2025-06-27T00:24:35.329+0000] {logging_mixin.py:188} INFO - [2025-06-27T00:24:35.328+0000] {dagbag.py:511} DEBUG - Loaded DAG <DAG: example_sla_dag>
[2025-06-27T00:24:35.330+0000] {processor.py:840} INFO - DAG(s) 'example_sla_dag' retrieved from /home/airflow/.local/lib/python3.10/site-packages/airflow/example_dags/example_sla_dag.py
[2025-06-27T00:24:35.333+0000] {logging_mixin.py:188} INFO - [2025-06-27T00:24:35.332+0000] {dagbag.py:667} DEBUG - Running dagbag.sync_to_db with retries. Try 1 of 3
[2025-06-27T00:24:35.334+0000] {logging_mixin.py:188} INFO - [2025-06-27T00:24:35.333+0000] {dagbag.py:672} DEBUG - Calling the DAG.bulk_sync_to_db method
[2025-06-27T00:24:35.354+0000] {logging_mixin.py:188} INFO - [2025-06-27T00:24:35.354+0000] {serialized_dag.py:166} DEBUG - Checking if DAG (example_sla_dag) changed
[2025-06-27T00:24:35.366+0000] {logging_mixin.py:188} INFO - [2025-06-27T00:24:35.365+0000] {serialized_dag.py:177} DEBUG - Serialized DAG (example_sla_dag) is unchanged. Skipping writing to DB
[2025-06-27T00:24:35.367+0000] {logging_mixin.py:188} INFO - [2025-06-27T00:24:35.366+0000] {dag.py:3096} INFO - Sync 1 DAGs
[2025-06-27T00:24:35.411+0000] {logging_mixin.py:188} INFO - [2025-06-27T00:24:35.411+0000] {dag.py:3954} INFO - Setting next_dagrun for example_sla_dag to 2025-06-27 00:22:00+00:00, run_after=2025-06-27 00:24:00+00:00
[2025-06-27T00:24:35.443+0000] {processor.py:183} INFO - Processing /home/airflow/.local/lib/python3.10/site-packages/airflow/example_dags/example_sla_dag.py took 0.152 seconds
[2025-06-27T00:25:06.166+0000] {logging_mixin.py:188} INFO - [2025-06-27T00:25:06.165+0000] {settings.py:250} DEBUG - Setting up DB connection pool (PID 13918)
[2025-06-27T00:25:06.168+0000] {logging_mixin.py:188} INFO - [2025-06-27T00:25:06.168+0000] {settings.py:330} DEBUG - settings.prepare_engine_args(): Using pool settings. pool_size=5, max_overflow=10, pool_recycle=1800, pid=13918
[2025-06-27T00:25:06.180+0000] {processor.py:161} INFO - Started process (PID=13918) to work on /home/airflow/.local/lib/python3.10/site-packages/airflow/example_dags/example_sla_dag.py
[2025-06-27T00:25:06.181+0000] {processor.py:830} INFO - Processing file /home/airflow/.local/lib/python3.10/site-packages/airflow/example_dags/example_sla_dag.py for tasks to queue
[2025-06-27T00:25:06.183+0000] {logging_mixin.py:188} INFO - [2025-06-27T00:25:06.183+0000] {dagbag.py:545} INFO - Filling up the DagBag from /home/airflow/.local/lib/python3.10/site-packages/airflow/example_dags/example_sla_dag.py
[2025-06-27T00:25:06.186+0000] {logging_mixin.py:188} INFO - [2025-06-27T00:25:06.186+0000] {dagbag.py:337} DEBUG - Importing /home/airflow/.local/lib/python3.10/site-packages/airflow/example_dags/example_sla_dag.py
[2025-06-27T00:25:06.192+0000] {logging_mixin.py:188} INFO - [2025-06-27T00:25:06.191+0000] {GetText.py:65} DEBUG - /home/airflow/.local/lib/python3.10/site-packages/cron_descriptor/locale/en_US.mo Loaded
[2025-06-27T00:25:06.203+0000] {logging_mixin.py:188} INFO - [2025-06-27T00:25:06.201+0000] {dagbag.py:511} DEBUG - Loaded DAG <DAG: example_sla_dag>
[2025-06-27T00:25:06.204+0000] {processor.py:840} INFO - DAG(s) 'example_sla_dag' retrieved from /home/airflow/.local/lib/python3.10/site-packages/airflow/example_dags/example_sla_dag.py
[2025-06-27T00:25:06.206+0000] {logging_mixin.py:188} INFO - [2025-06-27T00:25:06.206+0000] {dagbag.py:667} DEBUG - Running dagbag.sync_to_db with retries. Try 1 of 3
[2025-06-27T00:25:06.207+0000] {logging_mixin.py:188} INFO - [2025-06-27T00:25:06.207+0000] {dagbag.py:672} DEBUG - Calling the DAG.bulk_sync_to_db method
[2025-06-27T00:25:06.229+0000] {logging_mixin.py:188} INFO - [2025-06-27T00:25:06.229+0000] {serialized_dag.py:166} DEBUG - Checking if DAG (example_sla_dag) changed
[2025-06-27T00:25:06.241+0000] {logging_mixin.py:188} INFO - [2025-06-27T00:25:06.241+0000] {serialized_dag.py:177} DEBUG - Serialized DAG (example_sla_dag) is unchanged. Skipping writing to DB
[2025-06-27T00:25:06.242+0000] {logging_mixin.py:188} INFO - [2025-06-27T00:25:06.242+0000] {dag.py:3096} INFO - Sync 1 DAGs
[2025-06-27T00:25:06.275+0000] {logging_mixin.py:188} INFO - [2025-06-27T00:25:06.274+0000] {dag.py:3954} INFO - Setting next_dagrun for example_sla_dag to 2025-06-27 00:22:00+00:00, run_after=2025-06-27 00:24:00+00:00
[2025-06-27T00:25:06.300+0000] {processor.py:183} INFO - Processing /home/airflow/.local/lib/python3.10/site-packages/airflow/example_dags/example_sla_dag.py took 0.136 seconds
[2025-06-27T00:25:36.854+0000] {logging_mixin.py:188} INFO - [2025-06-27T00:25:36.852+0000] {settings.py:250} DEBUG - Setting up DB connection pool (PID 13981)
[2025-06-27T00:25:36.856+0000] {logging_mixin.py:188} INFO - [2025-06-27T00:25:36.856+0000] {settings.py:330} DEBUG - settings.prepare_engine_args(): Using pool settings. pool_size=5, max_overflow=10, pool_recycle=1800, pid=13981
[2025-06-27T00:25:36.868+0000] {processor.py:161} INFO - Started process (PID=13981) to work on /home/airflow/.local/lib/python3.10/site-packages/airflow/example_dags/example_sla_dag.py
[2025-06-27T00:25:36.869+0000] {processor.py:830} INFO - Processing file /home/airflow/.local/lib/python3.10/site-packages/airflow/example_dags/example_sla_dag.py for tasks to queue
[2025-06-27T00:25:36.871+0000] {logging_mixin.py:188} INFO - [2025-06-27T00:25:36.870+0000] {dagbag.py:545} INFO - Filling up the DagBag from /home/airflow/.local/lib/python3.10/site-packages/airflow/example_dags/example_sla_dag.py
[2025-06-27T00:25:36.873+0000] {logging_mixin.py:188} INFO - [2025-06-27T00:25:36.873+0000] {dagbag.py:337} DEBUG - Importing /home/airflow/.local/lib/python3.10/site-packages/airflow/example_dags/example_sla_dag.py
[2025-06-27T00:25:36.880+0000] {logging_mixin.py:188} INFO - [2025-06-27T00:25:36.880+0000] {GetText.py:65} DEBUG - /home/airflow/.local/lib/python3.10/site-packages/cron_descriptor/locale/en_US.mo Loaded
[2025-06-27T00:25:36.893+0000] {logging_mixin.py:188} INFO - [2025-06-27T00:25:36.891+0000] {dagbag.py:511} DEBUG - Loaded DAG <DAG: example_sla_dag>
[2025-06-27T00:25:36.894+0000] {processor.py:840} INFO - DAG(s) 'example_sla_dag' retrieved from /home/airflow/.local/lib/python3.10/site-packages/airflow/example_dags/example_sla_dag.py
[2025-06-27T00:25:36.897+0000] {logging_mixin.py:188} INFO - [2025-06-27T00:25:36.897+0000] {dagbag.py:667} DEBUG - Running dagbag.sync_to_db with retries. Try 1 of 3
[2025-06-27T00:25:36.898+0000] {logging_mixin.py:188} INFO - [2025-06-27T00:25:36.898+0000] {dagbag.py:672} DEBUG - Calling the DAG.bulk_sync_to_db method
[2025-06-27T00:25:36.923+0000] {logging_mixin.py:188} INFO - [2025-06-27T00:25:36.922+0000] {serialized_dag.py:166} DEBUG - Checking if DAG (example_sla_dag) changed
[2025-06-27T00:25:36.939+0000] {logging_mixin.py:188} INFO - [2025-06-27T00:25:36.939+0000] {serialized_dag.py:177} DEBUG - Serialized DAG (example_sla_dag) is unchanged. Skipping writing to DB
[2025-06-27T00:25:36.940+0000] {logging_mixin.py:188} INFO - [2025-06-27T00:25:36.940+0000] {dag.py:3096} INFO - Sync 1 DAGs
[2025-06-27T00:25:36.989+0000] {logging_mixin.py:188} INFO - [2025-06-27T00:25:36.988+0000] {dag.py:3954} INFO - Setting next_dagrun for example_sla_dag to 2025-06-27 00:22:00+00:00, run_after=2025-06-27 00:24:00+00:00
[2025-06-27T00:25:37.028+0000] {processor.py:183} INFO - Processing /home/airflow/.local/lib/python3.10/site-packages/airflow/example_dags/example_sla_dag.py took 0.176 seconds
[2025-06-27T00:26:07.799+0000] {logging_mixin.py:188} INFO - [2025-06-27T00:26:07.797+0000] {settings.py:250} DEBUG - Setting up DB connection pool (PID 14046)
[2025-06-27T00:26:07.801+0000] {logging_mixin.py:188} INFO - [2025-06-27T00:26:07.801+0000] {settings.py:330} DEBUG - settings.prepare_engine_args(): Using pool settings. pool_size=5, max_overflow=10, pool_recycle=1800, pid=14046
[2025-06-27T00:26:07.813+0000] {processor.py:161} INFO - Started process (PID=14046) to work on /home/airflow/.local/lib/python3.10/site-packages/airflow/example_dags/example_sla_dag.py
[2025-06-27T00:26:07.814+0000] {processor.py:830} INFO - Processing file /home/airflow/.local/lib/python3.10/site-packages/airflow/example_dags/example_sla_dag.py for tasks to queue
[2025-06-27T00:26:07.815+0000] {logging_mixin.py:188} INFO - [2025-06-27T00:26:07.815+0000] {dagbag.py:545} INFO - Filling up the DagBag from /home/airflow/.local/lib/python3.10/site-packages/airflow/example_dags/example_sla_dag.py
[2025-06-27T00:26:07.817+0000] {logging_mixin.py:188} INFO - [2025-06-27T00:26:07.817+0000] {dagbag.py:337} DEBUG - Importing /home/airflow/.local/lib/python3.10/site-packages/airflow/example_dags/example_sla_dag.py
[2025-06-27T00:26:07.822+0000] {logging_mixin.py:188} INFO - [2025-06-27T00:26:07.822+0000] {GetText.py:65} DEBUG - /home/airflow/.local/lib/python3.10/site-packages/cron_descriptor/locale/en_US.mo Loaded
[2025-06-27T00:26:07.831+0000] {logging_mixin.py:188} INFO - [2025-06-27T00:26:07.829+0000] {dagbag.py:511} DEBUG - Loaded DAG <DAG: example_sla_dag>
[2025-06-27T00:26:07.831+0000] {processor.py:840} INFO - DAG(s) 'example_sla_dag' retrieved from /home/airflow/.local/lib/python3.10/site-packages/airflow/example_dags/example_sla_dag.py
[2025-06-27T00:26:07.834+0000] {logging_mixin.py:188} INFO - [2025-06-27T00:26:07.834+0000] {dagbag.py:667} DEBUG - Running dagbag.sync_to_db with retries. Try 1 of 3
[2025-06-27T00:26:07.835+0000] {logging_mixin.py:188} INFO - [2025-06-27T00:26:07.834+0000] {dagbag.py:672} DEBUG - Calling the DAG.bulk_sync_to_db method
[2025-06-27T00:26:07.854+0000] {logging_mixin.py:188} INFO - [2025-06-27T00:26:07.854+0000] {serialized_dag.py:166} DEBUG - Checking if DAG (example_sla_dag) changed
[2025-06-27T00:26:07.865+0000] {logging_mixin.py:188} INFO - [2025-06-27T00:26:07.865+0000] {serialized_dag.py:177} DEBUG - Serialized DAG (example_sla_dag) is unchanged. Skipping writing to DB
[2025-06-27T00:26:07.866+0000] {logging_mixin.py:188} INFO - [2025-06-27T00:26:07.866+0000] {dag.py:3096} INFO - Sync 1 DAGs
[2025-06-27T00:26:07.897+0000] {logging_mixin.py:188} INFO - [2025-06-27T00:26:07.897+0000] {dag.py:3954} INFO - Setting next_dagrun for example_sla_dag to 2025-06-27 00:24:00+00:00, run_after=2025-06-27 00:26:00+00:00
[2025-06-27T00:26:07.927+0000] {processor.py:183} INFO - Processing /home/airflow/.local/lib/python3.10/site-packages/airflow/example_dags/example_sla_dag.py took 0.129 seconds
[2025-06-27T00:26:38.573+0000] {logging_mixin.py:188} INFO - [2025-06-27T00:26:38.571+0000] {settings.py:250} DEBUG - Setting up DB connection pool (PID 14110)
[2025-06-27T00:26:38.575+0000] {logging_mixin.py:188} INFO - [2025-06-27T00:26:38.574+0000] {settings.py:330} DEBUG - settings.prepare_engine_args(): Using pool settings. pool_size=5, max_overflow=10, pool_recycle=1800, pid=14110
[2025-06-27T00:26:38.586+0000] {processor.py:161} INFO - Started process (PID=14110) to work on /home/airflow/.local/lib/python3.10/site-packages/airflow/example_dags/example_sla_dag.py
[2025-06-27T00:26:38.587+0000] {processor.py:830} INFO - Processing file /home/airflow/.local/lib/python3.10/site-packages/airflow/example_dags/example_sla_dag.py for tasks to queue
[2025-06-27T00:26:38.588+0000] {logging_mixin.py:188} INFO - [2025-06-27T00:26:38.588+0000] {dagbag.py:545} INFO - Filling up the DagBag from /home/airflow/.local/lib/python3.10/site-packages/airflow/example_dags/example_sla_dag.py
[2025-06-27T00:26:38.591+0000] {logging_mixin.py:188} INFO - [2025-06-27T00:26:38.590+0000] {dagbag.py:337} DEBUG - Importing /home/airflow/.local/lib/python3.10/site-packages/airflow/example_dags/example_sla_dag.py
[2025-06-27T00:26:38.595+0000] {logging_mixin.py:188} INFO - [2025-06-27T00:26:38.595+0000] {GetText.py:65} DEBUG - /home/airflow/.local/lib/python3.10/site-packages/cron_descriptor/locale/en_US.mo Loaded
[2025-06-27T00:26:38.606+0000] {logging_mixin.py:188} INFO - [2025-06-27T00:26:38.604+0000] {dagbag.py:511} DEBUG - Loaded DAG <DAG: example_sla_dag>
[2025-06-27T00:26:38.607+0000] {processor.py:840} INFO - DAG(s) 'example_sla_dag' retrieved from /home/airflow/.local/lib/python3.10/site-packages/airflow/example_dags/example_sla_dag.py
[2025-06-27T00:26:38.611+0000] {logging_mixin.py:188} INFO - [2025-06-27T00:26:38.610+0000] {dagbag.py:667} DEBUG - Running dagbag.sync_to_db with retries. Try 1 of 3
[2025-06-27T00:26:38.612+0000] {logging_mixin.py:188} INFO - [2025-06-27T00:26:38.612+0000] {dagbag.py:672} DEBUG - Calling the DAG.bulk_sync_to_db method
[2025-06-27T00:26:38.634+0000] {logging_mixin.py:188} INFO - [2025-06-27T00:26:38.634+0000] {serialized_dag.py:166} DEBUG - Checking if DAG (example_sla_dag) changed
[2025-06-27T00:26:38.646+0000] {logging_mixin.py:188} INFO - [2025-06-27T00:26:38.646+0000] {serialized_dag.py:177} DEBUG - Serialized DAG (example_sla_dag) is unchanged. Skipping writing to DB
[2025-06-27T00:26:38.647+0000] {logging_mixin.py:188} INFO - [2025-06-27T00:26:38.647+0000] {dag.py:3096} INFO - Sync 1 DAGs
[2025-06-27T00:26:38.678+0000] {logging_mixin.py:188} INFO - [2025-06-27T00:26:38.678+0000] {dag.py:3954} INFO - Setting next_dagrun for example_sla_dag to 2025-06-27 00:24:00+00:00, run_after=2025-06-27 00:26:00+00:00
[2025-06-27T00:26:38.705+0000] {processor.py:183} INFO - Processing /home/airflow/.local/lib/python3.10/site-packages/airflow/example_dags/example_sla_dag.py took 0.134 seconds
[2025-06-27T00:27:08.890+0000] {logging_mixin.py:188} INFO - [2025-06-27T00:27:08.889+0000] {settings.py:250} DEBUG - Setting up DB connection pool (PID 14173)
[2025-06-27T00:27:08.891+0000] {logging_mixin.py:188} INFO - [2025-06-27T00:27:08.891+0000] {settings.py:330} DEBUG - settings.prepare_engine_args(): Using pool settings. pool_size=5, max_overflow=10, pool_recycle=1800, pid=14173
[2025-06-27T00:27:08.902+0000] {processor.py:161} INFO - Started process (PID=14173) to work on /home/airflow/.local/lib/python3.10/site-packages/airflow/example_dags/example_sla_dag.py
[2025-06-27T00:27:08.904+0000] {processor.py:830} INFO - Processing file /home/airflow/.local/lib/python3.10/site-packages/airflow/example_dags/example_sla_dag.py for tasks to queue
[2025-06-27T00:27:08.905+0000] {logging_mixin.py:188} INFO - [2025-06-27T00:27:08.905+0000] {dagbag.py:545} INFO - Filling up the DagBag from /home/airflow/.local/lib/python3.10/site-packages/airflow/example_dags/example_sla_dag.py
[2025-06-27T00:27:08.907+0000] {logging_mixin.py:188} INFO - [2025-06-27T00:27:08.907+0000] {dagbag.py:337} DEBUG - Importing /home/airflow/.local/lib/python3.10/site-packages/airflow/example_dags/example_sla_dag.py
[2025-06-27T00:27:08.912+0000] {logging_mixin.py:188} INFO - [2025-06-27T00:27:08.912+0000] {GetText.py:65} DEBUG - /home/airflow/.local/lib/python3.10/site-packages/cron_descriptor/locale/en_US.mo Loaded
[2025-06-27T00:27:08.923+0000] {logging_mixin.py:188} INFO - [2025-06-27T00:27:08.921+0000] {dagbag.py:511} DEBUG - Loaded DAG <DAG: example_sla_dag>
[2025-06-27T00:27:08.924+0000] {processor.py:840} INFO - DAG(s) 'example_sla_dag' retrieved from /home/airflow/.local/lib/python3.10/site-packages/airflow/example_dags/example_sla_dag.py
[2025-06-27T00:27:08.926+0000] {logging_mixin.py:188} INFO - [2025-06-27T00:27:08.926+0000] {dagbag.py:667} DEBUG - Running dagbag.sync_to_db with retries. Try 1 of 3
[2025-06-27T00:27:08.927+0000] {logging_mixin.py:188} INFO - [2025-06-27T00:27:08.926+0000] {dagbag.py:672} DEBUG - Calling the DAG.bulk_sync_to_db method
[2025-06-27T00:27:08.946+0000] {logging_mixin.py:188} INFO - [2025-06-27T00:27:08.946+0000] {serialized_dag.py:166} DEBUG - Checking if DAG (example_sla_dag) changed
[2025-06-27T00:27:08.959+0000] {logging_mixin.py:188} INFO - [2025-06-27T00:27:08.959+0000] {serialized_dag.py:177} DEBUG - Serialized DAG (example_sla_dag) is unchanged. Skipping writing to DB
[2025-06-27T00:27:08.960+0000] {logging_mixin.py:188} INFO - [2025-06-27T00:27:08.960+0000] {dag.py:3096} INFO - Sync 1 DAGs
[2025-06-27T00:27:08.992+0000] {logging_mixin.py:188} INFO - [2025-06-27T00:27:08.992+0000] {dag.py:3954} INFO - Setting next_dagrun for example_sla_dag to 2025-06-27 00:24:00+00:00, run_after=2025-06-27 00:26:00+00:00
[2025-06-27T00:27:09.026+0000] {processor.py:183} INFO - Processing /home/airflow/.local/lib/python3.10/site-packages/airflow/example_dags/example_sla_dag.py took 0.137 seconds
[2025-06-27T00:27:39.520+0000] {logging_mixin.py:188} INFO - [2025-06-27T00:27:39.519+0000] {settings.py:250} DEBUG - Setting up DB connection pool (PID 14236)
[2025-06-27T00:27:39.522+0000] {logging_mixin.py:188} INFO - [2025-06-27T00:27:39.522+0000] {settings.py:330} DEBUG - settings.prepare_engine_args(): Using pool settings. pool_size=5, max_overflow=10, pool_recycle=1800, pid=14236
[2025-06-27T00:27:39.533+0000] {processor.py:161} INFO - Started process (PID=14236) to work on /home/airflow/.local/lib/python3.10/site-packages/airflow/example_dags/example_sla_dag.py
[2025-06-27T00:27:39.535+0000] {processor.py:830} INFO - Processing file /home/airflow/.local/lib/python3.10/site-packages/airflow/example_dags/example_sla_dag.py for tasks to queue
[2025-06-27T00:27:39.536+0000] {logging_mixin.py:188} INFO - [2025-06-27T00:27:39.536+0000] {dagbag.py:545} INFO - Filling up the DagBag from /home/airflow/.local/lib/python3.10/site-packages/airflow/example_dags/example_sla_dag.py
[2025-06-27T00:27:39.539+0000] {logging_mixin.py:188} INFO - [2025-06-27T00:27:39.539+0000] {dagbag.py:337} DEBUG - Importing /home/airflow/.local/lib/python3.10/site-packages/airflow/example_dags/example_sla_dag.py
[2025-06-27T00:27:39.544+0000] {logging_mixin.py:188} INFO - [2025-06-27T00:27:39.544+0000] {GetText.py:65} DEBUG - /home/airflow/.local/lib/python3.10/site-packages/cron_descriptor/locale/en_US.mo Loaded
[2025-06-27T00:27:39.554+0000] {logging_mixin.py:188} INFO - [2025-06-27T00:27:39.552+0000] {dagbag.py:511} DEBUG - Loaded DAG <DAG: example_sla_dag>
[2025-06-27T00:27:39.554+0000] {processor.py:840} INFO - DAG(s) 'example_sla_dag' retrieved from /home/airflow/.local/lib/python3.10/site-packages/airflow/example_dags/example_sla_dag.py
[2025-06-27T00:27:39.557+0000] {logging_mixin.py:188} INFO - [2025-06-27T00:27:39.557+0000] {dagbag.py:667} DEBUG - Running dagbag.sync_to_db with retries. Try 1 of 3
[2025-06-27T00:27:39.558+0000] {logging_mixin.py:188} INFO - [2025-06-27T00:27:39.557+0000] {dagbag.py:672} DEBUG - Calling the DAG.bulk_sync_to_db method
[2025-06-27T00:27:39.590+0000] {logging_mixin.py:188} INFO - [2025-06-27T00:27:39.589+0000] {serialized_dag.py:166} DEBUG - Checking if DAG (example_sla_dag) changed
[2025-06-27T00:27:39.605+0000] {logging_mixin.py:188} INFO - [2025-06-27T00:27:39.605+0000] {serialized_dag.py:177} DEBUG - Serialized DAG (example_sla_dag) is unchanged. Skipping writing to DB
[2025-06-27T00:27:39.606+0000] {logging_mixin.py:188} INFO - [2025-06-27T00:27:39.606+0000] {dag.py:3096} INFO - Sync 1 DAGs
[2025-06-27T00:27:39.648+0000] {logging_mixin.py:188} INFO - [2025-06-27T00:27:39.648+0000] {dag.py:3954} INFO - Setting next_dagrun for example_sla_dag to 2025-06-27 00:24:00+00:00, run_after=2025-06-27 00:26:00+00:00
[2025-06-27T00:27:39.680+0000] {processor.py:183} INFO - Processing /home/airflow/.local/lib/python3.10/site-packages/airflow/example_dags/example_sla_dag.py took 0.162 seconds
[2025-06-27T00:28:09.871+0000] {logging_mixin.py:188} INFO - [2025-06-27T00:28:09.870+0000] {settings.py:250} DEBUG - Setting up DB connection pool (PID 14299)
[2025-06-27T00:28:09.873+0000] {logging_mixin.py:188} INFO - [2025-06-27T00:28:09.873+0000] {settings.py:330} DEBUG - settings.prepare_engine_args(): Using pool settings. pool_size=5, max_overflow=10, pool_recycle=1800, pid=14299
[2025-06-27T00:28:09.882+0000] {processor.py:161} INFO - Started process (PID=14299) to work on /home/airflow/.local/lib/python3.10/site-packages/airflow/example_dags/example_sla_dag.py
[2025-06-27T00:28:09.883+0000] {processor.py:830} INFO - Processing file /home/airflow/.local/lib/python3.10/site-packages/airflow/example_dags/example_sla_dag.py for tasks to queue
[2025-06-27T00:28:09.885+0000] {logging_mixin.py:188} INFO - [2025-06-27T00:28:09.885+0000] {dagbag.py:545} INFO - Filling up the DagBag from /home/airflow/.local/lib/python3.10/site-packages/airflow/example_dags/example_sla_dag.py
[2025-06-27T00:28:09.887+0000] {logging_mixin.py:188} INFO - [2025-06-27T00:28:09.887+0000] {dagbag.py:337} DEBUG - Importing /home/airflow/.local/lib/python3.10/site-packages/airflow/example_dags/example_sla_dag.py
[2025-06-27T00:28:09.892+0000] {logging_mixin.py:188} INFO - [2025-06-27T00:28:09.892+0000] {GetText.py:65} DEBUG - /home/airflow/.local/lib/python3.10/site-packages/cron_descriptor/locale/en_US.mo Loaded
[2025-06-27T00:28:09.903+0000] {logging_mixin.py:188} INFO - [2025-06-27T00:28:09.900+0000] {dagbag.py:511} DEBUG - Loaded DAG <DAG: example_sla_dag>
[2025-06-27T00:28:09.903+0000] {processor.py:840} INFO - DAG(s) 'example_sla_dag' retrieved from /home/airflow/.local/lib/python3.10/site-packages/airflow/example_dags/example_sla_dag.py
[2025-06-27T00:28:09.905+0000] {logging_mixin.py:188} INFO - [2025-06-27T00:28:09.905+0000] {dagbag.py:667} DEBUG - Running dagbag.sync_to_db with retries. Try 1 of 3
[2025-06-27T00:28:09.906+0000] {logging_mixin.py:188} INFO - [2025-06-27T00:28:09.906+0000] {dagbag.py:672} DEBUG - Calling the DAG.bulk_sync_to_db method
[2025-06-27T00:28:09.925+0000] {logging_mixin.py:188} INFO - [2025-06-27T00:28:09.925+0000] {serialized_dag.py:166} DEBUG - Checking if DAG (example_sla_dag) changed
[2025-06-27T00:28:09.937+0000] {logging_mixin.py:188} INFO - [2025-06-27T00:28:09.936+0000] {serialized_dag.py:177} DEBUG - Serialized DAG (example_sla_dag) is unchanged. Skipping writing to DB
[2025-06-27T00:28:09.938+0000] {logging_mixin.py:188} INFO - [2025-06-27T00:28:09.937+0000] {dag.py:3096} INFO - Sync 1 DAGs
[2025-06-27T00:28:09.968+0000] {logging_mixin.py:188} INFO - [2025-06-27T00:28:09.968+0000] {dag.py:3954} INFO - Setting next_dagrun for example_sla_dag to 2025-06-27 00:26:00+00:00, run_after=2025-06-27 00:28:00+00:00
[2025-06-27T00:28:10.005+0000] {processor.py:183} INFO - Processing /home/airflow/.local/lib/python3.10/site-packages/airflow/example_dags/example_sla_dag.py took 0.135 seconds
[2025-06-27T00:28:40.248+0000] {logging_mixin.py:188} INFO - [2025-06-27T00:28:40.246+0000] {settings.py:250} DEBUG - Setting up DB connection pool (PID 14362)
[2025-06-27T00:28:40.249+0000] {logging_mixin.py:188} INFO - [2025-06-27T00:28:40.249+0000] {settings.py:330} DEBUG - settings.prepare_engine_args(): Using pool settings. pool_size=5, max_overflow=10, pool_recycle=1800, pid=14362
[2025-06-27T00:28:40.263+0000] {processor.py:161} INFO - Started process (PID=14362) to work on /home/airflow/.local/lib/python3.10/site-packages/airflow/example_dags/example_sla_dag.py
[2025-06-27T00:28:40.264+0000] {processor.py:830} INFO - Processing file /home/airflow/.local/lib/python3.10/site-packages/airflow/example_dags/example_sla_dag.py for tasks to queue
[2025-06-27T00:28:40.267+0000] {logging_mixin.py:188} INFO - [2025-06-27T00:28:40.266+0000] {dagbag.py:545} INFO - Filling up the DagBag from /home/airflow/.local/lib/python3.10/site-packages/airflow/example_dags/example_sla_dag.py
[2025-06-27T00:28:40.269+0000] {logging_mixin.py:188} INFO - [2025-06-27T00:28:40.269+0000] {dagbag.py:337} DEBUG - Importing /home/airflow/.local/lib/python3.10/site-packages/airflow/example_dags/example_sla_dag.py
[2025-06-27T00:28:40.277+0000] {logging_mixin.py:188} INFO - [2025-06-27T00:28:40.276+0000] {GetText.py:65} DEBUG - /home/airflow/.local/lib/python3.10/site-packages/cron_descriptor/locale/en_US.mo Loaded
[2025-06-27T00:28:40.292+0000] {logging_mixin.py:188} INFO - [2025-06-27T00:28:40.290+0000] {dagbag.py:511} DEBUG - Loaded DAG <DAG: example_sla_dag>
[2025-06-27T00:28:40.294+0000] {processor.py:840} INFO - DAG(s) 'example_sla_dag' retrieved from /home/airflow/.local/lib/python3.10/site-packages/airflow/example_dags/example_sla_dag.py
[2025-06-27T00:28:40.297+0000] {logging_mixin.py:188} INFO - [2025-06-27T00:28:40.297+0000] {dagbag.py:667} DEBUG - Running dagbag.sync_to_db with retries. Try 1 of 3
[2025-06-27T00:28:40.298+0000] {logging_mixin.py:188} INFO - [2025-06-27T00:28:40.298+0000] {dagbag.py:672} DEBUG - Calling the DAG.bulk_sync_to_db method
[2025-06-27T00:28:40.321+0000] {logging_mixin.py:188} INFO - [2025-06-27T00:28:40.320+0000] {serialized_dag.py:166} DEBUG - Checking if DAG (example_sla_dag) changed
[2025-06-27T00:28:40.334+0000] {logging_mixin.py:188} INFO - [2025-06-27T00:28:40.333+0000] {serialized_dag.py:177} DEBUG - Serialized DAG (example_sla_dag) is unchanged. Skipping writing to DB
[2025-06-27T00:28:40.335+0000] {logging_mixin.py:188} INFO - [2025-06-27T00:28:40.334+0000] {dag.py:3096} INFO - Sync 1 DAGs
[2025-06-27T00:28:40.367+0000] {logging_mixin.py:188} INFO - [2025-06-27T00:28:40.367+0000] {dag.py:3954} INFO - Setting next_dagrun for example_sla_dag to 2025-06-27 00:26:00+00:00, run_after=2025-06-27 00:28:00+00:00
[2025-06-27T00:28:40.394+0000] {processor.py:183} INFO - Processing /home/airflow/.local/lib/python3.10/site-packages/airflow/example_dags/example_sla_dag.py took 0.148 seconds
[2025-06-27T00:29:12.316+0000] {logging_mixin.py:188} INFO - [2025-06-27T00:29:12.314+0000] {settings.py:250} DEBUG - Setting up DB connection pool (PID 14425)
[2025-06-27T00:29:12.318+0000] {logging_mixin.py:188} INFO - [2025-06-27T00:29:12.318+0000] {settings.py:330} DEBUG - settings.prepare_engine_args(): Using pool settings. pool_size=5, max_overflow=10, pool_recycle=1800, pid=14425
[2025-06-27T00:29:12.329+0000] {processor.py:161} INFO - Started process (PID=14425) to work on /home/airflow/.local/lib/python3.10/site-packages/airflow/example_dags/example_sla_dag.py
[2025-06-27T00:29:12.332+0000] {processor.py:830} INFO - Processing file /home/airflow/.local/lib/python3.10/site-packages/airflow/example_dags/example_sla_dag.py for tasks to queue
[2025-06-27T00:29:12.333+0000] {logging_mixin.py:188} INFO - [2025-06-27T00:29:12.333+0000] {dagbag.py:545} INFO - Filling up the DagBag from /home/airflow/.local/lib/python3.10/site-packages/airflow/example_dags/example_sla_dag.py
[2025-06-27T00:29:12.337+0000] {logging_mixin.py:188} INFO - [2025-06-27T00:29:12.336+0000] {dagbag.py:337} DEBUG - Importing /home/airflow/.local/lib/python3.10/site-packages/airflow/example_dags/example_sla_dag.py
[2025-06-27T00:29:12.343+0000] {logging_mixin.py:188} INFO - [2025-06-27T00:29:12.342+0000] {GetText.py:65} DEBUG - /home/airflow/.local/lib/python3.10/site-packages/cron_descriptor/locale/en_US.mo Loaded
[2025-06-27T00:29:12.355+0000] {logging_mixin.py:188} INFO - [2025-06-27T00:29:12.353+0000] {dagbag.py:511} DEBUG - Loaded DAG <DAG: example_sla_dag>
[2025-06-27T00:29:12.356+0000] {processor.py:840} INFO - DAG(s) 'example_sla_dag' retrieved from /home/airflow/.local/lib/python3.10/site-packages/airflow/example_dags/example_sla_dag.py
[2025-06-27T00:29:12.359+0000] {logging_mixin.py:188} INFO - [2025-06-27T00:29:12.359+0000] {dagbag.py:667} DEBUG - Running dagbag.sync_to_db with retries. Try 1 of 3
[2025-06-27T00:29:12.361+0000] {logging_mixin.py:188} INFO - [2025-06-27T00:29:12.361+0000] {dagbag.py:672} DEBUG - Calling the DAG.bulk_sync_to_db method
[2025-06-27T00:29:12.387+0000] {logging_mixin.py:188} INFO - [2025-06-27T00:29:12.386+0000] {serialized_dag.py:166} DEBUG - Checking if DAG (example_sla_dag) changed
[2025-06-27T00:29:12.400+0000] {logging_mixin.py:188} INFO - [2025-06-27T00:29:12.400+0000] {serialized_dag.py:177} DEBUG - Serialized DAG (example_sla_dag) is unchanged. Skipping writing to DB
[2025-06-27T00:29:12.401+0000] {logging_mixin.py:188} INFO - [2025-06-27T00:29:12.401+0000] {dag.py:3096} INFO - Sync 1 DAGs
[2025-06-27T00:29:12.450+0000] {logging_mixin.py:188} INFO - [2025-06-27T00:29:12.449+0000] {dag.py:3954} INFO - Setting next_dagrun for example_sla_dag to 2025-06-27 00:26:00+00:00, run_after=2025-06-27 00:28:00+00:00
[2025-06-27T00:29:12.481+0000] {processor.py:183} INFO - Processing /home/airflow/.local/lib/python3.10/site-packages/airflow/example_dags/example_sla_dag.py took 0.167 seconds
[2025-06-27T00:29:42.687+0000] {logging_mixin.py:188} INFO - [2025-06-27T00:29:42.685+0000] {settings.py:250} DEBUG - Setting up DB connection pool (PID 14486)
[2025-06-27T00:29:42.691+0000] {logging_mixin.py:188} INFO - [2025-06-27T00:29:42.691+0000] {settings.py:330} DEBUG - settings.prepare_engine_args(): Using pool settings. pool_size=5, max_overflow=10, pool_recycle=1800, pid=14486
[2025-06-27T00:29:42.712+0000] {processor.py:161} INFO - Started process (PID=14486) to work on /home/airflow/.local/lib/python3.10/site-packages/airflow/example_dags/example_sla_dag.py
[2025-06-27T00:29:42.714+0000] {processor.py:830} INFO - Processing file /home/airflow/.local/lib/python3.10/site-packages/airflow/example_dags/example_sla_dag.py for tasks to queue
[2025-06-27T00:29:42.716+0000] {logging_mixin.py:188} INFO - [2025-06-27T00:29:42.716+0000] {dagbag.py:545} INFO - Filling up the DagBag from /home/airflow/.local/lib/python3.10/site-packages/airflow/example_dags/example_sla_dag.py
[2025-06-27T00:29:42.720+0000] {logging_mixin.py:188} INFO - [2025-06-27T00:29:42.719+0000] {dagbag.py:337} DEBUG - Importing /home/airflow/.local/lib/python3.10/site-packages/airflow/example_dags/example_sla_dag.py
[2025-06-27T00:29:42.728+0000] {logging_mixin.py:188} INFO - [2025-06-27T00:29:42.728+0000] {GetText.py:65} DEBUG - /home/airflow/.local/lib/python3.10/site-packages/cron_descriptor/locale/en_US.mo Loaded
[2025-06-27T00:29:42.751+0000] {logging_mixin.py:188} INFO - [2025-06-27T00:29:42.748+0000] {dagbag.py:511} DEBUG - Loaded DAG <DAG: example_sla_dag>
[2025-06-27T00:29:42.752+0000] {processor.py:840} INFO - DAG(s) 'example_sla_dag' retrieved from /home/airflow/.local/lib/python3.10/site-packages/airflow/example_dags/example_sla_dag.py
[2025-06-27T00:29:42.756+0000] {logging_mixin.py:188} INFO - [2025-06-27T00:29:42.756+0000] {dagbag.py:667} DEBUG - Running dagbag.sync_to_db with retries. Try 1 of 3
[2025-06-27T00:29:42.757+0000] {logging_mixin.py:188} INFO - [2025-06-27T00:29:42.757+0000] {dagbag.py:672} DEBUG - Calling the DAG.bulk_sync_to_db method
[2025-06-27T00:29:42.785+0000] {logging_mixin.py:188} INFO - [2025-06-27T00:29:42.785+0000] {serialized_dag.py:166} DEBUG - Checking if DAG (example_sla_dag) changed
[2025-06-27T00:29:42.805+0000] {logging_mixin.py:188} INFO - [2025-06-27T00:29:42.805+0000] {serialized_dag.py:177} DEBUG - Serialized DAG (example_sla_dag) is unchanged. Skipping writing to DB
[2025-06-27T00:29:42.806+0000] {logging_mixin.py:188} INFO - [2025-06-27T00:29:42.806+0000] {dag.py:3096} INFO - Sync 1 DAGs
[2025-06-27T00:29:42.848+0000] {logging_mixin.py:188} INFO - [2025-06-27T00:29:42.847+0000] {dag.py:3954} INFO - Setting next_dagrun for example_sla_dag to 2025-06-27 00:26:00+00:00, run_after=2025-06-27 00:28:00+00:00
[2025-06-27T00:29:42.879+0000] {processor.py:183} INFO - Processing /home/airflow/.local/lib/python3.10/site-packages/airflow/example_dags/example_sla_dag.py took 0.193 seconds
[2025-06-27T00:30:13.118+0000] {logging_mixin.py:188} INFO - [2025-06-27T00:30:13.117+0000] {settings.py:250} DEBUG - Setting up DB connection pool (PID 14557)
[2025-06-27T00:30:13.121+0000] {logging_mixin.py:188} INFO - [2025-06-27T00:30:13.121+0000] {settings.py:330} DEBUG - settings.prepare_engine_args(): Using pool settings. pool_size=5, max_overflow=10, pool_recycle=1800, pid=14557
[2025-06-27T00:30:13.142+0000] {processor.py:161} INFO - Started process (PID=14557) to work on /home/airflow/.local/lib/python3.10/site-packages/airflow/example_dags/example_sla_dag.py
[2025-06-27T00:30:13.145+0000] {processor.py:830} INFO - Processing file /home/airflow/.local/lib/python3.10/site-packages/airflow/example_dags/example_sla_dag.py for tasks to queue
[2025-06-27T00:30:13.148+0000] {logging_mixin.py:188} INFO - [2025-06-27T00:30:13.148+0000] {dagbag.py:545} INFO - Filling up the DagBag from /home/airflow/.local/lib/python3.10/site-packages/airflow/example_dags/example_sla_dag.py
[2025-06-27T00:30:13.151+0000] {logging_mixin.py:188} INFO - [2025-06-27T00:30:13.151+0000] {dagbag.py:337} DEBUG - Importing /home/airflow/.local/lib/python3.10/site-packages/airflow/example_dags/example_sla_dag.py
[2025-06-27T00:30:13.159+0000] {logging_mixin.py:188} INFO - [2025-06-27T00:30:13.159+0000] {GetText.py:65} DEBUG - /home/airflow/.local/lib/python3.10/site-packages/cron_descriptor/locale/en_US.mo Loaded
[2025-06-27T00:30:13.174+0000] {logging_mixin.py:188} INFO - [2025-06-27T00:30:13.172+0000] {dagbag.py:511} DEBUG - Loaded DAG <DAG: example_sla_dag>
[2025-06-27T00:30:13.176+0000] {processor.py:840} INFO - DAG(s) 'example_sla_dag' retrieved from /home/airflow/.local/lib/python3.10/site-packages/airflow/example_dags/example_sla_dag.py
[2025-06-27T00:30:13.180+0000] {logging_mixin.py:188} INFO - [2025-06-27T00:30:13.179+0000] {dagbag.py:667} DEBUG - Running dagbag.sync_to_db with retries. Try 1 of 3
[2025-06-27T00:30:13.182+0000] {logging_mixin.py:188} INFO - [2025-06-27T00:30:13.180+0000] {dagbag.py:672} DEBUG - Calling the DAG.bulk_sync_to_db method
[2025-06-27T00:30:13.216+0000] {logging_mixin.py:188} INFO - [2025-06-27T00:30:13.215+0000] {serialized_dag.py:166} DEBUG - Checking if DAG (example_sla_dag) changed
[2025-06-27T00:30:13.236+0000] {logging_mixin.py:188} INFO - [2025-06-27T00:30:13.236+0000] {serialized_dag.py:177} DEBUG - Serialized DAG (example_sla_dag) is unchanged. Skipping writing to DB
[2025-06-27T00:30:13.239+0000] {logging_mixin.py:188} INFO - [2025-06-27T00:30:13.238+0000] {dag.py:3096} INFO - Sync 1 DAGs
[2025-06-27T00:30:13.294+0000] {logging_mixin.py:188} INFO - [2025-06-27T00:30:13.293+0000] {dag.py:3954} INFO - Setting next_dagrun for example_sla_dag to 2025-06-27 00:28:00+00:00, run_after=2025-06-27 00:30:00+00:00
[2025-06-27T00:30:13.337+0000] {processor.py:183} INFO - Processing /home/airflow/.local/lib/python3.10/site-packages/airflow/example_dags/example_sla_dag.py took 0.221 seconds
[2025-06-27T00:30:43.712+0000] {logging_mixin.py:188} INFO - [2025-06-27T00:30:43.710+0000] {settings.py:250} DEBUG - Setting up DB connection pool (PID 14618)
[2025-06-27T00:30:43.715+0000] {logging_mixin.py:188} INFO - [2025-06-27T00:30:43.715+0000] {settings.py:330} DEBUG - settings.prepare_engine_args(): Using pool settings. pool_size=5, max_overflow=10, pool_recycle=1800, pid=14618
[2025-06-27T00:30:43.726+0000] {processor.py:161} INFO - Started process (PID=14618) to work on /home/airflow/.local/lib/python3.10/site-packages/airflow/example_dags/example_sla_dag.py
[2025-06-27T00:30:43.727+0000] {processor.py:830} INFO - Processing file /home/airflow/.local/lib/python3.10/site-packages/airflow/example_dags/example_sla_dag.py for tasks to queue
[2025-06-27T00:30:43.729+0000] {logging_mixin.py:188} INFO - [2025-06-27T00:30:43.729+0000] {dagbag.py:545} INFO - Filling up the DagBag from /home/airflow/.local/lib/python3.10/site-packages/airflow/example_dags/example_sla_dag.py
[2025-06-27T00:30:43.732+0000] {logging_mixin.py:188} INFO - [2025-06-27T00:30:43.731+0000] {dagbag.py:337} DEBUG - Importing /home/airflow/.local/lib/python3.10/site-packages/airflow/example_dags/example_sla_dag.py
[2025-06-27T00:30:43.737+0000] {logging_mixin.py:188} INFO - [2025-06-27T00:30:43.737+0000] {GetText.py:65} DEBUG - /home/airflow/.local/lib/python3.10/site-packages/cron_descriptor/locale/en_US.mo Loaded
[2025-06-27T00:30:43.757+0000] {logging_mixin.py:188} INFO - [2025-06-27T00:30:43.754+0000] {dagbag.py:511} DEBUG - Loaded DAG <DAG: example_sla_dag>
[2025-06-27T00:30:43.758+0000] {processor.py:840} INFO - DAG(s) 'example_sla_dag' retrieved from /home/airflow/.local/lib/python3.10/site-packages/airflow/example_dags/example_sla_dag.py
[2025-06-27T00:30:43.761+0000] {logging_mixin.py:188} INFO - [2025-06-27T00:30:43.761+0000] {dagbag.py:667} DEBUG - Running dagbag.sync_to_db with retries. Try 1 of 3
[2025-06-27T00:30:43.762+0000] {logging_mixin.py:188} INFO - [2025-06-27T00:30:43.762+0000] {dagbag.py:672} DEBUG - Calling the DAG.bulk_sync_to_db method
[2025-06-27T00:30:43.789+0000] {logging_mixin.py:188} INFO - [2025-06-27T00:30:43.788+0000] {serialized_dag.py:166} DEBUG - Checking if DAG (example_sla_dag) changed
[2025-06-27T00:30:43.809+0000] {logging_mixin.py:188} INFO - [2025-06-27T00:30:43.808+0000] {serialized_dag.py:177} DEBUG - Serialized DAG (example_sla_dag) is unchanged. Skipping writing to DB
[2025-06-27T00:30:43.812+0000] {logging_mixin.py:188} INFO - [2025-06-27T00:30:43.811+0000] {dag.py:3096} INFO - Sync 1 DAGs
[2025-06-27T00:30:43.858+0000] {logging_mixin.py:188} INFO - [2025-06-27T00:30:43.858+0000] {dag.py:3954} INFO - Setting next_dagrun for example_sla_dag to 2025-06-27 00:28:00+00:00, run_after=2025-06-27 00:30:00+00:00
[2025-06-27T00:30:43.896+0000] {processor.py:183} INFO - Processing /home/airflow/.local/lib/python3.10/site-packages/airflow/example_dags/example_sla_dag.py took 0.186 seconds
[2025-06-27T00:31:14.061+0000] {logging_mixin.py:188} INFO - [2025-06-27T00:31:14.060+0000] {settings.py:250} DEBUG - Setting up DB connection pool (PID 14682)
[2025-06-27T00:31:14.064+0000] {logging_mixin.py:188} INFO - [2025-06-27T00:31:14.064+0000] {settings.py:330} DEBUG - settings.prepare_engine_args(): Using pool settings. pool_size=5, max_overflow=10, pool_recycle=1800, pid=14682
[2025-06-27T00:31:14.077+0000] {processor.py:161} INFO - Started process (PID=14682) to work on /home/airflow/.local/lib/python3.10/site-packages/airflow/example_dags/example_sla_dag.py
[2025-06-27T00:31:14.078+0000] {processor.py:830} INFO - Processing file /home/airflow/.local/lib/python3.10/site-packages/airflow/example_dags/example_sla_dag.py for tasks to queue
[2025-06-27T00:31:14.080+0000] {logging_mixin.py:188} INFO - [2025-06-27T00:31:14.080+0000] {dagbag.py:545} INFO - Filling up the DagBag from /home/airflow/.local/lib/python3.10/site-packages/airflow/example_dags/example_sla_dag.py
[2025-06-27T00:31:14.083+0000] {logging_mixin.py:188} INFO - [2025-06-27T00:31:14.082+0000] {dagbag.py:337} DEBUG - Importing /home/airflow/.local/lib/python3.10/site-packages/airflow/example_dags/example_sla_dag.py
[2025-06-27T00:31:14.092+0000] {logging_mixin.py:188} INFO - [2025-06-27T00:31:14.091+0000] {GetText.py:65} DEBUG - /home/airflow/.local/lib/python3.10/site-packages/cron_descriptor/locale/en_US.mo Loaded
[2025-06-27T00:31:14.105+0000] {logging_mixin.py:188} INFO - [2025-06-27T00:31:14.103+0000] {dagbag.py:511} DEBUG - Loaded DAG <DAG: example_sla_dag>
[2025-06-27T00:31:14.106+0000] {processor.py:840} INFO - DAG(s) 'example_sla_dag' retrieved from /home/airflow/.local/lib/python3.10/site-packages/airflow/example_dags/example_sla_dag.py
[2025-06-27T00:31:14.108+0000] {logging_mixin.py:188} INFO - [2025-06-27T00:31:14.108+0000] {dagbag.py:667} DEBUG - Running dagbag.sync_to_db with retries. Try 1 of 3
[2025-06-27T00:31:14.109+0000] {logging_mixin.py:188} INFO - [2025-06-27T00:31:14.109+0000] {dagbag.py:672} DEBUG - Calling the DAG.bulk_sync_to_db method
[2025-06-27T00:31:14.136+0000] {logging_mixin.py:188} INFO - [2025-06-27T00:31:14.136+0000] {serialized_dag.py:166} DEBUG - Checking if DAG (example_sla_dag) changed
[2025-06-27T00:31:14.151+0000] {logging_mixin.py:188} INFO - [2025-06-27T00:31:14.151+0000] {serialized_dag.py:177} DEBUG - Serialized DAG (example_sla_dag) is unchanged. Skipping writing to DB
[2025-06-27T00:31:14.152+0000] {logging_mixin.py:188} INFO - [2025-06-27T00:31:14.152+0000] {dag.py:3096} INFO - Sync 1 DAGs
[2025-06-27T00:31:14.190+0000] {logging_mixin.py:188} INFO - [2025-06-27T00:31:14.189+0000] {dag.py:3954} INFO - Setting next_dagrun for example_sla_dag to 2025-06-27 00:28:00+00:00, run_after=2025-06-27 00:30:00+00:00
[2025-06-27T00:31:14.219+0000] {processor.py:183} INFO - Processing /home/airflow/.local/lib/python3.10/site-packages/airflow/example_dags/example_sla_dag.py took 0.160 seconds
[2025-06-27T00:31:45.422+0000] {logging_mixin.py:188} INFO - [2025-06-27T00:31:45.421+0000] {settings.py:250} DEBUG - Setting up DB connection pool (PID 14745)
[2025-06-27T00:31:45.424+0000] {logging_mixin.py:188} INFO - [2025-06-27T00:31:45.424+0000] {settings.py:330} DEBUG - settings.prepare_engine_args(): Using pool settings. pool_size=5, max_overflow=10, pool_recycle=1800, pid=14745
[2025-06-27T00:31:45.436+0000] {processor.py:161} INFO - Started process (PID=14745) to work on /home/airflow/.local/lib/python3.10/site-packages/airflow/example_dags/example_sla_dag.py
[2025-06-27T00:31:45.438+0000] {processor.py:830} INFO - Processing file /home/airflow/.local/lib/python3.10/site-packages/airflow/example_dags/example_sla_dag.py for tasks to queue
[2025-06-27T00:31:45.440+0000] {logging_mixin.py:188} INFO - [2025-06-27T00:31:45.439+0000] {dagbag.py:545} INFO - Filling up the DagBag from /home/airflow/.local/lib/python3.10/site-packages/airflow/example_dags/example_sla_dag.py
[2025-06-27T00:31:45.442+0000] {logging_mixin.py:188} INFO - [2025-06-27T00:31:45.442+0000] {dagbag.py:337} DEBUG - Importing /home/airflow/.local/lib/python3.10/site-packages/airflow/example_dags/example_sla_dag.py
[2025-06-27T00:31:45.448+0000] {logging_mixin.py:188} INFO - [2025-06-27T00:31:45.448+0000] {GetText.py:65} DEBUG - /home/airflow/.local/lib/python3.10/site-packages/cron_descriptor/locale/en_US.mo Loaded
[2025-06-27T00:31:45.460+0000] {logging_mixin.py:188} INFO - [2025-06-27T00:31:45.458+0000] {dagbag.py:511} DEBUG - Loaded DAG <DAG: example_sla_dag>
[2025-06-27T00:31:45.461+0000] {processor.py:840} INFO - DAG(s) 'example_sla_dag' retrieved from /home/airflow/.local/lib/python3.10/site-packages/airflow/example_dags/example_sla_dag.py
[2025-06-27T00:31:45.463+0000] {logging_mixin.py:188} INFO - [2025-06-27T00:31:45.463+0000] {dagbag.py:667} DEBUG - Running dagbag.sync_to_db with retries. Try 1 of 3
[2025-06-27T00:31:45.464+0000] {logging_mixin.py:188} INFO - [2025-06-27T00:31:45.464+0000] {dagbag.py:672} DEBUG - Calling the DAG.bulk_sync_to_db method
[2025-06-27T00:31:45.485+0000] {logging_mixin.py:188} INFO - [2025-06-27T00:31:45.485+0000] {serialized_dag.py:166} DEBUG - Checking if DAG (example_sla_dag) changed
[2025-06-27T00:31:45.500+0000] {logging_mixin.py:188} INFO - [2025-06-27T00:31:45.499+0000] {serialized_dag.py:177} DEBUG - Serialized DAG (example_sla_dag) is unchanged. Skipping writing to DB
[2025-06-27T00:31:45.501+0000] {logging_mixin.py:188} INFO - [2025-06-27T00:31:45.501+0000] {dag.py:3096} INFO - Sync 1 DAGs
[2025-06-27T00:31:45.537+0000] {logging_mixin.py:188} INFO - [2025-06-27T00:31:45.536+0000] {dag.py:3954} INFO - Setting next_dagrun for example_sla_dag to 2025-06-27 00:28:00+00:00, run_after=2025-06-27 00:30:00+00:00
[2025-06-27T00:31:45.565+0000] {processor.py:183} INFO - Processing /home/airflow/.local/lib/python3.10/site-packages/airflow/example_dags/example_sla_dag.py took 0.144 seconds
[2025-06-27T00:32:16.267+0000] {logging_mixin.py:188} INFO - [2025-06-27T00:32:16.266+0000] {settings.py:250} DEBUG - Setting up DB connection pool (PID 14806)
[2025-06-27T00:32:16.269+0000] {logging_mixin.py:188} INFO - [2025-06-27T00:32:16.269+0000] {settings.py:330} DEBUG - settings.prepare_engine_args(): Using pool settings. pool_size=5, max_overflow=10, pool_recycle=1800, pid=14806
[2025-06-27T00:32:16.280+0000] {processor.py:161} INFO - Started process (PID=14806) to work on /home/airflow/.local/lib/python3.10/site-packages/airflow/example_dags/example_sla_dag.py
[2025-06-27T00:32:16.281+0000] {processor.py:830} INFO - Processing file /home/airflow/.local/lib/python3.10/site-packages/airflow/example_dags/example_sla_dag.py for tasks to queue
[2025-06-27T00:32:16.285+0000] {logging_mixin.py:188} INFO - [2025-06-27T00:32:16.284+0000] {dagbag.py:545} INFO - Filling up the DagBag from /home/airflow/.local/lib/python3.10/site-packages/airflow/example_dags/example_sla_dag.py
[2025-06-27T00:32:16.288+0000] {logging_mixin.py:188} INFO - [2025-06-27T00:32:16.287+0000] {dagbag.py:337} DEBUG - Importing /home/airflow/.local/lib/python3.10/site-packages/airflow/example_dags/example_sla_dag.py
[2025-06-27T00:32:16.295+0000] {logging_mixin.py:188} INFO - [2025-06-27T00:32:16.295+0000] {GetText.py:65} DEBUG - /home/airflow/.local/lib/python3.10/site-packages/cron_descriptor/locale/en_US.mo Loaded
[2025-06-27T00:32:16.308+0000] {logging_mixin.py:188} INFO - [2025-06-27T00:32:16.306+0000] {dagbag.py:511} DEBUG - Loaded DAG <DAG: example_sla_dag>
[2025-06-27T00:32:16.309+0000] {processor.py:840} INFO - DAG(s) 'example_sla_dag' retrieved from /home/airflow/.local/lib/python3.10/site-packages/airflow/example_dags/example_sla_dag.py
[2025-06-27T00:32:16.311+0000] {logging_mixin.py:188} INFO - [2025-06-27T00:32:16.311+0000] {dagbag.py:667} DEBUG - Running dagbag.sync_to_db with retries. Try 1 of 3
[2025-06-27T00:32:16.312+0000] {logging_mixin.py:188} INFO - [2025-06-27T00:32:16.311+0000] {dagbag.py:672} DEBUG - Calling the DAG.bulk_sync_to_db method
[2025-06-27T00:32:16.337+0000] {logging_mixin.py:188} INFO - [2025-06-27T00:32:16.336+0000] {serialized_dag.py:166} DEBUG - Checking if DAG (example_sla_dag) changed
[2025-06-27T00:32:16.351+0000] {logging_mixin.py:188} INFO - [2025-06-27T00:32:16.351+0000] {serialized_dag.py:177} DEBUG - Serialized DAG (example_sla_dag) is unchanged. Skipping writing to DB
[2025-06-27T00:32:16.352+0000] {logging_mixin.py:188} INFO - [2025-06-27T00:32:16.352+0000] {dag.py:3096} INFO - Sync 1 DAGs
[2025-06-27T00:32:16.391+0000] {logging_mixin.py:188} INFO - [2025-06-27T00:32:16.391+0000] {dag.py:3954} INFO - Setting next_dagrun for example_sla_dag to 2025-06-27 00:30:00+00:00, run_after=2025-06-27 00:32:00+00:00
[2025-06-27T00:32:16.423+0000] {processor.py:183} INFO - Processing /home/airflow/.local/lib/python3.10/site-packages/airflow/example_dags/example_sla_dag.py took 0.157 seconds
[2025-06-27T00:32:47.039+0000] {logging_mixin.py:188} INFO - [2025-06-27T00:32:47.038+0000] {settings.py:250} DEBUG - Setting up DB connection pool (PID 14869)
[2025-06-27T00:32:47.042+0000] {logging_mixin.py:188} INFO - [2025-06-27T00:32:47.041+0000] {settings.py:330} DEBUG - settings.prepare_engine_args(): Using pool settings. pool_size=5, max_overflow=10, pool_recycle=1800, pid=14869
[2025-06-27T00:32:47.053+0000] {processor.py:161} INFO - Started process (PID=14869) to work on /home/airflow/.local/lib/python3.10/site-packages/airflow/example_dags/example_sla_dag.py
[2025-06-27T00:32:47.055+0000] {processor.py:830} INFO - Processing file /home/airflow/.local/lib/python3.10/site-packages/airflow/example_dags/example_sla_dag.py for tasks to queue
[2025-06-27T00:32:47.057+0000] {logging_mixin.py:188} INFO - [2025-06-27T00:32:47.057+0000] {dagbag.py:545} INFO - Filling up the DagBag from /home/airflow/.local/lib/python3.10/site-packages/airflow/example_dags/example_sla_dag.py
[2025-06-27T00:32:47.060+0000] {logging_mixin.py:188} INFO - [2025-06-27T00:32:47.060+0000] {dagbag.py:337} DEBUG - Importing /home/airflow/.local/lib/python3.10/site-packages/airflow/example_dags/example_sla_dag.py
[2025-06-27T00:32:47.066+0000] {logging_mixin.py:188} INFO - [2025-06-27T00:32:47.066+0000] {GetText.py:65} DEBUG - /home/airflow/.local/lib/python3.10/site-packages/cron_descriptor/locale/en_US.mo Loaded
[2025-06-27T00:32:47.077+0000] {logging_mixin.py:188} INFO - [2025-06-27T00:32:47.075+0000] {dagbag.py:511} DEBUG - Loaded DAG <DAG: example_sla_dag>
[2025-06-27T00:32:47.078+0000] {processor.py:840} INFO - DAG(s) 'example_sla_dag' retrieved from /home/airflow/.local/lib/python3.10/site-packages/airflow/example_dags/example_sla_dag.py
[2025-06-27T00:32:47.080+0000] {logging_mixin.py:188} INFO - [2025-06-27T00:32:47.080+0000] {dagbag.py:667} DEBUG - Running dagbag.sync_to_db with retries. Try 1 of 3
[2025-06-27T00:32:47.081+0000] {logging_mixin.py:188} INFO - [2025-06-27T00:32:47.081+0000] {dagbag.py:672} DEBUG - Calling the DAG.bulk_sync_to_db method
[2025-06-27T00:32:47.101+0000] {logging_mixin.py:188} INFO - [2025-06-27T00:32:47.101+0000] {serialized_dag.py:166} DEBUG - Checking if DAG (example_sla_dag) changed
[2025-06-27T00:32:47.114+0000] {logging_mixin.py:188} INFO - [2025-06-27T00:32:47.114+0000] {serialized_dag.py:177} DEBUG - Serialized DAG (example_sla_dag) is unchanged. Skipping writing to DB
[2025-06-27T00:32:47.115+0000] {logging_mixin.py:188} INFO - [2025-06-27T00:32:47.115+0000] {dag.py:3096} INFO - Sync 1 DAGs
[2025-06-27T00:32:47.166+0000] {logging_mixin.py:188} INFO - [2025-06-27T00:32:47.165+0000] {dag.py:3954} INFO - Setting next_dagrun for example_sla_dag to 2025-06-27 00:30:00+00:00, run_after=2025-06-27 00:32:00+00:00
[2025-06-27T00:32:47.198+0000] {processor.py:183} INFO - Processing /home/airflow/.local/lib/python3.10/site-packages/airflow/example_dags/example_sla_dag.py took 0.160 seconds
[2025-06-27T00:33:17.449+0000] {logging_mixin.py:188} INFO - [2025-06-27T00:33:17.448+0000] {settings.py:250} DEBUG - Setting up DB connection pool (PID 14932)
[2025-06-27T00:33:17.451+0000] {logging_mixin.py:188} INFO - [2025-06-27T00:33:17.451+0000] {settings.py:330} DEBUG - settings.prepare_engine_args(): Using pool settings. pool_size=5, max_overflow=10, pool_recycle=1800, pid=14932
[2025-06-27T00:33:17.464+0000] {processor.py:161} INFO - Started process (PID=14932) to work on /home/airflow/.local/lib/python3.10/site-packages/airflow/example_dags/example_sla_dag.py
[2025-06-27T00:33:17.465+0000] {processor.py:830} INFO - Processing file /home/airflow/.local/lib/python3.10/site-packages/airflow/example_dags/example_sla_dag.py for tasks to queue
[2025-06-27T00:33:17.467+0000] {logging_mixin.py:188} INFO - [2025-06-27T00:33:17.467+0000] {dagbag.py:545} INFO - Filling up the DagBag from /home/airflow/.local/lib/python3.10/site-packages/airflow/example_dags/example_sla_dag.py
[2025-06-27T00:33:17.470+0000] {logging_mixin.py:188} INFO - [2025-06-27T00:33:17.470+0000] {dagbag.py:337} DEBUG - Importing /home/airflow/.local/lib/python3.10/site-packages/airflow/example_dags/example_sla_dag.py
[2025-06-27T00:33:17.476+0000] {logging_mixin.py:188} INFO - [2025-06-27T00:33:17.476+0000] {GetText.py:65} DEBUG - /home/airflow/.local/lib/python3.10/site-packages/cron_descriptor/locale/en_US.mo Loaded
[2025-06-27T00:33:17.487+0000] {logging_mixin.py:188} INFO - [2025-06-27T00:33:17.485+0000] {dagbag.py:511} DEBUG - Loaded DAG <DAG: example_sla_dag>
[2025-06-27T00:33:17.488+0000] {processor.py:840} INFO - DAG(s) 'example_sla_dag' retrieved from /home/airflow/.local/lib/python3.10/site-packages/airflow/example_dags/example_sla_dag.py
[2025-06-27T00:33:17.490+0000] {logging_mixin.py:188} INFO - [2025-06-27T00:33:17.490+0000] {dagbag.py:667} DEBUG - Running dagbag.sync_to_db with retries. Try 1 of 3
[2025-06-27T00:33:17.491+0000] {logging_mixin.py:188} INFO - [2025-06-27T00:33:17.491+0000] {dagbag.py:672} DEBUG - Calling the DAG.bulk_sync_to_db method
[2025-06-27T00:33:17.512+0000] {logging_mixin.py:188} INFO - [2025-06-27T00:33:17.512+0000] {serialized_dag.py:166} DEBUG - Checking if DAG (example_sla_dag) changed
[2025-06-27T00:33:17.538+0000] {logging_mixin.py:188} INFO - [2025-06-27T00:33:17.538+0000] {serialized_dag.py:177} DEBUG - Serialized DAG (example_sla_dag) is unchanged. Skipping writing to DB
[2025-06-27T00:33:17.540+0000] {logging_mixin.py:188} INFO - [2025-06-27T00:33:17.539+0000] {dag.py:3096} INFO - Sync 1 DAGs
[2025-06-27T00:33:17.585+0000] {logging_mixin.py:188} INFO - [2025-06-27T00:33:17.585+0000] {dag.py:3954} INFO - Setting next_dagrun for example_sla_dag to 2025-06-27 00:30:00+00:00, run_after=2025-06-27 00:32:00+00:00
[2025-06-27T00:33:17.612+0000] {processor.py:183} INFO - Processing /home/airflow/.local/lib/python3.10/site-packages/airflow/example_dags/example_sla_dag.py took 0.165 seconds
[2025-06-27T00:33:47.774+0000] {logging_mixin.py:188} INFO - [2025-06-27T00:33:47.773+0000] {settings.py:250} DEBUG - Setting up DB connection pool (PID 14995)
[2025-06-27T00:33:47.776+0000] {logging_mixin.py:188} INFO - [2025-06-27T00:33:47.776+0000] {settings.py:330} DEBUG - settings.prepare_engine_args(): Using pool settings. pool_size=5, max_overflow=10, pool_recycle=1800, pid=14995
[2025-06-27T00:33:47.786+0000] {processor.py:161} INFO - Started process (PID=14995) to work on /home/airflow/.local/lib/python3.10/site-packages/airflow/example_dags/example_sla_dag.py
[2025-06-27T00:33:47.787+0000] {processor.py:830} INFO - Processing file /home/airflow/.local/lib/python3.10/site-packages/airflow/example_dags/example_sla_dag.py for tasks to queue
[2025-06-27T00:33:47.788+0000] {logging_mixin.py:188} INFO - [2025-06-27T00:33:47.788+0000] {dagbag.py:545} INFO - Filling up the DagBag from /home/airflow/.local/lib/python3.10/site-packages/airflow/example_dags/example_sla_dag.py
[2025-06-27T00:33:47.791+0000] {logging_mixin.py:188} INFO - [2025-06-27T00:33:47.791+0000] {dagbag.py:337} DEBUG - Importing /home/airflow/.local/lib/python3.10/site-packages/airflow/example_dags/example_sla_dag.py
[2025-06-27T00:33:47.796+0000] {logging_mixin.py:188} INFO - [2025-06-27T00:33:47.796+0000] {GetText.py:65} DEBUG - /home/airflow/.local/lib/python3.10/site-packages/cron_descriptor/locale/en_US.mo Loaded
[2025-06-27T00:33:47.807+0000] {logging_mixin.py:188} INFO - [2025-06-27T00:33:47.805+0000] {dagbag.py:511} DEBUG - Loaded DAG <DAG: example_sla_dag>
[2025-06-27T00:33:47.808+0000] {processor.py:840} INFO - DAG(s) 'example_sla_dag' retrieved from /home/airflow/.local/lib/python3.10/site-packages/airflow/example_dags/example_sla_dag.py
[2025-06-27T00:33:47.811+0000] {logging_mixin.py:188} INFO - [2025-06-27T00:33:47.810+0000] {dagbag.py:667} DEBUG - Running dagbag.sync_to_db with retries. Try 1 of 3
[2025-06-27T00:33:47.811+0000] {logging_mixin.py:188} INFO - [2025-06-27T00:33:47.811+0000] {dagbag.py:672} DEBUG - Calling the DAG.bulk_sync_to_db method
[2025-06-27T00:33:47.842+0000] {logging_mixin.py:188} INFO - [2025-06-27T00:33:47.841+0000] {serialized_dag.py:166} DEBUG - Checking if DAG (example_sla_dag) changed
[2025-06-27T00:33:47.859+0000] {logging_mixin.py:188} INFO - [2025-06-27T00:33:47.858+0000] {serialized_dag.py:177} DEBUG - Serialized DAG (example_sla_dag) is unchanged. Skipping writing to DB
[2025-06-27T00:33:47.860+0000] {logging_mixin.py:188} INFO - [2025-06-27T00:33:47.860+0000] {dag.py:3096} INFO - Sync 1 DAGs
[2025-06-27T00:33:47.904+0000] {logging_mixin.py:188} INFO - [2025-06-27T00:33:47.903+0000] {dag.py:3954} INFO - Setting next_dagrun for example_sla_dag to 2025-06-27 00:30:00+00:00, run_after=2025-06-27 00:32:00+00:00
[2025-06-27T00:33:47.947+0000] {processor.py:183} INFO - Processing /home/airflow/.local/lib/python3.10/site-packages/airflow/example_dags/example_sla_dag.py took 0.175 seconds
[2025-06-27T00:34:18.432+0000] {logging_mixin.py:188} INFO - [2025-06-27T00:34:18.431+0000] {settings.py:250} DEBUG - Setting up DB connection pool (PID 15058)
[2025-06-27T00:34:18.434+0000] {logging_mixin.py:188} INFO - [2025-06-27T00:34:18.434+0000] {settings.py:330} DEBUG - settings.prepare_engine_args(): Using pool settings. pool_size=5, max_overflow=10, pool_recycle=1800, pid=15058
[2025-06-27T00:34:18.445+0000] {processor.py:161} INFO - Started process (PID=15058) to work on /home/airflow/.local/lib/python3.10/site-packages/airflow/example_dags/example_sla_dag.py
[2025-06-27T00:34:18.446+0000] {processor.py:830} INFO - Processing file /home/airflow/.local/lib/python3.10/site-packages/airflow/example_dags/example_sla_dag.py for tasks to queue
[2025-06-27T00:34:18.447+0000] {logging_mixin.py:188} INFO - [2025-06-27T00:34:18.447+0000] {dagbag.py:545} INFO - Filling up the DagBag from /home/airflow/.local/lib/python3.10/site-packages/airflow/example_dags/example_sla_dag.py
[2025-06-27T00:34:18.450+0000] {logging_mixin.py:188} INFO - [2025-06-27T00:34:18.449+0000] {dagbag.py:337} DEBUG - Importing /home/airflow/.local/lib/python3.10/site-packages/airflow/example_dags/example_sla_dag.py
[2025-06-27T00:34:18.455+0000] {logging_mixin.py:188} INFO - [2025-06-27T00:34:18.455+0000] {GetText.py:65} DEBUG - /home/airflow/.local/lib/python3.10/site-packages/cron_descriptor/locale/en_US.mo Loaded
[2025-06-27T00:34:18.465+0000] {logging_mixin.py:188} INFO - [2025-06-27T00:34:18.463+0000] {dagbag.py:511} DEBUG - Loaded DAG <DAG: example_sla_dag>
[2025-06-27T00:34:18.466+0000] {processor.py:840} INFO - DAG(s) 'example_sla_dag' retrieved from /home/airflow/.local/lib/python3.10/site-packages/airflow/example_dags/example_sla_dag.py
[2025-06-27T00:34:18.470+0000] {logging_mixin.py:188} INFO - [2025-06-27T00:34:18.470+0000] {dagbag.py:667} DEBUG - Running dagbag.sync_to_db with retries. Try 1 of 3
[2025-06-27T00:34:18.471+0000] {logging_mixin.py:188} INFO - [2025-06-27T00:34:18.471+0000] {dagbag.py:672} DEBUG - Calling the DAG.bulk_sync_to_db method
[2025-06-27T00:34:18.494+0000] {logging_mixin.py:188} INFO - [2025-06-27T00:34:18.494+0000] {serialized_dag.py:166} DEBUG - Checking if DAG (example_sla_dag) changed
[2025-06-27T00:34:18.515+0000] {logging_mixin.py:188} INFO - [2025-06-27T00:34:18.515+0000] {serialized_dag.py:177} DEBUG - Serialized DAG (example_sla_dag) is unchanged. Skipping writing to DB
[2025-06-27T00:34:18.516+0000] {logging_mixin.py:188} INFO - [2025-06-27T00:34:18.516+0000] {dag.py:3096} INFO - Sync 1 DAGs
[2025-06-27T00:34:18.560+0000] {logging_mixin.py:188} INFO - [2025-06-27T00:34:18.559+0000] {dag.py:3954} INFO - Setting next_dagrun for example_sla_dag to 2025-06-27 00:32:00+00:00, run_after=2025-06-27 00:34:00+00:00
[2025-06-27T00:34:18.588+0000] {processor.py:183} INFO - Processing /home/airflow/.local/lib/python3.10/site-packages/airflow/example_dags/example_sla_dag.py took 0.158 seconds
[2025-06-27T00:34:49.378+0000] {logging_mixin.py:188} INFO - [2025-06-27T00:34:49.377+0000] {settings.py:250} DEBUG - Setting up DB connection pool (PID 15121)
[2025-06-27T00:34:49.380+0000] {logging_mixin.py:188} INFO - [2025-06-27T00:34:49.380+0000] {settings.py:330} DEBUG - settings.prepare_engine_args(): Using pool settings. pool_size=5, max_overflow=10, pool_recycle=1800, pid=15121
[2025-06-27T00:34:49.393+0000] {processor.py:161} INFO - Started process (PID=15121) to work on /home/airflow/.local/lib/python3.10/site-packages/airflow/example_dags/example_sla_dag.py
[2025-06-27T00:34:49.394+0000] {processor.py:830} INFO - Processing file /home/airflow/.local/lib/python3.10/site-packages/airflow/example_dags/example_sla_dag.py for tasks to queue
[2025-06-27T00:34:49.396+0000] {logging_mixin.py:188} INFO - [2025-06-27T00:34:49.396+0000] {dagbag.py:545} INFO - Filling up the DagBag from /home/airflow/.local/lib/python3.10/site-packages/airflow/example_dags/example_sla_dag.py
[2025-06-27T00:34:49.398+0000] {logging_mixin.py:188} INFO - [2025-06-27T00:34:49.398+0000] {dagbag.py:337} DEBUG - Importing /home/airflow/.local/lib/python3.10/site-packages/airflow/example_dags/example_sla_dag.py
[2025-06-27T00:34:49.404+0000] {logging_mixin.py:188} INFO - [2025-06-27T00:34:49.403+0000] {GetText.py:65} DEBUG - /home/airflow/.local/lib/python3.10/site-packages/cron_descriptor/locale/en_US.mo Loaded
[2025-06-27T00:34:49.413+0000] {logging_mixin.py:188} INFO - [2025-06-27T00:34:49.412+0000] {dagbag.py:511} DEBUG - Loaded DAG <DAG: example_sla_dag>
[2025-06-27T00:34:49.414+0000] {processor.py:840} INFO - DAG(s) 'example_sla_dag' retrieved from /home/airflow/.local/lib/python3.10/site-packages/airflow/example_dags/example_sla_dag.py
[2025-06-27T00:34:49.416+0000] {logging_mixin.py:188} INFO - [2025-06-27T00:34:49.416+0000] {dagbag.py:667} DEBUG - Running dagbag.sync_to_db with retries. Try 1 of 3
[2025-06-27T00:34:49.416+0000] {logging_mixin.py:188} INFO - [2025-06-27T00:34:49.416+0000] {dagbag.py:672} DEBUG - Calling the DAG.bulk_sync_to_db method
[2025-06-27T00:34:49.436+0000] {logging_mixin.py:188} INFO - [2025-06-27T00:34:49.436+0000] {serialized_dag.py:166} DEBUG - Checking if DAG (example_sla_dag) changed
[2025-06-27T00:34:49.447+0000] {logging_mixin.py:188} INFO - [2025-06-27T00:34:49.447+0000] {serialized_dag.py:177} DEBUG - Serialized DAG (example_sla_dag) is unchanged. Skipping writing to DB
[2025-06-27T00:34:49.448+0000] {logging_mixin.py:188} INFO - [2025-06-27T00:34:49.448+0000] {dag.py:3096} INFO - Sync 1 DAGs
[2025-06-27T00:34:49.478+0000] {logging_mixin.py:188} INFO - [2025-06-27T00:34:49.478+0000] {dag.py:3954} INFO - Setting next_dagrun for example_sla_dag to 2025-06-27 00:32:00+00:00, run_after=2025-06-27 00:34:00+00:00
[2025-06-27T00:34:49.505+0000] {processor.py:183} INFO - Processing /home/airflow/.local/lib/python3.10/site-packages/airflow/example_dags/example_sla_dag.py took 0.129 seconds
[2025-06-27T00:35:20.049+0000] {logging_mixin.py:188} INFO - [2025-06-27T00:35:20.047+0000] {settings.py:250} DEBUG - Setting up DB connection pool (PID 15184)
[2025-06-27T00:35:20.051+0000] {logging_mixin.py:188} INFO - [2025-06-27T00:35:20.051+0000] {settings.py:330} DEBUG - settings.prepare_engine_args(): Using pool settings. pool_size=5, max_overflow=10, pool_recycle=1800, pid=15184
[2025-06-27T00:35:20.065+0000] {processor.py:161} INFO - Started process (PID=15184) to work on /home/airflow/.local/lib/python3.10/site-packages/airflow/example_dags/example_sla_dag.py
[2025-06-27T00:35:20.067+0000] {processor.py:830} INFO - Processing file /home/airflow/.local/lib/python3.10/site-packages/airflow/example_dags/example_sla_dag.py for tasks to queue
[2025-06-27T00:35:20.068+0000] {logging_mixin.py:188} INFO - [2025-06-27T00:35:20.068+0000] {dagbag.py:545} INFO - Filling up the DagBag from /home/airflow/.local/lib/python3.10/site-packages/airflow/example_dags/example_sla_dag.py
[2025-06-27T00:35:20.072+0000] {logging_mixin.py:188} INFO - [2025-06-27T00:35:20.072+0000] {dagbag.py:337} DEBUG - Importing /home/airflow/.local/lib/python3.10/site-packages/airflow/example_dags/example_sla_dag.py
[2025-06-27T00:35:20.079+0000] {logging_mixin.py:188} INFO - [2025-06-27T00:35:20.079+0000] {GetText.py:65} DEBUG - /home/airflow/.local/lib/python3.10/site-packages/cron_descriptor/locale/en_US.mo Loaded
[2025-06-27T00:35:20.093+0000] {logging_mixin.py:188} INFO - [2025-06-27T00:35:20.090+0000] {dagbag.py:511} DEBUG - Loaded DAG <DAG: example_sla_dag>
[2025-06-27T00:35:20.094+0000] {processor.py:840} INFO - DAG(s) 'example_sla_dag' retrieved from /home/airflow/.local/lib/python3.10/site-packages/airflow/example_dags/example_sla_dag.py
[2025-06-27T00:35:20.097+0000] {logging_mixin.py:188} INFO - [2025-06-27T00:35:20.097+0000] {dagbag.py:667} DEBUG - Running dagbag.sync_to_db with retries. Try 1 of 3
[2025-06-27T00:35:20.098+0000] {logging_mixin.py:188} INFO - [2025-06-27T00:35:20.097+0000] {dagbag.py:672} DEBUG - Calling the DAG.bulk_sync_to_db method
[2025-06-27T00:35:20.125+0000] {logging_mixin.py:188} INFO - [2025-06-27T00:35:20.124+0000] {serialized_dag.py:166} DEBUG - Checking if DAG (example_sla_dag) changed
[2025-06-27T00:35:20.142+0000] {logging_mixin.py:188} INFO - [2025-06-27T00:35:20.141+0000] {serialized_dag.py:177} DEBUG - Serialized DAG (example_sla_dag) is unchanged. Skipping writing to DB
[2025-06-27T00:35:20.143+0000] {logging_mixin.py:188} INFO - [2025-06-27T00:35:20.143+0000] {dag.py:3096} INFO - Sync 1 DAGs
[2025-06-27T00:35:20.184+0000] {logging_mixin.py:188} INFO - [2025-06-27T00:35:20.183+0000] {dag.py:3954} INFO - Setting next_dagrun for example_sla_dag to 2025-06-27 00:32:00+00:00, run_after=2025-06-27 00:34:00+00:00
[2025-06-27T00:35:20.218+0000] {processor.py:183} INFO - Processing /home/airflow/.local/lib/python3.10/site-packages/airflow/example_dags/example_sla_dag.py took 0.171 seconds
[2025-06-27T00:35:50.733+0000] {logging_mixin.py:188} INFO - [2025-06-27T00:35:50.731+0000] {settings.py:250} DEBUG - Setting up DB connection pool (PID 15247)
[2025-06-27T00:35:50.735+0000] {logging_mixin.py:188} INFO - [2025-06-27T00:35:50.735+0000] {settings.py:330} DEBUG - settings.prepare_engine_args(): Using pool settings. pool_size=5, max_overflow=10, pool_recycle=1800, pid=15247
[2025-06-27T00:35:50.747+0000] {processor.py:161} INFO - Started process (PID=15247) to work on /home/airflow/.local/lib/python3.10/site-packages/airflow/example_dags/example_sla_dag.py
[2025-06-27T00:35:50.749+0000] {processor.py:830} INFO - Processing file /home/airflow/.local/lib/python3.10/site-packages/airflow/example_dags/example_sla_dag.py for tasks to queue
[2025-06-27T00:35:50.750+0000] {logging_mixin.py:188} INFO - [2025-06-27T00:35:50.750+0000] {dagbag.py:545} INFO - Filling up the DagBag from /home/airflow/.local/lib/python3.10/site-packages/airflow/example_dags/example_sla_dag.py
[2025-06-27T00:35:50.753+0000] {logging_mixin.py:188} INFO - [2025-06-27T00:35:50.753+0000] {dagbag.py:337} DEBUG - Importing /home/airflow/.local/lib/python3.10/site-packages/airflow/example_dags/example_sla_dag.py
[2025-06-27T00:35:50.759+0000] {logging_mixin.py:188} INFO - [2025-06-27T00:35:50.758+0000] {GetText.py:65} DEBUG - /home/airflow/.local/lib/python3.10/site-packages/cron_descriptor/locale/en_US.mo Loaded
[2025-06-27T00:35:50.772+0000] {logging_mixin.py:188} INFO - [2025-06-27T00:35:50.770+0000] {dagbag.py:511} DEBUG - Loaded DAG <DAG: example_sla_dag>
[2025-06-27T00:35:50.773+0000] {processor.py:840} INFO - DAG(s) 'example_sla_dag' retrieved from /home/airflow/.local/lib/python3.10/site-packages/airflow/example_dags/example_sla_dag.py
[2025-06-27T00:35:50.776+0000] {logging_mixin.py:188} INFO - [2025-06-27T00:35:50.775+0000] {dagbag.py:667} DEBUG - Running dagbag.sync_to_db with retries. Try 1 of 3
[2025-06-27T00:35:50.777+0000] {logging_mixin.py:188} INFO - [2025-06-27T00:35:50.776+0000] {dagbag.py:672} DEBUG - Calling the DAG.bulk_sync_to_db method
[2025-06-27T00:35:50.798+0000] {logging_mixin.py:188} INFO - [2025-06-27T00:35:50.798+0000] {serialized_dag.py:166} DEBUG - Checking if DAG (example_sla_dag) changed
[2025-06-27T00:35:50.813+0000] {logging_mixin.py:188} INFO - [2025-06-27T00:35:50.812+0000] {serialized_dag.py:177} DEBUG - Serialized DAG (example_sla_dag) is unchanged. Skipping writing to DB
[2025-06-27T00:35:50.815+0000] {logging_mixin.py:188} INFO - [2025-06-27T00:35:50.814+0000] {dag.py:3096} INFO - Sync 1 DAGs
[2025-06-27T00:35:50.856+0000] {logging_mixin.py:188} INFO - [2025-06-27T00:35:50.855+0000] {dag.py:3954} INFO - Setting next_dagrun for example_sla_dag to 2025-06-27 00:32:00+00:00, run_after=2025-06-27 00:34:00+00:00
[2025-06-27T00:35:50.897+0000] {processor.py:183} INFO - Processing /home/airflow/.local/lib/python3.10/site-packages/airflow/example_dags/example_sla_dag.py took 0.166 seconds
[2025-06-27T00:36:22.012+0000] {logging_mixin.py:188} INFO - [2025-06-27T00:36:22.010+0000] {settings.py:250} DEBUG - Setting up DB connection pool (PID 15310)
[2025-06-27T00:36:22.014+0000] {logging_mixin.py:188} INFO - [2025-06-27T00:36:22.013+0000] {settings.py:330} DEBUG - settings.prepare_engine_args(): Using pool settings. pool_size=5, max_overflow=10, pool_recycle=1800, pid=15310
[2025-06-27T00:36:22.026+0000] {processor.py:161} INFO - Started process (PID=15310) to work on /home/airflow/.local/lib/python3.10/site-packages/airflow/example_dags/example_sla_dag.py
[2025-06-27T00:36:22.027+0000] {processor.py:830} INFO - Processing file /home/airflow/.local/lib/python3.10/site-packages/airflow/example_dags/example_sla_dag.py for tasks to queue
[2025-06-27T00:36:22.029+0000] {logging_mixin.py:188} INFO - [2025-06-27T00:36:22.029+0000] {dagbag.py:545} INFO - Filling up the DagBag from /home/airflow/.local/lib/python3.10/site-packages/airflow/example_dags/example_sla_dag.py
[2025-06-27T00:36:22.033+0000] {logging_mixin.py:188} INFO - [2025-06-27T00:36:22.032+0000] {dagbag.py:337} DEBUG - Importing /home/airflow/.local/lib/python3.10/site-packages/airflow/example_dags/example_sla_dag.py
[2025-06-27T00:36:22.039+0000] {logging_mixin.py:188} INFO - [2025-06-27T00:36:22.039+0000] {GetText.py:65} DEBUG - /home/airflow/.local/lib/python3.10/site-packages/cron_descriptor/locale/en_US.mo Loaded
[2025-06-27T00:36:22.050+0000] {logging_mixin.py:188} INFO - [2025-06-27T00:36:22.049+0000] {dagbag.py:511} DEBUG - Loaded DAG <DAG: example_sla_dag>
[2025-06-27T00:36:22.051+0000] {processor.py:840} INFO - DAG(s) 'example_sla_dag' retrieved from /home/airflow/.local/lib/python3.10/site-packages/airflow/example_dags/example_sla_dag.py
[2025-06-27T00:36:22.054+0000] {logging_mixin.py:188} INFO - [2025-06-27T00:36:22.053+0000] {dagbag.py:667} DEBUG - Running dagbag.sync_to_db with retries. Try 1 of 3
[2025-06-27T00:36:22.054+0000] {logging_mixin.py:188} INFO - [2025-06-27T00:36:22.054+0000] {dagbag.py:672} DEBUG - Calling the DAG.bulk_sync_to_db method
[2025-06-27T00:36:22.078+0000] {logging_mixin.py:188} INFO - [2025-06-27T00:36:22.077+0000] {serialized_dag.py:166} DEBUG - Checking if DAG (example_sla_dag) changed
[2025-06-27T00:36:22.093+0000] {logging_mixin.py:188} INFO - [2025-06-27T00:36:22.092+0000] {serialized_dag.py:177} DEBUG - Serialized DAG (example_sla_dag) is unchanged. Skipping writing to DB
[2025-06-27T00:36:22.094+0000] {logging_mixin.py:188} INFO - [2025-06-27T00:36:22.094+0000] {dag.py:3096} INFO - Sync 1 DAGs
[2025-06-27T00:36:22.141+0000] {logging_mixin.py:188} INFO - [2025-06-27T00:36:22.140+0000] {dag.py:3954} INFO - Setting next_dagrun for example_sla_dag to 2025-06-27 00:34:00+00:00, run_after=2025-06-27 00:36:00+00:00
[2025-06-27T00:36:22.179+0000] {processor.py:183} INFO - Processing /home/airflow/.local/lib/python3.10/site-packages/airflow/example_dags/example_sla_dag.py took 0.170 seconds
[2025-06-27T00:36:52.945+0000] {logging_mixin.py:188} INFO - [2025-06-27T00:36:52.943+0000] {settings.py:250} DEBUG - Setting up DB connection pool (PID 15373)
[2025-06-27T00:36:52.947+0000] {logging_mixin.py:188} INFO - [2025-06-27T00:36:52.947+0000] {settings.py:330} DEBUG - settings.prepare_engine_args(): Using pool settings. pool_size=5, max_overflow=10, pool_recycle=1800, pid=15373
[2025-06-27T00:36:52.961+0000] {processor.py:161} INFO - Started process (PID=15373) to work on /home/airflow/.local/lib/python3.10/site-packages/airflow/example_dags/example_sla_dag.py
[2025-06-27T00:36:52.964+0000] {processor.py:830} INFO - Processing file /home/airflow/.local/lib/python3.10/site-packages/airflow/example_dags/example_sla_dag.py for tasks to queue
[2025-06-27T00:36:52.966+0000] {logging_mixin.py:188} INFO - [2025-06-27T00:36:52.966+0000] {dagbag.py:545} INFO - Filling up the DagBag from /home/airflow/.local/lib/python3.10/site-packages/airflow/example_dags/example_sla_dag.py
[2025-06-27T00:36:52.969+0000] {logging_mixin.py:188} INFO - [2025-06-27T00:36:52.969+0000] {dagbag.py:337} DEBUG - Importing /home/airflow/.local/lib/python3.10/site-packages/airflow/example_dags/example_sla_dag.py
[2025-06-27T00:36:52.977+0000] {logging_mixin.py:188} INFO - [2025-06-27T00:36:52.976+0000] {GetText.py:65} DEBUG - /home/airflow/.local/lib/python3.10/site-packages/cron_descriptor/locale/en_US.mo Loaded
[2025-06-27T00:36:52.986+0000] {logging_mixin.py:188} INFO - [2025-06-27T00:36:52.984+0000] {dagbag.py:511} DEBUG - Loaded DAG <DAG: example_sla_dag>
[2025-06-27T00:36:52.987+0000] {processor.py:840} INFO - DAG(s) 'example_sla_dag' retrieved from /home/airflow/.local/lib/python3.10/site-packages/airflow/example_dags/example_sla_dag.py
[2025-06-27T00:36:52.989+0000] {logging_mixin.py:188} INFO - [2025-06-27T00:36:52.989+0000] {dagbag.py:667} DEBUG - Running dagbag.sync_to_db with retries. Try 1 of 3
[2025-06-27T00:36:52.990+0000] {logging_mixin.py:188} INFO - [2025-06-27T00:36:52.990+0000] {dagbag.py:672} DEBUG - Calling the DAG.bulk_sync_to_db method
[2025-06-27T00:36:53.011+0000] {logging_mixin.py:188} INFO - [2025-06-27T00:36:53.011+0000] {serialized_dag.py:166} DEBUG - Checking if DAG (example_sla_dag) changed
[2025-06-27T00:36:53.024+0000] {logging_mixin.py:188} INFO - [2025-06-27T00:36:53.023+0000] {serialized_dag.py:177} DEBUG - Serialized DAG (example_sla_dag) is unchanged. Skipping writing to DB
[2025-06-27T00:36:53.025+0000] {logging_mixin.py:188} INFO - [2025-06-27T00:36:53.025+0000] {dag.py:3096} INFO - Sync 1 DAGs
[2025-06-27T00:36:53.063+0000] {logging_mixin.py:188} INFO - [2025-06-27T00:36:53.063+0000] {dag.py:3954} INFO - Setting next_dagrun for example_sla_dag to 2025-06-27 00:34:00+00:00, run_after=2025-06-27 00:36:00+00:00
[2025-06-27T00:36:53.104+0000] {processor.py:183} INFO - Processing /home/airflow/.local/lib/python3.10/site-packages/airflow/example_dags/example_sla_dag.py took 0.162 seconds
[2025-06-27T00:37:23.405+0000] {logging_mixin.py:188} INFO - [2025-06-27T00:37:23.403+0000] {settings.py:250} DEBUG - Setting up DB connection pool (PID 15435)
[2025-06-27T00:37:23.406+0000] {logging_mixin.py:188} INFO - [2025-06-27T00:37:23.406+0000] {settings.py:330} DEBUG - settings.prepare_engine_args(): Using pool settings. pool_size=5, max_overflow=10, pool_recycle=1800, pid=15435
[2025-06-27T00:37:23.419+0000] {processor.py:161} INFO - Started process (PID=15435) to work on /home/airflow/.local/lib/python3.10/site-packages/airflow/example_dags/example_sla_dag.py
[2025-06-27T00:37:23.420+0000] {processor.py:830} INFO - Processing file /home/airflow/.local/lib/python3.10/site-packages/airflow/example_dags/example_sla_dag.py for tasks to queue
[2025-06-27T00:37:23.422+0000] {logging_mixin.py:188} INFO - [2025-06-27T00:37:23.422+0000] {dagbag.py:545} INFO - Filling up the DagBag from /home/airflow/.local/lib/python3.10/site-packages/airflow/example_dags/example_sla_dag.py
[2025-06-27T00:37:23.425+0000] {logging_mixin.py:188} INFO - [2025-06-27T00:37:23.424+0000] {dagbag.py:337} DEBUG - Importing /home/airflow/.local/lib/python3.10/site-packages/airflow/example_dags/example_sla_dag.py
[2025-06-27T00:37:23.430+0000] {logging_mixin.py:188} INFO - [2025-06-27T00:37:23.429+0000] {GetText.py:65} DEBUG - /home/airflow/.local/lib/python3.10/site-packages/cron_descriptor/locale/en_US.mo Loaded
[2025-06-27T00:37:23.440+0000] {logging_mixin.py:188} INFO - [2025-06-27T00:37:23.438+0000] {dagbag.py:511} DEBUG - Loaded DAG <DAG: example_sla_dag>
[2025-06-27T00:37:23.441+0000] {processor.py:840} INFO - DAG(s) 'example_sla_dag' retrieved from /home/airflow/.local/lib/python3.10/site-packages/airflow/example_dags/example_sla_dag.py
[2025-06-27T00:37:23.443+0000] {logging_mixin.py:188} INFO - [2025-06-27T00:37:23.443+0000] {dagbag.py:667} DEBUG - Running dagbag.sync_to_db with retries. Try 1 of 3
[2025-06-27T00:37:23.444+0000] {logging_mixin.py:188} INFO - [2025-06-27T00:37:23.443+0000] {dagbag.py:672} DEBUG - Calling the DAG.bulk_sync_to_db method
[2025-06-27T00:37:23.464+0000] {logging_mixin.py:188} INFO - [2025-06-27T00:37:23.463+0000] {serialized_dag.py:166} DEBUG - Checking if DAG (example_sla_dag) changed
[2025-06-27T00:37:23.481+0000] {logging_mixin.py:188} INFO - [2025-06-27T00:37:23.480+0000] {serialized_dag.py:177} DEBUG - Serialized DAG (example_sla_dag) is unchanged. Skipping writing to DB
[2025-06-27T00:37:23.482+0000] {logging_mixin.py:188} INFO - [2025-06-27T00:37:23.482+0000] {dag.py:3096} INFO - Sync 1 DAGs
[2025-06-27T00:37:23.515+0000] {logging_mixin.py:188} INFO - [2025-06-27T00:37:23.515+0000] {dag.py:3954} INFO - Setting next_dagrun for example_sla_dag to 2025-06-27 00:34:00+00:00, run_after=2025-06-27 00:36:00+00:00
[2025-06-27T00:37:23.543+0000] {processor.py:183} INFO - Processing /home/airflow/.local/lib/python3.10/site-packages/airflow/example_dags/example_sla_dag.py took 0.140 seconds
[2025-06-27T00:37:53.686+0000] {logging_mixin.py:188} INFO - [2025-06-27T00:37:53.684+0000] {settings.py:250} DEBUG - Setting up DB connection pool (PID 15498)
[2025-06-27T00:37:53.689+0000] {logging_mixin.py:188} INFO - [2025-06-27T00:37:53.688+0000] {settings.py:330} DEBUG - settings.prepare_engine_args(): Using pool settings. pool_size=5, max_overflow=10, pool_recycle=1800, pid=15498
[2025-06-27T00:37:53.706+0000] {processor.py:161} INFO - Started process (PID=15498) to work on /home/airflow/.local/lib/python3.10/site-packages/airflow/example_dags/example_sla_dag.py
[2025-06-27T00:37:53.707+0000] {processor.py:830} INFO - Processing file /home/airflow/.local/lib/python3.10/site-packages/airflow/example_dags/example_sla_dag.py for tasks to queue
[2025-06-27T00:37:53.709+0000] {logging_mixin.py:188} INFO - [2025-06-27T00:37:53.708+0000] {dagbag.py:545} INFO - Filling up the DagBag from /home/airflow/.local/lib/python3.10/site-packages/airflow/example_dags/example_sla_dag.py
[2025-06-27T00:37:53.711+0000] {logging_mixin.py:188} INFO - [2025-06-27T00:37:53.711+0000] {dagbag.py:337} DEBUG - Importing /home/airflow/.local/lib/python3.10/site-packages/airflow/example_dags/example_sla_dag.py
[2025-06-27T00:37:53.716+0000] {logging_mixin.py:188} INFO - [2025-06-27T00:37:53.716+0000] {GetText.py:65} DEBUG - /home/airflow/.local/lib/python3.10/site-packages/cron_descriptor/locale/en_US.mo Loaded
[2025-06-27T00:37:53.727+0000] {logging_mixin.py:188} INFO - [2025-06-27T00:37:53.725+0000] {dagbag.py:511} DEBUG - Loaded DAG <DAG: example_sla_dag>
[2025-06-27T00:37:53.728+0000] {processor.py:840} INFO - DAG(s) 'example_sla_dag' retrieved from /home/airflow/.local/lib/python3.10/site-packages/airflow/example_dags/example_sla_dag.py
[2025-06-27T00:37:53.730+0000] {logging_mixin.py:188} INFO - [2025-06-27T00:37:53.730+0000] {dagbag.py:667} DEBUG - Running dagbag.sync_to_db with retries. Try 1 of 3
[2025-06-27T00:37:53.731+0000] {logging_mixin.py:188} INFO - [2025-06-27T00:37:53.731+0000] {dagbag.py:672} DEBUG - Calling the DAG.bulk_sync_to_db method
[2025-06-27T00:37:53.753+0000] {logging_mixin.py:188} INFO - [2025-06-27T00:37:53.753+0000] {serialized_dag.py:166} DEBUG - Checking if DAG (example_sla_dag) changed
[2025-06-27T00:37:53.765+0000] {logging_mixin.py:188} INFO - [2025-06-27T00:37:53.765+0000] {serialized_dag.py:177} DEBUG - Serialized DAG (example_sla_dag) is unchanged. Skipping writing to DB
[2025-06-27T00:37:53.766+0000] {logging_mixin.py:188} INFO - [2025-06-27T00:37:53.766+0000] {dag.py:3096} INFO - Sync 1 DAGs
[2025-06-27T00:37:53.801+0000] {logging_mixin.py:188} INFO - [2025-06-27T00:37:53.800+0000] {dag.py:3954} INFO - Setting next_dagrun for example_sla_dag to 2025-06-27 00:34:00+00:00, run_after=2025-06-27 00:36:00+00:00
[2025-06-27T00:37:53.830+0000] {processor.py:183} INFO - Processing /home/airflow/.local/lib/python3.10/site-packages/airflow/example_dags/example_sla_dag.py took 0.147 seconds
[2025-06-27T00:38:24.726+0000] {logging_mixin.py:188} INFO - [2025-06-27T00:38:24.724+0000] {settings.py:250} DEBUG - Setting up DB connection pool (PID 15561)
[2025-06-27T00:38:24.727+0000] {logging_mixin.py:188} INFO - [2025-06-27T00:38:24.727+0000] {settings.py:330} DEBUG - settings.prepare_engine_args(): Using pool settings. pool_size=5, max_overflow=10, pool_recycle=1800, pid=15561
[2025-06-27T00:38:24.738+0000] {processor.py:161} INFO - Started process (PID=15561) to work on /home/airflow/.local/lib/python3.10/site-packages/airflow/example_dags/example_sla_dag.py
[2025-06-27T00:38:24.739+0000] {processor.py:830} INFO - Processing file /home/airflow/.local/lib/python3.10/site-packages/airflow/example_dags/example_sla_dag.py for tasks to queue
[2025-06-27T00:38:24.740+0000] {logging_mixin.py:188} INFO - [2025-06-27T00:38:24.740+0000] {dagbag.py:545} INFO - Filling up the DagBag from /home/airflow/.local/lib/python3.10/site-packages/airflow/example_dags/example_sla_dag.py
[2025-06-27T00:38:24.742+0000] {logging_mixin.py:188} INFO - [2025-06-27T00:38:24.742+0000] {dagbag.py:337} DEBUG - Importing /home/airflow/.local/lib/python3.10/site-packages/airflow/example_dags/example_sla_dag.py
[2025-06-27T00:38:24.747+0000] {logging_mixin.py:188} INFO - [2025-06-27T00:38:24.746+0000] {GetText.py:65} DEBUG - /home/airflow/.local/lib/python3.10/site-packages/cron_descriptor/locale/en_US.mo Loaded
[2025-06-27T00:38:24.755+0000] {logging_mixin.py:188} INFO - [2025-06-27T00:38:24.754+0000] {dagbag.py:511} DEBUG - Loaded DAG <DAG: example_sla_dag>
[2025-06-27T00:38:24.756+0000] {processor.py:840} INFO - DAG(s) 'example_sla_dag' retrieved from /home/airflow/.local/lib/python3.10/site-packages/airflow/example_dags/example_sla_dag.py
[2025-06-27T00:38:24.758+0000] {logging_mixin.py:188} INFO - [2025-06-27T00:38:24.758+0000] {dagbag.py:667} DEBUG - Running dagbag.sync_to_db with retries. Try 1 of 3
[2025-06-27T00:38:24.759+0000] {logging_mixin.py:188} INFO - [2025-06-27T00:38:24.758+0000] {dagbag.py:672} DEBUG - Calling the DAG.bulk_sync_to_db method
[2025-06-27T00:38:24.778+0000] {logging_mixin.py:188} INFO - [2025-06-27T00:38:24.778+0000] {serialized_dag.py:166} DEBUG - Checking if DAG (example_sla_dag) changed
[2025-06-27T00:38:24.791+0000] {logging_mixin.py:188} INFO - [2025-06-27T00:38:24.791+0000] {serialized_dag.py:177} DEBUG - Serialized DAG (example_sla_dag) is unchanged. Skipping writing to DB
[2025-06-27T00:38:24.792+0000] {logging_mixin.py:188} INFO - [2025-06-27T00:38:24.792+0000] {dag.py:3096} INFO - Sync 1 DAGs
[2025-06-27T00:38:24.824+0000] {logging_mixin.py:188} INFO - [2025-06-27T00:38:24.823+0000] {dag.py:3954} INFO - Setting next_dagrun for example_sla_dag to 2025-06-27 00:36:00+00:00, run_after=2025-06-27 00:38:00+00:00
[2025-06-27T00:38:24.860+0000] {processor.py:183} INFO - Processing /home/airflow/.local/lib/python3.10/site-packages/airflow/example_dags/example_sla_dag.py took 0.136 seconds
[2025-06-27T00:38:55.056+0000] {logging_mixin.py:188} INFO - [2025-06-27T00:38:55.055+0000] {settings.py:250} DEBUG - Setting up DB connection pool (PID 15625)
[2025-06-27T00:38:55.059+0000] {logging_mixin.py:188} INFO - [2025-06-27T00:38:55.059+0000] {settings.py:330} DEBUG - settings.prepare_engine_args(): Using pool settings. pool_size=5, max_overflow=10, pool_recycle=1800, pid=15625
[2025-06-27T00:38:55.071+0000] {processor.py:161} INFO - Started process (PID=15625) to work on /home/airflow/.local/lib/python3.10/site-packages/airflow/example_dags/example_sla_dag.py
[2025-06-27T00:38:55.073+0000] {processor.py:830} INFO - Processing file /home/airflow/.local/lib/python3.10/site-packages/airflow/example_dags/example_sla_dag.py for tasks to queue
[2025-06-27T00:38:55.075+0000] {logging_mixin.py:188} INFO - [2025-06-27T00:38:55.075+0000] {dagbag.py:545} INFO - Filling up the DagBag from /home/airflow/.local/lib/python3.10/site-packages/airflow/example_dags/example_sla_dag.py
[2025-06-27T00:38:55.078+0000] {logging_mixin.py:188} INFO - [2025-06-27T00:38:55.078+0000] {dagbag.py:337} DEBUG - Importing /home/airflow/.local/lib/python3.10/site-packages/airflow/example_dags/example_sla_dag.py
[2025-06-27T00:38:55.084+0000] {logging_mixin.py:188} INFO - [2025-06-27T00:38:55.084+0000] {GetText.py:65} DEBUG - /home/airflow/.local/lib/python3.10/site-packages/cron_descriptor/locale/en_US.mo Loaded
[2025-06-27T00:38:55.093+0000] {logging_mixin.py:188} INFO - [2025-06-27T00:38:55.092+0000] {dagbag.py:511} DEBUG - Loaded DAG <DAG: example_sla_dag>
[2025-06-27T00:38:55.094+0000] {processor.py:840} INFO - DAG(s) 'example_sla_dag' retrieved from /home/airflow/.local/lib/python3.10/site-packages/airflow/example_dags/example_sla_dag.py
[2025-06-27T00:38:55.097+0000] {logging_mixin.py:188} INFO - [2025-06-27T00:38:55.096+0000] {dagbag.py:667} DEBUG - Running dagbag.sync_to_db with retries. Try 1 of 3
[2025-06-27T00:38:55.098+0000] {logging_mixin.py:188} INFO - [2025-06-27T00:38:55.098+0000] {dagbag.py:672} DEBUG - Calling the DAG.bulk_sync_to_db method
[2025-06-27T00:38:55.118+0000] {logging_mixin.py:188} INFO - [2025-06-27T00:38:55.117+0000] {serialized_dag.py:166} DEBUG - Checking if DAG (example_sla_dag) changed
[2025-06-27T00:38:55.131+0000] {logging_mixin.py:188} INFO - [2025-06-27T00:38:55.130+0000] {serialized_dag.py:177} DEBUG - Serialized DAG (example_sla_dag) is unchanged. Skipping writing to DB
[2025-06-27T00:38:55.132+0000] {logging_mixin.py:188} INFO - [2025-06-27T00:38:55.132+0000] {dag.py:3096} INFO - Sync 1 DAGs
[2025-06-27T00:38:55.178+0000] {logging_mixin.py:188} INFO - [2025-06-27T00:38:55.177+0000] {dag.py:3954} INFO - Setting next_dagrun for example_sla_dag to 2025-06-27 00:36:00+00:00, run_after=2025-06-27 00:38:00+00:00
[2025-06-27T00:38:55.212+0000] {processor.py:183} INFO - Processing /home/airflow/.local/lib/python3.10/site-packages/airflow/example_dags/example_sla_dag.py took 0.157 seconds
[2025-06-27T00:39:25.947+0000] {logging_mixin.py:188} INFO - [2025-06-27T00:39:25.946+0000] {settings.py:250} DEBUG - Setting up DB connection pool (PID 15688)
[2025-06-27T00:39:25.949+0000] {logging_mixin.py:188} INFO - [2025-06-27T00:39:25.949+0000] {settings.py:330} DEBUG - settings.prepare_engine_args(): Using pool settings. pool_size=5, max_overflow=10, pool_recycle=1800, pid=15688
[2025-06-27T00:39:25.963+0000] {processor.py:161} INFO - Started process (PID=15688) to work on /home/airflow/.local/lib/python3.10/site-packages/airflow/example_dags/example_sla_dag.py
[2025-06-27T00:39:25.965+0000] {processor.py:830} INFO - Processing file /home/airflow/.local/lib/python3.10/site-packages/airflow/example_dags/example_sla_dag.py for tasks to queue
[2025-06-27T00:39:25.968+0000] {logging_mixin.py:188} INFO - [2025-06-27T00:39:25.967+0000] {dagbag.py:545} INFO - Filling up the DagBag from /home/airflow/.local/lib/python3.10/site-packages/airflow/example_dags/example_sla_dag.py
[2025-06-27T00:39:25.972+0000] {logging_mixin.py:188} INFO - [2025-06-27T00:39:25.972+0000] {dagbag.py:337} DEBUG - Importing /home/airflow/.local/lib/python3.10/site-packages/airflow/example_dags/example_sla_dag.py
[2025-06-27T00:39:25.979+0000] {logging_mixin.py:188} INFO - [2025-06-27T00:39:25.978+0000] {GetText.py:65} DEBUG - /home/airflow/.local/lib/python3.10/site-packages/cron_descriptor/locale/en_US.mo Loaded
[2025-06-27T00:39:25.993+0000] {logging_mixin.py:188} INFO - [2025-06-27T00:39:25.990+0000] {dagbag.py:511} DEBUG - Loaded DAG <DAG: example_sla_dag>
[2025-06-27T00:39:25.994+0000] {processor.py:840} INFO - DAG(s) 'example_sla_dag' retrieved from /home/airflow/.local/lib/python3.10/site-packages/airflow/example_dags/example_sla_dag.py
[2025-06-27T00:39:25.996+0000] {logging_mixin.py:188} INFO - [2025-06-27T00:39:25.996+0000] {dagbag.py:667} DEBUG - Running dagbag.sync_to_db with retries. Try 1 of 3
[2025-06-27T00:39:25.997+0000] {logging_mixin.py:188} INFO - [2025-06-27T00:39:25.997+0000] {dagbag.py:672} DEBUG - Calling the DAG.bulk_sync_to_db method
[2025-06-27T00:39:26.023+0000] {logging_mixin.py:188} INFO - [2025-06-27T00:39:26.023+0000] {serialized_dag.py:166} DEBUG - Checking if DAG (example_sla_dag) changed
[2025-06-27T00:39:26.042+0000] {logging_mixin.py:188} INFO - [2025-06-27T00:39:26.041+0000] {serialized_dag.py:177} DEBUG - Serialized DAG (example_sla_dag) is unchanged. Skipping writing to DB
[2025-06-27T00:39:26.043+0000] {logging_mixin.py:188} INFO - [2025-06-27T00:39:26.043+0000] {dag.py:3096} INFO - Sync 1 DAGs
[2025-06-27T00:39:26.084+0000] {logging_mixin.py:188} INFO - [2025-06-27T00:39:26.084+0000] {dag.py:3954} INFO - Setting next_dagrun for example_sla_dag to 2025-06-27 00:36:00+00:00, run_after=2025-06-27 00:38:00+00:00
[2025-06-27T00:39:26.117+0000] {processor.py:183} INFO - Processing /home/airflow/.local/lib/python3.10/site-packages/airflow/example_dags/example_sla_dag.py took 0.172 seconds
[2025-06-27T00:39:56.265+0000] {logging_mixin.py:188} INFO - [2025-06-27T00:39:56.264+0000] {settings.py:250} DEBUG - Setting up DB connection pool (PID 15751)
[2025-06-27T00:39:56.267+0000] {logging_mixin.py:188} INFO - [2025-06-27T00:39:56.267+0000] {settings.py:330} DEBUG - settings.prepare_engine_args(): Using pool settings. pool_size=5, max_overflow=10, pool_recycle=1800, pid=15751
[2025-06-27T00:39:56.278+0000] {processor.py:161} INFO - Started process (PID=15751) to work on /home/airflow/.local/lib/python3.10/site-packages/airflow/example_dags/example_sla_dag.py
[2025-06-27T00:39:56.279+0000] {processor.py:830} INFO - Processing file /home/airflow/.local/lib/python3.10/site-packages/airflow/example_dags/example_sla_dag.py for tasks to queue
[2025-06-27T00:39:56.281+0000] {logging_mixin.py:188} INFO - [2025-06-27T00:39:56.280+0000] {dagbag.py:545} INFO - Filling up the DagBag from /home/airflow/.local/lib/python3.10/site-packages/airflow/example_dags/example_sla_dag.py
[2025-06-27T00:39:56.283+0000] {logging_mixin.py:188} INFO - [2025-06-27T00:39:56.283+0000] {dagbag.py:337} DEBUG - Importing /home/airflow/.local/lib/python3.10/site-packages/airflow/example_dags/example_sla_dag.py
[2025-06-27T00:39:56.290+0000] {logging_mixin.py:188} INFO - [2025-06-27T00:39:56.289+0000] {GetText.py:65} DEBUG - /home/airflow/.local/lib/python3.10/site-packages/cron_descriptor/locale/en_US.mo Loaded
[2025-06-27T00:39:56.300+0000] {logging_mixin.py:188} INFO - [2025-06-27T00:39:56.298+0000] {dagbag.py:511} DEBUG - Loaded DAG <DAG: example_sla_dag>
[2025-06-27T00:39:56.301+0000] {processor.py:840} INFO - DAG(s) 'example_sla_dag' retrieved from /home/airflow/.local/lib/python3.10/site-packages/airflow/example_dags/example_sla_dag.py
[2025-06-27T00:39:56.303+0000] {logging_mixin.py:188} INFO - [2025-06-27T00:39:56.303+0000] {dagbag.py:667} DEBUG - Running dagbag.sync_to_db with retries. Try 1 of 3
[2025-06-27T00:39:56.304+0000] {logging_mixin.py:188} INFO - [2025-06-27T00:39:56.304+0000] {dagbag.py:672} DEBUG - Calling the DAG.bulk_sync_to_db method
[2025-06-27T00:39:56.324+0000] {logging_mixin.py:188} INFO - [2025-06-27T00:39:56.324+0000] {serialized_dag.py:166} DEBUG - Checking if DAG (example_sla_dag) changed
[2025-06-27T00:39:56.336+0000] {logging_mixin.py:188} INFO - [2025-06-27T00:39:56.335+0000] {serialized_dag.py:177} DEBUG - Serialized DAG (example_sla_dag) is unchanged. Skipping writing to DB
[2025-06-27T00:39:56.337+0000] {logging_mixin.py:188} INFO - [2025-06-27T00:39:56.337+0000] {dag.py:3096} INFO - Sync 1 DAGs
[2025-06-27T00:39:56.377+0000] {logging_mixin.py:188} INFO - [2025-06-27T00:39:56.377+0000] {dag.py:3954} INFO - Setting next_dagrun for example_sla_dag to 2025-06-27 00:36:00+00:00, run_after=2025-06-27 00:38:00+00:00
[2025-06-27T00:39:56.405+0000] {processor.py:183} INFO - Processing /home/airflow/.local/lib/python3.10/site-packages/airflow/example_dags/example_sla_dag.py took 0.142 seconds
[2025-06-27T00:40:27.285+0000] {logging_mixin.py:188} INFO - [2025-06-27T00:40:27.284+0000] {settings.py:250} DEBUG - Setting up DB connection pool (PID 15814)
[2025-06-27T00:40:27.287+0000] {logging_mixin.py:188} INFO - [2025-06-27T00:40:27.287+0000] {settings.py:330} DEBUG - settings.prepare_engine_args(): Using pool settings. pool_size=5, max_overflow=10, pool_recycle=1800, pid=15814
[2025-06-27T00:40:27.299+0000] {processor.py:161} INFO - Started process (PID=15814) to work on /home/airflow/.local/lib/python3.10/site-packages/airflow/example_dags/example_sla_dag.py
[2025-06-27T00:40:27.300+0000] {processor.py:830} INFO - Processing file /home/airflow/.local/lib/python3.10/site-packages/airflow/example_dags/example_sla_dag.py for tasks to queue
[2025-06-27T00:40:27.301+0000] {logging_mixin.py:188} INFO - [2025-06-27T00:40:27.301+0000] {dagbag.py:545} INFO - Filling up the DagBag from /home/airflow/.local/lib/python3.10/site-packages/airflow/example_dags/example_sla_dag.py
[2025-06-27T00:40:27.304+0000] {logging_mixin.py:188} INFO - [2025-06-27T00:40:27.304+0000] {dagbag.py:337} DEBUG - Importing /home/airflow/.local/lib/python3.10/site-packages/airflow/example_dags/example_sla_dag.py
[2025-06-27T00:40:27.309+0000] {logging_mixin.py:188} INFO - [2025-06-27T00:40:27.308+0000] {GetText.py:65} DEBUG - /home/airflow/.local/lib/python3.10/site-packages/cron_descriptor/locale/en_US.mo Loaded
[2025-06-27T00:40:27.319+0000] {logging_mixin.py:188} INFO - [2025-06-27T00:40:27.317+0000] {dagbag.py:511} DEBUG - Loaded DAG <DAG: example_sla_dag>
[2025-06-27T00:40:27.320+0000] {processor.py:840} INFO - DAG(s) 'example_sla_dag' retrieved from /home/airflow/.local/lib/python3.10/site-packages/airflow/example_dags/example_sla_dag.py
[2025-06-27T00:40:27.322+0000] {logging_mixin.py:188} INFO - [2025-06-27T00:40:27.321+0000] {dagbag.py:667} DEBUG - Running dagbag.sync_to_db with retries. Try 1 of 3
[2025-06-27T00:40:27.322+0000] {logging_mixin.py:188} INFO - [2025-06-27T00:40:27.322+0000] {dagbag.py:672} DEBUG - Calling the DAG.bulk_sync_to_db method
[2025-06-27T00:40:27.345+0000] {logging_mixin.py:188} INFO - [2025-06-27T00:40:27.344+0000] {serialized_dag.py:166} DEBUG - Checking if DAG (example_sla_dag) changed
[2025-06-27T00:40:27.357+0000] {logging_mixin.py:188} INFO - [2025-06-27T00:40:27.356+0000] {serialized_dag.py:177} DEBUG - Serialized DAG (example_sla_dag) is unchanged. Skipping writing to DB
[2025-06-27T00:40:27.357+0000] {logging_mixin.py:188} INFO - [2025-06-27T00:40:27.357+0000] {dag.py:3096} INFO - Sync 1 DAGs
[2025-06-27T00:40:27.391+0000] {logging_mixin.py:188} INFO - [2025-06-27T00:40:27.391+0000] {dag.py:3954} INFO - Setting next_dagrun for example_sla_dag to 2025-06-27 00:38:00+00:00, run_after=2025-06-27 00:40:00+00:00
[2025-06-27T00:40:27.434+0000] {processor.py:183} INFO - Processing /home/airflow/.local/lib/python3.10/site-packages/airflow/example_dags/example_sla_dag.py took 0.150 seconds
[2025-06-27T00:40:57.648+0000] {logging_mixin.py:188} INFO - [2025-06-27T00:40:57.647+0000] {settings.py:250} DEBUG - Setting up DB connection pool (PID 15878)
[2025-06-27T00:40:57.650+0000] {logging_mixin.py:188} INFO - [2025-06-27T00:40:57.650+0000] {settings.py:330} DEBUG - settings.prepare_engine_args(): Using pool settings. pool_size=5, max_overflow=10, pool_recycle=1800, pid=15878
[2025-06-27T00:40:57.660+0000] {processor.py:161} INFO - Started process (PID=15878) to work on /home/airflow/.local/lib/python3.10/site-packages/airflow/example_dags/example_sla_dag.py
[2025-06-27T00:40:57.661+0000] {processor.py:830} INFO - Processing file /home/airflow/.local/lib/python3.10/site-packages/airflow/example_dags/example_sla_dag.py for tasks to queue
[2025-06-27T00:40:57.662+0000] {logging_mixin.py:188} INFO - [2025-06-27T00:40:57.662+0000] {dagbag.py:545} INFO - Filling up the DagBag from /home/airflow/.local/lib/python3.10/site-packages/airflow/example_dags/example_sla_dag.py
[2025-06-27T00:40:57.664+0000] {logging_mixin.py:188} INFO - [2025-06-27T00:40:57.664+0000] {dagbag.py:337} DEBUG - Importing /home/airflow/.local/lib/python3.10/site-packages/airflow/example_dags/example_sla_dag.py
[2025-06-27T00:40:57.670+0000] {logging_mixin.py:188} INFO - [2025-06-27T00:40:57.669+0000] {GetText.py:65} DEBUG - /home/airflow/.local/lib/python3.10/site-packages/cron_descriptor/locale/en_US.mo Loaded
[2025-06-27T00:40:57.679+0000] {logging_mixin.py:188} INFO - [2025-06-27T00:40:57.677+0000] {dagbag.py:511} DEBUG - Loaded DAG <DAG: example_sla_dag>
[2025-06-27T00:40:57.680+0000] {processor.py:840} INFO - DAG(s) 'example_sla_dag' retrieved from /home/airflow/.local/lib/python3.10/site-packages/airflow/example_dags/example_sla_dag.py
[2025-06-27T00:40:57.682+0000] {logging_mixin.py:188} INFO - [2025-06-27T00:40:57.681+0000] {dagbag.py:667} DEBUG - Running dagbag.sync_to_db with retries. Try 1 of 3
[2025-06-27T00:40:57.682+0000] {logging_mixin.py:188} INFO - [2025-06-27T00:40:57.682+0000] {dagbag.py:672} DEBUG - Calling the DAG.bulk_sync_to_db method
[2025-06-27T00:40:57.706+0000] {logging_mixin.py:188} INFO - [2025-06-27T00:40:57.706+0000] {serialized_dag.py:166} DEBUG - Checking if DAG (example_sla_dag) changed
[2025-06-27T00:40:57.718+0000] {logging_mixin.py:188} INFO - [2025-06-27T00:40:57.718+0000] {serialized_dag.py:177} DEBUG - Serialized DAG (example_sla_dag) is unchanged. Skipping writing to DB
[2025-06-27T00:40:57.719+0000] {logging_mixin.py:188} INFO - [2025-06-27T00:40:57.719+0000] {dag.py:3096} INFO - Sync 1 DAGs
[2025-06-27T00:40:57.754+0000] {logging_mixin.py:188} INFO - [2025-06-27T00:40:57.753+0000] {dag.py:3954} INFO - Setting next_dagrun for example_sla_dag to 2025-06-27 00:38:00+00:00, run_after=2025-06-27 00:40:00+00:00
[2025-06-27T00:40:57.780+0000] {processor.py:183} INFO - Processing /home/airflow/.local/lib/python3.10/site-packages/airflow/example_dags/example_sla_dag.py took 0.133 seconds
[2025-06-27T00:41:28.472+0000] {logging_mixin.py:188} INFO - [2025-06-27T00:41:28.471+0000] {settings.py:250} DEBUG - Setting up DB connection pool (PID 15941)
[2025-06-27T00:41:28.474+0000] {logging_mixin.py:188} INFO - [2025-06-27T00:41:28.474+0000] {settings.py:330} DEBUG - settings.prepare_engine_args(): Using pool settings. pool_size=5, max_overflow=10, pool_recycle=1800, pid=15941
[2025-06-27T00:41:28.484+0000] {processor.py:161} INFO - Started process (PID=15941) to work on /home/airflow/.local/lib/python3.10/site-packages/airflow/example_dags/example_sla_dag.py
[2025-06-27T00:41:28.485+0000] {processor.py:830} INFO - Processing file /home/airflow/.local/lib/python3.10/site-packages/airflow/example_dags/example_sla_dag.py for tasks to queue
[2025-06-27T00:41:28.486+0000] {logging_mixin.py:188} INFO - [2025-06-27T00:41:28.486+0000] {dagbag.py:545} INFO - Filling up the DagBag from /home/airflow/.local/lib/python3.10/site-packages/airflow/example_dags/example_sla_dag.py
[2025-06-27T00:41:28.489+0000] {logging_mixin.py:188} INFO - [2025-06-27T00:41:28.489+0000] {dagbag.py:337} DEBUG - Importing /home/airflow/.local/lib/python3.10/site-packages/airflow/example_dags/example_sla_dag.py
[2025-06-27T00:41:28.494+0000] {logging_mixin.py:188} INFO - [2025-06-27T00:41:28.494+0000] {GetText.py:65} DEBUG - /home/airflow/.local/lib/python3.10/site-packages/cron_descriptor/locale/en_US.mo Loaded
[2025-06-27T00:41:28.507+0000] {logging_mixin.py:188} INFO - [2025-06-27T00:41:28.505+0000] {dagbag.py:511} DEBUG - Loaded DAG <DAG: example_sla_dag>
[2025-06-27T00:41:28.508+0000] {processor.py:840} INFO - DAG(s) 'example_sla_dag' retrieved from /home/airflow/.local/lib/python3.10/site-packages/airflow/example_dags/example_sla_dag.py
[2025-06-27T00:41:28.510+0000] {logging_mixin.py:188} INFO - [2025-06-27T00:41:28.510+0000] {dagbag.py:667} DEBUG - Running dagbag.sync_to_db with retries. Try 1 of 3
[2025-06-27T00:41:28.511+0000] {logging_mixin.py:188} INFO - [2025-06-27T00:41:28.511+0000] {dagbag.py:672} DEBUG - Calling the DAG.bulk_sync_to_db method
[2025-06-27T00:41:28.531+0000] {logging_mixin.py:188} INFO - [2025-06-27T00:41:28.530+0000] {serialized_dag.py:166} DEBUG - Checking if DAG (example_sla_dag) changed
[2025-06-27T00:41:28.543+0000] {logging_mixin.py:188} INFO - [2025-06-27T00:41:28.543+0000] {serialized_dag.py:177} DEBUG - Serialized DAG (example_sla_dag) is unchanged. Skipping writing to DB
[2025-06-27T00:41:28.545+0000] {logging_mixin.py:188} INFO - [2025-06-27T00:41:28.545+0000] {dag.py:3096} INFO - Sync 1 DAGs
[2025-06-27T00:41:28.597+0000] {logging_mixin.py:188} INFO - [2025-06-27T00:41:28.597+0000] {dag.py:3954} INFO - Setting next_dagrun for example_sla_dag to 2025-06-27 00:38:00+00:00, run_after=2025-06-27 00:40:00+00:00
[2025-06-27T00:41:28.645+0000] {processor.py:183} INFO - Processing /home/airflow/.local/lib/python3.10/site-packages/airflow/example_dags/example_sla_dag.py took 0.175 seconds
[2025-06-27T00:41:58.753+0000] {logging_mixin.py:188} INFO - [2025-06-27T00:41:58.751+0000] {settings.py:250} DEBUG - Setting up DB connection pool (PID 16002)
[2025-06-27T00:41:58.755+0000] {logging_mixin.py:188} INFO - [2025-06-27T00:41:58.754+0000] {settings.py:330} DEBUG - settings.prepare_engine_args(): Using pool settings. pool_size=5, max_overflow=10, pool_recycle=1800, pid=16002
[2025-06-27T00:41:58.766+0000] {processor.py:161} INFO - Started process (PID=16002) to work on /home/airflow/.local/lib/python3.10/site-packages/airflow/example_dags/example_sla_dag.py
[2025-06-27T00:41:58.767+0000] {processor.py:830} INFO - Processing file /home/airflow/.local/lib/python3.10/site-packages/airflow/example_dags/example_sla_dag.py for tasks to queue
[2025-06-27T00:41:58.769+0000] {logging_mixin.py:188} INFO - [2025-06-27T00:41:58.768+0000] {dagbag.py:545} INFO - Filling up the DagBag from /home/airflow/.local/lib/python3.10/site-packages/airflow/example_dags/example_sla_dag.py
[2025-06-27T00:41:58.772+0000] {logging_mixin.py:188} INFO - [2025-06-27T00:41:58.771+0000] {dagbag.py:337} DEBUG - Importing /home/airflow/.local/lib/python3.10/site-packages/airflow/example_dags/example_sla_dag.py
[2025-06-27T00:41:58.778+0000] {logging_mixin.py:188} INFO - [2025-06-27T00:41:58.777+0000] {GetText.py:65} DEBUG - /home/airflow/.local/lib/python3.10/site-packages/cron_descriptor/locale/en_US.mo Loaded
[2025-06-27T00:41:58.788+0000] {logging_mixin.py:188} INFO - [2025-06-27T00:41:58.786+0000] {dagbag.py:511} DEBUG - Loaded DAG <DAG: example_sla_dag>
[2025-06-27T00:41:58.789+0000] {processor.py:840} INFO - DAG(s) 'example_sla_dag' retrieved from /home/airflow/.local/lib/python3.10/site-packages/airflow/example_dags/example_sla_dag.py
[2025-06-27T00:41:58.791+0000] {logging_mixin.py:188} INFO - [2025-06-27T00:41:58.790+0000] {dagbag.py:667} DEBUG - Running dagbag.sync_to_db with retries. Try 1 of 3
[2025-06-27T00:41:58.791+0000] {logging_mixin.py:188} INFO - [2025-06-27T00:41:58.791+0000] {dagbag.py:672} DEBUG - Calling the DAG.bulk_sync_to_db method
[2025-06-27T00:41:58.812+0000] {logging_mixin.py:188} INFO - [2025-06-27T00:41:58.811+0000] {serialized_dag.py:166} DEBUG - Checking if DAG (example_sla_dag) changed
[2025-06-27T00:41:58.823+0000] {logging_mixin.py:188} INFO - [2025-06-27T00:41:58.822+0000] {serialized_dag.py:177} DEBUG - Serialized DAG (example_sla_dag) is unchanged. Skipping writing to DB
[2025-06-27T00:41:58.824+0000] {logging_mixin.py:188} INFO - [2025-06-27T00:41:58.824+0000] {dag.py:3096} INFO - Sync 1 DAGs
[2025-06-27T00:41:58.859+0000] {logging_mixin.py:188} INFO - [2025-06-27T00:41:58.858+0000] {dag.py:3954} INFO - Setting next_dagrun for example_sla_dag to 2025-06-27 00:38:00+00:00, run_after=2025-06-27 00:40:00+00:00
[2025-06-27T00:41:58.889+0000] {processor.py:183} INFO - Processing /home/airflow/.local/lib/python3.10/site-packages/airflow/example_dags/example_sla_dag.py took 0.138 seconds
[2025-06-27T00:42:29.244+0000] {logging_mixin.py:188} INFO - [2025-06-27T00:42:29.242+0000] {settings.py:250} DEBUG - Setting up DB connection pool (PID 16065)
[2025-06-27T00:42:29.246+0000] {logging_mixin.py:188} INFO - [2025-06-27T00:42:29.246+0000] {settings.py:330} DEBUG - settings.prepare_engine_args(): Using pool settings. pool_size=5, max_overflow=10, pool_recycle=1800, pid=16065
[2025-06-27T00:42:29.256+0000] {processor.py:161} INFO - Started process (PID=16065) to work on /home/airflow/.local/lib/python3.10/site-packages/airflow/example_dags/example_sla_dag.py
[2025-06-27T00:42:29.258+0000] {processor.py:830} INFO - Processing file /home/airflow/.local/lib/python3.10/site-packages/airflow/example_dags/example_sla_dag.py for tasks to queue
[2025-06-27T00:42:29.259+0000] {logging_mixin.py:188} INFO - [2025-06-27T00:42:29.259+0000] {dagbag.py:545} INFO - Filling up the DagBag from /home/airflow/.local/lib/python3.10/site-packages/airflow/example_dags/example_sla_dag.py
[2025-06-27T00:42:29.262+0000] {logging_mixin.py:188} INFO - [2025-06-27T00:42:29.261+0000] {dagbag.py:337} DEBUG - Importing /home/airflow/.local/lib/python3.10/site-packages/airflow/example_dags/example_sla_dag.py
[2025-06-27T00:42:29.267+0000] {logging_mixin.py:188} INFO - [2025-06-27T00:42:29.267+0000] {GetText.py:65} DEBUG - /home/airflow/.local/lib/python3.10/site-packages/cron_descriptor/locale/en_US.mo Loaded
[2025-06-27T00:42:29.279+0000] {logging_mixin.py:188} INFO - [2025-06-27T00:42:29.277+0000] {dagbag.py:511} DEBUG - Loaded DAG <DAG: example_sla_dag>
[2025-06-27T00:42:29.281+0000] {processor.py:840} INFO - DAG(s) 'example_sla_dag' retrieved from /home/airflow/.local/lib/python3.10/site-packages/airflow/example_dags/example_sla_dag.py
[2025-06-27T00:42:29.283+0000] {logging_mixin.py:188} INFO - [2025-06-27T00:42:29.283+0000] {dagbag.py:667} DEBUG - Running dagbag.sync_to_db with retries. Try 1 of 3
[2025-06-27T00:42:29.284+0000] {logging_mixin.py:188} INFO - [2025-06-27T00:42:29.284+0000] {dagbag.py:672} DEBUG - Calling the DAG.bulk_sync_to_db method
[2025-06-27T00:42:29.308+0000] {logging_mixin.py:188} INFO - [2025-06-27T00:42:29.308+0000] {serialized_dag.py:166} DEBUG - Checking if DAG (example_sla_dag) changed
[2025-06-27T00:42:29.323+0000] {logging_mixin.py:188} INFO - [2025-06-27T00:42:29.322+0000] {serialized_dag.py:177} DEBUG - Serialized DAG (example_sla_dag) is unchanged. Skipping writing to DB
[2025-06-27T00:42:29.324+0000] {logging_mixin.py:188} INFO - [2025-06-27T00:42:29.324+0000] {dag.py:3096} INFO - Sync 1 DAGs
[2025-06-27T00:42:29.364+0000] {logging_mixin.py:188} INFO - [2025-06-27T00:42:29.363+0000] {dag.py:3954} INFO - Setting next_dagrun for example_sla_dag to 2025-06-27 00:40:00+00:00, run_after=2025-06-27 00:42:00+00:00
[2025-06-27T00:42:29.401+0000] {processor.py:183} INFO - Processing /home/airflow/.local/lib/python3.10/site-packages/airflow/example_dags/example_sla_dag.py took 0.158 seconds
[2025-06-27T00:42:59.892+0000] {logging_mixin.py:188} INFO - [2025-06-27T00:42:59.890+0000] {settings.py:250} DEBUG - Setting up DB connection pool (PID 16128)
[2025-06-27T00:42:59.894+0000] {logging_mixin.py:188} INFO - [2025-06-27T00:42:59.893+0000] {settings.py:330} DEBUG - settings.prepare_engine_args(): Using pool settings. pool_size=5, max_overflow=10, pool_recycle=1800, pid=16128
[2025-06-27T00:42:59.908+0000] {processor.py:161} INFO - Started process (PID=16128) to work on /home/airflow/.local/lib/python3.10/site-packages/airflow/example_dags/example_sla_dag.py
[2025-06-27T00:42:59.910+0000] {processor.py:830} INFO - Processing file /home/airflow/.local/lib/python3.10/site-packages/airflow/example_dags/example_sla_dag.py for tasks to queue
[2025-06-27T00:42:59.912+0000] {logging_mixin.py:188} INFO - [2025-06-27T00:42:59.911+0000] {dagbag.py:545} INFO - Filling up the DagBag from /home/airflow/.local/lib/python3.10/site-packages/airflow/example_dags/example_sla_dag.py
[2025-06-27T00:42:59.914+0000] {logging_mixin.py:188} INFO - [2025-06-27T00:42:59.914+0000] {dagbag.py:337} DEBUG - Importing /home/airflow/.local/lib/python3.10/site-packages/airflow/example_dags/example_sla_dag.py
[2025-06-27T00:42:59.920+0000] {logging_mixin.py:188} INFO - [2025-06-27T00:42:59.920+0000] {GetText.py:65} DEBUG - /home/airflow/.local/lib/python3.10/site-packages/cron_descriptor/locale/en_US.mo Loaded
[2025-06-27T00:42:59.932+0000] {logging_mixin.py:188} INFO - [2025-06-27T00:42:59.930+0000] {dagbag.py:511} DEBUG - Loaded DAG <DAG: example_sla_dag>
[2025-06-27T00:42:59.932+0000] {processor.py:840} INFO - DAG(s) 'example_sla_dag' retrieved from /home/airflow/.local/lib/python3.10/site-packages/airflow/example_dags/example_sla_dag.py
[2025-06-27T00:42:59.935+0000] {logging_mixin.py:188} INFO - [2025-06-27T00:42:59.934+0000] {dagbag.py:667} DEBUG - Running dagbag.sync_to_db with retries. Try 1 of 3
[2025-06-27T00:42:59.935+0000] {logging_mixin.py:188} INFO - [2025-06-27T00:42:59.935+0000] {dagbag.py:672} DEBUG - Calling the DAG.bulk_sync_to_db method
[2025-06-27T00:42:59.956+0000] {logging_mixin.py:188} INFO - [2025-06-27T00:42:59.956+0000] {serialized_dag.py:166} DEBUG - Checking if DAG (example_sla_dag) changed
[2025-06-27T00:42:59.971+0000] {logging_mixin.py:188} INFO - [2025-06-27T00:42:59.970+0000] {serialized_dag.py:177} DEBUG - Serialized DAG (example_sla_dag) is unchanged. Skipping writing to DB
[2025-06-27T00:42:59.971+0000] {logging_mixin.py:188} INFO - [2025-06-27T00:42:59.971+0000] {dag.py:3096} INFO - Sync 1 DAGs
[2025-06-27T00:43:00.001+0000] {logging_mixin.py:188} INFO - [2025-06-27T00:43:00.001+0000] {dag.py:3954} INFO - Setting next_dagrun for example_sla_dag to 2025-06-27 00:40:00+00:00, run_after=2025-06-27 00:42:00+00:00
[2025-06-27T00:43:00.070+0000] {processor.py:183} INFO - Processing /home/airflow/.local/lib/python3.10/site-packages/airflow/example_dags/example_sla_dag.py took 0.181 seconds
[2025-06-27T00:43:30.595+0000] {logging_mixin.py:188} INFO - [2025-06-27T00:43:30.594+0000] {settings.py:250} DEBUG - Setting up DB connection pool (PID 16191)
[2025-06-27T00:43:30.598+0000] {logging_mixin.py:188} INFO - [2025-06-27T00:43:30.598+0000] {settings.py:330} DEBUG - settings.prepare_engine_args(): Using pool settings. pool_size=5, max_overflow=10, pool_recycle=1800, pid=16191
[2025-06-27T00:43:30.612+0000] {processor.py:161} INFO - Started process (PID=16191) to work on /home/airflow/.local/lib/python3.10/site-packages/airflow/example_dags/example_sla_dag.py
[2025-06-27T00:43:30.614+0000] {processor.py:830} INFO - Processing file /home/airflow/.local/lib/python3.10/site-packages/airflow/example_dags/example_sla_dag.py for tasks to queue
[2025-06-27T00:43:30.616+0000] {logging_mixin.py:188} INFO - [2025-06-27T00:43:30.615+0000] {dagbag.py:545} INFO - Filling up the DagBag from /home/airflow/.local/lib/python3.10/site-packages/airflow/example_dags/example_sla_dag.py
[2025-06-27T00:43:30.618+0000] {logging_mixin.py:188} INFO - [2025-06-27T00:43:30.618+0000] {dagbag.py:337} DEBUG - Importing /home/airflow/.local/lib/python3.10/site-packages/airflow/example_dags/example_sla_dag.py
[2025-06-27T00:43:30.624+0000] {logging_mixin.py:188} INFO - [2025-06-27T00:43:30.624+0000] {GetText.py:65} DEBUG - /home/airflow/.local/lib/python3.10/site-packages/cron_descriptor/locale/en_US.mo Loaded
[2025-06-27T00:43:30.636+0000] {logging_mixin.py:188} INFO - [2025-06-27T00:43:30.634+0000] {dagbag.py:511} DEBUG - Loaded DAG <DAG: example_sla_dag>
[2025-06-27T00:43:30.637+0000] {processor.py:840} INFO - DAG(s) 'example_sla_dag' retrieved from /home/airflow/.local/lib/python3.10/site-packages/airflow/example_dags/example_sla_dag.py
[2025-06-27T00:43:30.639+0000] {logging_mixin.py:188} INFO - [2025-06-27T00:43:30.639+0000] {dagbag.py:667} DEBUG - Running dagbag.sync_to_db with retries. Try 1 of 3
[2025-06-27T00:43:30.640+0000] {logging_mixin.py:188} INFO - [2025-06-27T00:43:30.640+0000] {dagbag.py:672} DEBUG - Calling the DAG.bulk_sync_to_db method
[2025-06-27T00:43:30.664+0000] {logging_mixin.py:188} INFO - [2025-06-27T00:43:30.663+0000] {serialized_dag.py:166} DEBUG - Checking if DAG (example_sla_dag) changed
[2025-06-27T00:43:30.678+0000] {logging_mixin.py:188} INFO - [2025-06-27T00:43:30.678+0000] {serialized_dag.py:177} DEBUG - Serialized DAG (example_sla_dag) is unchanged. Skipping writing to DB
[2025-06-27T00:43:30.679+0000] {logging_mixin.py:188} INFO - [2025-06-27T00:43:30.679+0000] {dag.py:3096} INFO - Sync 1 DAGs
[2025-06-27T00:43:30.915+0000] {logging_mixin.py:188} INFO - [2025-06-27T00:43:30.914+0000] {dag.py:3954} INFO - Setting next_dagrun for example_sla_dag to 2025-06-27 00:40:00+00:00, run_after=2025-06-27 00:42:00+00:00
[2025-06-27T00:43:30.943+0000] {processor.py:183} INFO - Processing /home/airflow/.local/lib/python3.10/site-packages/airflow/example_dags/example_sla_dag.py took 0.349 seconds
[2025-06-27T00:44:01.110+0000] {logging_mixin.py:188} INFO - [2025-06-27T00:44:01.108+0000] {settings.py:250} DEBUG - Setting up DB connection pool (PID 16254)
[2025-06-27T00:44:01.112+0000] {logging_mixin.py:188} INFO - [2025-06-27T00:44:01.112+0000] {settings.py:330} DEBUG - settings.prepare_engine_args(): Using pool settings. pool_size=5, max_overflow=10, pool_recycle=1800, pid=16254
[2025-06-27T00:44:01.125+0000] {processor.py:161} INFO - Started process (PID=16254) to work on /home/airflow/.local/lib/python3.10/site-packages/airflow/example_dags/example_sla_dag.py
[2025-06-27T00:44:01.126+0000] {processor.py:830} INFO - Processing file /home/airflow/.local/lib/python3.10/site-packages/airflow/example_dags/example_sla_dag.py for tasks to queue
[2025-06-27T00:44:01.129+0000] {logging_mixin.py:188} INFO - [2025-06-27T00:44:01.128+0000] {dagbag.py:545} INFO - Filling up the DagBag from /home/airflow/.local/lib/python3.10/site-packages/airflow/example_dags/example_sla_dag.py
[2025-06-27T00:44:01.132+0000] {logging_mixin.py:188} INFO - [2025-06-27T00:44:01.132+0000] {dagbag.py:337} DEBUG - Importing /home/airflow/.local/lib/python3.10/site-packages/airflow/example_dags/example_sla_dag.py
[2025-06-27T00:44:01.139+0000] {logging_mixin.py:188} INFO - [2025-06-27T00:44:01.139+0000] {GetText.py:65} DEBUG - /home/airflow/.local/lib/python3.10/site-packages/cron_descriptor/locale/en_US.mo Loaded
[2025-06-27T00:44:01.154+0000] {logging_mixin.py:188} INFO - [2025-06-27T00:44:01.152+0000] {dagbag.py:511} DEBUG - Loaded DAG <DAG: example_sla_dag>
[2025-06-27T00:44:01.156+0000] {processor.py:840} INFO - DAG(s) 'example_sla_dag' retrieved from /home/airflow/.local/lib/python3.10/site-packages/airflow/example_dags/example_sla_dag.py
[2025-06-27T00:44:01.159+0000] {logging_mixin.py:188} INFO - [2025-06-27T00:44:01.159+0000] {dagbag.py:667} DEBUG - Running dagbag.sync_to_db with retries. Try 1 of 3
[2025-06-27T00:44:01.161+0000] {logging_mixin.py:188} INFO - [2025-06-27T00:44:01.160+0000] {dagbag.py:672} DEBUG - Calling the DAG.bulk_sync_to_db method
[2025-06-27T00:44:01.189+0000] {logging_mixin.py:188} INFO - [2025-06-27T00:44:01.188+0000] {serialized_dag.py:166} DEBUG - Checking if DAG (example_sla_dag) changed
[2025-06-27T00:44:01.206+0000] {logging_mixin.py:188} INFO - [2025-06-27T00:44:01.206+0000] {serialized_dag.py:177} DEBUG - Serialized DAG (example_sla_dag) is unchanged. Skipping writing to DB
[2025-06-27T00:44:01.207+0000] {logging_mixin.py:188} INFO - [2025-06-27T00:44:01.207+0000] {dag.py:3096} INFO - Sync 1 DAGs
[2025-06-27T00:44:01.480+0000] {logging_mixin.py:188} INFO - [2025-06-27T00:44:01.479+0000] {dag.py:3954} INFO - Setting next_dagrun for example_sla_dag to 2025-06-27 00:42:00+00:00, run_after=2025-06-27 00:44:00+00:00
[2025-06-27T00:44:01.518+0000] {processor.py:183} INFO - Processing /home/airflow/.local/lib/python3.10/site-packages/airflow/example_dags/example_sla_dag.py took 0.410 seconds
[2025-06-27T00:44:32.021+0000] {logging_mixin.py:188} INFO - [2025-06-27T00:44:32.019+0000] {settings.py:250} DEBUG - Setting up DB connection pool (PID 16317)
[2025-06-27T00:44:32.023+0000] {logging_mixin.py:188} INFO - [2025-06-27T00:44:32.023+0000] {settings.py:330} DEBUG - settings.prepare_engine_args(): Using pool settings. pool_size=5, max_overflow=10, pool_recycle=1800, pid=16317
[2025-06-27T00:44:32.035+0000] {processor.py:161} INFO - Started process (PID=16317) to work on /home/airflow/.local/lib/python3.10/site-packages/airflow/example_dags/example_sla_dag.py
[2025-06-27T00:44:32.036+0000] {processor.py:830} INFO - Processing file /home/airflow/.local/lib/python3.10/site-packages/airflow/example_dags/example_sla_dag.py for tasks to queue
[2025-06-27T00:44:32.038+0000] {logging_mixin.py:188} INFO - [2025-06-27T00:44:32.038+0000] {dagbag.py:545} INFO - Filling up the DagBag from /home/airflow/.local/lib/python3.10/site-packages/airflow/example_dags/example_sla_dag.py
[2025-06-27T00:44:32.041+0000] {logging_mixin.py:188} INFO - [2025-06-27T00:44:32.041+0000] {dagbag.py:337} DEBUG - Importing /home/airflow/.local/lib/python3.10/site-packages/airflow/example_dags/example_sla_dag.py
[2025-06-27T00:44:32.046+0000] {logging_mixin.py:188} INFO - [2025-06-27T00:44:32.046+0000] {GetText.py:65} DEBUG - /home/airflow/.local/lib/python3.10/site-packages/cron_descriptor/locale/en_US.mo Loaded
[2025-06-27T00:44:32.060+0000] {logging_mixin.py:188} INFO - [2025-06-27T00:44:32.058+0000] {dagbag.py:511} DEBUG - Loaded DAG <DAG: example_sla_dag>
[2025-06-27T00:44:32.061+0000] {processor.py:840} INFO - DAG(s) 'example_sla_dag' retrieved from /home/airflow/.local/lib/python3.10/site-packages/airflow/example_dags/example_sla_dag.py
[2025-06-27T00:44:32.063+0000] {logging_mixin.py:188} INFO - [2025-06-27T00:44:32.062+0000] {dagbag.py:667} DEBUG - Running dagbag.sync_to_db with retries. Try 1 of 3
[2025-06-27T00:44:32.063+0000] {logging_mixin.py:188} INFO - [2025-06-27T00:44:32.063+0000] {dagbag.py:672} DEBUG - Calling the DAG.bulk_sync_to_db method
[2025-06-27T00:44:32.083+0000] {logging_mixin.py:188} INFO - [2025-06-27T00:44:32.082+0000] {serialized_dag.py:166} DEBUG - Checking if DAG (example_sla_dag) changed
[2025-06-27T00:44:32.095+0000] {logging_mixin.py:188} INFO - [2025-06-27T00:44:32.095+0000] {serialized_dag.py:177} DEBUG - Serialized DAG (example_sla_dag) is unchanged. Skipping writing to DB
[2025-06-27T00:44:32.097+0000] {logging_mixin.py:188} INFO - [2025-06-27T00:44:32.096+0000] {dag.py:3096} INFO - Sync 1 DAGs
[2025-06-27T00:44:32.314+0000] {logging_mixin.py:188} INFO - [2025-06-27T00:44:32.313+0000] {dag.py:3954} INFO - Setting next_dagrun for example_sla_dag to 2025-06-27 00:42:00+00:00, run_after=2025-06-27 00:44:00+00:00
[2025-06-27T00:44:32.342+0000] {processor.py:183} INFO - Processing /home/airflow/.local/lib/python3.10/site-packages/airflow/example_dags/example_sla_dag.py took 0.323 seconds
[2025-06-27T00:45:02.549+0000] {logging_mixin.py:188} INFO - [2025-06-27T00:45:02.548+0000] {settings.py:250} DEBUG - Setting up DB connection pool (PID 16380)
[2025-06-27T00:45:02.551+0000] {logging_mixin.py:188} INFO - [2025-06-27T00:45:02.551+0000] {settings.py:330} DEBUG - settings.prepare_engine_args(): Using pool settings. pool_size=5, max_overflow=10, pool_recycle=1800, pid=16380
[2025-06-27T00:45:02.563+0000] {processor.py:161} INFO - Started process (PID=16380) to work on /home/airflow/.local/lib/python3.10/site-packages/airflow/example_dags/example_sla_dag.py
[2025-06-27T00:45:02.564+0000] {processor.py:830} INFO - Processing file /home/airflow/.local/lib/python3.10/site-packages/airflow/example_dags/example_sla_dag.py for tasks to queue
[2025-06-27T00:45:02.566+0000] {logging_mixin.py:188} INFO - [2025-06-27T00:45:02.565+0000] {dagbag.py:545} INFO - Filling up the DagBag from /home/airflow/.local/lib/python3.10/site-packages/airflow/example_dags/example_sla_dag.py
[2025-06-27T00:45:02.569+0000] {logging_mixin.py:188} INFO - [2025-06-27T00:45:02.568+0000] {dagbag.py:337} DEBUG - Importing /home/airflow/.local/lib/python3.10/site-packages/airflow/example_dags/example_sla_dag.py
[2025-06-27T00:45:02.574+0000] {logging_mixin.py:188} INFO - [2025-06-27T00:45:02.574+0000] {GetText.py:65} DEBUG - /home/airflow/.local/lib/python3.10/site-packages/cron_descriptor/locale/en_US.mo Loaded
[2025-06-27T00:45:02.585+0000] {logging_mixin.py:188} INFO - [2025-06-27T00:45:02.583+0000] {dagbag.py:511} DEBUG - Loaded DAG <DAG: example_sla_dag>
[2025-06-27T00:45:02.586+0000] {processor.py:840} INFO - DAG(s) 'example_sla_dag' retrieved from /home/airflow/.local/lib/python3.10/site-packages/airflow/example_dags/example_sla_dag.py
[2025-06-27T00:45:02.588+0000] {logging_mixin.py:188} INFO - [2025-06-27T00:45:02.588+0000] {dagbag.py:667} DEBUG - Running dagbag.sync_to_db with retries. Try 1 of 3
[2025-06-27T00:45:02.589+0000] {logging_mixin.py:188} INFO - [2025-06-27T00:45:02.589+0000] {dagbag.py:672} DEBUG - Calling the DAG.bulk_sync_to_db method
[2025-06-27T00:45:02.611+0000] {logging_mixin.py:188} INFO - [2025-06-27T00:45:02.610+0000] {serialized_dag.py:166} DEBUG - Checking if DAG (example_sla_dag) changed
[2025-06-27T00:45:02.623+0000] {logging_mixin.py:188} INFO - [2025-06-27T00:45:02.623+0000] {serialized_dag.py:177} DEBUG - Serialized DAG (example_sla_dag) is unchanged. Skipping writing to DB
[2025-06-27T00:45:02.626+0000] {logging_mixin.py:188} INFO - [2025-06-27T00:45:02.625+0000] {dag.py:3096} INFO - Sync 1 DAGs
[2025-06-27T00:45:02.673+0000] {logging_mixin.py:188} INFO - [2025-06-27T00:45:02.673+0000] {dag.py:3954} INFO - Setting next_dagrun for example_sla_dag to 2025-06-27 00:42:00+00:00, run_after=2025-06-27 00:44:00+00:00
[2025-06-27T00:45:02.702+0000] {processor.py:183} INFO - Processing /home/airflow/.local/lib/python3.10/site-packages/airflow/example_dags/example_sla_dag.py took 0.154 seconds
[2025-06-27T00:45:32.994+0000] {logging_mixin.py:188} INFO - [2025-06-27T00:45:32.993+0000] {settings.py:250} DEBUG - Setting up DB connection pool (PID 16443)
[2025-06-27T00:45:32.996+0000] {logging_mixin.py:188} INFO - [2025-06-27T00:45:32.996+0000] {settings.py:330} DEBUG - settings.prepare_engine_args(): Using pool settings. pool_size=5, max_overflow=10, pool_recycle=1800, pid=16443
[2025-06-27T00:45:33.008+0000] {processor.py:161} INFO - Started process (PID=16443) to work on /home/airflow/.local/lib/python3.10/site-packages/airflow/example_dags/example_sla_dag.py
[2025-06-27T00:45:33.009+0000] {processor.py:830} INFO - Processing file /home/airflow/.local/lib/python3.10/site-packages/airflow/example_dags/example_sla_dag.py for tasks to queue
[2025-06-27T00:45:33.010+0000] {logging_mixin.py:188} INFO - [2025-06-27T00:45:33.010+0000] {dagbag.py:545} INFO - Filling up the DagBag from /home/airflow/.local/lib/python3.10/site-packages/airflow/example_dags/example_sla_dag.py
[2025-06-27T00:45:33.013+0000] {logging_mixin.py:188} INFO - [2025-06-27T00:45:33.013+0000] {dagbag.py:337} DEBUG - Importing /home/airflow/.local/lib/python3.10/site-packages/airflow/example_dags/example_sla_dag.py
[2025-06-27T00:45:33.019+0000] {logging_mixin.py:188} INFO - [2025-06-27T00:45:33.018+0000] {GetText.py:65} DEBUG - /home/airflow/.local/lib/python3.10/site-packages/cron_descriptor/locale/en_US.mo Loaded
[2025-06-27T00:45:33.030+0000] {logging_mixin.py:188} INFO - [2025-06-27T00:45:33.028+0000] {dagbag.py:511} DEBUG - Loaded DAG <DAG: example_sla_dag>
[2025-06-27T00:45:33.031+0000] {processor.py:840} INFO - DAG(s) 'example_sla_dag' retrieved from /home/airflow/.local/lib/python3.10/site-packages/airflow/example_dags/example_sla_dag.py
[2025-06-27T00:45:33.033+0000] {logging_mixin.py:188} INFO - [2025-06-27T00:45:33.032+0000] {dagbag.py:667} DEBUG - Running dagbag.sync_to_db with retries. Try 1 of 3
[2025-06-27T00:45:33.034+0000] {logging_mixin.py:188} INFO - [2025-06-27T00:45:33.033+0000] {dagbag.py:672} DEBUG - Calling the DAG.bulk_sync_to_db method
[2025-06-27T00:45:33.054+0000] {logging_mixin.py:188} INFO - [2025-06-27T00:45:33.054+0000] {serialized_dag.py:166} DEBUG - Checking if DAG (example_sla_dag) changed
[2025-06-27T00:45:33.066+0000] {logging_mixin.py:188} INFO - [2025-06-27T00:45:33.065+0000] {serialized_dag.py:177} DEBUG - Serialized DAG (example_sla_dag) is unchanged. Skipping writing to DB
[2025-06-27T00:45:33.067+0000] {logging_mixin.py:188} INFO - [2025-06-27T00:45:33.066+0000] {dag.py:3096} INFO - Sync 1 DAGs
[2025-06-27T00:45:33.097+0000] {logging_mixin.py:188} INFO - [2025-06-27T00:45:33.097+0000] {dag.py:3954} INFO - Setting next_dagrun for example_sla_dag to 2025-06-27 00:42:00+00:00, run_after=2025-06-27 00:44:00+00:00
[2025-06-27T00:45:33.126+0000] {processor.py:183} INFO - Processing /home/airflow/.local/lib/python3.10/site-packages/airflow/example_dags/example_sla_dag.py took 0.133 seconds
[2025-06-27T00:46:03.589+0000] {logging_mixin.py:188} INFO - [2025-06-27T00:46:03.588+0000] {settings.py:250} DEBUG - Setting up DB connection pool (PID 16506)
[2025-06-27T00:46:03.592+0000] {logging_mixin.py:188} INFO - [2025-06-27T00:46:03.591+0000] {settings.py:330} DEBUG - settings.prepare_engine_args(): Using pool settings. pool_size=5, max_overflow=10, pool_recycle=1800, pid=16506
[2025-06-27T00:46:03.604+0000] {processor.py:161} INFO - Started process (PID=16506) to work on /home/airflow/.local/lib/python3.10/site-packages/airflow/example_dags/example_sla_dag.py
[2025-06-27T00:46:03.605+0000] {processor.py:830} INFO - Processing file /home/airflow/.local/lib/python3.10/site-packages/airflow/example_dags/example_sla_dag.py for tasks to queue
[2025-06-27T00:46:03.607+0000] {logging_mixin.py:188} INFO - [2025-06-27T00:46:03.606+0000] {dagbag.py:545} INFO - Filling up the DagBag from /home/airflow/.local/lib/python3.10/site-packages/airflow/example_dags/example_sla_dag.py
[2025-06-27T00:46:03.609+0000] {logging_mixin.py:188} INFO - [2025-06-27T00:46:03.609+0000] {dagbag.py:337} DEBUG - Importing /home/airflow/.local/lib/python3.10/site-packages/airflow/example_dags/example_sla_dag.py
[2025-06-27T00:46:03.616+0000] {logging_mixin.py:188} INFO - [2025-06-27T00:46:03.616+0000] {GetText.py:65} DEBUG - /home/airflow/.local/lib/python3.10/site-packages/cron_descriptor/locale/en_US.mo Loaded
[2025-06-27T00:46:03.628+0000] {logging_mixin.py:188} INFO - [2025-06-27T00:46:03.626+0000] {dagbag.py:511} DEBUG - Loaded DAG <DAG: example_sla_dag>
[2025-06-27T00:46:03.629+0000] {processor.py:840} INFO - DAG(s) 'example_sla_dag' retrieved from /home/airflow/.local/lib/python3.10/site-packages/airflow/example_dags/example_sla_dag.py
[2025-06-27T00:46:03.631+0000] {logging_mixin.py:188} INFO - [2025-06-27T00:46:03.631+0000] {dagbag.py:667} DEBUG - Running dagbag.sync_to_db with retries. Try 1 of 3
[2025-06-27T00:46:03.632+0000] {logging_mixin.py:188} INFO - [2025-06-27T00:46:03.632+0000] {dagbag.py:672} DEBUG - Calling the DAG.bulk_sync_to_db method
[2025-06-27T00:46:03.654+0000] {logging_mixin.py:188} INFO - [2025-06-27T00:46:03.653+0000] {serialized_dag.py:166} DEBUG - Checking if DAG (example_sla_dag) changed
[2025-06-27T00:46:03.667+0000] {logging_mixin.py:188} INFO - [2025-06-27T00:46:03.667+0000] {serialized_dag.py:177} DEBUG - Serialized DAG (example_sla_dag) is unchanged. Skipping writing to DB
[2025-06-27T00:46:03.669+0000] {logging_mixin.py:188} INFO - [2025-06-27T00:46:03.669+0000] {dag.py:3096} INFO - Sync 1 DAGs
[2025-06-27T00:46:03.704+0000] {logging_mixin.py:188} INFO - [2025-06-27T00:46:03.703+0000] {dag.py:3954} INFO - Setting next_dagrun for example_sla_dag to 2025-06-27 00:44:00+00:00, run_after=2025-06-27 00:46:00+00:00
[2025-06-27T00:46:03.741+0000] {processor.py:183} INFO - Processing /home/airflow/.local/lib/python3.10/site-packages/airflow/example_dags/example_sla_dag.py took 0.153 seconds
[2025-06-27T00:46:34.814+0000] {logging_mixin.py:188} INFO - [2025-06-27T00:46:34.813+0000] {settings.py:250} DEBUG - Setting up DB connection pool (PID 16570)
[2025-06-27T00:46:34.816+0000] {logging_mixin.py:188} INFO - [2025-06-27T00:46:34.816+0000] {settings.py:330} DEBUG - settings.prepare_engine_args(): Using pool settings. pool_size=5, max_overflow=10, pool_recycle=1800, pid=16570
[2025-06-27T00:46:34.826+0000] {processor.py:161} INFO - Started process (PID=16570) to work on /home/airflow/.local/lib/python3.10/site-packages/airflow/example_dags/example_sla_dag.py
[2025-06-27T00:46:34.827+0000] {processor.py:830} INFO - Processing file /home/airflow/.local/lib/python3.10/site-packages/airflow/example_dags/example_sla_dag.py for tasks to queue
[2025-06-27T00:46:34.828+0000] {logging_mixin.py:188} INFO - [2025-06-27T00:46:34.828+0000] {dagbag.py:545} INFO - Filling up the DagBag from /home/airflow/.local/lib/python3.10/site-packages/airflow/example_dags/example_sla_dag.py
[2025-06-27T00:46:34.831+0000] {logging_mixin.py:188} INFO - [2025-06-27T00:46:34.831+0000] {dagbag.py:337} DEBUG - Importing /home/airflow/.local/lib/python3.10/site-packages/airflow/example_dags/example_sla_dag.py
[2025-06-27T00:46:34.838+0000] {logging_mixin.py:188} INFO - [2025-06-27T00:46:34.838+0000] {GetText.py:65} DEBUG - /home/airflow/.local/lib/python3.10/site-packages/cron_descriptor/locale/en_US.mo Loaded
[2025-06-27T00:46:34.848+0000] {logging_mixin.py:188} INFO - [2025-06-27T00:46:34.846+0000] {dagbag.py:511} DEBUG - Loaded DAG <DAG: example_sla_dag>
[2025-06-27T00:46:34.849+0000] {processor.py:840} INFO - DAG(s) 'example_sla_dag' retrieved from /home/airflow/.local/lib/python3.10/site-packages/airflow/example_dags/example_sla_dag.py
[2025-06-27T00:46:34.851+0000] {logging_mixin.py:188} INFO - [2025-06-27T00:46:34.851+0000] {dagbag.py:667} DEBUG - Running dagbag.sync_to_db with retries. Try 1 of 3
[2025-06-27T00:46:34.852+0000] {logging_mixin.py:188} INFO - [2025-06-27T00:46:34.852+0000] {dagbag.py:672} DEBUG - Calling the DAG.bulk_sync_to_db method
[2025-06-27T00:46:34.872+0000] {logging_mixin.py:188} INFO - [2025-06-27T00:46:34.871+0000] {serialized_dag.py:166} DEBUG - Checking if DAG (example_sla_dag) changed
[2025-06-27T00:46:34.884+0000] {logging_mixin.py:188} INFO - [2025-06-27T00:46:34.883+0000] {serialized_dag.py:177} DEBUG - Serialized DAG (example_sla_dag) is unchanged. Skipping writing to DB
[2025-06-27T00:46:34.885+0000] {logging_mixin.py:188} INFO - [2025-06-27T00:46:34.884+0000] {dag.py:3096} INFO - Sync 1 DAGs
[2025-06-27T00:46:34.930+0000] {logging_mixin.py:188} INFO - [2025-06-27T00:46:34.930+0000] {dag.py:3954} INFO - Setting next_dagrun for example_sla_dag to 2025-06-27 00:44:00+00:00, run_after=2025-06-27 00:46:00+00:00
[2025-06-27T00:46:34.959+0000] {processor.py:183} INFO - Processing /home/airflow/.local/lib/python3.10/site-packages/airflow/example_dags/example_sla_dag.py took 0.147 seconds
[2025-06-27T00:47:05.226+0000] {logging_mixin.py:188} INFO - [2025-06-27T00:47:05.225+0000] {settings.py:250} DEBUG - Setting up DB connection pool (PID 16631)
[2025-06-27T00:47:05.228+0000] {logging_mixin.py:188} INFO - [2025-06-27T00:47:05.228+0000] {settings.py:330} DEBUG - settings.prepare_engine_args(): Using pool settings. pool_size=5, max_overflow=10, pool_recycle=1800, pid=16631
[2025-06-27T00:47:05.239+0000] {processor.py:161} INFO - Started process (PID=16631) to work on /home/airflow/.local/lib/python3.10/site-packages/airflow/example_dags/example_sla_dag.py
[2025-06-27T00:47:05.240+0000] {processor.py:830} INFO - Processing file /home/airflow/.local/lib/python3.10/site-packages/airflow/example_dags/example_sla_dag.py for tasks to queue
[2025-06-27T00:47:05.242+0000] {logging_mixin.py:188} INFO - [2025-06-27T00:47:05.241+0000] {dagbag.py:545} INFO - Filling up the DagBag from /home/airflow/.local/lib/python3.10/site-packages/airflow/example_dags/example_sla_dag.py
[2025-06-27T00:47:05.244+0000] {logging_mixin.py:188} INFO - [2025-06-27T00:47:05.244+0000] {dagbag.py:337} DEBUG - Importing /home/airflow/.local/lib/python3.10/site-packages/airflow/example_dags/example_sla_dag.py
[2025-06-27T00:47:05.249+0000] {logging_mixin.py:188} INFO - [2025-06-27T00:47:05.248+0000] {GetText.py:65} DEBUG - /home/airflow/.local/lib/python3.10/site-packages/cron_descriptor/locale/en_US.mo Loaded
[2025-06-27T00:47:05.260+0000] {logging_mixin.py:188} INFO - [2025-06-27T00:47:05.258+0000] {dagbag.py:511} DEBUG - Loaded DAG <DAG: example_sla_dag>
[2025-06-27T00:47:05.260+0000] {processor.py:840} INFO - DAG(s) 'example_sla_dag' retrieved from /home/airflow/.local/lib/python3.10/site-packages/airflow/example_dags/example_sla_dag.py
[2025-06-27T00:47:05.263+0000] {logging_mixin.py:188} INFO - [2025-06-27T00:47:05.262+0000] {dagbag.py:667} DEBUG - Running dagbag.sync_to_db with retries. Try 1 of 3
[2025-06-27T00:47:05.263+0000] {logging_mixin.py:188} INFO - [2025-06-27T00:47:05.263+0000] {dagbag.py:672} DEBUG - Calling the DAG.bulk_sync_to_db method
[2025-06-27T00:47:05.285+0000] {logging_mixin.py:188} INFO - [2025-06-27T00:47:05.284+0000] {serialized_dag.py:166} DEBUG - Checking if DAG (example_sla_dag) changed
[2025-06-27T00:47:05.296+0000] {logging_mixin.py:188} INFO - [2025-06-27T00:47:05.295+0000] {serialized_dag.py:177} DEBUG - Serialized DAG (example_sla_dag) is unchanged. Skipping writing to DB
[2025-06-27T00:47:05.297+0000] {logging_mixin.py:188} INFO - [2025-06-27T00:47:05.296+0000] {dag.py:3096} INFO - Sync 1 DAGs
[2025-06-27T00:47:05.327+0000] {logging_mixin.py:188} INFO - [2025-06-27T00:47:05.327+0000] {dag.py:3954} INFO - Setting next_dagrun for example_sla_dag to 2025-06-27 00:44:00+00:00, run_after=2025-06-27 00:46:00+00:00
[2025-06-27T00:47:05.351+0000] {processor.py:183} INFO - Processing /home/airflow/.local/lib/python3.10/site-packages/airflow/example_dags/example_sla_dag.py took 0.127 seconds
[2025-06-27T00:47:35.754+0000] {logging_mixin.py:188} INFO - [2025-06-27T00:47:35.753+0000] {settings.py:250} DEBUG - Setting up DB connection pool (PID 16694)
[2025-06-27T00:47:35.756+0000] {logging_mixin.py:188} INFO - [2025-06-27T00:47:35.756+0000] {settings.py:330} DEBUG - settings.prepare_engine_args(): Using pool settings. pool_size=5, max_overflow=10, pool_recycle=1800, pid=16694
[2025-06-27T00:47:35.770+0000] {processor.py:161} INFO - Started process (PID=16694) to work on /home/airflow/.local/lib/python3.10/site-packages/airflow/example_dags/example_sla_dag.py
[2025-06-27T00:47:35.771+0000] {processor.py:830} INFO - Processing file /home/airflow/.local/lib/python3.10/site-packages/airflow/example_dags/example_sla_dag.py for tasks to queue
[2025-06-27T00:47:35.772+0000] {logging_mixin.py:188} INFO - [2025-06-27T00:47:35.772+0000] {dagbag.py:545} INFO - Filling up the DagBag from /home/airflow/.local/lib/python3.10/site-packages/airflow/example_dags/example_sla_dag.py
[2025-06-27T00:47:35.775+0000] {logging_mixin.py:188} INFO - [2025-06-27T00:47:35.775+0000] {dagbag.py:337} DEBUG - Importing /home/airflow/.local/lib/python3.10/site-packages/airflow/example_dags/example_sla_dag.py
[2025-06-27T00:47:35.781+0000] {logging_mixin.py:188} INFO - [2025-06-27T00:47:35.781+0000] {GetText.py:65} DEBUG - /home/airflow/.local/lib/python3.10/site-packages/cron_descriptor/locale/en_US.mo Loaded
[2025-06-27T00:47:35.791+0000] {logging_mixin.py:188} INFO - [2025-06-27T00:47:35.789+0000] {dagbag.py:511} DEBUG - Loaded DAG <DAG: example_sla_dag>
[2025-06-27T00:47:35.792+0000] {processor.py:840} INFO - DAG(s) 'example_sla_dag' retrieved from /home/airflow/.local/lib/python3.10/site-packages/airflow/example_dags/example_sla_dag.py
[2025-06-27T00:47:35.794+0000] {logging_mixin.py:188} INFO - [2025-06-27T00:47:35.794+0000] {dagbag.py:667} DEBUG - Running dagbag.sync_to_db with retries. Try 1 of 3
[2025-06-27T00:47:35.795+0000] {logging_mixin.py:188} INFO - [2025-06-27T00:47:35.795+0000] {dagbag.py:672} DEBUG - Calling the DAG.bulk_sync_to_db method
[2025-06-27T00:47:35.816+0000] {logging_mixin.py:188} INFO - [2025-06-27T00:47:35.816+0000] {serialized_dag.py:166} DEBUG - Checking if DAG (example_sla_dag) changed
[2025-06-27T00:47:35.829+0000] {logging_mixin.py:188} INFO - [2025-06-27T00:47:35.828+0000] {serialized_dag.py:177} DEBUG - Serialized DAG (example_sla_dag) is unchanged. Skipping writing to DB
[2025-06-27T00:47:35.831+0000] {logging_mixin.py:188} INFO - [2025-06-27T00:47:35.830+0000] {dag.py:3096} INFO - Sync 1 DAGs
[2025-06-27T00:47:35.866+0000] {logging_mixin.py:188} INFO - [2025-06-27T00:47:35.865+0000] {dag.py:3954} INFO - Setting next_dagrun for example_sla_dag to 2025-06-27 00:44:00+00:00, run_after=2025-06-27 00:46:00+00:00
[2025-06-27T00:47:35.896+0000] {processor.py:183} INFO - Processing /home/airflow/.local/lib/python3.10/site-packages/airflow/example_dags/example_sla_dag.py took 0.143 seconds
[2025-06-27T00:48:06.010+0000] {logging_mixin.py:188} INFO - [2025-06-27T00:48:06.009+0000] {settings.py:250} DEBUG - Setting up DB connection pool (PID 16757)
[2025-06-27T00:48:06.013+0000] {logging_mixin.py:188} INFO - [2025-06-27T00:48:06.012+0000] {settings.py:330} DEBUG - settings.prepare_engine_args(): Using pool settings. pool_size=5, max_overflow=10, pool_recycle=1800, pid=16757
[2025-06-27T00:48:06.025+0000] {processor.py:161} INFO - Started process (PID=16757) to work on /home/airflow/.local/lib/python3.10/site-packages/airflow/example_dags/example_sla_dag.py
[2025-06-27T00:48:06.026+0000] {processor.py:830} INFO - Processing file /home/airflow/.local/lib/python3.10/site-packages/airflow/example_dags/example_sla_dag.py for tasks to queue
[2025-06-27T00:48:06.029+0000] {logging_mixin.py:188} INFO - [2025-06-27T00:48:06.028+0000] {dagbag.py:545} INFO - Filling up the DagBag from /home/airflow/.local/lib/python3.10/site-packages/airflow/example_dags/example_sla_dag.py
[2025-06-27T00:48:06.032+0000] {logging_mixin.py:188} INFO - [2025-06-27T00:48:06.031+0000] {dagbag.py:337} DEBUG - Importing /home/airflow/.local/lib/python3.10/site-packages/airflow/example_dags/example_sla_dag.py
[2025-06-27T00:48:06.038+0000] {logging_mixin.py:188} INFO - [2025-06-27T00:48:06.038+0000] {GetText.py:65} DEBUG - /home/airflow/.local/lib/python3.10/site-packages/cron_descriptor/locale/en_US.mo Loaded
[2025-06-27T00:48:06.050+0000] {logging_mixin.py:188} INFO - [2025-06-27T00:48:06.048+0000] {dagbag.py:511} DEBUG - Loaded DAG <DAG: example_sla_dag>
[2025-06-27T00:48:06.050+0000] {processor.py:840} INFO - DAG(s) 'example_sla_dag' retrieved from /home/airflow/.local/lib/python3.10/site-packages/airflow/example_dags/example_sla_dag.py
[2025-06-27T00:48:06.052+0000] {logging_mixin.py:188} INFO - [2025-06-27T00:48:06.052+0000] {dagbag.py:667} DEBUG - Running dagbag.sync_to_db with retries. Try 1 of 3
[2025-06-27T00:48:06.053+0000] {logging_mixin.py:188} INFO - [2025-06-27T00:48:06.053+0000] {dagbag.py:672} DEBUG - Calling the DAG.bulk_sync_to_db method
[2025-06-27T00:48:06.076+0000] {logging_mixin.py:188} INFO - [2025-06-27T00:48:06.076+0000] {serialized_dag.py:166} DEBUG - Checking if DAG (example_sla_dag) changed
[2025-06-27T00:48:06.090+0000] {logging_mixin.py:188} INFO - [2025-06-27T00:48:06.090+0000] {serialized_dag.py:177} DEBUG - Serialized DAG (example_sla_dag) is unchanged. Skipping writing to DB
[2025-06-27T00:48:06.091+0000] {logging_mixin.py:188} INFO - [2025-06-27T00:48:06.091+0000] {dag.py:3096} INFO - Sync 1 DAGs
[2025-06-27T00:48:06.122+0000] {logging_mixin.py:188} INFO - [2025-06-27T00:48:06.121+0000] {dag.py:3954} INFO - Setting next_dagrun for example_sla_dag to 2025-06-27 00:46:00+00:00, run_after=2025-06-27 00:48:00+00:00
[2025-06-27T00:48:06.155+0000] {processor.py:183} INFO - Processing /home/airflow/.local/lib/python3.10/site-packages/airflow/example_dags/example_sla_dag.py took 0.146 seconds
[2025-06-27T00:48:36.615+0000] {logging_mixin.py:188} INFO - [2025-06-27T00:48:36.614+0000] {settings.py:250} DEBUG - Setting up DB connection pool (PID 16820)
[2025-06-27T00:48:36.617+0000] {logging_mixin.py:188} INFO - [2025-06-27T00:48:36.617+0000] {settings.py:330} DEBUG - settings.prepare_engine_args(): Using pool settings. pool_size=5, max_overflow=10, pool_recycle=1800, pid=16820
[2025-06-27T00:48:36.628+0000] {processor.py:161} INFO - Started process (PID=16820) to work on /home/airflow/.local/lib/python3.10/site-packages/airflow/example_dags/example_sla_dag.py
[2025-06-27T00:48:36.629+0000] {processor.py:830} INFO - Processing file /home/airflow/.local/lib/python3.10/site-packages/airflow/example_dags/example_sla_dag.py for tasks to queue
[2025-06-27T00:48:36.630+0000] {logging_mixin.py:188} INFO - [2025-06-27T00:48:36.630+0000] {dagbag.py:545} INFO - Filling up the DagBag from /home/airflow/.local/lib/python3.10/site-packages/airflow/example_dags/example_sla_dag.py
[2025-06-27T00:48:36.632+0000] {logging_mixin.py:188} INFO - [2025-06-27T00:48:36.632+0000] {dagbag.py:337} DEBUG - Importing /home/airflow/.local/lib/python3.10/site-packages/airflow/example_dags/example_sla_dag.py
[2025-06-27T00:48:36.639+0000] {logging_mixin.py:188} INFO - [2025-06-27T00:48:36.638+0000] {GetText.py:65} DEBUG - /home/airflow/.local/lib/python3.10/site-packages/cron_descriptor/locale/en_US.mo Loaded
[2025-06-27T00:48:36.649+0000] {logging_mixin.py:188} INFO - [2025-06-27T00:48:36.647+0000] {dagbag.py:511} DEBUG - Loaded DAG <DAG: example_sla_dag>
[2025-06-27T00:48:36.650+0000] {processor.py:840} INFO - DAG(s) 'example_sla_dag' retrieved from /home/airflow/.local/lib/python3.10/site-packages/airflow/example_dags/example_sla_dag.py
[2025-06-27T00:48:36.652+0000] {logging_mixin.py:188} INFO - [2025-06-27T00:48:36.652+0000] {dagbag.py:667} DEBUG - Running dagbag.sync_to_db with retries. Try 1 of 3
[2025-06-27T00:48:36.653+0000] {logging_mixin.py:188} INFO - [2025-06-27T00:48:36.653+0000] {dagbag.py:672} DEBUG - Calling the DAG.bulk_sync_to_db method
[2025-06-27T00:48:36.675+0000] {logging_mixin.py:188} INFO - [2025-06-27T00:48:36.675+0000] {serialized_dag.py:166} DEBUG - Checking if DAG (example_sla_dag) changed
[2025-06-27T00:48:36.688+0000] {logging_mixin.py:188} INFO - [2025-06-27T00:48:36.688+0000] {serialized_dag.py:177} DEBUG - Serialized DAG (example_sla_dag) is unchanged. Skipping writing to DB
[2025-06-27T00:48:36.690+0000] {logging_mixin.py:188} INFO - [2025-06-27T00:48:36.689+0000] {dag.py:3096} INFO - Sync 1 DAGs
[2025-06-27T00:48:36.723+0000] {logging_mixin.py:188} INFO - [2025-06-27T00:48:36.723+0000] {dag.py:3954} INFO - Setting next_dagrun for example_sla_dag to 2025-06-27 00:46:00+00:00, run_after=2025-06-27 00:48:00+00:00
[2025-06-27T00:48:36.753+0000] {processor.py:183} INFO - Processing /home/airflow/.local/lib/python3.10/site-packages/airflow/example_dags/example_sla_dag.py took 0.140 seconds
[2025-06-27T00:49:07.127+0000] {logging_mixin.py:188} INFO - [2025-06-27T00:49:07.126+0000] {settings.py:250} DEBUG - Setting up DB connection pool (PID 16883)
[2025-06-27T00:49:07.129+0000] {logging_mixin.py:188} INFO - [2025-06-27T00:49:07.128+0000] {settings.py:330} DEBUG - settings.prepare_engine_args(): Using pool settings. pool_size=5, max_overflow=10, pool_recycle=1800, pid=16883
[2025-06-27T00:49:07.140+0000] {processor.py:161} INFO - Started process (PID=16883) to work on /home/airflow/.local/lib/python3.10/site-packages/airflow/example_dags/example_sla_dag.py
[2025-06-27T00:49:07.141+0000] {processor.py:830} INFO - Processing file /home/airflow/.local/lib/python3.10/site-packages/airflow/example_dags/example_sla_dag.py for tasks to queue
[2025-06-27T00:49:07.143+0000] {logging_mixin.py:188} INFO - [2025-06-27T00:49:07.143+0000] {dagbag.py:545} INFO - Filling up the DagBag from /home/airflow/.local/lib/python3.10/site-packages/airflow/example_dags/example_sla_dag.py
[2025-06-27T00:49:07.146+0000] {logging_mixin.py:188} INFO - [2025-06-27T00:49:07.146+0000] {dagbag.py:337} DEBUG - Importing /home/airflow/.local/lib/python3.10/site-packages/airflow/example_dags/example_sla_dag.py
[2025-06-27T00:49:07.151+0000] {logging_mixin.py:188} INFO - [2025-06-27T00:49:07.151+0000] {GetText.py:65} DEBUG - /home/airflow/.local/lib/python3.10/site-packages/cron_descriptor/locale/en_US.mo Loaded
[2025-06-27T00:49:07.161+0000] {logging_mixin.py:188} INFO - [2025-06-27T00:49:07.160+0000] {dagbag.py:511} DEBUG - Loaded DAG <DAG: example_sla_dag>
[2025-06-27T00:49:07.162+0000] {processor.py:840} INFO - DAG(s) 'example_sla_dag' retrieved from /home/airflow/.local/lib/python3.10/site-packages/airflow/example_dags/example_sla_dag.py
[2025-06-27T00:49:07.164+0000] {logging_mixin.py:188} INFO - [2025-06-27T00:49:07.164+0000] {dagbag.py:667} DEBUG - Running dagbag.sync_to_db with retries. Try 1 of 3
[2025-06-27T00:49:07.165+0000] {logging_mixin.py:188} INFO - [2025-06-27T00:49:07.165+0000] {dagbag.py:672} DEBUG - Calling the DAG.bulk_sync_to_db method
[2025-06-27T00:49:07.188+0000] {logging_mixin.py:188} INFO - [2025-06-27T00:49:07.188+0000] {serialized_dag.py:166} DEBUG - Checking if DAG (example_sla_dag) changed
[2025-06-27T00:49:07.201+0000] {logging_mixin.py:188} INFO - [2025-06-27T00:49:07.201+0000] {serialized_dag.py:177} DEBUG - Serialized DAG (example_sla_dag) is unchanged. Skipping writing to DB
[2025-06-27T00:49:07.202+0000] {logging_mixin.py:188} INFO - [2025-06-27T00:49:07.202+0000] {dag.py:3096} INFO - Sync 1 DAGs
[2025-06-27T00:49:07.236+0000] {logging_mixin.py:188} INFO - [2025-06-27T00:49:07.236+0000] {dag.py:3954} INFO - Setting next_dagrun for example_sla_dag to 2025-06-27 00:46:00+00:00, run_after=2025-06-27 00:48:00+00:00
[2025-06-27T00:49:07.273+0000] {processor.py:183} INFO - Processing /home/airflow/.local/lib/python3.10/site-packages/airflow/example_dags/example_sla_dag.py took 0.147 seconds
[2025-06-27T00:49:37.907+0000] {logging_mixin.py:188} INFO - [2025-06-27T00:49:37.905+0000] {settings.py:250} DEBUG - Setting up DB connection pool (PID 16946)
[2025-06-27T00:49:37.908+0000] {logging_mixin.py:188} INFO - [2025-06-27T00:49:37.908+0000] {settings.py:330} DEBUG - settings.prepare_engine_args(): Using pool settings. pool_size=5, max_overflow=10, pool_recycle=1800, pid=16946
[2025-06-27T00:49:37.920+0000] {processor.py:161} INFO - Started process (PID=16946) to work on /home/airflow/.local/lib/python3.10/site-packages/airflow/example_dags/example_sla_dag.py
[2025-06-27T00:49:37.922+0000] {processor.py:830} INFO - Processing file /home/airflow/.local/lib/python3.10/site-packages/airflow/example_dags/example_sla_dag.py for tasks to queue
[2025-06-27T00:49:37.923+0000] {logging_mixin.py:188} INFO - [2025-06-27T00:49:37.923+0000] {dagbag.py:545} INFO - Filling up the DagBag from /home/airflow/.local/lib/python3.10/site-packages/airflow/example_dags/example_sla_dag.py
[2025-06-27T00:49:37.926+0000] {logging_mixin.py:188} INFO - [2025-06-27T00:49:37.926+0000] {dagbag.py:337} DEBUG - Importing /home/airflow/.local/lib/python3.10/site-packages/airflow/example_dags/example_sla_dag.py
[2025-06-27T00:49:37.932+0000] {logging_mixin.py:188} INFO - [2025-06-27T00:49:37.932+0000] {GetText.py:65} DEBUG - /home/airflow/.local/lib/python3.10/site-packages/cron_descriptor/locale/en_US.mo Loaded
[2025-06-27T00:49:37.944+0000] {logging_mixin.py:188} INFO - [2025-06-27T00:49:37.942+0000] {dagbag.py:511} DEBUG - Loaded DAG <DAG: example_sla_dag>
[2025-06-27T00:49:37.945+0000] {processor.py:840} INFO - DAG(s) 'example_sla_dag' retrieved from /home/airflow/.local/lib/python3.10/site-packages/airflow/example_dags/example_sla_dag.py
[2025-06-27T00:49:37.949+0000] {logging_mixin.py:188} INFO - [2025-06-27T00:49:37.949+0000] {dagbag.py:667} DEBUG - Running dagbag.sync_to_db with retries. Try 1 of 3
[2025-06-27T00:49:37.950+0000] {logging_mixin.py:188} INFO - [2025-06-27T00:49:37.949+0000] {dagbag.py:672} DEBUG - Calling the DAG.bulk_sync_to_db method
[2025-06-27T00:49:37.973+0000] {logging_mixin.py:188} INFO - [2025-06-27T00:49:37.972+0000] {serialized_dag.py:166} DEBUG - Checking if DAG (example_sla_dag) changed
[2025-06-27T00:49:37.988+0000] {logging_mixin.py:188} INFO - [2025-06-27T00:49:37.988+0000] {serialized_dag.py:177} DEBUG - Serialized DAG (example_sla_dag) is unchanged. Skipping writing to DB
[2025-06-27T00:49:37.989+0000] {logging_mixin.py:188} INFO - [2025-06-27T00:49:37.989+0000] {dag.py:3096} INFO - Sync 1 DAGs
[2025-06-27T00:49:38.030+0000] {logging_mixin.py:188} INFO - [2025-06-27T00:49:38.029+0000] {dag.py:3954} INFO - Setting next_dagrun for example_sla_dag to 2025-06-27 00:46:00+00:00, run_after=2025-06-27 00:48:00+00:00
[2025-06-27T00:49:38.068+0000] {processor.py:183} INFO - Processing /home/airflow/.local/lib/python3.10/site-packages/airflow/example_dags/example_sla_dag.py took 0.163 seconds
[2025-06-27T00:50:08.345+0000] {logging_mixin.py:188} INFO - [2025-06-27T00:50:08.343+0000] {settings.py:250} DEBUG - Setting up DB connection pool (PID 17009)
[2025-06-27T00:50:08.348+0000] {logging_mixin.py:188} INFO - [2025-06-27T00:50:08.347+0000] {settings.py:330} DEBUG - settings.prepare_engine_args(): Using pool settings. pool_size=5, max_overflow=10, pool_recycle=1800, pid=17009
[2025-06-27T00:50:08.359+0000] {processor.py:161} INFO - Started process (PID=17009) to work on /home/airflow/.local/lib/python3.10/site-packages/airflow/example_dags/example_sla_dag.py
[2025-06-27T00:50:08.360+0000] {processor.py:830} INFO - Processing file /home/airflow/.local/lib/python3.10/site-packages/airflow/example_dags/example_sla_dag.py for tasks to queue
[2025-06-27T00:50:08.362+0000] {logging_mixin.py:188} INFO - [2025-06-27T00:50:08.362+0000] {dagbag.py:545} INFO - Filling up the DagBag from /home/airflow/.local/lib/python3.10/site-packages/airflow/example_dags/example_sla_dag.py
[2025-06-27T00:50:08.364+0000] {logging_mixin.py:188} INFO - [2025-06-27T00:50:08.364+0000] {dagbag.py:337} DEBUG - Importing /home/airflow/.local/lib/python3.10/site-packages/airflow/example_dags/example_sla_dag.py
[2025-06-27T00:50:08.370+0000] {logging_mixin.py:188} INFO - [2025-06-27T00:50:08.370+0000] {GetText.py:65} DEBUG - /home/airflow/.local/lib/python3.10/site-packages/cron_descriptor/locale/en_US.mo Loaded
[2025-06-27T00:50:08.381+0000] {logging_mixin.py:188} INFO - [2025-06-27T00:50:08.380+0000] {dagbag.py:511} DEBUG - Loaded DAG <DAG: example_sla_dag>
[2025-06-27T00:50:08.382+0000] {processor.py:840} INFO - DAG(s) 'example_sla_dag' retrieved from /home/airflow/.local/lib/python3.10/site-packages/airflow/example_dags/example_sla_dag.py
[2025-06-27T00:50:08.384+0000] {logging_mixin.py:188} INFO - [2025-06-27T00:50:08.384+0000] {dagbag.py:667} DEBUG - Running dagbag.sync_to_db with retries. Try 1 of 3
[2025-06-27T00:50:08.385+0000] {logging_mixin.py:188} INFO - [2025-06-27T00:50:08.385+0000] {dagbag.py:672} DEBUG - Calling the DAG.bulk_sync_to_db method
[2025-06-27T00:50:08.407+0000] {logging_mixin.py:188} INFO - [2025-06-27T00:50:08.407+0000] {serialized_dag.py:166} DEBUG - Checking if DAG (example_sla_dag) changed
[2025-06-27T00:50:08.421+0000] {logging_mixin.py:188} INFO - [2025-06-27T00:50:08.420+0000] {serialized_dag.py:177} DEBUG - Serialized DAG (example_sla_dag) is unchanged. Skipping writing to DB
[2025-06-27T00:50:08.422+0000] {logging_mixin.py:188} INFO - [2025-06-27T00:50:08.422+0000] {dag.py:3096} INFO - Sync 1 DAGs
[2025-06-27T00:50:08.453+0000] {logging_mixin.py:188} INFO - [2025-06-27T00:50:08.452+0000] {dag.py:3954} INFO - Setting next_dagrun for example_sla_dag to 2025-06-27 00:48:00+00:00, run_after=2025-06-27 00:50:00+00:00
[2025-06-27T00:50:08.478+0000] {processor.py:183} INFO - Processing /home/airflow/.local/lib/python3.10/site-packages/airflow/example_dags/example_sla_dag.py took 0.135 seconds
[2025-06-27T00:50:38.920+0000] {logging_mixin.py:188} INFO - [2025-06-27T00:50:38.919+0000] {settings.py:250} DEBUG - Setting up DB connection pool (PID 17073)
[2025-06-27T00:50:38.922+0000] {logging_mixin.py:188} INFO - [2025-06-27T00:50:38.922+0000] {settings.py:330} DEBUG - settings.prepare_engine_args(): Using pool settings. pool_size=5, max_overflow=10, pool_recycle=1800, pid=17073
[2025-06-27T00:50:38.933+0000] {processor.py:161} INFO - Started process (PID=17073) to work on /home/airflow/.local/lib/python3.10/site-packages/airflow/example_dags/example_sla_dag.py
[2025-06-27T00:50:38.935+0000] {processor.py:830} INFO - Processing file /home/airflow/.local/lib/python3.10/site-packages/airflow/example_dags/example_sla_dag.py for tasks to queue
[2025-06-27T00:50:38.936+0000] {logging_mixin.py:188} INFO - [2025-06-27T00:50:38.936+0000] {dagbag.py:545} INFO - Filling up the DagBag from /home/airflow/.local/lib/python3.10/site-packages/airflow/example_dags/example_sla_dag.py
[2025-06-27T00:50:38.938+0000] {logging_mixin.py:188} INFO - [2025-06-27T00:50:38.938+0000] {dagbag.py:337} DEBUG - Importing /home/airflow/.local/lib/python3.10/site-packages/airflow/example_dags/example_sla_dag.py
[2025-06-27T00:50:38.945+0000] {logging_mixin.py:188} INFO - [2025-06-27T00:50:38.944+0000] {GetText.py:65} DEBUG - /home/airflow/.local/lib/python3.10/site-packages/cron_descriptor/locale/en_US.mo Loaded
[2025-06-27T00:50:38.956+0000] {logging_mixin.py:188} INFO - [2025-06-27T00:50:38.954+0000] {dagbag.py:511} DEBUG - Loaded DAG <DAG: example_sla_dag>
[2025-06-27T00:50:38.956+0000] {processor.py:840} INFO - DAG(s) 'example_sla_dag' retrieved from /home/airflow/.local/lib/python3.10/site-packages/airflow/example_dags/example_sla_dag.py
[2025-06-27T00:50:38.959+0000] {logging_mixin.py:188} INFO - [2025-06-27T00:50:38.959+0000] {dagbag.py:667} DEBUG - Running dagbag.sync_to_db with retries. Try 1 of 3
[2025-06-27T00:50:38.960+0000] {logging_mixin.py:188} INFO - [2025-06-27T00:50:38.960+0000] {dagbag.py:672} DEBUG - Calling the DAG.bulk_sync_to_db method
[2025-06-27T00:50:38.983+0000] {logging_mixin.py:188} INFO - [2025-06-27T00:50:38.982+0000] {serialized_dag.py:166} DEBUG - Checking if DAG (example_sla_dag) changed
[2025-06-27T00:50:38.997+0000] {logging_mixin.py:188} INFO - [2025-06-27T00:50:38.996+0000] {serialized_dag.py:177} DEBUG - Serialized DAG (example_sla_dag) is unchanged. Skipping writing to DB
[2025-06-27T00:50:38.998+0000] {logging_mixin.py:188} INFO - [2025-06-27T00:50:38.997+0000] {dag.py:3096} INFO - Sync 1 DAGs
[2025-06-27T00:50:39.036+0000] {logging_mixin.py:188} INFO - [2025-06-27T00:50:39.035+0000] {dag.py:3954} INFO - Setting next_dagrun for example_sla_dag to 2025-06-27 00:48:00+00:00, run_after=2025-06-27 00:50:00+00:00
[2025-06-27T00:50:39.069+0000] {processor.py:183} INFO - Processing /home/airflow/.local/lib/python3.10/site-packages/airflow/example_dags/example_sla_dag.py took 0.150 seconds
[2025-06-27T00:51:09.432+0000] {logging_mixin.py:188} INFO - [2025-06-27T00:51:09.431+0000] {settings.py:250} DEBUG - Setting up DB connection pool (PID 17136)
[2025-06-27T00:51:09.434+0000] {logging_mixin.py:188} INFO - [2025-06-27T00:51:09.434+0000] {settings.py:330} DEBUG - settings.prepare_engine_args(): Using pool settings. pool_size=5, max_overflow=10, pool_recycle=1800, pid=17136
[2025-06-27T00:51:09.445+0000] {processor.py:161} INFO - Started process (PID=17136) to work on /home/airflow/.local/lib/python3.10/site-packages/airflow/example_dags/example_sla_dag.py
[2025-06-27T00:51:09.447+0000] {processor.py:830} INFO - Processing file /home/airflow/.local/lib/python3.10/site-packages/airflow/example_dags/example_sla_dag.py for tasks to queue
[2025-06-27T00:51:09.448+0000] {logging_mixin.py:188} INFO - [2025-06-27T00:51:09.448+0000] {dagbag.py:545} INFO - Filling up the DagBag from /home/airflow/.local/lib/python3.10/site-packages/airflow/example_dags/example_sla_dag.py
[2025-06-27T00:51:09.450+0000] {logging_mixin.py:188} INFO - [2025-06-27T00:51:09.450+0000] {dagbag.py:337} DEBUG - Importing /home/airflow/.local/lib/python3.10/site-packages/airflow/example_dags/example_sla_dag.py
[2025-06-27T00:51:09.455+0000] {logging_mixin.py:188} INFO - [2025-06-27T00:51:09.454+0000] {GetText.py:65} DEBUG - /home/airflow/.local/lib/python3.10/site-packages/cron_descriptor/locale/en_US.mo Loaded
[2025-06-27T00:51:09.464+0000] {logging_mixin.py:188} INFO - [2025-06-27T00:51:09.462+0000] {dagbag.py:511} DEBUG - Loaded DAG <DAG: example_sla_dag>
[2025-06-27T00:51:09.464+0000] {processor.py:840} INFO - DAG(s) 'example_sla_dag' retrieved from /home/airflow/.local/lib/python3.10/site-packages/airflow/example_dags/example_sla_dag.py
[2025-06-27T00:51:09.466+0000] {logging_mixin.py:188} INFO - [2025-06-27T00:51:09.466+0000] {dagbag.py:667} DEBUG - Running dagbag.sync_to_db with retries. Try 1 of 3
[2025-06-27T00:51:09.467+0000] {logging_mixin.py:188} INFO - [2025-06-27T00:51:09.467+0000] {dagbag.py:672} DEBUG - Calling the DAG.bulk_sync_to_db method
[2025-06-27T00:51:09.486+0000] {logging_mixin.py:188} INFO - [2025-06-27T00:51:09.486+0000] {serialized_dag.py:166} DEBUG - Checking if DAG (example_sla_dag) changed
[2025-06-27T00:51:09.501+0000] {logging_mixin.py:188} INFO - [2025-06-27T00:51:09.501+0000] {serialized_dag.py:177} DEBUG - Serialized DAG (example_sla_dag) is unchanged. Skipping writing to DB
[2025-06-27T00:51:09.502+0000] {logging_mixin.py:188} INFO - [2025-06-27T00:51:09.502+0000] {dag.py:3096} INFO - Sync 1 DAGs
[2025-06-27T00:51:09.556+0000] {logging_mixin.py:188} INFO - [2025-06-27T00:51:09.556+0000] {dag.py:3954} INFO - Setting next_dagrun for example_sla_dag to 2025-06-27 00:48:00+00:00, run_after=2025-06-27 00:50:00+00:00
[2025-06-27T00:51:09.590+0000] {processor.py:183} INFO - Processing /home/airflow/.local/lib/python3.10/site-packages/airflow/example_dags/example_sla_dag.py took 0.159 seconds
[2025-06-27T00:51:40.199+0000] {logging_mixin.py:188} INFO - [2025-06-27T00:51:40.198+0000] {settings.py:250} DEBUG - Setting up DB connection pool (PID 17199)
[2025-06-27T00:51:40.202+0000] {logging_mixin.py:188} INFO - [2025-06-27T00:51:40.201+0000] {settings.py:330} DEBUG - settings.prepare_engine_args(): Using pool settings. pool_size=5, max_overflow=10, pool_recycle=1800, pid=17199
[2025-06-27T00:51:40.217+0000] {processor.py:161} INFO - Started process (PID=17199) to work on /home/airflow/.local/lib/python3.10/site-packages/airflow/example_dags/example_sla_dag.py
[2025-06-27T00:51:40.218+0000] {processor.py:830} INFO - Processing file /home/airflow/.local/lib/python3.10/site-packages/airflow/example_dags/example_sla_dag.py for tasks to queue
[2025-06-27T00:51:40.222+0000] {logging_mixin.py:188} INFO - [2025-06-27T00:51:40.220+0000] {dagbag.py:545} INFO - Filling up the DagBag from /home/airflow/.local/lib/python3.10/site-packages/airflow/example_dags/example_sla_dag.py
[2025-06-27T00:51:40.225+0000] {logging_mixin.py:188} INFO - [2025-06-27T00:51:40.225+0000] {dagbag.py:337} DEBUG - Importing /home/airflow/.local/lib/python3.10/site-packages/airflow/example_dags/example_sla_dag.py
[2025-06-27T00:51:40.235+0000] {logging_mixin.py:188} INFO - [2025-06-27T00:51:40.235+0000] {GetText.py:65} DEBUG - /home/airflow/.local/lib/python3.10/site-packages/cron_descriptor/locale/en_US.mo Loaded
[2025-06-27T00:51:40.251+0000] {logging_mixin.py:188} INFO - [2025-06-27T00:51:40.248+0000] {dagbag.py:511} DEBUG - Loaded DAG <DAG: example_sla_dag>
[2025-06-27T00:51:40.252+0000] {processor.py:840} INFO - DAG(s) 'example_sla_dag' retrieved from /home/airflow/.local/lib/python3.10/site-packages/airflow/example_dags/example_sla_dag.py
[2025-06-27T00:51:40.255+0000] {logging_mixin.py:188} INFO - [2025-06-27T00:51:40.255+0000] {dagbag.py:667} DEBUG - Running dagbag.sync_to_db with retries. Try 1 of 3
[2025-06-27T00:51:40.256+0000] {logging_mixin.py:188} INFO - [2025-06-27T00:51:40.256+0000] {dagbag.py:672} DEBUG - Calling the DAG.bulk_sync_to_db method
[2025-06-27T00:51:40.289+0000] {logging_mixin.py:188} INFO - [2025-06-27T00:51:40.288+0000] {serialized_dag.py:166} DEBUG - Checking if DAG (example_sla_dag) changed
[2025-06-27T00:51:40.307+0000] {logging_mixin.py:188} INFO - [2025-06-27T00:51:40.306+0000] {serialized_dag.py:177} DEBUG - Serialized DAG (example_sla_dag) is unchanged. Skipping writing to DB
[2025-06-27T00:51:40.308+0000] {logging_mixin.py:188} INFO - [2025-06-27T00:51:40.308+0000] {dag.py:3096} INFO - Sync 1 DAGs
[2025-06-27T00:51:40.351+0000] {logging_mixin.py:188} INFO - [2025-06-27T00:51:40.350+0000] {dag.py:3954} INFO - Setting next_dagrun for example_sla_dag to 2025-06-27 00:48:00+00:00, run_after=2025-06-27 00:50:00+00:00
[2025-06-27T00:51:40.383+0000] {processor.py:183} INFO - Processing /home/airflow/.local/lib/python3.10/site-packages/airflow/example_dags/example_sla_dag.py took 0.185 seconds
[2025-06-27T00:52:10.494+0000] {logging_mixin.py:188} INFO - [2025-06-27T00:52:10.493+0000] {settings.py:250} DEBUG - Setting up DB connection pool (PID 17260)
[2025-06-27T00:52:10.496+0000] {logging_mixin.py:188} INFO - [2025-06-27T00:52:10.496+0000] {settings.py:330} DEBUG - settings.prepare_engine_args(): Using pool settings. pool_size=5, max_overflow=10, pool_recycle=1800, pid=17260
[2025-06-27T00:52:10.505+0000] {processor.py:161} INFO - Started process (PID=17260) to work on /home/airflow/.local/lib/python3.10/site-packages/airflow/example_dags/example_sla_dag.py
[2025-06-27T00:52:10.507+0000] {processor.py:830} INFO - Processing file /home/airflow/.local/lib/python3.10/site-packages/airflow/example_dags/example_sla_dag.py for tasks to queue
[2025-06-27T00:52:10.508+0000] {logging_mixin.py:188} INFO - [2025-06-27T00:52:10.508+0000] {dagbag.py:545} INFO - Filling up the DagBag from /home/airflow/.local/lib/python3.10/site-packages/airflow/example_dags/example_sla_dag.py
[2025-06-27T00:52:10.511+0000] {logging_mixin.py:188} INFO - [2025-06-27T00:52:10.510+0000] {dagbag.py:337} DEBUG - Importing /home/airflow/.local/lib/python3.10/site-packages/airflow/example_dags/example_sla_dag.py
[2025-06-27T00:52:10.518+0000] {logging_mixin.py:188} INFO - [2025-06-27T00:52:10.517+0000] {GetText.py:65} DEBUG - /home/airflow/.local/lib/python3.10/site-packages/cron_descriptor/locale/en_US.mo Loaded
[2025-06-27T00:52:10.527+0000] {logging_mixin.py:188} INFO - [2025-06-27T00:52:10.526+0000] {dagbag.py:511} DEBUG - Loaded DAG <DAG: example_sla_dag>
[2025-06-27T00:52:10.528+0000] {processor.py:840} INFO - DAG(s) 'example_sla_dag' retrieved from /home/airflow/.local/lib/python3.10/site-packages/airflow/example_dags/example_sla_dag.py
[2025-06-27T00:52:10.530+0000] {logging_mixin.py:188} INFO - [2025-06-27T00:52:10.530+0000] {dagbag.py:667} DEBUG - Running dagbag.sync_to_db with retries. Try 1 of 3
[2025-06-27T00:52:10.531+0000] {logging_mixin.py:188} INFO - [2025-06-27T00:52:10.531+0000] {dagbag.py:672} DEBUG - Calling the DAG.bulk_sync_to_db method
[2025-06-27T00:52:10.551+0000] {logging_mixin.py:188} INFO - [2025-06-27T00:52:10.550+0000] {serialized_dag.py:166} DEBUG - Checking if DAG (example_sla_dag) changed
[2025-06-27T00:52:10.561+0000] {logging_mixin.py:188} INFO - [2025-06-27T00:52:10.561+0000] {serialized_dag.py:177} DEBUG - Serialized DAG (example_sla_dag) is unchanged. Skipping writing to DB
[2025-06-27T00:52:10.562+0000] {logging_mixin.py:188} INFO - [2025-06-27T00:52:10.562+0000] {dag.py:3096} INFO - Sync 1 DAGs
[2025-06-27T00:52:10.635+0000] {logging_mixin.py:188} INFO - [2025-06-27T00:52:10.634+0000] {dag.py:3954} INFO - Setting next_dagrun for example_sla_dag to 2025-06-27 00:50:00+00:00, run_after=2025-06-27 00:52:00+00:00
[2025-06-27T00:52:10.679+0000] {processor.py:183} INFO - Processing /home/airflow/.local/lib/python3.10/site-packages/airflow/example_dags/example_sla_dag.py took 0.185 seconds
[2025-06-27T00:52:41.010+0000] {logging_mixin.py:188} INFO - [2025-06-27T00:52:41.009+0000] {settings.py:250} DEBUG - Setting up DB connection pool (PID 17323)
[2025-06-27T00:52:41.013+0000] {logging_mixin.py:188} INFO - [2025-06-27T00:52:41.012+0000] {settings.py:330} DEBUG - settings.prepare_engine_args(): Using pool settings. pool_size=5, max_overflow=10, pool_recycle=1800, pid=17323
[2025-06-27T00:52:41.025+0000] {processor.py:161} INFO - Started process (PID=17323) to work on /home/airflow/.local/lib/python3.10/site-packages/airflow/example_dags/example_sla_dag.py
[2025-06-27T00:52:41.028+0000] {processor.py:830} INFO - Processing file /home/airflow/.local/lib/python3.10/site-packages/airflow/example_dags/example_sla_dag.py for tasks to queue
[2025-06-27T00:52:41.031+0000] {logging_mixin.py:188} INFO - [2025-06-27T00:52:41.031+0000] {dagbag.py:545} INFO - Filling up the DagBag from /home/airflow/.local/lib/python3.10/site-packages/airflow/example_dags/example_sla_dag.py
[2025-06-27T00:52:41.034+0000] {logging_mixin.py:188} INFO - [2025-06-27T00:52:41.034+0000] {dagbag.py:337} DEBUG - Importing /home/airflow/.local/lib/python3.10/site-packages/airflow/example_dags/example_sla_dag.py
[2025-06-27T00:52:41.041+0000] {logging_mixin.py:188} INFO - [2025-06-27T00:52:41.041+0000] {GetText.py:65} DEBUG - /home/airflow/.local/lib/python3.10/site-packages/cron_descriptor/locale/en_US.mo Loaded
[2025-06-27T00:52:41.057+0000] {logging_mixin.py:188} INFO - [2025-06-27T00:52:41.055+0000] {dagbag.py:511} DEBUG - Loaded DAG <DAG: example_sla_dag>
[2025-06-27T00:52:41.058+0000] {processor.py:840} INFO - DAG(s) 'example_sla_dag' retrieved from /home/airflow/.local/lib/python3.10/site-packages/airflow/example_dags/example_sla_dag.py
[2025-06-27T00:52:41.060+0000] {logging_mixin.py:188} INFO - [2025-06-27T00:52:41.060+0000] {dagbag.py:667} DEBUG - Running dagbag.sync_to_db with retries. Try 1 of 3
[2025-06-27T00:52:41.061+0000] {logging_mixin.py:188} INFO - [2025-06-27T00:52:41.061+0000] {dagbag.py:672} DEBUG - Calling the DAG.bulk_sync_to_db method
[2025-06-27T00:52:41.089+0000] {logging_mixin.py:188} INFO - [2025-06-27T00:52:41.089+0000] {serialized_dag.py:166} DEBUG - Checking if DAG (example_sla_dag) changed
[2025-06-27T00:52:41.105+0000] {logging_mixin.py:188} INFO - [2025-06-27T00:52:41.104+0000] {serialized_dag.py:177} DEBUG - Serialized DAG (example_sla_dag) is unchanged. Skipping writing to DB
[2025-06-27T00:52:41.106+0000] {logging_mixin.py:188} INFO - [2025-06-27T00:52:41.106+0000] {dag.py:3096} INFO - Sync 1 DAGs
[2025-06-27T00:52:41.147+0000] {logging_mixin.py:188} INFO - [2025-06-27T00:52:41.147+0000] {dag.py:3954} INFO - Setting next_dagrun for example_sla_dag to 2025-06-27 00:50:00+00:00, run_after=2025-06-27 00:52:00+00:00
[2025-06-27T00:52:41.181+0000] {processor.py:183} INFO - Processing /home/airflow/.local/lib/python3.10/site-packages/airflow/example_dags/example_sla_dag.py took 0.172 seconds
[2025-06-27T00:53:12.036+0000] {logging_mixin.py:188} INFO - [2025-06-27T00:53:12.035+0000] {settings.py:250} DEBUG - Setting up DB connection pool (PID 17386)
[2025-06-27T00:53:12.038+0000] {logging_mixin.py:188} INFO - [2025-06-27T00:53:12.038+0000] {settings.py:330} DEBUG - settings.prepare_engine_args(): Using pool settings. pool_size=5, max_overflow=10, pool_recycle=1800, pid=17386
[2025-06-27T00:53:12.050+0000] {processor.py:161} INFO - Started process (PID=17386) to work on /home/airflow/.local/lib/python3.10/site-packages/airflow/example_dags/example_sla_dag.py
[2025-06-27T00:53:12.051+0000] {processor.py:830} INFO - Processing file /home/airflow/.local/lib/python3.10/site-packages/airflow/example_dags/example_sla_dag.py for tasks to queue
[2025-06-27T00:53:12.053+0000] {logging_mixin.py:188} INFO - [2025-06-27T00:53:12.053+0000] {dagbag.py:545} INFO - Filling up the DagBag from /home/airflow/.local/lib/python3.10/site-packages/airflow/example_dags/example_sla_dag.py
[2025-06-27T00:53:12.056+0000] {logging_mixin.py:188} INFO - [2025-06-27T00:53:12.056+0000] {dagbag.py:337} DEBUG - Importing /home/airflow/.local/lib/python3.10/site-packages/airflow/example_dags/example_sla_dag.py
[2025-06-27T00:53:12.061+0000] {logging_mixin.py:188} INFO - [2025-06-27T00:53:12.061+0000] {GetText.py:65} DEBUG - /home/airflow/.local/lib/python3.10/site-packages/cron_descriptor/locale/en_US.mo Loaded
[2025-06-27T00:53:12.072+0000] {logging_mixin.py:188} INFO - [2025-06-27T00:53:12.070+0000] {dagbag.py:511} DEBUG - Loaded DAG <DAG: example_sla_dag>
[2025-06-27T00:53:12.073+0000] {processor.py:840} INFO - DAG(s) 'example_sla_dag' retrieved from /home/airflow/.local/lib/python3.10/site-packages/airflow/example_dags/example_sla_dag.py
[2025-06-27T00:53:12.075+0000] {logging_mixin.py:188} INFO - [2025-06-27T00:53:12.075+0000] {dagbag.py:667} DEBUG - Running dagbag.sync_to_db with retries. Try 1 of 3
[2025-06-27T00:53:12.076+0000] {logging_mixin.py:188} INFO - [2025-06-27T00:53:12.076+0000] {dagbag.py:672} DEBUG - Calling the DAG.bulk_sync_to_db method
[2025-06-27T00:53:12.098+0000] {logging_mixin.py:188} INFO - [2025-06-27T00:53:12.097+0000] {serialized_dag.py:166} DEBUG - Checking if DAG (example_sla_dag) changed
[2025-06-27T00:53:12.110+0000] {logging_mixin.py:188} INFO - [2025-06-27T00:53:12.109+0000] {serialized_dag.py:177} DEBUG - Serialized DAG (example_sla_dag) is unchanged. Skipping writing to DB
[2025-06-27T00:53:12.111+0000] {logging_mixin.py:188} INFO - [2025-06-27T00:53:12.110+0000] {dag.py:3096} INFO - Sync 1 DAGs
[2025-06-27T00:53:12.147+0000] {logging_mixin.py:188} INFO - [2025-06-27T00:53:12.147+0000] {dag.py:3954} INFO - Setting next_dagrun for example_sla_dag to 2025-06-27 00:50:00+00:00, run_after=2025-06-27 00:52:00+00:00
[2025-06-27T00:53:12.177+0000] {processor.py:183} INFO - Processing /home/airflow/.local/lib/python3.10/site-packages/airflow/example_dags/example_sla_dag.py took 0.143 seconds
[2025-06-27T00:53:43.071+0000] {logging_mixin.py:188} INFO - [2025-06-27T00:53:43.069+0000] {settings.py:250} DEBUG - Setting up DB connection pool (PID 17449)
[2025-06-27T00:53:43.073+0000] {logging_mixin.py:188} INFO - [2025-06-27T00:53:43.072+0000] {settings.py:330} DEBUG - settings.prepare_engine_args(): Using pool settings. pool_size=5, max_overflow=10, pool_recycle=1800, pid=17449
[2025-06-27T00:53:43.084+0000] {processor.py:161} INFO - Started process (PID=17449) to work on /home/airflow/.local/lib/python3.10/site-packages/airflow/example_dags/example_sla_dag.py
[2025-06-27T00:53:43.085+0000] {processor.py:830} INFO - Processing file /home/airflow/.local/lib/python3.10/site-packages/airflow/example_dags/example_sla_dag.py for tasks to queue
[2025-06-27T00:53:43.087+0000] {logging_mixin.py:188} INFO - [2025-06-27T00:53:43.087+0000] {dagbag.py:545} INFO - Filling up the DagBag from /home/airflow/.local/lib/python3.10/site-packages/airflow/example_dags/example_sla_dag.py
[2025-06-27T00:53:43.090+0000] {logging_mixin.py:188} INFO - [2025-06-27T00:53:43.089+0000] {dagbag.py:337} DEBUG - Importing /home/airflow/.local/lib/python3.10/site-packages/airflow/example_dags/example_sla_dag.py
[2025-06-27T00:53:43.096+0000] {logging_mixin.py:188} INFO - [2025-06-27T00:53:43.096+0000] {GetText.py:65} DEBUG - /home/airflow/.local/lib/python3.10/site-packages/cron_descriptor/locale/en_US.mo Loaded
[2025-06-27T00:53:43.107+0000] {logging_mixin.py:188} INFO - [2025-06-27T00:53:43.105+0000] {dagbag.py:511} DEBUG - Loaded DAG <DAG: example_sla_dag>
[2025-06-27T00:53:43.108+0000] {processor.py:840} INFO - DAG(s) 'example_sla_dag' retrieved from /home/airflow/.local/lib/python3.10/site-packages/airflow/example_dags/example_sla_dag.py
[2025-06-27T00:53:43.110+0000] {logging_mixin.py:188} INFO - [2025-06-27T00:53:43.110+0000] {dagbag.py:667} DEBUG - Running dagbag.sync_to_db with retries. Try 1 of 3
[2025-06-27T00:53:43.111+0000] {logging_mixin.py:188} INFO - [2025-06-27T00:53:43.111+0000] {dagbag.py:672} DEBUG - Calling the DAG.bulk_sync_to_db method
[2025-06-27T00:53:43.132+0000] {logging_mixin.py:188} INFO - [2025-06-27T00:53:43.132+0000] {serialized_dag.py:166} DEBUG - Checking if DAG (example_sla_dag) changed
[2025-06-27T00:53:43.145+0000] {logging_mixin.py:188} INFO - [2025-06-27T00:53:43.144+0000] {serialized_dag.py:177} DEBUG - Serialized DAG (example_sla_dag) is unchanged. Skipping writing to DB
[2025-06-27T00:53:43.146+0000] {logging_mixin.py:188} INFO - [2025-06-27T00:53:43.145+0000] {dag.py:3096} INFO - Sync 1 DAGs
[2025-06-27T00:53:43.184+0000] {logging_mixin.py:188} INFO - [2025-06-27T00:53:43.184+0000] {dag.py:3954} INFO - Setting next_dagrun for example_sla_dag to 2025-06-27 00:50:00+00:00, run_after=2025-06-27 00:52:00+00:00
[2025-06-27T00:53:43.222+0000] {processor.py:183} INFO - Processing /home/airflow/.local/lib/python3.10/site-packages/airflow/example_dags/example_sla_dag.py took 0.152 seconds
[2025-06-27T00:54:13.917+0000] {logging_mixin.py:188} INFO - [2025-06-27T00:54:13.915+0000] {settings.py:250} DEBUG - Setting up DB connection pool (PID 17512)
[2025-06-27T00:54:13.919+0000] {logging_mixin.py:188} INFO - [2025-06-27T00:54:13.919+0000] {settings.py:330} DEBUG - settings.prepare_engine_args(): Using pool settings. pool_size=5, max_overflow=10, pool_recycle=1800, pid=17512
[2025-06-27T00:54:13.930+0000] {processor.py:161} INFO - Started process (PID=17512) to work on /home/airflow/.local/lib/python3.10/site-packages/airflow/example_dags/example_sla_dag.py
[2025-06-27T00:54:13.931+0000] {processor.py:830} INFO - Processing file /home/airflow/.local/lib/python3.10/site-packages/airflow/example_dags/example_sla_dag.py for tasks to queue
[2025-06-27T00:54:13.933+0000] {logging_mixin.py:188} INFO - [2025-06-27T00:54:13.932+0000] {dagbag.py:545} INFO - Filling up the DagBag from /home/airflow/.local/lib/python3.10/site-packages/airflow/example_dags/example_sla_dag.py
[2025-06-27T00:54:13.935+0000] {logging_mixin.py:188} INFO - [2025-06-27T00:54:13.935+0000] {dagbag.py:337} DEBUG - Importing /home/airflow/.local/lib/python3.10/site-packages/airflow/example_dags/example_sla_dag.py
[2025-06-27T00:54:13.940+0000] {logging_mixin.py:188} INFO - [2025-06-27T00:54:13.940+0000] {GetText.py:65} DEBUG - /home/airflow/.local/lib/python3.10/site-packages/cron_descriptor/locale/en_US.mo Loaded
[2025-06-27T00:54:13.950+0000] {logging_mixin.py:188} INFO - [2025-06-27T00:54:13.948+0000] {dagbag.py:511} DEBUG - Loaded DAG <DAG: example_sla_dag>
[2025-06-27T00:54:13.951+0000] {processor.py:840} INFO - DAG(s) 'example_sla_dag' retrieved from /home/airflow/.local/lib/python3.10/site-packages/airflow/example_dags/example_sla_dag.py
[2025-06-27T00:54:13.953+0000] {logging_mixin.py:188} INFO - [2025-06-27T00:54:13.953+0000] {dagbag.py:667} DEBUG - Running dagbag.sync_to_db with retries. Try 1 of 3
[2025-06-27T00:54:13.954+0000] {logging_mixin.py:188} INFO - [2025-06-27T00:54:13.953+0000] {dagbag.py:672} DEBUG - Calling the DAG.bulk_sync_to_db method
[2025-06-27T00:54:13.974+0000] {logging_mixin.py:188} INFO - [2025-06-27T00:54:13.974+0000] {serialized_dag.py:166} DEBUG - Checking if DAG (example_sla_dag) changed
[2025-06-27T00:54:13.986+0000] {logging_mixin.py:188} INFO - [2025-06-27T00:54:13.986+0000] {serialized_dag.py:177} DEBUG - Serialized DAG (example_sla_dag) is unchanged. Skipping writing to DB
[2025-06-27T00:54:13.987+0000] {logging_mixin.py:188} INFO - [2025-06-27T00:54:13.987+0000] {dag.py:3096} INFO - Sync 1 DAGs
[2025-06-27T00:54:14.031+0000] {logging_mixin.py:188} INFO - [2025-06-27T00:54:14.030+0000] {dag.py:3954} INFO - Setting next_dagrun for example_sla_dag to 2025-06-27 00:52:00+00:00, run_after=2025-06-27 00:54:00+00:00
[2025-06-27T00:54:14.068+0000] {processor.py:183} INFO - Processing /home/airflow/.local/lib/python3.10/site-packages/airflow/example_dags/example_sla_dag.py took 0.153 seconds
[2025-06-27T00:54:44.421+0000] {logging_mixin.py:188} INFO - [2025-06-27T00:54:44.419+0000] {settings.py:250} DEBUG - Setting up DB connection pool (PID 17575)
[2025-06-27T00:54:44.423+0000] {logging_mixin.py:188} INFO - [2025-06-27T00:54:44.422+0000] {settings.py:330} DEBUG - settings.prepare_engine_args(): Using pool settings. pool_size=5, max_overflow=10, pool_recycle=1800, pid=17575
[2025-06-27T00:54:44.435+0000] {processor.py:161} INFO - Started process (PID=17575) to work on /home/airflow/.local/lib/python3.10/site-packages/airflow/example_dags/example_sla_dag.py
[2025-06-27T00:54:44.436+0000] {processor.py:830} INFO - Processing file /home/airflow/.local/lib/python3.10/site-packages/airflow/example_dags/example_sla_dag.py for tasks to queue
[2025-06-27T00:54:44.439+0000] {logging_mixin.py:188} INFO - [2025-06-27T00:54:44.438+0000] {dagbag.py:545} INFO - Filling up the DagBag from /home/airflow/.local/lib/python3.10/site-packages/airflow/example_dags/example_sla_dag.py
[2025-06-27T00:54:44.442+0000] {logging_mixin.py:188} INFO - [2025-06-27T00:54:44.441+0000] {dagbag.py:337} DEBUG - Importing /home/airflow/.local/lib/python3.10/site-packages/airflow/example_dags/example_sla_dag.py
[2025-06-27T00:54:44.448+0000] {logging_mixin.py:188} INFO - [2025-06-27T00:54:44.448+0000] {GetText.py:65} DEBUG - /home/airflow/.local/lib/python3.10/site-packages/cron_descriptor/locale/en_US.mo Loaded
[2025-06-27T00:54:44.459+0000] {logging_mixin.py:188} INFO - [2025-06-27T00:54:44.457+0000] {dagbag.py:511} DEBUG - Loaded DAG <DAG: example_sla_dag>
[2025-06-27T00:54:44.460+0000] {processor.py:840} INFO - DAG(s) 'example_sla_dag' retrieved from /home/airflow/.local/lib/python3.10/site-packages/airflow/example_dags/example_sla_dag.py
[2025-06-27T00:54:44.462+0000] {logging_mixin.py:188} INFO - [2025-06-27T00:54:44.462+0000] {dagbag.py:667} DEBUG - Running dagbag.sync_to_db with retries. Try 1 of 3
[2025-06-27T00:54:44.463+0000] {logging_mixin.py:188} INFO - [2025-06-27T00:54:44.462+0000] {dagbag.py:672} DEBUG - Calling the DAG.bulk_sync_to_db method
[2025-06-27T00:54:44.482+0000] {logging_mixin.py:188} INFO - [2025-06-27T00:54:44.481+0000] {serialized_dag.py:166} DEBUG - Checking if DAG (example_sla_dag) changed
[2025-06-27T00:54:44.493+0000] {logging_mixin.py:188} INFO - [2025-06-27T00:54:44.493+0000] {serialized_dag.py:177} DEBUG - Serialized DAG (example_sla_dag) is unchanged. Skipping writing to DB
[2025-06-27T00:54:44.494+0000] {logging_mixin.py:188} INFO - [2025-06-27T00:54:44.494+0000] {dag.py:3096} INFO - Sync 1 DAGs
[2025-06-27T00:54:44.531+0000] {logging_mixin.py:188} INFO - [2025-06-27T00:54:44.531+0000] {dag.py:3954} INFO - Setting next_dagrun for example_sla_dag to 2025-06-27 00:52:00+00:00, run_after=2025-06-27 00:54:00+00:00
[2025-06-27T00:54:44.556+0000] {processor.py:183} INFO - Processing /home/airflow/.local/lib/python3.10/site-packages/airflow/example_dags/example_sla_dag.py took 0.137 seconds
[2025-06-27T00:55:15.187+0000] {logging_mixin.py:188} INFO - [2025-06-27T00:55:15.186+0000] {settings.py:250} DEBUG - Setting up DB connection pool (PID 17638)
[2025-06-27T00:55:15.189+0000] {logging_mixin.py:188} INFO - [2025-06-27T00:55:15.189+0000] {settings.py:330} DEBUG - settings.prepare_engine_args(): Using pool settings. pool_size=5, max_overflow=10, pool_recycle=1800, pid=17638
[2025-06-27T00:55:15.204+0000] {processor.py:161} INFO - Started process (PID=17638) to work on /home/airflow/.local/lib/python3.10/site-packages/airflow/example_dags/example_sla_dag.py
[2025-06-27T00:55:15.206+0000] {processor.py:830} INFO - Processing file /home/airflow/.local/lib/python3.10/site-packages/airflow/example_dags/example_sla_dag.py for tasks to queue
[2025-06-27T00:55:15.208+0000] {logging_mixin.py:188} INFO - [2025-06-27T00:55:15.208+0000] {dagbag.py:545} INFO - Filling up the DagBag from /home/airflow/.local/lib/python3.10/site-packages/airflow/example_dags/example_sla_dag.py
[2025-06-27T00:55:15.211+0000] {logging_mixin.py:188} INFO - [2025-06-27T00:55:15.211+0000] {dagbag.py:337} DEBUG - Importing /home/airflow/.local/lib/python3.10/site-packages/airflow/example_dags/example_sla_dag.py
[2025-06-27T00:55:15.220+0000] {logging_mixin.py:188} INFO - [2025-06-27T00:55:15.219+0000] {GetText.py:65} DEBUG - /home/airflow/.local/lib/python3.10/site-packages/cron_descriptor/locale/en_US.mo Loaded
[2025-06-27T00:55:15.233+0000] {logging_mixin.py:188} INFO - [2025-06-27T00:55:15.231+0000] {dagbag.py:511} DEBUG - Loaded DAG <DAG: example_sla_dag>
[2025-06-27T00:55:15.234+0000] {processor.py:840} INFO - DAG(s) 'example_sla_dag' retrieved from /home/airflow/.local/lib/python3.10/site-packages/airflow/example_dags/example_sla_dag.py
[2025-06-27T00:55:15.236+0000] {logging_mixin.py:188} INFO - [2025-06-27T00:55:15.236+0000] {dagbag.py:667} DEBUG - Running dagbag.sync_to_db with retries. Try 1 of 3
[2025-06-27T00:55:15.237+0000] {logging_mixin.py:188} INFO - [2025-06-27T00:55:15.237+0000] {dagbag.py:672} DEBUG - Calling the DAG.bulk_sync_to_db method
[2025-06-27T00:55:15.261+0000] {logging_mixin.py:188} INFO - [2025-06-27T00:55:15.260+0000] {serialized_dag.py:166} DEBUG - Checking if DAG (example_sla_dag) changed
[2025-06-27T00:55:15.275+0000] {logging_mixin.py:188} INFO - [2025-06-27T00:55:15.275+0000] {serialized_dag.py:177} DEBUG - Serialized DAG (example_sla_dag) is unchanged. Skipping writing to DB
[2025-06-27T00:55:15.276+0000] {logging_mixin.py:188} INFO - [2025-06-27T00:55:15.276+0000] {dag.py:3096} INFO - Sync 1 DAGs
[2025-06-27T00:55:15.309+0000] {logging_mixin.py:188} INFO - [2025-06-27T00:55:15.308+0000] {dag.py:3954} INFO - Setting next_dagrun for example_sla_dag to 2025-06-27 00:52:00+00:00, run_after=2025-06-27 00:54:00+00:00
[2025-06-27T00:55:15.335+0000] {processor.py:183} INFO - Processing /home/airflow/.local/lib/python3.10/site-packages/airflow/example_dags/example_sla_dag.py took 0.150 seconds
[2025-06-27T00:55:46.126+0000] {logging_mixin.py:188} INFO - [2025-06-27T00:55:46.124+0000] {settings.py:250} DEBUG - Setting up DB connection pool (PID 17701)
[2025-06-27T00:55:46.128+0000] {logging_mixin.py:188} INFO - [2025-06-27T00:55:46.128+0000] {settings.py:330} DEBUG - settings.prepare_engine_args(): Using pool settings. pool_size=5, max_overflow=10, pool_recycle=1800, pid=17701
[2025-06-27T00:55:46.140+0000] {processor.py:161} INFO - Started process (PID=17701) to work on /home/airflow/.local/lib/python3.10/site-packages/airflow/example_dags/example_sla_dag.py
[2025-06-27T00:55:46.142+0000] {processor.py:830} INFO - Processing file /home/airflow/.local/lib/python3.10/site-packages/airflow/example_dags/example_sla_dag.py for tasks to queue
[2025-06-27T00:55:46.144+0000] {logging_mixin.py:188} INFO - [2025-06-27T00:55:46.144+0000] {dagbag.py:545} INFO - Filling up the DagBag from /home/airflow/.local/lib/python3.10/site-packages/airflow/example_dags/example_sla_dag.py
[2025-06-27T00:55:46.148+0000] {logging_mixin.py:188} INFO - [2025-06-27T00:55:46.147+0000] {dagbag.py:337} DEBUG - Importing /home/airflow/.local/lib/python3.10/site-packages/airflow/example_dags/example_sla_dag.py
[2025-06-27T00:55:46.153+0000] {logging_mixin.py:188} INFO - [2025-06-27T00:55:46.153+0000] {GetText.py:65} DEBUG - /home/airflow/.local/lib/python3.10/site-packages/cron_descriptor/locale/en_US.mo Loaded
[2025-06-27T00:55:46.164+0000] {logging_mixin.py:188} INFO - [2025-06-27T00:55:46.163+0000] {dagbag.py:511} DEBUG - Loaded DAG <DAG: example_sla_dag>
[2025-06-27T00:55:46.165+0000] {processor.py:840} INFO - DAG(s) 'example_sla_dag' retrieved from /home/airflow/.local/lib/python3.10/site-packages/airflow/example_dags/example_sla_dag.py
[2025-06-27T00:55:46.167+0000] {logging_mixin.py:188} INFO - [2025-06-27T00:55:46.167+0000] {dagbag.py:667} DEBUG - Running dagbag.sync_to_db with retries. Try 1 of 3
[2025-06-27T00:55:46.168+0000] {logging_mixin.py:188} INFO - [2025-06-27T00:55:46.168+0000] {dagbag.py:672} DEBUG - Calling the DAG.bulk_sync_to_db method
[2025-06-27T00:55:46.187+0000] {logging_mixin.py:188} INFO - [2025-06-27T00:55:46.186+0000] {serialized_dag.py:166} DEBUG - Checking if DAG (example_sla_dag) changed
[2025-06-27T00:55:46.198+0000] {logging_mixin.py:188} INFO - [2025-06-27T00:55:46.198+0000] {serialized_dag.py:177} DEBUG - Serialized DAG (example_sla_dag) is unchanged. Skipping writing to DB
[2025-06-27T00:55:46.199+0000] {logging_mixin.py:188} INFO - [2025-06-27T00:55:46.199+0000] {dag.py:3096} INFO - Sync 1 DAGs
[2025-06-27T00:55:46.228+0000] {logging_mixin.py:188} INFO - [2025-06-27T00:55:46.228+0000] {dag.py:3954} INFO - Setting next_dagrun for example_sla_dag to 2025-06-27 00:52:00+00:00, run_after=2025-06-27 00:54:00+00:00
[2025-06-27T00:55:46.261+0000] {processor.py:183} INFO - Processing /home/airflow/.local/lib/python3.10/site-packages/airflow/example_dags/example_sla_dag.py took 0.137 seconds
[2025-06-27T00:56:16.852+0000] {logging_mixin.py:188} INFO - [2025-06-27T00:56:16.851+0000] {settings.py:250} DEBUG - Setting up DB connection pool (PID 17764)
[2025-06-27T00:56:16.854+0000] {logging_mixin.py:188} INFO - [2025-06-27T00:56:16.854+0000] {settings.py:330} DEBUG - settings.prepare_engine_args(): Using pool settings. pool_size=5, max_overflow=10, pool_recycle=1800, pid=17764
[2025-06-27T00:56:16.863+0000] {processor.py:161} INFO - Started process (PID=17764) to work on /home/airflow/.local/lib/python3.10/site-packages/airflow/example_dags/example_sla_dag.py
[2025-06-27T00:56:16.864+0000] {processor.py:830} INFO - Processing file /home/airflow/.local/lib/python3.10/site-packages/airflow/example_dags/example_sla_dag.py for tasks to queue
[2025-06-27T00:56:16.866+0000] {logging_mixin.py:188} INFO - [2025-06-27T00:56:16.865+0000] {dagbag.py:545} INFO - Filling up the DagBag from /home/airflow/.local/lib/python3.10/site-packages/airflow/example_dags/example_sla_dag.py
[2025-06-27T00:56:16.867+0000] {logging_mixin.py:188} INFO - [2025-06-27T00:56:16.867+0000] {dagbag.py:337} DEBUG - Importing /home/airflow/.local/lib/python3.10/site-packages/airflow/example_dags/example_sla_dag.py
[2025-06-27T00:56:16.872+0000] {logging_mixin.py:188} INFO - [2025-06-27T00:56:16.872+0000] {GetText.py:65} DEBUG - /home/airflow/.local/lib/python3.10/site-packages/cron_descriptor/locale/en_US.mo Loaded
[2025-06-27T00:56:16.881+0000] {logging_mixin.py:188} INFO - [2025-06-27T00:56:16.880+0000] {dagbag.py:511} DEBUG - Loaded DAG <DAG: example_sla_dag>
[2025-06-27T00:56:16.882+0000] {processor.py:840} INFO - DAG(s) 'example_sla_dag' retrieved from /home/airflow/.local/lib/python3.10/site-packages/airflow/example_dags/example_sla_dag.py
[2025-06-27T00:56:16.884+0000] {logging_mixin.py:188} INFO - [2025-06-27T00:56:16.884+0000] {dagbag.py:667} DEBUG - Running dagbag.sync_to_db with retries. Try 1 of 3
[2025-06-27T00:56:16.884+0000] {logging_mixin.py:188} INFO - [2025-06-27T00:56:16.884+0000] {dagbag.py:672} DEBUG - Calling the DAG.bulk_sync_to_db method
[2025-06-27T00:56:16.903+0000] {logging_mixin.py:188} INFO - [2025-06-27T00:56:16.902+0000] {serialized_dag.py:166} DEBUG - Checking if DAG (example_sla_dag) changed
[2025-06-27T00:56:16.914+0000] {logging_mixin.py:188} INFO - [2025-06-27T00:56:16.914+0000] {serialized_dag.py:177} DEBUG - Serialized DAG (example_sla_dag) is unchanged. Skipping writing to DB
[2025-06-27T00:56:16.915+0000] {logging_mixin.py:188} INFO - [2025-06-27T00:56:16.915+0000] {dag.py:3096} INFO - Sync 1 DAGs
[2025-06-27T00:56:16.944+0000] {logging_mixin.py:188} INFO - [2025-06-27T00:56:16.944+0000] {dag.py:3954} INFO - Setting next_dagrun for example_sla_dag to 2025-06-27 00:54:00+00:00, run_after=2025-06-27 00:56:00+00:00
[2025-06-27T00:56:16.977+0000] {processor.py:183} INFO - Processing /home/airflow/.local/lib/python3.10/site-packages/airflow/example_dags/example_sla_dag.py took 0.125 seconds
[2025-06-27T00:56:47.130+0000] {logging_mixin.py:188} INFO - [2025-06-27T00:56:47.128+0000] {settings.py:250} DEBUG - Setting up DB connection pool (PID 17825)
[2025-06-27T00:56:47.134+0000] {logging_mixin.py:188} INFO - [2025-06-27T00:56:47.133+0000] {settings.py:330} DEBUG - settings.prepare_engine_args(): Using pool settings. pool_size=5, max_overflow=10, pool_recycle=1800, pid=17825
[2025-06-27T00:56:47.150+0000] {processor.py:161} INFO - Started process (PID=17825) to work on /home/airflow/.local/lib/python3.10/site-packages/airflow/example_dags/example_sla_dag.py
[2025-06-27T00:56:47.152+0000] {processor.py:830} INFO - Processing file /home/airflow/.local/lib/python3.10/site-packages/airflow/example_dags/example_sla_dag.py for tasks to queue
[2025-06-27T00:56:47.155+0000] {logging_mixin.py:188} INFO - [2025-06-27T00:56:47.154+0000] {dagbag.py:545} INFO - Filling up the DagBag from /home/airflow/.local/lib/python3.10/site-packages/airflow/example_dags/example_sla_dag.py
[2025-06-27T00:56:47.157+0000] {logging_mixin.py:188} INFO - [2025-06-27T00:56:47.157+0000] {dagbag.py:337} DEBUG - Importing /home/airflow/.local/lib/python3.10/site-packages/airflow/example_dags/example_sla_dag.py
[2025-06-27T00:56:47.163+0000] {logging_mixin.py:188} INFO - [2025-06-27T00:56:47.163+0000] {GetText.py:65} DEBUG - /home/airflow/.local/lib/python3.10/site-packages/cron_descriptor/locale/en_US.mo Loaded
[2025-06-27T00:56:47.175+0000] {logging_mixin.py:188} INFO - [2025-06-27T00:56:47.172+0000] {dagbag.py:511} DEBUG - Loaded DAG <DAG: example_sla_dag>
[2025-06-27T00:56:47.176+0000] {processor.py:840} INFO - DAG(s) 'example_sla_dag' retrieved from /home/airflow/.local/lib/python3.10/site-packages/airflow/example_dags/example_sla_dag.py
[2025-06-27T00:56:47.178+0000] {logging_mixin.py:188} INFO - [2025-06-27T00:56:47.178+0000] {dagbag.py:667} DEBUG - Running dagbag.sync_to_db with retries. Try 1 of 3
[2025-06-27T00:56:47.179+0000] {logging_mixin.py:188} INFO - [2025-06-27T00:56:47.178+0000] {dagbag.py:672} DEBUG - Calling the DAG.bulk_sync_to_db method
[2025-06-27T00:56:47.205+0000] {logging_mixin.py:188} INFO - [2025-06-27T00:56:47.204+0000] {serialized_dag.py:166} DEBUG - Checking if DAG (example_sla_dag) changed
[2025-06-27T00:56:47.223+0000] {logging_mixin.py:188} INFO - [2025-06-27T00:56:47.222+0000] {serialized_dag.py:177} DEBUG - Serialized DAG (example_sla_dag) is unchanged. Skipping writing to DB
[2025-06-27T00:56:47.224+0000] {logging_mixin.py:188} INFO - [2025-06-27T00:56:47.223+0000] {dag.py:3096} INFO - Sync 1 DAGs
[2025-06-27T00:56:47.261+0000] {logging_mixin.py:188} INFO - [2025-06-27T00:56:47.261+0000] {dag.py:3954} INFO - Setting next_dagrun for example_sla_dag to 2025-06-27 00:54:00+00:00, run_after=2025-06-27 00:56:00+00:00
[2025-06-27T00:56:47.298+0000] {processor.py:183} INFO - Processing /home/airflow/.local/lib/python3.10/site-packages/airflow/example_dags/example_sla_dag.py took 0.169 seconds
[2025-06-27T00:57:17.589+0000] {logging_mixin.py:188} INFO - [2025-06-27T00:57:17.588+0000] {settings.py:250} DEBUG - Setting up DB connection pool (PID 17886)
[2025-06-27T00:57:17.591+0000] {logging_mixin.py:188} INFO - [2025-06-27T00:57:17.591+0000] {settings.py:330} DEBUG - settings.prepare_engine_args(): Using pool settings. pool_size=5, max_overflow=10, pool_recycle=1800, pid=17886
[2025-06-27T00:57:17.599+0000] {processor.py:161} INFO - Started process (PID=17886) to work on /home/airflow/.local/lib/python3.10/site-packages/airflow/example_dags/example_sla_dag.py
[2025-06-27T00:57:17.601+0000] {processor.py:830} INFO - Processing file /home/airflow/.local/lib/python3.10/site-packages/airflow/example_dags/example_sla_dag.py for tasks to queue
[2025-06-27T00:57:17.602+0000] {logging_mixin.py:188} INFO - [2025-06-27T00:57:17.602+0000] {dagbag.py:545} INFO - Filling up the DagBag from /home/airflow/.local/lib/python3.10/site-packages/airflow/example_dags/example_sla_dag.py
[2025-06-27T00:57:17.604+0000] {logging_mixin.py:188} INFO - [2025-06-27T00:57:17.604+0000] {dagbag.py:337} DEBUG - Importing /home/airflow/.local/lib/python3.10/site-packages/airflow/example_dags/example_sla_dag.py
[2025-06-27T00:57:17.609+0000] {logging_mixin.py:188} INFO - [2025-06-27T00:57:17.609+0000] {GetText.py:65} DEBUG - /home/airflow/.local/lib/python3.10/site-packages/cron_descriptor/locale/en_US.mo Loaded
[2025-06-27T00:57:17.619+0000] {logging_mixin.py:188} INFO - [2025-06-27T00:57:17.617+0000] {dagbag.py:511} DEBUG - Loaded DAG <DAG: example_sla_dag>
[2025-06-27T00:57:17.620+0000] {processor.py:840} INFO - DAG(s) 'example_sla_dag' retrieved from /home/airflow/.local/lib/python3.10/site-packages/airflow/example_dags/example_sla_dag.py
[2025-06-27T00:57:17.622+0000] {logging_mixin.py:188} INFO - [2025-06-27T00:57:17.622+0000] {dagbag.py:667} DEBUG - Running dagbag.sync_to_db with retries. Try 1 of 3
[2025-06-27T00:57:17.623+0000] {logging_mixin.py:188} INFO - [2025-06-27T00:57:17.622+0000] {dagbag.py:672} DEBUG - Calling the DAG.bulk_sync_to_db method
[2025-06-27T00:57:17.642+0000] {logging_mixin.py:188} INFO - [2025-06-27T00:57:17.642+0000] {serialized_dag.py:166} DEBUG - Checking if DAG (example_sla_dag) changed
[2025-06-27T00:57:17.653+0000] {logging_mixin.py:188} INFO - [2025-06-27T00:57:17.653+0000] {serialized_dag.py:177} DEBUG - Serialized DAG (example_sla_dag) is unchanged. Skipping writing to DB
[2025-06-27T00:57:17.654+0000] {logging_mixin.py:188} INFO - [2025-06-27T00:57:17.654+0000] {dag.py:3096} INFO - Sync 1 DAGs
[2025-06-27T00:57:17.683+0000] {logging_mixin.py:188} INFO - [2025-06-27T00:57:17.683+0000] {dag.py:3954} INFO - Setting next_dagrun for example_sla_dag to 2025-06-27 00:54:00+00:00, run_after=2025-06-27 00:56:00+00:00
[2025-06-27T00:57:17.719+0000] {processor.py:183} INFO - Processing /home/airflow/.local/lib/python3.10/site-packages/airflow/example_dags/example_sla_dag.py took 0.131 seconds
[2025-06-27T00:57:47.820+0000] {logging_mixin.py:188} INFO - [2025-06-27T00:57:47.819+0000] {settings.py:250} DEBUG - Setting up DB connection pool (PID 17949)
[2025-06-27T00:57:47.823+0000] {logging_mixin.py:188} INFO - [2025-06-27T00:57:47.822+0000] {settings.py:330} DEBUG - settings.prepare_engine_args(): Using pool settings. pool_size=5, max_overflow=10, pool_recycle=1800, pid=17949
[2025-06-27T00:57:47.833+0000] {processor.py:161} INFO - Started process (PID=17949) to work on /home/airflow/.local/lib/python3.10/site-packages/airflow/example_dags/example_sla_dag.py
[2025-06-27T00:57:47.834+0000] {processor.py:830} INFO - Processing file /home/airflow/.local/lib/python3.10/site-packages/airflow/example_dags/example_sla_dag.py for tasks to queue
[2025-06-27T00:57:47.836+0000] {logging_mixin.py:188} INFO - [2025-06-27T00:57:47.836+0000] {dagbag.py:545} INFO - Filling up the DagBag from /home/airflow/.local/lib/python3.10/site-packages/airflow/example_dags/example_sla_dag.py
[2025-06-27T00:57:47.839+0000] {logging_mixin.py:188} INFO - [2025-06-27T00:57:47.838+0000] {dagbag.py:337} DEBUG - Importing /home/airflow/.local/lib/python3.10/site-packages/airflow/example_dags/example_sla_dag.py
[2025-06-27T00:57:47.845+0000] {logging_mixin.py:188} INFO - [2025-06-27T00:57:47.844+0000] {GetText.py:65} DEBUG - /home/airflow/.local/lib/python3.10/site-packages/cron_descriptor/locale/en_US.mo Loaded
[2025-06-27T00:57:47.855+0000] {logging_mixin.py:188} INFO - [2025-06-27T00:57:47.853+0000] {dagbag.py:511} DEBUG - Loaded DAG <DAG: example_sla_dag>
[2025-06-27T00:57:47.856+0000] {processor.py:840} INFO - DAG(s) 'example_sla_dag' retrieved from /home/airflow/.local/lib/python3.10/site-packages/airflow/example_dags/example_sla_dag.py
[2025-06-27T00:57:47.858+0000] {logging_mixin.py:188} INFO - [2025-06-27T00:57:47.858+0000] {dagbag.py:667} DEBUG - Running dagbag.sync_to_db with retries. Try 1 of 3
[2025-06-27T00:57:47.859+0000] {logging_mixin.py:188} INFO - [2025-06-27T00:57:47.859+0000] {dagbag.py:672} DEBUG - Calling the DAG.bulk_sync_to_db method
[2025-06-27T00:57:47.878+0000] {logging_mixin.py:188} INFO - [2025-06-27T00:57:47.877+0000] {serialized_dag.py:166} DEBUG - Checking if DAG (example_sla_dag) changed
[2025-06-27T00:57:47.892+0000] {logging_mixin.py:188} INFO - [2025-06-27T00:57:47.891+0000] {serialized_dag.py:177} DEBUG - Serialized DAG (example_sla_dag) is unchanged. Skipping writing to DB
[2025-06-27T00:57:47.893+0000] {logging_mixin.py:188} INFO - [2025-06-27T00:57:47.893+0000] {dag.py:3096} INFO - Sync 1 DAGs
[2025-06-27T00:57:47.932+0000] {logging_mixin.py:188} INFO - [2025-06-27T00:57:47.931+0000] {dag.py:3954} INFO - Setting next_dagrun for example_sla_dag to 2025-06-27 00:54:00+00:00, run_after=2025-06-27 00:56:00+00:00
[2025-06-27T00:57:47.965+0000] {processor.py:183} INFO - Processing /home/airflow/.local/lib/python3.10/site-packages/airflow/example_dags/example_sla_dag.py took 0.146 seconds
[2025-06-27T00:58:18.594+0000] {logging_mixin.py:188} INFO - [2025-06-27T00:58:18.593+0000] {settings.py:250} DEBUG - Setting up DB connection pool (PID 18012)
[2025-06-27T00:58:18.596+0000] {logging_mixin.py:188} INFO - [2025-06-27T00:58:18.596+0000] {settings.py:330} DEBUG - settings.prepare_engine_args(): Using pool settings. pool_size=5, max_overflow=10, pool_recycle=1800, pid=18012
[2025-06-27T00:58:18.607+0000] {processor.py:161} INFO - Started process (PID=18012) to work on /home/airflow/.local/lib/python3.10/site-packages/airflow/example_dags/example_sla_dag.py
[2025-06-27T00:58:18.608+0000] {processor.py:830} INFO - Processing file /home/airflow/.local/lib/python3.10/site-packages/airflow/example_dags/example_sla_dag.py for tasks to queue
[2025-06-27T00:58:18.610+0000] {logging_mixin.py:188} INFO - [2025-06-27T00:58:18.610+0000] {dagbag.py:545} INFO - Filling up the DagBag from /home/airflow/.local/lib/python3.10/site-packages/airflow/example_dags/example_sla_dag.py
[2025-06-27T00:58:18.613+0000] {logging_mixin.py:188} INFO - [2025-06-27T00:58:18.612+0000] {dagbag.py:337} DEBUG - Importing /home/airflow/.local/lib/python3.10/site-packages/airflow/example_dags/example_sla_dag.py
[2025-06-27T00:58:18.618+0000] {logging_mixin.py:188} INFO - [2025-06-27T00:58:18.618+0000] {GetText.py:65} DEBUG - /home/airflow/.local/lib/python3.10/site-packages/cron_descriptor/locale/en_US.mo Loaded
[2025-06-27T00:58:18.628+0000] {logging_mixin.py:188} INFO - [2025-06-27T00:58:18.626+0000] {dagbag.py:511} DEBUG - Loaded DAG <DAG: example_sla_dag>
[2025-06-27T00:58:18.629+0000] {processor.py:840} INFO - DAG(s) 'example_sla_dag' retrieved from /home/airflow/.local/lib/python3.10/site-packages/airflow/example_dags/example_sla_dag.py
[2025-06-27T00:58:18.631+0000] {logging_mixin.py:188} INFO - [2025-06-27T00:58:18.631+0000] {dagbag.py:667} DEBUG - Running dagbag.sync_to_db with retries. Try 1 of 3
[2025-06-27T00:58:18.632+0000] {logging_mixin.py:188} INFO - [2025-06-27T00:58:18.632+0000] {dagbag.py:672} DEBUG - Calling the DAG.bulk_sync_to_db method
[2025-06-27T00:58:18.651+0000] {logging_mixin.py:188} INFO - [2025-06-27T00:58:18.651+0000] {serialized_dag.py:166} DEBUG - Checking if DAG (example_sla_dag) changed
[2025-06-27T00:58:18.662+0000] {logging_mixin.py:188} INFO - [2025-06-27T00:58:18.662+0000] {serialized_dag.py:177} DEBUG - Serialized DAG (example_sla_dag) is unchanged. Skipping writing to DB
[2025-06-27T00:58:18.663+0000] {logging_mixin.py:188} INFO - [2025-06-27T00:58:18.663+0000] {dag.py:3096} INFO - Sync 1 DAGs
[2025-06-27T00:58:18.692+0000] {logging_mixin.py:188} INFO - [2025-06-27T00:58:18.691+0000] {dag.py:3954} INFO - Setting next_dagrun for example_sla_dag to 2025-06-27 00:56:00+00:00, run_after=2025-06-27 00:58:00+00:00
[2025-06-27T00:58:18.721+0000] {processor.py:183} INFO - Processing /home/airflow/.local/lib/python3.10/site-packages/airflow/example_dags/example_sla_dag.py took 0.128 seconds
[2025-06-27T00:58:49.018+0000] {logging_mixin.py:188} INFO - [2025-06-27T00:58:49.017+0000] {settings.py:250} DEBUG - Setting up DB connection pool (PID 18075)
[2025-06-27T00:58:49.021+0000] {logging_mixin.py:188} INFO - [2025-06-27T00:58:49.021+0000] {settings.py:330} DEBUG - settings.prepare_engine_args(): Using pool settings. pool_size=5, max_overflow=10, pool_recycle=1800, pid=18075
[2025-06-27T00:58:49.036+0000] {processor.py:161} INFO - Started process (PID=18075) to work on /home/airflow/.local/lib/python3.10/site-packages/airflow/example_dags/example_sla_dag.py
[2025-06-27T00:58:49.038+0000] {processor.py:830} INFO - Processing file /home/airflow/.local/lib/python3.10/site-packages/airflow/example_dags/example_sla_dag.py for tasks to queue
[2025-06-27T00:58:49.039+0000] {logging_mixin.py:188} INFO - [2025-06-27T00:58:49.039+0000] {dagbag.py:545} INFO - Filling up the DagBag from /home/airflow/.local/lib/python3.10/site-packages/airflow/example_dags/example_sla_dag.py
[2025-06-27T00:58:49.042+0000] {logging_mixin.py:188} INFO - [2025-06-27T00:58:49.041+0000] {dagbag.py:337} DEBUG - Importing /home/airflow/.local/lib/python3.10/site-packages/airflow/example_dags/example_sla_dag.py
[2025-06-27T00:58:49.047+0000] {logging_mixin.py:188} INFO - [2025-06-27T00:58:49.047+0000] {GetText.py:65} DEBUG - /home/airflow/.local/lib/python3.10/site-packages/cron_descriptor/locale/en_US.mo Loaded
[2025-06-27T00:58:49.056+0000] {logging_mixin.py:188} INFO - [2025-06-27T00:58:49.055+0000] {dagbag.py:511} DEBUG - Loaded DAG <DAG: example_sla_dag>
[2025-06-27T00:58:49.057+0000] {processor.py:840} INFO - DAG(s) 'example_sla_dag' retrieved from /home/airflow/.local/lib/python3.10/site-packages/airflow/example_dags/example_sla_dag.py
[2025-06-27T00:58:49.059+0000] {logging_mixin.py:188} INFO - [2025-06-27T00:58:49.059+0000] {dagbag.py:667} DEBUG - Running dagbag.sync_to_db with retries. Try 1 of 3
[2025-06-27T00:58:49.060+0000] {logging_mixin.py:188} INFO - [2025-06-27T00:58:49.059+0000] {dagbag.py:672} DEBUG - Calling the DAG.bulk_sync_to_db method
[2025-06-27T00:58:49.079+0000] {logging_mixin.py:188} INFO - [2025-06-27T00:58:49.079+0000] {serialized_dag.py:166} DEBUG - Checking if DAG (example_sla_dag) changed
[2025-06-27T00:58:49.095+0000] {logging_mixin.py:188} INFO - [2025-06-27T00:58:49.094+0000] {serialized_dag.py:177} DEBUG - Serialized DAG (example_sla_dag) is unchanged. Skipping writing to DB
[2025-06-27T00:58:49.096+0000] {logging_mixin.py:188} INFO - [2025-06-27T00:58:49.095+0000] {dag.py:3096} INFO - Sync 1 DAGs
[2025-06-27T00:58:49.130+0000] {logging_mixin.py:188} INFO - [2025-06-27T00:58:49.129+0000] {dag.py:3954} INFO - Setting next_dagrun for example_sla_dag to 2025-06-27 00:56:00+00:00, run_after=2025-06-27 00:58:00+00:00
[2025-06-27T00:58:49.161+0000] {processor.py:183} INFO - Processing /home/airflow/.local/lib/python3.10/site-packages/airflow/example_dags/example_sla_dag.py took 0.144 seconds
[2025-06-27T00:59:19.466+0000] {logging_mixin.py:188} INFO - [2025-06-27T00:59:19.464+0000] {settings.py:250} DEBUG - Setting up DB connection pool (PID 18138)
[2025-06-27T00:59:19.467+0000] {logging_mixin.py:188} INFO - [2025-06-27T00:59:19.467+0000] {settings.py:330} DEBUG - settings.prepare_engine_args(): Using pool settings. pool_size=5, max_overflow=10, pool_recycle=1800, pid=18138
[2025-06-27T00:59:19.477+0000] {processor.py:161} INFO - Started process (PID=18138) to work on /home/airflow/.local/lib/python3.10/site-packages/airflow/example_dags/example_sla_dag.py
[2025-06-27T00:59:19.478+0000] {processor.py:830} INFO - Processing file /home/airflow/.local/lib/python3.10/site-packages/airflow/example_dags/example_sla_dag.py for tasks to queue
[2025-06-27T00:59:19.480+0000] {logging_mixin.py:188} INFO - [2025-06-27T00:59:19.480+0000] {dagbag.py:545} INFO - Filling up the DagBag from /home/airflow/.local/lib/python3.10/site-packages/airflow/example_dags/example_sla_dag.py
[2025-06-27T00:59:19.482+0000] {logging_mixin.py:188} INFO - [2025-06-27T00:59:19.482+0000] {dagbag.py:337} DEBUG - Importing /home/airflow/.local/lib/python3.10/site-packages/airflow/example_dags/example_sla_dag.py
[2025-06-27T00:59:19.487+0000] {logging_mixin.py:188} INFO - [2025-06-27T00:59:19.487+0000] {GetText.py:65} DEBUG - /home/airflow/.local/lib/python3.10/site-packages/cron_descriptor/locale/en_US.mo Loaded
[2025-06-27T00:59:19.496+0000] {logging_mixin.py:188} INFO - [2025-06-27T00:59:19.495+0000] {dagbag.py:511} DEBUG - Loaded DAG <DAG: example_sla_dag>
[2025-06-27T00:59:19.497+0000] {processor.py:840} INFO - DAG(s) 'example_sla_dag' retrieved from /home/airflow/.local/lib/python3.10/site-packages/airflow/example_dags/example_sla_dag.py
[2025-06-27T00:59:19.499+0000] {logging_mixin.py:188} INFO - [2025-06-27T00:59:19.499+0000] {dagbag.py:667} DEBUG - Running dagbag.sync_to_db with retries. Try 1 of 3
[2025-06-27T00:59:19.500+0000] {logging_mixin.py:188} INFO - [2025-06-27T00:59:19.500+0000] {dagbag.py:672} DEBUG - Calling the DAG.bulk_sync_to_db method
[2025-06-27T00:59:19.523+0000] {logging_mixin.py:188} INFO - [2025-06-27T00:59:19.523+0000] {serialized_dag.py:166} DEBUG - Checking if DAG (example_sla_dag) changed
[2025-06-27T00:59:19.539+0000] {logging_mixin.py:188} INFO - [2025-06-27T00:59:19.539+0000] {serialized_dag.py:177} DEBUG - Serialized DAG (example_sla_dag) is unchanged. Skipping writing to DB
[2025-06-27T00:59:19.541+0000] {logging_mixin.py:188} INFO - [2025-06-27T00:59:19.540+0000] {dag.py:3096} INFO - Sync 1 DAGs
[2025-06-27T00:59:19.580+0000] {logging_mixin.py:188} INFO - [2025-06-27T00:59:19.580+0000] {dag.py:3954} INFO - Setting next_dagrun for example_sla_dag to 2025-06-27 00:56:00+00:00, run_after=2025-06-27 00:58:00+00:00
[2025-06-27T00:59:19.612+0000] {processor.py:183} INFO - Processing /home/airflow/.local/lib/python3.10/site-packages/airflow/example_dags/example_sla_dag.py took 0.148 seconds
[2025-06-27T00:59:50.243+0000] {logging_mixin.py:188} INFO - [2025-06-27T00:59:50.242+0000] {settings.py:250} DEBUG - Setting up DB connection pool (PID 18206)
[2025-06-27T00:59:50.246+0000] {logging_mixin.py:188} INFO - [2025-06-27T00:59:50.245+0000] {settings.py:330} DEBUG - settings.prepare_engine_args(): Using pool settings. pool_size=5, max_overflow=10, pool_recycle=1800, pid=18206
[2025-06-27T00:59:50.257+0000] {processor.py:161} INFO - Started process (PID=18206) to work on /home/airflow/.local/lib/python3.10/site-packages/airflow/example_dags/example_sla_dag.py
[2025-06-27T00:59:50.258+0000] {processor.py:830} INFO - Processing file /home/airflow/.local/lib/python3.10/site-packages/airflow/example_dags/example_sla_dag.py for tasks to queue
[2025-06-27T00:59:50.260+0000] {logging_mixin.py:188} INFO - [2025-06-27T00:59:50.260+0000] {dagbag.py:545} INFO - Filling up the DagBag from /home/airflow/.local/lib/python3.10/site-packages/airflow/example_dags/example_sla_dag.py
[2025-06-27T00:59:50.263+0000] {logging_mixin.py:188} INFO - [2025-06-27T00:59:50.262+0000] {dagbag.py:337} DEBUG - Importing /home/airflow/.local/lib/python3.10/site-packages/airflow/example_dags/example_sla_dag.py
[2025-06-27T00:59:50.268+0000] {logging_mixin.py:188} INFO - [2025-06-27T00:59:50.268+0000] {GetText.py:65} DEBUG - /home/airflow/.local/lib/python3.10/site-packages/cron_descriptor/locale/en_US.mo Loaded
[2025-06-27T00:59:50.280+0000] {logging_mixin.py:188} INFO - [2025-06-27T00:59:50.278+0000] {dagbag.py:511} DEBUG - Loaded DAG <DAG: example_sla_dag>
[2025-06-27T00:59:50.281+0000] {processor.py:840} INFO - DAG(s) 'example_sla_dag' retrieved from /home/airflow/.local/lib/python3.10/site-packages/airflow/example_dags/example_sla_dag.py
[2025-06-27T00:59:50.283+0000] {logging_mixin.py:188} INFO - [2025-06-27T00:59:50.283+0000] {dagbag.py:667} DEBUG - Running dagbag.sync_to_db with retries. Try 1 of 3
[2025-06-27T00:59:50.284+0000] {logging_mixin.py:188} INFO - [2025-06-27T00:59:50.284+0000] {dagbag.py:672} DEBUG - Calling the DAG.bulk_sync_to_db method
[2025-06-27T00:59:50.308+0000] {logging_mixin.py:188} INFO - [2025-06-27T00:59:50.307+0000] {serialized_dag.py:166} DEBUG - Checking if DAG (example_sla_dag) changed
[2025-06-27T00:59:50.322+0000] {logging_mixin.py:188} INFO - [2025-06-27T00:59:50.321+0000] {serialized_dag.py:177} DEBUG - Serialized DAG (example_sla_dag) is unchanged. Skipping writing to DB
[2025-06-27T00:59:50.323+0000] {logging_mixin.py:188} INFO - [2025-06-27T00:59:50.323+0000] {dag.py:3096} INFO - Sync 1 DAGs
[2025-06-27T00:59:50.359+0000] {logging_mixin.py:188} INFO - [2025-06-27T00:59:50.358+0000] {dag.py:3954} INFO - Setting next_dagrun for example_sla_dag to 2025-06-27 00:56:00+00:00, run_after=2025-06-27 00:58:00+00:00
[2025-06-27T00:59:50.398+0000] {processor.py:183} INFO - Processing /home/airflow/.local/lib/python3.10/site-packages/airflow/example_dags/example_sla_dag.py took 0.156 seconds
[2025-06-27T01:00:21.056+0000] {logging_mixin.py:188} INFO - [2025-06-27T01:00:21.055+0000] {settings.py:250} DEBUG - Setting up DB connection pool (PID 18269)
[2025-06-27T01:00:21.059+0000] {logging_mixin.py:188} INFO - [2025-06-27T01:00:21.058+0000] {settings.py:330} DEBUG - settings.prepare_engine_args(): Using pool settings. pool_size=5, max_overflow=10, pool_recycle=1800, pid=18269
[2025-06-27T01:00:21.073+0000] {processor.py:161} INFO - Started process (PID=18269) to work on /home/airflow/.local/lib/python3.10/site-packages/airflow/example_dags/example_sla_dag.py
[2025-06-27T01:00:21.074+0000] {processor.py:830} INFO - Processing file /home/airflow/.local/lib/python3.10/site-packages/airflow/example_dags/example_sla_dag.py for tasks to queue
[2025-06-27T01:00:21.078+0000] {logging_mixin.py:188} INFO - [2025-06-27T01:00:21.076+0000] {dagbag.py:545} INFO - Filling up the DagBag from /home/airflow/.local/lib/python3.10/site-packages/airflow/example_dags/example_sla_dag.py
[2025-06-27T01:00:21.080+0000] {logging_mixin.py:188} INFO - [2025-06-27T01:00:21.080+0000] {dagbag.py:337} DEBUG - Importing /home/airflow/.local/lib/python3.10/site-packages/airflow/example_dags/example_sla_dag.py
[2025-06-27T01:00:21.087+0000] {logging_mixin.py:188} INFO - [2025-06-27T01:00:21.086+0000] {GetText.py:65} DEBUG - /home/airflow/.local/lib/python3.10/site-packages/cron_descriptor/locale/en_US.mo Loaded
[2025-06-27T01:00:21.098+0000] {logging_mixin.py:188} INFO - [2025-06-27T01:00:21.096+0000] {dagbag.py:511} DEBUG - Loaded DAG <DAG: example_sla_dag>
[2025-06-27T01:00:21.099+0000] {processor.py:840} INFO - DAG(s) 'example_sla_dag' retrieved from /home/airflow/.local/lib/python3.10/site-packages/airflow/example_dags/example_sla_dag.py
[2025-06-27T01:00:21.101+0000] {logging_mixin.py:188} INFO - [2025-06-27T01:00:21.101+0000] {dagbag.py:667} DEBUG - Running dagbag.sync_to_db with retries. Try 1 of 3
[2025-06-27T01:00:21.102+0000] {logging_mixin.py:188} INFO - [2025-06-27T01:00:21.102+0000] {dagbag.py:672} DEBUG - Calling the DAG.bulk_sync_to_db method
[2025-06-27T01:00:21.124+0000] {logging_mixin.py:188} INFO - [2025-06-27T01:00:21.124+0000] {serialized_dag.py:166} DEBUG - Checking if DAG (example_sla_dag) changed
[2025-06-27T01:00:21.139+0000] {logging_mixin.py:188} INFO - [2025-06-27T01:00:21.138+0000] {serialized_dag.py:177} DEBUG - Serialized DAG (example_sla_dag) is unchanged. Skipping writing to DB
[2025-06-27T01:00:21.140+0000] {logging_mixin.py:188} INFO - [2025-06-27T01:00:21.140+0000] {dag.py:3096} INFO - Sync 1 DAGs
[2025-06-27T01:00:21.177+0000] {logging_mixin.py:188} INFO - [2025-06-27T01:00:21.177+0000] {dag.py:3954} INFO - Setting next_dagrun for example_sla_dag to 2025-06-27 00:58:00+00:00, run_after=2025-06-27 01:00:00+00:00
[2025-06-27T01:00:21.219+0000] {processor.py:183} INFO - Processing /home/airflow/.local/lib/python3.10/site-packages/airflow/example_dags/example_sla_dag.py took 0.164 seconds
[2025-06-27T01:00:52.078+0000] {logging_mixin.py:188} INFO - [2025-06-27T01:00:52.076+0000] {settings.py:250} DEBUG - Setting up DB connection pool (PID 18332)
[2025-06-27T01:00:52.080+0000] {logging_mixin.py:188} INFO - [2025-06-27T01:00:52.080+0000] {settings.py:330} DEBUG - settings.prepare_engine_args(): Using pool settings. pool_size=5, max_overflow=10, pool_recycle=1800, pid=18332
[2025-06-27T01:00:52.091+0000] {processor.py:161} INFO - Started process (PID=18332) to work on /home/airflow/.local/lib/python3.10/site-packages/airflow/example_dags/example_sla_dag.py
[2025-06-27T01:00:52.092+0000] {processor.py:830} INFO - Processing file /home/airflow/.local/lib/python3.10/site-packages/airflow/example_dags/example_sla_dag.py for tasks to queue
[2025-06-27T01:00:52.094+0000] {logging_mixin.py:188} INFO - [2025-06-27T01:00:52.094+0000] {dagbag.py:545} INFO - Filling up the DagBag from /home/airflow/.local/lib/python3.10/site-packages/airflow/example_dags/example_sla_dag.py
[2025-06-27T01:00:52.096+0000] {logging_mixin.py:188} INFO - [2025-06-27T01:00:52.096+0000] {dagbag.py:337} DEBUG - Importing /home/airflow/.local/lib/python3.10/site-packages/airflow/example_dags/example_sla_dag.py
[2025-06-27T01:00:52.102+0000] {logging_mixin.py:188} INFO - [2025-06-27T01:00:52.101+0000] {GetText.py:65} DEBUG - /home/airflow/.local/lib/python3.10/site-packages/cron_descriptor/locale/en_US.mo Loaded
[2025-06-27T01:00:52.113+0000] {logging_mixin.py:188} INFO - [2025-06-27T01:00:52.111+0000] {dagbag.py:511} DEBUG - Loaded DAG <DAG: example_sla_dag>
[2025-06-27T01:00:52.114+0000] {processor.py:840} INFO - DAG(s) 'example_sla_dag' retrieved from /home/airflow/.local/lib/python3.10/site-packages/airflow/example_dags/example_sla_dag.py
[2025-06-27T01:00:52.116+0000] {logging_mixin.py:188} INFO - [2025-06-27T01:00:52.115+0000] {dagbag.py:667} DEBUG - Running dagbag.sync_to_db with retries. Try 1 of 3
[2025-06-27T01:00:52.116+0000] {logging_mixin.py:188} INFO - [2025-06-27T01:00:52.116+0000] {dagbag.py:672} DEBUG - Calling the DAG.bulk_sync_to_db method
[2025-06-27T01:00:52.136+0000] {logging_mixin.py:188} INFO - [2025-06-27T01:00:52.136+0000] {serialized_dag.py:166} DEBUG - Checking if DAG (example_sla_dag) changed
[2025-06-27T01:00:52.148+0000] {logging_mixin.py:188} INFO - [2025-06-27T01:00:52.147+0000] {serialized_dag.py:177} DEBUG - Serialized DAG (example_sla_dag) is unchanged. Skipping writing to DB
[2025-06-27T01:00:52.149+0000] {logging_mixin.py:188} INFO - [2025-06-27T01:00:52.148+0000] {dag.py:3096} INFO - Sync 1 DAGs
[2025-06-27T01:00:52.186+0000] {logging_mixin.py:188} INFO - [2025-06-27T01:00:52.186+0000] {dag.py:3954} INFO - Setting next_dagrun for example_sla_dag to 2025-06-27 00:58:00+00:00, run_after=2025-06-27 01:00:00+00:00
[2025-06-27T01:00:52.214+0000] {processor.py:183} INFO - Processing /home/airflow/.local/lib/python3.10/site-packages/airflow/example_dags/example_sla_dag.py took 0.138 seconds
[2025-06-27T01:01:22.973+0000] {logging_mixin.py:188} INFO - [2025-06-27T01:01:22.972+0000] {settings.py:250} DEBUG - Setting up DB connection pool (PID 18395)
[2025-06-27T01:01:22.976+0000] {logging_mixin.py:188} INFO - [2025-06-27T01:01:22.975+0000] {settings.py:330} DEBUG - settings.prepare_engine_args(): Using pool settings. pool_size=5, max_overflow=10, pool_recycle=1800, pid=18395
[2025-06-27T01:01:22.988+0000] {processor.py:161} INFO - Started process (PID=18395) to work on /home/airflow/.local/lib/python3.10/site-packages/airflow/example_dags/example_sla_dag.py
[2025-06-27T01:01:22.990+0000] {processor.py:830} INFO - Processing file /home/airflow/.local/lib/python3.10/site-packages/airflow/example_dags/example_sla_dag.py for tasks to queue
[2025-06-27T01:01:22.991+0000] {logging_mixin.py:188} INFO - [2025-06-27T01:01:22.991+0000] {dagbag.py:545} INFO - Filling up the DagBag from /home/airflow/.local/lib/python3.10/site-packages/airflow/example_dags/example_sla_dag.py
[2025-06-27T01:01:22.994+0000] {logging_mixin.py:188} INFO - [2025-06-27T01:01:22.994+0000] {dagbag.py:337} DEBUG - Importing /home/airflow/.local/lib/python3.10/site-packages/airflow/example_dags/example_sla_dag.py
[2025-06-27T01:01:23.000+0000] {logging_mixin.py:188} INFO - [2025-06-27T01:01:22.999+0000] {GetText.py:65} DEBUG - /home/airflow/.local/lib/python3.10/site-packages/cron_descriptor/locale/en_US.mo Loaded
[2025-06-27T01:01:23.011+0000] {logging_mixin.py:188} INFO - [2025-06-27T01:01:23.009+0000] {dagbag.py:511} DEBUG - Loaded DAG <DAG: example_sla_dag>
[2025-06-27T01:01:23.012+0000] {processor.py:840} INFO - DAG(s) 'example_sla_dag' retrieved from /home/airflow/.local/lib/python3.10/site-packages/airflow/example_dags/example_sla_dag.py
[2025-06-27T01:01:23.015+0000] {logging_mixin.py:188} INFO - [2025-06-27T01:01:23.014+0000] {dagbag.py:667} DEBUG - Running dagbag.sync_to_db with retries. Try 1 of 3
[2025-06-27T01:01:23.016+0000] {logging_mixin.py:188} INFO - [2025-06-27T01:01:23.016+0000] {dagbag.py:672} DEBUG - Calling the DAG.bulk_sync_to_db method
[2025-06-27T01:01:23.040+0000] {logging_mixin.py:188} INFO - [2025-06-27T01:01:23.039+0000] {serialized_dag.py:166} DEBUG - Checking if DAG (example_sla_dag) changed
[2025-06-27T01:01:23.056+0000] {logging_mixin.py:188} INFO - [2025-06-27T01:01:23.056+0000] {serialized_dag.py:177} DEBUG - Serialized DAG (example_sla_dag) is unchanged. Skipping writing to DB
[2025-06-27T01:01:23.057+0000] {logging_mixin.py:188} INFO - [2025-06-27T01:01:23.057+0000] {dag.py:3096} INFO - Sync 1 DAGs
[2025-06-27T01:01:23.091+0000] {logging_mixin.py:188} INFO - [2025-06-27T01:01:23.090+0000] {dag.py:3954} INFO - Setting next_dagrun for example_sla_dag to 2025-06-27 00:58:00+00:00, run_after=2025-06-27 01:00:00+00:00
[2025-06-27T01:01:23.125+0000] {processor.py:183} INFO - Processing /home/airflow/.local/lib/python3.10/site-packages/airflow/example_dags/example_sla_dag.py took 0.153 seconds
[2025-06-27T01:01:53.707+0000] {logging_mixin.py:188} INFO - [2025-06-27T01:01:53.705+0000] {settings.py:250} DEBUG - Setting up DB connection pool (PID 18458)
[2025-06-27T01:01:53.709+0000] {logging_mixin.py:188} INFO - [2025-06-27T01:01:53.708+0000] {settings.py:330} DEBUG - settings.prepare_engine_args(): Using pool settings. pool_size=5, max_overflow=10, pool_recycle=1800, pid=18458
[2025-06-27T01:01:53.720+0000] {processor.py:161} INFO - Started process (PID=18458) to work on /home/airflow/.local/lib/python3.10/site-packages/airflow/example_dags/example_sla_dag.py
[2025-06-27T01:01:53.721+0000] {processor.py:830} INFO - Processing file /home/airflow/.local/lib/python3.10/site-packages/airflow/example_dags/example_sla_dag.py for tasks to queue
[2025-06-27T01:01:53.723+0000] {logging_mixin.py:188} INFO - [2025-06-27T01:01:53.722+0000] {dagbag.py:545} INFO - Filling up the DagBag from /home/airflow/.local/lib/python3.10/site-packages/airflow/example_dags/example_sla_dag.py
[2025-06-27T01:01:53.725+0000] {logging_mixin.py:188} INFO - [2025-06-27T01:01:53.725+0000] {dagbag.py:337} DEBUG - Importing /home/airflow/.local/lib/python3.10/site-packages/airflow/example_dags/example_sla_dag.py
[2025-06-27T01:01:53.731+0000] {logging_mixin.py:188} INFO - [2025-06-27T01:01:53.731+0000] {GetText.py:65} DEBUG - /home/airflow/.local/lib/python3.10/site-packages/cron_descriptor/locale/en_US.mo Loaded
[2025-06-27T01:01:53.742+0000] {logging_mixin.py:188} INFO - [2025-06-27T01:01:53.740+0000] {dagbag.py:511} DEBUG - Loaded DAG <DAG: example_sla_dag>
[2025-06-27T01:01:53.742+0000] {processor.py:840} INFO - DAG(s) 'example_sla_dag' retrieved from /home/airflow/.local/lib/python3.10/site-packages/airflow/example_dags/example_sla_dag.py
[2025-06-27T01:01:53.744+0000] {logging_mixin.py:188} INFO - [2025-06-27T01:01:53.744+0000] {dagbag.py:667} DEBUG - Running dagbag.sync_to_db with retries. Try 1 of 3
[2025-06-27T01:01:53.745+0000] {logging_mixin.py:188} INFO - [2025-06-27T01:01:53.745+0000] {dagbag.py:672} DEBUG - Calling the DAG.bulk_sync_to_db method
[2025-06-27T01:01:53.768+0000] {logging_mixin.py:188} INFO - [2025-06-27T01:01:53.767+0000] {serialized_dag.py:166} DEBUG - Checking if DAG (example_sla_dag) changed
[2025-06-27T01:01:53.783+0000] {logging_mixin.py:188} INFO - [2025-06-27T01:01:53.782+0000] {serialized_dag.py:177} DEBUG - Serialized DAG (example_sla_dag) is unchanged. Skipping writing to DB
[2025-06-27T01:01:53.784+0000] {logging_mixin.py:188} INFO - [2025-06-27T01:01:53.783+0000] {dag.py:3096} INFO - Sync 1 DAGs
[2025-06-27T01:01:53.823+0000] {logging_mixin.py:188} INFO - [2025-06-27T01:01:53.823+0000] {dag.py:3954} INFO - Setting next_dagrun for example_sla_dag to 2025-06-27 00:58:00+00:00, run_after=2025-06-27 01:00:00+00:00
[2025-06-27T01:01:53.853+0000] {processor.py:183} INFO - Processing /home/airflow/.local/lib/python3.10/site-packages/airflow/example_dags/example_sla_dag.py took 0.147 seconds
[2025-06-27T01:02:24.892+0000] {logging_mixin.py:188} INFO - [2025-06-27T01:02:24.891+0000] {settings.py:250} DEBUG - Setting up DB connection pool (PID 18521)
[2025-06-27T01:02:24.894+0000] {logging_mixin.py:188} INFO - [2025-06-27T01:02:24.894+0000] {settings.py:330} DEBUG - settings.prepare_engine_args(): Using pool settings. pool_size=5, max_overflow=10, pool_recycle=1800, pid=18521
[2025-06-27T01:02:24.904+0000] {processor.py:161} INFO - Started process (PID=18521) to work on /home/airflow/.local/lib/python3.10/site-packages/airflow/example_dags/example_sla_dag.py
[2025-06-27T01:02:24.906+0000] {processor.py:830} INFO - Processing file /home/airflow/.local/lib/python3.10/site-packages/airflow/example_dags/example_sla_dag.py for tasks to queue
[2025-06-27T01:02:24.907+0000] {logging_mixin.py:188} INFO - [2025-06-27T01:02:24.907+0000] {dagbag.py:545} INFO - Filling up the DagBag from /home/airflow/.local/lib/python3.10/site-packages/airflow/example_dags/example_sla_dag.py
[2025-06-27T01:02:24.910+0000] {logging_mixin.py:188} INFO - [2025-06-27T01:02:24.909+0000] {dagbag.py:337} DEBUG - Importing /home/airflow/.local/lib/python3.10/site-packages/airflow/example_dags/example_sla_dag.py
[2025-06-27T01:02:24.916+0000] {logging_mixin.py:188} INFO - [2025-06-27T01:02:24.916+0000] {GetText.py:65} DEBUG - /home/airflow/.local/lib/python3.10/site-packages/cron_descriptor/locale/en_US.mo Loaded
[2025-06-27T01:02:24.927+0000] {logging_mixin.py:188} INFO - [2025-06-27T01:02:24.926+0000] {dagbag.py:511} DEBUG - Loaded DAG <DAG: example_sla_dag>
[2025-06-27T01:02:24.928+0000] {processor.py:840} INFO - DAG(s) 'example_sla_dag' retrieved from /home/airflow/.local/lib/python3.10/site-packages/airflow/example_dags/example_sla_dag.py
[2025-06-27T01:02:24.931+0000] {logging_mixin.py:188} INFO - [2025-06-27T01:02:24.931+0000] {dagbag.py:667} DEBUG - Running dagbag.sync_to_db with retries. Try 1 of 3
[2025-06-27T01:02:24.932+0000] {logging_mixin.py:188} INFO - [2025-06-27T01:02:24.932+0000] {dagbag.py:672} DEBUG - Calling the DAG.bulk_sync_to_db method
[2025-06-27T01:02:24.953+0000] {logging_mixin.py:188} INFO - [2025-06-27T01:02:24.953+0000] {serialized_dag.py:166} DEBUG - Checking if DAG (example_sla_dag) changed
[2025-06-27T01:02:24.971+0000] {logging_mixin.py:188} INFO - [2025-06-27T01:02:24.970+0000] {serialized_dag.py:177} DEBUG - Serialized DAG (example_sla_dag) is unchanged. Skipping writing to DB
[2025-06-27T01:02:24.972+0000] {logging_mixin.py:188} INFO - [2025-06-27T01:02:24.972+0000] {dag.py:3096} INFO - Sync 1 DAGs
[2025-06-27T01:02:25.036+0000] {logging_mixin.py:188} INFO - [2025-06-27T01:02:25.035+0000] {dag.py:3954} INFO - Setting next_dagrun for example_sla_dag to 2025-06-27 01:00:00+00:00, run_after=2025-06-27 01:02:00+00:00
[2025-06-27T01:02:25.077+0000] {processor.py:183} INFO - Processing /home/airflow/.local/lib/python3.10/site-packages/airflow/example_dags/example_sla_dag.py took 0.185 seconds
[2025-06-27T01:02:55.216+0000] {logging_mixin.py:188} INFO - [2025-06-27T01:02:55.214+0000] {settings.py:250} DEBUG - Setting up DB connection pool (PID 18582)
[2025-06-27T01:02:55.218+0000] {logging_mixin.py:188} INFO - [2025-06-27T01:02:55.217+0000] {settings.py:330} DEBUG - settings.prepare_engine_args(): Using pool settings. pool_size=5, max_overflow=10, pool_recycle=1800, pid=18582
[2025-06-27T01:02:55.230+0000] {processor.py:161} INFO - Started process (PID=18582) to work on /home/airflow/.local/lib/python3.10/site-packages/airflow/example_dags/example_sla_dag.py
[2025-06-27T01:02:55.231+0000] {processor.py:830} INFO - Processing file /home/airflow/.local/lib/python3.10/site-packages/airflow/example_dags/example_sla_dag.py for tasks to queue
[2025-06-27T01:02:55.233+0000] {logging_mixin.py:188} INFO - [2025-06-27T01:02:55.233+0000] {dagbag.py:545} INFO - Filling up the DagBag from /home/airflow/.local/lib/python3.10/site-packages/airflow/example_dags/example_sla_dag.py
[2025-06-27T01:02:55.236+0000] {logging_mixin.py:188} INFO - [2025-06-27T01:02:55.235+0000] {dagbag.py:337} DEBUG - Importing /home/airflow/.local/lib/python3.10/site-packages/airflow/example_dags/example_sla_dag.py
[2025-06-27T01:02:55.242+0000] {logging_mixin.py:188} INFO - [2025-06-27T01:02:55.242+0000] {GetText.py:65} DEBUG - /home/airflow/.local/lib/python3.10/site-packages/cron_descriptor/locale/en_US.mo Loaded
[2025-06-27T01:02:55.255+0000] {logging_mixin.py:188} INFO - [2025-06-27T01:02:55.253+0000] {dagbag.py:511} DEBUG - Loaded DAG <DAG: example_sla_dag>
[2025-06-27T01:02:55.256+0000] {processor.py:840} INFO - DAG(s) 'example_sla_dag' retrieved from /home/airflow/.local/lib/python3.10/site-packages/airflow/example_dags/example_sla_dag.py
[2025-06-27T01:02:55.259+0000] {logging_mixin.py:188} INFO - [2025-06-27T01:02:55.259+0000] {dagbag.py:667} DEBUG - Running dagbag.sync_to_db with retries. Try 1 of 3
[2025-06-27T01:02:55.260+0000] {logging_mixin.py:188} INFO - [2025-06-27T01:02:55.260+0000] {dagbag.py:672} DEBUG - Calling the DAG.bulk_sync_to_db method
[2025-06-27T01:02:55.286+0000] {logging_mixin.py:188} INFO - [2025-06-27T01:02:55.285+0000] {serialized_dag.py:166} DEBUG - Checking if DAG (example_sla_dag) changed
[2025-06-27T01:02:55.301+0000] {logging_mixin.py:188} INFO - [2025-06-27T01:02:55.300+0000] {serialized_dag.py:177} DEBUG - Serialized DAG (example_sla_dag) is unchanged. Skipping writing to DB
[2025-06-27T01:02:55.302+0000] {logging_mixin.py:188} INFO - [2025-06-27T01:02:55.302+0000] {dag.py:3096} INFO - Sync 1 DAGs
[2025-06-27T01:02:55.339+0000] {logging_mixin.py:188} INFO - [2025-06-27T01:02:55.338+0000] {dag.py:3954} INFO - Setting next_dagrun for example_sla_dag to 2025-06-27 01:00:00+00:00, run_after=2025-06-27 01:02:00+00:00
[2025-06-27T01:02:55.371+0000] {processor.py:183} INFO - Processing /home/airflow/.local/lib/python3.10/site-packages/airflow/example_dags/example_sla_dag.py took 0.156 seconds
[2025-06-27T01:03:25.756+0000] {logging_mixin.py:188} INFO - [2025-06-27T01:03:25.755+0000] {settings.py:250} DEBUG - Setting up DB connection pool (PID 18645)
[2025-06-27T01:03:25.759+0000] {logging_mixin.py:188} INFO - [2025-06-27T01:03:25.759+0000] {settings.py:330} DEBUG - settings.prepare_engine_args(): Using pool settings. pool_size=5, max_overflow=10, pool_recycle=1800, pid=18645
[2025-06-27T01:03:25.770+0000] {processor.py:161} INFO - Started process (PID=18645) to work on /home/airflow/.local/lib/python3.10/site-packages/airflow/example_dags/example_sla_dag.py
[2025-06-27T01:03:25.771+0000] {processor.py:830} INFO - Processing file /home/airflow/.local/lib/python3.10/site-packages/airflow/example_dags/example_sla_dag.py for tasks to queue
[2025-06-27T01:03:25.773+0000] {logging_mixin.py:188} INFO - [2025-06-27T01:03:25.772+0000] {dagbag.py:545} INFO - Filling up the DagBag from /home/airflow/.local/lib/python3.10/site-packages/airflow/example_dags/example_sla_dag.py
[2025-06-27T01:03:25.775+0000] {logging_mixin.py:188} INFO - [2025-06-27T01:03:25.774+0000] {dagbag.py:337} DEBUG - Importing /home/airflow/.local/lib/python3.10/site-packages/airflow/example_dags/example_sla_dag.py
[2025-06-27T01:03:25.780+0000] {logging_mixin.py:188} INFO - [2025-06-27T01:03:25.779+0000] {GetText.py:65} DEBUG - /home/airflow/.local/lib/python3.10/site-packages/cron_descriptor/locale/en_US.mo Loaded
[2025-06-27T01:03:25.791+0000] {logging_mixin.py:188} INFO - [2025-06-27T01:03:25.789+0000] {dagbag.py:511} DEBUG - Loaded DAG <DAG: example_sla_dag>
[2025-06-27T01:03:25.792+0000] {processor.py:840} INFO - DAG(s) 'example_sla_dag' retrieved from /home/airflow/.local/lib/python3.10/site-packages/airflow/example_dags/example_sla_dag.py
[2025-06-27T01:03:25.794+0000] {logging_mixin.py:188} INFO - [2025-06-27T01:03:25.793+0000] {dagbag.py:667} DEBUG - Running dagbag.sync_to_db with retries. Try 1 of 3
[2025-06-27T01:03:25.794+0000] {logging_mixin.py:188} INFO - [2025-06-27T01:03:25.794+0000] {dagbag.py:672} DEBUG - Calling the DAG.bulk_sync_to_db method
[2025-06-27T01:03:25.818+0000] {logging_mixin.py:188} INFO - [2025-06-27T01:03:25.817+0000] {serialized_dag.py:166} DEBUG - Checking if DAG (example_sla_dag) changed
[2025-06-27T01:03:25.833+0000] {logging_mixin.py:188} INFO - [2025-06-27T01:03:25.833+0000] {serialized_dag.py:177} DEBUG - Serialized DAG (example_sla_dag) is unchanged. Skipping writing to DB
[2025-06-27T01:03:25.834+0000] {logging_mixin.py:188} INFO - [2025-06-27T01:03:25.834+0000] {dag.py:3096} INFO - Sync 1 DAGs
[2025-06-27T01:03:25.874+0000] {logging_mixin.py:188} INFO - [2025-06-27T01:03:25.874+0000] {dag.py:3954} INFO - Setting next_dagrun for example_sla_dag to 2025-06-27 01:00:00+00:00, run_after=2025-06-27 01:02:00+00:00
[2025-06-27T01:03:25.914+0000] {processor.py:183} INFO - Processing /home/airflow/.local/lib/python3.10/site-packages/airflow/example_dags/example_sla_dag.py took 0.159 seconds
[2025-06-27T01:03:56.415+0000] {logging_mixin.py:188} INFO - [2025-06-27T01:03:56.413+0000] {settings.py:250} DEBUG - Setting up DB connection pool (PID 18709)
[2025-06-27T01:03:56.417+0000] {logging_mixin.py:188} INFO - [2025-06-27T01:03:56.417+0000] {settings.py:330} DEBUG - settings.prepare_engine_args(): Using pool settings. pool_size=5, max_overflow=10, pool_recycle=1800, pid=18709
[2025-06-27T01:03:56.430+0000] {processor.py:161} INFO - Started process (PID=18709) to work on /home/airflow/.local/lib/python3.10/site-packages/airflow/example_dags/example_sla_dag.py
[2025-06-27T01:03:56.431+0000] {processor.py:830} INFO - Processing file /home/airflow/.local/lib/python3.10/site-packages/airflow/example_dags/example_sla_dag.py for tasks to queue
[2025-06-27T01:03:56.432+0000] {logging_mixin.py:188} INFO - [2025-06-27T01:03:56.432+0000] {dagbag.py:545} INFO - Filling up the DagBag from /home/airflow/.local/lib/python3.10/site-packages/airflow/example_dags/example_sla_dag.py
[2025-06-27T01:03:56.435+0000] {logging_mixin.py:188} INFO - [2025-06-27T01:03:56.434+0000] {dagbag.py:337} DEBUG - Importing /home/airflow/.local/lib/python3.10/site-packages/airflow/example_dags/example_sla_dag.py
[2025-06-27T01:03:56.439+0000] {logging_mixin.py:188} INFO - [2025-06-27T01:03:56.439+0000] {GetText.py:65} DEBUG - /home/airflow/.local/lib/python3.10/site-packages/cron_descriptor/locale/en_US.mo Loaded
[2025-06-27T01:03:56.459+0000] {logging_mixin.py:188} INFO - [2025-06-27T01:03:56.458+0000] {dagbag.py:511} DEBUG - Loaded DAG <DAG: example_sla_dag>
[2025-06-27T01:03:56.460+0000] {processor.py:840} INFO - DAG(s) 'example_sla_dag' retrieved from /home/airflow/.local/lib/python3.10/site-packages/airflow/example_dags/example_sla_dag.py
[2025-06-27T01:03:56.462+0000] {logging_mixin.py:188} INFO - [2025-06-27T01:03:56.462+0000] {dagbag.py:667} DEBUG - Running dagbag.sync_to_db with retries. Try 1 of 3
[2025-06-27T01:03:56.463+0000] {logging_mixin.py:188} INFO - [2025-06-27T01:03:56.462+0000] {dagbag.py:672} DEBUG - Calling the DAG.bulk_sync_to_db method
[2025-06-27T01:03:56.484+0000] {logging_mixin.py:188} INFO - [2025-06-27T01:03:56.483+0000] {serialized_dag.py:166} DEBUG - Checking if DAG (example_sla_dag) changed
[2025-06-27T01:03:56.498+0000] {logging_mixin.py:188} INFO - [2025-06-27T01:03:56.497+0000] {serialized_dag.py:177} DEBUG - Serialized DAG (example_sla_dag) is unchanged. Skipping writing to DB
[2025-06-27T01:03:56.499+0000] {logging_mixin.py:188} INFO - [2025-06-27T01:03:56.498+0000] {dag.py:3096} INFO - Sync 1 DAGs
[2025-06-27T01:03:56.528+0000] {logging_mixin.py:188} INFO - [2025-06-27T01:03:56.527+0000] {dag.py:3954} INFO - Setting next_dagrun for example_sla_dag to 2025-06-27 01:00:00+00:00, run_after=2025-06-27 01:02:00+00:00
[2025-06-27T01:03:56.564+0000] {processor.py:183} INFO - Processing /home/airflow/.local/lib/python3.10/site-packages/airflow/example_dags/example_sla_dag.py took 0.151 seconds
[2025-06-27T01:04:26.909+0000] {logging_mixin.py:188} INFO - [2025-06-27T01:04:26.908+0000] {settings.py:250} DEBUG - Setting up DB connection pool (PID 18772)
[2025-06-27T01:04:26.911+0000] {logging_mixin.py:188} INFO - [2025-06-27T01:04:26.911+0000] {settings.py:330} DEBUG - settings.prepare_engine_args(): Using pool settings. pool_size=5, max_overflow=10, pool_recycle=1800, pid=18772
[2025-06-27T01:04:26.923+0000] {processor.py:161} INFO - Started process (PID=18772) to work on /home/airflow/.local/lib/python3.10/site-packages/airflow/example_dags/example_sla_dag.py
[2025-06-27T01:04:26.924+0000] {processor.py:830} INFO - Processing file /home/airflow/.local/lib/python3.10/site-packages/airflow/example_dags/example_sla_dag.py for tasks to queue
[2025-06-27T01:04:26.926+0000] {logging_mixin.py:188} INFO - [2025-06-27T01:04:26.925+0000] {dagbag.py:545} INFO - Filling up the DagBag from /home/airflow/.local/lib/python3.10/site-packages/airflow/example_dags/example_sla_dag.py
[2025-06-27T01:04:26.928+0000] {logging_mixin.py:188} INFO - [2025-06-27T01:04:26.928+0000] {dagbag.py:337} DEBUG - Importing /home/airflow/.local/lib/python3.10/site-packages/airflow/example_dags/example_sla_dag.py
[2025-06-27T01:04:26.934+0000] {logging_mixin.py:188} INFO - [2025-06-27T01:04:26.934+0000] {GetText.py:65} DEBUG - /home/airflow/.local/lib/python3.10/site-packages/cron_descriptor/locale/en_US.mo Loaded
[2025-06-27T01:04:26.943+0000] {logging_mixin.py:188} INFO - [2025-06-27T01:04:26.942+0000] {dagbag.py:511} DEBUG - Loaded DAG <DAG: example_sla_dag>
[2025-06-27T01:04:26.944+0000] {processor.py:840} INFO - DAG(s) 'example_sla_dag' retrieved from /home/airflow/.local/lib/python3.10/site-packages/airflow/example_dags/example_sla_dag.py
[2025-06-27T01:04:26.946+0000] {logging_mixin.py:188} INFO - [2025-06-27T01:04:26.946+0000] {dagbag.py:667} DEBUG - Running dagbag.sync_to_db with retries. Try 1 of 3
[2025-06-27T01:04:26.947+0000] {logging_mixin.py:188} INFO - [2025-06-27T01:04:26.947+0000] {dagbag.py:672} DEBUG - Calling the DAG.bulk_sync_to_db method
[2025-06-27T01:04:26.966+0000] {logging_mixin.py:188} INFO - [2025-06-27T01:04:26.966+0000] {serialized_dag.py:166} DEBUG - Checking if DAG (example_sla_dag) changed
[2025-06-27T01:04:26.977+0000] {logging_mixin.py:188} INFO - [2025-06-27T01:04:26.977+0000] {serialized_dag.py:177} DEBUG - Serialized DAG (example_sla_dag) is unchanged. Skipping writing to DB
[2025-06-27T01:04:26.978+0000] {logging_mixin.py:188} INFO - [2025-06-27T01:04:26.978+0000] {dag.py:3096} INFO - Sync 1 DAGs
[2025-06-27T01:04:27.009+0000] {logging_mixin.py:188} INFO - [2025-06-27T01:04:27.009+0000] {dag.py:3954} INFO - Setting next_dagrun for example_sla_dag to 2025-06-27 01:02:00+00:00, run_after=2025-06-27 01:04:00+00:00
[2025-06-27T01:04:27.035+0000] {processor.py:183} INFO - Processing /home/airflow/.local/lib/python3.10/site-packages/airflow/example_dags/example_sla_dag.py took 0.127 seconds
[2025-06-27T01:04:57.304+0000] {logging_mixin.py:188} INFO - [2025-06-27T01:04:57.303+0000] {settings.py:250} DEBUG - Setting up DB connection pool (PID 18835)
[2025-06-27T01:04:57.306+0000] {logging_mixin.py:188} INFO - [2025-06-27T01:04:57.305+0000] {settings.py:330} DEBUG - settings.prepare_engine_args(): Using pool settings. pool_size=5, max_overflow=10, pool_recycle=1800, pid=18835
[2025-06-27T01:04:57.316+0000] {processor.py:161} INFO - Started process (PID=18835) to work on /home/airflow/.local/lib/python3.10/site-packages/airflow/example_dags/example_sla_dag.py
[2025-06-27T01:04:57.318+0000] {processor.py:830} INFO - Processing file /home/airflow/.local/lib/python3.10/site-packages/airflow/example_dags/example_sla_dag.py for tasks to queue
[2025-06-27T01:04:57.319+0000] {logging_mixin.py:188} INFO - [2025-06-27T01:04:57.319+0000] {dagbag.py:545} INFO - Filling up the DagBag from /home/airflow/.local/lib/python3.10/site-packages/airflow/example_dags/example_sla_dag.py
[2025-06-27T01:04:57.322+0000] {logging_mixin.py:188} INFO - [2025-06-27T01:04:57.322+0000] {dagbag.py:337} DEBUG - Importing /home/airflow/.local/lib/python3.10/site-packages/airflow/example_dags/example_sla_dag.py
[2025-06-27T01:04:57.326+0000] {logging_mixin.py:188} INFO - [2025-06-27T01:04:57.326+0000] {GetText.py:65} DEBUG - /home/airflow/.local/lib/python3.10/site-packages/cron_descriptor/locale/en_US.mo Loaded
[2025-06-27T01:04:57.337+0000] {logging_mixin.py:188} INFO - [2025-06-27T01:04:57.335+0000] {dagbag.py:511} DEBUG - Loaded DAG <DAG: example_sla_dag>
[2025-06-27T01:04:57.338+0000] {processor.py:840} INFO - DAG(s) 'example_sla_dag' retrieved from /home/airflow/.local/lib/python3.10/site-packages/airflow/example_dags/example_sla_dag.py
[2025-06-27T01:04:57.340+0000] {logging_mixin.py:188} INFO - [2025-06-27T01:04:57.340+0000] {dagbag.py:667} DEBUG - Running dagbag.sync_to_db with retries. Try 1 of 3
[2025-06-27T01:04:57.341+0000] {logging_mixin.py:188} INFO - [2025-06-27T01:04:57.341+0000] {dagbag.py:672} DEBUG - Calling the DAG.bulk_sync_to_db method
[2025-06-27T01:04:57.365+0000] {logging_mixin.py:188} INFO - [2025-06-27T01:04:57.364+0000] {serialized_dag.py:166} DEBUG - Checking if DAG (example_sla_dag) changed
[2025-06-27T01:04:57.378+0000] {logging_mixin.py:188} INFO - [2025-06-27T01:04:57.378+0000] {serialized_dag.py:177} DEBUG - Serialized DAG (example_sla_dag) is unchanged. Skipping writing to DB
[2025-06-27T01:04:57.379+0000] {logging_mixin.py:188} INFO - [2025-06-27T01:04:57.379+0000] {dag.py:3096} INFO - Sync 1 DAGs
[2025-06-27T01:04:57.411+0000] {logging_mixin.py:188} INFO - [2025-06-27T01:04:57.411+0000] {dag.py:3954} INFO - Setting next_dagrun for example_sla_dag to 2025-06-27 01:02:00+00:00, run_after=2025-06-27 01:04:00+00:00
[2025-06-27T01:04:57.440+0000] {processor.py:183} INFO - Processing /home/airflow/.local/lib/python3.10/site-packages/airflow/example_dags/example_sla_dag.py took 0.137 seconds
[2025-06-27T01:05:27.868+0000] {logging_mixin.py:188} INFO - [2025-06-27T01:05:27.867+0000] {settings.py:250} DEBUG - Setting up DB connection pool (PID 18898)
[2025-06-27T01:05:27.870+0000] {logging_mixin.py:188} INFO - [2025-06-27T01:05:27.869+0000] {settings.py:330} DEBUG - settings.prepare_engine_args(): Using pool settings. pool_size=5, max_overflow=10, pool_recycle=1800, pid=18898
[2025-06-27T01:05:27.879+0000] {processor.py:161} INFO - Started process (PID=18898) to work on /home/airflow/.local/lib/python3.10/site-packages/airflow/example_dags/example_sla_dag.py
[2025-06-27T01:05:27.880+0000] {processor.py:830} INFO - Processing file /home/airflow/.local/lib/python3.10/site-packages/airflow/example_dags/example_sla_dag.py for tasks to queue
[2025-06-27T01:05:27.881+0000] {logging_mixin.py:188} INFO - [2025-06-27T01:05:27.881+0000] {dagbag.py:545} INFO - Filling up the DagBag from /home/airflow/.local/lib/python3.10/site-packages/airflow/example_dags/example_sla_dag.py
[2025-06-27T01:05:27.883+0000] {logging_mixin.py:188} INFO - [2025-06-27T01:05:27.883+0000] {dagbag.py:337} DEBUG - Importing /home/airflow/.local/lib/python3.10/site-packages/airflow/example_dags/example_sla_dag.py
[2025-06-27T01:05:27.888+0000] {logging_mixin.py:188} INFO - [2025-06-27T01:05:27.888+0000] {GetText.py:65} DEBUG - /home/airflow/.local/lib/python3.10/site-packages/cron_descriptor/locale/en_US.mo Loaded
[2025-06-27T01:05:27.897+0000] {logging_mixin.py:188} INFO - [2025-06-27T01:05:27.896+0000] {dagbag.py:511} DEBUG - Loaded DAG <DAG: example_sla_dag>
[2025-06-27T01:05:27.898+0000] {processor.py:840} INFO - DAG(s) 'example_sla_dag' retrieved from /home/airflow/.local/lib/python3.10/site-packages/airflow/example_dags/example_sla_dag.py
[2025-06-27T01:05:27.900+0000] {logging_mixin.py:188} INFO - [2025-06-27T01:05:27.899+0000] {dagbag.py:667} DEBUG - Running dagbag.sync_to_db with retries. Try 1 of 3
[2025-06-27T01:05:27.900+0000] {logging_mixin.py:188} INFO - [2025-06-27T01:05:27.900+0000] {dagbag.py:672} DEBUG - Calling the DAG.bulk_sync_to_db method
[2025-06-27T01:05:27.920+0000] {logging_mixin.py:188} INFO - [2025-06-27T01:05:27.919+0000] {serialized_dag.py:166} DEBUG - Checking if DAG (example_sla_dag) changed
[2025-06-27T01:05:27.930+0000] {logging_mixin.py:188} INFO - [2025-06-27T01:05:27.930+0000] {serialized_dag.py:177} DEBUG - Serialized DAG (example_sla_dag) is unchanged. Skipping writing to DB
[2025-06-27T01:05:27.931+0000] {logging_mixin.py:188} INFO - [2025-06-27T01:05:27.931+0000] {dag.py:3096} INFO - Sync 1 DAGs
[2025-06-27T01:05:27.960+0000] {logging_mixin.py:188} INFO - [2025-06-27T01:05:27.960+0000] {dag.py:3954} INFO - Setting next_dagrun for example_sla_dag to 2025-06-27 01:02:00+00:00, run_after=2025-06-27 01:04:00+00:00
[2025-06-27T01:05:27.988+0000] {processor.py:183} INFO - Processing /home/airflow/.local/lib/python3.10/site-packages/airflow/example_dags/example_sla_dag.py took 0.121 seconds
[2025-06-27T01:05:58.617+0000] {logging_mixin.py:188} INFO - [2025-06-27T01:05:58.615+0000] {settings.py:250} DEBUG - Setting up DB connection pool (PID 18961)
[2025-06-27T01:05:58.619+0000] {logging_mixin.py:188} INFO - [2025-06-27T01:05:58.619+0000] {settings.py:330} DEBUG - settings.prepare_engine_args(): Using pool settings. pool_size=5, max_overflow=10, pool_recycle=1800, pid=18961
[2025-06-27T01:05:58.630+0000] {processor.py:161} INFO - Started process (PID=18961) to work on /home/airflow/.local/lib/python3.10/site-packages/airflow/example_dags/example_sla_dag.py
[2025-06-27T01:05:58.631+0000] {processor.py:830} INFO - Processing file /home/airflow/.local/lib/python3.10/site-packages/airflow/example_dags/example_sla_dag.py for tasks to queue
[2025-06-27T01:05:58.632+0000] {logging_mixin.py:188} INFO - [2025-06-27T01:05:58.632+0000] {dagbag.py:545} INFO - Filling up the DagBag from /home/airflow/.local/lib/python3.10/site-packages/airflow/example_dags/example_sla_dag.py
[2025-06-27T01:05:58.634+0000] {logging_mixin.py:188} INFO - [2025-06-27T01:05:58.634+0000] {dagbag.py:337} DEBUG - Importing /home/airflow/.local/lib/python3.10/site-packages/airflow/example_dags/example_sla_dag.py
[2025-06-27T01:05:58.639+0000] {logging_mixin.py:188} INFO - [2025-06-27T01:05:58.639+0000] {GetText.py:65} DEBUG - /home/airflow/.local/lib/python3.10/site-packages/cron_descriptor/locale/en_US.mo Loaded
[2025-06-27T01:05:58.649+0000] {logging_mixin.py:188} INFO - [2025-06-27T01:05:58.647+0000] {dagbag.py:511} DEBUG - Loaded DAG <DAG: example_sla_dag>
[2025-06-27T01:05:58.650+0000] {processor.py:840} INFO - DAG(s) 'example_sla_dag' retrieved from /home/airflow/.local/lib/python3.10/site-packages/airflow/example_dags/example_sla_dag.py
[2025-06-27T01:05:58.652+0000] {logging_mixin.py:188} INFO - [2025-06-27T01:05:58.652+0000] {dagbag.py:667} DEBUG - Running dagbag.sync_to_db with retries. Try 1 of 3
[2025-06-27T01:05:58.653+0000] {logging_mixin.py:188} INFO - [2025-06-27T01:05:58.653+0000] {dagbag.py:672} DEBUG - Calling the DAG.bulk_sync_to_db method
[2025-06-27T01:05:58.675+0000] {logging_mixin.py:188} INFO - [2025-06-27T01:05:58.674+0000] {serialized_dag.py:166} DEBUG - Checking if DAG (example_sla_dag) changed
[2025-06-27T01:05:58.687+0000] {logging_mixin.py:188} INFO - [2025-06-27T01:05:58.687+0000] {serialized_dag.py:177} DEBUG - Serialized DAG (example_sla_dag) is unchanged. Skipping writing to DB
[2025-06-27T01:05:58.688+0000] {logging_mixin.py:188} INFO - [2025-06-27T01:05:58.688+0000] {dag.py:3096} INFO - Sync 1 DAGs
[2025-06-27T01:05:58.720+0000] {logging_mixin.py:188} INFO - [2025-06-27T01:05:58.720+0000] {dag.py:3954} INFO - Setting next_dagrun for example_sla_dag to 2025-06-27 01:02:00+00:00, run_after=2025-06-27 01:04:00+00:00
[2025-06-27T01:05:58.747+0000] {processor.py:183} INFO - Processing /home/airflow/.local/lib/python3.10/site-packages/airflow/example_dags/example_sla_dag.py took 0.132 seconds
[2025-06-27T01:06:29.054+0000] {logging_mixin.py:188} INFO - [2025-06-27T01:06:29.052+0000] {settings.py:250} DEBUG - Setting up DB connection pool (PID 19024)
[2025-06-27T01:06:29.056+0000] {logging_mixin.py:188} INFO - [2025-06-27T01:06:29.056+0000] {settings.py:330} DEBUG - settings.prepare_engine_args(): Using pool settings. pool_size=5, max_overflow=10, pool_recycle=1800, pid=19024
[2025-06-27T01:06:29.070+0000] {processor.py:161} INFO - Started process (PID=19024) to work on /home/airflow/.local/lib/python3.10/site-packages/airflow/example_dags/example_sla_dag.py
[2025-06-27T01:06:29.071+0000] {processor.py:830} INFO - Processing file /home/airflow/.local/lib/python3.10/site-packages/airflow/example_dags/example_sla_dag.py for tasks to queue
[2025-06-27T01:06:29.073+0000] {logging_mixin.py:188} INFO - [2025-06-27T01:06:29.072+0000] {dagbag.py:545} INFO - Filling up the DagBag from /home/airflow/.local/lib/python3.10/site-packages/airflow/example_dags/example_sla_dag.py
[2025-06-27T01:06:29.076+0000] {logging_mixin.py:188} INFO - [2025-06-27T01:06:29.076+0000] {dagbag.py:337} DEBUG - Importing /home/airflow/.local/lib/python3.10/site-packages/airflow/example_dags/example_sla_dag.py
[2025-06-27T01:06:29.082+0000] {logging_mixin.py:188} INFO - [2025-06-27T01:06:29.082+0000] {GetText.py:65} DEBUG - /home/airflow/.local/lib/python3.10/site-packages/cron_descriptor/locale/en_US.mo Loaded
[2025-06-27T01:06:29.094+0000] {logging_mixin.py:188} INFO - [2025-06-27T01:06:29.092+0000] {dagbag.py:511} DEBUG - Loaded DAG <DAG: example_sla_dag>
[2025-06-27T01:06:29.096+0000] {processor.py:840} INFO - DAG(s) 'example_sla_dag' retrieved from /home/airflow/.local/lib/python3.10/site-packages/airflow/example_dags/example_sla_dag.py
[2025-06-27T01:06:29.098+0000] {logging_mixin.py:188} INFO - [2025-06-27T01:06:29.097+0000] {dagbag.py:667} DEBUG - Running dagbag.sync_to_db with retries. Try 1 of 3
[2025-06-27T01:06:29.099+0000] {logging_mixin.py:188} INFO - [2025-06-27T01:06:29.098+0000] {dagbag.py:672} DEBUG - Calling the DAG.bulk_sync_to_db method
[2025-06-27T01:06:29.124+0000] {logging_mixin.py:188} INFO - [2025-06-27T01:06:29.124+0000] {serialized_dag.py:166} DEBUG - Checking if DAG (example_sla_dag) changed
[2025-06-27T01:06:29.142+0000] {logging_mixin.py:188} INFO - [2025-06-27T01:06:29.142+0000] {serialized_dag.py:177} DEBUG - Serialized DAG (example_sla_dag) is unchanged. Skipping writing to DB
[2025-06-27T01:06:29.143+0000] {logging_mixin.py:188} INFO - [2025-06-27T01:06:29.143+0000] {dag.py:3096} INFO - Sync 1 DAGs
[2025-06-27T01:06:29.182+0000] {logging_mixin.py:188} INFO - [2025-06-27T01:06:29.182+0000] {dag.py:3954} INFO - Setting next_dagrun for example_sla_dag to 2025-06-27 01:04:00+00:00, run_after=2025-06-27 01:06:00+00:00
[2025-06-27T01:06:29.207+0000] {processor.py:183} INFO - Processing /home/airflow/.local/lib/python3.10/site-packages/airflow/example_dags/example_sla_dag.py took 0.155 seconds
[2025-06-27T01:06:59.729+0000] {logging_mixin.py:188} INFO - [2025-06-27T01:06:59.728+0000] {settings.py:250} DEBUG - Setting up DB connection pool (PID 19087)
[2025-06-27T01:06:59.732+0000] {logging_mixin.py:188} INFO - [2025-06-27T01:06:59.732+0000] {settings.py:330} DEBUG - settings.prepare_engine_args(): Using pool settings. pool_size=5, max_overflow=10, pool_recycle=1800, pid=19087
[2025-06-27T01:06:59.744+0000] {processor.py:161} INFO - Started process (PID=19087) to work on /home/airflow/.local/lib/python3.10/site-packages/airflow/example_dags/example_sla_dag.py
[2025-06-27T01:06:59.745+0000] {processor.py:830} INFO - Processing file /home/airflow/.local/lib/python3.10/site-packages/airflow/example_dags/example_sla_dag.py for tasks to queue
[2025-06-27T01:06:59.747+0000] {logging_mixin.py:188} INFO - [2025-06-27T01:06:59.746+0000] {dagbag.py:545} INFO - Filling up the DagBag from /home/airflow/.local/lib/python3.10/site-packages/airflow/example_dags/example_sla_dag.py
[2025-06-27T01:06:59.749+0000] {logging_mixin.py:188} INFO - [2025-06-27T01:06:59.749+0000] {dagbag.py:337} DEBUG - Importing /home/airflow/.local/lib/python3.10/site-packages/airflow/example_dags/example_sla_dag.py
[2025-06-27T01:06:59.755+0000] {logging_mixin.py:188} INFO - [2025-06-27T01:06:59.755+0000] {GetText.py:65} DEBUG - /home/airflow/.local/lib/python3.10/site-packages/cron_descriptor/locale/en_US.mo Loaded
[2025-06-27T01:06:59.767+0000] {logging_mixin.py:188} INFO - [2025-06-27T01:06:59.764+0000] {dagbag.py:511} DEBUG - Loaded DAG <DAG: example_sla_dag>
[2025-06-27T01:06:59.767+0000] {processor.py:840} INFO - DAG(s) 'example_sla_dag' retrieved from /home/airflow/.local/lib/python3.10/site-packages/airflow/example_dags/example_sla_dag.py
[2025-06-27T01:06:59.770+0000] {logging_mixin.py:188} INFO - [2025-06-27T01:06:59.770+0000] {dagbag.py:667} DEBUG - Running dagbag.sync_to_db with retries. Try 1 of 3
[2025-06-27T01:06:59.771+0000] {logging_mixin.py:188} INFO - [2025-06-27T01:06:59.771+0000] {dagbag.py:672} DEBUG - Calling the DAG.bulk_sync_to_db method
[2025-06-27T01:06:59.790+0000] {logging_mixin.py:188} INFO - [2025-06-27T01:06:59.790+0000] {serialized_dag.py:166} DEBUG - Checking if DAG (example_sla_dag) changed
[2025-06-27T01:06:59.804+0000] {logging_mixin.py:188} INFO - [2025-06-27T01:06:59.803+0000] {serialized_dag.py:177} DEBUG - Serialized DAG (example_sla_dag) is unchanged. Skipping writing to DB
[2025-06-27T01:06:59.805+0000] {logging_mixin.py:188} INFO - [2025-06-27T01:06:59.804+0000] {dag.py:3096} INFO - Sync 1 DAGs
[2025-06-27T01:06:59.834+0000] {logging_mixin.py:188} INFO - [2025-06-27T01:06:59.834+0000] {dag.py:3954} INFO - Setting next_dagrun for example_sla_dag to 2025-06-27 01:04:00+00:00, run_after=2025-06-27 01:06:00+00:00
[2025-06-27T01:06:59.860+0000] {processor.py:183} INFO - Processing /home/airflow/.local/lib/python3.10/site-packages/airflow/example_dags/example_sla_dag.py took 0.132 seconds
[2025-06-27T01:07:30.516+0000] {logging_mixin.py:188} INFO - [2025-06-27T01:07:30.515+0000] {settings.py:250} DEBUG - Setting up DB connection pool (PID 19149)
[2025-06-27T01:07:30.519+0000] {logging_mixin.py:188} INFO - [2025-06-27T01:07:30.519+0000] {settings.py:330} DEBUG - settings.prepare_engine_args(): Using pool settings. pool_size=5, max_overflow=10, pool_recycle=1800, pid=19149
[2025-06-27T01:07:30.532+0000] {processor.py:161} INFO - Started process (PID=19149) to work on /home/airflow/.local/lib/python3.10/site-packages/airflow/example_dags/example_sla_dag.py
[2025-06-27T01:07:30.533+0000] {processor.py:830} INFO - Processing file /home/airflow/.local/lib/python3.10/site-packages/airflow/example_dags/example_sla_dag.py for tasks to queue
[2025-06-27T01:07:30.535+0000] {logging_mixin.py:188} INFO - [2025-06-27T01:07:30.535+0000] {dagbag.py:545} INFO - Filling up the DagBag from /home/airflow/.local/lib/python3.10/site-packages/airflow/example_dags/example_sla_dag.py
[2025-06-27T01:07:30.537+0000] {logging_mixin.py:188} INFO - [2025-06-27T01:07:30.537+0000] {dagbag.py:337} DEBUG - Importing /home/airflow/.local/lib/python3.10/site-packages/airflow/example_dags/example_sla_dag.py
[2025-06-27T01:07:30.543+0000] {logging_mixin.py:188} INFO - [2025-06-27T01:07:30.542+0000] {GetText.py:65} DEBUG - /home/airflow/.local/lib/python3.10/site-packages/cron_descriptor/locale/en_US.mo Loaded
[2025-06-27T01:07:30.552+0000] {logging_mixin.py:188} INFO - [2025-06-27T01:07:30.551+0000] {dagbag.py:511} DEBUG - Loaded DAG <DAG: example_sla_dag>
[2025-06-27T01:07:30.553+0000] {processor.py:840} INFO - DAG(s) 'example_sla_dag' retrieved from /home/airflow/.local/lib/python3.10/site-packages/airflow/example_dags/example_sla_dag.py
[2025-06-27T01:07:30.555+0000] {logging_mixin.py:188} INFO - [2025-06-27T01:07:30.555+0000] {dagbag.py:667} DEBUG - Running dagbag.sync_to_db with retries. Try 1 of 3
[2025-06-27T01:07:30.556+0000] {logging_mixin.py:188} INFO - [2025-06-27T01:07:30.556+0000] {dagbag.py:672} DEBUG - Calling the DAG.bulk_sync_to_db method
[2025-06-27T01:07:30.580+0000] {logging_mixin.py:188} INFO - [2025-06-27T01:07:30.579+0000] {serialized_dag.py:166} DEBUG - Checking if DAG (example_sla_dag) changed
[2025-06-27T01:07:30.597+0000] {logging_mixin.py:188} INFO - [2025-06-27T01:07:30.597+0000] {serialized_dag.py:177} DEBUG - Serialized DAG (example_sla_dag) is unchanged. Skipping writing to DB
[2025-06-27T01:07:30.599+0000] {logging_mixin.py:188} INFO - [2025-06-27T01:07:30.598+0000] {dag.py:3096} INFO - Sync 1 DAGs
[2025-06-27T01:07:30.638+0000] {logging_mixin.py:188} INFO - [2025-06-27T01:07:30.638+0000] {dag.py:3954} INFO - Setting next_dagrun for example_sla_dag to 2025-06-27 01:04:00+00:00, run_after=2025-06-27 01:06:00+00:00
[2025-06-27T01:07:30.675+0000] {processor.py:183} INFO - Processing /home/airflow/.local/lib/python3.10/site-packages/airflow/example_dags/example_sla_dag.py took 0.160 seconds
[2025-06-27T01:08:00.798+0000] {logging_mixin.py:188} INFO - [2025-06-27T01:08:00.796+0000] {settings.py:250} DEBUG - Setting up DB connection pool (PID 19212)
[2025-06-27T01:08:00.800+0000] {logging_mixin.py:188} INFO - [2025-06-27T01:08:00.800+0000] {settings.py:330} DEBUG - settings.prepare_engine_args(): Using pool settings. pool_size=5, max_overflow=10, pool_recycle=1800, pid=19212
[2025-06-27T01:08:00.812+0000] {processor.py:161} INFO - Started process (PID=19212) to work on /home/airflow/.local/lib/python3.10/site-packages/airflow/example_dags/example_sla_dag.py
[2025-06-27T01:08:00.813+0000] {processor.py:830} INFO - Processing file /home/airflow/.local/lib/python3.10/site-packages/airflow/example_dags/example_sla_dag.py for tasks to queue
[2025-06-27T01:08:00.815+0000] {logging_mixin.py:188} INFO - [2025-06-27T01:08:00.814+0000] {dagbag.py:545} INFO - Filling up the DagBag from /home/airflow/.local/lib/python3.10/site-packages/airflow/example_dags/example_sla_dag.py
[2025-06-27T01:08:00.817+0000] {logging_mixin.py:188} INFO - [2025-06-27T01:08:00.817+0000] {dagbag.py:337} DEBUG - Importing /home/airflow/.local/lib/python3.10/site-packages/airflow/example_dags/example_sla_dag.py
[2025-06-27T01:08:00.824+0000] {logging_mixin.py:188} INFO - [2025-06-27T01:08:00.824+0000] {GetText.py:65} DEBUG - /home/airflow/.local/lib/python3.10/site-packages/cron_descriptor/locale/en_US.mo Loaded
[2025-06-27T01:08:00.835+0000] {logging_mixin.py:188} INFO - [2025-06-27T01:08:00.833+0000] {dagbag.py:511} DEBUG - Loaded DAG <DAG: example_sla_dag>
[2025-06-27T01:08:00.836+0000] {processor.py:840} INFO - DAG(s) 'example_sla_dag' retrieved from /home/airflow/.local/lib/python3.10/site-packages/airflow/example_dags/example_sla_dag.py
[2025-06-27T01:08:00.838+0000] {logging_mixin.py:188} INFO - [2025-06-27T01:08:00.838+0000] {dagbag.py:667} DEBUG - Running dagbag.sync_to_db with retries. Try 1 of 3
[2025-06-27T01:08:00.839+0000] {logging_mixin.py:188} INFO - [2025-06-27T01:08:00.839+0000] {dagbag.py:672} DEBUG - Calling the DAG.bulk_sync_to_db method
[2025-06-27T01:08:00.866+0000] {logging_mixin.py:188} INFO - [2025-06-27T01:08:00.865+0000] {serialized_dag.py:166} DEBUG - Checking if DAG (example_sla_dag) changed
[2025-06-27T01:08:00.881+0000] {logging_mixin.py:188} INFO - [2025-06-27T01:08:00.881+0000] {serialized_dag.py:177} DEBUG - Serialized DAG (example_sla_dag) is unchanged. Skipping writing to DB
[2025-06-27T01:08:00.882+0000] {logging_mixin.py:188} INFO - [2025-06-27T01:08:00.882+0000] {dag.py:3096} INFO - Sync 1 DAGs
[2025-06-27T01:08:00.922+0000] {logging_mixin.py:188} INFO - [2025-06-27T01:08:00.922+0000] {dag.py:3954} INFO - Setting next_dagrun for example_sla_dag to 2025-06-27 01:06:00+00:00, run_after=2025-06-27 01:08:00+00:00
[2025-06-27T01:08:00.950+0000] {processor.py:183} INFO - Processing /home/airflow/.local/lib/python3.10/site-packages/airflow/example_dags/example_sla_dag.py took 0.154 seconds
[2025-06-27T01:08:31.050+0000] {logging_mixin.py:188} INFO - [2025-06-27T01:08:31.049+0000] {settings.py:250} DEBUG - Setting up DB connection pool (PID 19274)
[2025-06-27T01:08:31.052+0000] {logging_mixin.py:188} INFO - [2025-06-27T01:08:31.052+0000] {settings.py:330} DEBUG - settings.prepare_engine_args(): Using pool settings. pool_size=5, max_overflow=10, pool_recycle=1800, pid=19274
[2025-06-27T01:08:31.064+0000] {processor.py:161} INFO - Started process (PID=19274) to work on /home/airflow/.local/lib/python3.10/site-packages/airflow/example_dags/example_sla_dag.py
[2025-06-27T01:08:31.065+0000] {processor.py:830} INFO - Processing file /home/airflow/.local/lib/python3.10/site-packages/airflow/example_dags/example_sla_dag.py for tasks to queue
[2025-06-27T01:08:31.067+0000] {logging_mixin.py:188} INFO - [2025-06-27T01:08:31.067+0000] {dagbag.py:545} INFO - Filling up the DagBag from /home/airflow/.local/lib/python3.10/site-packages/airflow/example_dags/example_sla_dag.py
[2025-06-27T01:08:31.069+0000] {logging_mixin.py:188} INFO - [2025-06-27T01:08:31.069+0000] {dagbag.py:337} DEBUG - Importing /home/airflow/.local/lib/python3.10/site-packages/airflow/example_dags/example_sla_dag.py
[2025-06-27T01:08:31.075+0000] {logging_mixin.py:188} INFO - [2025-06-27T01:08:31.075+0000] {GetText.py:65} DEBUG - /home/airflow/.local/lib/python3.10/site-packages/cron_descriptor/locale/en_US.mo Loaded
[2025-06-27T01:08:31.088+0000] {logging_mixin.py:188} INFO - [2025-06-27T01:08:31.086+0000] {dagbag.py:511} DEBUG - Loaded DAG <DAG: example_sla_dag>
[2025-06-27T01:08:31.089+0000] {processor.py:840} INFO - DAG(s) 'example_sla_dag' retrieved from /home/airflow/.local/lib/python3.10/site-packages/airflow/example_dags/example_sla_dag.py
[2025-06-27T01:08:31.091+0000] {logging_mixin.py:188} INFO - [2025-06-27T01:08:31.091+0000] {dagbag.py:667} DEBUG - Running dagbag.sync_to_db with retries. Try 1 of 3
[2025-06-27T01:08:31.093+0000] {logging_mixin.py:188} INFO - [2025-06-27T01:08:31.093+0000] {dagbag.py:672} DEBUG - Calling the DAG.bulk_sync_to_db method
[2025-06-27T01:08:31.116+0000] {logging_mixin.py:188} INFO - [2025-06-27T01:08:31.115+0000] {serialized_dag.py:166} DEBUG - Checking if DAG (example_sla_dag) changed
[2025-06-27T01:08:31.130+0000] {logging_mixin.py:188} INFO - [2025-06-27T01:08:31.129+0000] {serialized_dag.py:177} DEBUG - Serialized DAG (example_sla_dag) is unchanged. Skipping writing to DB
[2025-06-27T01:08:31.133+0000] {logging_mixin.py:188} INFO - [2025-06-27T01:08:31.133+0000] {dag.py:3096} INFO - Sync 1 DAGs
[2025-06-27T01:08:31.168+0000] {logging_mixin.py:188} INFO - [2025-06-27T01:08:31.168+0000] {dag.py:3954} INFO - Setting next_dagrun for example_sla_dag to 2025-06-27 01:06:00+00:00, run_after=2025-06-27 01:08:00+00:00
[2025-06-27T01:08:31.217+0000] {processor.py:183} INFO - Processing /home/airflow/.local/lib/python3.10/site-packages/airflow/example_dags/example_sla_dag.py took 0.168 seconds
[2025-06-27T01:09:01.355+0000] {logging_mixin.py:188} INFO - [2025-06-27T01:09:01.353+0000] {settings.py:250} DEBUG - Setting up DB connection pool (PID 19337)
[2025-06-27T01:09:01.356+0000] {logging_mixin.py:188} INFO - [2025-06-27T01:09:01.356+0000] {settings.py:330} DEBUG - settings.prepare_engine_args(): Using pool settings. pool_size=5, max_overflow=10, pool_recycle=1800, pid=19337
[2025-06-27T01:09:01.365+0000] {processor.py:161} INFO - Started process (PID=19337) to work on /home/airflow/.local/lib/python3.10/site-packages/airflow/example_dags/example_sla_dag.py
[2025-06-27T01:09:01.366+0000] {processor.py:830} INFO - Processing file /home/airflow/.local/lib/python3.10/site-packages/airflow/example_dags/example_sla_dag.py for tasks to queue
[2025-06-27T01:09:01.367+0000] {logging_mixin.py:188} INFO - [2025-06-27T01:09:01.367+0000] {dagbag.py:545} INFO - Filling up the DagBag from /home/airflow/.local/lib/python3.10/site-packages/airflow/example_dags/example_sla_dag.py
[2025-06-27T01:09:01.370+0000] {logging_mixin.py:188} INFO - [2025-06-27T01:09:01.370+0000] {dagbag.py:337} DEBUG - Importing /home/airflow/.local/lib/python3.10/site-packages/airflow/example_dags/example_sla_dag.py
[2025-06-27T01:09:01.374+0000] {logging_mixin.py:188} INFO - [2025-06-27T01:09:01.374+0000] {GetText.py:65} DEBUG - /home/airflow/.local/lib/python3.10/site-packages/cron_descriptor/locale/en_US.mo Loaded
[2025-06-27T01:09:01.384+0000] {logging_mixin.py:188} INFO - [2025-06-27T01:09:01.383+0000] {dagbag.py:511} DEBUG - Loaded DAG <DAG: example_sla_dag>
[2025-06-27T01:09:01.385+0000] {processor.py:840} INFO - DAG(s) 'example_sla_dag' retrieved from /home/airflow/.local/lib/python3.10/site-packages/airflow/example_dags/example_sla_dag.py
[2025-06-27T01:09:01.387+0000] {logging_mixin.py:188} INFO - [2025-06-27T01:09:01.387+0000] {dagbag.py:667} DEBUG - Running dagbag.sync_to_db with retries. Try 1 of 3
[2025-06-27T01:09:01.388+0000] {logging_mixin.py:188} INFO - [2025-06-27T01:09:01.387+0000] {dagbag.py:672} DEBUG - Calling the DAG.bulk_sync_to_db method
[2025-06-27T01:09:01.416+0000] {logging_mixin.py:188} INFO - [2025-06-27T01:09:01.416+0000] {serialized_dag.py:166} DEBUG - Checking if DAG (example_sla_dag) changed
[2025-06-27T01:09:01.434+0000] {logging_mixin.py:188} INFO - [2025-06-27T01:09:01.433+0000] {serialized_dag.py:177} DEBUG - Serialized DAG (example_sla_dag) is unchanged. Skipping writing to DB
[2025-06-27T01:09:01.435+0000] {logging_mixin.py:188} INFO - [2025-06-27T01:09:01.435+0000] {dag.py:3096} INFO - Sync 1 DAGs
[2025-06-27T01:09:01.475+0000] {logging_mixin.py:188} INFO - [2025-06-27T01:09:01.475+0000] {dag.py:3954} INFO - Setting next_dagrun for example_sla_dag to 2025-06-27 01:06:00+00:00, run_after=2025-06-27 01:08:00+00:00
[2025-06-27T01:09:01.506+0000] {processor.py:183} INFO - Processing /home/airflow/.local/lib/python3.10/site-packages/airflow/example_dags/example_sla_dag.py took 0.152 seconds
[2025-06-27T01:09:31.742+0000] {logging_mixin.py:188} INFO - [2025-06-27T01:09:31.741+0000] {settings.py:250} DEBUG - Setting up DB connection pool (PID 19401)
[2025-06-27T01:09:31.744+0000] {logging_mixin.py:188} INFO - [2025-06-27T01:09:31.743+0000] {settings.py:330} DEBUG - settings.prepare_engine_args(): Using pool settings. pool_size=5, max_overflow=10, pool_recycle=1800, pid=19401
[2025-06-27T01:09:31.756+0000] {processor.py:161} INFO - Started process (PID=19401) to work on /home/airflow/.local/lib/python3.10/site-packages/airflow/example_dags/example_sla_dag.py
[2025-06-27T01:09:31.757+0000] {processor.py:830} INFO - Processing file /home/airflow/.local/lib/python3.10/site-packages/airflow/example_dags/example_sla_dag.py for tasks to queue
[2025-06-27T01:09:31.758+0000] {logging_mixin.py:188} INFO - [2025-06-27T01:09:31.758+0000] {dagbag.py:545} INFO - Filling up the DagBag from /home/airflow/.local/lib/python3.10/site-packages/airflow/example_dags/example_sla_dag.py
[2025-06-27T01:09:31.761+0000] {logging_mixin.py:188} INFO - [2025-06-27T01:09:31.760+0000] {dagbag.py:337} DEBUG - Importing /home/airflow/.local/lib/python3.10/site-packages/airflow/example_dags/example_sla_dag.py
[2025-06-27T01:09:31.767+0000] {logging_mixin.py:188} INFO - [2025-06-27T01:09:31.767+0000] {GetText.py:65} DEBUG - /home/airflow/.local/lib/python3.10/site-packages/cron_descriptor/locale/en_US.mo Loaded
[2025-06-27T01:09:31.778+0000] {logging_mixin.py:188} INFO - [2025-06-27T01:09:31.776+0000] {dagbag.py:511} DEBUG - Loaded DAG <DAG: example_sla_dag>
[2025-06-27T01:09:31.779+0000] {processor.py:840} INFO - DAG(s) 'example_sla_dag' retrieved from /home/airflow/.local/lib/python3.10/site-packages/airflow/example_dags/example_sla_dag.py
[2025-06-27T01:09:31.782+0000] {logging_mixin.py:188} INFO - [2025-06-27T01:09:31.782+0000] {dagbag.py:667} DEBUG - Running dagbag.sync_to_db with retries. Try 1 of 3
[2025-06-27T01:09:31.784+0000] {logging_mixin.py:188} INFO - [2025-06-27T01:09:31.783+0000] {dagbag.py:672} DEBUG - Calling the DAG.bulk_sync_to_db method
[2025-06-27T01:09:31.813+0000] {logging_mixin.py:188} INFO - [2025-06-27T01:09:31.812+0000] {serialized_dag.py:166} DEBUG - Checking if DAG (example_sla_dag) changed
[2025-06-27T01:09:31.828+0000] {logging_mixin.py:188} INFO - [2025-06-27T01:09:31.828+0000] {serialized_dag.py:177} DEBUG - Serialized DAG (example_sla_dag) is unchanged. Skipping writing to DB
[2025-06-27T01:09:31.829+0000] {logging_mixin.py:188} INFO - [2025-06-27T01:09:31.829+0000] {dag.py:3096} INFO - Sync 1 DAGs
[2025-06-27T01:09:31.867+0000] {logging_mixin.py:188} INFO - [2025-06-27T01:09:31.867+0000] {dag.py:3954} INFO - Setting next_dagrun for example_sla_dag to 2025-06-27 01:06:00+00:00, run_after=2025-06-27 01:08:00+00:00
[2025-06-27T01:09:31.897+0000] {processor.py:183} INFO - Processing /home/airflow/.local/lib/python3.10/site-packages/airflow/example_dags/example_sla_dag.py took 0.156 seconds
[2025-06-27T01:10:02.061+0000] {logging_mixin.py:188} INFO - [2025-06-27T01:10:02.059+0000] {settings.py:250} DEBUG - Setting up DB connection pool (PID 19464)
[2025-06-27T01:10:02.063+0000] {logging_mixin.py:188} INFO - [2025-06-27T01:10:02.062+0000] {settings.py:330} DEBUG - settings.prepare_engine_args(): Using pool settings. pool_size=5, max_overflow=10, pool_recycle=1800, pid=19464
[2025-06-27T01:10:02.074+0000] {processor.py:161} INFO - Started process (PID=19464) to work on /home/airflow/.local/lib/python3.10/site-packages/airflow/example_dags/example_sla_dag.py
[2025-06-27T01:10:02.076+0000] {processor.py:830} INFO - Processing file /home/airflow/.local/lib/python3.10/site-packages/airflow/example_dags/example_sla_dag.py for tasks to queue
[2025-06-27T01:10:02.077+0000] {logging_mixin.py:188} INFO - [2025-06-27T01:10:02.077+0000] {dagbag.py:545} INFO - Filling up the DagBag from /home/airflow/.local/lib/python3.10/site-packages/airflow/example_dags/example_sla_dag.py
[2025-06-27T01:10:02.079+0000] {logging_mixin.py:188} INFO - [2025-06-27T01:10:02.079+0000] {dagbag.py:337} DEBUG - Importing /home/airflow/.local/lib/python3.10/site-packages/airflow/example_dags/example_sla_dag.py
[2025-06-27T01:10:02.084+0000] {logging_mixin.py:188} INFO - [2025-06-27T01:10:02.084+0000] {GetText.py:65} DEBUG - /home/airflow/.local/lib/python3.10/site-packages/cron_descriptor/locale/en_US.mo Loaded
[2025-06-27T01:10:02.095+0000] {logging_mixin.py:188} INFO - [2025-06-27T01:10:02.093+0000] {dagbag.py:511} DEBUG - Loaded DAG <DAG: example_sla_dag>
[2025-06-27T01:10:02.096+0000] {processor.py:840} INFO - DAG(s) 'example_sla_dag' retrieved from /home/airflow/.local/lib/python3.10/site-packages/airflow/example_dags/example_sla_dag.py
[2025-06-27T01:10:02.098+0000] {logging_mixin.py:188} INFO - [2025-06-27T01:10:02.098+0000] {dagbag.py:667} DEBUG - Running dagbag.sync_to_db with retries. Try 1 of 3
[2025-06-27T01:10:02.099+0000] {logging_mixin.py:188} INFO - [2025-06-27T01:10:02.099+0000] {dagbag.py:672} DEBUG - Calling the DAG.bulk_sync_to_db method
[2025-06-27T01:10:02.118+0000] {logging_mixin.py:188} INFO - [2025-06-27T01:10:02.118+0000] {serialized_dag.py:166} DEBUG - Checking if DAG (example_sla_dag) changed
[2025-06-27T01:10:02.129+0000] {logging_mixin.py:188} INFO - [2025-06-27T01:10:02.129+0000] {serialized_dag.py:177} DEBUG - Serialized DAG (example_sla_dag) is unchanged. Skipping writing to DB
[2025-06-27T01:10:02.130+0000] {logging_mixin.py:188} INFO - [2025-06-27T01:10:02.130+0000] {dag.py:3096} INFO - Sync 1 DAGs
[2025-06-27T01:10:02.159+0000] {logging_mixin.py:188} INFO - [2025-06-27T01:10:02.159+0000] {dag.py:3954} INFO - Setting next_dagrun for example_sla_dag to 2025-06-27 01:08:00+00:00, run_after=2025-06-27 01:10:00+00:00
[2025-06-27T01:10:02.185+0000] {processor.py:183} INFO - Processing /home/airflow/.local/lib/python3.10/site-packages/airflow/example_dags/example_sla_dag.py took 0.125 seconds
[2025-06-27T01:10:32.291+0000] {logging_mixin.py:188} INFO - [2025-06-27T01:10:32.290+0000] {settings.py:250} DEBUG - Setting up DB connection pool (PID 19526)
[2025-06-27T01:10:32.293+0000] {logging_mixin.py:188} INFO - [2025-06-27T01:10:32.292+0000] {settings.py:330} DEBUG - settings.prepare_engine_args(): Using pool settings. pool_size=5, max_overflow=10, pool_recycle=1800, pid=19526
[2025-06-27T01:10:32.304+0000] {processor.py:161} INFO - Started process (PID=19526) to work on /home/airflow/.local/lib/python3.10/site-packages/airflow/example_dags/example_sla_dag.py
[2025-06-27T01:10:32.305+0000] {processor.py:830} INFO - Processing file /home/airflow/.local/lib/python3.10/site-packages/airflow/example_dags/example_sla_dag.py for tasks to queue
[2025-06-27T01:10:32.307+0000] {logging_mixin.py:188} INFO - [2025-06-27T01:10:32.307+0000] {dagbag.py:545} INFO - Filling up the DagBag from /home/airflow/.local/lib/python3.10/site-packages/airflow/example_dags/example_sla_dag.py
[2025-06-27T01:10:32.310+0000] {logging_mixin.py:188} INFO - [2025-06-27T01:10:32.310+0000] {dagbag.py:337} DEBUG - Importing /home/airflow/.local/lib/python3.10/site-packages/airflow/example_dags/example_sla_dag.py
[2025-06-27T01:10:32.317+0000] {logging_mixin.py:188} INFO - [2025-06-27T01:10:32.317+0000] {GetText.py:65} DEBUG - /home/airflow/.local/lib/python3.10/site-packages/cron_descriptor/locale/en_US.mo Loaded
[2025-06-27T01:10:32.329+0000] {logging_mixin.py:188} INFO - [2025-06-27T01:10:32.326+0000] {dagbag.py:511} DEBUG - Loaded DAG <DAG: example_sla_dag>
[2025-06-27T01:10:32.330+0000] {processor.py:840} INFO - DAG(s) 'example_sla_dag' retrieved from /home/airflow/.local/lib/python3.10/site-packages/airflow/example_dags/example_sla_dag.py
[2025-06-27T01:10:32.332+0000] {logging_mixin.py:188} INFO - [2025-06-27T01:10:32.332+0000] {dagbag.py:667} DEBUG - Running dagbag.sync_to_db with retries. Try 1 of 3
[2025-06-27T01:10:32.333+0000] {logging_mixin.py:188} INFO - [2025-06-27T01:10:32.333+0000] {dagbag.py:672} DEBUG - Calling the DAG.bulk_sync_to_db method
[2025-06-27T01:10:32.357+0000] {logging_mixin.py:188} INFO - [2025-06-27T01:10:32.356+0000] {serialized_dag.py:166} DEBUG - Checking if DAG (example_sla_dag) changed
[2025-06-27T01:10:32.371+0000] {logging_mixin.py:188} INFO - [2025-06-27T01:10:32.370+0000] {serialized_dag.py:177} DEBUG - Serialized DAG (example_sla_dag) is unchanged. Skipping writing to DB
[2025-06-27T01:10:32.372+0000] {logging_mixin.py:188} INFO - [2025-06-27T01:10:32.372+0000] {dag.py:3096} INFO - Sync 1 DAGs
[2025-06-27T01:10:32.414+0000] {logging_mixin.py:188} INFO - [2025-06-27T01:10:32.414+0000] {dag.py:3954} INFO - Setting next_dagrun for example_sla_dag to 2025-06-27 01:08:00+00:00, run_after=2025-06-27 01:10:00+00:00
[2025-06-27T01:10:32.453+0000] {processor.py:183} INFO - Processing /home/airflow/.local/lib/python3.10/site-packages/airflow/example_dags/example_sla_dag.py took 0.163 seconds
[2025-06-27T01:11:03.035+0000] {logging_mixin.py:188} INFO - [2025-06-27T01:11:03.034+0000] {settings.py:250} DEBUG - Setting up DB connection pool (PID 19590)
[2025-06-27T01:11:03.037+0000] {logging_mixin.py:188} INFO - [2025-06-27T01:11:03.037+0000] {settings.py:330} DEBUG - settings.prepare_engine_args(): Using pool settings. pool_size=5, max_overflow=10, pool_recycle=1800, pid=19590
[2025-06-27T01:11:03.050+0000] {processor.py:161} INFO - Started process (PID=19590) to work on /home/airflow/.local/lib/python3.10/site-packages/airflow/example_dags/example_sla_dag.py
[2025-06-27T01:11:03.052+0000] {processor.py:830} INFO - Processing file /home/airflow/.local/lib/python3.10/site-packages/airflow/example_dags/example_sla_dag.py for tasks to queue
[2025-06-27T01:11:03.054+0000] {logging_mixin.py:188} INFO - [2025-06-27T01:11:03.053+0000] {dagbag.py:545} INFO - Filling up the DagBag from /home/airflow/.local/lib/python3.10/site-packages/airflow/example_dags/example_sla_dag.py
[2025-06-27T01:11:03.058+0000] {logging_mixin.py:188} INFO - [2025-06-27T01:11:03.057+0000] {dagbag.py:337} DEBUG - Importing /home/airflow/.local/lib/python3.10/site-packages/airflow/example_dags/example_sla_dag.py
[2025-06-27T01:11:03.065+0000] {logging_mixin.py:188} INFO - [2025-06-27T01:11:03.065+0000] {GetText.py:65} DEBUG - /home/airflow/.local/lib/python3.10/site-packages/cron_descriptor/locale/en_US.mo Loaded
[2025-06-27T01:11:03.075+0000] {logging_mixin.py:188} INFO - [2025-06-27T01:11:03.073+0000] {dagbag.py:511} DEBUG - Loaded DAG <DAG: example_sla_dag>
[2025-06-27T01:11:03.076+0000] {processor.py:840} INFO - DAG(s) 'example_sla_dag' retrieved from /home/airflow/.local/lib/python3.10/site-packages/airflow/example_dags/example_sla_dag.py
[2025-06-27T01:11:03.078+0000] {logging_mixin.py:188} INFO - [2025-06-27T01:11:03.078+0000] {dagbag.py:667} DEBUG - Running dagbag.sync_to_db with retries. Try 1 of 3
[2025-06-27T01:11:03.080+0000] {logging_mixin.py:188} INFO - [2025-06-27T01:11:03.079+0000] {dagbag.py:672} DEBUG - Calling the DAG.bulk_sync_to_db method
[2025-06-27T01:11:03.103+0000] {logging_mixin.py:188} INFO - [2025-06-27T01:11:03.103+0000] {serialized_dag.py:166} DEBUG - Checking if DAG (example_sla_dag) changed
[2025-06-27T01:11:03.114+0000] {logging_mixin.py:188} INFO - [2025-06-27T01:11:03.114+0000] {serialized_dag.py:177} DEBUG - Serialized DAG (example_sla_dag) is unchanged. Skipping writing to DB
[2025-06-27T01:11:03.115+0000] {logging_mixin.py:188} INFO - [2025-06-27T01:11:03.115+0000] {dag.py:3096} INFO - Sync 1 DAGs
[2025-06-27T01:11:03.149+0000] {logging_mixin.py:188} INFO - [2025-06-27T01:11:03.149+0000] {dag.py:3954} INFO - Setting next_dagrun for example_sla_dag to 2025-06-27 01:08:00+00:00, run_after=2025-06-27 01:10:00+00:00
[2025-06-27T01:11:03.189+0000] {processor.py:183} INFO - Processing /home/airflow/.local/lib/python3.10/site-packages/airflow/example_dags/example_sla_dag.py took 0.155 seconds
[2025-06-27T01:11:34.678+0000] {logging_mixin.py:188} INFO - [2025-06-27T01:11:34.676+0000] {settings.py:250} DEBUG - Setting up DB connection pool (PID 19654)
[2025-06-27T01:11:34.680+0000] {logging_mixin.py:188} INFO - [2025-06-27T01:11:34.680+0000] {settings.py:330} DEBUG - settings.prepare_engine_args(): Using pool settings. pool_size=5, max_overflow=10, pool_recycle=1800, pid=19654
[2025-06-27T01:11:34.692+0000] {processor.py:161} INFO - Started process (PID=19654) to work on /home/airflow/.local/lib/python3.10/site-packages/airflow/example_dags/example_sla_dag.py
[2025-06-27T01:11:34.694+0000] {processor.py:830} INFO - Processing file /home/airflow/.local/lib/python3.10/site-packages/airflow/example_dags/example_sla_dag.py for tasks to queue
[2025-06-27T01:11:34.696+0000] {logging_mixin.py:188} INFO - [2025-06-27T01:11:34.695+0000] {dagbag.py:545} INFO - Filling up the DagBag from /home/airflow/.local/lib/python3.10/site-packages/airflow/example_dags/example_sla_dag.py
[2025-06-27T01:11:34.698+0000] {logging_mixin.py:188} INFO - [2025-06-27T01:11:34.698+0000] {dagbag.py:337} DEBUG - Importing /home/airflow/.local/lib/python3.10/site-packages/airflow/example_dags/example_sla_dag.py
[2025-06-27T01:11:34.704+0000] {logging_mixin.py:188} INFO - [2025-06-27T01:11:34.704+0000] {GetText.py:65} DEBUG - /home/airflow/.local/lib/python3.10/site-packages/cron_descriptor/locale/en_US.mo Loaded
[2025-06-27T01:11:34.715+0000] {logging_mixin.py:188} INFO - [2025-06-27T01:11:34.712+0000] {dagbag.py:511} DEBUG - Loaded DAG <DAG: example_sla_dag>
[2025-06-27T01:11:34.715+0000] {processor.py:840} INFO - DAG(s) 'example_sla_dag' retrieved from /home/airflow/.local/lib/python3.10/site-packages/airflow/example_dags/example_sla_dag.py
[2025-06-27T01:11:34.718+0000] {logging_mixin.py:188} INFO - [2025-06-27T01:11:34.718+0000] {dagbag.py:667} DEBUG - Running dagbag.sync_to_db with retries. Try 1 of 3
[2025-06-27T01:11:34.719+0000] {logging_mixin.py:188} INFO - [2025-06-27T01:11:34.719+0000] {dagbag.py:672} DEBUG - Calling the DAG.bulk_sync_to_db method
[2025-06-27T01:11:34.744+0000] {logging_mixin.py:188} INFO - [2025-06-27T01:11:34.743+0000] {serialized_dag.py:166} DEBUG - Checking if DAG (example_sla_dag) changed
[2025-06-27T01:11:34.757+0000] {logging_mixin.py:188} INFO - [2025-06-27T01:11:34.757+0000] {serialized_dag.py:177} DEBUG - Serialized DAG (example_sla_dag) is unchanged. Skipping writing to DB
[2025-06-27T01:11:34.758+0000] {logging_mixin.py:188} INFO - [2025-06-27T01:11:34.758+0000] {dag.py:3096} INFO - Sync 1 DAGs
[2025-06-27T01:11:34.796+0000] {logging_mixin.py:188} INFO - [2025-06-27T01:11:34.795+0000] {dag.py:3954} INFO - Setting next_dagrun for example_sla_dag to 2025-06-27 01:08:00+00:00, run_after=2025-06-27 01:10:00+00:00
[2025-06-27T01:11:34.836+0000] {processor.py:183} INFO - Processing /home/airflow/.local/lib/python3.10/site-packages/airflow/example_dags/example_sla_dag.py took 0.160 seconds
[2025-06-27T01:12:05.109+0000] {logging_mixin.py:188} INFO - [2025-06-27T01:12:05.108+0000] {settings.py:250} DEBUG - Setting up DB connection pool (PID 19716)
[2025-06-27T01:12:05.111+0000] {logging_mixin.py:188} INFO - [2025-06-27T01:12:05.111+0000] {settings.py:330} DEBUG - settings.prepare_engine_args(): Using pool settings. pool_size=5, max_overflow=10, pool_recycle=1800, pid=19716
[2025-06-27T01:12:05.123+0000] {processor.py:161} INFO - Started process (PID=19716) to work on /home/airflow/.local/lib/python3.10/site-packages/airflow/example_dags/example_sla_dag.py
[2025-06-27T01:12:05.125+0000] {processor.py:830} INFO - Processing file /home/airflow/.local/lib/python3.10/site-packages/airflow/example_dags/example_sla_dag.py for tasks to queue
[2025-06-27T01:12:05.127+0000] {logging_mixin.py:188} INFO - [2025-06-27T01:12:05.126+0000] {dagbag.py:545} INFO - Filling up the DagBag from /home/airflow/.local/lib/python3.10/site-packages/airflow/example_dags/example_sla_dag.py
[2025-06-27T01:12:05.130+0000] {logging_mixin.py:188} INFO - [2025-06-27T01:12:05.129+0000] {dagbag.py:337} DEBUG - Importing /home/airflow/.local/lib/python3.10/site-packages/airflow/example_dags/example_sla_dag.py
[2025-06-27T01:12:05.136+0000] {logging_mixin.py:188} INFO - [2025-06-27T01:12:05.136+0000] {GetText.py:65} DEBUG - /home/airflow/.local/lib/python3.10/site-packages/cron_descriptor/locale/en_US.mo Loaded
[2025-06-27T01:12:05.149+0000] {logging_mixin.py:188} INFO - [2025-06-27T01:12:05.147+0000] {dagbag.py:511} DEBUG - Loaded DAG <DAG: example_sla_dag>
[2025-06-27T01:12:05.150+0000] {processor.py:840} INFO - DAG(s) 'example_sla_dag' retrieved from /home/airflow/.local/lib/python3.10/site-packages/airflow/example_dags/example_sla_dag.py
[2025-06-27T01:12:05.153+0000] {logging_mixin.py:188} INFO - [2025-06-27T01:12:05.153+0000] {dagbag.py:667} DEBUG - Running dagbag.sync_to_db with retries. Try 1 of 3
[2025-06-27T01:12:05.154+0000] {logging_mixin.py:188} INFO - [2025-06-27T01:12:05.154+0000] {dagbag.py:672} DEBUG - Calling the DAG.bulk_sync_to_db method
[2025-06-27T01:12:05.177+0000] {logging_mixin.py:188} INFO - [2025-06-27T01:12:05.176+0000] {serialized_dag.py:166} DEBUG - Checking if DAG (example_sla_dag) changed
[2025-06-27T01:12:05.193+0000] {logging_mixin.py:188} INFO - [2025-06-27T01:12:05.192+0000] {serialized_dag.py:177} DEBUG - Serialized DAG (example_sla_dag) is unchanged. Skipping writing to DB
[2025-06-27T01:12:05.194+0000] {logging_mixin.py:188} INFO - [2025-06-27T01:12:05.194+0000] {dag.py:3096} INFO - Sync 1 DAGs
[2025-06-27T01:12:05.234+0000] {logging_mixin.py:188} INFO - [2025-06-27T01:12:05.233+0000] {dag.py:3954} INFO - Setting next_dagrun for example_sla_dag to 2025-06-27 01:10:00+00:00, run_after=2025-06-27 01:12:00+00:00
[2025-06-27T01:12:05.267+0000] {processor.py:183} INFO - Processing /home/airflow/.local/lib/python3.10/site-packages/airflow/example_dags/example_sla_dag.py took 0.160 seconds
[2025-06-27T01:12:35.406+0000] {logging_mixin.py:188} INFO - [2025-06-27T01:12:35.405+0000] {settings.py:250} DEBUG - Setting up DB connection pool (PID 19779)
[2025-06-27T01:12:35.410+0000] {logging_mixin.py:188} INFO - [2025-06-27T01:12:35.409+0000] {settings.py:330} DEBUG - settings.prepare_engine_args(): Using pool settings. pool_size=5, max_overflow=10, pool_recycle=1800, pid=19779
[2025-06-27T01:12:35.421+0000] {processor.py:161} INFO - Started process (PID=19779) to work on /home/airflow/.local/lib/python3.10/site-packages/airflow/example_dags/example_sla_dag.py
[2025-06-27T01:12:35.423+0000] {processor.py:830} INFO - Processing file /home/airflow/.local/lib/python3.10/site-packages/airflow/example_dags/example_sla_dag.py for tasks to queue
[2025-06-27T01:12:35.424+0000] {logging_mixin.py:188} INFO - [2025-06-27T01:12:35.424+0000] {dagbag.py:545} INFO - Filling up the DagBag from /home/airflow/.local/lib/python3.10/site-packages/airflow/example_dags/example_sla_dag.py
[2025-06-27T01:12:35.427+0000] {logging_mixin.py:188} INFO - [2025-06-27T01:12:35.426+0000] {dagbag.py:337} DEBUG - Importing /home/airflow/.local/lib/python3.10/site-packages/airflow/example_dags/example_sla_dag.py
[2025-06-27T01:12:35.433+0000] {logging_mixin.py:188} INFO - [2025-06-27T01:12:35.433+0000] {GetText.py:65} DEBUG - /home/airflow/.local/lib/python3.10/site-packages/cron_descriptor/locale/en_US.mo Loaded
[2025-06-27T01:12:35.444+0000] {logging_mixin.py:188} INFO - [2025-06-27T01:12:35.442+0000] {dagbag.py:511} DEBUG - Loaded DAG <DAG: example_sla_dag>
[2025-06-27T01:12:35.445+0000] {processor.py:840} INFO - DAG(s) 'example_sla_dag' retrieved from /home/airflow/.local/lib/python3.10/site-packages/airflow/example_dags/example_sla_dag.py
[2025-06-27T01:12:35.448+0000] {logging_mixin.py:188} INFO - [2025-06-27T01:12:35.447+0000] {dagbag.py:667} DEBUG - Running dagbag.sync_to_db with retries. Try 1 of 3
[2025-06-27T01:12:35.449+0000] {logging_mixin.py:188} INFO - [2025-06-27T01:12:35.449+0000] {dagbag.py:672} DEBUG - Calling the DAG.bulk_sync_to_db method
[2025-06-27T01:12:35.475+0000] {logging_mixin.py:188} INFO - [2025-06-27T01:12:35.475+0000] {serialized_dag.py:166} DEBUG - Checking if DAG (example_sla_dag) changed
[2025-06-27T01:12:35.492+0000] {logging_mixin.py:188} INFO - [2025-06-27T01:12:35.491+0000] {serialized_dag.py:177} DEBUG - Serialized DAG (example_sla_dag) is unchanged. Skipping writing to DB
[2025-06-27T01:12:35.493+0000] {logging_mixin.py:188} INFO - [2025-06-27T01:12:35.492+0000] {dag.py:3096} INFO - Sync 1 DAGs
[2025-06-27T01:12:35.530+0000] {logging_mixin.py:188} INFO - [2025-06-27T01:12:35.530+0000] {dag.py:3954} INFO - Setting next_dagrun for example_sla_dag to 2025-06-27 01:10:00+00:00, run_after=2025-06-27 01:12:00+00:00
[2025-06-27T01:12:35.560+0000] {processor.py:183} INFO - Processing /home/airflow/.local/lib/python3.10/site-packages/airflow/example_dags/example_sla_dag.py took 0.155 seconds
[2025-06-27T01:13:05.870+0000] {logging_mixin.py:188} INFO - [2025-06-27T01:13:05.868+0000] {settings.py:250} DEBUG - Setting up DB connection pool (PID 19843)
[2025-06-27T01:13:05.872+0000] {logging_mixin.py:188} INFO - [2025-06-27T01:13:05.872+0000] {settings.py:330} DEBUG - settings.prepare_engine_args(): Using pool settings. pool_size=5, max_overflow=10, pool_recycle=1800, pid=19843
[2025-06-27T01:13:05.884+0000] {processor.py:161} INFO - Started process (PID=19843) to work on /home/airflow/.local/lib/python3.10/site-packages/airflow/example_dags/example_sla_dag.py
[2025-06-27T01:13:05.885+0000] {processor.py:830} INFO - Processing file /home/airflow/.local/lib/python3.10/site-packages/airflow/example_dags/example_sla_dag.py for tasks to queue
[2025-06-27T01:13:05.887+0000] {logging_mixin.py:188} INFO - [2025-06-27T01:13:05.887+0000] {dagbag.py:545} INFO - Filling up the DagBag from /home/airflow/.local/lib/python3.10/site-packages/airflow/example_dags/example_sla_dag.py
[2025-06-27T01:13:05.890+0000] {logging_mixin.py:188} INFO - [2025-06-27T01:13:05.889+0000] {dagbag.py:337} DEBUG - Importing /home/airflow/.local/lib/python3.10/site-packages/airflow/example_dags/example_sla_dag.py
[2025-06-27T01:13:05.895+0000] {logging_mixin.py:188} INFO - [2025-06-27T01:13:05.895+0000] {GetText.py:65} DEBUG - /home/airflow/.local/lib/python3.10/site-packages/cron_descriptor/locale/en_US.mo Loaded
[2025-06-27T01:13:05.907+0000] {logging_mixin.py:188} INFO - [2025-06-27T01:13:05.905+0000] {dagbag.py:511} DEBUG - Loaded DAG <DAG: example_sla_dag>
[2025-06-27T01:13:05.908+0000] {processor.py:840} INFO - DAG(s) 'example_sla_dag' retrieved from /home/airflow/.local/lib/python3.10/site-packages/airflow/example_dags/example_sla_dag.py
[2025-06-27T01:13:05.910+0000] {logging_mixin.py:188} INFO - [2025-06-27T01:13:05.910+0000] {dagbag.py:667} DEBUG - Running dagbag.sync_to_db with retries. Try 1 of 3
[2025-06-27T01:13:05.911+0000] {logging_mixin.py:188} INFO - [2025-06-27T01:13:05.911+0000] {dagbag.py:672} DEBUG - Calling the DAG.bulk_sync_to_db method
[2025-06-27T01:13:05.937+0000] {logging_mixin.py:188} INFO - [2025-06-27T01:13:05.936+0000] {serialized_dag.py:166} DEBUG - Checking if DAG (example_sla_dag) changed
[2025-06-27T01:13:05.951+0000] {logging_mixin.py:188} INFO - [2025-06-27T01:13:05.951+0000] {serialized_dag.py:177} DEBUG - Serialized DAG (example_sla_dag) is unchanged. Skipping writing to DB
[2025-06-27T01:13:05.952+0000] {logging_mixin.py:188} INFO - [2025-06-27T01:13:05.952+0000] {dag.py:3096} INFO - Sync 1 DAGs
[2025-06-27T01:13:05.988+0000] {logging_mixin.py:188} INFO - [2025-06-27T01:13:05.987+0000] {dag.py:3954} INFO - Setting next_dagrun for example_sla_dag to 2025-06-27 01:10:00+00:00, run_after=2025-06-27 01:12:00+00:00
[2025-06-27T01:13:06.020+0000] {processor.py:183} INFO - Processing /home/airflow/.local/lib/python3.10/site-packages/airflow/example_dags/example_sla_dag.py took 0.152 seconds
[2025-06-27T01:13:36.408+0000] {logging_mixin.py:188} INFO - [2025-06-27T01:13:36.406+0000] {settings.py:250} DEBUG - Setting up DB connection pool (PID 19906)
[2025-06-27T01:13:36.410+0000] {logging_mixin.py:188} INFO - [2025-06-27T01:13:36.410+0000] {settings.py:330} DEBUG - settings.prepare_engine_args(): Using pool settings. pool_size=5, max_overflow=10, pool_recycle=1800, pid=19906
[2025-06-27T01:13:36.423+0000] {processor.py:161} INFO - Started process (PID=19906) to work on /home/airflow/.local/lib/python3.10/site-packages/airflow/example_dags/example_sla_dag.py
[2025-06-27T01:13:36.424+0000] {processor.py:830} INFO - Processing file /home/airflow/.local/lib/python3.10/site-packages/airflow/example_dags/example_sla_dag.py for tasks to queue
[2025-06-27T01:13:36.425+0000] {logging_mixin.py:188} INFO - [2025-06-27T01:13:36.425+0000] {dagbag.py:545} INFO - Filling up the DagBag from /home/airflow/.local/lib/python3.10/site-packages/airflow/example_dags/example_sla_dag.py
[2025-06-27T01:13:36.428+0000] {logging_mixin.py:188} INFO - [2025-06-27T01:13:36.428+0000] {dagbag.py:337} DEBUG - Importing /home/airflow/.local/lib/python3.10/site-packages/airflow/example_dags/example_sla_dag.py
[2025-06-27T01:13:36.434+0000] {logging_mixin.py:188} INFO - [2025-06-27T01:13:36.434+0000] {GetText.py:65} DEBUG - /home/airflow/.local/lib/python3.10/site-packages/cron_descriptor/locale/en_US.mo Loaded
[2025-06-27T01:13:36.445+0000] {logging_mixin.py:188} INFO - [2025-06-27T01:13:36.443+0000] {dagbag.py:511} DEBUG - Loaded DAG <DAG: example_sla_dag>
[2025-06-27T01:13:36.446+0000] {processor.py:840} INFO - DAG(s) 'example_sla_dag' retrieved from /home/airflow/.local/lib/python3.10/site-packages/airflow/example_dags/example_sla_dag.py
[2025-06-27T01:13:36.448+0000] {logging_mixin.py:188} INFO - [2025-06-27T01:13:36.448+0000] {dagbag.py:667} DEBUG - Running dagbag.sync_to_db with retries. Try 1 of 3
[2025-06-27T01:13:36.449+0000] {logging_mixin.py:188} INFO - [2025-06-27T01:13:36.448+0000] {dagbag.py:672} DEBUG - Calling the DAG.bulk_sync_to_db method
[2025-06-27T01:13:36.472+0000] {logging_mixin.py:188} INFO - [2025-06-27T01:13:36.472+0000] {serialized_dag.py:166} DEBUG - Checking if DAG (example_sla_dag) changed
[2025-06-27T01:13:36.486+0000] {logging_mixin.py:188} INFO - [2025-06-27T01:13:36.485+0000] {serialized_dag.py:177} DEBUG - Serialized DAG (example_sla_dag) is unchanged. Skipping writing to DB
[2025-06-27T01:13:36.487+0000] {logging_mixin.py:188} INFO - [2025-06-27T01:13:36.486+0000] {dag.py:3096} INFO - Sync 1 DAGs
[2025-06-27T01:13:36.517+0000] {logging_mixin.py:188} INFO - [2025-06-27T01:13:36.517+0000] {dag.py:3954} INFO - Setting next_dagrun for example_sla_dag to 2025-06-27 01:10:00+00:00, run_after=2025-06-27 01:12:00+00:00
[2025-06-27T01:13:36.542+0000] {processor.py:183} INFO - Processing /home/airflow/.local/lib/python3.10/site-packages/airflow/example_dags/example_sla_dag.py took 0.136 seconds
[2025-06-27T01:14:07.220+0000] {logging_mixin.py:188} INFO - [2025-06-27T01:14:07.219+0000] {settings.py:250} DEBUG - Setting up DB connection pool (PID 19969)
[2025-06-27T01:14:07.222+0000] {logging_mixin.py:188} INFO - [2025-06-27T01:14:07.222+0000] {settings.py:330} DEBUG - settings.prepare_engine_args(): Using pool settings. pool_size=5, max_overflow=10, pool_recycle=1800, pid=19969
[2025-06-27T01:14:07.234+0000] {processor.py:161} INFO - Started process (PID=19969) to work on /home/airflow/.local/lib/python3.10/site-packages/airflow/example_dags/example_sla_dag.py
[2025-06-27T01:14:07.235+0000] {processor.py:830} INFO - Processing file /home/airflow/.local/lib/python3.10/site-packages/airflow/example_dags/example_sla_dag.py for tasks to queue
[2025-06-27T01:14:07.237+0000] {logging_mixin.py:188} INFO - [2025-06-27T01:14:07.237+0000] {dagbag.py:545} INFO - Filling up the DagBag from /home/airflow/.local/lib/python3.10/site-packages/airflow/example_dags/example_sla_dag.py
[2025-06-27T01:14:07.240+0000] {logging_mixin.py:188} INFO - [2025-06-27T01:14:07.239+0000] {dagbag.py:337} DEBUG - Importing /home/airflow/.local/lib/python3.10/site-packages/airflow/example_dags/example_sla_dag.py
[2025-06-27T01:14:07.246+0000] {logging_mixin.py:188} INFO - [2025-06-27T01:14:07.245+0000] {GetText.py:65} DEBUG - /home/airflow/.local/lib/python3.10/site-packages/cron_descriptor/locale/en_US.mo Loaded
[2025-06-27T01:14:07.256+0000] {logging_mixin.py:188} INFO - [2025-06-27T01:14:07.254+0000] {dagbag.py:511} DEBUG - Loaded DAG <DAG: example_sla_dag>
[2025-06-27T01:14:07.257+0000] {processor.py:840} INFO - DAG(s) 'example_sla_dag' retrieved from /home/airflow/.local/lib/python3.10/site-packages/airflow/example_dags/example_sla_dag.py
[2025-06-27T01:14:07.259+0000] {logging_mixin.py:188} INFO - [2025-06-27T01:14:07.259+0000] {dagbag.py:667} DEBUG - Running dagbag.sync_to_db with retries. Try 1 of 3
[2025-06-27T01:14:07.260+0000] {logging_mixin.py:188} INFO - [2025-06-27T01:14:07.260+0000] {dagbag.py:672} DEBUG - Calling the DAG.bulk_sync_to_db method
[2025-06-27T01:14:07.281+0000] {logging_mixin.py:188} INFO - [2025-06-27T01:14:07.281+0000] {serialized_dag.py:166} DEBUG - Checking if DAG (example_sla_dag) changed
[2025-06-27T01:14:07.294+0000] {logging_mixin.py:188} INFO - [2025-06-27T01:14:07.293+0000] {serialized_dag.py:177} DEBUG - Serialized DAG (example_sla_dag) is unchanged. Skipping writing to DB
[2025-06-27T01:14:07.295+0000] {logging_mixin.py:188} INFO - [2025-06-27T01:14:07.294+0000] {dag.py:3096} INFO - Sync 1 DAGs
[2025-06-27T01:14:07.326+0000] {logging_mixin.py:188} INFO - [2025-06-27T01:14:07.326+0000] {dag.py:3954} INFO - Setting next_dagrun for example_sla_dag to 2025-06-27 01:12:00+00:00, run_after=2025-06-27 01:14:00+00:00
[2025-06-27T01:14:07.359+0000] {processor.py:183} INFO - Processing /home/airflow/.local/lib/python3.10/site-packages/airflow/example_dags/example_sla_dag.py took 0.140 seconds
[2025-06-27T01:14:37.607+0000] {logging_mixin.py:188} INFO - [2025-06-27T01:14:37.606+0000] {settings.py:250} DEBUG - Setting up DB connection pool (PID 20032)
[2025-06-27T01:14:37.609+0000] {logging_mixin.py:188} INFO - [2025-06-27T01:14:37.609+0000] {settings.py:330} DEBUG - settings.prepare_engine_args(): Using pool settings. pool_size=5, max_overflow=10, pool_recycle=1800, pid=20032
[2025-06-27T01:14:37.621+0000] {processor.py:161} INFO - Started process (PID=20032) to work on /home/airflow/.local/lib/python3.10/site-packages/airflow/example_dags/example_sla_dag.py
[2025-06-27T01:14:37.623+0000] {processor.py:830} INFO - Processing file /home/airflow/.local/lib/python3.10/site-packages/airflow/example_dags/example_sla_dag.py for tasks to queue
[2025-06-27T01:14:37.624+0000] {logging_mixin.py:188} INFO - [2025-06-27T01:14:37.624+0000] {dagbag.py:545} INFO - Filling up the DagBag from /home/airflow/.local/lib/python3.10/site-packages/airflow/example_dags/example_sla_dag.py
[2025-06-27T01:14:37.628+0000] {logging_mixin.py:188} INFO - [2025-06-27T01:14:37.628+0000] {dagbag.py:337} DEBUG - Importing /home/airflow/.local/lib/python3.10/site-packages/airflow/example_dags/example_sla_dag.py
[2025-06-27T01:14:37.635+0000] {logging_mixin.py:188} INFO - [2025-06-27T01:14:37.635+0000] {GetText.py:65} DEBUG - /home/airflow/.local/lib/python3.10/site-packages/cron_descriptor/locale/en_US.mo Loaded
[2025-06-27T01:14:37.647+0000] {logging_mixin.py:188} INFO - [2025-06-27T01:14:37.645+0000] {dagbag.py:511} DEBUG - Loaded DAG <DAG: example_sla_dag>
[2025-06-27T01:14:37.648+0000] {processor.py:840} INFO - DAG(s) 'example_sla_dag' retrieved from /home/airflow/.local/lib/python3.10/site-packages/airflow/example_dags/example_sla_dag.py
[2025-06-27T01:14:37.650+0000] {logging_mixin.py:188} INFO - [2025-06-27T01:14:37.650+0000] {dagbag.py:667} DEBUG - Running dagbag.sync_to_db with retries. Try 1 of 3
[2025-06-27T01:14:37.652+0000] {logging_mixin.py:188} INFO - [2025-06-27T01:14:37.652+0000] {dagbag.py:672} DEBUG - Calling the DAG.bulk_sync_to_db method
[2025-06-27T01:14:37.673+0000] {logging_mixin.py:188} INFO - [2025-06-27T01:14:37.672+0000] {serialized_dag.py:166} DEBUG - Checking if DAG (example_sla_dag) changed
[2025-06-27T01:14:37.685+0000] {logging_mixin.py:188} INFO - [2025-06-27T01:14:37.685+0000] {serialized_dag.py:177} DEBUG - Serialized DAG (example_sla_dag) is unchanged. Skipping writing to DB
[2025-06-27T01:14:37.686+0000] {logging_mixin.py:188} INFO - [2025-06-27T01:14:37.686+0000] {dag.py:3096} INFO - Sync 1 DAGs
[2025-06-27T01:14:37.720+0000] {logging_mixin.py:188} INFO - [2025-06-27T01:14:37.720+0000] {dag.py:3954} INFO - Setting next_dagrun for example_sla_dag to 2025-06-27 01:12:00+00:00, run_after=2025-06-27 01:14:00+00:00
[2025-06-27T01:14:37.747+0000] {processor.py:183} INFO - Processing /home/airflow/.local/lib/python3.10/site-packages/airflow/example_dags/example_sla_dag.py took 0.141 seconds
[2025-06-27T01:15:08.766+0000] {logging_mixin.py:188} INFO - [2025-06-27T01:15:08.765+0000] {settings.py:250} DEBUG - Setting up DB connection pool (PID 20095)
[2025-06-27T01:15:08.768+0000] {logging_mixin.py:188} INFO - [2025-06-27T01:15:08.768+0000] {settings.py:330} DEBUG - settings.prepare_engine_args(): Using pool settings. pool_size=5, max_overflow=10, pool_recycle=1800, pid=20095
[2025-06-27T01:15:08.782+0000] {processor.py:161} INFO - Started process (PID=20095) to work on /home/airflow/.local/lib/python3.10/site-packages/airflow/example_dags/example_sla_dag.py
[2025-06-27T01:15:08.783+0000] {processor.py:830} INFO - Processing file /home/airflow/.local/lib/python3.10/site-packages/airflow/example_dags/example_sla_dag.py for tasks to queue
[2025-06-27T01:15:08.785+0000] {logging_mixin.py:188} INFO - [2025-06-27T01:15:08.785+0000] {dagbag.py:545} INFO - Filling up the DagBag from /home/airflow/.local/lib/python3.10/site-packages/airflow/example_dags/example_sla_dag.py
[2025-06-27T01:15:08.787+0000] {logging_mixin.py:188} INFO - [2025-06-27T01:15:08.787+0000] {dagbag.py:337} DEBUG - Importing /home/airflow/.local/lib/python3.10/site-packages/airflow/example_dags/example_sla_dag.py
[2025-06-27T01:15:08.794+0000] {logging_mixin.py:188} INFO - [2025-06-27T01:15:08.793+0000] {GetText.py:65} DEBUG - /home/airflow/.local/lib/python3.10/site-packages/cron_descriptor/locale/en_US.mo Loaded
[2025-06-27T01:15:08.805+0000] {logging_mixin.py:188} INFO - [2025-06-27T01:15:08.803+0000] {dagbag.py:511} DEBUG - Loaded DAG <DAG: example_sla_dag>
[2025-06-27T01:15:08.805+0000] {processor.py:840} INFO - DAG(s) 'example_sla_dag' retrieved from /home/airflow/.local/lib/python3.10/site-packages/airflow/example_dags/example_sla_dag.py
[2025-06-27T01:15:08.808+0000] {logging_mixin.py:188} INFO - [2025-06-27T01:15:08.808+0000] {dagbag.py:667} DEBUG - Running dagbag.sync_to_db with retries. Try 1 of 3
[2025-06-27T01:15:08.809+0000] {logging_mixin.py:188} INFO - [2025-06-27T01:15:08.809+0000] {dagbag.py:672} DEBUG - Calling the DAG.bulk_sync_to_db method
[2025-06-27T01:15:08.833+0000] {logging_mixin.py:188} INFO - [2025-06-27T01:15:08.832+0000] {serialized_dag.py:166} DEBUG - Checking if DAG (example_sla_dag) changed
[2025-06-27T01:15:08.851+0000] {logging_mixin.py:188} INFO - [2025-06-27T01:15:08.850+0000] {serialized_dag.py:177} DEBUG - Serialized DAG (example_sla_dag) is unchanged. Skipping writing to DB
[2025-06-27T01:15:08.852+0000] {logging_mixin.py:188} INFO - [2025-06-27T01:15:08.852+0000] {dag.py:3096} INFO - Sync 1 DAGs
[2025-06-27T01:15:08.893+0000] {logging_mixin.py:188} INFO - [2025-06-27T01:15:08.892+0000] {dag.py:3954} INFO - Setting next_dagrun for example_sla_dag to 2025-06-27 01:12:00+00:00, run_after=2025-06-27 01:14:00+00:00
[2025-06-27T01:15:08.925+0000] {processor.py:183} INFO - Processing /home/airflow/.local/lib/python3.10/site-packages/airflow/example_dags/example_sla_dag.py took 0.161 seconds
[2025-06-27T01:15:39.554+0000] {logging_mixin.py:188} INFO - [2025-06-27T01:15:39.553+0000] {settings.py:250} DEBUG - Setting up DB connection pool (PID 20158)
[2025-06-27T01:15:39.555+0000] {logging_mixin.py:188} INFO - [2025-06-27T01:15:39.555+0000] {settings.py:330} DEBUG - settings.prepare_engine_args(): Using pool settings. pool_size=5, max_overflow=10, pool_recycle=1800, pid=20158
[2025-06-27T01:15:39.567+0000] {processor.py:161} INFO - Started process (PID=20158) to work on /home/airflow/.local/lib/python3.10/site-packages/airflow/example_dags/example_sla_dag.py
[2025-06-27T01:15:39.568+0000] {processor.py:830} INFO - Processing file /home/airflow/.local/lib/python3.10/site-packages/airflow/example_dags/example_sla_dag.py for tasks to queue
[2025-06-27T01:15:39.569+0000] {logging_mixin.py:188} INFO - [2025-06-27T01:15:39.569+0000] {dagbag.py:545} INFO - Filling up the DagBag from /home/airflow/.local/lib/python3.10/site-packages/airflow/example_dags/example_sla_dag.py
[2025-06-27T01:15:39.573+0000] {logging_mixin.py:188} INFO - [2025-06-27T01:15:39.572+0000] {dagbag.py:337} DEBUG - Importing /home/airflow/.local/lib/python3.10/site-packages/airflow/example_dags/example_sla_dag.py
[2025-06-27T01:15:39.581+0000] {logging_mixin.py:188} INFO - [2025-06-27T01:15:39.580+0000] {GetText.py:65} DEBUG - /home/airflow/.local/lib/python3.10/site-packages/cron_descriptor/locale/en_US.mo Loaded
[2025-06-27T01:15:39.593+0000] {logging_mixin.py:188} INFO - [2025-06-27T01:15:39.591+0000] {dagbag.py:511} DEBUG - Loaded DAG <DAG: example_sla_dag>
[2025-06-27T01:15:39.594+0000] {processor.py:840} INFO - DAG(s) 'example_sla_dag' retrieved from /home/airflow/.local/lib/python3.10/site-packages/airflow/example_dags/example_sla_dag.py
[2025-06-27T01:15:39.598+0000] {logging_mixin.py:188} INFO - [2025-06-27T01:15:39.597+0000] {dagbag.py:667} DEBUG - Running dagbag.sync_to_db with retries. Try 1 of 3
[2025-06-27T01:15:39.599+0000] {logging_mixin.py:188} INFO - [2025-06-27T01:15:39.599+0000] {dagbag.py:672} DEBUG - Calling the DAG.bulk_sync_to_db method
[2025-06-27T01:15:39.621+0000] {logging_mixin.py:188} INFO - [2025-06-27T01:15:39.621+0000] {serialized_dag.py:166} DEBUG - Checking if DAG (example_sla_dag) changed
[2025-06-27T01:15:39.635+0000] {logging_mixin.py:188} INFO - [2025-06-27T01:15:39.634+0000] {serialized_dag.py:177} DEBUG - Serialized DAG (example_sla_dag) is unchanged. Skipping writing to DB
[2025-06-27T01:15:39.636+0000] {logging_mixin.py:188} INFO - [2025-06-27T01:15:39.636+0000] {dag.py:3096} INFO - Sync 1 DAGs
[2025-06-27T01:15:39.675+0000] {logging_mixin.py:188} INFO - [2025-06-27T01:15:39.674+0000] {dag.py:3954} INFO - Setting next_dagrun for example_sla_dag to 2025-06-27 01:12:00+00:00, run_after=2025-06-27 01:14:00+00:00
[2025-06-27T01:15:39.706+0000] {processor.py:183} INFO - Processing /home/airflow/.local/lib/python3.10/site-packages/airflow/example_dags/example_sla_dag.py took 0.154 seconds
[2025-06-27T01:16:10.963+0000] {logging_mixin.py:188} INFO - [2025-06-27T01:16:10.961+0000] {settings.py:250} DEBUG - Setting up DB connection pool (PID 20221)
[2025-06-27T01:16:10.965+0000] {logging_mixin.py:188} INFO - [2025-06-27T01:16:10.964+0000] {settings.py:330} DEBUG - settings.prepare_engine_args(): Using pool settings. pool_size=5, max_overflow=10, pool_recycle=1800, pid=20221
[2025-06-27T01:16:10.977+0000] {processor.py:161} INFO - Started process (PID=20221) to work on /home/airflow/.local/lib/python3.10/site-packages/airflow/example_dags/example_sla_dag.py
[2025-06-27T01:16:10.979+0000] {processor.py:830} INFO - Processing file /home/airflow/.local/lib/python3.10/site-packages/airflow/example_dags/example_sla_dag.py for tasks to queue
[2025-06-27T01:16:10.981+0000] {logging_mixin.py:188} INFO - [2025-06-27T01:16:10.981+0000] {dagbag.py:545} INFO - Filling up the DagBag from /home/airflow/.local/lib/python3.10/site-packages/airflow/example_dags/example_sla_dag.py
[2025-06-27T01:16:10.984+0000] {logging_mixin.py:188} INFO - [2025-06-27T01:16:10.984+0000] {dagbag.py:337} DEBUG - Importing /home/airflow/.local/lib/python3.10/site-packages/airflow/example_dags/example_sla_dag.py
[2025-06-27T01:16:10.990+0000] {logging_mixin.py:188} INFO - [2025-06-27T01:16:10.990+0000] {GetText.py:65} DEBUG - /home/airflow/.local/lib/python3.10/site-packages/cron_descriptor/locale/en_US.mo Loaded
[2025-06-27T01:16:11.001+0000] {logging_mixin.py:188} INFO - [2025-06-27T01:16:11.000+0000] {dagbag.py:511} DEBUG - Loaded DAG <DAG: example_sla_dag>
[2025-06-27T01:16:11.002+0000] {processor.py:840} INFO - DAG(s) 'example_sla_dag' retrieved from /home/airflow/.local/lib/python3.10/site-packages/airflow/example_dags/example_sla_dag.py
[2025-06-27T01:16:11.005+0000] {logging_mixin.py:188} INFO - [2025-06-27T01:16:11.005+0000] {dagbag.py:667} DEBUG - Running dagbag.sync_to_db with retries. Try 1 of 3
[2025-06-27T01:16:11.006+0000] {logging_mixin.py:188} INFO - [2025-06-27T01:16:11.005+0000] {dagbag.py:672} DEBUG - Calling the DAG.bulk_sync_to_db method
[2025-06-27T01:16:11.029+0000] {logging_mixin.py:188} INFO - [2025-06-27T01:16:11.029+0000] {serialized_dag.py:166} DEBUG - Checking if DAG (example_sla_dag) changed
[2025-06-27T01:16:11.043+0000] {logging_mixin.py:188} INFO - [2025-06-27T01:16:11.043+0000] {serialized_dag.py:177} DEBUG - Serialized DAG (example_sla_dag) is unchanged. Skipping writing to DB
[2025-06-27T01:16:11.044+0000] {logging_mixin.py:188} INFO - [2025-06-27T01:16:11.044+0000] {dag.py:3096} INFO - Sync 1 DAGs
[2025-06-27T01:16:11.091+0000] {logging_mixin.py:188} INFO - [2025-06-27T01:16:11.090+0000] {dag.py:3954} INFO - Setting next_dagrun for example_sla_dag to 2025-06-27 01:14:00+00:00, run_after=2025-06-27 01:16:00+00:00
[2025-06-27T01:16:11.129+0000] {processor.py:183} INFO - Processing /home/airflow/.local/lib/python3.10/site-packages/airflow/example_dags/example_sla_dag.py took 0.168 seconds
[2025-06-27T01:16:41.312+0000] {logging_mixin.py:188} INFO - [2025-06-27T01:16:41.311+0000] {settings.py:250} DEBUG - Setting up DB connection pool (PID 20282)
[2025-06-27T01:16:41.314+0000] {logging_mixin.py:188} INFO - [2025-06-27T01:16:41.314+0000] {settings.py:330} DEBUG - settings.prepare_engine_args(): Using pool settings. pool_size=5, max_overflow=10, pool_recycle=1800, pid=20282
[2025-06-27T01:16:41.326+0000] {processor.py:161} INFO - Started process (PID=20282) to work on /home/airflow/.local/lib/python3.10/site-packages/airflow/example_dags/example_sla_dag.py
[2025-06-27T01:16:41.327+0000] {processor.py:830} INFO - Processing file /home/airflow/.local/lib/python3.10/site-packages/airflow/example_dags/example_sla_dag.py for tasks to queue
[2025-06-27T01:16:41.329+0000] {logging_mixin.py:188} INFO - [2025-06-27T01:16:41.329+0000] {dagbag.py:545} INFO - Filling up the DagBag from /home/airflow/.local/lib/python3.10/site-packages/airflow/example_dags/example_sla_dag.py
[2025-06-27T01:16:41.332+0000] {logging_mixin.py:188} INFO - [2025-06-27T01:16:41.331+0000] {dagbag.py:337} DEBUG - Importing /home/airflow/.local/lib/python3.10/site-packages/airflow/example_dags/example_sla_dag.py
[2025-06-27T01:16:41.337+0000] {logging_mixin.py:188} INFO - [2025-06-27T01:16:41.337+0000] {GetText.py:65} DEBUG - /home/airflow/.local/lib/python3.10/site-packages/cron_descriptor/locale/en_US.mo Loaded
[2025-06-27T01:16:41.347+0000] {logging_mixin.py:188} INFO - [2025-06-27T01:16:41.346+0000] {dagbag.py:511} DEBUG - Loaded DAG <DAG: example_sla_dag>
[2025-06-27T01:16:41.348+0000] {processor.py:840} INFO - DAG(s) 'example_sla_dag' retrieved from /home/airflow/.local/lib/python3.10/site-packages/airflow/example_dags/example_sla_dag.py
[2025-06-27T01:16:41.350+0000] {logging_mixin.py:188} INFO - [2025-06-27T01:16:41.350+0000] {dagbag.py:667} DEBUG - Running dagbag.sync_to_db with retries. Try 1 of 3
[2025-06-27T01:16:41.351+0000] {logging_mixin.py:188} INFO - [2025-06-27T01:16:41.351+0000] {dagbag.py:672} DEBUG - Calling the DAG.bulk_sync_to_db method
[2025-06-27T01:16:41.371+0000] {logging_mixin.py:188} INFO - [2025-06-27T01:16:41.370+0000] {serialized_dag.py:166} DEBUG - Checking if DAG (example_sla_dag) changed
[2025-06-27T01:16:41.383+0000] {logging_mixin.py:188} INFO - [2025-06-27T01:16:41.382+0000] {serialized_dag.py:177} DEBUG - Serialized DAG (example_sla_dag) is unchanged. Skipping writing to DB
[2025-06-27T01:16:41.384+0000] {logging_mixin.py:188} INFO - [2025-06-27T01:16:41.384+0000] {dag.py:3096} INFO - Sync 1 DAGs
[2025-06-27T01:16:41.416+0000] {logging_mixin.py:188} INFO - [2025-06-27T01:16:41.415+0000] {dag.py:3954} INFO - Setting next_dagrun for example_sla_dag to 2025-06-27 01:14:00+00:00, run_after=2025-06-27 01:16:00+00:00
[2025-06-27T01:16:41.444+0000] {processor.py:183} INFO - Processing /home/airflow/.local/lib/python3.10/site-packages/airflow/example_dags/example_sla_dag.py took 0.133 seconds
[2025-06-27T01:17:11.650+0000] {logging_mixin.py:188} INFO - [2025-06-27T01:17:11.648+0000] {settings.py:250} DEBUG - Setting up DB connection pool (PID 20345)
[2025-06-27T01:17:11.652+0000] {logging_mixin.py:188} INFO - [2025-06-27T01:17:11.651+0000] {settings.py:330} DEBUG - settings.prepare_engine_args(): Using pool settings. pool_size=5, max_overflow=10, pool_recycle=1800, pid=20345
[2025-06-27T01:17:11.664+0000] {processor.py:161} INFO - Started process (PID=20345) to work on /home/airflow/.local/lib/python3.10/site-packages/airflow/example_dags/example_sla_dag.py
[2025-06-27T01:17:11.665+0000] {processor.py:830} INFO - Processing file /home/airflow/.local/lib/python3.10/site-packages/airflow/example_dags/example_sla_dag.py for tasks to queue
[2025-06-27T01:17:11.667+0000] {logging_mixin.py:188} INFO - [2025-06-27T01:17:11.666+0000] {dagbag.py:545} INFO - Filling up the DagBag from /home/airflow/.local/lib/python3.10/site-packages/airflow/example_dags/example_sla_dag.py
[2025-06-27T01:17:11.670+0000] {logging_mixin.py:188} INFO - [2025-06-27T01:17:11.670+0000] {dagbag.py:337} DEBUG - Importing /home/airflow/.local/lib/python3.10/site-packages/airflow/example_dags/example_sla_dag.py
[2025-06-27T01:17:11.676+0000] {logging_mixin.py:188} INFO - [2025-06-27T01:17:11.676+0000] {GetText.py:65} DEBUG - /home/airflow/.local/lib/python3.10/site-packages/cron_descriptor/locale/en_US.mo Loaded
[2025-06-27T01:17:11.687+0000] {logging_mixin.py:188} INFO - [2025-06-27T01:17:11.685+0000] {dagbag.py:511} DEBUG - Loaded DAG <DAG: example_sla_dag>
[2025-06-27T01:17:11.688+0000] {processor.py:840} INFO - DAG(s) 'example_sla_dag' retrieved from /home/airflow/.local/lib/python3.10/site-packages/airflow/example_dags/example_sla_dag.py
[2025-06-27T01:17:11.691+0000] {logging_mixin.py:188} INFO - [2025-06-27T01:17:11.691+0000] {dagbag.py:667} DEBUG - Running dagbag.sync_to_db with retries. Try 1 of 3
[2025-06-27T01:17:11.692+0000] {logging_mixin.py:188} INFO - [2025-06-27T01:17:11.691+0000] {dagbag.py:672} DEBUG - Calling the DAG.bulk_sync_to_db method
[2025-06-27T01:17:11.717+0000] {logging_mixin.py:188} INFO - [2025-06-27T01:17:11.716+0000] {serialized_dag.py:166} DEBUG - Checking if DAG (example_sla_dag) changed
[2025-06-27T01:17:11.733+0000] {logging_mixin.py:188} INFO - [2025-06-27T01:17:11.732+0000] {serialized_dag.py:177} DEBUG - Serialized DAG (example_sla_dag) is unchanged. Skipping writing to DB
[2025-06-27T01:17:11.734+0000] {logging_mixin.py:188} INFO - [2025-06-27T01:17:11.734+0000] {dag.py:3096} INFO - Sync 1 DAGs
[2025-06-27T01:17:11.772+0000] {logging_mixin.py:188} INFO - [2025-06-27T01:17:11.772+0000] {dag.py:3954} INFO - Setting next_dagrun for example_sla_dag to 2025-06-27 01:14:00+00:00, run_after=2025-06-27 01:16:00+00:00
[2025-06-27T01:17:11.798+0000] {processor.py:183} INFO - Processing /home/airflow/.local/lib/python3.10/site-packages/airflow/example_dags/example_sla_dag.py took 0.149 seconds
[2025-06-27T01:17:42.056+0000] {logging_mixin.py:188} INFO - [2025-06-27T01:17:42.054+0000] {settings.py:250} DEBUG - Setting up DB connection pool (PID 20408)
[2025-06-27T01:17:42.058+0000] {logging_mixin.py:188} INFO - [2025-06-27T01:17:42.058+0000] {settings.py:330} DEBUG - settings.prepare_engine_args(): Using pool settings. pool_size=5, max_overflow=10, pool_recycle=1800, pid=20408
[2025-06-27T01:17:42.070+0000] {processor.py:161} INFO - Started process (PID=20408) to work on /home/airflow/.local/lib/python3.10/site-packages/airflow/example_dags/example_sla_dag.py
[2025-06-27T01:17:42.072+0000] {processor.py:830} INFO - Processing file /home/airflow/.local/lib/python3.10/site-packages/airflow/example_dags/example_sla_dag.py for tasks to queue
[2025-06-27T01:17:42.074+0000] {logging_mixin.py:188} INFO - [2025-06-27T01:17:42.073+0000] {dagbag.py:545} INFO - Filling up the DagBag from /home/airflow/.local/lib/python3.10/site-packages/airflow/example_dags/example_sla_dag.py
[2025-06-27T01:17:42.077+0000] {logging_mixin.py:188} INFO - [2025-06-27T01:17:42.077+0000] {dagbag.py:337} DEBUG - Importing /home/airflow/.local/lib/python3.10/site-packages/airflow/example_dags/example_sla_dag.py
[2025-06-27T01:17:42.084+0000] {logging_mixin.py:188} INFO - [2025-06-27T01:17:42.083+0000] {GetText.py:65} DEBUG - /home/airflow/.local/lib/python3.10/site-packages/cron_descriptor/locale/en_US.mo Loaded
[2025-06-27T01:17:42.095+0000] {logging_mixin.py:188} INFO - [2025-06-27T01:17:42.093+0000] {dagbag.py:511} DEBUG - Loaded DAG <DAG: example_sla_dag>
[2025-06-27T01:17:42.096+0000] {processor.py:840} INFO - DAG(s) 'example_sla_dag' retrieved from /home/airflow/.local/lib/python3.10/site-packages/airflow/example_dags/example_sla_dag.py
[2025-06-27T01:17:42.099+0000] {logging_mixin.py:188} INFO - [2025-06-27T01:17:42.099+0000] {dagbag.py:667} DEBUG - Running dagbag.sync_to_db with retries. Try 1 of 3
[2025-06-27T01:17:42.100+0000] {logging_mixin.py:188} INFO - [2025-06-27T01:17:42.100+0000] {dagbag.py:672} DEBUG - Calling the DAG.bulk_sync_to_db method
[2025-06-27T01:17:42.125+0000] {logging_mixin.py:188} INFO - [2025-06-27T01:17:42.124+0000] {serialized_dag.py:166} DEBUG - Checking if DAG (example_sla_dag) changed
[2025-06-27T01:17:42.140+0000] {logging_mixin.py:188} INFO - [2025-06-27T01:17:42.140+0000] {serialized_dag.py:177} DEBUG - Serialized DAG (example_sla_dag) is unchanged. Skipping writing to DB
[2025-06-27T01:17:42.141+0000] {logging_mixin.py:188} INFO - [2025-06-27T01:17:42.141+0000] {dag.py:3096} INFO - Sync 1 DAGs
[2025-06-27T01:17:42.177+0000] {logging_mixin.py:188} INFO - [2025-06-27T01:17:42.177+0000] {dag.py:3954} INFO - Setting next_dagrun for example_sla_dag to 2025-06-27 01:14:00+00:00, run_after=2025-06-27 01:16:00+00:00
[2025-06-27T01:17:42.215+0000] {processor.py:183} INFO - Processing /home/airflow/.local/lib/python3.10/site-packages/airflow/example_dags/example_sla_dag.py took 0.161 seconds
[2025-06-27T01:18:12.815+0000] {logging_mixin.py:188} INFO - [2025-06-27T01:18:12.813+0000] {settings.py:250} DEBUG - Setting up DB connection pool (PID 20471)
[2025-06-27T01:18:12.817+0000] {logging_mixin.py:188} INFO - [2025-06-27T01:18:12.816+0000] {settings.py:330} DEBUG - settings.prepare_engine_args(): Using pool settings. pool_size=5, max_overflow=10, pool_recycle=1800, pid=20471
[2025-06-27T01:18:12.829+0000] {processor.py:161} INFO - Started process (PID=20471) to work on /home/airflow/.local/lib/python3.10/site-packages/airflow/example_dags/example_sla_dag.py
[2025-06-27T01:18:12.830+0000] {processor.py:830} INFO - Processing file /home/airflow/.local/lib/python3.10/site-packages/airflow/example_dags/example_sla_dag.py for tasks to queue
[2025-06-27T01:18:12.832+0000] {logging_mixin.py:188} INFO - [2025-06-27T01:18:12.831+0000] {dagbag.py:545} INFO - Filling up the DagBag from /home/airflow/.local/lib/python3.10/site-packages/airflow/example_dags/example_sla_dag.py
[2025-06-27T01:18:12.834+0000] {logging_mixin.py:188} INFO - [2025-06-27T01:18:12.834+0000] {dagbag.py:337} DEBUG - Importing /home/airflow/.local/lib/python3.10/site-packages/airflow/example_dags/example_sla_dag.py
[2025-06-27T01:18:12.839+0000] {logging_mixin.py:188} INFO - [2025-06-27T01:18:12.839+0000] {GetText.py:65} DEBUG - /home/airflow/.local/lib/python3.10/site-packages/cron_descriptor/locale/en_US.mo Loaded
[2025-06-27T01:18:12.851+0000] {logging_mixin.py:188} INFO - [2025-06-27T01:18:12.849+0000] {dagbag.py:511} DEBUG - Loaded DAG <DAG: example_sla_dag>
[2025-06-27T01:18:12.851+0000] {processor.py:840} INFO - DAG(s) 'example_sla_dag' retrieved from /home/airflow/.local/lib/python3.10/site-packages/airflow/example_dags/example_sla_dag.py
[2025-06-27T01:18:12.854+0000] {logging_mixin.py:188} INFO - [2025-06-27T01:18:12.853+0000] {dagbag.py:667} DEBUG - Running dagbag.sync_to_db with retries. Try 1 of 3
[2025-06-27T01:18:12.854+0000] {logging_mixin.py:188} INFO - [2025-06-27T01:18:12.854+0000] {dagbag.py:672} DEBUG - Calling the DAG.bulk_sync_to_db method
[2025-06-27T01:18:12.874+0000] {logging_mixin.py:188} INFO - [2025-06-27T01:18:12.874+0000] {serialized_dag.py:166} DEBUG - Checking if DAG (example_sla_dag) changed
[2025-06-27T01:18:12.886+0000] {logging_mixin.py:188} INFO - [2025-06-27T01:18:12.886+0000] {serialized_dag.py:177} DEBUG - Serialized DAG (example_sla_dag) is unchanged. Skipping writing to DB
[2025-06-27T01:18:12.887+0000] {logging_mixin.py:188} INFO - [2025-06-27T01:18:12.887+0000] {dag.py:3096} INFO - Sync 1 DAGs
[2025-06-27T01:18:12.920+0000] {logging_mixin.py:188} INFO - [2025-06-27T01:18:12.920+0000] {dag.py:3954} INFO - Setting next_dagrun for example_sla_dag to 2025-06-27 01:16:00+00:00, run_after=2025-06-27 01:18:00+00:00
[2025-06-27T01:18:12.944+0000] {processor.py:183} INFO - Processing /home/airflow/.local/lib/python3.10/site-packages/airflow/example_dags/example_sla_dag.py took 0.131 seconds
[2025-06-27T01:18:43.303+0000] {logging_mixin.py:188} INFO - [2025-06-27T01:18:43.301+0000] {settings.py:250} DEBUG - Setting up DB connection pool (PID 20534)
[2025-06-27T01:18:43.305+0000] {logging_mixin.py:188} INFO - [2025-06-27T01:18:43.305+0000] {settings.py:330} DEBUG - settings.prepare_engine_args(): Using pool settings. pool_size=5, max_overflow=10, pool_recycle=1800, pid=20534
[2025-06-27T01:18:43.317+0000] {processor.py:161} INFO - Started process (PID=20534) to work on /home/airflow/.local/lib/python3.10/site-packages/airflow/example_dags/example_sla_dag.py
[2025-06-27T01:18:43.318+0000] {processor.py:830} INFO - Processing file /home/airflow/.local/lib/python3.10/site-packages/airflow/example_dags/example_sla_dag.py for tasks to queue
[2025-06-27T01:18:43.319+0000] {logging_mixin.py:188} INFO - [2025-06-27T01:18:43.319+0000] {dagbag.py:545} INFO - Filling up the DagBag from /home/airflow/.local/lib/python3.10/site-packages/airflow/example_dags/example_sla_dag.py
[2025-06-27T01:18:43.321+0000] {logging_mixin.py:188} INFO - [2025-06-27T01:18:43.321+0000] {dagbag.py:337} DEBUG - Importing /home/airflow/.local/lib/python3.10/site-packages/airflow/example_dags/example_sla_dag.py
[2025-06-27T01:18:43.327+0000] {logging_mixin.py:188} INFO - [2025-06-27T01:18:43.327+0000] {GetText.py:65} DEBUG - /home/airflow/.local/lib/python3.10/site-packages/cron_descriptor/locale/en_US.mo Loaded
[2025-06-27T01:18:43.336+0000] {logging_mixin.py:188} INFO - [2025-06-27T01:18:43.335+0000] {dagbag.py:511} DEBUG - Loaded DAG <DAG: example_sla_dag>
[2025-06-27T01:18:43.337+0000] {processor.py:840} INFO - DAG(s) 'example_sla_dag' retrieved from /home/airflow/.local/lib/python3.10/site-packages/airflow/example_dags/example_sla_dag.py
[2025-06-27T01:18:43.340+0000] {logging_mixin.py:188} INFO - [2025-06-27T01:18:43.339+0000] {dagbag.py:667} DEBUG - Running dagbag.sync_to_db with retries. Try 1 of 3
[2025-06-27T01:18:43.340+0000] {logging_mixin.py:188} INFO - [2025-06-27T01:18:43.340+0000] {dagbag.py:672} DEBUG - Calling the DAG.bulk_sync_to_db method
[2025-06-27T01:18:43.360+0000] {logging_mixin.py:188} INFO - [2025-06-27T01:18:43.359+0000] {serialized_dag.py:166} DEBUG - Checking if DAG (example_sla_dag) changed
[2025-06-27T01:18:43.375+0000] {logging_mixin.py:188} INFO - [2025-06-27T01:18:43.374+0000] {serialized_dag.py:177} DEBUG - Serialized DAG (example_sla_dag) is unchanged. Skipping writing to DB
[2025-06-27T01:18:43.376+0000] {logging_mixin.py:188} INFO - [2025-06-27T01:18:43.376+0000] {dag.py:3096} INFO - Sync 1 DAGs
[2025-06-27T01:18:43.405+0000] {logging_mixin.py:188} INFO - [2025-06-27T01:18:43.405+0000] {dag.py:3954} INFO - Setting next_dagrun for example_sla_dag to 2025-06-27 01:16:00+00:00, run_after=2025-06-27 01:18:00+00:00
[2025-06-27T01:18:43.431+0000] {processor.py:183} INFO - Processing /home/airflow/.local/lib/python3.10/site-packages/airflow/example_dags/example_sla_dag.py took 0.130 seconds
[2025-06-27T01:19:14.029+0000] {logging_mixin.py:188} INFO - [2025-06-27T01:19:14.027+0000] {settings.py:250} DEBUG - Setting up DB connection pool (PID 20597)
[2025-06-27T01:19:14.031+0000] {logging_mixin.py:188} INFO - [2025-06-27T01:19:14.031+0000] {settings.py:330} DEBUG - settings.prepare_engine_args(): Using pool settings. pool_size=5, max_overflow=10, pool_recycle=1800, pid=20597
[2025-06-27T01:19:14.043+0000] {processor.py:161} INFO - Started process (PID=20597) to work on /home/airflow/.local/lib/python3.10/site-packages/airflow/example_dags/example_sla_dag.py
[2025-06-27T01:19:14.045+0000] {processor.py:830} INFO - Processing file /home/airflow/.local/lib/python3.10/site-packages/airflow/example_dags/example_sla_dag.py for tasks to queue
[2025-06-27T01:19:14.047+0000] {logging_mixin.py:188} INFO - [2025-06-27T01:19:14.046+0000] {dagbag.py:545} INFO - Filling up the DagBag from /home/airflow/.local/lib/python3.10/site-packages/airflow/example_dags/example_sla_dag.py
[2025-06-27T01:19:14.049+0000] {logging_mixin.py:188} INFO - [2025-06-27T01:19:14.049+0000] {dagbag.py:337} DEBUG - Importing /home/airflow/.local/lib/python3.10/site-packages/airflow/example_dags/example_sla_dag.py
[2025-06-27T01:19:14.055+0000] {logging_mixin.py:188} INFO - [2025-06-27T01:19:14.055+0000] {GetText.py:65} DEBUG - /home/airflow/.local/lib/python3.10/site-packages/cron_descriptor/locale/en_US.mo Loaded
[2025-06-27T01:19:14.065+0000] {logging_mixin.py:188} INFO - [2025-06-27T01:19:14.063+0000] {dagbag.py:511} DEBUG - Loaded DAG <DAG: example_sla_dag>
[2025-06-27T01:19:14.065+0000] {processor.py:840} INFO - DAG(s) 'example_sla_dag' retrieved from /home/airflow/.local/lib/python3.10/site-packages/airflow/example_dags/example_sla_dag.py
[2025-06-27T01:19:14.067+0000] {logging_mixin.py:188} INFO - [2025-06-27T01:19:14.067+0000] {dagbag.py:667} DEBUG - Running dagbag.sync_to_db with retries. Try 1 of 3
[2025-06-27T01:19:14.068+0000] {logging_mixin.py:188} INFO - [2025-06-27T01:19:14.068+0000] {dagbag.py:672} DEBUG - Calling the DAG.bulk_sync_to_db method
[2025-06-27T01:19:14.091+0000] {logging_mixin.py:188} INFO - [2025-06-27T01:19:14.091+0000] {serialized_dag.py:166} DEBUG - Checking if DAG (example_sla_dag) changed
[2025-06-27T01:19:14.106+0000] {logging_mixin.py:188} INFO - [2025-06-27T01:19:14.106+0000] {serialized_dag.py:177} DEBUG - Serialized DAG (example_sla_dag) is unchanged. Skipping writing to DB
[2025-06-27T01:19:14.107+0000] {logging_mixin.py:188} INFO - [2025-06-27T01:19:14.107+0000] {dag.py:3096} INFO - Sync 1 DAGs
[2025-06-27T01:19:14.142+0000] {logging_mixin.py:188} INFO - [2025-06-27T01:19:14.142+0000] {dag.py:3954} INFO - Setting next_dagrun for example_sla_dag to 2025-06-27 01:16:00+00:00, run_after=2025-06-27 01:18:00+00:00
[2025-06-27T01:19:14.167+0000] {processor.py:183} INFO - Processing /home/airflow/.local/lib/python3.10/site-packages/airflow/example_dags/example_sla_dag.py took 0.140 seconds
[2025-06-27T01:19:44.366+0000] {logging_mixin.py:188} INFO - [2025-06-27T01:19:44.365+0000] {settings.py:250} DEBUG - Setting up DB connection pool (PID 20660)
[2025-06-27T01:19:44.368+0000] {logging_mixin.py:188} INFO - [2025-06-27T01:19:44.368+0000] {settings.py:330} DEBUG - settings.prepare_engine_args(): Using pool settings. pool_size=5, max_overflow=10, pool_recycle=1800, pid=20660
[2025-06-27T01:19:44.380+0000] {processor.py:161} INFO - Started process (PID=20660) to work on /home/airflow/.local/lib/python3.10/site-packages/airflow/example_dags/example_sla_dag.py
[2025-06-27T01:19:44.381+0000] {processor.py:830} INFO - Processing file /home/airflow/.local/lib/python3.10/site-packages/airflow/example_dags/example_sla_dag.py for tasks to queue
[2025-06-27T01:19:44.382+0000] {logging_mixin.py:188} INFO - [2025-06-27T01:19:44.382+0000] {dagbag.py:545} INFO - Filling up the DagBag from /home/airflow/.local/lib/python3.10/site-packages/airflow/example_dags/example_sla_dag.py
[2025-06-27T01:19:44.384+0000] {logging_mixin.py:188} INFO - [2025-06-27T01:19:44.384+0000] {dagbag.py:337} DEBUG - Importing /home/airflow/.local/lib/python3.10/site-packages/airflow/example_dags/example_sla_dag.py
[2025-06-27T01:19:44.389+0000] {logging_mixin.py:188} INFO - [2025-06-27T01:19:44.389+0000] {GetText.py:65} DEBUG - /home/airflow/.local/lib/python3.10/site-packages/cron_descriptor/locale/en_US.mo Loaded
[2025-06-27T01:19:44.398+0000] {logging_mixin.py:188} INFO - [2025-06-27T01:19:44.397+0000] {dagbag.py:511} DEBUG - Loaded DAG <DAG: example_sla_dag>
[2025-06-27T01:19:44.399+0000] {processor.py:840} INFO - DAG(s) 'example_sla_dag' retrieved from /home/airflow/.local/lib/python3.10/site-packages/airflow/example_dags/example_sla_dag.py
[2025-06-27T01:19:44.401+0000] {logging_mixin.py:188} INFO - [2025-06-27T01:19:44.401+0000] {dagbag.py:667} DEBUG - Running dagbag.sync_to_db with retries. Try 1 of 3
[2025-06-27T01:19:44.403+0000] {logging_mixin.py:188} INFO - [2025-06-27T01:19:44.402+0000] {dagbag.py:672} DEBUG - Calling the DAG.bulk_sync_to_db method
[2025-06-27T01:19:44.425+0000] {logging_mixin.py:188} INFO - [2025-06-27T01:19:44.425+0000] {serialized_dag.py:166} DEBUG - Checking if DAG (example_sla_dag) changed
[2025-06-27T01:19:44.436+0000] {logging_mixin.py:188} INFO - [2025-06-27T01:19:44.436+0000] {serialized_dag.py:177} DEBUG - Serialized DAG (example_sla_dag) is unchanged. Skipping writing to DB
[2025-06-27T01:19:44.437+0000] {logging_mixin.py:188} INFO - [2025-06-27T01:19:44.437+0000] {dag.py:3096} INFO - Sync 1 DAGs
[2025-06-27T01:19:44.469+0000] {logging_mixin.py:188} INFO - [2025-06-27T01:19:44.469+0000] {dag.py:3954} INFO - Setting next_dagrun for example_sla_dag to 2025-06-27 01:16:00+00:00, run_after=2025-06-27 01:18:00+00:00
[2025-06-27T01:19:44.499+0000] {processor.py:183} INFO - Processing /home/airflow/.local/lib/python3.10/site-packages/airflow/example_dags/example_sla_dag.py took 0.134 seconds
[2025-06-27T01:20:14.898+0000] {logging_mixin.py:188} INFO - [2025-06-27T01:20:14.896+0000] {settings.py:250} DEBUG - Setting up DB connection pool (PID 20724)
[2025-06-27T01:20:14.900+0000] {logging_mixin.py:188} INFO - [2025-06-27T01:20:14.900+0000] {settings.py:330} DEBUG - settings.prepare_engine_args(): Using pool settings. pool_size=5, max_overflow=10, pool_recycle=1800, pid=20724
[2025-06-27T01:20:14.911+0000] {processor.py:161} INFO - Started process (PID=20724) to work on /home/airflow/.local/lib/python3.10/site-packages/airflow/example_dags/example_sla_dag.py
[2025-06-27T01:20:14.912+0000] {processor.py:830} INFO - Processing file /home/airflow/.local/lib/python3.10/site-packages/airflow/example_dags/example_sla_dag.py for tasks to queue
[2025-06-27T01:20:14.914+0000] {logging_mixin.py:188} INFO - [2025-06-27T01:20:14.913+0000] {dagbag.py:545} INFO - Filling up the DagBag from /home/airflow/.local/lib/python3.10/site-packages/airflow/example_dags/example_sla_dag.py
[2025-06-27T01:20:14.916+0000] {logging_mixin.py:188} INFO - [2025-06-27T01:20:14.916+0000] {dagbag.py:337} DEBUG - Importing /home/airflow/.local/lib/python3.10/site-packages/airflow/example_dags/example_sla_dag.py
[2025-06-27T01:20:14.922+0000] {logging_mixin.py:188} INFO - [2025-06-27T01:20:14.921+0000] {GetText.py:65} DEBUG - /home/airflow/.local/lib/python3.10/site-packages/cron_descriptor/locale/en_US.mo Loaded
[2025-06-27T01:20:14.935+0000] {logging_mixin.py:188} INFO - [2025-06-27T01:20:14.933+0000] {dagbag.py:511} DEBUG - Loaded DAG <DAG: example_sla_dag>
[2025-06-27T01:20:14.936+0000] {processor.py:840} INFO - DAG(s) 'example_sla_dag' retrieved from /home/airflow/.local/lib/python3.10/site-packages/airflow/example_dags/example_sla_dag.py
[2025-06-27T01:20:14.938+0000] {logging_mixin.py:188} INFO - [2025-06-27T01:20:14.938+0000] {dagbag.py:667} DEBUG - Running dagbag.sync_to_db with retries. Try 1 of 3
[2025-06-27T01:20:14.939+0000] {logging_mixin.py:188} INFO - [2025-06-27T01:20:14.938+0000] {dagbag.py:672} DEBUG - Calling the DAG.bulk_sync_to_db method
[2025-06-27T01:20:14.962+0000] {logging_mixin.py:188} INFO - [2025-06-27T01:20:14.961+0000] {serialized_dag.py:166} DEBUG - Checking if DAG (example_sla_dag) changed
[2025-06-27T01:20:14.977+0000] {logging_mixin.py:188} INFO - [2025-06-27T01:20:14.977+0000] {serialized_dag.py:177} DEBUG - Serialized DAG (example_sla_dag) is unchanged. Skipping writing to DB
[2025-06-27T01:20:14.978+0000] {logging_mixin.py:188} INFO - [2025-06-27T01:20:14.978+0000] {dag.py:3096} INFO - Sync 1 DAGs
[2025-06-27T01:20:15.020+0000] {logging_mixin.py:188} INFO - [2025-06-27T01:20:15.019+0000] {dag.py:3954} INFO - Setting next_dagrun for example_sla_dag to 2025-06-27 01:18:00+00:00, run_after=2025-06-27 01:20:00+00:00
[2025-06-27T01:20:15.051+0000] {processor.py:183} INFO - Processing /home/airflow/.local/lib/python3.10/site-packages/airflow/example_dags/example_sla_dag.py took 0.155 seconds
[2025-06-27T01:20:45.629+0000] {logging_mixin.py:188} INFO - [2025-06-27T01:20:45.628+0000] {settings.py:250} DEBUG - Setting up DB connection pool (PID 20787)
[2025-06-27T01:20:45.631+0000] {logging_mixin.py:188} INFO - [2025-06-27T01:20:45.631+0000] {settings.py:330} DEBUG - settings.prepare_engine_args(): Using pool settings. pool_size=5, max_overflow=10, pool_recycle=1800, pid=20787
[2025-06-27T01:20:45.644+0000] {processor.py:161} INFO - Started process (PID=20787) to work on /home/airflow/.local/lib/python3.10/site-packages/airflow/example_dags/example_sla_dag.py
[2025-06-27T01:20:45.645+0000] {processor.py:830} INFO - Processing file /home/airflow/.local/lib/python3.10/site-packages/airflow/example_dags/example_sla_dag.py for tasks to queue
[2025-06-27T01:20:45.647+0000] {logging_mixin.py:188} INFO - [2025-06-27T01:20:45.647+0000] {dagbag.py:545} INFO - Filling up the DagBag from /home/airflow/.local/lib/python3.10/site-packages/airflow/example_dags/example_sla_dag.py
[2025-06-27T01:20:45.651+0000] {logging_mixin.py:188} INFO - [2025-06-27T01:20:45.650+0000] {dagbag.py:337} DEBUG - Importing /home/airflow/.local/lib/python3.10/site-packages/airflow/example_dags/example_sla_dag.py
[2025-06-27T01:20:45.656+0000] {logging_mixin.py:188} INFO - [2025-06-27T01:20:45.656+0000] {GetText.py:65} DEBUG - /home/airflow/.local/lib/python3.10/site-packages/cron_descriptor/locale/en_US.mo Loaded
[2025-06-27T01:20:45.667+0000] {logging_mixin.py:188} INFO - [2025-06-27T01:20:45.666+0000] {dagbag.py:511} DEBUG - Loaded DAG <DAG: example_sla_dag>
[2025-06-27T01:20:45.668+0000] {processor.py:840} INFO - DAG(s) 'example_sla_dag' retrieved from /home/airflow/.local/lib/python3.10/site-packages/airflow/example_dags/example_sla_dag.py
[2025-06-27T01:20:45.670+0000] {logging_mixin.py:188} INFO - [2025-06-27T01:20:45.670+0000] {dagbag.py:667} DEBUG - Running dagbag.sync_to_db with retries. Try 1 of 3
[2025-06-27T01:20:45.671+0000] {logging_mixin.py:188} INFO - [2025-06-27T01:20:45.671+0000] {dagbag.py:672} DEBUG - Calling the DAG.bulk_sync_to_db method
[2025-06-27T01:20:45.694+0000] {logging_mixin.py:188} INFO - [2025-06-27T01:20:45.694+0000] {serialized_dag.py:166} DEBUG - Checking if DAG (example_sla_dag) changed
[2025-06-27T01:20:45.706+0000] {logging_mixin.py:188} INFO - [2025-06-27T01:20:45.706+0000] {serialized_dag.py:177} DEBUG - Serialized DAG (example_sla_dag) is unchanged. Skipping writing to DB
[2025-06-27T01:20:45.707+0000] {logging_mixin.py:188} INFO - [2025-06-27T01:20:45.707+0000] {dag.py:3096} INFO - Sync 1 DAGs
[2025-06-27T01:20:45.736+0000] {logging_mixin.py:188} INFO - [2025-06-27T01:20:45.736+0000] {dag.py:3954} INFO - Setting next_dagrun for example_sla_dag to 2025-06-27 01:18:00+00:00, run_after=2025-06-27 01:20:00+00:00
[2025-06-27T01:20:45.761+0000] {processor.py:183} INFO - Processing /home/airflow/.local/lib/python3.10/site-packages/airflow/example_dags/example_sla_dag.py took 0.133 seconds
[2025-06-27T01:21:15.860+0000] {logging_mixin.py:188} INFO - [2025-06-27T01:21:15.859+0000] {settings.py:250} DEBUG - Setting up DB connection pool (PID 20848)
[2025-06-27T01:21:15.863+0000] {logging_mixin.py:188} INFO - [2025-06-27T01:21:15.862+0000] {settings.py:330} DEBUG - settings.prepare_engine_args(): Using pool settings. pool_size=5, max_overflow=10, pool_recycle=1800, pid=20848
[2025-06-27T01:21:15.873+0000] {processor.py:161} INFO - Started process (PID=20848) to work on /home/airflow/.local/lib/python3.10/site-packages/airflow/example_dags/example_sla_dag.py
[2025-06-27T01:21:15.875+0000] {processor.py:830} INFO - Processing file /home/airflow/.local/lib/python3.10/site-packages/airflow/example_dags/example_sla_dag.py for tasks to queue
[2025-06-27T01:21:15.876+0000] {logging_mixin.py:188} INFO - [2025-06-27T01:21:15.876+0000] {dagbag.py:545} INFO - Filling up the DagBag from /home/airflow/.local/lib/python3.10/site-packages/airflow/example_dags/example_sla_dag.py
[2025-06-27T01:21:15.878+0000] {logging_mixin.py:188} INFO - [2025-06-27T01:21:15.878+0000] {dagbag.py:337} DEBUG - Importing /home/airflow/.local/lib/python3.10/site-packages/airflow/example_dags/example_sla_dag.py
[2025-06-27T01:21:15.884+0000] {logging_mixin.py:188} INFO - [2025-06-27T01:21:15.884+0000] {GetText.py:65} DEBUG - /home/airflow/.local/lib/python3.10/site-packages/cron_descriptor/locale/en_US.mo Loaded
[2025-06-27T01:21:15.896+0000] {logging_mixin.py:188} INFO - [2025-06-27T01:21:15.894+0000] {dagbag.py:511} DEBUG - Loaded DAG <DAG: example_sla_dag>
[2025-06-27T01:21:15.897+0000] {processor.py:840} INFO - DAG(s) 'example_sla_dag' retrieved from /home/airflow/.local/lib/python3.10/site-packages/airflow/example_dags/example_sla_dag.py
[2025-06-27T01:21:15.900+0000] {logging_mixin.py:188} INFO - [2025-06-27T01:21:15.899+0000] {dagbag.py:667} DEBUG - Running dagbag.sync_to_db with retries. Try 1 of 3
[2025-06-27T01:21:15.901+0000] {logging_mixin.py:188} INFO - [2025-06-27T01:21:15.901+0000] {dagbag.py:672} DEBUG - Calling the DAG.bulk_sync_to_db method
[2025-06-27T01:21:15.922+0000] {logging_mixin.py:188} INFO - [2025-06-27T01:21:15.922+0000] {serialized_dag.py:166} DEBUG - Checking if DAG (example_sla_dag) changed
[2025-06-27T01:21:15.935+0000] {logging_mixin.py:188} INFO - [2025-06-27T01:21:15.934+0000] {serialized_dag.py:177} DEBUG - Serialized DAG (example_sla_dag) is unchanged. Skipping writing to DB
[2025-06-27T01:21:15.936+0000] {logging_mixin.py:188} INFO - [2025-06-27T01:21:15.935+0000] {dag.py:3096} INFO - Sync 1 DAGs
[2025-06-27T01:21:15.971+0000] {logging_mixin.py:188} INFO - [2025-06-27T01:21:15.970+0000] {dag.py:3954} INFO - Setting next_dagrun for example_sla_dag to 2025-06-27 01:18:00+00:00, run_after=2025-06-27 01:20:00+00:00
[2025-06-27T01:21:16.003+0000] {processor.py:183} INFO - Processing /home/airflow/.local/lib/python3.10/site-packages/airflow/example_dags/example_sla_dag.py took 0.144 seconds
[2025-06-27T01:21:46.468+0000] {logging_mixin.py:188} INFO - [2025-06-27T01:21:46.466+0000] {settings.py:250} DEBUG - Setting up DB connection pool (PID 20909)
[2025-06-27T01:21:46.470+0000] {logging_mixin.py:188} INFO - [2025-06-27T01:21:46.470+0000] {settings.py:330} DEBUG - settings.prepare_engine_args(): Using pool settings. pool_size=5, max_overflow=10, pool_recycle=1800, pid=20909
[2025-06-27T01:21:46.481+0000] {processor.py:161} INFO - Started process (PID=20909) to work on /home/airflow/.local/lib/python3.10/site-packages/airflow/example_dags/example_sla_dag.py
[2025-06-27T01:21:46.482+0000] {processor.py:830} INFO - Processing file /home/airflow/.local/lib/python3.10/site-packages/airflow/example_dags/example_sla_dag.py for tasks to queue
[2025-06-27T01:21:46.484+0000] {logging_mixin.py:188} INFO - [2025-06-27T01:21:46.483+0000] {dagbag.py:545} INFO - Filling up the DagBag from /home/airflow/.local/lib/python3.10/site-packages/airflow/example_dags/example_sla_dag.py
[2025-06-27T01:21:46.486+0000] {logging_mixin.py:188} INFO - [2025-06-27T01:21:46.485+0000] {dagbag.py:337} DEBUG - Importing /home/airflow/.local/lib/python3.10/site-packages/airflow/example_dags/example_sla_dag.py
[2025-06-27T01:21:46.491+0000] {logging_mixin.py:188} INFO - [2025-06-27T01:21:46.491+0000] {GetText.py:65} DEBUG - /home/airflow/.local/lib/python3.10/site-packages/cron_descriptor/locale/en_US.mo Loaded
[2025-06-27T01:21:46.502+0000] {logging_mixin.py:188} INFO - [2025-06-27T01:21:46.501+0000] {dagbag.py:511} DEBUG - Loaded DAG <DAG: example_sla_dag>
[2025-06-27T01:21:46.503+0000] {processor.py:840} INFO - DAG(s) 'example_sla_dag' retrieved from /home/airflow/.local/lib/python3.10/site-packages/airflow/example_dags/example_sla_dag.py
[2025-06-27T01:21:46.505+0000] {logging_mixin.py:188} INFO - [2025-06-27T01:21:46.505+0000] {dagbag.py:667} DEBUG - Running dagbag.sync_to_db with retries. Try 1 of 3
[2025-06-27T01:21:46.506+0000] {logging_mixin.py:188} INFO - [2025-06-27T01:21:46.506+0000] {dagbag.py:672} DEBUG - Calling the DAG.bulk_sync_to_db method
[2025-06-27T01:21:46.529+0000] {logging_mixin.py:188} INFO - [2025-06-27T01:21:46.528+0000] {serialized_dag.py:166} DEBUG - Checking if DAG (example_sla_dag) changed
[2025-06-27T01:21:46.541+0000] {logging_mixin.py:188} INFO - [2025-06-27T01:21:46.541+0000] {serialized_dag.py:177} DEBUG - Serialized DAG (example_sla_dag) is unchanged. Skipping writing to DB
[2025-06-27T01:21:46.542+0000] {logging_mixin.py:188} INFO - [2025-06-27T01:21:46.542+0000] {dag.py:3096} INFO - Sync 1 DAGs
[2025-06-27T01:21:46.578+0000] {logging_mixin.py:188} INFO - [2025-06-27T01:21:46.578+0000] {dag.py:3954} INFO - Setting next_dagrun for example_sla_dag to 2025-06-27 01:18:00+00:00, run_after=2025-06-27 01:20:00+00:00
[2025-06-27T01:21:46.606+0000] {processor.py:183} INFO - Processing /home/airflow/.local/lib/python3.10/site-packages/airflow/example_dags/example_sla_dag.py took 0.140 seconds
[2025-06-27T01:22:17.416+0000] {logging_mixin.py:188} INFO - [2025-06-27T01:22:17.414+0000] {settings.py:250} DEBUG - Setting up DB connection pool (PID 20972)
[2025-06-27T01:22:17.439+0000] {logging_mixin.py:188} INFO - [2025-06-27T01:22:17.435+0000] {settings.py:330} DEBUG - settings.prepare_engine_args(): Using pool settings. pool_size=5, max_overflow=10, pool_recycle=1800, pid=20972
[2025-06-27T01:22:17.464+0000] {processor.py:161} INFO - Started process (PID=20972) to work on /home/airflow/.local/lib/python3.10/site-packages/airflow/example_dags/example_sla_dag.py
[2025-06-27T01:22:17.469+0000] {processor.py:830} INFO - Processing file /home/airflow/.local/lib/python3.10/site-packages/airflow/example_dags/example_sla_dag.py for tasks to queue
[2025-06-27T01:22:17.472+0000] {logging_mixin.py:188} INFO - [2025-06-27T01:22:17.471+0000] {dagbag.py:545} INFO - Filling up the DagBag from /home/airflow/.local/lib/python3.10/site-packages/airflow/example_dags/example_sla_dag.py
[2025-06-27T01:22:17.481+0000] {logging_mixin.py:188} INFO - [2025-06-27T01:22:17.481+0000] {dagbag.py:337} DEBUG - Importing /home/airflow/.local/lib/python3.10/site-packages/airflow/example_dags/example_sla_dag.py
[2025-06-27T01:22:17.489+0000] {logging_mixin.py:188} INFO - [2025-06-27T01:22:17.488+0000] {GetText.py:65} DEBUG - /home/airflow/.local/lib/python3.10/site-packages/cron_descriptor/locale/en_US.mo Loaded
[2025-06-27T01:22:17.505+0000] {logging_mixin.py:188} INFO - [2025-06-27T01:22:17.502+0000] {dagbag.py:511} DEBUG - Loaded DAG <DAG: example_sla_dag>
[2025-06-27T01:22:17.506+0000] {processor.py:840} INFO - DAG(s) 'example_sla_dag' retrieved from /home/airflow/.local/lib/python3.10/site-packages/airflow/example_dags/example_sla_dag.py
[2025-06-27T01:22:17.509+0000] {logging_mixin.py:188} INFO - [2025-06-27T01:22:17.509+0000] {dagbag.py:667} DEBUG - Running dagbag.sync_to_db with retries. Try 1 of 3
[2025-06-27T01:22:17.511+0000] {logging_mixin.py:188} INFO - [2025-06-27T01:22:17.510+0000] {dagbag.py:672} DEBUG - Calling the DAG.bulk_sync_to_db method
[2025-06-27T01:22:17.540+0000] {logging_mixin.py:188} INFO - [2025-06-27T01:22:17.539+0000] {serialized_dag.py:166} DEBUG - Checking if DAG (example_sla_dag) changed
[2025-06-27T01:22:17.559+0000] {logging_mixin.py:188} INFO - [2025-06-27T01:22:17.558+0000] {serialized_dag.py:177} DEBUG - Serialized DAG (example_sla_dag) is unchanged. Skipping writing to DB
[2025-06-27T01:22:17.560+0000] {logging_mixin.py:188} INFO - [2025-06-27T01:22:17.560+0000] {dag.py:3096} INFO - Sync 1 DAGs
[2025-06-27T01:22:17.609+0000] {logging_mixin.py:188} INFO - [2025-06-27T01:22:17.609+0000] {dag.py:3954} INFO - Setting next_dagrun for example_sla_dag to 2025-06-27 01:20:00+00:00, run_after=2025-06-27 01:22:00+00:00
[2025-06-27T01:22:17.647+0000] {processor.py:183} INFO - Processing /home/airflow/.local/lib/python3.10/site-packages/airflow/example_dags/example_sla_dag.py took 0.233 seconds
[2025-06-27T01:22:48.240+0000] {logging_mixin.py:188} INFO - [2025-06-27T01:22:48.238+0000] {settings.py:250} DEBUG - Setting up DB connection pool (PID 21035)
[2025-06-27T01:22:48.242+0000] {logging_mixin.py:188} INFO - [2025-06-27T01:22:48.241+0000] {settings.py:330} DEBUG - settings.prepare_engine_args(): Using pool settings. pool_size=5, max_overflow=10, pool_recycle=1800, pid=21035
[2025-06-27T01:22:48.253+0000] {processor.py:161} INFO - Started process (PID=21035) to work on /home/airflow/.local/lib/python3.10/site-packages/airflow/example_dags/example_sla_dag.py
[2025-06-27T01:22:48.254+0000] {processor.py:830} INFO - Processing file /home/airflow/.local/lib/python3.10/site-packages/airflow/example_dags/example_sla_dag.py for tasks to queue
[2025-06-27T01:22:48.256+0000] {logging_mixin.py:188} INFO - [2025-06-27T01:22:48.256+0000] {dagbag.py:545} INFO - Filling up the DagBag from /home/airflow/.local/lib/python3.10/site-packages/airflow/example_dags/example_sla_dag.py
[2025-06-27T01:22:48.259+0000] {logging_mixin.py:188} INFO - [2025-06-27T01:22:48.258+0000] {dagbag.py:337} DEBUG - Importing /home/airflow/.local/lib/python3.10/site-packages/airflow/example_dags/example_sla_dag.py
[2025-06-27T01:22:48.265+0000] {logging_mixin.py:188} INFO - [2025-06-27T01:22:48.264+0000] {GetText.py:65} DEBUG - /home/airflow/.local/lib/python3.10/site-packages/cron_descriptor/locale/en_US.mo Loaded
[2025-06-27T01:22:48.274+0000] {logging_mixin.py:188} INFO - [2025-06-27T01:22:48.273+0000] {dagbag.py:511} DEBUG - Loaded DAG <DAG: example_sla_dag>
[2025-06-27T01:22:48.275+0000] {processor.py:840} INFO - DAG(s) 'example_sla_dag' retrieved from /home/airflow/.local/lib/python3.10/site-packages/airflow/example_dags/example_sla_dag.py
[2025-06-27T01:22:48.278+0000] {logging_mixin.py:188} INFO - [2025-06-27T01:22:48.278+0000] {dagbag.py:667} DEBUG - Running dagbag.sync_to_db with retries. Try 1 of 3
[2025-06-27T01:22:48.279+0000] {logging_mixin.py:188} INFO - [2025-06-27T01:22:48.279+0000] {dagbag.py:672} DEBUG - Calling the DAG.bulk_sync_to_db method
[2025-06-27T01:22:48.300+0000] {logging_mixin.py:188} INFO - [2025-06-27T01:22:48.299+0000] {serialized_dag.py:166} DEBUG - Checking if DAG (example_sla_dag) changed
[2025-06-27T01:22:48.313+0000] {logging_mixin.py:188} INFO - [2025-06-27T01:22:48.313+0000] {serialized_dag.py:177} DEBUG - Serialized DAG (example_sla_dag) is unchanged. Skipping writing to DB
[2025-06-27T01:22:48.314+0000] {logging_mixin.py:188} INFO - [2025-06-27T01:22:48.314+0000] {dag.py:3096} INFO - Sync 1 DAGs
[2025-06-27T01:22:48.352+0000] {logging_mixin.py:188} INFO - [2025-06-27T01:22:48.352+0000] {dag.py:3954} INFO - Setting next_dagrun for example_sla_dag to 2025-06-27 01:20:00+00:00, run_after=2025-06-27 01:22:00+00:00
[2025-06-27T01:22:48.390+0000] {processor.py:183} INFO - Processing /home/airflow/.local/lib/python3.10/site-packages/airflow/example_dags/example_sla_dag.py took 0.152 seconds
[2025-06-27T01:23:18.664+0000] {logging_mixin.py:188} INFO - [2025-06-27T01:23:18.663+0000] {settings.py:250} DEBUG - Setting up DB connection pool (PID 21100)
[2025-06-27T01:23:18.666+0000] {logging_mixin.py:188} INFO - [2025-06-27T01:23:18.666+0000] {settings.py:330} DEBUG - settings.prepare_engine_args(): Using pool settings. pool_size=5, max_overflow=10, pool_recycle=1800, pid=21100
[2025-06-27T01:23:18.681+0000] {processor.py:161} INFO - Started process (PID=21100) to work on /home/airflow/.local/lib/python3.10/site-packages/airflow/example_dags/example_sla_dag.py
[2025-06-27T01:23:18.682+0000] {processor.py:830} INFO - Processing file /home/airflow/.local/lib/python3.10/site-packages/airflow/example_dags/example_sla_dag.py for tasks to queue
[2025-06-27T01:23:18.684+0000] {logging_mixin.py:188} INFO - [2025-06-27T01:23:18.684+0000] {dagbag.py:545} INFO - Filling up the DagBag from /home/airflow/.local/lib/python3.10/site-packages/airflow/example_dags/example_sla_dag.py
[2025-06-27T01:23:18.688+0000] {logging_mixin.py:188} INFO - [2025-06-27T01:23:18.687+0000] {dagbag.py:337} DEBUG - Importing /home/airflow/.local/lib/python3.10/site-packages/airflow/example_dags/example_sla_dag.py
[2025-06-27T01:23:18.696+0000] {logging_mixin.py:188} INFO - [2025-06-27T01:23:18.696+0000] {GetText.py:65} DEBUG - /home/airflow/.local/lib/python3.10/site-packages/cron_descriptor/locale/en_US.mo Loaded
[2025-06-27T01:23:18.709+0000] {logging_mixin.py:188} INFO - [2025-06-27T01:23:18.706+0000] {dagbag.py:511} DEBUG - Loaded DAG <DAG: example_sla_dag>
[2025-06-27T01:23:18.710+0000] {processor.py:840} INFO - DAG(s) 'example_sla_dag' retrieved from /home/airflow/.local/lib/python3.10/site-packages/airflow/example_dags/example_sla_dag.py
[2025-06-27T01:23:18.712+0000] {logging_mixin.py:188} INFO - [2025-06-27T01:23:18.712+0000] {dagbag.py:667} DEBUG - Running dagbag.sync_to_db with retries. Try 1 of 3
[2025-06-27T01:23:18.713+0000] {logging_mixin.py:188} INFO - [2025-06-27T01:23:18.713+0000] {dagbag.py:672} DEBUG - Calling the DAG.bulk_sync_to_db method
[2025-06-27T01:23:18.735+0000] {logging_mixin.py:188} INFO - [2025-06-27T01:23:18.735+0000] {serialized_dag.py:166} DEBUG - Checking if DAG (example_sla_dag) changed
[2025-06-27T01:23:18.746+0000] {logging_mixin.py:188} INFO - [2025-06-27T01:23:18.746+0000] {serialized_dag.py:177} DEBUG - Serialized DAG (example_sla_dag) is unchanged. Skipping writing to DB
[2025-06-27T01:23:18.748+0000] {logging_mixin.py:188} INFO - [2025-06-27T01:23:18.747+0000] {dag.py:3096} INFO - Sync 1 DAGs
[2025-06-27T01:23:18.796+0000] {logging_mixin.py:188} INFO - [2025-06-27T01:23:18.796+0000] {dag.py:3954} INFO - Setting next_dagrun for example_sla_dag to 2025-06-27 01:20:00+00:00, run_after=2025-06-27 01:22:00+00:00
[2025-06-27T01:23:18.833+0000] {processor.py:183} INFO - Processing /home/airflow/.local/lib/python3.10/site-packages/airflow/example_dags/example_sla_dag.py took 0.170 seconds
[2025-06-27T01:23:49.068+0000] {logging_mixin.py:188} INFO - [2025-06-27T01:23:49.067+0000] {settings.py:250} DEBUG - Setting up DB connection pool (PID 21163)
[2025-06-27T01:23:49.070+0000] {logging_mixin.py:188} INFO - [2025-06-27T01:23:49.070+0000] {settings.py:330} DEBUG - settings.prepare_engine_args(): Using pool settings. pool_size=5, max_overflow=10, pool_recycle=1800, pid=21163
[2025-06-27T01:23:49.091+0000] {processor.py:161} INFO - Started process (PID=21163) to work on /home/airflow/.local/lib/python3.10/site-packages/airflow/example_dags/example_sla_dag.py
[2025-06-27T01:23:49.095+0000] {processor.py:830} INFO - Processing file /home/airflow/.local/lib/python3.10/site-packages/airflow/example_dags/example_sla_dag.py for tasks to queue
[2025-06-27T01:23:49.097+0000] {logging_mixin.py:188} INFO - [2025-06-27T01:23:49.097+0000] {dagbag.py:545} INFO - Filling up the DagBag from /home/airflow/.local/lib/python3.10/site-packages/airflow/example_dags/example_sla_dag.py
[2025-06-27T01:23:49.101+0000] {logging_mixin.py:188} INFO - [2025-06-27T01:23:49.101+0000] {dagbag.py:337} DEBUG - Importing /home/airflow/.local/lib/python3.10/site-packages/airflow/example_dags/example_sla_dag.py
[2025-06-27T01:23:49.119+0000] {logging_mixin.py:188} INFO - [2025-06-27T01:23:49.118+0000] {GetText.py:65} DEBUG - /home/airflow/.local/lib/python3.10/site-packages/cron_descriptor/locale/en_US.mo Loaded
[2025-06-27T01:23:49.142+0000] {logging_mixin.py:188} INFO - [2025-06-27T01:23:49.137+0000] {dagbag.py:511} DEBUG - Loaded DAG <DAG: example_sla_dag>
[2025-06-27T01:23:49.143+0000] {processor.py:840} INFO - DAG(s) 'example_sla_dag' retrieved from /home/airflow/.local/lib/python3.10/site-packages/airflow/example_dags/example_sla_dag.py
[2025-06-27T01:23:49.146+0000] {logging_mixin.py:188} INFO - [2025-06-27T01:23:49.145+0000] {dagbag.py:667} DEBUG - Running dagbag.sync_to_db with retries. Try 1 of 3
[2025-06-27T01:23:49.147+0000] {logging_mixin.py:188} INFO - [2025-06-27T01:23:49.147+0000] {dagbag.py:672} DEBUG - Calling the DAG.bulk_sync_to_db method
[2025-06-27T01:23:49.193+0000] {logging_mixin.py:188} INFO - [2025-06-27T01:23:49.192+0000] {serialized_dag.py:166} DEBUG - Checking if DAG (example_sla_dag) changed
[2025-06-27T01:23:49.216+0000] {logging_mixin.py:188} INFO - [2025-06-27T01:23:49.216+0000] {serialized_dag.py:177} DEBUG - Serialized DAG (example_sla_dag) is unchanged. Skipping writing to DB
[2025-06-27T01:23:49.218+0000] {logging_mixin.py:188} INFO - [2025-06-27T01:23:49.217+0000] {dag.py:3096} INFO - Sync 1 DAGs
[2025-06-27T01:23:49.270+0000] {logging_mixin.py:188} INFO - [2025-06-27T01:23:49.268+0000] {dag.py:3954} INFO - Setting next_dagrun for example_sla_dag to 2025-06-27 01:20:00+00:00, run_after=2025-06-27 01:22:00+00:00
[2025-06-27T01:23:49.330+0000] {processor.py:183} INFO - Processing /home/airflow/.local/lib/python3.10/site-packages/airflow/example_dags/example_sla_dag.py took 0.263 seconds
[2025-06-27T01:24:20.051+0000] {logging_mixin.py:188} INFO - [2025-06-27T01:24:20.049+0000] {settings.py:250} DEBUG - Setting up DB connection pool (PID 21226)
[2025-06-27T01:24:20.054+0000] {logging_mixin.py:188} INFO - [2025-06-27T01:24:20.054+0000] {settings.py:330} DEBUG - settings.prepare_engine_args(): Using pool settings. pool_size=5, max_overflow=10, pool_recycle=1800, pid=21226
[2025-06-27T01:24:20.067+0000] {processor.py:161} INFO - Started process (PID=21226) to work on /home/airflow/.local/lib/python3.10/site-packages/airflow/example_dags/example_sla_dag.py
[2025-06-27T01:24:20.069+0000] {processor.py:830} INFO - Processing file /home/airflow/.local/lib/python3.10/site-packages/airflow/example_dags/example_sla_dag.py for tasks to queue
[2025-06-27T01:24:20.071+0000] {logging_mixin.py:188} INFO - [2025-06-27T01:24:20.071+0000] {dagbag.py:545} INFO - Filling up the DagBag from /home/airflow/.local/lib/python3.10/site-packages/airflow/example_dags/example_sla_dag.py
[2025-06-27T01:24:20.075+0000] {logging_mixin.py:188} INFO - [2025-06-27T01:24:20.074+0000] {dagbag.py:337} DEBUG - Importing /home/airflow/.local/lib/python3.10/site-packages/airflow/example_dags/example_sla_dag.py
[2025-06-27T01:24:20.082+0000] {logging_mixin.py:188} INFO - [2025-06-27T01:24:20.082+0000] {GetText.py:65} DEBUG - /home/airflow/.local/lib/python3.10/site-packages/cron_descriptor/locale/en_US.mo Loaded
[2025-06-27T01:24:20.095+0000] {logging_mixin.py:188} INFO - [2025-06-27T01:24:20.093+0000] {dagbag.py:511} DEBUG - Loaded DAG <DAG: example_sla_dag>
[2025-06-27T01:24:20.096+0000] {processor.py:840} INFO - DAG(s) 'example_sla_dag' retrieved from /home/airflow/.local/lib/python3.10/site-packages/airflow/example_dags/example_sla_dag.py
[2025-06-27T01:24:20.099+0000] {logging_mixin.py:188} INFO - [2025-06-27T01:24:20.098+0000] {dagbag.py:667} DEBUG - Running dagbag.sync_to_db with retries. Try 1 of 3
[2025-06-27T01:24:20.099+0000] {logging_mixin.py:188} INFO - [2025-06-27T01:24:20.099+0000] {dagbag.py:672} DEBUG - Calling the DAG.bulk_sync_to_db method
[2025-06-27T01:24:20.122+0000] {logging_mixin.py:188} INFO - [2025-06-27T01:24:20.122+0000] {serialized_dag.py:166} DEBUG - Checking if DAG (example_sla_dag) changed
[2025-06-27T01:24:20.135+0000] {logging_mixin.py:188} INFO - [2025-06-27T01:24:20.135+0000] {serialized_dag.py:177} DEBUG - Serialized DAG (example_sla_dag) is unchanged. Skipping writing to DB
[2025-06-27T01:24:20.137+0000] {logging_mixin.py:188} INFO - [2025-06-27T01:24:20.136+0000] {dag.py:3096} INFO - Sync 1 DAGs
[2025-06-27T01:24:20.178+0000] {logging_mixin.py:188} INFO - [2025-06-27T01:24:20.178+0000] {dag.py:3954} INFO - Setting next_dagrun for example_sla_dag to 2025-06-27 01:22:00+00:00, run_after=2025-06-27 01:24:00+00:00
[2025-06-27T01:24:20.211+0000] {processor.py:183} INFO - Processing /home/airflow/.local/lib/python3.10/site-packages/airflow/example_dags/example_sla_dag.py took 0.162 seconds
[2025-06-27T01:24:50.979+0000] {logging_mixin.py:188} INFO - [2025-06-27T01:24:50.978+0000] {settings.py:250} DEBUG - Setting up DB connection pool (PID 21289)
[2025-06-27T01:24:50.982+0000] {logging_mixin.py:188} INFO - [2025-06-27T01:24:50.982+0000] {settings.py:330} DEBUG - settings.prepare_engine_args(): Using pool settings. pool_size=5, max_overflow=10, pool_recycle=1800, pid=21289
[2025-06-27T01:24:50.994+0000] {processor.py:161} INFO - Started process (PID=21289) to work on /home/airflow/.local/lib/python3.10/site-packages/airflow/example_dags/example_sla_dag.py
[2025-06-27T01:24:50.995+0000] {processor.py:830} INFO - Processing file /home/airflow/.local/lib/python3.10/site-packages/airflow/example_dags/example_sla_dag.py for tasks to queue
[2025-06-27T01:24:50.997+0000] {logging_mixin.py:188} INFO - [2025-06-27T01:24:50.997+0000] {dagbag.py:545} INFO - Filling up the DagBag from /home/airflow/.local/lib/python3.10/site-packages/airflow/example_dags/example_sla_dag.py
[2025-06-27T01:24:50.999+0000] {logging_mixin.py:188} INFO - [2025-06-27T01:24:50.999+0000] {dagbag.py:337} DEBUG - Importing /home/airflow/.local/lib/python3.10/site-packages/airflow/example_dags/example_sla_dag.py
[2025-06-27T01:24:51.005+0000] {logging_mixin.py:188} INFO - [2025-06-27T01:24:51.005+0000] {GetText.py:65} DEBUG - /home/airflow/.local/lib/python3.10/site-packages/cron_descriptor/locale/en_US.mo Loaded
[2025-06-27T01:24:51.016+0000] {logging_mixin.py:188} INFO - [2025-06-27T01:24:51.015+0000] {dagbag.py:511} DEBUG - Loaded DAG <DAG: example_sla_dag>
[2025-06-27T01:24:51.017+0000] {processor.py:840} INFO - DAG(s) 'example_sla_dag' retrieved from /home/airflow/.local/lib/python3.10/site-packages/airflow/example_dags/example_sla_dag.py
[2025-06-27T01:24:51.020+0000] {logging_mixin.py:188} INFO - [2025-06-27T01:24:51.019+0000] {dagbag.py:667} DEBUG - Running dagbag.sync_to_db with retries. Try 1 of 3
[2025-06-27T01:24:51.021+0000] {logging_mixin.py:188} INFO - [2025-06-27T01:24:51.020+0000] {dagbag.py:672} DEBUG - Calling the DAG.bulk_sync_to_db method
[2025-06-27T01:24:51.040+0000] {logging_mixin.py:188} INFO - [2025-06-27T01:24:51.040+0000] {serialized_dag.py:166} DEBUG - Checking if DAG (example_sla_dag) changed
[2025-06-27T01:24:51.052+0000] {logging_mixin.py:188} INFO - [2025-06-27T01:24:51.052+0000] {serialized_dag.py:177} DEBUG - Serialized DAG (example_sla_dag) is unchanged. Skipping writing to DB
[2025-06-27T01:24:51.053+0000] {logging_mixin.py:188} INFO - [2025-06-27T01:24:51.053+0000] {dag.py:3096} INFO - Sync 1 DAGs
[2025-06-27T01:24:51.083+0000] {logging_mixin.py:188} INFO - [2025-06-27T01:24:51.083+0000] {dag.py:3954} INFO - Setting next_dagrun for example_sla_dag to 2025-06-27 01:22:00+00:00, run_after=2025-06-27 01:24:00+00:00
[2025-06-27T01:24:51.111+0000] {processor.py:183} INFO - Processing /home/airflow/.local/lib/python3.10/site-packages/airflow/example_dags/example_sla_dag.py took 0.133 seconds
[2025-06-27T01:25:21.560+0000] {logging_mixin.py:188} INFO - [2025-06-27T01:25:21.559+0000] {settings.py:250} DEBUG - Setting up DB connection pool (PID 21352)
[2025-06-27T01:25:21.563+0000] {logging_mixin.py:188} INFO - [2025-06-27T01:25:21.562+0000] {settings.py:330} DEBUG - settings.prepare_engine_args(): Using pool settings. pool_size=5, max_overflow=10, pool_recycle=1800, pid=21352
[2025-06-27T01:25:21.578+0000] {processor.py:161} INFO - Started process (PID=21352) to work on /home/airflow/.local/lib/python3.10/site-packages/airflow/example_dags/example_sla_dag.py
[2025-06-27T01:25:21.579+0000] {processor.py:830} INFO - Processing file /home/airflow/.local/lib/python3.10/site-packages/airflow/example_dags/example_sla_dag.py for tasks to queue
[2025-06-27T01:25:21.581+0000] {logging_mixin.py:188} INFO - [2025-06-27T01:25:21.581+0000] {dagbag.py:545} INFO - Filling up the DagBag from /home/airflow/.local/lib/python3.10/site-packages/airflow/example_dags/example_sla_dag.py
[2025-06-27T01:25:21.584+0000] {logging_mixin.py:188} INFO - [2025-06-27T01:25:21.583+0000] {dagbag.py:337} DEBUG - Importing /home/airflow/.local/lib/python3.10/site-packages/airflow/example_dags/example_sla_dag.py
[2025-06-27T01:25:21.590+0000] {logging_mixin.py:188} INFO - [2025-06-27T01:25:21.590+0000] {GetText.py:65} DEBUG - /home/airflow/.local/lib/python3.10/site-packages/cron_descriptor/locale/en_US.mo Loaded
[2025-06-27T01:25:21.602+0000] {logging_mixin.py:188} INFO - [2025-06-27T01:25:21.600+0000] {dagbag.py:511} DEBUG - Loaded DAG <DAG: example_sla_dag>
[2025-06-27T01:25:21.603+0000] {processor.py:840} INFO - DAG(s) 'example_sla_dag' retrieved from /home/airflow/.local/lib/python3.10/site-packages/airflow/example_dags/example_sla_dag.py
[2025-06-27T01:25:21.606+0000] {logging_mixin.py:188} INFO - [2025-06-27T01:25:21.606+0000] {dagbag.py:667} DEBUG - Running dagbag.sync_to_db with retries. Try 1 of 3
[2025-06-27T01:25:21.607+0000] {logging_mixin.py:188} INFO - [2025-06-27T01:25:21.607+0000] {dagbag.py:672} DEBUG - Calling the DAG.bulk_sync_to_db method
[2025-06-27T01:25:21.629+0000] {logging_mixin.py:188} INFO - [2025-06-27T01:25:21.629+0000] {serialized_dag.py:166} DEBUG - Checking if DAG (example_sla_dag) changed
[2025-06-27T01:25:21.642+0000] {logging_mixin.py:188} INFO - [2025-06-27T01:25:21.641+0000] {serialized_dag.py:177} DEBUG - Serialized DAG (example_sla_dag) is unchanged. Skipping writing to DB
[2025-06-27T01:25:21.643+0000] {logging_mixin.py:188} INFO - [2025-06-27T01:25:21.643+0000] {dag.py:3096} INFO - Sync 1 DAGs
[2025-06-27T01:25:21.677+0000] {logging_mixin.py:188} INFO - [2025-06-27T01:25:21.677+0000] {dag.py:3954} INFO - Setting next_dagrun for example_sla_dag to 2025-06-27 01:22:00+00:00, run_after=2025-06-27 01:24:00+00:00
[2025-06-27T01:25:21.710+0000] {processor.py:183} INFO - Processing /home/airflow/.local/lib/python3.10/site-packages/airflow/example_dags/example_sla_dag.py took 0.151 seconds
[2025-06-27T01:25:52.572+0000] {logging_mixin.py:188} INFO - [2025-06-27T01:25:52.571+0000] {settings.py:250} DEBUG - Setting up DB connection pool (PID 21415)
[2025-06-27T01:25:52.574+0000] {logging_mixin.py:188} INFO - [2025-06-27T01:25:52.574+0000] {settings.py:330} DEBUG - settings.prepare_engine_args(): Using pool settings. pool_size=5, max_overflow=10, pool_recycle=1800, pid=21415
[2025-06-27T01:25:52.584+0000] {processor.py:161} INFO - Started process (PID=21415) to work on /home/airflow/.local/lib/python3.10/site-packages/airflow/example_dags/example_sla_dag.py
[2025-06-27T01:25:52.586+0000] {processor.py:830} INFO - Processing file /home/airflow/.local/lib/python3.10/site-packages/airflow/example_dags/example_sla_dag.py for tasks to queue
[2025-06-27T01:25:52.587+0000] {logging_mixin.py:188} INFO - [2025-06-27T01:25:52.587+0000] {dagbag.py:545} INFO - Filling up the DagBag from /home/airflow/.local/lib/python3.10/site-packages/airflow/example_dags/example_sla_dag.py
[2025-06-27T01:25:52.590+0000] {logging_mixin.py:188} INFO - [2025-06-27T01:25:52.589+0000] {dagbag.py:337} DEBUG - Importing /home/airflow/.local/lib/python3.10/site-packages/airflow/example_dags/example_sla_dag.py
[2025-06-27T01:25:52.596+0000] {logging_mixin.py:188} INFO - [2025-06-27T01:25:52.595+0000] {GetText.py:65} DEBUG - /home/airflow/.local/lib/python3.10/site-packages/cron_descriptor/locale/en_US.mo Loaded
[2025-06-27T01:25:52.606+0000] {logging_mixin.py:188} INFO - [2025-06-27T01:25:52.604+0000] {dagbag.py:511} DEBUG - Loaded DAG <DAG: example_sla_dag>
[2025-06-27T01:25:52.606+0000] {processor.py:840} INFO - DAG(s) 'example_sla_dag' retrieved from /home/airflow/.local/lib/python3.10/site-packages/airflow/example_dags/example_sla_dag.py
[2025-06-27T01:25:52.609+0000] {logging_mixin.py:188} INFO - [2025-06-27T01:25:52.609+0000] {dagbag.py:667} DEBUG - Running dagbag.sync_to_db with retries. Try 1 of 3
[2025-06-27T01:25:52.610+0000] {logging_mixin.py:188} INFO - [2025-06-27T01:25:52.609+0000] {dagbag.py:672} DEBUG - Calling the DAG.bulk_sync_to_db method
[2025-06-27T01:25:52.632+0000] {logging_mixin.py:188} INFO - [2025-06-27T01:25:52.632+0000] {serialized_dag.py:166} DEBUG - Checking if DAG (example_sla_dag) changed
[2025-06-27T01:25:52.645+0000] {logging_mixin.py:188} INFO - [2025-06-27T01:25:52.644+0000] {serialized_dag.py:177} DEBUG - Serialized DAG (example_sla_dag) is unchanged. Skipping writing to DB
[2025-06-27T01:25:52.646+0000] {logging_mixin.py:188} INFO - [2025-06-27T01:25:52.646+0000] {dag.py:3096} INFO - Sync 1 DAGs
[2025-06-27T01:25:52.679+0000] {logging_mixin.py:188} INFO - [2025-06-27T01:25:52.679+0000] {dag.py:3954} INFO - Setting next_dagrun for example_sla_dag to 2025-06-27 01:22:00+00:00, run_after=2025-06-27 01:24:00+00:00
[2025-06-27T01:25:52.714+0000] {processor.py:183} INFO - Processing /home/airflow/.local/lib/python3.10/site-packages/airflow/example_dags/example_sla_dag.py took 0.143 seconds
[2025-06-27T01:26:23.025+0000] {logging_mixin.py:188} INFO - [2025-06-27T01:26:23.023+0000] {settings.py:250} DEBUG - Setting up DB connection pool (PID 21478)
[2025-06-27T01:26:23.027+0000] {logging_mixin.py:188} INFO - [2025-06-27T01:26:23.027+0000] {settings.py:330} DEBUG - settings.prepare_engine_args(): Using pool settings. pool_size=5, max_overflow=10, pool_recycle=1800, pid=21478
[2025-06-27T01:26:23.038+0000] {processor.py:161} INFO - Started process (PID=21478) to work on /home/airflow/.local/lib/python3.10/site-packages/airflow/example_dags/example_sla_dag.py
[2025-06-27T01:26:23.039+0000] {processor.py:830} INFO - Processing file /home/airflow/.local/lib/python3.10/site-packages/airflow/example_dags/example_sla_dag.py for tasks to queue
[2025-06-27T01:26:23.041+0000] {logging_mixin.py:188} INFO - [2025-06-27T01:26:23.041+0000] {dagbag.py:545} INFO - Filling up the DagBag from /home/airflow/.local/lib/python3.10/site-packages/airflow/example_dags/example_sla_dag.py
[2025-06-27T01:26:23.043+0000] {logging_mixin.py:188} INFO - [2025-06-27T01:26:23.043+0000] {dagbag.py:337} DEBUG - Importing /home/airflow/.local/lib/python3.10/site-packages/airflow/example_dags/example_sla_dag.py
[2025-06-27T01:26:23.049+0000] {logging_mixin.py:188} INFO - [2025-06-27T01:26:23.048+0000] {GetText.py:65} DEBUG - /home/airflow/.local/lib/python3.10/site-packages/cron_descriptor/locale/en_US.mo Loaded
[2025-06-27T01:26:23.059+0000] {logging_mixin.py:188} INFO - [2025-06-27T01:26:23.057+0000] {dagbag.py:511} DEBUG - Loaded DAG <DAG: example_sla_dag>
[2025-06-27T01:26:23.060+0000] {processor.py:840} INFO - DAG(s) 'example_sla_dag' retrieved from /home/airflow/.local/lib/python3.10/site-packages/airflow/example_dags/example_sla_dag.py
[2025-06-27T01:26:23.063+0000] {logging_mixin.py:188} INFO - [2025-06-27T01:26:23.062+0000] {dagbag.py:667} DEBUG - Running dagbag.sync_to_db with retries. Try 1 of 3
[2025-06-27T01:26:23.064+0000] {logging_mixin.py:188} INFO - [2025-06-27T01:26:23.064+0000] {dagbag.py:672} DEBUG - Calling the DAG.bulk_sync_to_db method
[2025-06-27T01:26:23.087+0000] {logging_mixin.py:188} INFO - [2025-06-27T01:26:23.086+0000] {serialized_dag.py:166} DEBUG - Checking if DAG (example_sla_dag) changed
[2025-06-27T01:26:23.107+0000] {logging_mixin.py:188} INFO - [2025-06-27T01:26:23.106+0000] {serialized_dag.py:177} DEBUG - Serialized DAG (example_sla_dag) is unchanged. Skipping writing to DB
[2025-06-27T01:26:23.108+0000] {logging_mixin.py:188} INFO - [2025-06-27T01:26:23.108+0000] {dag.py:3096} INFO - Sync 1 DAGs
[2025-06-27T01:26:23.155+0000] {logging_mixin.py:188} INFO - [2025-06-27T01:26:23.154+0000] {dag.py:3954} INFO - Setting next_dagrun for example_sla_dag to 2025-06-27 01:24:00+00:00, run_after=2025-06-27 01:26:00+00:00
[2025-06-27T01:26:23.191+0000] {processor.py:183} INFO - Processing /home/airflow/.local/lib/python3.10/site-packages/airflow/example_dags/example_sla_dag.py took 0.168 seconds
[2025-06-27T01:26:54.386+0000] {logging_mixin.py:188} INFO - [2025-06-27T01:26:54.385+0000] {settings.py:250} DEBUG - Setting up DB connection pool (PID 21541)
[2025-06-27T01:26:54.388+0000] {logging_mixin.py:188} INFO - [2025-06-27T01:26:54.388+0000] {settings.py:330} DEBUG - settings.prepare_engine_args(): Using pool settings. pool_size=5, max_overflow=10, pool_recycle=1800, pid=21541
[2025-06-27T01:26:54.399+0000] {processor.py:161} INFO - Started process (PID=21541) to work on /home/airflow/.local/lib/python3.10/site-packages/airflow/example_dags/example_sla_dag.py
[2025-06-27T01:26:54.401+0000] {processor.py:830} INFO - Processing file /home/airflow/.local/lib/python3.10/site-packages/airflow/example_dags/example_sla_dag.py for tasks to queue
[2025-06-27T01:26:54.402+0000] {logging_mixin.py:188} INFO - [2025-06-27T01:26:54.402+0000] {dagbag.py:545} INFO - Filling up the DagBag from /home/airflow/.local/lib/python3.10/site-packages/airflow/example_dags/example_sla_dag.py
[2025-06-27T01:26:54.405+0000] {logging_mixin.py:188} INFO - [2025-06-27T01:26:54.405+0000] {dagbag.py:337} DEBUG - Importing /home/airflow/.local/lib/python3.10/site-packages/airflow/example_dags/example_sla_dag.py
[2025-06-27T01:26:54.410+0000] {logging_mixin.py:188} INFO - [2025-06-27T01:26:54.410+0000] {GetText.py:65} DEBUG - /home/airflow/.local/lib/python3.10/site-packages/cron_descriptor/locale/en_US.mo Loaded
[2025-06-27T01:26:54.420+0000] {logging_mixin.py:188} INFO - [2025-06-27T01:26:54.418+0000] {dagbag.py:511} DEBUG - Loaded DAG <DAG: example_sla_dag>
[2025-06-27T01:26:54.421+0000] {processor.py:840} INFO - DAG(s) 'example_sla_dag' retrieved from /home/airflow/.local/lib/python3.10/site-packages/airflow/example_dags/example_sla_dag.py
[2025-06-27T01:26:54.424+0000] {logging_mixin.py:188} INFO - [2025-06-27T01:26:54.423+0000] {dagbag.py:667} DEBUG - Running dagbag.sync_to_db with retries. Try 1 of 3
[2025-06-27T01:26:54.425+0000] {logging_mixin.py:188} INFO - [2025-06-27T01:26:54.424+0000] {dagbag.py:672} DEBUG - Calling the DAG.bulk_sync_to_db method
[2025-06-27T01:26:54.445+0000] {logging_mixin.py:188} INFO - [2025-06-27T01:26:54.444+0000] {serialized_dag.py:166} DEBUG - Checking if DAG (example_sla_dag) changed
[2025-06-27T01:26:54.458+0000] {logging_mixin.py:188} INFO - [2025-06-27T01:26:54.458+0000] {serialized_dag.py:177} DEBUG - Serialized DAG (example_sla_dag) is unchanged. Skipping writing to DB
[2025-06-27T01:26:54.459+0000] {logging_mixin.py:188} INFO - [2025-06-27T01:26:54.459+0000] {dag.py:3096} INFO - Sync 1 DAGs
[2025-06-27T01:26:54.497+0000] {logging_mixin.py:188} INFO - [2025-06-27T01:26:54.497+0000] {dag.py:3954} INFO - Setting next_dagrun for example_sla_dag to 2025-06-27 01:24:00+00:00, run_after=2025-06-27 01:26:00+00:00
[2025-06-27T01:26:54.529+0000] {processor.py:183} INFO - Processing /home/airflow/.local/lib/python3.10/site-packages/airflow/example_dags/example_sla_dag.py took 0.143 seconds
[2025-06-27T01:27:24.717+0000] {logging_mixin.py:188} INFO - [2025-06-27T01:27:24.716+0000] {settings.py:250} DEBUG - Setting up DB connection pool (PID 21602)
[2025-06-27T01:27:24.719+0000] {logging_mixin.py:188} INFO - [2025-06-27T01:27:24.719+0000] {settings.py:330} DEBUG - settings.prepare_engine_args(): Using pool settings. pool_size=5, max_overflow=10, pool_recycle=1800, pid=21602
[2025-06-27T01:27:24.732+0000] {processor.py:161} INFO - Started process (PID=21602) to work on /home/airflow/.local/lib/python3.10/site-packages/airflow/example_dags/example_sla_dag.py
[2025-06-27T01:27:24.734+0000] {processor.py:830} INFO - Processing file /home/airflow/.local/lib/python3.10/site-packages/airflow/example_dags/example_sla_dag.py for tasks to queue
[2025-06-27T01:27:24.735+0000] {logging_mixin.py:188} INFO - [2025-06-27T01:27:24.735+0000] {dagbag.py:545} INFO - Filling up the DagBag from /home/airflow/.local/lib/python3.10/site-packages/airflow/example_dags/example_sla_dag.py
[2025-06-27T01:27:24.738+0000] {logging_mixin.py:188} INFO - [2025-06-27T01:27:24.738+0000] {dagbag.py:337} DEBUG - Importing /home/airflow/.local/lib/python3.10/site-packages/airflow/example_dags/example_sla_dag.py
[2025-06-27T01:27:24.745+0000] {logging_mixin.py:188} INFO - [2025-06-27T01:27:24.744+0000] {GetText.py:65} DEBUG - /home/airflow/.local/lib/python3.10/site-packages/cron_descriptor/locale/en_US.mo Loaded
[2025-06-27T01:27:24.758+0000] {logging_mixin.py:188} INFO - [2025-06-27T01:27:24.755+0000] {dagbag.py:511} DEBUG - Loaded DAG <DAG: example_sla_dag>
[2025-06-27T01:27:24.759+0000] {processor.py:840} INFO - DAG(s) 'example_sla_dag' retrieved from /home/airflow/.local/lib/python3.10/site-packages/airflow/example_dags/example_sla_dag.py
[2025-06-27T01:27:24.762+0000] {logging_mixin.py:188} INFO - [2025-06-27T01:27:24.762+0000] {dagbag.py:667} DEBUG - Running dagbag.sync_to_db with retries. Try 1 of 3
[2025-06-27T01:27:24.763+0000] {logging_mixin.py:188} INFO - [2025-06-27T01:27:24.763+0000] {dagbag.py:672} DEBUG - Calling the DAG.bulk_sync_to_db method
[2025-06-27T01:27:24.799+0000] {logging_mixin.py:188} INFO - [2025-06-27T01:27:24.798+0000] {serialized_dag.py:166} DEBUG - Checking if DAG (example_sla_dag) changed
[2025-06-27T01:27:24.823+0000] {logging_mixin.py:188} INFO - [2025-06-27T01:27:24.823+0000] {serialized_dag.py:177} DEBUG - Serialized DAG (example_sla_dag) is unchanged. Skipping writing to DB
[2025-06-27T01:27:24.825+0000] {logging_mixin.py:188} INFO - [2025-06-27T01:27:24.824+0000] {dag.py:3096} INFO - Sync 1 DAGs
[2025-06-27T01:27:24.878+0000] {logging_mixin.py:188} INFO - [2025-06-27T01:27:24.877+0000] {dag.py:3954} INFO - Setting next_dagrun for example_sla_dag to 2025-06-27 01:24:00+00:00, run_after=2025-06-27 01:26:00+00:00
[2025-06-27T01:27:24.921+0000] {processor.py:183} INFO - Processing /home/airflow/.local/lib/python3.10/site-packages/airflow/example_dags/example_sla_dag.py took 0.206 seconds
[2025-06-27T01:27:55.887+0000] {logging_mixin.py:188} INFO - [2025-06-27T01:27:55.886+0000] {settings.py:250} DEBUG - Setting up DB connection pool (PID 21666)
[2025-06-27T01:27:55.890+0000] {logging_mixin.py:188} INFO - [2025-06-27T01:27:55.890+0000] {settings.py:330} DEBUG - settings.prepare_engine_args(): Using pool settings. pool_size=5, max_overflow=10, pool_recycle=1800, pid=21666
[2025-06-27T01:27:55.902+0000] {processor.py:161} INFO - Started process (PID=21666) to work on /home/airflow/.local/lib/python3.10/site-packages/airflow/example_dags/example_sla_dag.py
[2025-06-27T01:27:55.904+0000] {processor.py:830} INFO - Processing file /home/airflow/.local/lib/python3.10/site-packages/airflow/example_dags/example_sla_dag.py for tasks to queue
[2025-06-27T01:27:55.905+0000] {logging_mixin.py:188} INFO - [2025-06-27T01:27:55.905+0000] {dagbag.py:545} INFO - Filling up the DagBag from /home/airflow/.local/lib/python3.10/site-packages/airflow/example_dags/example_sla_dag.py
[2025-06-27T01:27:55.908+0000] {logging_mixin.py:188} INFO - [2025-06-27T01:27:55.908+0000] {dagbag.py:337} DEBUG - Importing /home/airflow/.local/lib/python3.10/site-packages/airflow/example_dags/example_sla_dag.py
[2025-06-27T01:27:55.913+0000] {logging_mixin.py:188} INFO - [2025-06-27T01:27:55.913+0000] {GetText.py:65} DEBUG - /home/airflow/.local/lib/python3.10/site-packages/cron_descriptor/locale/en_US.mo Loaded
[2025-06-27T01:27:55.923+0000] {logging_mixin.py:188} INFO - [2025-06-27T01:27:55.921+0000] {dagbag.py:511} DEBUG - Loaded DAG <DAG: example_sla_dag>
[2025-06-27T01:27:55.923+0000] {processor.py:840} INFO - DAG(s) 'example_sla_dag' retrieved from /home/airflow/.local/lib/python3.10/site-packages/airflow/example_dags/example_sla_dag.py
[2025-06-27T01:27:55.926+0000] {logging_mixin.py:188} INFO - [2025-06-27T01:27:55.926+0000] {dagbag.py:667} DEBUG - Running dagbag.sync_to_db with retries. Try 1 of 3
[2025-06-27T01:27:55.927+0000] {logging_mixin.py:188} INFO - [2025-06-27T01:27:55.927+0000] {dagbag.py:672} DEBUG - Calling the DAG.bulk_sync_to_db method
[2025-06-27T01:27:55.950+0000] {logging_mixin.py:188} INFO - [2025-06-27T01:27:55.950+0000] {serialized_dag.py:166} DEBUG - Checking if DAG (example_sla_dag) changed
[2025-06-27T01:27:55.964+0000] {logging_mixin.py:188} INFO - [2025-06-27T01:27:55.964+0000] {serialized_dag.py:177} DEBUG - Serialized DAG (example_sla_dag) is unchanged. Skipping writing to DB
[2025-06-27T01:27:55.965+0000] {logging_mixin.py:188} INFO - [2025-06-27T01:27:55.965+0000] {dag.py:3096} INFO - Sync 1 DAGs
[2025-06-27T01:27:56.002+0000] {logging_mixin.py:188} INFO - [2025-06-27T01:27:56.002+0000] {dag.py:3954} INFO - Setting next_dagrun for example_sla_dag to 2025-06-27 01:24:00+00:00, run_after=2025-06-27 01:26:00+00:00
[2025-06-27T01:27:56.036+0000] {processor.py:183} INFO - Processing /home/airflow/.local/lib/python3.10/site-packages/airflow/example_dags/example_sla_dag.py took 0.150 seconds
[2025-06-27T01:28:26.241+0000] {logging_mixin.py:188} INFO - [2025-06-27T01:28:26.240+0000] {settings.py:250} DEBUG - Setting up DB connection pool (PID 21729)
[2025-06-27T01:28:26.243+0000] {logging_mixin.py:188} INFO - [2025-06-27T01:28:26.243+0000] {settings.py:330} DEBUG - settings.prepare_engine_args(): Using pool settings. pool_size=5, max_overflow=10, pool_recycle=1800, pid=21729
[2025-06-27T01:28:26.255+0000] {processor.py:161} INFO - Started process (PID=21729) to work on /home/airflow/.local/lib/python3.10/site-packages/airflow/example_dags/example_sla_dag.py
[2025-06-27T01:28:26.257+0000] {processor.py:830} INFO - Processing file /home/airflow/.local/lib/python3.10/site-packages/airflow/example_dags/example_sla_dag.py for tasks to queue
[2025-06-27T01:28:26.259+0000] {logging_mixin.py:188} INFO - [2025-06-27T01:28:26.258+0000] {dagbag.py:545} INFO - Filling up the DagBag from /home/airflow/.local/lib/python3.10/site-packages/airflow/example_dags/example_sla_dag.py
[2025-06-27T01:28:26.261+0000] {logging_mixin.py:188} INFO - [2025-06-27T01:28:26.261+0000] {dagbag.py:337} DEBUG - Importing /home/airflow/.local/lib/python3.10/site-packages/airflow/example_dags/example_sla_dag.py
[2025-06-27T01:28:26.267+0000] {logging_mixin.py:188} INFO - [2025-06-27T01:28:26.267+0000] {GetText.py:65} DEBUG - /home/airflow/.local/lib/python3.10/site-packages/cron_descriptor/locale/en_US.mo Loaded
[2025-06-27T01:28:26.278+0000] {logging_mixin.py:188} INFO - [2025-06-27T01:28:26.276+0000] {dagbag.py:511} DEBUG - Loaded DAG <DAG: example_sla_dag>
[2025-06-27T01:28:26.279+0000] {processor.py:840} INFO - DAG(s) 'example_sla_dag' retrieved from /home/airflow/.local/lib/python3.10/site-packages/airflow/example_dags/example_sla_dag.py
[2025-06-27T01:28:26.282+0000] {logging_mixin.py:188} INFO - [2025-06-27T01:28:26.282+0000] {dagbag.py:667} DEBUG - Running dagbag.sync_to_db with retries. Try 1 of 3
[2025-06-27T01:28:26.283+0000] {logging_mixin.py:188} INFO - [2025-06-27T01:28:26.282+0000] {dagbag.py:672} DEBUG - Calling the DAG.bulk_sync_to_db method
[2025-06-27T01:28:26.302+0000] {logging_mixin.py:188} INFO - [2025-06-27T01:28:26.302+0000] {serialized_dag.py:166} DEBUG - Checking if DAG (example_sla_dag) changed
[2025-06-27T01:28:26.316+0000] {logging_mixin.py:188} INFO - [2025-06-27T01:28:26.316+0000] {serialized_dag.py:177} DEBUG - Serialized DAG (example_sla_dag) is unchanged. Skipping writing to DB
[2025-06-27T01:28:26.317+0000] {logging_mixin.py:188} INFO - [2025-06-27T01:28:26.317+0000] {dag.py:3096} INFO - Sync 1 DAGs
[2025-06-27T01:28:26.355+0000] {logging_mixin.py:188} INFO - [2025-06-27T01:28:26.355+0000] {dag.py:3954} INFO - Setting next_dagrun for example_sla_dag to 2025-06-27 01:26:00+00:00, run_after=2025-06-27 01:28:00+00:00
[2025-06-27T01:28:26.387+0000] {processor.py:183} INFO - Processing /home/airflow/.local/lib/python3.10/site-packages/airflow/example_dags/example_sla_dag.py took 0.148 seconds
[2025-06-27T01:28:56.673+0000] {logging_mixin.py:188} INFO - [2025-06-27T01:28:56.672+0000] {settings.py:250} DEBUG - Setting up DB connection pool (PID 21792)
[2025-06-27T01:28:56.675+0000] {logging_mixin.py:188} INFO - [2025-06-27T01:28:56.675+0000] {settings.py:330} DEBUG - settings.prepare_engine_args(): Using pool settings. pool_size=5, max_overflow=10, pool_recycle=1800, pid=21792
[2025-06-27T01:28:56.689+0000] {processor.py:161} INFO - Started process (PID=21792) to work on /home/airflow/.local/lib/python3.10/site-packages/airflow/example_dags/example_sla_dag.py
[2025-06-27T01:28:56.691+0000] {processor.py:830} INFO - Processing file /home/airflow/.local/lib/python3.10/site-packages/airflow/example_dags/example_sla_dag.py for tasks to queue
[2025-06-27T01:28:56.693+0000] {logging_mixin.py:188} INFO - [2025-06-27T01:28:56.692+0000] {dagbag.py:545} INFO - Filling up the DagBag from /home/airflow/.local/lib/python3.10/site-packages/airflow/example_dags/example_sla_dag.py
[2025-06-27T01:28:56.696+0000] {logging_mixin.py:188} INFO - [2025-06-27T01:28:56.696+0000] {dagbag.py:337} DEBUG - Importing /home/airflow/.local/lib/python3.10/site-packages/airflow/example_dags/example_sla_dag.py
[2025-06-27T01:28:56.703+0000] {logging_mixin.py:188} INFO - [2025-06-27T01:28:56.703+0000] {GetText.py:65} DEBUG - /home/airflow/.local/lib/python3.10/site-packages/cron_descriptor/locale/en_US.mo Loaded
[2025-06-27T01:28:56.720+0000] {logging_mixin.py:188} INFO - [2025-06-27T01:28:56.717+0000] {dagbag.py:511} DEBUG - Loaded DAG <DAG: example_sla_dag>
[2025-06-27T01:28:56.721+0000] {processor.py:840} INFO - DAG(s) 'example_sla_dag' retrieved from /home/airflow/.local/lib/python3.10/site-packages/airflow/example_dags/example_sla_dag.py
[2025-06-27T01:28:56.723+0000] {logging_mixin.py:188} INFO - [2025-06-27T01:28:56.723+0000] {dagbag.py:667} DEBUG - Running dagbag.sync_to_db with retries. Try 1 of 3
[2025-06-27T01:28:56.724+0000] {logging_mixin.py:188} INFO - [2025-06-27T01:28:56.724+0000] {dagbag.py:672} DEBUG - Calling the DAG.bulk_sync_to_db method
[2025-06-27T01:28:56.750+0000] {logging_mixin.py:188} INFO - [2025-06-27T01:28:56.749+0000] {serialized_dag.py:166} DEBUG - Checking if DAG (example_sla_dag) changed
[2025-06-27T01:28:56.766+0000] {logging_mixin.py:188} INFO - [2025-06-27T01:28:56.765+0000] {serialized_dag.py:177} DEBUG - Serialized DAG (example_sla_dag) is unchanged. Skipping writing to DB
[2025-06-27T01:28:56.767+0000] {logging_mixin.py:188} INFO - [2025-06-27T01:28:56.767+0000] {dag.py:3096} INFO - Sync 1 DAGs
[2025-06-27T01:28:56.816+0000] {logging_mixin.py:188} INFO - [2025-06-27T01:28:56.815+0000] {dag.py:3954} INFO - Setting next_dagrun for example_sla_dag to 2025-06-27 01:26:00+00:00, run_after=2025-06-27 01:28:00+00:00
[2025-06-27T01:28:56.852+0000] {processor.py:183} INFO - Processing /home/airflow/.local/lib/python3.10/site-packages/airflow/example_dags/example_sla_dag.py took 0.181 seconds
[2025-06-27T01:29:27.045+0000] {logging_mixin.py:188} INFO - [2025-06-27T01:29:27.044+0000] {settings.py:250} DEBUG - Setting up DB connection pool (PID 21862)
[2025-06-27T01:29:27.047+0000] {logging_mixin.py:188} INFO - [2025-06-27T01:29:27.046+0000] {settings.py:330} DEBUG - settings.prepare_engine_args(): Using pool settings. pool_size=5, max_overflow=10, pool_recycle=1800, pid=21862
[2025-06-27T01:29:27.059+0000] {processor.py:161} INFO - Started process (PID=21862) to work on /home/airflow/.local/lib/python3.10/site-packages/airflow/example_dags/example_sla_dag.py
[2025-06-27T01:29:27.061+0000] {processor.py:830} INFO - Processing file /home/airflow/.local/lib/python3.10/site-packages/airflow/example_dags/example_sla_dag.py for tasks to queue
[2025-06-27T01:29:27.062+0000] {logging_mixin.py:188} INFO - [2025-06-27T01:29:27.062+0000] {dagbag.py:545} INFO - Filling up the DagBag from /home/airflow/.local/lib/python3.10/site-packages/airflow/example_dags/example_sla_dag.py
[2025-06-27T01:29:27.065+0000] {logging_mixin.py:188} INFO - [2025-06-27T01:29:27.064+0000] {dagbag.py:337} DEBUG - Importing /home/airflow/.local/lib/python3.10/site-packages/airflow/example_dags/example_sla_dag.py
[2025-06-27T01:29:27.069+0000] {logging_mixin.py:188} INFO - [2025-06-27T01:29:27.069+0000] {GetText.py:65} DEBUG - /home/airflow/.local/lib/python3.10/site-packages/cron_descriptor/locale/en_US.mo Loaded
[2025-06-27T01:29:27.079+0000] {logging_mixin.py:188} INFO - [2025-06-27T01:29:27.077+0000] {dagbag.py:511} DEBUG - Loaded DAG <DAG: example_sla_dag>
[2025-06-27T01:29:27.080+0000] {processor.py:840} INFO - DAG(s) 'example_sla_dag' retrieved from /home/airflow/.local/lib/python3.10/site-packages/airflow/example_dags/example_sla_dag.py
[2025-06-27T01:29:27.082+0000] {logging_mixin.py:188} INFO - [2025-06-27T01:29:27.081+0000] {dagbag.py:667} DEBUG - Running dagbag.sync_to_db with retries. Try 1 of 3
[2025-06-27T01:29:27.083+0000] {logging_mixin.py:188} INFO - [2025-06-27T01:29:27.082+0000] {dagbag.py:672} DEBUG - Calling the DAG.bulk_sync_to_db method
[2025-06-27T01:29:27.103+0000] {logging_mixin.py:188} INFO - [2025-06-27T01:29:27.102+0000] {serialized_dag.py:166} DEBUG - Checking if DAG (example_sla_dag) changed
[2025-06-27T01:29:27.115+0000] {logging_mixin.py:188} INFO - [2025-06-27T01:29:27.115+0000] {serialized_dag.py:177} DEBUG - Serialized DAG (example_sla_dag) is unchanged. Skipping writing to DB
[2025-06-27T01:29:27.116+0000] {logging_mixin.py:188} INFO - [2025-06-27T01:29:27.116+0000] {dag.py:3096} INFO - Sync 1 DAGs
[2025-06-27T01:29:27.147+0000] {logging_mixin.py:188} INFO - [2025-06-27T01:29:27.147+0000] {dag.py:3954} INFO - Setting next_dagrun for example_sla_dag to 2025-06-27 01:26:00+00:00, run_after=2025-06-27 01:28:00+00:00
[2025-06-27T01:29:27.376+0000] {processor.py:183} INFO - Processing /home/airflow/.local/lib/python3.10/site-packages/airflow/example_dags/example_sla_dag.py took 0.332 seconds
[2025-06-27T01:29:58.070+0000] {logging_mixin.py:188} INFO - [2025-06-27T01:29:58.069+0000] {settings.py:250} DEBUG - Setting up DB connection pool (PID 21926)
[2025-06-27T01:29:58.073+0000] {logging_mixin.py:188} INFO - [2025-06-27T01:29:58.072+0000] {settings.py:330} DEBUG - settings.prepare_engine_args(): Using pool settings. pool_size=5, max_overflow=10, pool_recycle=1800, pid=21926
[2025-06-27T01:29:58.087+0000] {processor.py:161} INFO - Started process (PID=21926) to work on /home/airflow/.local/lib/python3.10/site-packages/airflow/example_dags/example_sla_dag.py
[2025-06-27T01:29:58.089+0000] {processor.py:830} INFO - Processing file /home/airflow/.local/lib/python3.10/site-packages/airflow/example_dags/example_sla_dag.py for tasks to queue
[2025-06-27T01:29:58.091+0000] {logging_mixin.py:188} INFO - [2025-06-27T01:29:58.091+0000] {dagbag.py:545} INFO - Filling up the DagBag from /home/airflow/.local/lib/python3.10/site-packages/airflow/example_dags/example_sla_dag.py
[2025-06-27T01:29:58.094+0000] {logging_mixin.py:188} INFO - [2025-06-27T01:29:58.093+0000] {dagbag.py:337} DEBUG - Importing /home/airflow/.local/lib/python3.10/site-packages/airflow/example_dags/example_sla_dag.py
[2025-06-27T01:29:58.102+0000] {logging_mixin.py:188} INFO - [2025-06-27T01:29:58.102+0000] {GetText.py:65} DEBUG - /home/airflow/.local/lib/python3.10/site-packages/cron_descriptor/locale/en_US.mo Loaded
[2025-06-27T01:29:58.116+0000] {logging_mixin.py:188} INFO - [2025-06-27T01:29:58.115+0000] {dagbag.py:511} DEBUG - Loaded DAG <DAG: example_sla_dag>
[2025-06-27T01:29:58.117+0000] {processor.py:840} INFO - DAG(s) 'example_sla_dag' retrieved from /home/airflow/.local/lib/python3.10/site-packages/airflow/example_dags/example_sla_dag.py
[2025-06-27T01:29:58.119+0000] {logging_mixin.py:188} INFO - [2025-06-27T01:29:58.119+0000] {dagbag.py:667} DEBUG - Running dagbag.sync_to_db with retries. Try 1 of 3
[2025-06-27T01:29:58.120+0000] {logging_mixin.py:188} INFO - [2025-06-27T01:29:58.120+0000] {dagbag.py:672} DEBUG - Calling the DAG.bulk_sync_to_db method
[2025-06-27T01:29:58.145+0000] {logging_mixin.py:188} INFO - [2025-06-27T01:29:58.144+0000] {serialized_dag.py:166} DEBUG - Checking if DAG (example_sla_dag) changed
[2025-06-27T01:29:58.162+0000] {logging_mixin.py:188} INFO - [2025-06-27T01:29:58.161+0000] {serialized_dag.py:177} DEBUG - Serialized DAG (example_sla_dag) is unchanged. Skipping writing to DB
[2025-06-27T01:29:58.163+0000] {logging_mixin.py:188} INFO - [2025-06-27T01:29:58.163+0000] {dag.py:3096} INFO - Sync 1 DAGs
[2025-06-27T01:29:58.213+0000] {logging_mixin.py:188} INFO - [2025-06-27T01:29:58.213+0000] {dag.py:3954} INFO - Setting next_dagrun for example_sla_dag to 2025-06-27 01:26:00+00:00, run_after=2025-06-27 01:28:00+00:00
[2025-06-27T01:29:58.507+0000] {processor.py:183} INFO - Processing /home/airflow/.local/lib/python3.10/site-packages/airflow/example_dags/example_sla_dag.py took 0.438 seconds
[2025-06-27T01:30:28.756+0000] {logging_mixin.py:188} INFO - [2025-06-27T01:30:28.754+0000] {settings.py:250} DEBUG - Setting up DB connection pool (PID 21989)
[2025-06-27T01:30:28.758+0000] {logging_mixin.py:188} INFO - [2025-06-27T01:30:28.758+0000] {settings.py:330} DEBUG - settings.prepare_engine_args(): Using pool settings. pool_size=5, max_overflow=10, pool_recycle=1800, pid=21989
[2025-06-27T01:30:28.770+0000] {processor.py:161} INFO - Started process (PID=21989) to work on /home/airflow/.local/lib/python3.10/site-packages/airflow/example_dags/example_sla_dag.py
[2025-06-27T01:30:28.771+0000] {processor.py:830} INFO - Processing file /home/airflow/.local/lib/python3.10/site-packages/airflow/example_dags/example_sla_dag.py for tasks to queue
[2025-06-27T01:30:28.773+0000] {logging_mixin.py:188} INFO - [2025-06-27T01:30:28.773+0000] {dagbag.py:545} INFO - Filling up the DagBag from /home/airflow/.local/lib/python3.10/site-packages/airflow/example_dags/example_sla_dag.py
[2025-06-27T01:30:28.776+0000] {logging_mixin.py:188} INFO - [2025-06-27T01:30:28.776+0000] {dagbag.py:337} DEBUG - Importing /home/airflow/.local/lib/python3.10/site-packages/airflow/example_dags/example_sla_dag.py
[2025-06-27T01:30:28.782+0000] {logging_mixin.py:188} INFO - [2025-06-27T01:30:28.782+0000] {GetText.py:65} DEBUG - /home/airflow/.local/lib/python3.10/site-packages/cron_descriptor/locale/en_US.mo Loaded
[2025-06-27T01:30:28.792+0000] {logging_mixin.py:188} INFO - [2025-06-27T01:30:28.790+0000] {dagbag.py:511} DEBUG - Loaded DAG <DAG: example_sla_dag>
[2025-06-27T01:30:28.793+0000] {processor.py:840} INFO - DAG(s) 'example_sla_dag' retrieved from /home/airflow/.local/lib/python3.10/site-packages/airflow/example_dags/example_sla_dag.py
[2025-06-27T01:30:28.796+0000] {logging_mixin.py:188} INFO - [2025-06-27T01:30:28.795+0000] {dagbag.py:667} DEBUG - Running dagbag.sync_to_db with retries. Try 1 of 3
[2025-06-27T01:30:28.796+0000] {logging_mixin.py:188} INFO - [2025-06-27T01:30:28.796+0000] {dagbag.py:672} DEBUG - Calling the DAG.bulk_sync_to_db method
[2025-06-27T01:30:28.819+0000] {logging_mixin.py:188} INFO - [2025-06-27T01:30:28.819+0000] {serialized_dag.py:166} DEBUG - Checking if DAG (example_sla_dag) changed
[2025-06-27T01:30:28.832+0000] {logging_mixin.py:188} INFO - [2025-06-27T01:30:28.832+0000] {serialized_dag.py:177} DEBUG - Serialized DAG (example_sla_dag) is unchanged. Skipping writing to DB
[2025-06-27T01:30:28.833+0000] {logging_mixin.py:188} INFO - [2025-06-27T01:30:28.833+0000] {dag.py:3096} INFO - Sync 1 DAGs
[2025-06-27T01:30:28.865+0000] {logging_mixin.py:188} INFO - [2025-06-27T01:30:28.865+0000] {dag.py:3954} INFO - Setting next_dagrun for example_sla_dag to 2025-06-27 01:28:00+00:00, run_after=2025-06-27 01:30:00+00:00
[2025-06-27T01:30:29.077+0000] {processor.py:183} INFO - Processing /home/airflow/.local/lib/python3.10/site-packages/airflow/example_dags/example_sla_dag.py took 0.323 seconds
[2025-06-27T01:30:59.591+0000] {logging_mixin.py:188} INFO - [2025-06-27T01:30:59.589+0000] {settings.py:250} DEBUG - Setting up DB connection pool (PID 22052)
[2025-06-27T01:30:59.593+0000] {logging_mixin.py:188} INFO - [2025-06-27T01:30:59.593+0000] {settings.py:330} DEBUG - settings.prepare_engine_args(): Using pool settings. pool_size=5, max_overflow=10, pool_recycle=1800, pid=22052
[2025-06-27T01:30:59.604+0000] {processor.py:161} INFO - Started process (PID=22052) to work on /home/airflow/.local/lib/python3.10/site-packages/airflow/example_dags/example_sla_dag.py
[2025-06-27T01:30:59.606+0000] {processor.py:830} INFO - Processing file /home/airflow/.local/lib/python3.10/site-packages/airflow/example_dags/example_sla_dag.py for tasks to queue
[2025-06-27T01:30:59.607+0000] {logging_mixin.py:188} INFO - [2025-06-27T01:30:59.607+0000] {dagbag.py:545} INFO - Filling up the DagBag from /home/airflow/.local/lib/python3.10/site-packages/airflow/example_dags/example_sla_dag.py
[2025-06-27T01:30:59.610+0000] {logging_mixin.py:188} INFO - [2025-06-27T01:30:59.609+0000] {dagbag.py:337} DEBUG - Importing /home/airflow/.local/lib/python3.10/site-packages/airflow/example_dags/example_sla_dag.py
[2025-06-27T01:30:59.615+0000] {logging_mixin.py:188} INFO - [2025-06-27T01:30:59.614+0000] {GetText.py:65} DEBUG - /home/airflow/.local/lib/python3.10/site-packages/cron_descriptor/locale/en_US.mo Loaded
[2025-06-27T01:30:59.625+0000] {logging_mixin.py:188} INFO - [2025-06-27T01:30:59.623+0000] {dagbag.py:511} DEBUG - Loaded DAG <DAG: example_sla_dag>
[2025-06-27T01:30:59.626+0000] {processor.py:840} INFO - DAG(s) 'example_sla_dag' retrieved from /home/airflow/.local/lib/python3.10/site-packages/airflow/example_dags/example_sla_dag.py
[2025-06-27T01:30:59.628+0000] {logging_mixin.py:188} INFO - [2025-06-27T01:30:59.628+0000] {dagbag.py:667} DEBUG - Running dagbag.sync_to_db with retries. Try 1 of 3
[2025-06-27T01:30:59.629+0000] {logging_mixin.py:188} INFO - [2025-06-27T01:30:59.629+0000] {dagbag.py:672} DEBUG - Calling the DAG.bulk_sync_to_db method
[2025-06-27T01:30:59.649+0000] {logging_mixin.py:188} INFO - [2025-06-27T01:30:59.649+0000] {serialized_dag.py:166} DEBUG - Checking if DAG (example_sla_dag) changed
[2025-06-27T01:30:59.664+0000] {logging_mixin.py:188} INFO - [2025-06-27T01:30:59.664+0000] {serialized_dag.py:177} DEBUG - Serialized DAG (example_sla_dag) is unchanged. Skipping writing to DB
[2025-06-27T01:30:59.665+0000] {logging_mixin.py:188} INFO - [2025-06-27T01:30:59.665+0000] {dag.py:3096} INFO - Sync 1 DAGs
[2025-06-27T01:30:59.698+0000] {logging_mixin.py:188} INFO - [2025-06-27T01:30:59.697+0000] {dag.py:3954} INFO - Setting next_dagrun for example_sla_dag to 2025-06-27 01:28:00+00:00, run_after=2025-06-27 01:30:00+00:00
[2025-06-27T01:30:59.726+0000] {processor.py:183} INFO - Processing /home/airflow/.local/lib/python3.10/site-packages/airflow/example_dags/example_sla_dag.py took 0.137 seconds
[2025-06-27T01:31:30.701+0000] {logging_mixin.py:188} INFO - [2025-06-27T01:31:30.700+0000] {settings.py:250} DEBUG - Setting up DB connection pool (PID 22115)
[2025-06-27T01:31:30.704+0000] {logging_mixin.py:188} INFO - [2025-06-27T01:31:30.704+0000] {settings.py:330} DEBUG - settings.prepare_engine_args(): Using pool settings. pool_size=5, max_overflow=10, pool_recycle=1800, pid=22115
[2025-06-27T01:31:30.717+0000] {processor.py:161} INFO - Started process (PID=22115) to work on /home/airflow/.local/lib/python3.10/site-packages/airflow/example_dags/example_sla_dag.py
[2025-06-27T01:31:30.719+0000] {processor.py:830} INFO - Processing file /home/airflow/.local/lib/python3.10/site-packages/airflow/example_dags/example_sla_dag.py for tasks to queue
[2025-06-27T01:31:30.721+0000] {logging_mixin.py:188} INFO - [2025-06-27T01:31:30.720+0000] {dagbag.py:545} INFO - Filling up the DagBag from /home/airflow/.local/lib/python3.10/site-packages/airflow/example_dags/example_sla_dag.py
[2025-06-27T01:31:30.724+0000] {logging_mixin.py:188} INFO - [2025-06-27T01:31:30.724+0000] {dagbag.py:337} DEBUG - Importing /home/airflow/.local/lib/python3.10/site-packages/airflow/example_dags/example_sla_dag.py
[2025-06-27T01:31:30.730+0000] {logging_mixin.py:188} INFO - [2025-06-27T01:31:30.729+0000] {GetText.py:65} DEBUG - /home/airflow/.local/lib/python3.10/site-packages/cron_descriptor/locale/en_US.mo Loaded
[2025-06-27T01:31:30.740+0000] {logging_mixin.py:188} INFO - [2025-06-27T01:31:30.739+0000] {dagbag.py:511} DEBUG - Loaded DAG <DAG: example_sla_dag>
[2025-06-27T01:31:30.741+0000] {processor.py:840} INFO - DAG(s) 'example_sla_dag' retrieved from /home/airflow/.local/lib/python3.10/site-packages/airflow/example_dags/example_sla_dag.py
[2025-06-27T01:31:30.744+0000] {logging_mixin.py:188} INFO - [2025-06-27T01:31:30.743+0000] {dagbag.py:667} DEBUG - Running dagbag.sync_to_db with retries. Try 1 of 3
[2025-06-27T01:31:30.745+0000] {logging_mixin.py:188} INFO - [2025-06-27T01:31:30.745+0000] {dagbag.py:672} DEBUG - Calling the DAG.bulk_sync_to_db method
[2025-06-27T01:31:30.769+0000] {logging_mixin.py:188} INFO - [2025-06-27T01:31:30.769+0000] {serialized_dag.py:166} DEBUG - Checking if DAG (example_sla_dag) changed
[2025-06-27T01:31:30.784+0000] {logging_mixin.py:188} INFO - [2025-06-27T01:31:30.783+0000] {serialized_dag.py:177} DEBUG - Serialized DAG (example_sla_dag) is unchanged. Skipping writing to DB
[2025-06-27T01:31:30.785+0000] {logging_mixin.py:188} INFO - [2025-06-27T01:31:30.785+0000] {dag.py:3096} INFO - Sync 1 DAGs
[2025-06-27T01:31:30.832+0000] {logging_mixin.py:188} INFO - [2025-06-27T01:31:30.832+0000] {dag.py:3954} INFO - Setting next_dagrun for example_sla_dag to 2025-06-27 01:28:00+00:00, run_after=2025-06-27 01:30:00+00:00
[2025-06-27T01:31:30.873+0000] {processor.py:183} INFO - Processing /home/airflow/.local/lib/python3.10/site-packages/airflow/example_dags/example_sla_dag.py took 0.173 seconds
[2025-06-27T01:32:01.431+0000] {logging_mixin.py:188} INFO - [2025-06-27T01:32:01.429+0000] {settings.py:250} DEBUG - Setting up DB connection pool (PID 22176)
[2025-06-27T01:32:01.434+0000] {logging_mixin.py:188} INFO - [2025-06-27T01:32:01.433+0000] {settings.py:330} DEBUG - settings.prepare_engine_args(): Using pool settings. pool_size=5, max_overflow=10, pool_recycle=1800, pid=22176
[2025-06-27T01:32:01.449+0000] {processor.py:161} INFO - Started process (PID=22176) to work on /home/airflow/.local/lib/python3.10/site-packages/airflow/example_dags/example_sla_dag.py
[2025-06-27T01:32:01.451+0000] {processor.py:830} INFO - Processing file /home/airflow/.local/lib/python3.10/site-packages/airflow/example_dags/example_sla_dag.py for tasks to queue
[2025-06-27T01:32:01.454+0000] {logging_mixin.py:188} INFO - [2025-06-27T01:32:01.453+0000] {dagbag.py:545} INFO - Filling up the DagBag from /home/airflow/.local/lib/python3.10/site-packages/airflow/example_dags/example_sla_dag.py
[2025-06-27T01:32:01.457+0000] {logging_mixin.py:188} INFO - [2025-06-27T01:32:01.456+0000] {dagbag.py:337} DEBUG - Importing /home/airflow/.local/lib/python3.10/site-packages/airflow/example_dags/example_sla_dag.py
[2025-06-27T01:32:01.466+0000] {logging_mixin.py:188} INFO - [2025-06-27T01:32:01.466+0000] {GetText.py:65} DEBUG - /home/airflow/.local/lib/python3.10/site-packages/cron_descriptor/locale/en_US.mo Loaded
[2025-06-27T01:32:01.482+0000] {logging_mixin.py:188} INFO - [2025-06-27T01:32:01.480+0000] {dagbag.py:511} DEBUG - Loaded DAG <DAG: example_sla_dag>
[2025-06-27T01:32:01.483+0000] {processor.py:840} INFO - DAG(s) 'example_sla_dag' retrieved from /home/airflow/.local/lib/python3.10/site-packages/airflow/example_dags/example_sla_dag.py
[2025-06-27T01:32:01.486+0000] {logging_mixin.py:188} INFO - [2025-06-27T01:32:01.486+0000] {dagbag.py:667} DEBUG - Running dagbag.sync_to_db with retries. Try 1 of 3
[2025-06-27T01:32:01.488+0000] {logging_mixin.py:188} INFO - [2025-06-27T01:32:01.487+0000] {dagbag.py:672} DEBUG - Calling the DAG.bulk_sync_to_db method
[2025-06-27T01:32:01.511+0000] {logging_mixin.py:188} INFO - [2025-06-27T01:32:01.511+0000] {serialized_dag.py:166} DEBUG - Checking if DAG (example_sla_dag) changed
[2025-06-27T01:32:01.525+0000] {logging_mixin.py:188} INFO - [2025-06-27T01:32:01.524+0000] {serialized_dag.py:177} DEBUG - Serialized DAG (example_sla_dag) is unchanged. Skipping writing to DB
[2025-06-27T01:32:01.526+0000] {logging_mixin.py:188} INFO - [2025-06-27T01:32:01.526+0000] {dag.py:3096} INFO - Sync 1 DAGs
[2025-06-27T01:32:01.561+0000] {logging_mixin.py:188} INFO - [2025-06-27T01:32:01.560+0000] {dag.py:3954} INFO - Setting next_dagrun for example_sla_dag to 2025-06-27 01:30:00+00:00, run_after=2025-06-27 01:32:00+00:00
[2025-06-27T01:32:01.772+0000] {processor.py:183} INFO - Processing /home/airflow/.local/lib/python3.10/site-packages/airflow/example_dags/example_sla_dag.py took 0.343 seconds
[2025-06-27T01:32:31.932+0000] {logging_mixin.py:188} INFO - [2025-06-27T01:32:31.931+0000] {settings.py:250} DEBUG - Setting up DB connection pool (PID 22239)
[2025-06-27T01:32:31.934+0000] {logging_mixin.py:188} INFO - [2025-06-27T01:32:31.934+0000] {settings.py:330} DEBUG - settings.prepare_engine_args(): Using pool settings. pool_size=5, max_overflow=10, pool_recycle=1800, pid=22239
[2025-06-27T01:32:31.945+0000] {processor.py:161} INFO - Started process (PID=22239) to work on /home/airflow/.local/lib/python3.10/site-packages/airflow/example_dags/example_sla_dag.py
[2025-06-27T01:32:31.947+0000] {processor.py:830} INFO - Processing file /home/airflow/.local/lib/python3.10/site-packages/airflow/example_dags/example_sla_dag.py for tasks to queue
[2025-06-27T01:32:31.948+0000] {logging_mixin.py:188} INFO - [2025-06-27T01:32:31.948+0000] {dagbag.py:545} INFO - Filling up the DagBag from /home/airflow/.local/lib/python3.10/site-packages/airflow/example_dags/example_sla_dag.py
[2025-06-27T01:32:31.952+0000] {logging_mixin.py:188} INFO - [2025-06-27T01:32:31.952+0000] {dagbag.py:337} DEBUG - Importing /home/airflow/.local/lib/python3.10/site-packages/airflow/example_dags/example_sla_dag.py
[2025-06-27T01:32:31.959+0000] {logging_mixin.py:188} INFO - [2025-06-27T01:32:31.958+0000] {GetText.py:65} DEBUG - /home/airflow/.local/lib/python3.10/site-packages/cron_descriptor/locale/en_US.mo Loaded
[2025-06-27T01:32:31.969+0000] {logging_mixin.py:188} INFO - [2025-06-27T01:32:31.967+0000] {dagbag.py:511} DEBUG - Loaded DAG <DAG: example_sla_dag>
[2025-06-27T01:32:31.970+0000] {processor.py:840} INFO - DAG(s) 'example_sla_dag' retrieved from /home/airflow/.local/lib/python3.10/site-packages/airflow/example_dags/example_sla_dag.py
[2025-06-27T01:32:31.972+0000] {logging_mixin.py:188} INFO - [2025-06-27T01:32:31.972+0000] {dagbag.py:667} DEBUG - Running dagbag.sync_to_db with retries. Try 1 of 3
[2025-06-27T01:32:31.973+0000] {logging_mixin.py:188} INFO - [2025-06-27T01:32:31.973+0000] {dagbag.py:672} DEBUG - Calling the DAG.bulk_sync_to_db method
[2025-06-27T01:32:31.995+0000] {logging_mixin.py:188} INFO - [2025-06-27T01:32:31.995+0000] {serialized_dag.py:166} DEBUG - Checking if DAG (example_sla_dag) changed
[2025-06-27T01:32:32.010+0000] {logging_mixin.py:188} INFO - [2025-06-27T01:32:32.010+0000] {serialized_dag.py:177} DEBUG - Serialized DAG (example_sla_dag) is unchanged. Skipping writing to DB
[2025-06-27T01:32:32.011+0000] {logging_mixin.py:188} INFO - [2025-06-27T01:32:32.011+0000] {dag.py:3096} INFO - Sync 1 DAGs
[2025-06-27T01:32:32.052+0000] {logging_mixin.py:188} INFO - [2025-06-27T01:32:32.052+0000] {dag.py:3954} INFO - Setting next_dagrun for example_sla_dag to 2025-06-27 01:30:00+00:00, run_after=2025-06-27 01:32:00+00:00
[2025-06-27T01:32:32.079+0000] {processor.py:183} INFO - Processing /home/airflow/.local/lib/python3.10/site-packages/airflow/example_dags/example_sla_dag.py took 0.148 seconds
[2025-06-27T01:33:02.334+0000] {logging_mixin.py:188} INFO - [2025-06-27T01:33:02.333+0000] {settings.py:250} DEBUG - Setting up DB connection pool (PID 22302)
[2025-06-27T01:33:02.336+0000] {logging_mixin.py:188} INFO - [2025-06-27T01:33:02.336+0000] {settings.py:330} DEBUG - settings.prepare_engine_args(): Using pool settings. pool_size=5, max_overflow=10, pool_recycle=1800, pid=22302
[2025-06-27T01:33:02.348+0000] {processor.py:161} INFO - Started process (PID=22302) to work on /home/airflow/.local/lib/python3.10/site-packages/airflow/example_dags/example_sla_dag.py
[2025-06-27T01:33:02.350+0000] {processor.py:830} INFO - Processing file /home/airflow/.local/lib/python3.10/site-packages/airflow/example_dags/example_sla_dag.py for tasks to queue
[2025-06-27T01:33:02.352+0000] {logging_mixin.py:188} INFO - [2025-06-27T01:33:02.351+0000] {dagbag.py:545} INFO - Filling up the DagBag from /home/airflow/.local/lib/python3.10/site-packages/airflow/example_dags/example_sla_dag.py
[2025-06-27T01:33:02.354+0000] {logging_mixin.py:188} INFO - [2025-06-27T01:33:02.354+0000] {dagbag.py:337} DEBUG - Importing /home/airflow/.local/lib/python3.10/site-packages/airflow/example_dags/example_sla_dag.py
[2025-06-27T01:33:02.359+0000] {logging_mixin.py:188} INFO - [2025-06-27T01:33:02.359+0000] {GetText.py:65} DEBUG - /home/airflow/.local/lib/python3.10/site-packages/cron_descriptor/locale/en_US.mo Loaded
[2025-06-27T01:33:02.370+0000] {logging_mixin.py:188} INFO - [2025-06-27T01:33:02.368+0000] {dagbag.py:511} DEBUG - Loaded DAG <DAG: example_sla_dag>
[2025-06-27T01:33:02.371+0000] {processor.py:840} INFO - DAG(s) 'example_sla_dag' retrieved from /home/airflow/.local/lib/python3.10/site-packages/airflow/example_dags/example_sla_dag.py
[2025-06-27T01:33:02.374+0000] {logging_mixin.py:188} INFO - [2025-06-27T01:33:02.373+0000] {dagbag.py:667} DEBUG - Running dagbag.sync_to_db with retries. Try 1 of 3
[2025-06-27T01:33:02.375+0000] {logging_mixin.py:188} INFO - [2025-06-27T01:33:02.374+0000] {dagbag.py:672} DEBUG - Calling the DAG.bulk_sync_to_db method
[2025-06-27T01:33:02.400+0000] {logging_mixin.py:188} INFO - [2025-06-27T01:33:02.399+0000] {serialized_dag.py:166} DEBUG - Checking if DAG (example_sla_dag) changed
[2025-06-27T01:33:02.413+0000] {logging_mixin.py:188} INFO - [2025-06-27T01:33:02.413+0000] {serialized_dag.py:177} DEBUG - Serialized DAG (example_sla_dag) is unchanged. Skipping writing to DB
[2025-06-27T01:33:02.414+0000] {logging_mixin.py:188} INFO - [2025-06-27T01:33:02.414+0000] {dag.py:3096} INFO - Sync 1 DAGs
[2025-06-27T01:33:02.449+0000] {logging_mixin.py:188} INFO - [2025-06-27T01:33:02.448+0000] {dag.py:3954} INFO - Setting next_dagrun for example_sla_dag to 2025-06-27 01:30:00+00:00, run_after=2025-06-27 01:32:00+00:00
[2025-06-27T01:33:02.479+0000] {processor.py:183} INFO - Processing /home/airflow/.local/lib/python3.10/site-packages/airflow/example_dags/example_sla_dag.py took 0.147 seconds
[2025-06-27T01:33:32.595+0000] {logging_mixin.py:188} INFO - [2025-06-27T01:33:32.594+0000] {settings.py:250} DEBUG - Setting up DB connection pool (PID 22365)
[2025-06-27T01:33:32.598+0000] {logging_mixin.py:188} INFO - [2025-06-27T01:33:32.597+0000] {settings.py:330} DEBUG - settings.prepare_engine_args(): Using pool settings. pool_size=5, max_overflow=10, pool_recycle=1800, pid=22365
[2025-06-27T01:33:32.615+0000] {processor.py:161} INFO - Started process (PID=22365) to work on /home/airflow/.local/lib/python3.10/site-packages/airflow/example_dags/example_sla_dag.py
[2025-06-27T01:33:32.616+0000] {processor.py:830} INFO - Processing file /home/airflow/.local/lib/python3.10/site-packages/airflow/example_dags/example_sla_dag.py for tasks to queue
[2025-06-27T01:33:32.618+0000] {logging_mixin.py:188} INFO - [2025-06-27T01:33:32.617+0000] {dagbag.py:545} INFO - Filling up the DagBag from /home/airflow/.local/lib/python3.10/site-packages/airflow/example_dags/example_sla_dag.py
[2025-06-27T01:33:32.621+0000] {logging_mixin.py:188} INFO - [2025-06-27T01:33:32.621+0000] {dagbag.py:337} DEBUG - Importing /home/airflow/.local/lib/python3.10/site-packages/airflow/example_dags/example_sla_dag.py
[2025-06-27T01:33:32.629+0000] {logging_mixin.py:188} INFO - [2025-06-27T01:33:32.628+0000] {GetText.py:65} DEBUG - /home/airflow/.local/lib/python3.10/site-packages/cron_descriptor/locale/en_US.mo Loaded
[2025-06-27T01:33:32.640+0000] {logging_mixin.py:188} INFO - [2025-06-27T01:33:32.638+0000] {dagbag.py:511} DEBUG - Loaded DAG <DAG: example_sla_dag>
[2025-06-27T01:33:32.642+0000] {processor.py:840} INFO - DAG(s) 'example_sla_dag' retrieved from /home/airflow/.local/lib/python3.10/site-packages/airflow/example_dags/example_sla_dag.py
[2025-06-27T01:33:32.644+0000] {logging_mixin.py:188} INFO - [2025-06-27T01:33:32.643+0000] {dagbag.py:667} DEBUG - Running dagbag.sync_to_db with retries. Try 1 of 3
[2025-06-27T01:33:32.644+0000] {logging_mixin.py:188} INFO - [2025-06-27T01:33:32.644+0000] {dagbag.py:672} DEBUG - Calling the DAG.bulk_sync_to_db method
[2025-06-27T01:33:32.666+0000] {logging_mixin.py:188} INFO - [2025-06-27T01:33:32.665+0000] {serialized_dag.py:166} DEBUG - Checking if DAG (example_sla_dag) changed
[2025-06-27T01:33:32.681+0000] {logging_mixin.py:188} INFO - [2025-06-27T01:33:32.680+0000] {serialized_dag.py:177} DEBUG - Serialized DAG (example_sla_dag) is unchanged. Skipping writing to DB
[2025-06-27T01:33:32.682+0000] {logging_mixin.py:188} INFO - [2025-06-27T01:33:32.682+0000] {dag.py:3096} INFO - Sync 1 DAGs
[2025-06-27T01:33:32.717+0000] {logging_mixin.py:188} INFO - [2025-06-27T01:33:32.717+0000] {dag.py:3954} INFO - Setting next_dagrun for example_sla_dag to 2025-06-27 01:30:00+00:00, run_after=2025-06-27 01:32:00+00:00
[2025-06-27T01:33:32.745+0000] {processor.py:183} INFO - Processing /home/airflow/.local/lib/python3.10/site-packages/airflow/example_dags/example_sla_dag.py took 0.151 seconds
[2025-06-27T01:34:02.853+0000] {logging_mixin.py:188} INFO - [2025-06-27T01:34:02.851+0000] {settings.py:250} DEBUG - Setting up DB connection pool (PID 22427)
[2025-06-27T01:34:02.855+0000] {logging_mixin.py:188} INFO - [2025-06-27T01:34:02.855+0000] {settings.py:330} DEBUG - settings.prepare_engine_args(): Using pool settings. pool_size=5, max_overflow=10, pool_recycle=1800, pid=22427
[2025-06-27T01:34:02.866+0000] {processor.py:161} INFO - Started process (PID=22427) to work on /home/airflow/.local/lib/python3.10/site-packages/airflow/example_dags/example_sla_dag.py
[2025-06-27T01:34:02.867+0000] {processor.py:830} INFO - Processing file /home/airflow/.local/lib/python3.10/site-packages/airflow/example_dags/example_sla_dag.py for tasks to queue
[2025-06-27T01:34:02.869+0000] {logging_mixin.py:188} INFO - [2025-06-27T01:34:02.869+0000] {dagbag.py:545} INFO - Filling up the DagBag from /home/airflow/.local/lib/python3.10/site-packages/airflow/example_dags/example_sla_dag.py
[2025-06-27T01:34:02.872+0000] {logging_mixin.py:188} INFO - [2025-06-27T01:34:02.872+0000] {dagbag.py:337} DEBUG - Importing /home/airflow/.local/lib/python3.10/site-packages/airflow/example_dags/example_sla_dag.py
[2025-06-27T01:34:02.876+0000] {logging_mixin.py:188} INFO - [2025-06-27T01:34:02.876+0000] {GetText.py:65} DEBUG - /home/airflow/.local/lib/python3.10/site-packages/cron_descriptor/locale/en_US.mo Loaded
[2025-06-27T01:34:02.887+0000] {logging_mixin.py:188} INFO - [2025-06-27T01:34:02.885+0000] {dagbag.py:511} DEBUG - Loaded DAG <DAG: example_sla_dag>
[2025-06-27T01:34:02.888+0000] {processor.py:840} INFO - DAG(s) 'example_sla_dag' retrieved from /home/airflow/.local/lib/python3.10/site-packages/airflow/example_dags/example_sla_dag.py
[2025-06-27T01:34:02.889+0000] {logging_mixin.py:188} INFO - [2025-06-27T01:34:02.889+0000] {dagbag.py:667} DEBUG - Running dagbag.sync_to_db with retries. Try 1 of 3
[2025-06-27T01:34:02.890+0000] {logging_mixin.py:188} INFO - [2025-06-27T01:34:02.890+0000] {dagbag.py:672} DEBUG - Calling the DAG.bulk_sync_to_db method
[2025-06-27T01:34:02.911+0000] {logging_mixin.py:188} INFO - [2025-06-27T01:34:02.911+0000] {serialized_dag.py:166} DEBUG - Checking if DAG (example_sla_dag) changed
[2025-06-27T01:34:02.926+0000] {logging_mixin.py:188} INFO - [2025-06-27T01:34:02.925+0000] {serialized_dag.py:177} DEBUG - Serialized DAG (example_sla_dag) is unchanged. Skipping writing to DB
[2025-06-27T01:34:02.927+0000] {logging_mixin.py:188} INFO - [2025-06-27T01:34:02.927+0000] {dag.py:3096} INFO - Sync 1 DAGs
[2025-06-27T01:34:02.958+0000] {logging_mixin.py:188} INFO - [2025-06-27T01:34:02.958+0000] {dag.py:3954} INFO - Setting next_dagrun for example_sla_dag to 2025-06-27 01:32:00+00:00, run_after=2025-06-27 01:34:00+00:00
[2025-06-27T01:34:02.986+0000] {processor.py:183} INFO - Processing /home/airflow/.local/lib/python3.10/site-packages/airflow/example_dags/example_sla_dag.py took 0.135 seconds
[2025-06-27T01:34:33.153+0000] {logging_mixin.py:188} INFO - [2025-06-27T01:34:33.152+0000] {settings.py:250} DEBUG - Setting up DB connection pool (PID 22490)
[2025-06-27T01:34:33.155+0000] {logging_mixin.py:188} INFO - [2025-06-27T01:34:33.155+0000] {settings.py:330} DEBUG - settings.prepare_engine_args(): Using pool settings. pool_size=5, max_overflow=10, pool_recycle=1800, pid=22490
[2025-06-27T01:34:33.167+0000] {processor.py:161} INFO - Started process (PID=22490) to work on /home/airflow/.local/lib/python3.10/site-packages/airflow/example_dags/example_sla_dag.py
[2025-06-27T01:34:33.168+0000] {processor.py:830} INFO - Processing file /home/airflow/.local/lib/python3.10/site-packages/airflow/example_dags/example_sla_dag.py for tasks to queue
[2025-06-27T01:34:33.170+0000] {logging_mixin.py:188} INFO - [2025-06-27T01:34:33.170+0000] {dagbag.py:545} INFO - Filling up the DagBag from /home/airflow/.local/lib/python3.10/site-packages/airflow/example_dags/example_sla_dag.py
[2025-06-27T01:34:33.172+0000] {logging_mixin.py:188} INFO - [2025-06-27T01:34:33.172+0000] {dagbag.py:337} DEBUG - Importing /home/airflow/.local/lib/python3.10/site-packages/airflow/example_dags/example_sla_dag.py
[2025-06-27T01:34:33.178+0000] {logging_mixin.py:188} INFO - [2025-06-27T01:34:33.178+0000] {GetText.py:65} DEBUG - /home/airflow/.local/lib/python3.10/site-packages/cron_descriptor/locale/en_US.mo Loaded
[2025-06-27T01:34:33.188+0000] {logging_mixin.py:188} INFO - [2025-06-27T01:34:33.186+0000] {dagbag.py:511} DEBUG - Loaded DAG <DAG: example_sla_dag>
[2025-06-27T01:34:33.188+0000] {processor.py:840} INFO - DAG(s) 'example_sla_dag' retrieved from /home/airflow/.local/lib/python3.10/site-packages/airflow/example_dags/example_sla_dag.py
[2025-06-27T01:34:33.191+0000] {logging_mixin.py:188} INFO - [2025-06-27T01:34:33.191+0000] {dagbag.py:667} DEBUG - Running dagbag.sync_to_db with retries. Try 1 of 3
[2025-06-27T01:34:33.192+0000] {logging_mixin.py:188} INFO - [2025-06-27T01:34:33.192+0000] {dagbag.py:672} DEBUG - Calling the DAG.bulk_sync_to_db method
[2025-06-27T01:34:33.219+0000] {logging_mixin.py:188} INFO - [2025-06-27T01:34:33.218+0000] {serialized_dag.py:166} DEBUG - Checking if DAG (example_sla_dag) changed
[2025-06-27T01:34:33.239+0000] {logging_mixin.py:188} INFO - [2025-06-27T01:34:33.238+0000] {serialized_dag.py:177} DEBUG - Serialized DAG (example_sla_dag) is unchanged. Skipping writing to DB
[2025-06-27T01:34:33.240+0000] {logging_mixin.py:188} INFO - [2025-06-27T01:34:33.240+0000] {dag.py:3096} INFO - Sync 1 DAGs
[2025-06-27T01:34:33.277+0000] {logging_mixin.py:188} INFO - [2025-06-27T01:34:33.277+0000] {dag.py:3954} INFO - Setting next_dagrun for example_sla_dag to 2025-06-27 01:32:00+00:00, run_after=2025-06-27 01:34:00+00:00
[2025-06-27T01:34:33.304+0000] {processor.py:183} INFO - Processing /home/airflow/.local/lib/python3.10/site-packages/airflow/example_dags/example_sla_dag.py took 0.153 seconds
[2025-06-27T01:35:03.441+0000] {logging_mixin.py:188} INFO - [2025-06-27T01:35:03.440+0000] {settings.py:250} DEBUG - Setting up DB connection pool (PID 22552)
[2025-06-27T01:35:03.443+0000] {logging_mixin.py:188} INFO - [2025-06-27T01:35:03.443+0000] {settings.py:330} DEBUG - settings.prepare_engine_args(): Using pool settings. pool_size=5, max_overflow=10, pool_recycle=1800, pid=22552
[2025-06-27T01:35:03.454+0000] {processor.py:161} INFO - Started process (PID=22552) to work on /home/airflow/.local/lib/python3.10/site-packages/airflow/example_dags/example_sla_dag.py
[2025-06-27T01:35:03.456+0000] {processor.py:830} INFO - Processing file /home/airflow/.local/lib/python3.10/site-packages/airflow/example_dags/example_sla_dag.py for tasks to queue
[2025-06-27T01:35:03.457+0000] {logging_mixin.py:188} INFO - [2025-06-27T01:35:03.457+0000] {dagbag.py:545} INFO - Filling up the DagBag from /home/airflow/.local/lib/python3.10/site-packages/airflow/example_dags/example_sla_dag.py
[2025-06-27T01:35:03.460+0000] {logging_mixin.py:188} INFO - [2025-06-27T01:35:03.459+0000] {dagbag.py:337} DEBUG - Importing /home/airflow/.local/lib/python3.10/site-packages/airflow/example_dags/example_sla_dag.py
[2025-06-27T01:35:03.467+0000] {logging_mixin.py:188} INFO - [2025-06-27T01:35:03.467+0000] {GetText.py:65} DEBUG - /home/airflow/.local/lib/python3.10/site-packages/cron_descriptor/locale/en_US.mo Loaded
[2025-06-27T01:35:03.481+0000] {logging_mixin.py:188} INFO - [2025-06-27T01:35:03.479+0000] {dagbag.py:511} DEBUG - Loaded DAG <DAG: example_sla_dag>
[2025-06-27T01:35:03.482+0000] {processor.py:840} INFO - DAG(s) 'example_sla_dag' retrieved from /home/airflow/.local/lib/python3.10/site-packages/airflow/example_dags/example_sla_dag.py
[2025-06-27T01:35:03.485+0000] {logging_mixin.py:188} INFO - [2025-06-27T01:35:03.484+0000] {dagbag.py:667} DEBUG - Running dagbag.sync_to_db with retries. Try 1 of 3
[2025-06-27T01:35:03.486+0000] {logging_mixin.py:188} INFO - [2025-06-27T01:35:03.486+0000] {dagbag.py:672} DEBUG - Calling the DAG.bulk_sync_to_db method
[2025-06-27T01:35:03.508+0000] {logging_mixin.py:188} INFO - [2025-06-27T01:35:03.507+0000] {serialized_dag.py:166} DEBUG - Checking if DAG (example_sla_dag) changed
[2025-06-27T01:35:03.521+0000] {logging_mixin.py:188} INFO - [2025-06-27T01:35:03.521+0000] {serialized_dag.py:177} DEBUG - Serialized DAG (example_sla_dag) is unchanged. Skipping writing to DB
[2025-06-27T01:35:03.522+0000] {logging_mixin.py:188} INFO - [2025-06-27T01:35:03.522+0000] {dag.py:3096} INFO - Sync 1 DAGs
[2025-06-27T01:35:03.556+0000] {logging_mixin.py:188} INFO - [2025-06-27T01:35:03.556+0000] {dag.py:3954} INFO - Setting next_dagrun for example_sla_dag to 2025-06-27 01:32:00+00:00, run_after=2025-06-27 01:34:00+00:00
[2025-06-27T01:35:03.589+0000] {processor.py:183} INFO - Processing /home/airflow/.local/lib/python3.10/site-packages/airflow/example_dags/example_sla_dag.py took 0.149 seconds
[2025-06-27T01:35:33.928+0000] {logging_mixin.py:188} INFO - [2025-06-27T01:35:33.927+0000] {settings.py:250} DEBUG - Setting up DB connection pool (PID 22615)
[2025-06-27T01:35:33.930+0000] {logging_mixin.py:188} INFO - [2025-06-27T01:35:33.930+0000] {settings.py:330} DEBUG - settings.prepare_engine_args(): Using pool settings. pool_size=5, max_overflow=10, pool_recycle=1800, pid=22615
[2025-06-27T01:35:33.943+0000] {processor.py:161} INFO - Started process (PID=22615) to work on /home/airflow/.local/lib/python3.10/site-packages/airflow/example_dags/example_sla_dag.py
[2025-06-27T01:35:33.944+0000] {processor.py:830} INFO - Processing file /home/airflow/.local/lib/python3.10/site-packages/airflow/example_dags/example_sla_dag.py for tasks to queue
[2025-06-27T01:35:33.945+0000] {logging_mixin.py:188} INFO - [2025-06-27T01:35:33.945+0000] {dagbag.py:545} INFO - Filling up the DagBag from /home/airflow/.local/lib/python3.10/site-packages/airflow/example_dags/example_sla_dag.py
[2025-06-27T01:35:33.948+0000] {logging_mixin.py:188} INFO - [2025-06-27T01:35:33.948+0000] {dagbag.py:337} DEBUG - Importing /home/airflow/.local/lib/python3.10/site-packages/airflow/example_dags/example_sla_dag.py
[2025-06-27T01:35:33.954+0000] {logging_mixin.py:188} INFO - [2025-06-27T01:35:33.954+0000] {GetText.py:65} DEBUG - /home/airflow/.local/lib/python3.10/site-packages/cron_descriptor/locale/en_US.mo Loaded
[2025-06-27T01:35:33.965+0000] {logging_mixin.py:188} INFO - [2025-06-27T01:35:33.963+0000] {dagbag.py:511} DEBUG - Loaded DAG <DAG: example_sla_dag>
[2025-06-27T01:35:33.966+0000] {processor.py:840} INFO - DAG(s) 'example_sla_dag' retrieved from /home/airflow/.local/lib/python3.10/site-packages/airflow/example_dags/example_sla_dag.py
[2025-06-27T01:35:33.968+0000] {logging_mixin.py:188} INFO - [2025-06-27T01:35:33.968+0000] {dagbag.py:667} DEBUG - Running dagbag.sync_to_db with retries. Try 1 of 3
[2025-06-27T01:35:33.969+0000] {logging_mixin.py:188} INFO - [2025-06-27T01:35:33.969+0000] {dagbag.py:672} DEBUG - Calling the DAG.bulk_sync_to_db method
[2025-06-27T01:35:33.995+0000] {logging_mixin.py:188} INFO - [2025-06-27T01:35:33.994+0000] {serialized_dag.py:166} DEBUG - Checking if DAG (example_sla_dag) changed
[2025-06-27T01:35:34.014+0000] {logging_mixin.py:188} INFO - [2025-06-27T01:35:34.013+0000] {serialized_dag.py:177} DEBUG - Serialized DAG (example_sla_dag) is unchanged. Skipping writing to DB
[2025-06-27T01:35:34.016+0000] {logging_mixin.py:188} INFO - [2025-06-27T01:35:34.015+0000] {dag.py:3096} INFO - Sync 1 DAGs
[2025-06-27T01:35:34.053+0000] {logging_mixin.py:188} INFO - [2025-06-27T01:35:34.052+0000] {dag.py:3954} INFO - Setting next_dagrun for example_sla_dag to 2025-06-27 01:32:00+00:00, run_after=2025-06-27 01:34:00+00:00
[2025-06-27T01:35:34.082+0000] {processor.py:183} INFO - Processing /home/airflow/.local/lib/python3.10/site-packages/airflow/example_dags/example_sla_dag.py took 0.155 seconds
[2025-06-27T01:36:04.590+0000] {logging_mixin.py:188} INFO - [2025-06-27T01:36:04.589+0000] {settings.py:250} DEBUG - Setting up DB connection pool (PID 22678)
[2025-06-27T01:36:04.592+0000] {logging_mixin.py:188} INFO - [2025-06-27T01:36:04.592+0000] {settings.py:330} DEBUG - settings.prepare_engine_args(): Using pool settings. pool_size=5, max_overflow=10, pool_recycle=1800, pid=22678
[2025-06-27T01:36:04.602+0000] {processor.py:161} INFO - Started process (PID=22678) to work on /home/airflow/.local/lib/python3.10/site-packages/airflow/example_dags/example_sla_dag.py
[2025-06-27T01:36:04.603+0000] {processor.py:830} INFO - Processing file /home/airflow/.local/lib/python3.10/site-packages/airflow/example_dags/example_sla_dag.py for tasks to queue
[2025-06-27T01:36:04.604+0000] {logging_mixin.py:188} INFO - [2025-06-27T01:36:04.604+0000] {dagbag.py:545} INFO - Filling up the DagBag from /home/airflow/.local/lib/python3.10/site-packages/airflow/example_dags/example_sla_dag.py
[2025-06-27T01:36:04.606+0000] {logging_mixin.py:188} INFO - [2025-06-27T01:36:04.606+0000] {dagbag.py:337} DEBUG - Importing /home/airflow/.local/lib/python3.10/site-packages/airflow/example_dags/example_sla_dag.py
[2025-06-27T01:36:04.613+0000] {logging_mixin.py:188} INFO - [2025-06-27T01:36:04.613+0000] {GetText.py:65} DEBUG - /home/airflow/.local/lib/python3.10/site-packages/cron_descriptor/locale/en_US.mo Loaded
[2025-06-27T01:36:04.623+0000] {logging_mixin.py:188} INFO - [2025-06-27T01:36:04.621+0000] {dagbag.py:511} DEBUG - Loaded DAG <DAG: example_sla_dag>
[2025-06-27T01:36:04.624+0000] {processor.py:840} INFO - DAG(s) 'example_sla_dag' retrieved from /home/airflow/.local/lib/python3.10/site-packages/airflow/example_dags/example_sla_dag.py
[2025-06-27T01:36:04.626+0000] {logging_mixin.py:188} INFO - [2025-06-27T01:36:04.625+0000] {dagbag.py:667} DEBUG - Running dagbag.sync_to_db with retries. Try 1 of 3
[2025-06-27T01:36:04.627+0000] {logging_mixin.py:188} INFO - [2025-06-27T01:36:04.626+0000] {dagbag.py:672} DEBUG - Calling the DAG.bulk_sync_to_db method
[2025-06-27T01:36:04.650+0000] {logging_mixin.py:188} INFO - [2025-06-27T01:36:04.650+0000] {serialized_dag.py:166} DEBUG - Checking if DAG (example_sla_dag) changed
[2025-06-27T01:36:04.661+0000] {logging_mixin.py:188} INFO - [2025-06-27T01:36:04.661+0000] {serialized_dag.py:177} DEBUG - Serialized DAG (example_sla_dag) is unchanged. Skipping writing to DB
[2025-06-27T01:36:04.663+0000] {logging_mixin.py:188} INFO - [2025-06-27T01:36:04.662+0000] {dag.py:3096} INFO - Sync 1 DAGs
[2025-06-27T01:36:04.700+0000] {logging_mixin.py:188} INFO - [2025-06-27T01:36:04.700+0000] {dag.py:3954} INFO - Setting next_dagrun for example_sla_dag to 2025-06-27 01:34:00+00:00, run_after=2025-06-27 01:36:00+00:00
[2025-06-27T01:36:04.732+0000] {processor.py:183} INFO - Processing /home/airflow/.local/lib/python3.10/site-packages/airflow/example_dags/example_sla_dag.py took 0.143 seconds
[2025-06-27T01:36:34.963+0000] {logging_mixin.py:188} INFO - [2025-06-27T01:36:34.962+0000] {settings.py:250} DEBUG - Setting up DB connection pool (PID 22739)
[2025-06-27T01:36:34.965+0000] {logging_mixin.py:188} INFO - [2025-06-27T01:36:34.964+0000] {settings.py:330} DEBUG - settings.prepare_engine_args(): Using pool settings. pool_size=5, max_overflow=10, pool_recycle=1800, pid=22739
[2025-06-27T01:36:34.981+0000] {processor.py:161} INFO - Started process (PID=22739) to work on /home/airflow/.local/lib/python3.10/site-packages/airflow/example_dags/example_sla_dag.py
[2025-06-27T01:36:34.982+0000] {processor.py:830} INFO - Processing file /home/airflow/.local/lib/python3.10/site-packages/airflow/example_dags/example_sla_dag.py for tasks to queue
[2025-06-27T01:36:34.984+0000] {logging_mixin.py:188} INFO - [2025-06-27T01:36:34.984+0000] {dagbag.py:545} INFO - Filling up the DagBag from /home/airflow/.local/lib/python3.10/site-packages/airflow/example_dags/example_sla_dag.py
[2025-06-27T01:36:34.988+0000] {logging_mixin.py:188} INFO - [2025-06-27T01:36:34.987+0000] {dagbag.py:337} DEBUG - Importing /home/airflow/.local/lib/python3.10/site-packages/airflow/example_dags/example_sla_dag.py
[2025-06-27T01:36:34.993+0000] {logging_mixin.py:188} INFO - [2025-06-27T01:36:34.993+0000] {GetText.py:65} DEBUG - /home/airflow/.local/lib/python3.10/site-packages/cron_descriptor/locale/en_US.mo Loaded
[2025-06-27T01:36:35.007+0000] {logging_mixin.py:188} INFO - [2025-06-27T01:36:35.004+0000] {dagbag.py:511} DEBUG - Loaded DAG <DAG: example_sla_dag>
[2025-06-27T01:36:35.008+0000] {processor.py:840} INFO - DAG(s) 'example_sla_dag' retrieved from /home/airflow/.local/lib/python3.10/site-packages/airflow/example_dags/example_sla_dag.py
[2025-06-27T01:36:35.011+0000] {logging_mixin.py:188} INFO - [2025-06-27T01:36:35.010+0000] {dagbag.py:667} DEBUG - Running dagbag.sync_to_db with retries. Try 1 of 3
[2025-06-27T01:36:35.011+0000] {logging_mixin.py:188} INFO - [2025-06-27T01:36:35.011+0000] {dagbag.py:672} DEBUG - Calling the DAG.bulk_sync_to_db method
[2025-06-27T01:36:35.036+0000] {logging_mixin.py:188} INFO - [2025-06-27T01:36:35.035+0000] {serialized_dag.py:166} DEBUG - Checking if DAG (example_sla_dag) changed
[2025-06-27T01:36:35.050+0000] {logging_mixin.py:188} INFO - [2025-06-27T01:36:35.049+0000] {serialized_dag.py:177} DEBUG - Serialized DAG (example_sla_dag) is unchanged. Skipping writing to DB
[2025-06-27T01:36:35.051+0000] {logging_mixin.py:188} INFO - [2025-06-27T01:36:35.050+0000] {dag.py:3096} INFO - Sync 1 DAGs
[2025-06-27T01:36:35.091+0000] {logging_mixin.py:188} INFO - [2025-06-27T01:36:35.090+0000] {dag.py:3954} INFO - Setting next_dagrun for example_sla_dag to 2025-06-27 01:34:00+00:00, run_after=2025-06-27 01:36:00+00:00
[2025-06-27T01:36:35.121+0000] {processor.py:183} INFO - Processing /home/airflow/.local/lib/python3.10/site-packages/airflow/example_dags/example_sla_dag.py took 0.160 seconds
[2025-06-27T01:37:05.243+0000] {logging_mixin.py:188} INFO - [2025-06-27T01:37:05.241+0000] {settings.py:250} DEBUG - Setting up DB connection pool (PID 22802)
[2025-06-27T01:37:05.245+0000] {logging_mixin.py:188} INFO - [2025-06-27T01:37:05.245+0000] {settings.py:330} DEBUG - settings.prepare_engine_args(): Using pool settings. pool_size=5, max_overflow=10, pool_recycle=1800, pid=22802
[2025-06-27T01:37:05.259+0000] {processor.py:161} INFO - Started process (PID=22802) to work on /home/airflow/.local/lib/python3.10/site-packages/airflow/example_dags/example_sla_dag.py
[2025-06-27T01:37:05.261+0000] {processor.py:830} INFO - Processing file /home/airflow/.local/lib/python3.10/site-packages/airflow/example_dags/example_sla_dag.py for tasks to queue
[2025-06-27T01:37:05.263+0000] {logging_mixin.py:188} INFO - [2025-06-27T01:37:05.263+0000] {dagbag.py:545} INFO - Filling up the DagBag from /home/airflow/.local/lib/python3.10/site-packages/airflow/example_dags/example_sla_dag.py
[2025-06-27T01:37:05.266+0000] {logging_mixin.py:188} INFO - [2025-06-27T01:37:05.266+0000] {dagbag.py:337} DEBUG - Importing /home/airflow/.local/lib/python3.10/site-packages/airflow/example_dags/example_sla_dag.py
[2025-06-27T01:37:05.273+0000] {logging_mixin.py:188} INFO - [2025-06-27T01:37:05.272+0000] {GetText.py:65} DEBUG - /home/airflow/.local/lib/python3.10/site-packages/cron_descriptor/locale/en_US.mo Loaded
[2025-06-27T01:37:05.288+0000] {logging_mixin.py:188} INFO - [2025-06-27T01:37:05.286+0000] {dagbag.py:511} DEBUG - Loaded DAG <DAG: example_sla_dag>
[2025-06-27T01:37:05.289+0000] {processor.py:840} INFO - DAG(s) 'example_sla_dag' retrieved from /home/airflow/.local/lib/python3.10/site-packages/airflow/example_dags/example_sla_dag.py
[2025-06-27T01:37:05.292+0000] {logging_mixin.py:188} INFO - [2025-06-27T01:37:05.292+0000] {dagbag.py:667} DEBUG - Running dagbag.sync_to_db with retries. Try 1 of 3
[2025-06-27T01:37:05.293+0000] {logging_mixin.py:188} INFO - [2025-06-27T01:37:05.293+0000] {dagbag.py:672} DEBUG - Calling the DAG.bulk_sync_to_db method
[2025-06-27T01:37:05.317+0000] {logging_mixin.py:188} INFO - [2025-06-27T01:37:05.317+0000] {serialized_dag.py:166} DEBUG - Checking if DAG (example_sla_dag) changed
[2025-06-27T01:37:05.333+0000] {logging_mixin.py:188} INFO - [2025-06-27T01:37:05.333+0000] {serialized_dag.py:177} DEBUG - Serialized DAG (example_sla_dag) is unchanged. Skipping writing to DB
[2025-06-27T01:37:05.334+0000] {logging_mixin.py:188} INFO - [2025-06-27T01:37:05.334+0000] {dag.py:3096} INFO - Sync 1 DAGs
[2025-06-27T01:37:05.369+0000] {logging_mixin.py:188} INFO - [2025-06-27T01:37:05.369+0000] {dag.py:3954} INFO - Setting next_dagrun for example_sla_dag to 2025-06-27 01:34:00+00:00, run_after=2025-06-27 01:36:00+00:00
[2025-06-27T01:37:05.396+0000] {processor.py:183} INFO - Processing /home/airflow/.local/lib/python3.10/site-packages/airflow/example_dags/example_sla_dag.py took 0.155 seconds
[2025-06-27T01:37:36.221+0000] {logging_mixin.py:188} INFO - [2025-06-27T01:37:36.219+0000] {settings.py:250} DEBUG - Setting up DB connection pool (PID 22867)
[2025-06-27T01:37:36.223+0000] {logging_mixin.py:188} INFO - [2025-06-27T01:37:36.222+0000] {settings.py:330} DEBUG - settings.prepare_engine_args(): Using pool settings. pool_size=5, max_overflow=10, pool_recycle=1800, pid=22867
[2025-06-27T01:37:36.234+0000] {processor.py:161} INFO - Started process (PID=22867) to work on /home/airflow/.local/lib/python3.10/site-packages/airflow/example_dags/example_sla_dag.py
[2025-06-27T01:37:36.235+0000] {processor.py:830} INFO - Processing file /home/airflow/.local/lib/python3.10/site-packages/airflow/example_dags/example_sla_dag.py for tasks to queue
[2025-06-27T01:37:36.236+0000] {logging_mixin.py:188} INFO - [2025-06-27T01:37:36.236+0000] {dagbag.py:545} INFO - Filling up the DagBag from /home/airflow/.local/lib/python3.10/site-packages/airflow/example_dags/example_sla_dag.py
[2025-06-27T01:37:36.240+0000] {logging_mixin.py:188} INFO - [2025-06-27T01:37:36.239+0000] {dagbag.py:337} DEBUG - Importing /home/airflow/.local/lib/python3.10/site-packages/airflow/example_dags/example_sla_dag.py
[2025-06-27T01:37:36.247+0000] {logging_mixin.py:188} INFO - [2025-06-27T01:37:36.246+0000] {GetText.py:65} DEBUG - /home/airflow/.local/lib/python3.10/site-packages/cron_descriptor/locale/en_US.mo Loaded
[2025-06-27T01:37:36.261+0000] {logging_mixin.py:188} INFO - [2025-06-27T01:37:36.258+0000] {dagbag.py:511} DEBUG - Loaded DAG <DAG: example_sla_dag>
[2025-06-27T01:37:36.262+0000] {processor.py:840} INFO - DAG(s) 'example_sla_dag' retrieved from /home/airflow/.local/lib/python3.10/site-packages/airflow/example_dags/example_sla_dag.py
[2025-06-27T01:37:36.265+0000] {logging_mixin.py:188} INFO - [2025-06-27T01:37:36.265+0000] {dagbag.py:667} DEBUG - Running dagbag.sync_to_db with retries. Try 1 of 3
[2025-06-27T01:37:36.266+0000] {logging_mixin.py:188} INFO - [2025-06-27T01:37:36.266+0000] {dagbag.py:672} DEBUG - Calling the DAG.bulk_sync_to_db method
[2025-06-27T01:37:36.294+0000] {logging_mixin.py:188} INFO - [2025-06-27T01:37:36.294+0000] {serialized_dag.py:166} DEBUG - Checking if DAG (example_sla_dag) changed
[2025-06-27T01:37:36.311+0000] {logging_mixin.py:188} INFO - [2025-06-27T01:37:36.310+0000] {serialized_dag.py:177} DEBUG - Serialized DAG (example_sla_dag) is unchanged. Skipping writing to DB
[2025-06-27T01:37:36.312+0000] {logging_mixin.py:188} INFO - [2025-06-27T01:37:36.312+0000] {dag.py:3096} INFO - Sync 1 DAGs
[2025-06-27T01:37:36.353+0000] {logging_mixin.py:188} INFO - [2025-06-27T01:37:36.353+0000] {dag.py:3954} INFO - Setting next_dagrun for example_sla_dag to 2025-06-27 01:34:00+00:00, run_after=2025-06-27 01:36:00+00:00
[2025-06-27T01:37:36.384+0000] {processor.py:183} INFO - Processing /home/airflow/.local/lib/python3.10/site-packages/airflow/example_dags/example_sla_dag.py took 0.165 seconds
[2025-06-27T01:38:06.660+0000] {logging_mixin.py:188} INFO - [2025-06-27T01:38:06.659+0000] {settings.py:250} DEBUG - Setting up DB connection pool (PID 22930)
[2025-06-27T01:38:06.662+0000] {logging_mixin.py:188} INFO - [2025-06-27T01:38:06.662+0000] {settings.py:330} DEBUG - settings.prepare_engine_args(): Using pool settings. pool_size=5, max_overflow=10, pool_recycle=1800, pid=22930
[2025-06-27T01:38:06.675+0000] {processor.py:161} INFO - Started process (PID=22930) to work on /home/airflow/.local/lib/python3.10/site-packages/airflow/example_dags/example_sla_dag.py
[2025-06-27T01:38:06.676+0000] {processor.py:830} INFO - Processing file /home/airflow/.local/lib/python3.10/site-packages/airflow/example_dags/example_sla_dag.py for tasks to queue
[2025-06-27T01:38:06.678+0000] {logging_mixin.py:188} INFO - [2025-06-27T01:38:06.678+0000] {dagbag.py:545} INFO - Filling up the DagBag from /home/airflow/.local/lib/python3.10/site-packages/airflow/example_dags/example_sla_dag.py
[2025-06-27T01:38:06.681+0000] {logging_mixin.py:188} INFO - [2025-06-27T01:38:06.681+0000] {dagbag.py:337} DEBUG - Importing /home/airflow/.local/lib/python3.10/site-packages/airflow/example_dags/example_sla_dag.py
[2025-06-27T01:38:06.688+0000] {logging_mixin.py:188} INFO - [2025-06-27T01:38:06.688+0000] {GetText.py:65} DEBUG - /home/airflow/.local/lib/python3.10/site-packages/cron_descriptor/locale/en_US.mo Loaded
[2025-06-27T01:38:06.700+0000] {logging_mixin.py:188} INFO - [2025-06-27T01:38:06.698+0000] {dagbag.py:511} DEBUG - Loaded DAG <DAG: example_sla_dag>
[2025-06-27T01:38:06.701+0000] {processor.py:840} INFO - DAG(s) 'example_sla_dag' retrieved from /home/airflow/.local/lib/python3.10/site-packages/airflow/example_dags/example_sla_dag.py
[2025-06-27T01:38:06.704+0000] {logging_mixin.py:188} INFO - [2025-06-27T01:38:06.704+0000] {dagbag.py:667} DEBUG - Running dagbag.sync_to_db with retries. Try 1 of 3
[2025-06-27T01:38:06.705+0000] {logging_mixin.py:188} INFO - [2025-06-27T01:38:06.705+0000] {dagbag.py:672} DEBUG - Calling the DAG.bulk_sync_to_db method
[2025-06-27T01:38:06.730+0000] {logging_mixin.py:188} INFO - [2025-06-27T01:38:06.729+0000] {serialized_dag.py:166} DEBUG - Checking if DAG (example_sla_dag) changed
[2025-06-27T01:38:06.744+0000] {logging_mixin.py:188} INFO - [2025-06-27T01:38:06.744+0000] {serialized_dag.py:177} DEBUG - Serialized DAG (example_sla_dag) is unchanged. Skipping writing to DB
[2025-06-27T01:38:06.745+0000] {logging_mixin.py:188} INFO - [2025-06-27T01:38:06.745+0000] {dag.py:3096} INFO - Sync 1 DAGs
[2025-06-27T01:38:06.790+0000] {logging_mixin.py:188} INFO - [2025-06-27T01:38:06.790+0000] {dag.py:3954} INFO - Setting next_dagrun for example_sla_dag to 2025-06-27 01:36:00+00:00, run_after=2025-06-27 01:38:00+00:00
[2025-06-27T01:38:06.831+0000] {processor.py:183} INFO - Processing /home/airflow/.local/lib/python3.10/site-packages/airflow/example_dags/example_sla_dag.py took 0.172 seconds
[2025-06-27T01:38:37.098+0000] {logging_mixin.py:188} INFO - [2025-06-27T01:38:37.097+0000] {settings.py:250} DEBUG - Setting up DB connection pool (PID 22993)
[2025-06-27T01:38:37.101+0000] {logging_mixin.py:188} INFO - [2025-06-27T01:38:37.100+0000] {settings.py:330} DEBUG - settings.prepare_engine_args(): Using pool settings. pool_size=5, max_overflow=10, pool_recycle=1800, pid=22993
[2025-06-27T01:38:37.112+0000] {processor.py:161} INFO - Started process (PID=22993) to work on /home/airflow/.local/lib/python3.10/site-packages/airflow/example_dags/example_sla_dag.py
[2025-06-27T01:38:37.113+0000] {processor.py:830} INFO - Processing file /home/airflow/.local/lib/python3.10/site-packages/airflow/example_dags/example_sla_dag.py for tasks to queue
[2025-06-27T01:38:37.114+0000] {logging_mixin.py:188} INFO - [2025-06-27T01:38:37.114+0000] {dagbag.py:545} INFO - Filling up the DagBag from /home/airflow/.local/lib/python3.10/site-packages/airflow/example_dags/example_sla_dag.py
[2025-06-27T01:38:37.117+0000] {logging_mixin.py:188} INFO - [2025-06-27T01:38:37.117+0000] {dagbag.py:337} DEBUG - Importing /home/airflow/.local/lib/python3.10/site-packages/airflow/example_dags/example_sla_dag.py
[2025-06-27T01:38:37.123+0000] {logging_mixin.py:188} INFO - [2025-06-27T01:38:37.123+0000] {GetText.py:65} DEBUG - /home/airflow/.local/lib/python3.10/site-packages/cron_descriptor/locale/en_US.mo Loaded
[2025-06-27T01:38:37.133+0000] {logging_mixin.py:188} INFO - [2025-06-27T01:38:37.131+0000] {dagbag.py:511} DEBUG - Loaded DAG <DAG: example_sla_dag>
[2025-06-27T01:38:37.133+0000] {processor.py:840} INFO - DAG(s) 'example_sla_dag' retrieved from /home/airflow/.local/lib/python3.10/site-packages/airflow/example_dags/example_sla_dag.py
[2025-06-27T01:38:37.135+0000] {logging_mixin.py:188} INFO - [2025-06-27T01:38:37.135+0000] {dagbag.py:667} DEBUG - Running dagbag.sync_to_db with retries. Try 1 of 3
[2025-06-27T01:38:37.136+0000] {logging_mixin.py:188} INFO - [2025-06-27T01:38:37.136+0000] {dagbag.py:672} DEBUG - Calling the DAG.bulk_sync_to_db method
[2025-06-27T01:38:37.158+0000] {logging_mixin.py:188} INFO - [2025-06-27T01:38:37.157+0000] {serialized_dag.py:166} DEBUG - Checking if DAG (example_sla_dag) changed
[2025-06-27T01:38:37.171+0000] {logging_mixin.py:188} INFO - [2025-06-27T01:38:37.171+0000] {serialized_dag.py:177} DEBUG - Serialized DAG (example_sla_dag) is unchanged. Skipping writing to DB
[2025-06-27T01:38:37.172+0000] {logging_mixin.py:188} INFO - [2025-06-27T01:38:37.172+0000] {dag.py:3096} INFO - Sync 1 DAGs
[2025-06-27T01:38:37.204+0000] {logging_mixin.py:188} INFO - [2025-06-27T01:38:37.204+0000] {dag.py:3954} INFO - Setting next_dagrun for example_sla_dag to 2025-06-27 01:36:00+00:00, run_after=2025-06-27 01:38:00+00:00
[2025-06-27T01:38:37.237+0000] {processor.py:183} INFO - Processing /home/airflow/.local/lib/python3.10/site-packages/airflow/example_dags/example_sla_dag.py took 0.141 seconds
[2025-06-27T01:39:07.916+0000] {logging_mixin.py:188} INFO - [2025-06-27T01:39:07.915+0000] {settings.py:250} DEBUG - Setting up DB connection pool (PID 23058)
[2025-06-27T01:39:07.918+0000] {logging_mixin.py:188} INFO - [2025-06-27T01:39:07.918+0000] {settings.py:330} DEBUG - settings.prepare_engine_args(): Using pool settings. pool_size=5, max_overflow=10, pool_recycle=1800, pid=23058
[2025-06-27T01:39:07.935+0000] {processor.py:161} INFO - Started process (PID=23058) to work on /home/airflow/.local/lib/python3.10/site-packages/airflow/example_dags/example_sla_dag.py
[2025-06-27T01:39:07.937+0000] {processor.py:830} INFO - Processing file /home/airflow/.local/lib/python3.10/site-packages/airflow/example_dags/example_sla_dag.py for tasks to queue
[2025-06-27T01:39:07.939+0000] {logging_mixin.py:188} INFO - [2025-06-27T01:39:07.938+0000] {dagbag.py:545} INFO - Filling up the DagBag from /home/airflow/.local/lib/python3.10/site-packages/airflow/example_dags/example_sla_dag.py
[2025-06-27T01:39:07.942+0000] {logging_mixin.py:188} INFO - [2025-06-27T01:39:07.941+0000] {dagbag.py:337} DEBUG - Importing /home/airflow/.local/lib/python3.10/site-packages/airflow/example_dags/example_sla_dag.py
[2025-06-27T01:39:07.951+0000] {logging_mixin.py:188} INFO - [2025-06-27T01:39:07.951+0000] {GetText.py:65} DEBUG - /home/airflow/.local/lib/python3.10/site-packages/cron_descriptor/locale/en_US.mo Loaded
[2025-06-27T01:39:07.970+0000] {logging_mixin.py:188} INFO - [2025-06-27T01:39:07.963+0000] {dagbag.py:511} DEBUG - Loaded DAG <DAG: example_sla_dag>
[2025-06-27T01:39:07.971+0000] {processor.py:840} INFO - DAG(s) 'example_sla_dag' retrieved from /home/airflow/.local/lib/python3.10/site-packages/airflow/example_dags/example_sla_dag.py
[2025-06-27T01:39:07.974+0000] {logging_mixin.py:188} INFO - [2025-06-27T01:39:07.974+0000] {dagbag.py:667} DEBUG - Running dagbag.sync_to_db with retries. Try 1 of 3
[2025-06-27T01:39:07.976+0000] {logging_mixin.py:188} INFO - [2025-06-27T01:39:07.976+0000] {dagbag.py:672} DEBUG - Calling the DAG.bulk_sync_to_db method
[2025-06-27T01:39:08.006+0000] {logging_mixin.py:188} INFO - [2025-06-27T01:39:08.006+0000] {serialized_dag.py:166} DEBUG - Checking if DAG (example_sla_dag) changed
[2025-06-27T01:39:08.032+0000] {logging_mixin.py:188} INFO - [2025-06-27T01:39:08.031+0000] {serialized_dag.py:177} DEBUG - Serialized DAG (example_sla_dag) is unchanged. Skipping writing to DB
[2025-06-27T01:39:08.033+0000] {logging_mixin.py:188} INFO - [2025-06-27T01:39:08.033+0000] {dag.py:3096} INFO - Sync 1 DAGs
[2025-06-27T01:39:08.113+0000] {logging_mixin.py:188} INFO - [2025-06-27T01:39:08.112+0000] {dag.py:3954} INFO - Setting next_dagrun for example_sla_dag to 2025-06-27 01:36:00+00:00, run_after=2025-06-27 01:38:00+00:00
[2025-06-27T01:39:08.165+0000] {processor.py:183} INFO - Processing /home/airflow/.local/lib/python3.10/site-packages/airflow/example_dags/example_sla_dag.py took 0.250 seconds
[2025-06-27T01:39:38.507+0000] {logging_mixin.py:188} INFO - [2025-06-27T01:39:38.506+0000] {settings.py:250} DEBUG - Setting up DB connection pool (PID 23121)
[2025-06-27T01:39:38.509+0000] {logging_mixin.py:188} INFO - [2025-06-27T01:39:38.509+0000] {settings.py:330} DEBUG - settings.prepare_engine_args(): Using pool settings. pool_size=5, max_overflow=10, pool_recycle=1800, pid=23121
[2025-06-27T01:39:38.520+0000] {processor.py:161} INFO - Started process (PID=23121) to work on /home/airflow/.local/lib/python3.10/site-packages/airflow/example_dags/example_sla_dag.py
[2025-06-27T01:39:38.521+0000] {processor.py:830} INFO - Processing file /home/airflow/.local/lib/python3.10/site-packages/airflow/example_dags/example_sla_dag.py for tasks to queue
[2025-06-27T01:39:38.523+0000] {logging_mixin.py:188} INFO - [2025-06-27T01:39:38.523+0000] {dagbag.py:545} INFO - Filling up the DagBag from /home/airflow/.local/lib/python3.10/site-packages/airflow/example_dags/example_sla_dag.py
[2025-06-27T01:39:38.526+0000] {logging_mixin.py:188} INFO - [2025-06-27T01:39:38.526+0000] {dagbag.py:337} DEBUG - Importing /home/airflow/.local/lib/python3.10/site-packages/airflow/example_dags/example_sla_dag.py
[2025-06-27T01:39:38.531+0000] {logging_mixin.py:188} INFO - [2025-06-27T01:39:38.531+0000] {GetText.py:65} DEBUG - /home/airflow/.local/lib/python3.10/site-packages/cron_descriptor/locale/en_US.mo Loaded
[2025-06-27T01:39:38.540+0000] {logging_mixin.py:188} INFO - [2025-06-27T01:39:38.538+0000] {dagbag.py:511} DEBUG - Loaded DAG <DAG: example_sla_dag>
[2025-06-27T01:39:38.540+0000] {processor.py:840} INFO - DAG(s) 'example_sla_dag' retrieved from /home/airflow/.local/lib/python3.10/site-packages/airflow/example_dags/example_sla_dag.py
[2025-06-27T01:39:38.542+0000] {logging_mixin.py:188} INFO - [2025-06-27T01:39:38.542+0000] {dagbag.py:667} DEBUG - Running dagbag.sync_to_db with retries. Try 1 of 3
[2025-06-27T01:39:38.544+0000] {logging_mixin.py:188} INFO - [2025-06-27T01:39:38.543+0000] {dagbag.py:672} DEBUG - Calling the DAG.bulk_sync_to_db method
[2025-06-27T01:39:38.566+0000] {logging_mixin.py:188} INFO - [2025-06-27T01:39:38.566+0000] {serialized_dag.py:166} DEBUG - Checking if DAG (example_sla_dag) changed
[2025-06-27T01:39:38.581+0000] {logging_mixin.py:188} INFO - [2025-06-27T01:39:38.580+0000] {serialized_dag.py:177} DEBUG - Serialized DAG (example_sla_dag) is unchanged. Skipping writing to DB
[2025-06-27T01:39:38.582+0000] {logging_mixin.py:188} INFO - [2025-06-27T01:39:38.582+0000] {dag.py:3096} INFO - Sync 1 DAGs
[2025-06-27T01:39:38.614+0000] {logging_mixin.py:188} INFO - [2025-06-27T01:39:38.613+0000] {dag.py:3954} INFO - Setting next_dagrun for example_sla_dag to 2025-06-27 01:36:00+00:00, run_after=2025-06-27 01:38:00+00:00
[2025-06-27T01:39:38.641+0000] {processor.py:183} INFO - Processing /home/airflow/.local/lib/python3.10/site-packages/airflow/example_dags/example_sla_dag.py took 0.135 seconds
