[2025-06-27T00:00:24.290+0000] {logging_mixin.py:188} INFO - [2025-06-27T00:00:24.289+0000] {settings.py:250} DEBUG - Setting up DB connection pool (PID 10871)
[2025-06-27T00:00:24.291+0000] {logging_mixin.py:188} INFO - [2025-06-27T00:00:24.291+0000] {settings.py:330} DEBUG - settings.prepare_engine_args(): Using pool settings. pool_size=5, max_overflow=10, pool_recycle=1800, pid=10871
[2025-06-27T00:00:24.300+0000] {processor.py:161} INFO - Started process (PID=10871) to work on /home/airflow/.local/lib/python3.10/site-packages/airflow/example_dags/example_time_delta_sensor_async.py
[2025-06-27T00:00:24.302+0000] {processor.py:830} INFO - Processing file /home/airflow/.local/lib/python3.10/site-packages/airflow/example_dags/example_time_delta_sensor_async.py for tasks to queue
[2025-06-27T00:00:24.304+0000] {logging_mixin.py:188} INFO - [2025-06-27T00:00:24.304+0000] {dagbag.py:545} INFO - Filling up the DagBag from /home/airflow/.local/lib/python3.10/site-packages/airflow/example_dags/example_time_delta_sensor_async.py
[2025-06-27T00:00:24.306+0000] {logging_mixin.py:188} INFO - [2025-06-27T00:00:24.306+0000] {dagbag.py:337} DEBUG - Importing /home/airflow/.local/lib/python3.10/site-packages/airflow/example_dags/example_time_delta_sensor_async.py
[2025-06-27T00:00:24.314+0000] {logging_mixin.py:188} INFO - [2025-06-27T00:00:24.313+0000] {dagbag.py:511} DEBUG - Loaded DAG <DAG: example_time_delta_sensor_async>
[2025-06-27T00:00:24.315+0000] {processor.py:840} INFO - DAG(s) 'example_time_delta_sensor_async' retrieved from /home/airflow/.local/lib/python3.10/site-packages/airflow/example_dags/example_time_delta_sensor_async.py
[2025-06-27T00:00:24.317+0000] {logging_mixin.py:188} INFO - [2025-06-27T00:00:24.317+0000] {dagbag.py:667} DEBUG - Running dagbag.sync_to_db with retries. Try 1 of 3
[2025-06-27T00:00:24.318+0000] {logging_mixin.py:188} INFO - [2025-06-27T00:00:24.318+0000] {dagbag.py:672} DEBUG - Calling the DAG.bulk_sync_to_db method
[2025-06-27T00:00:24.343+0000] {logging_mixin.py:188} INFO - [2025-06-27T00:00:24.342+0000] {serialized_dag.py:166} DEBUG - Checking if DAG (example_time_delta_sensor_async) changed
[2025-06-27T00:00:24.350+0000] {logging_mixin.py:188} INFO - [2025-06-27T00:00:24.349+0000] {plugins_manager.py:332} DEBUG - Plugins are already loaded. Skipping.
[2025-06-27T00:00:24.351+0000] {logging_mixin.py:188} INFO - [2025-06-27T00:00:24.350+0000] {plugins_manager.py:410} DEBUG - Initialize custom taskinstance deps plugins
[2025-06-27T00:00:24.362+0000] {logging_mixin.py:188} INFO - [2025-06-27T00:00:24.362+0000] {serialized_dag.py:177} DEBUG - Serialized DAG (example_time_delta_sensor_async) is unchanged. Skipping writing to DB
[2025-06-27T00:00:24.363+0000] {logging_mixin.py:188} INFO - [2025-06-27T00:00:24.363+0000] {dag.py:3096} INFO - Sync 1 DAGs
[2025-06-27T00:00:24.386+0000] {logging_mixin.py:188} INFO - [2025-06-27T00:00:24.386+0000] {dag.py:3954} INFO - Setting next_dagrun for example_time_delta_sensor_async to None, run_after=None
[2025-06-27T00:00:24.420+0000] {processor.py:183} INFO - Processing /home/airflow/.local/lib/python3.10/site-packages/airflow/example_dags/example_time_delta_sensor_async.py took 0.131 seconds
[2025-06-27T00:00:54.615+0000] {logging_mixin.py:188} INFO - [2025-06-27T00:00:54.614+0000] {settings.py:250} DEBUG - Setting up DB connection pool (PID 10932)
[2025-06-27T00:00:54.617+0000] {logging_mixin.py:188} INFO - [2025-06-27T00:00:54.617+0000] {settings.py:330} DEBUG - settings.prepare_engine_args(): Using pool settings. pool_size=5, max_overflow=10, pool_recycle=1800, pid=10932
[2025-06-27T00:00:54.627+0000] {processor.py:161} INFO - Started process (PID=10932) to work on /home/airflow/.local/lib/python3.10/site-packages/airflow/example_dags/example_time_delta_sensor_async.py
[2025-06-27T00:00:54.628+0000] {processor.py:830} INFO - Processing file /home/airflow/.local/lib/python3.10/site-packages/airflow/example_dags/example_time_delta_sensor_async.py for tasks to queue
[2025-06-27T00:00:54.629+0000] {logging_mixin.py:188} INFO - [2025-06-27T00:00:54.629+0000] {dagbag.py:545} INFO - Filling up the DagBag from /home/airflow/.local/lib/python3.10/site-packages/airflow/example_dags/example_time_delta_sensor_async.py
[2025-06-27T00:00:54.631+0000] {logging_mixin.py:188} INFO - [2025-06-27T00:00:54.631+0000] {dagbag.py:337} DEBUG - Importing /home/airflow/.local/lib/python3.10/site-packages/airflow/example_dags/example_time_delta_sensor_async.py
[2025-06-27T00:00:54.640+0000] {logging_mixin.py:188} INFO - [2025-06-27T00:00:54.639+0000] {dagbag.py:511} DEBUG - Loaded DAG <DAG: example_time_delta_sensor_async>
[2025-06-27T00:00:54.641+0000] {processor.py:840} INFO - DAG(s) 'example_time_delta_sensor_async' retrieved from /home/airflow/.local/lib/python3.10/site-packages/airflow/example_dags/example_time_delta_sensor_async.py
[2025-06-27T00:00:54.643+0000] {logging_mixin.py:188} INFO - [2025-06-27T00:00:54.643+0000] {dagbag.py:667} DEBUG - Running dagbag.sync_to_db with retries. Try 1 of 3
[2025-06-27T00:00:54.644+0000] {logging_mixin.py:188} INFO - [2025-06-27T00:00:54.644+0000] {dagbag.py:672} DEBUG - Calling the DAG.bulk_sync_to_db method
[2025-06-27T00:00:54.666+0000] {logging_mixin.py:188} INFO - [2025-06-27T00:00:54.665+0000] {serialized_dag.py:166} DEBUG - Checking if DAG (example_time_delta_sensor_async) changed
[2025-06-27T00:00:54.674+0000] {logging_mixin.py:188} INFO - [2025-06-27T00:00:54.674+0000] {plugins_manager.py:332} DEBUG - Plugins are already loaded. Skipping.
[2025-06-27T00:00:54.675+0000] {logging_mixin.py:188} INFO - [2025-06-27T00:00:54.675+0000] {plugins_manager.py:410} DEBUG - Initialize custom taskinstance deps plugins
[2025-06-27T00:00:54.684+0000] {logging_mixin.py:188} INFO - [2025-06-27T00:00:54.684+0000] {serialized_dag.py:177} DEBUG - Serialized DAG (example_time_delta_sensor_async) is unchanged. Skipping writing to DB
[2025-06-27T00:00:54.685+0000] {logging_mixin.py:188} INFO - [2025-06-27T00:00:54.684+0000] {dag.py:3096} INFO - Sync 1 DAGs
[2025-06-27T00:00:54.700+0000] {logging_mixin.py:188} INFO - [2025-06-27T00:00:54.700+0000] {dag.py:3954} INFO - Setting next_dagrun for example_time_delta_sensor_async to None, run_after=None
[2025-06-27T00:00:54.725+0000] {processor.py:183} INFO - Processing /home/airflow/.local/lib/python3.10/site-packages/airflow/example_dags/example_time_delta_sensor_async.py took 0.111 seconds
[2025-06-27T00:01:24.825+0000] {logging_mixin.py:188} INFO - [2025-06-27T00:01:24.824+0000] {settings.py:250} DEBUG - Setting up DB connection pool (PID 10995)
[2025-06-27T00:01:24.829+0000] {logging_mixin.py:188} INFO - [2025-06-27T00:01:24.829+0000] {settings.py:330} DEBUG - settings.prepare_engine_args(): Using pool settings. pool_size=5, max_overflow=10, pool_recycle=1800, pid=10995
[2025-06-27T00:01:24.839+0000] {processor.py:161} INFO - Started process (PID=10995) to work on /home/airflow/.local/lib/python3.10/site-packages/airflow/example_dags/example_time_delta_sensor_async.py
[2025-06-27T00:01:24.840+0000] {processor.py:830} INFO - Processing file /home/airflow/.local/lib/python3.10/site-packages/airflow/example_dags/example_time_delta_sensor_async.py for tasks to queue
[2025-06-27T00:01:24.842+0000] {logging_mixin.py:188} INFO - [2025-06-27T00:01:24.842+0000] {dagbag.py:545} INFO - Filling up the DagBag from /home/airflow/.local/lib/python3.10/site-packages/airflow/example_dags/example_time_delta_sensor_async.py
[2025-06-27T00:01:24.844+0000] {logging_mixin.py:188} INFO - [2025-06-27T00:01:24.844+0000] {dagbag.py:337} DEBUG - Importing /home/airflow/.local/lib/python3.10/site-packages/airflow/example_dags/example_time_delta_sensor_async.py
[2025-06-27T00:01:24.853+0000] {logging_mixin.py:188} INFO - [2025-06-27T00:01:24.851+0000] {dagbag.py:511} DEBUG - Loaded DAG <DAG: example_time_delta_sensor_async>
[2025-06-27T00:01:24.854+0000] {processor.py:840} INFO - DAG(s) 'example_time_delta_sensor_async' retrieved from /home/airflow/.local/lib/python3.10/site-packages/airflow/example_dags/example_time_delta_sensor_async.py
[2025-06-27T00:01:24.856+0000] {logging_mixin.py:188} INFO - [2025-06-27T00:01:24.856+0000] {dagbag.py:667} DEBUG - Running dagbag.sync_to_db with retries. Try 1 of 3
[2025-06-27T00:01:24.857+0000] {logging_mixin.py:188} INFO - [2025-06-27T00:01:24.857+0000] {dagbag.py:672} DEBUG - Calling the DAG.bulk_sync_to_db method
[2025-06-27T00:01:24.878+0000] {logging_mixin.py:188} INFO - [2025-06-27T00:01:24.877+0000] {serialized_dag.py:166} DEBUG - Checking if DAG (example_time_delta_sensor_async) changed
[2025-06-27T00:01:24.883+0000] {logging_mixin.py:188} INFO - [2025-06-27T00:01:24.882+0000] {plugins_manager.py:332} DEBUG - Plugins are already loaded. Skipping.
[2025-06-27T00:01:24.883+0000] {logging_mixin.py:188} INFO - [2025-06-27T00:01:24.883+0000] {plugins_manager.py:410} DEBUG - Initialize custom taskinstance deps plugins
[2025-06-27T00:01:24.892+0000] {logging_mixin.py:188} INFO - [2025-06-27T00:01:24.892+0000] {serialized_dag.py:177} DEBUG - Serialized DAG (example_time_delta_sensor_async) is unchanged. Skipping writing to DB
[2025-06-27T00:01:24.893+0000] {logging_mixin.py:188} INFO - [2025-06-27T00:01:24.893+0000] {dag.py:3096} INFO - Sync 1 DAGs
[2025-06-27T00:01:24.909+0000] {logging_mixin.py:188} INFO - [2025-06-27T00:01:24.908+0000] {dag.py:3954} INFO - Setting next_dagrun for example_time_delta_sensor_async to None, run_after=None
[2025-06-27T00:01:24.937+0000] {processor.py:183} INFO - Processing /home/airflow/.local/lib/python3.10/site-packages/airflow/example_dags/example_time_delta_sensor_async.py took 0.113 seconds
[2025-06-27T00:01:55.163+0000] {logging_mixin.py:188} INFO - [2025-06-27T00:01:55.162+0000] {settings.py:250} DEBUG - Setting up DB connection pool (PID 11058)
[2025-06-27T00:01:55.165+0000] {logging_mixin.py:188} INFO - [2025-06-27T00:01:55.165+0000] {settings.py:330} DEBUG - settings.prepare_engine_args(): Using pool settings. pool_size=5, max_overflow=10, pool_recycle=1800, pid=11058
[2025-06-27T00:01:55.174+0000] {processor.py:161} INFO - Started process (PID=11058) to work on /home/airflow/.local/lib/python3.10/site-packages/airflow/example_dags/example_time_delta_sensor_async.py
[2025-06-27T00:01:55.175+0000] {processor.py:830} INFO - Processing file /home/airflow/.local/lib/python3.10/site-packages/airflow/example_dags/example_time_delta_sensor_async.py for tasks to queue
[2025-06-27T00:01:55.177+0000] {logging_mixin.py:188} INFO - [2025-06-27T00:01:55.177+0000] {dagbag.py:545} INFO - Filling up the DagBag from /home/airflow/.local/lib/python3.10/site-packages/airflow/example_dags/example_time_delta_sensor_async.py
[2025-06-27T00:01:55.180+0000] {logging_mixin.py:188} INFO - [2025-06-27T00:01:55.180+0000] {dagbag.py:337} DEBUG - Importing /home/airflow/.local/lib/python3.10/site-packages/airflow/example_dags/example_time_delta_sensor_async.py
[2025-06-27T00:01:55.192+0000] {logging_mixin.py:188} INFO - [2025-06-27T00:01:55.189+0000] {dagbag.py:511} DEBUG - Loaded DAG <DAG: example_time_delta_sensor_async>
[2025-06-27T00:01:55.193+0000] {processor.py:840} INFO - DAG(s) 'example_time_delta_sensor_async' retrieved from /home/airflow/.local/lib/python3.10/site-packages/airflow/example_dags/example_time_delta_sensor_async.py
[2025-06-27T00:01:55.197+0000] {logging_mixin.py:188} INFO - [2025-06-27T00:01:55.196+0000] {dagbag.py:667} DEBUG - Running dagbag.sync_to_db with retries. Try 1 of 3
[2025-06-27T00:01:55.198+0000] {logging_mixin.py:188} INFO - [2025-06-27T00:01:55.198+0000] {dagbag.py:672} DEBUG - Calling the DAG.bulk_sync_to_db method
[2025-06-27T00:01:55.224+0000] {logging_mixin.py:188} INFO - [2025-06-27T00:01:55.223+0000] {serialized_dag.py:166} DEBUG - Checking if DAG (example_time_delta_sensor_async) changed
[2025-06-27T00:01:55.230+0000] {logging_mixin.py:188} INFO - [2025-06-27T00:01:55.230+0000] {plugins_manager.py:332} DEBUG - Plugins are already loaded. Skipping.
[2025-06-27T00:01:55.231+0000] {logging_mixin.py:188} INFO - [2025-06-27T00:01:55.231+0000] {plugins_manager.py:410} DEBUG - Initialize custom taskinstance deps plugins
[2025-06-27T00:01:55.244+0000] {logging_mixin.py:188} INFO - [2025-06-27T00:01:55.243+0000] {serialized_dag.py:177} DEBUG - Serialized DAG (example_time_delta_sensor_async) is unchanged. Skipping writing to DB
[2025-06-27T00:01:55.245+0000] {logging_mixin.py:188} INFO - [2025-06-27T00:01:55.244+0000] {dag.py:3096} INFO - Sync 1 DAGs
[2025-06-27T00:01:55.268+0000] {logging_mixin.py:188} INFO - [2025-06-27T00:01:55.268+0000] {dag.py:3954} INFO - Setting next_dagrun for example_time_delta_sensor_async to None, run_after=None
[2025-06-27T00:01:55.301+0000] {processor.py:183} INFO - Processing /home/airflow/.local/lib/python3.10/site-packages/airflow/example_dags/example_time_delta_sensor_async.py took 0.139 seconds
[2025-06-27T00:02:25.729+0000] {logging_mixin.py:188} INFO - [2025-06-27T00:02:25.727+0000] {settings.py:250} DEBUG - Setting up DB connection pool (PID 11121)
[2025-06-27T00:02:25.731+0000] {logging_mixin.py:188} INFO - [2025-06-27T00:02:25.731+0000] {settings.py:330} DEBUG - settings.prepare_engine_args(): Using pool settings. pool_size=5, max_overflow=10, pool_recycle=1800, pid=11121
[2025-06-27T00:02:25.741+0000] {processor.py:161} INFO - Started process (PID=11121) to work on /home/airflow/.local/lib/python3.10/site-packages/airflow/example_dags/example_time_delta_sensor_async.py
[2025-06-27T00:02:25.742+0000] {processor.py:830} INFO - Processing file /home/airflow/.local/lib/python3.10/site-packages/airflow/example_dags/example_time_delta_sensor_async.py for tasks to queue
[2025-06-27T00:02:25.743+0000] {logging_mixin.py:188} INFO - [2025-06-27T00:02:25.743+0000] {dagbag.py:545} INFO - Filling up the DagBag from /home/airflow/.local/lib/python3.10/site-packages/airflow/example_dags/example_time_delta_sensor_async.py
[2025-06-27T00:02:25.746+0000] {logging_mixin.py:188} INFO - [2025-06-27T00:02:25.746+0000] {dagbag.py:337} DEBUG - Importing /home/airflow/.local/lib/python3.10/site-packages/airflow/example_dags/example_time_delta_sensor_async.py
[2025-06-27T00:02:25.756+0000] {logging_mixin.py:188} INFO - [2025-06-27T00:02:25.754+0000] {dagbag.py:511} DEBUG - Loaded DAG <DAG: example_time_delta_sensor_async>
[2025-06-27T00:02:25.757+0000] {processor.py:840} INFO - DAG(s) 'example_time_delta_sensor_async' retrieved from /home/airflow/.local/lib/python3.10/site-packages/airflow/example_dags/example_time_delta_sensor_async.py
[2025-06-27T00:02:25.759+0000] {logging_mixin.py:188} INFO - [2025-06-27T00:02:25.759+0000] {dagbag.py:667} DEBUG - Running dagbag.sync_to_db with retries. Try 1 of 3
[2025-06-27T00:02:25.760+0000] {logging_mixin.py:188} INFO - [2025-06-27T00:02:25.760+0000] {dagbag.py:672} DEBUG - Calling the DAG.bulk_sync_to_db method
[2025-06-27T00:02:25.780+0000] {logging_mixin.py:188} INFO - [2025-06-27T00:02:25.780+0000] {serialized_dag.py:166} DEBUG - Checking if DAG (example_time_delta_sensor_async) changed
[2025-06-27T00:02:25.785+0000] {logging_mixin.py:188} INFO - [2025-06-27T00:02:25.784+0000] {plugins_manager.py:332} DEBUG - Plugins are already loaded. Skipping.
[2025-06-27T00:02:25.786+0000] {logging_mixin.py:188} INFO - [2025-06-27T00:02:25.785+0000] {plugins_manager.py:410} DEBUG - Initialize custom taskinstance deps plugins
[2025-06-27T00:02:25.799+0000] {logging_mixin.py:188} INFO - [2025-06-27T00:02:25.798+0000] {serialized_dag.py:177} DEBUG - Serialized DAG (example_time_delta_sensor_async) is unchanged. Skipping writing to DB
[2025-06-27T00:02:25.800+0000] {logging_mixin.py:188} INFO - [2025-06-27T00:02:25.799+0000] {dag.py:3096} INFO - Sync 1 DAGs
[2025-06-27T00:02:25.826+0000] {logging_mixin.py:188} INFO - [2025-06-27T00:02:25.825+0000] {dag.py:3954} INFO - Setting next_dagrun for example_time_delta_sensor_async to None, run_after=None
[2025-06-27T00:02:25.862+0000] {processor.py:183} INFO - Processing /home/airflow/.local/lib/python3.10/site-packages/airflow/example_dags/example_time_delta_sensor_async.py took 0.135 seconds
[2025-06-27T00:02:56.717+0000] {logging_mixin.py:188} INFO - [2025-06-27T00:02:56.715+0000] {settings.py:250} DEBUG - Setting up DB connection pool (PID 11184)
[2025-06-27T00:02:56.719+0000] {logging_mixin.py:188} INFO - [2025-06-27T00:02:56.718+0000] {settings.py:330} DEBUG - settings.prepare_engine_args(): Using pool settings. pool_size=5, max_overflow=10, pool_recycle=1800, pid=11184
[2025-06-27T00:02:56.729+0000] {processor.py:161} INFO - Started process (PID=11184) to work on /home/airflow/.local/lib/python3.10/site-packages/airflow/example_dags/example_time_delta_sensor_async.py
[2025-06-27T00:02:56.732+0000] {processor.py:830} INFO - Processing file /home/airflow/.local/lib/python3.10/site-packages/airflow/example_dags/example_time_delta_sensor_async.py for tasks to queue
[2025-06-27T00:02:56.733+0000] {logging_mixin.py:188} INFO - [2025-06-27T00:02:56.733+0000] {dagbag.py:545} INFO - Filling up the DagBag from /home/airflow/.local/lib/python3.10/site-packages/airflow/example_dags/example_time_delta_sensor_async.py
[2025-06-27T00:02:56.736+0000] {logging_mixin.py:188} INFO - [2025-06-27T00:02:56.736+0000] {dagbag.py:337} DEBUG - Importing /home/airflow/.local/lib/python3.10/site-packages/airflow/example_dags/example_time_delta_sensor_async.py
[2025-06-27T00:02:56.745+0000] {logging_mixin.py:188} INFO - [2025-06-27T00:02:56.743+0000] {dagbag.py:511} DEBUG - Loaded DAG <DAG: example_time_delta_sensor_async>
[2025-06-27T00:02:56.745+0000] {processor.py:840} INFO - DAG(s) 'example_time_delta_sensor_async' retrieved from /home/airflow/.local/lib/python3.10/site-packages/airflow/example_dags/example_time_delta_sensor_async.py
[2025-06-27T00:02:56.747+0000] {logging_mixin.py:188} INFO - [2025-06-27T00:02:56.747+0000] {dagbag.py:667} DEBUG - Running dagbag.sync_to_db with retries. Try 1 of 3
[2025-06-27T00:02:56.748+0000] {logging_mixin.py:188} INFO - [2025-06-27T00:02:56.748+0000] {dagbag.py:672} DEBUG - Calling the DAG.bulk_sync_to_db method
[2025-06-27T00:02:56.768+0000] {logging_mixin.py:188} INFO - [2025-06-27T00:02:56.767+0000] {serialized_dag.py:166} DEBUG - Checking if DAG (example_time_delta_sensor_async) changed
[2025-06-27T00:02:56.775+0000] {logging_mixin.py:188} INFO - [2025-06-27T00:02:56.775+0000] {plugins_manager.py:332} DEBUG - Plugins are already loaded. Skipping.
[2025-06-27T00:02:56.776+0000] {logging_mixin.py:188} INFO - [2025-06-27T00:02:56.776+0000] {plugins_manager.py:410} DEBUG - Initialize custom taskinstance deps plugins
[2025-06-27T00:02:56.789+0000] {logging_mixin.py:188} INFO - [2025-06-27T00:02:56.788+0000] {serialized_dag.py:177} DEBUG - Serialized DAG (example_time_delta_sensor_async) is unchanged. Skipping writing to DB
[2025-06-27T00:02:56.790+0000] {logging_mixin.py:188} INFO - [2025-06-27T00:02:56.790+0000] {dag.py:3096} INFO - Sync 1 DAGs
[2025-06-27T00:02:56.816+0000] {logging_mixin.py:188} INFO - [2025-06-27T00:02:56.815+0000] {dag.py:3954} INFO - Setting next_dagrun for example_time_delta_sensor_async to None, run_after=None
[2025-06-27T00:02:56.852+0000] {processor.py:183} INFO - Processing /home/airflow/.local/lib/python3.10/site-packages/airflow/example_dags/example_time_delta_sensor_async.py took 0.137 seconds
[2025-06-27T00:03:27.032+0000] {logging_mixin.py:188} INFO - [2025-06-27T00:03:27.030+0000] {settings.py:250} DEBUG - Setting up DB connection pool (PID 11247)
[2025-06-27T00:03:27.034+0000] {logging_mixin.py:188} INFO - [2025-06-27T00:03:27.034+0000] {settings.py:330} DEBUG - settings.prepare_engine_args(): Using pool settings. pool_size=5, max_overflow=10, pool_recycle=1800, pid=11247
[2025-06-27T00:03:27.046+0000] {processor.py:161} INFO - Started process (PID=11247) to work on /home/airflow/.local/lib/python3.10/site-packages/airflow/example_dags/example_time_delta_sensor_async.py
[2025-06-27T00:03:27.048+0000] {processor.py:830} INFO - Processing file /home/airflow/.local/lib/python3.10/site-packages/airflow/example_dags/example_time_delta_sensor_async.py for tasks to queue
[2025-06-27T00:03:27.049+0000] {logging_mixin.py:188} INFO - [2025-06-27T00:03:27.049+0000] {dagbag.py:545} INFO - Filling up the DagBag from /home/airflow/.local/lib/python3.10/site-packages/airflow/example_dags/example_time_delta_sensor_async.py
[2025-06-27T00:03:27.053+0000] {logging_mixin.py:188} INFO - [2025-06-27T00:03:27.052+0000] {dagbag.py:337} DEBUG - Importing /home/airflow/.local/lib/python3.10/site-packages/airflow/example_dags/example_time_delta_sensor_async.py
[2025-06-27T00:03:27.063+0000] {logging_mixin.py:188} INFO - [2025-06-27T00:03:27.061+0000] {dagbag.py:511} DEBUG - Loaded DAG <DAG: example_time_delta_sensor_async>
[2025-06-27T00:03:27.064+0000] {processor.py:840} INFO - DAG(s) 'example_time_delta_sensor_async' retrieved from /home/airflow/.local/lib/python3.10/site-packages/airflow/example_dags/example_time_delta_sensor_async.py
[2025-06-27T00:03:27.066+0000] {logging_mixin.py:188} INFO - [2025-06-27T00:03:27.066+0000] {dagbag.py:667} DEBUG - Running dagbag.sync_to_db with retries. Try 1 of 3
[2025-06-27T00:03:27.067+0000] {logging_mixin.py:188} INFO - [2025-06-27T00:03:27.067+0000] {dagbag.py:672} DEBUG - Calling the DAG.bulk_sync_to_db method
[2025-06-27T00:03:27.087+0000] {logging_mixin.py:188} INFO - [2025-06-27T00:03:27.087+0000] {serialized_dag.py:166} DEBUG - Checking if DAG (example_time_delta_sensor_async) changed
[2025-06-27T00:03:27.096+0000] {logging_mixin.py:188} INFO - [2025-06-27T00:03:27.096+0000] {plugins_manager.py:332} DEBUG - Plugins are already loaded. Skipping.
[2025-06-27T00:03:27.097+0000] {logging_mixin.py:188} INFO - [2025-06-27T00:03:27.097+0000] {plugins_manager.py:410} DEBUG - Initialize custom taskinstance deps plugins
[2025-06-27T00:03:27.111+0000] {logging_mixin.py:188} INFO - [2025-06-27T00:03:27.111+0000] {serialized_dag.py:177} DEBUG - Serialized DAG (example_time_delta_sensor_async) is unchanged. Skipping writing to DB
[2025-06-27T00:03:27.113+0000] {logging_mixin.py:188} INFO - [2025-06-27T00:03:27.113+0000] {dag.py:3096} INFO - Sync 1 DAGs
[2025-06-27T00:03:27.138+0000] {logging_mixin.py:188} INFO - [2025-06-27T00:03:27.137+0000] {dag.py:3954} INFO - Setting next_dagrun for example_time_delta_sensor_async to None, run_after=None
[2025-06-27T00:03:27.176+0000] {processor.py:183} INFO - Processing /home/airflow/.local/lib/python3.10/site-packages/airflow/example_dags/example_time_delta_sensor_async.py took 0.145 seconds
[2025-06-27T00:03:57.550+0000] {logging_mixin.py:188} INFO - [2025-06-27T00:03:57.549+0000] {settings.py:250} DEBUG - Setting up DB connection pool (PID 11310)
[2025-06-27T00:03:57.552+0000] {logging_mixin.py:188} INFO - [2025-06-27T00:03:57.552+0000] {settings.py:330} DEBUG - settings.prepare_engine_args(): Using pool settings. pool_size=5, max_overflow=10, pool_recycle=1800, pid=11310
[2025-06-27T00:03:57.565+0000] {processor.py:161} INFO - Started process (PID=11310) to work on /home/airflow/.local/lib/python3.10/site-packages/airflow/example_dags/example_time_delta_sensor_async.py
[2025-06-27T00:03:57.566+0000] {processor.py:830} INFO - Processing file /home/airflow/.local/lib/python3.10/site-packages/airflow/example_dags/example_time_delta_sensor_async.py for tasks to queue
[2025-06-27T00:03:57.568+0000] {logging_mixin.py:188} INFO - [2025-06-27T00:03:57.567+0000] {dagbag.py:545} INFO - Filling up the DagBag from /home/airflow/.local/lib/python3.10/site-packages/airflow/example_dags/example_time_delta_sensor_async.py
[2025-06-27T00:03:57.570+0000] {logging_mixin.py:188} INFO - [2025-06-27T00:03:57.569+0000] {dagbag.py:337} DEBUG - Importing /home/airflow/.local/lib/python3.10/site-packages/airflow/example_dags/example_time_delta_sensor_async.py
[2025-06-27T00:03:57.579+0000] {logging_mixin.py:188} INFO - [2025-06-27T00:03:57.577+0000] {dagbag.py:511} DEBUG - Loaded DAG <DAG: example_time_delta_sensor_async>
[2025-06-27T00:03:57.579+0000] {processor.py:840} INFO - DAG(s) 'example_time_delta_sensor_async' retrieved from /home/airflow/.local/lib/python3.10/site-packages/airflow/example_dags/example_time_delta_sensor_async.py
[2025-06-27T00:03:57.581+0000] {logging_mixin.py:188} INFO - [2025-06-27T00:03:57.581+0000] {dagbag.py:667} DEBUG - Running dagbag.sync_to_db with retries. Try 1 of 3
[2025-06-27T00:03:57.582+0000] {logging_mixin.py:188} INFO - [2025-06-27T00:03:57.582+0000] {dagbag.py:672} DEBUG - Calling the DAG.bulk_sync_to_db method
[2025-06-27T00:03:57.602+0000] {logging_mixin.py:188} INFO - [2025-06-27T00:03:57.601+0000] {serialized_dag.py:166} DEBUG - Checking if DAG (example_time_delta_sensor_async) changed
[2025-06-27T00:03:57.607+0000] {logging_mixin.py:188} INFO - [2025-06-27T00:03:57.607+0000] {plugins_manager.py:332} DEBUG - Plugins are already loaded. Skipping.
[2025-06-27T00:03:57.608+0000] {logging_mixin.py:188} INFO - [2025-06-27T00:03:57.608+0000] {plugins_manager.py:410} DEBUG - Initialize custom taskinstance deps plugins
[2025-06-27T00:03:57.621+0000] {logging_mixin.py:188} INFO - [2025-06-27T00:03:57.621+0000] {serialized_dag.py:177} DEBUG - Serialized DAG (example_time_delta_sensor_async) is unchanged. Skipping writing to DB
[2025-06-27T00:03:57.623+0000] {logging_mixin.py:188} INFO - [2025-06-27T00:03:57.623+0000] {dag.py:3096} INFO - Sync 1 DAGs
[2025-06-27T00:03:57.650+0000] {logging_mixin.py:188} INFO - [2025-06-27T00:03:57.649+0000] {dag.py:3954} INFO - Setting next_dagrun for example_time_delta_sensor_async to None, run_after=None
[2025-06-27T00:03:57.682+0000] {processor.py:183} INFO - Processing /home/airflow/.local/lib/python3.10/site-packages/airflow/example_dags/example_time_delta_sensor_async.py took 0.134 seconds
[2025-06-27T00:04:28.164+0000] {logging_mixin.py:188} INFO - [2025-06-27T00:04:28.163+0000] {settings.py:250} DEBUG - Setting up DB connection pool (PID 11373)
[2025-06-27T00:04:28.166+0000] {logging_mixin.py:188} INFO - [2025-06-27T00:04:28.166+0000] {settings.py:330} DEBUG - settings.prepare_engine_args(): Using pool settings. pool_size=5, max_overflow=10, pool_recycle=1800, pid=11373
[2025-06-27T00:04:28.177+0000] {processor.py:161} INFO - Started process (PID=11373) to work on /home/airflow/.local/lib/python3.10/site-packages/airflow/example_dags/example_time_delta_sensor_async.py
[2025-06-27T00:04:28.178+0000] {processor.py:830} INFO - Processing file /home/airflow/.local/lib/python3.10/site-packages/airflow/example_dags/example_time_delta_sensor_async.py for tasks to queue
[2025-06-27T00:04:28.180+0000] {logging_mixin.py:188} INFO - [2025-06-27T00:04:28.179+0000] {dagbag.py:545} INFO - Filling up the DagBag from /home/airflow/.local/lib/python3.10/site-packages/airflow/example_dags/example_time_delta_sensor_async.py
[2025-06-27T00:04:28.182+0000] {logging_mixin.py:188} INFO - [2025-06-27T00:04:28.181+0000] {dagbag.py:337} DEBUG - Importing /home/airflow/.local/lib/python3.10/site-packages/airflow/example_dags/example_time_delta_sensor_async.py
[2025-06-27T00:04:28.192+0000] {logging_mixin.py:188} INFO - [2025-06-27T00:04:28.189+0000] {dagbag.py:511} DEBUG - Loaded DAG <DAG: example_time_delta_sensor_async>
[2025-06-27T00:04:28.193+0000] {processor.py:840} INFO - DAG(s) 'example_time_delta_sensor_async' retrieved from /home/airflow/.local/lib/python3.10/site-packages/airflow/example_dags/example_time_delta_sensor_async.py
[2025-06-27T00:04:28.197+0000] {logging_mixin.py:188} INFO - [2025-06-27T00:04:28.197+0000] {dagbag.py:667} DEBUG - Running dagbag.sync_to_db with retries. Try 1 of 3
[2025-06-27T00:04:28.198+0000] {logging_mixin.py:188} INFO - [2025-06-27T00:04:28.198+0000] {dagbag.py:672} DEBUG - Calling the DAG.bulk_sync_to_db method
[2025-06-27T00:04:28.220+0000] {logging_mixin.py:188} INFO - [2025-06-27T00:04:28.219+0000] {serialized_dag.py:166} DEBUG - Checking if DAG (example_time_delta_sensor_async) changed
[2025-06-27T00:04:28.228+0000] {logging_mixin.py:188} INFO - [2025-06-27T00:04:28.228+0000] {plugins_manager.py:332} DEBUG - Plugins are already loaded. Skipping.
[2025-06-27T00:04:28.230+0000] {logging_mixin.py:188} INFO - [2025-06-27T00:04:28.229+0000] {plugins_manager.py:410} DEBUG - Initialize custom taskinstance deps plugins
[2025-06-27T00:04:28.243+0000] {logging_mixin.py:188} INFO - [2025-06-27T00:04:28.242+0000] {serialized_dag.py:177} DEBUG - Serialized DAG (example_time_delta_sensor_async) is unchanged. Skipping writing to DB
[2025-06-27T00:04:28.244+0000] {logging_mixin.py:188} INFO - [2025-06-27T00:04:28.244+0000] {dag.py:3096} INFO - Sync 1 DAGs
[2025-06-27T00:04:28.265+0000] {logging_mixin.py:188} INFO - [2025-06-27T00:04:28.265+0000] {dag.py:3954} INFO - Setting next_dagrun for example_time_delta_sensor_async to None, run_after=None
[2025-06-27T00:04:28.297+0000] {processor.py:183} INFO - Processing /home/airflow/.local/lib/python3.10/site-packages/airflow/example_dags/example_time_delta_sensor_async.py took 0.134 seconds
[2025-06-27T00:04:58.984+0000] {logging_mixin.py:188} INFO - [2025-06-27T00:04:58.982+0000] {settings.py:250} DEBUG - Setting up DB connection pool (PID 11436)
[2025-06-27T00:04:58.986+0000] {logging_mixin.py:188} INFO - [2025-06-27T00:04:58.986+0000] {settings.py:330} DEBUG - settings.prepare_engine_args(): Using pool settings. pool_size=5, max_overflow=10, pool_recycle=1800, pid=11436
[2025-06-27T00:04:58.999+0000] {processor.py:161} INFO - Started process (PID=11436) to work on /home/airflow/.local/lib/python3.10/site-packages/airflow/example_dags/example_time_delta_sensor_async.py
[2025-06-27T00:04:59.000+0000] {processor.py:830} INFO - Processing file /home/airflow/.local/lib/python3.10/site-packages/airflow/example_dags/example_time_delta_sensor_async.py for tasks to queue
[2025-06-27T00:04:59.002+0000] {logging_mixin.py:188} INFO - [2025-06-27T00:04:59.002+0000] {dagbag.py:545} INFO - Filling up the DagBag from /home/airflow/.local/lib/python3.10/site-packages/airflow/example_dags/example_time_delta_sensor_async.py
[2025-06-27T00:04:59.006+0000] {logging_mixin.py:188} INFO - [2025-06-27T00:04:59.006+0000] {dagbag.py:337} DEBUG - Importing /home/airflow/.local/lib/python3.10/site-packages/airflow/example_dags/example_time_delta_sensor_async.py
[2025-06-27T00:04:59.018+0000] {logging_mixin.py:188} INFO - [2025-06-27T00:04:59.015+0000] {dagbag.py:511} DEBUG - Loaded DAG <DAG: example_time_delta_sensor_async>
[2025-06-27T00:04:59.019+0000] {processor.py:840} INFO - DAG(s) 'example_time_delta_sensor_async' retrieved from /home/airflow/.local/lib/python3.10/site-packages/airflow/example_dags/example_time_delta_sensor_async.py
[2025-06-27T00:04:59.022+0000] {logging_mixin.py:188} INFO - [2025-06-27T00:04:59.021+0000] {dagbag.py:667} DEBUG - Running dagbag.sync_to_db with retries. Try 1 of 3
[2025-06-27T00:04:59.022+0000] {logging_mixin.py:188} INFO - [2025-06-27T00:04:59.022+0000] {dagbag.py:672} DEBUG - Calling the DAG.bulk_sync_to_db method
[2025-06-27T00:04:59.047+0000] {logging_mixin.py:188} INFO - [2025-06-27T00:04:59.046+0000] {serialized_dag.py:166} DEBUG - Checking if DAG (example_time_delta_sensor_async) changed
[2025-06-27T00:04:59.054+0000] {logging_mixin.py:188} INFO - [2025-06-27T00:04:59.053+0000] {plugins_manager.py:332} DEBUG - Plugins are already loaded. Skipping.
[2025-06-27T00:04:59.055+0000] {logging_mixin.py:188} INFO - [2025-06-27T00:04:59.054+0000] {plugins_manager.py:410} DEBUG - Initialize custom taskinstance deps plugins
[2025-06-27T00:04:59.068+0000] {logging_mixin.py:188} INFO - [2025-06-27T00:04:59.068+0000] {serialized_dag.py:177} DEBUG - Serialized DAG (example_time_delta_sensor_async) is unchanged. Skipping writing to DB
[2025-06-27T00:04:59.070+0000] {logging_mixin.py:188} INFO - [2025-06-27T00:04:59.069+0000] {dag.py:3096} INFO - Sync 1 DAGs
[2025-06-27T00:04:59.095+0000] {logging_mixin.py:188} INFO - [2025-06-27T00:04:59.095+0000] {dag.py:3954} INFO - Setting next_dagrun for example_time_delta_sensor_async to None, run_after=None
[2025-06-27T00:04:59.131+0000] {processor.py:183} INFO - Processing /home/airflow/.local/lib/python3.10/site-packages/airflow/example_dags/example_time_delta_sensor_async.py took 0.149 seconds
[2025-06-27T00:05:29.936+0000] {logging_mixin.py:188} INFO - [2025-06-27T00:05:29.935+0000] {settings.py:250} DEBUG - Setting up DB connection pool (PID 11499)
[2025-06-27T00:05:29.938+0000] {logging_mixin.py:188} INFO - [2025-06-27T00:05:29.938+0000] {settings.py:330} DEBUG - settings.prepare_engine_args(): Using pool settings. pool_size=5, max_overflow=10, pool_recycle=1800, pid=11499
[2025-06-27T00:05:29.950+0000] {processor.py:161} INFO - Started process (PID=11499) to work on /home/airflow/.local/lib/python3.10/site-packages/airflow/example_dags/example_time_delta_sensor_async.py
[2025-06-27T00:05:29.951+0000] {processor.py:830} INFO - Processing file /home/airflow/.local/lib/python3.10/site-packages/airflow/example_dags/example_time_delta_sensor_async.py for tasks to queue
[2025-06-27T00:05:29.953+0000] {logging_mixin.py:188} INFO - [2025-06-27T00:05:29.953+0000] {dagbag.py:545} INFO - Filling up the DagBag from /home/airflow/.local/lib/python3.10/site-packages/airflow/example_dags/example_time_delta_sensor_async.py
[2025-06-27T00:05:29.956+0000] {logging_mixin.py:188} INFO - [2025-06-27T00:05:29.956+0000] {dagbag.py:337} DEBUG - Importing /home/airflow/.local/lib/python3.10/site-packages/airflow/example_dags/example_time_delta_sensor_async.py
[2025-06-27T00:05:29.968+0000] {logging_mixin.py:188} INFO - [2025-06-27T00:05:29.965+0000] {dagbag.py:511} DEBUG - Loaded DAG <DAG: example_time_delta_sensor_async>
[2025-06-27T00:05:29.969+0000] {processor.py:840} INFO - DAG(s) 'example_time_delta_sensor_async' retrieved from /home/airflow/.local/lib/python3.10/site-packages/airflow/example_dags/example_time_delta_sensor_async.py
[2025-06-27T00:05:29.973+0000] {logging_mixin.py:188} INFO - [2025-06-27T00:05:29.972+0000] {dagbag.py:667} DEBUG - Running dagbag.sync_to_db with retries. Try 1 of 3
[2025-06-27T00:05:29.974+0000] {logging_mixin.py:188} INFO - [2025-06-27T00:05:29.973+0000] {dagbag.py:672} DEBUG - Calling the DAG.bulk_sync_to_db method
[2025-06-27T00:05:29.998+0000] {logging_mixin.py:188} INFO - [2025-06-27T00:05:29.997+0000] {serialized_dag.py:166} DEBUG - Checking if DAG (example_time_delta_sensor_async) changed
[2025-06-27T00:05:30.006+0000] {logging_mixin.py:188} INFO - [2025-06-27T00:05:30.005+0000] {plugins_manager.py:332} DEBUG - Plugins are already loaded. Skipping.
[2025-06-27T00:05:30.007+0000] {logging_mixin.py:188} INFO - [2025-06-27T00:05:30.007+0000] {plugins_manager.py:410} DEBUG - Initialize custom taskinstance deps plugins
[2025-06-27T00:05:30.021+0000] {logging_mixin.py:188} INFO - [2025-06-27T00:05:30.021+0000] {serialized_dag.py:177} DEBUG - Serialized DAG (example_time_delta_sensor_async) is unchanged. Skipping writing to DB
[2025-06-27T00:05:30.023+0000] {logging_mixin.py:188} INFO - [2025-06-27T00:05:30.022+0000] {dag.py:3096} INFO - Sync 1 DAGs
[2025-06-27T00:05:30.049+0000] {logging_mixin.py:188} INFO - [2025-06-27T00:05:30.049+0000] {dag.py:3954} INFO - Setting next_dagrun for example_time_delta_sensor_async to None, run_after=None
[2025-06-27T00:05:30.089+0000] {processor.py:183} INFO - Processing /home/airflow/.local/lib/python3.10/site-packages/airflow/example_dags/example_time_delta_sensor_async.py took 0.154 seconds
[2025-06-27T00:06:00.200+0000] {logging_mixin.py:188} INFO - [2025-06-27T00:06:00.199+0000] {settings.py:250} DEBUG - Setting up DB connection pool (PID 11560)
[2025-06-27T00:06:00.200+0000] {logging_mixin.py:188} INFO - [2025-06-27T00:06:00.200+0000] {settings.py:330} DEBUG - settings.prepare_engine_args(): Using pool settings. pool_size=5, max_overflow=10, pool_recycle=1800, pid=11560
[2025-06-27T00:06:00.211+0000] {processor.py:161} INFO - Started process (PID=11560) to work on /home/airflow/.local/lib/python3.10/site-packages/airflow/example_dags/example_time_delta_sensor_async.py
[2025-06-27T00:06:00.212+0000] {processor.py:830} INFO - Processing file /home/airflow/.local/lib/python3.10/site-packages/airflow/example_dags/example_time_delta_sensor_async.py for tasks to queue
[2025-06-27T00:06:00.214+0000] {logging_mixin.py:188} INFO - [2025-06-27T00:06:00.213+0000] {dagbag.py:545} INFO - Filling up the DagBag from /home/airflow/.local/lib/python3.10/site-packages/airflow/example_dags/example_time_delta_sensor_async.py
[2025-06-27T00:06:00.216+0000] {logging_mixin.py:188} INFO - [2025-06-27T00:06:00.215+0000] {dagbag.py:337} DEBUG - Importing /home/airflow/.local/lib/python3.10/site-packages/airflow/example_dags/example_time_delta_sensor_async.py
[2025-06-27T00:06:00.224+0000] {logging_mixin.py:188} INFO - [2025-06-27T00:06:00.222+0000] {dagbag.py:511} DEBUG - Loaded DAG <DAG: example_time_delta_sensor_async>
[2025-06-27T00:06:00.225+0000] {processor.py:840} INFO - DAG(s) 'example_time_delta_sensor_async' retrieved from /home/airflow/.local/lib/python3.10/site-packages/airflow/example_dags/example_time_delta_sensor_async.py
[2025-06-27T00:06:00.228+0000] {logging_mixin.py:188} INFO - [2025-06-27T00:06:00.227+0000] {dagbag.py:667} DEBUG - Running dagbag.sync_to_db with retries. Try 1 of 3
[2025-06-27T00:06:00.229+0000] {logging_mixin.py:188} INFO - [2025-06-27T00:06:00.229+0000] {dagbag.py:672} DEBUG - Calling the DAG.bulk_sync_to_db method
[2025-06-27T00:06:00.248+0000] {logging_mixin.py:188} INFO - [2025-06-27T00:06:00.248+0000] {serialized_dag.py:166} DEBUG - Checking if DAG (example_time_delta_sensor_async) changed
[2025-06-27T00:06:00.253+0000] {logging_mixin.py:188} INFO - [2025-06-27T00:06:00.252+0000] {plugins_manager.py:332} DEBUG - Plugins are already loaded. Skipping.
[2025-06-27T00:06:00.254+0000] {logging_mixin.py:188} INFO - [2025-06-27T00:06:00.253+0000] {plugins_manager.py:410} DEBUG - Initialize custom taskinstance deps plugins
[2025-06-27T00:06:00.262+0000] {logging_mixin.py:188} INFO - [2025-06-27T00:06:00.262+0000] {serialized_dag.py:177} DEBUG - Serialized DAG (example_time_delta_sensor_async) is unchanged. Skipping writing to DB
[2025-06-27T00:06:00.263+0000] {logging_mixin.py:188} INFO - [2025-06-27T00:06:00.263+0000] {dag.py:3096} INFO - Sync 1 DAGs
[2025-06-27T00:06:00.283+0000] {logging_mixin.py:188} INFO - [2025-06-27T00:06:00.282+0000] {dag.py:3954} INFO - Setting next_dagrun for example_time_delta_sensor_async to None, run_after=None
[2025-06-27T00:06:00.310+0000] {processor.py:183} INFO - Processing /home/airflow/.local/lib/python3.10/site-packages/airflow/example_dags/example_time_delta_sensor_async.py took 0.113 seconds
[2025-06-27T00:06:30.466+0000] {logging_mixin.py:188} INFO - [2025-06-27T00:06:30.465+0000] {settings.py:250} DEBUG - Setting up DB connection pool (PID 11623)
[2025-06-27T00:06:30.469+0000] {logging_mixin.py:188} INFO - [2025-06-27T00:06:30.469+0000] {settings.py:330} DEBUG - settings.prepare_engine_args(): Using pool settings. pool_size=5, max_overflow=10, pool_recycle=1800, pid=11623
[2025-06-27T00:06:30.482+0000] {processor.py:161} INFO - Started process (PID=11623) to work on /home/airflow/.local/lib/python3.10/site-packages/airflow/example_dags/example_time_delta_sensor_async.py
[2025-06-27T00:06:30.484+0000] {processor.py:830} INFO - Processing file /home/airflow/.local/lib/python3.10/site-packages/airflow/example_dags/example_time_delta_sensor_async.py for tasks to queue
[2025-06-27T00:06:30.485+0000] {logging_mixin.py:188} INFO - [2025-06-27T00:06:30.485+0000] {dagbag.py:545} INFO - Filling up the DagBag from /home/airflow/.local/lib/python3.10/site-packages/airflow/example_dags/example_time_delta_sensor_async.py
[2025-06-27T00:06:30.488+0000] {logging_mixin.py:188} INFO - [2025-06-27T00:06:30.488+0000] {dagbag.py:337} DEBUG - Importing /home/airflow/.local/lib/python3.10/site-packages/airflow/example_dags/example_time_delta_sensor_async.py
[2025-06-27T00:06:30.499+0000] {logging_mixin.py:188} INFO - [2025-06-27T00:06:30.496+0000] {dagbag.py:511} DEBUG - Loaded DAG <DAG: example_time_delta_sensor_async>
[2025-06-27T00:06:30.500+0000] {processor.py:840} INFO - DAG(s) 'example_time_delta_sensor_async' retrieved from /home/airflow/.local/lib/python3.10/site-packages/airflow/example_dags/example_time_delta_sensor_async.py
[2025-06-27T00:06:30.503+0000] {logging_mixin.py:188} INFO - [2025-06-27T00:06:30.503+0000] {dagbag.py:667} DEBUG - Running dagbag.sync_to_db with retries. Try 1 of 3
[2025-06-27T00:06:30.504+0000] {logging_mixin.py:188} INFO - [2025-06-27T00:06:30.504+0000] {dagbag.py:672} DEBUG - Calling the DAG.bulk_sync_to_db method
[2025-06-27T00:06:30.533+0000] {logging_mixin.py:188} INFO - [2025-06-27T00:06:30.532+0000] {serialized_dag.py:166} DEBUG - Checking if DAG (example_time_delta_sensor_async) changed
[2025-06-27T00:06:30.540+0000] {logging_mixin.py:188} INFO - [2025-06-27T00:06:30.539+0000] {plugins_manager.py:332} DEBUG - Plugins are already loaded. Skipping.
[2025-06-27T00:06:30.541+0000] {logging_mixin.py:188} INFO - [2025-06-27T00:06:30.540+0000] {plugins_manager.py:410} DEBUG - Initialize custom taskinstance deps plugins
[2025-06-27T00:06:30.553+0000] {logging_mixin.py:188} INFO - [2025-06-27T00:06:30.553+0000] {serialized_dag.py:177} DEBUG - Serialized DAG (example_time_delta_sensor_async) is unchanged. Skipping writing to DB
[2025-06-27T00:06:30.554+0000] {logging_mixin.py:188} INFO - [2025-06-27T00:06:30.554+0000] {dag.py:3096} INFO - Sync 1 DAGs
[2025-06-27T00:06:30.575+0000] {logging_mixin.py:188} INFO - [2025-06-27T00:06:30.575+0000] {dag.py:3954} INFO - Setting next_dagrun for example_time_delta_sensor_async to None, run_after=None
[2025-06-27T00:06:30.616+0000] {processor.py:183} INFO - Processing /home/airflow/.local/lib/python3.10/site-packages/airflow/example_dags/example_time_delta_sensor_async.py took 0.152 seconds
[2025-06-27T00:07:01.069+0000] {logging_mixin.py:188} INFO - [2025-06-27T00:07:01.068+0000] {settings.py:250} DEBUG - Setting up DB connection pool (PID 11686)
[2025-06-27T00:07:01.071+0000] {logging_mixin.py:188} INFO - [2025-06-27T00:07:01.071+0000] {settings.py:330} DEBUG - settings.prepare_engine_args(): Using pool settings. pool_size=5, max_overflow=10, pool_recycle=1800, pid=11686
[2025-06-27T00:07:01.083+0000] {processor.py:161} INFO - Started process (PID=11686) to work on /home/airflow/.local/lib/python3.10/site-packages/airflow/example_dags/example_time_delta_sensor_async.py
[2025-06-27T00:07:01.084+0000] {processor.py:830} INFO - Processing file /home/airflow/.local/lib/python3.10/site-packages/airflow/example_dags/example_time_delta_sensor_async.py for tasks to queue
[2025-06-27T00:07:01.086+0000] {logging_mixin.py:188} INFO - [2025-06-27T00:07:01.086+0000] {dagbag.py:545} INFO - Filling up the DagBag from /home/airflow/.local/lib/python3.10/site-packages/airflow/example_dags/example_time_delta_sensor_async.py
[2025-06-27T00:07:01.089+0000] {logging_mixin.py:188} INFO - [2025-06-27T00:07:01.089+0000] {dagbag.py:337} DEBUG - Importing /home/airflow/.local/lib/python3.10/site-packages/airflow/example_dags/example_time_delta_sensor_async.py
[2025-06-27T00:07:01.099+0000] {logging_mixin.py:188} INFO - [2025-06-27T00:07:01.098+0000] {dagbag.py:511} DEBUG - Loaded DAG <DAG: example_time_delta_sensor_async>
[2025-06-27T00:07:01.100+0000] {processor.py:840} INFO - DAG(s) 'example_time_delta_sensor_async' retrieved from /home/airflow/.local/lib/python3.10/site-packages/airflow/example_dags/example_time_delta_sensor_async.py
[2025-06-27T00:07:01.103+0000] {logging_mixin.py:188} INFO - [2025-06-27T00:07:01.103+0000] {dagbag.py:667} DEBUG - Running dagbag.sync_to_db with retries. Try 1 of 3
[2025-06-27T00:07:01.104+0000] {logging_mixin.py:188} INFO - [2025-06-27T00:07:01.104+0000] {dagbag.py:672} DEBUG - Calling the DAG.bulk_sync_to_db method
[2025-06-27T00:07:01.127+0000] {logging_mixin.py:188} INFO - [2025-06-27T00:07:01.126+0000] {serialized_dag.py:166} DEBUG - Checking if DAG (example_time_delta_sensor_async) changed
[2025-06-27T00:07:01.133+0000] {logging_mixin.py:188} INFO - [2025-06-27T00:07:01.132+0000] {plugins_manager.py:332} DEBUG - Plugins are already loaded. Skipping.
[2025-06-27T00:07:01.133+0000] {logging_mixin.py:188} INFO - [2025-06-27T00:07:01.133+0000] {plugins_manager.py:410} DEBUG - Initialize custom taskinstance deps plugins
[2025-06-27T00:07:01.144+0000] {logging_mixin.py:188} INFO - [2025-06-27T00:07:01.143+0000] {serialized_dag.py:177} DEBUG - Serialized DAG (example_time_delta_sensor_async) is unchanged. Skipping writing to DB
[2025-06-27T00:07:01.145+0000] {logging_mixin.py:188} INFO - [2025-06-27T00:07:01.145+0000] {dag.py:3096} INFO - Sync 1 DAGs
[2025-06-27T00:07:01.168+0000] {logging_mixin.py:188} INFO - [2025-06-27T00:07:01.168+0000] {dag.py:3954} INFO - Setting next_dagrun for example_time_delta_sensor_async to None, run_after=None
[2025-06-27T00:07:01.201+0000] {processor.py:183} INFO - Processing /home/airflow/.local/lib/python3.10/site-packages/airflow/example_dags/example_time_delta_sensor_async.py took 0.133 seconds
[2025-06-27T00:07:31.580+0000] {logging_mixin.py:188} INFO - [2025-06-27T00:07:31.578+0000] {settings.py:250} DEBUG - Setting up DB connection pool (PID 11749)
[2025-06-27T00:07:31.582+0000] {logging_mixin.py:188} INFO - [2025-06-27T00:07:31.582+0000] {settings.py:330} DEBUG - settings.prepare_engine_args(): Using pool settings. pool_size=5, max_overflow=10, pool_recycle=1800, pid=11749
[2025-06-27T00:07:31.592+0000] {processor.py:161} INFO - Started process (PID=11749) to work on /home/airflow/.local/lib/python3.10/site-packages/airflow/example_dags/example_time_delta_sensor_async.py
[2025-06-27T00:07:31.594+0000] {processor.py:830} INFO - Processing file /home/airflow/.local/lib/python3.10/site-packages/airflow/example_dags/example_time_delta_sensor_async.py for tasks to queue
[2025-06-27T00:07:31.596+0000] {logging_mixin.py:188} INFO - [2025-06-27T00:07:31.596+0000] {dagbag.py:545} INFO - Filling up the DagBag from /home/airflow/.local/lib/python3.10/site-packages/airflow/example_dags/example_time_delta_sensor_async.py
[2025-06-27T00:07:31.599+0000] {logging_mixin.py:188} INFO - [2025-06-27T00:07:31.598+0000] {dagbag.py:337} DEBUG - Importing /home/airflow/.local/lib/python3.10/site-packages/airflow/example_dags/example_time_delta_sensor_async.py
[2025-06-27T00:07:31.608+0000] {logging_mixin.py:188} INFO - [2025-06-27T00:07:31.606+0000] {dagbag.py:511} DEBUG - Loaded DAG <DAG: example_time_delta_sensor_async>
[2025-06-27T00:07:31.609+0000] {processor.py:840} INFO - DAG(s) 'example_time_delta_sensor_async' retrieved from /home/airflow/.local/lib/python3.10/site-packages/airflow/example_dags/example_time_delta_sensor_async.py
[2025-06-27T00:07:31.611+0000] {logging_mixin.py:188} INFO - [2025-06-27T00:07:31.611+0000] {dagbag.py:667} DEBUG - Running dagbag.sync_to_db with retries. Try 1 of 3
[2025-06-27T00:07:31.612+0000] {logging_mixin.py:188} INFO - [2025-06-27T00:07:31.611+0000] {dagbag.py:672} DEBUG - Calling the DAG.bulk_sync_to_db method
[2025-06-27T00:07:31.631+0000] {logging_mixin.py:188} INFO - [2025-06-27T00:07:31.630+0000] {serialized_dag.py:166} DEBUG - Checking if DAG (example_time_delta_sensor_async) changed
[2025-06-27T00:07:31.636+0000] {logging_mixin.py:188} INFO - [2025-06-27T00:07:31.636+0000] {plugins_manager.py:332} DEBUG - Plugins are already loaded. Skipping.
[2025-06-27T00:07:31.637+0000] {logging_mixin.py:188} INFO - [2025-06-27T00:07:31.637+0000] {plugins_manager.py:410} DEBUG - Initialize custom taskinstance deps plugins
[2025-06-27T00:07:31.649+0000] {logging_mixin.py:188} INFO - [2025-06-27T00:07:31.649+0000] {serialized_dag.py:177} DEBUG - Serialized DAG (example_time_delta_sensor_async) is unchanged. Skipping writing to DB
[2025-06-27T00:07:31.650+0000] {logging_mixin.py:188} INFO - [2025-06-27T00:07:31.650+0000] {dag.py:3096} INFO - Sync 1 DAGs
[2025-06-27T00:07:31.672+0000] {logging_mixin.py:188} INFO - [2025-06-27T00:07:31.671+0000] {dag.py:3954} INFO - Setting next_dagrun for example_time_delta_sensor_async to None, run_after=None
[2025-06-27T00:07:31.705+0000] {processor.py:183} INFO - Processing /home/airflow/.local/lib/python3.10/site-packages/airflow/example_dags/example_time_delta_sensor_async.py took 0.127 seconds
[2025-06-27T00:08:02.251+0000] {logging_mixin.py:188} INFO - [2025-06-27T00:08:02.250+0000] {settings.py:250} DEBUG - Setting up DB connection pool (PID 11812)
[2025-06-27T00:08:02.253+0000] {logging_mixin.py:188} INFO - [2025-06-27T00:08:02.253+0000] {settings.py:330} DEBUG - settings.prepare_engine_args(): Using pool settings. pool_size=5, max_overflow=10, pool_recycle=1800, pid=11812
[2025-06-27T00:08:02.264+0000] {processor.py:161} INFO - Started process (PID=11812) to work on /home/airflow/.local/lib/python3.10/site-packages/airflow/example_dags/example_time_delta_sensor_async.py
[2025-06-27T00:08:02.266+0000] {processor.py:830} INFO - Processing file /home/airflow/.local/lib/python3.10/site-packages/airflow/example_dags/example_time_delta_sensor_async.py for tasks to queue
[2025-06-27T00:08:02.267+0000] {logging_mixin.py:188} INFO - [2025-06-27T00:08:02.267+0000] {dagbag.py:545} INFO - Filling up the DagBag from /home/airflow/.local/lib/python3.10/site-packages/airflow/example_dags/example_time_delta_sensor_async.py
[2025-06-27T00:08:02.271+0000] {logging_mixin.py:188} INFO - [2025-06-27T00:08:02.270+0000] {dagbag.py:337} DEBUG - Importing /home/airflow/.local/lib/python3.10/site-packages/airflow/example_dags/example_time_delta_sensor_async.py
[2025-06-27T00:08:02.280+0000] {logging_mixin.py:188} INFO - [2025-06-27T00:08:02.278+0000] {dagbag.py:511} DEBUG - Loaded DAG <DAG: example_time_delta_sensor_async>
[2025-06-27T00:08:02.281+0000] {processor.py:840} INFO - DAG(s) 'example_time_delta_sensor_async' retrieved from /home/airflow/.local/lib/python3.10/site-packages/airflow/example_dags/example_time_delta_sensor_async.py
[2025-06-27T00:08:02.284+0000] {logging_mixin.py:188} INFO - [2025-06-27T00:08:02.284+0000] {dagbag.py:667} DEBUG - Running dagbag.sync_to_db with retries. Try 1 of 3
[2025-06-27T00:08:02.285+0000] {logging_mixin.py:188} INFO - [2025-06-27T00:08:02.285+0000] {dagbag.py:672} DEBUG - Calling the DAG.bulk_sync_to_db method
[2025-06-27T00:08:02.309+0000] {logging_mixin.py:188} INFO - [2025-06-27T00:08:02.309+0000] {serialized_dag.py:166} DEBUG - Checking if DAG (example_time_delta_sensor_async) changed
[2025-06-27T00:08:02.316+0000] {logging_mixin.py:188} INFO - [2025-06-27T00:08:02.315+0000] {plugins_manager.py:332} DEBUG - Plugins are already loaded. Skipping.
[2025-06-27T00:08:02.317+0000] {logging_mixin.py:188} INFO - [2025-06-27T00:08:02.317+0000] {plugins_manager.py:410} DEBUG - Initialize custom taskinstance deps plugins
[2025-06-27T00:08:02.330+0000] {logging_mixin.py:188} INFO - [2025-06-27T00:08:02.329+0000] {serialized_dag.py:177} DEBUG - Serialized DAG (example_time_delta_sensor_async) is unchanged. Skipping writing to DB
[2025-06-27T00:08:02.331+0000] {logging_mixin.py:188} INFO - [2025-06-27T00:08:02.331+0000] {dag.py:3096} INFO - Sync 1 DAGs
[2025-06-27T00:08:02.360+0000] {logging_mixin.py:188} INFO - [2025-06-27T00:08:02.359+0000] {dag.py:3954} INFO - Setting next_dagrun for example_time_delta_sensor_async to None, run_after=None
[2025-06-27T00:08:02.400+0000] {processor.py:183} INFO - Processing /home/airflow/.local/lib/python3.10/site-packages/airflow/example_dags/example_time_delta_sensor_async.py took 0.150 seconds
[2025-06-27T00:08:32.933+0000] {logging_mixin.py:188} INFO - [2025-06-27T00:08:32.931+0000] {settings.py:250} DEBUG - Setting up DB connection pool (PID 11875)
[2025-06-27T00:08:32.935+0000] {logging_mixin.py:188} INFO - [2025-06-27T00:08:32.935+0000] {settings.py:330} DEBUG - settings.prepare_engine_args(): Using pool settings. pool_size=5, max_overflow=10, pool_recycle=1800, pid=11875
[2025-06-27T00:08:32.945+0000] {processor.py:161} INFO - Started process (PID=11875) to work on /home/airflow/.local/lib/python3.10/site-packages/airflow/example_dags/example_time_delta_sensor_async.py
[2025-06-27T00:08:32.946+0000] {processor.py:830} INFO - Processing file /home/airflow/.local/lib/python3.10/site-packages/airflow/example_dags/example_time_delta_sensor_async.py for tasks to queue
[2025-06-27T00:08:32.948+0000] {logging_mixin.py:188} INFO - [2025-06-27T00:08:32.948+0000] {dagbag.py:545} INFO - Filling up the DagBag from /home/airflow/.local/lib/python3.10/site-packages/airflow/example_dags/example_time_delta_sensor_async.py
[2025-06-27T00:08:32.951+0000] {logging_mixin.py:188} INFO - [2025-06-27T00:08:32.951+0000] {dagbag.py:337} DEBUG - Importing /home/airflow/.local/lib/python3.10/site-packages/airflow/example_dags/example_time_delta_sensor_async.py
[2025-06-27T00:08:32.965+0000] {logging_mixin.py:188} INFO - [2025-06-27T00:08:32.962+0000] {dagbag.py:511} DEBUG - Loaded DAG <DAG: example_time_delta_sensor_async>
[2025-06-27T00:08:32.966+0000] {processor.py:840} INFO - DAG(s) 'example_time_delta_sensor_async' retrieved from /home/airflow/.local/lib/python3.10/site-packages/airflow/example_dags/example_time_delta_sensor_async.py
[2025-06-27T00:08:32.968+0000] {logging_mixin.py:188} INFO - [2025-06-27T00:08:32.968+0000] {dagbag.py:667} DEBUG - Running dagbag.sync_to_db with retries. Try 1 of 3
[2025-06-27T00:08:32.969+0000] {logging_mixin.py:188} INFO - [2025-06-27T00:08:32.969+0000] {dagbag.py:672} DEBUG - Calling the DAG.bulk_sync_to_db method
[2025-06-27T00:08:33.003+0000] {logging_mixin.py:188} INFO - [2025-06-27T00:08:33.002+0000] {serialized_dag.py:166} DEBUG - Checking if DAG (example_time_delta_sensor_async) changed
[2025-06-27T00:08:33.010+0000] {logging_mixin.py:188} INFO - [2025-06-27T00:08:33.009+0000] {plugins_manager.py:332} DEBUG - Plugins are already loaded. Skipping.
[2025-06-27T00:08:33.012+0000] {logging_mixin.py:188} INFO - [2025-06-27T00:08:33.011+0000] {plugins_manager.py:410} DEBUG - Initialize custom taskinstance deps plugins
[2025-06-27T00:08:33.027+0000] {logging_mixin.py:188} INFO - [2025-06-27T00:08:33.027+0000] {serialized_dag.py:177} DEBUG - Serialized DAG (example_time_delta_sensor_async) is unchanged. Skipping writing to DB
[2025-06-27T00:08:33.029+0000] {logging_mixin.py:188} INFO - [2025-06-27T00:08:33.028+0000] {dag.py:3096} INFO - Sync 1 DAGs
[2025-06-27T00:08:33.052+0000] {logging_mixin.py:188} INFO - [2025-06-27T00:08:33.052+0000] {dag.py:3954} INFO - Setting next_dagrun for example_time_delta_sensor_async to None, run_after=None
[2025-06-27T00:08:33.087+0000] {processor.py:183} INFO - Processing /home/airflow/.local/lib/python3.10/site-packages/airflow/example_dags/example_time_delta_sensor_async.py took 0.156 seconds
[2025-06-27T00:09:03.349+0000] {logging_mixin.py:188} INFO - [2025-06-27T00:09:03.348+0000] {settings.py:250} DEBUG - Setting up DB connection pool (PID 11938)
[2025-06-27T00:09:03.351+0000] {logging_mixin.py:188} INFO - [2025-06-27T00:09:03.351+0000] {settings.py:330} DEBUG - settings.prepare_engine_args(): Using pool settings. pool_size=5, max_overflow=10, pool_recycle=1800, pid=11938
[2025-06-27T00:09:03.362+0000] {processor.py:161} INFO - Started process (PID=11938) to work on /home/airflow/.local/lib/python3.10/site-packages/airflow/example_dags/example_time_delta_sensor_async.py
[2025-06-27T00:09:03.363+0000] {processor.py:830} INFO - Processing file /home/airflow/.local/lib/python3.10/site-packages/airflow/example_dags/example_time_delta_sensor_async.py for tasks to queue
[2025-06-27T00:09:03.365+0000] {logging_mixin.py:188} INFO - [2025-06-27T00:09:03.364+0000] {dagbag.py:545} INFO - Filling up the DagBag from /home/airflow/.local/lib/python3.10/site-packages/airflow/example_dags/example_time_delta_sensor_async.py
[2025-06-27T00:09:03.367+0000] {logging_mixin.py:188} INFO - [2025-06-27T00:09:03.367+0000] {dagbag.py:337} DEBUG - Importing /home/airflow/.local/lib/python3.10/site-packages/airflow/example_dags/example_time_delta_sensor_async.py
[2025-06-27T00:09:03.379+0000] {logging_mixin.py:188} INFO - [2025-06-27T00:09:03.376+0000] {dagbag.py:511} DEBUG - Loaded DAG <DAG: example_time_delta_sensor_async>
[2025-06-27T00:09:03.380+0000] {processor.py:840} INFO - DAG(s) 'example_time_delta_sensor_async' retrieved from /home/airflow/.local/lib/python3.10/site-packages/airflow/example_dags/example_time_delta_sensor_async.py
[2025-06-27T00:09:03.384+0000] {logging_mixin.py:188} INFO - [2025-06-27T00:09:03.384+0000] {dagbag.py:667} DEBUG - Running dagbag.sync_to_db with retries. Try 1 of 3
[2025-06-27T00:09:03.385+0000] {logging_mixin.py:188} INFO - [2025-06-27T00:09:03.385+0000] {dagbag.py:672} DEBUG - Calling the DAG.bulk_sync_to_db method
[2025-06-27T00:09:03.408+0000] {logging_mixin.py:188} INFO - [2025-06-27T00:09:03.408+0000] {serialized_dag.py:166} DEBUG - Checking if DAG (example_time_delta_sensor_async) changed
[2025-06-27T00:09:03.414+0000] {logging_mixin.py:188} INFO - [2025-06-27T00:09:03.414+0000] {plugins_manager.py:332} DEBUG - Plugins are already loaded. Skipping.
[2025-06-27T00:09:03.415+0000] {logging_mixin.py:188} INFO - [2025-06-27T00:09:03.415+0000] {plugins_manager.py:410} DEBUG - Initialize custom taskinstance deps plugins
[2025-06-27T00:09:03.430+0000] {logging_mixin.py:188} INFO - [2025-06-27T00:09:03.430+0000] {serialized_dag.py:177} DEBUG - Serialized DAG (example_time_delta_sensor_async) is unchanged. Skipping writing to DB
[2025-06-27T00:09:03.431+0000] {logging_mixin.py:188} INFO - [2025-06-27T00:09:03.431+0000] {dag.py:3096} INFO - Sync 1 DAGs
[2025-06-27T00:09:03.453+0000] {logging_mixin.py:188} INFO - [2025-06-27T00:09:03.452+0000] {dag.py:3954} INFO - Setting next_dagrun for example_time_delta_sensor_async to None, run_after=None
[2025-06-27T00:09:03.486+0000] {processor.py:183} INFO - Processing /home/airflow/.local/lib/python3.10/site-packages/airflow/example_dags/example_time_delta_sensor_async.py took 0.138 seconds
[2025-06-27T00:09:34.614+0000] {logging_mixin.py:188} INFO - [2025-06-27T00:09:34.612+0000] {settings.py:250} DEBUG - Setting up DB connection pool (PID 12001)
[2025-06-27T00:09:34.616+0000] {logging_mixin.py:188} INFO - [2025-06-27T00:09:34.616+0000] {settings.py:330} DEBUG - settings.prepare_engine_args(): Using pool settings. pool_size=5, max_overflow=10, pool_recycle=1800, pid=12001
[2025-06-27T00:09:34.633+0000] {processor.py:161} INFO - Started process (PID=12001) to work on /home/airflow/.local/lib/python3.10/site-packages/airflow/example_dags/example_time_delta_sensor_async.py
[2025-06-27T00:09:34.635+0000] {processor.py:830} INFO - Processing file /home/airflow/.local/lib/python3.10/site-packages/airflow/example_dags/example_time_delta_sensor_async.py for tasks to queue
[2025-06-27T00:09:34.636+0000] {logging_mixin.py:188} INFO - [2025-06-27T00:09:34.636+0000] {dagbag.py:545} INFO - Filling up the DagBag from /home/airflow/.local/lib/python3.10/site-packages/airflow/example_dags/example_time_delta_sensor_async.py
[2025-06-27T00:09:34.639+0000] {logging_mixin.py:188} INFO - [2025-06-27T00:09:34.638+0000] {dagbag.py:337} DEBUG - Importing /home/airflow/.local/lib/python3.10/site-packages/airflow/example_dags/example_time_delta_sensor_async.py
[2025-06-27T00:09:34.650+0000] {logging_mixin.py:188} INFO - [2025-06-27T00:09:34.647+0000] {dagbag.py:511} DEBUG - Loaded DAG <DAG: example_time_delta_sensor_async>
[2025-06-27T00:09:34.651+0000] {processor.py:840} INFO - DAG(s) 'example_time_delta_sensor_async' retrieved from /home/airflow/.local/lib/python3.10/site-packages/airflow/example_dags/example_time_delta_sensor_async.py
[2025-06-27T00:09:34.653+0000] {logging_mixin.py:188} INFO - [2025-06-27T00:09:34.653+0000] {dagbag.py:667} DEBUG - Running dagbag.sync_to_db with retries. Try 1 of 3
[2025-06-27T00:09:34.654+0000] {logging_mixin.py:188} INFO - [2025-06-27T00:09:34.654+0000] {dagbag.py:672} DEBUG - Calling the DAG.bulk_sync_to_db method
[2025-06-27T00:09:34.678+0000] {logging_mixin.py:188} INFO - [2025-06-27T00:09:34.678+0000] {serialized_dag.py:166} DEBUG - Checking if DAG (example_time_delta_sensor_async) changed
[2025-06-27T00:09:34.685+0000] {logging_mixin.py:188} INFO - [2025-06-27T00:09:34.685+0000] {plugins_manager.py:332} DEBUG - Plugins are already loaded. Skipping.
[2025-06-27T00:09:34.686+0000] {logging_mixin.py:188} INFO - [2025-06-27T00:09:34.686+0000] {plugins_manager.py:410} DEBUG - Initialize custom taskinstance deps plugins
[2025-06-27T00:09:34.696+0000] {logging_mixin.py:188} INFO - [2025-06-27T00:09:34.695+0000] {serialized_dag.py:177} DEBUG - Serialized DAG (example_time_delta_sensor_async) is unchanged. Skipping writing to DB
[2025-06-27T00:09:34.698+0000] {logging_mixin.py:188} INFO - [2025-06-27T00:09:34.697+0000] {dag.py:3096} INFO - Sync 1 DAGs
[2025-06-27T00:09:34.721+0000] {logging_mixin.py:188} INFO - [2025-06-27T00:09:34.721+0000] {dag.py:3954} INFO - Setting next_dagrun for example_time_delta_sensor_async to None, run_after=None
[2025-06-27T00:09:34.757+0000] {processor.py:183} INFO - Processing /home/airflow/.local/lib/python3.10/site-packages/airflow/example_dags/example_time_delta_sensor_async.py took 0.145 seconds
[2025-06-27T00:10:05.672+0000] {logging_mixin.py:188} INFO - [2025-06-27T00:10:05.671+0000] {settings.py:250} DEBUG - Setting up DB connection pool (PID 12065)
[2025-06-27T00:10:05.675+0000] {logging_mixin.py:188} INFO - [2025-06-27T00:10:05.674+0000] {settings.py:330} DEBUG - settings.prepare_engine_args(): Using pool settings. pool_size=5, max_overflow=10, pool_recycle=1800, pid=12065
[2025-06-27T00:10:05.686+0000] {processor.py:161} INFO - Started process (PID=12065) to work on /home/airflow/.local/lib/python3.10/site-packages/airflow/example_dags/example_time_delta_sensor_async.py
[2025-06-27T00:10:05.687+0000] {processor.py:830} INFO - Processing file /home/airflow/.local/lib/python3.10/site-packages/airflow/example_dags/example_time_delta_sensor_async.py for tasks to queue
[2025-06-27T00:10:05.689+0000] {logging_mixin.py:188} INFO - [2025-06-27T00:10:05.689+0000] {dagbag.py:545} INFO - Filling up the DagBag from /home/airflow/.local/lib/python3.10/site-packages/airflow/example_dags/example_time_delta_sensor_async.py
[2025-06-27T00:10:05.692+0000] {logging_mixin.py:188} INFO - [2025-06-27T00:10:05.691+0000] {dagbag.py:337} DEBUG - Importing /home/airflow/.local/lib/python3.10/site-packages/airflow/example_dags/example_time_delta_sensor_async.py
[2025-06-27T00:10:05.703+0000] {logging_mixin.py:188} INFO - [2025-06-27T00:10:05.700+0000] {dagbag.py:511} DEBUG - Loaded DAG <DAG: example_time_delta_sensor_async>
[2025-06-27T00:10:05.704+0000] {processor.py:840} INFO - DAG(s) 'example_time_delta_sensor_async' retrieved from /home/airflow/.local/lib/python3.10/site-packages/airflow/example_dags/example_time_delta_sensor_async.py
[2025-06-27T00:10:05.707+0000] {logging_mixin.py:188} INFO - [2025-06-27T00:10:05.706+0000] {dagbag.py:667} DEBUG - Running dagbag.sync_to_db with retries. Try 1 of 3
[2025-06-27T00:10:05.708+0000] {logging_mixin.py:188} INFO - [2025-06-27T00:10:05.707+0000] {dagbag.py:672} DEBUG - Calling the DAG.bulk_sync_to_db method
[2025-06-27T00:10:05.732+0000] {logging_mixin.py:188} INFO - [2025-06-27T00:10:05.732+0000] {serialized_dag.py:166} DEBUG - Checking if DAG (example_time_delta_sensor_async) changed
[2025-06-27T00:10:05.738+0000] {logging_mixin.py:188} INFO - [2025-06-27T00:10:05.738+0000] {plugins_manager.py:332} DEBUG - Plugins are already loaded. Skipping.
[2025-06-27T00:10:05.739+0000] {logging_mixin.py:188} INFO - [2025-06-27T00:10:05.739+0000] {plugins_manager.py:410} DEBUG - Initialize custom taskinstance deps plugins
[2025-06-27T00:10:05.750+0000] {logging_mixin.py:188} INFO - [2025-06-27T00:10:05.750+0000] {serialized_dag.py:177} DEBUG - Serialized DAG (example_time_delta_sensor_async) is unchanged. Skipping writing to DB
[2025-06-27T00:10:05.751+0000] {logging_mixin.py:188} INFO - [2025-06-27T00:10:05.751+0000] {dag.py:3096} INFO - Sync 1 DAGs
[2025-06-27T00:10:05.772+0000] {logging_mixin.py:188} INFO - [2025-06-27T00:10:05.772+0000] {dag.py:3954} INFO - Setting next_dagrun for example_time_delta_sensor_async to None, run_after=None
[2025-06-27T00:10:05.805+0000] {processor.py:183} INFO - Processing /home/airflow/.local/lib/python3.10/site-packages/airflow/example_dags/example_time_delta_sensor_async.py took 0.134 seconds
[2025-06-27T00:10:36.188+0000] {logging_mixin.py:188} INFO - [2025-06-27T00:10:36.186+0000] {settings.py:250} DEBUG - Setting up DB connection pool (PID 12128)
[2025-06-27T00:10:36.190+0000] {logging_mixin.py:188} INFO - [2025-06-27T00:10:36.189+0000] {settings.py:330} DEBUG - settings.prepare_engine_args(): Using pool settings. pool_size=5, max_overflow=10, pool_recycle=1800, pid=12128
[2025-06-27T00:10:36.201+0000] {processor.py:161} INFO - Started process (PID=12128) to work on /home/airflow/.local/lib/python3.10/site-packages/airflow/example_dags/example_time_delta_sensor_async.py
[2025-06-27T00:10:36.203+0000] {processor.py:830} INFO - Processing file /home/airflow/.local/lib/python3.10/site-packages/airflow/example_dags/example_time_delta_sensor_async.py for tasks to queue
[2025-06-27T00:10:36.204+0000] {logging_mixin.py:188} INFO - [2025-06-27T00:10:36.204+0000] {dagbag.py:545} INFO - Filling up the DagBag from /home/airflow/.local/lib/python3.10/site-packages/airflow/example_dags/example_time_delta_sensor_async.py
[2025-06-27T00:10:36.208+0000] {logging_mixin.py:188} INFO - [2025-06-27T00:10:36.207+0000] {dagbag.py:337} DEBUG - Importing /home/airflow/.local/lib/python3.10/site-packages/airflow/example_dags/example_time_delta_sensor_async.py
[2025-06-27T00:10:36.221+0000] {logging_mixin.py:188} INFO - [2025-06-27T00:10:36.218+0000] {dagbag.py:511} DEBUG - Loaded DAG <DAG: example_time_delta_sensor_async>
[2025-06-27T00:10:36.222+0000] {processor.py:840} INFO - DAG(s) 'example_time_delta_sensor_async' retrieved from /home/airflow/.local/lib/python3.10/site-packages/airflow/example_dags/example_time_delta_sensor_async.py
[2025-06-27T00:10:36.225+0000] {logging_mixin.py:188} INFO - [2025-06-27T00:10:36.224+0000] {dagbag.py:667} DEBUG - Running dagbag.sync_to_db with retries. Try 1 of 3
[2025-06-27T00:10:36.226+0000] {logging_mixin.py:188} INFO - [2025-06-27T00:10:36.225+0000] {dagbag.py:672} DEBUG - Calling the DAG.bulk_sync_to_db method
[2025-06-27T00:10:36.251+0000] {logging_mixin.py:188} INFO - [2025-06-27T00:10:36.250+0000] {serialized_dag.py:166} DEBUG - Checking if DAG (example_time_delta_sensor_async) changed
[2025-06-27T00:10:36.256+0000] {logging_mixin.py:188} INFO - [2025-06-27T00:10:36.256+0000] {plugins_manager.py:332} DEBUG - Plugins are already loaded. Skipping.
[2025-06-27T00:10:36.257+0000] {logging_mixin.py:188} INFO - [2025-06-27T00:10:36.257+0000] {plugins_manager.py:410} DEBUG - Initialize custom taskinstance deps plugins
[2025-06-27T00:10:36.270+0000] {logging_mixin.py:188} INFO - [2025-06-27T00:10:36.270+0000] {serialized_dag.py:177} DEBUG - Serialized DAG (example_time_delta_sensor_async) is unchanged. Skipping writing to DB
[2025-06-27T00:10:36.272+0000] {logging_mixin.py:188} INFO - [2025-06-27T00:10:36.271+0000] {dag.py:3096} INFO - Sync 1 DAGs
[2025-06-27T00:10:36.295+0000] {logging_mixin.py:188} INFO - [2025-06-27T00:10:36.294+0000] {dag.py:3954} INFO - Setting next_dagrun for example_time_delta_sensor_async to None, run_after=None
[2025-06-27T00:10:36.328+0000] {processor.py:183} INFO - Processing /home/airflow/.local/lib/python3.10/site-packages/airflow/example_dags/example_time_delta_sensor_async.py took 0.142 seconds
[2025-06-27T00:11:06.661+0000] {logging_mixin.py:188} INFO - [2025-06-27T00:11:06.659+0000] {settings.py:250} DEBUG - Setting up DB connection pool (PID 12191)
[2025-06-27T00:11:06.663+0000] {logging_mixin.py:188} INFO - [2025-06-27T00:11:06.663+0000] {settings.py:330} DEBUG - settings.prepare_engine_args(): Using pool settings. pool_size=5, max_overflow=10, pool_recycle=1800, pid=12191
[2025-06-27T00:11:06.674+0000] {processor.py:161} INFO - Started process (PID=12191) to work on /home/airflow/.local/lib/python3.10/site-packages/airflow/example_dags/example_time_delta_sensor_async.py
[2025-06-27T00:11:06.675+0000] {processor.py:830} INFO - Processing file /home/airflow/.local/lib/python3.10/site-packages/airflow/example_dags/example_time_delta_sensor_async.py for tasks to queue
[2025-06-27T00:11:06.677+0000] {logging_mixin.py:188} INFO - [2025-06-27T00:11:06.677+0000] {dagbag.py:545} INFO - Filling up the DagBag from /home/airflow/.local/lib/python3.10/site-packages/airflow/example_dags/example_time_delta_sensor_async.py
[2025-06-27T00:11:06.679+0000] {logging_mixin.py:188} INFO - [2025-06-27T00:11:06.679+0000] {dagbag.py:337} DEBUG - Importing /home/airflow/.local/lib/python3.10/site-packages/airflow/example_dags/example_time_delta_sensor_async.py
[2025-06-27T00:11:06.690+0000] {logging_mixin.py:188} INFO - [2025-06-27T00:11:06.687+0000] {dagbag.py:511} DEBUG - Loaded DAG <DAG: example_time_delta_sensor_async>
[2025-06-27T00:11:06.691+0000] {processor.py:840} INFO - DAG(s) 'example_time_delta_sensor_async' retrieved from /home/airflow/.local/lib/python3.10/site-packages/airflow/example_dags/example_time_delta_sensor_async.py
[2025-06-27T00:11:06.693+0000] {logging_mixin.py:188} INFO - [2025-06-27T00:11:06.693+0000] {dagbag.py:667} DEBUG - Running dagbag.sync_to_db with retries. Try 1 of 3
[2025-06-27T00:11:06.694+0000] {logging_mixin.py:188} INFO - [2025-06-27T00:11:06.694+0000] {dagbag.py:672} DEBUG - Calling the DAG.bulk_sync_to_db method
[2025-06-27T00:11:06.716+0000] {logging_mixin.py:188} INFO - [2025-06-27T00:11:06.716+0000] {serialized_dag.py:166} DEBUG - Checking if DAG (example_time_delta_sensor_async) changed
[2025-06-27T00:11:06.723+0000] {logging_mixin.py:188} INFO - [2025-06-27T00:11:06.722+0000] {plugins_manager.py:332} DEBUG - Plugins are already loaded. Skipping.
[2025-06-27T00:11:06.724+0000] {logging_mixin.py:188} INFO - [2025-06-27T00:11:06.724+0000] {plugins_manager.py:410} DEBUG - Initialize custom taskinstance deps plugins
[2025-06-27T00:11:06.734+0000] {logging_mixin.py:188} INFO - [2025-06-27T00:11:06.734+0000] {serialized_dag.py:177} DEBUG - Serialized DAG (example_time_delta_sensor_async) is unchanged. Skipping writing to DB
[2025-06-27T00:11:06.735+0000] {logging_mixin.py:188} INFO - [2025-06-27T00:11:06.735+0000] {dag.py:3096} INFO - Sync 1 DAGs
[2025-06-27T00:11:06.758+0000] {logging_mixin.py:188} INFO - [2025-06-27T00:11:06.757+0000] {dag.py:3954} INFO - Setting next_dagrun for example_time_delta_sensor_async to None, run_after=None
[2025-06-27T00:11:06.794+0000] {processor.py:183} INFO - Processing /home/airflow/.local/lib/python3.10/site-packages/airflow/example_dags/example_time_delta_sensor_async.py took 0.135 seconds
[2025-06-27T00:11:37.446+0000] {logging_mixin.py:188} INFO - [2025-06-27T00:11:37.445+0000] {settings.py:250} DEBUG - Setting up DB connection pool (PID 12254)
[2025-06-27T00:11:37.448+0000] {logging_mixin.py:188} INFO - [2025-06-27T00:11:37.448+0000] {settings.py:330} DEBUG - settings.prepare_engine_args(): Using pool settings. pool_size=5, max_overflow=10, pool_recycle=1800, pid=12254
[2025-06-27T00:11:37.463+0000] {processor.py:161} INFO - Started process (PID=12254) to work on /home/airflow/.local/lib/python3.10/site-packages/airflow/example_dags/example_time_delta_sensor_async.py
[2025-06-27T00:11:37.465+0000] {processor.py:830} INFO - Processing file /home/airflow/.local/lib/python3.10/site-packages/airflow/example_dags/example_time_delta_sensor_async.py for tasks to queue
[2025-06-27T00:11:37.467+0000] {logging_mixin.py:188} INFO - [2025-06-27T00:11:37.467+0000] {dagbag.py:545} INFO - Filling up the DagBag from /home/airflow/.local/lib/python3.10/site-packages/airflow/example_dags/example_time_delta_sensor_async.py
[2025-06-27T00:11:37.470+0000] {logging_mixin.py:188} INFO - [2025-06-27T00:11:37.470+0000] {dagbag.py:337} DEBUG - Importing /home/airflow/.local/lib/python3.10/site-packages/airflow/example_dags/example_time_delta_sensor_async.py
[2025-06-27T00:11:37.482+0000] {logging_mixin.py:188} INFO - [2025-06-27T00:11:37.480+0000] {dagbag.py:511} DEBUG - Loaded DAG <DAG: example_time_delta_sensor_async>
[2025-06-27T00:11:37.484+0000] {processor.py:840} INFO - DAG(s) 'example_time_delta_sensor_async' retrieved from /home/airflow/.local/lib/python3.10/site-packages/airflow/example_dags/example_time_delta_sensor_async.py
[2025-06-27T00:11:37.490+0000] {logging_mixin.py:188} INFO - [2025-06-27T00:11:37.490+0000] {dagbag.py:667} DEBUG - Running dagbag.sync_to_db with retries. Try 1 of 3
[2025-06-27T00:11:37.493+0000] {logging_mixin.py:188} INFO - [2025-06-27T00:11:37.492+0000] {dagbag.py:672} DEBUG - Calling the DAG.bulk_sync_to_db method
[2025-06-27T00:11:37.518+0000] {logging_mixin.py:188} INFO - [2025-06-27T00:11:37.517+0000] {serialized_dag.py:166} DEBUG - Checking if DAG (example_time_delta_sensor_async) changed
[2025-06-27T00:11:37.525+0000] {logging_mixin.py:188} INFO - [2025-06-27T00:11:37.524+0000] {plugins_manager.py:332} DEBUG - Plugins are already loaded. Skipping.
[2025-06-27T00:11:37.526+0000] {logging_mixin.py:188} INFO - [2025-06-27T00:11:37.526+0000] {plugins_manager.py:410} DEBUG - Initialize custom taskinstance deps plugins
[2025-06-27T00:11:37.537+0000] {logging_mixin.py:188} INFO - [2025-06-27T00:11:37.536+0000] {serialized_dag.py:177} DEBUG - Serialized DAG (example_time_delta_sensor_async) is unchanged. Skipping writing to DB
[2025-06-27T00:11:37.538+0000] {logging_mixin.py:188} INFO - [2025-06-27T00:11:37.538+0000] {dag.py:3096} INFO - Sync 1 DAGs
[2025-06-27T00:11:37.561+0000] {logging_mixin.py:188} INFO - [2025-06-27T00:11:37.561+0000] {dag.py:3954} INFO - Setting next_dagrun for example_time_delta_sensor_async to None, run_after=None
[2025-06-27T00:11:37.596+0000] {processor.py:183} INFO - Processing /home/airflow/.local/lib/python3.10/site-packages/airflow/example_dags/example_time_delta_sensor_async.py took 0.151 seconds
[2025-06-27T00:12:08.713+0000] {logging_mixin.py:188} INFO - [2025-06-27T00:12:08.712+0000] {settings.py:250} DEBUG - Setting up DB connection pool (PID 12324)
[2025-06-27T00:12:08.715+0000] {logging_mixin.py:188} INFO - [2025-06-27T00:12:08.715+0000] {settings.py:330} DEBUG - settings.prepare_engine_args(): Using pool settings. pool_size=5, max_overflow=10, pool_recycle=1800, pid=12324
[2025-06-27T00:12:08.726+0000] {processor.py:161} INFO - Started process (PID=12324) to work on /home/airflow/.local/lib/python3.10/site-packages/airflow/example_dags/example_time_delta_sensor_async.py
[2025-06-27T00:12:08.727+0000] {processor.py:830} INFO - Processing file /home/airflow/.local/lib/python3.10/site-packages/airflow/example_dags/example_time_delta_sensor_async.py for tasks to queue
[2025-06-27T00:12:08.729+0000] {logging_mixin.py:188} INFO - [2025-06-27T00:12:08.729+0000] {dagbag.py:545} INFO - Filling up the DagBag from /home/airflow/.local/lib/python3.10/site-packages/airflow/example_dags/example_time_delta_sensor_async.py
[2025-06-27T00:12:08.732+0000] {logging_mixin.py:188} INFO - [2025-06-27T00:12:08.731+0000] {dagbag.py:337} DEBUG - Importing /home/airflow/.local/lib/python3.10/site-packages/airflow/example_dags/example_time_delta_sensor_async.py
[2025-06-27T00:12:08.741+0000] {logging_mixin.py:188} INFO - [2025-06-27T00:12:08.738+0000] {dagbag.py:511} DEBUG - Loaded DAG <DAG: example_time_delta_sensor_async>
[2025-06-27T00:12:08.742+0000] {processor.py:840} INFO - DAG(s) 'example_time_delta_sensor_async' retrieved from /home/airflow/.local/lib/python3.10/site-packages/airflow/example_dags/example_time_delta_sensor_async.py
[2025-06-27T00:12:08.744+0000] {logging_mixin.py:188} INFO - [2025-06-27T00:12:08.743+0000] {dagbag.py:667} DEBUG - Running dagbag.sync_to_db with retries. Try 1 of 3
[2025-06-27T00:12:08.745+0000] {logging_mixin.py:188} INFO - [2025-06-27T00:12:08.744+0000] {dagbag.py:672} DEBUG - Calling the DAG.bulk_sync_to_db method
[2025-06-27T00:12:08.765+0000] {logging_mixin.py:188} INFO - [2025-06-27T00:12:08.764+0000] {serialized_dag.py:166} DEBUG - Checking if DAG (example_time_delta_sensor_async) changed
[2025-06-27T00:12:08.770+0000] {logging_mixin.py:188} INFO - [2025-06-27T00:12:08.769+0000] {plugins_manager.py:332} DEBUG - Plugins are already loaded. Skipping.
[2025-06-27T00:12:08.771+0000] {logging_mixin.py:188} INFO - [2025-06-27T00:12:08.770+0000] {plugins_manager.py:410} DEBUG - Initialize custom taskinstance deps plugins
[2025-06-27T00:12:08.783+0000] {logging_mixin.py:188} INFO - [2025-06-27T00:12:08.782+0000] {serialized_dag.py:177} DEBUG - Serialized DAG (example_time_delta_sensor_async) is unchanged. Skipping writing to DB
[2025-06-27T00:12:08.785+0000] {logging_mixin.py:188} INFO - [2025-06-27T00:12:08.784+0000] {dag.py:3096} INFO - Sync 1 DAGs
[2025-06-27T00:12:08.812+0000] {logging_mixin.py:188} INFO - [2025-06-27T00:12:08.811+0000] {dag.py:3954} INFO - Setting next_dagrun for example_time_delta_sensor_async to None, run_after=None
[2025-06-27T00:12:08.845+0000] {processor.py:183} INFO - Processing /home/airflow/.local/lib/python3.10/site-packages/airflow/example_dags/example_time_delta_sensor_async.py took 0.134 seconds
[2025-06-27T00:12:39.529+0000] {logging_mixin.py:188} INFO - [2025-06-27T00:12:39.528+0000] {settings.py:250} DEBUG - Setting up DB connection pool (PID 12387)
[2025-06-27T00:12:39.531+0000] {logging_mixin.py:188} INFO - [2025-06-27T00:12:39.531+0000] {settings.py:330} DEBUG - settings.prepare_engine_args(): Using pool settings. pool_size=5, max_overflow=10, pool_recycle=1800, pid=12387
[2025-06-27T00:12:39.541+0000] {processor.py:161} INFO - Started process (PID=12387) to work on /home/airflow/.local/lib/python3.10/site-packages/airflow/example_dags/example_time_delta_sensor_async.py
[2025-06-27T00:12:39.543+0000] {processor.py:830} INFO - Processing file /home/airflow/.local/lib/python3.10/site-packages/airflow/example_dags/example_time_delta_sensor_async.py for tasks to queue
[2025-06-27T00:12:39.545+0000] {logging_mixin.py:188} INFO - [2025-06-27T00:12:39.545+0000] {dagbag.py:545} INFO - Filling up the DagBag from /home/airflow/.local/lib/python3.10/site-packages/airflow/example_dags/example_time_delta_sensor_async.py
[2025-06-27T00:12:39.548+0000] {logging_mixin.py:188} INFO - [2025-06-27T00:12:39.548+0000] {dagbag.py:337} DEBUG - Importing /home/airflow/.local/lib/python3.10/site-packages/airflow/example_dags/example_time_delta_sensor_async.py
[2025-06-27T00:12:39.561+0000] {logging_mixin.py:188} INFO - [2025-06-27T00:12:39.559+0000] {dagbag.py:511} DEBUG - Loaded DAG <DAG: example_time_delta_sensor_async>
[2025-06-27T00:12:39.562+0000] {processor.py:840} INFO - DAG(s) 'example_time_delta_sensor_async' retrieved from /home/airflow/.local/lib/python3.10/site-packages/airflow/example_dags/example_time_delta_sensor_async.py
[2025-06-27T00:12:39.565+0000] {logging_mixin.py:188} INFO - [2025-06-27T00:12:39.565+0000] {dagbag.py:667} DEBUG - Running dagbag.sync_to_db with retries. Try 1 of 3
[2025-06-27T00:12:39.566+0000] {logging_mixin.py:188} INFO - [2025-06-27T00:12:39.565+0000] {dagbag.py:672} DEBUG - Calling the DAG.bulk_sync_to_db method
[2025-06-27T00:12:39.588+0000] {logging_mixin.py:188} INFO - [2025-06-27T00:12:39.588+0000] {serialized_dag.py:166} DEBUG - Checking if DAG (example_time_delta_sensor_async) changed
[2025-06-27T00:12:39.593+0000] {logging_mixin.py:188} INFO - [2025-06-27T00:12:39.593+0000] {plugins_manager.py:332} DEBUG - Plugins are already loaded. Skipping.
[2025-06-27T00:12:39.594+0000] {logging_mixin.py:188} INFO - [2025-06-27T00:12:39.594+0000] {plugins_manager.py:410} DEBUG - Initialize custom taskinstance deps plugins
[2025-06-27T00:12:39.607+0000] {logging_mixin.py:188} INFO - [2025-06-27T00:12:39.606+0000] {serialized_dag.py:177} DEBUG - Serialized DAG (example_time_delta_sensor_async) is unchanged. Skipping writing to DB
[2025-06-27T00:12:39.608+0000] {logging_mixin.py:188} INFO - [2025-06-27T00:12:39.607+0000] {dag.py:3096} INFO - Sync 1 DAGs
[2025-06-27T00:12:39.629+0000] {logging_mixin.py:188} INFO - [2025-06-27T00:12:39.629+0000] {dag.py:3954} INFO - Setting next_dagrun for example_time_delta_sensor_async to None, run_after=None
[2025-06-27T00:12:39.679+0000] {processor.py:183} INFO - Processing /home/airflow/.local/lib/python3.10/site-packages/airflow/example_dags/example_time_delta_sensor_async.py took 0.152 seconds
[2025-06-27T00:13:09.846+0000] {logging_mixin.py:188} INFO - [2025-06-27T00:13:09.845+0000] {settings.py:250} DEBUG - Setting up DB connection pool (PID 12448)
[2025-06-27T00:13:09.848+0000] {logging_mixin.py:188} INFO - [2025-06-27T00:13:09.847+0000] {settings.py:330} DEBUG - settings.prepare_engine_args(): Using pool settings. pool_size=5, max_overflow=10, pool_recycle=1800, pid=12448
[2025-06-27T00:13:09.859+0000] {processor.py:161} INFO - Started process (PID=12448) to work on /home/airflow/.local/lib/python3.10/site-packages/airflow/example_dags/example_time_delta_sensor_async.py
[2025-06-27T00:13:09.860+0000] {processor.py:830} INFO - Processing file /home/airflow/.local/lib/python3.10/site-packages/airflow/example_dags/example_time_delta_sensor_async.py for tasks to queue
[2025-06-27T00:13:09.862+0000] {logging_mixin.py:188} INFO - [2025-06-27T00:13:09.862+0000] {dagbag.py:545} INFO - Filling up the DagBag from /home/airflow/.local/lib/python3.10/site-packages/airflow/example_dags/example_time_delta_sensor_async.py
[2025-06-27T00:13:09.865+0000] {logging_mixin.py:188} INFO - [2025-06-27T00:13:09.865+0000] {dagbag.py:337} DEBUG - Importing /home/airflow/.local/lib/python3.10/site-packages/airflow/example_dags/example_time_delta_sensor_async.py
[2025-06-27T00:13:09.875+0000] {logging_mixin.py:188} INFO - [2025-06-27T00:13:09.872+0000] {dagbag.py:511} DEBUG - Loaded DAG <DAG: example_time_delta_sensor_async>
[2025-06-27T00:13:09.876+0000] {processor.py:840} INFO - DAG(s) 'example_time_delta_sensor_async' retrieved from /home/airflow/.local/lib/python3.10/site-packages/airflow/example_dags/example_time_delta_sensor_async.py
[2025-06-27T00:13:09.878+0000] {logging_mixin.py:188} INFO - [2025-06-27T00:13:09.878+0000] {dagbag.py:667} DEBUG - Running dagbag.sync_to_db with retries. Try 1 of 3
[2025-06-27T00:13:09.879+0000] {logging_mixin.py:188} INFO - [2025-06-27T00:13:09.879+0000] {dagbag.py:672} DEBUG - Calling the DAG.bulk_sync_to_db method
[2025-06-27T00:13:09.904+0000] {logging_mixin.py:188} INFO - [2025-06-27T00:13:09.903+0000] {serialized_dag.py:166} DEBUG - Checking if DAG (example_time_delta_sensor_async) changed
[2025-06-27T00:13:09.914+0000] {logging_mixin.py:188} INFO - [2025-06-27T00:13:09.913+0000] {plugins_manager.py:332} DEBUG - Plugins are already loaded. Skipping.
[2025-06-27T00:13:09.916+0000] {logging_mixin.py:188} INFO - [2025-06-27T00:13:09.915+0000] {plugins_manager.py:410} DEBUG - Initialize custom taskinstance deps plugins
[2025-06-27T00:13:09.928+0000] {logging_mixin.py:188} INFO - [2025-06-27T00:13:09.927+0000] {serialized_dag.py:177} DEBUG - Serialized DAG (example_time_delta_sensor_async) is unchanged. Skipping writing to DB
[2025-06-27T00:13:09.929+0000] {logging_mixin.py:188} INFO - [2025-06-27T00:13:09.928+0000] {dag.py:3096} INFO - Sync 1 DAGs
[2025-06-27T00:13:09.952+0000] {logging_mixin.py:188} INFO - [2025-06-27T00:13:09.952+0000] {dag.py:3954} INFO - Setting next_dagrun for example_time_delta_sensor_async to None, run_after=None
[2025-06-27T00:13:09.989+0000] {processor.py:183} INFO - Processing /home/airflow/.local/lib/python3.10/site-packages/airflow/example_dags/example_time_delta_sensor_async.py took 0.144 seconds
[2025-06-27T00:13:40.386+0000] {logging_mixin.py:188} INFO - [2025-06-27T00:13:40.385+0000] {settings.py:250} DEBUG - Setting up DB connection pool (PID 12511)
[2025-06-27T00:13:40.389+0000] {logging_mixin.py:188} INFO - [2025-06-27T00:13:40.388+0000] {settings.py:330} DEBUG - settings.prepare_engine_args(): Using pool settings. pool_size=5, max_overflow=10, pool_recycle=1800, pid=12511
[2025-06-27T00:13:40.399+0000] {processor.py:161} INFO - Started process (PID=12511) to work on /home/airflow/.local/lib/python3.10/site-packages/airflow/example_dags/example_time_delta_sensor_async.py
[2025-06-27T00:13:40.401+0000] {processor.py:830} INFO - Processing file /home/airflow/.local/lib/python3.10/site-packages/airflow/example_dags/example_time_delta_sensor_async.py for tasks to queue
[2025-06-27T00:13:40.402+0000] {logging_mixin.py:188} INFO - [2025-06-27T00:13:40.402+0000] {dagbag.py:545} INFO - Filling up the DagBag from /home/airflow/.local/lib/python3.10/site-packages/airflow/example_dags/example_time_delta_sensor_async.py
[2025-06-27T00:13:40.405+0000] {logging_mixin.py:188} INFO - [2025-06-27T00:13:40.405+0000] {dagbag.py:337} DEBUG - Importing /home/airflow/.local/lib/python3.10/site-packages/airflow/example_dags/example_time_delta_sensor_async.py
[2025-06-27T00:13:40.418+0000] {logging_mixin.py:188} INFO - [2025-06-27T00:13:40.415+0000] {dagbag.py:511} DEBUG - Loaded DAG <DAG: example_time_delta_sensor_async>
[2025-06-27T00:13:40.420+0000] {processor.py:840} INFO - DAG(s) 'example_time_delta_sensor_async' retrieved from /home/airflow/.local/lib/python3.10/site-packages/airflow/example_dags/example_time_delta_sensor_async.py
[2025-06-27T00:13:40.423+0000] {logging_mixin.py:188} INFO - [2025-06-27T00:13:40.422+0000] {dagbag.py:667} DEBUG - Running dagbag.sync_to_db with retries. Try 1 of 3
[2025-06-27T00:13:40.424+0000] {logging_mixin.py:188} INFO - [2025-06-27T00:13:40.423+0000] {dagbag.py:672} DEBUG - Calling the DAG.bulk_sync_to_db method
[2025-06-27T00:13:40.446+0000] {logging_mixin.py:188} INFO - [2025-06-27T00:13:40.446+0000] {serialized_dag.py:166} DEBUG - Checking if DAG (example_time_delta_sensor_async) changed
[2025-06-27T00:13:40.452+0000] {logging_mixin.py:188} INFO - [2025-06-27T00:13:40.451+0000] {plugins_manager.py:332} DEBUG - Plugins are already loaded. Skipping.
[2025-06-27T00:13:40.453+0000] {logging_mixin.py:188} INFO - [2025-06-27T00:13:40.452+0000] {plugins_manager.py:410} DEBUG - Initialize custom taskinstance deps plugins
[2025-06-27T00:13:40.464+0000] {logging_mixin.py:188} INFO - [2025-06-27T00:13:40.464+0000] {serialized_dag.py:177} DEBUG - Serialized DAG (example_time_delta_sensor_async) is unchanged. Skipping writing to DB
[2025-06-27T00:13:40.465+0000] {logging_mixin.py:188} INFO - [2025-06-27T00:13:40.465+0000] {dag.py:3096} INFO - Sync 1 DAGs
[2025-06-27T00:13:40.487+0000] {logging_mixin.py:188} INFO - [2025-06-27T00:13:40.486+0000] {dag.py:3954} INFO - Setting next_dagrun for example_time_delta_sensor_async to None, run_after=None
[2025-06-27T00:13:40.517+0000] {processor.py:183} INFO - Processing /home/airflow/.local/lib/python3.10/site-packages/airflow/example_dags/example_time_delta_sensor_async.py took 0.132 seconds
[2025-06-27T00:14:11.022+0000] {logging_mixin.py:188} INFO - [2025-06-27T00:14:11.020+0000] {settings.py:250} DEBUG - Setting up DB connection pool (PID 12574)
[2025-06-27T00:14:11.026+0000] {logging_mixin.py:188} INFO - [2025-06-27T00:14:11.026+0000] {settings.py:330} DEBUG - settings.prepare_engine_args(): Using pool settings. pool_size=5, max_overflow=10, pool_recycle=1800, pid=12574
[2025-06-27T00:14:11.043+0000] {processor.py:161} INFO - Started process (PID=12574) to work on /home/airflow/.local/lib/python3.10/site-packages/airflow/example_dags/example_time_delta_sensor_async.py
[2025-06-27T00:14:11.045+0000] {processor.py:830} INFO - Processing file /home/airflow/.local/lib/python3.10/site-packages/airflow/example_dags/example_time_delta_sensor_async.py for tasks to queue
[2025-06-27T00:14:11.047+0000] {logging_mixin.py:188} INFO - [2025-06-27T00:14:11.047+0000] {dagbag.py:545} INFO - Filling up the DagBag from /home/airflow/.local/lib/python3.10/site-packages/airflow/example_dags/example_time_delta_sensor_async.py
[2025-06-27T00:14:11.051+0000] {logging_mixin.py:188} INFO - [2025-06-27T00:14:11.051+0000] {dagbag.py:337} DEBUG - Importing /home/airflow/.local/lib/python3.10/site-packages/airflow/example_dags/example_time_delta_sensor_async.py
[2025-06-27T00:14:11.070+0000] {logging_mixin.py:188} INFO - [2025-06-27T00:14:11.068+0000] {dagbag.py:511} DEBUG - Loaded DAG <DAG: example_time_delta_sensor_async>
[2025-06-27T00:14:11.071+0000] {processor.py:840} INFO - DAG(s) 'example_time_delta_sensor_async' retrieved from /home/airflow/.local/lib/python3.10/site-packages/airflow/example_dags/example_time_delta_sensor_async.py
[2025-06-27T00:14:11.075+0000] {logging_mixin.py:188} INFO - [2025-06-27T00:14:11.074+0000] {dagbag.py:667} DEBUG - Running dagbag.sync_to_db with retries. Try 1 of 3
[2025-06-27T00:14:11.076+0000] {logging_mixin.py:188} INFO - [2025-06-27T00:14:11.076+0000] {dagbag.py:672} DEBUG - Calling the DAG.bulk_sync_to_db method
[2025-06-27T00:14:11.104+0000] {logging_mixin.py:188} INFO - [2025-06-27T00:14:11.104+0000] {serialized_dag.py:166} DEBUG - Checking if DAG (example_time_delta_sensor_async) changed
[2025-06-27T00:14:11.115+0000] {logging_mixin.py:188} INFO - [2025-06-27T00:14:11.113+0000] {plugins_manager.py:332} DEBUG - Plugins are already loaded. Skipping.
[2025-06-27T00:14:11.117+0000] {logging_mixin.py:188} INFO - [2025-06-27T00:14:11.116+0000] {plugins_manager.py:410} DEBUG - Initialize custom taskinstance deps plugins
[2025-06-27T00:14:11.132+0000] {logging_mixin.py:188} INFO - [2025-06-27T00:14:11.131+0000] {serialized_dag.py:177} DEBUG - Serialized DAG (example_time_delta_sensor_async) is unchanged. Skipping writing to DB
[2025-06-27T00:14:11.134+0000] {logging_mixin.py:188} INFO - [2025-06-27T00:14:11.133+0000] {dag.py:3096} INFO - Sync 1 DAGs
[2025-06-27T00:14:11.170+0000] {logging_mixin.py:188} INFO - [2025-06-27T00:14:11.170+0000] {dag.py:3954} INFO - Setting next_dagrun for example_time_delta_sensor_async to None, run_after=None
[2025-06-27T00:14:11.235+0000] {processor.py:183} INFO - Processing /home/airflow/.local/lib/python3.10/site-packages/airflow/example_dags/example_time_delta_sensor_async.py took 0.215 seconds
[2025-06-27T00:14:41.655+0000] {logging_mixin.py:188} INFO - [2025-06-27T00:14:41.654+0000] {settings.py:250} DEBUG - Setting up DB connection pool (PID 12637)
[2025-06-27T00:14:41.657+0000] {logging_mixin.py:188} INFO - [2025-06-27T00:14:41.657+0000] {settings.py:330} DEBUG - settings.prepare_engine_args(): Using pool settings. pool_size=5, max_overflow=10, pool_recycle=1800, pid=12637
[2025-06-27T00:14:41.668+0000] {processor.py:161} INFO - Started process (PID=12637) to work on /home/airflow/.local/lib/python3.10/site-packages/airflow/example_dags/example_time_delta_sensor_async.py
[2025-06-27T00:14:41.670+0000] {processor.py:830} INFO - Processing file /home/airflow/.local/lib/python3.10/site-packages/airflow/example_dags/example_time_delta_sensor_async.py for tasks to queue
[2025-06-27T00:14:41.672+0000] {logging_mixin.py:188} INFO - [2025-06-27T00:14:41.672+0000] {dagbag.py:545} INFO - Filling up the DagBag from /home/airflow/.local/lib/python3.10/site-packages/airflow/example_dags/example_time_delta_sensor_async.py
[2025-06-27T00:14:41.675+0000] {logging_mixin.py:188} INFO - [2025-06-27T00:14:41.675+0000] {dagbag.py:337} DEBUG - Importing /home/airflow/.local/lib/python3.10/site-packages/airflow/example_dags/example_time_delta_sensor_async.py
[2025-06-27T00:14:41.685+0000] {logging_mixin.py:188} INFO - [2025-06-27T00:14:41.684+0000] {dagbag.py:511} DEBUG - Loaded DAG <DAG: example_time_delta_sensor_async>
[2025-06-27T00:14:41.686+0000] {processor.py:840} INFO - DAG(s) 'example_time_delta_sensor_async' retrieved from /home/airflow/.local/lib/python3.10/site-packages/airflow/example_dags/example_time_delta_sensor_async.py
[2025-06-27T00:14:41.689+0000] {logging_mixin.py:188} INFO - [2025-06-27T00:14:41.688+0000] {dagbag.py:667} DEBUG - Running dagbag.sync_to_db with retries. Try 1 of 3
[2025-06-27T00:14:41.689+0000] {logging_mixin.py:188} INFO - [2025-06-27T00:14:41.689+0000] {dagbag.py:672} DEBUG - Calling the DAG.bulk_sync_to_db method
[2025-06-27T00:14:41.713+0000] {logging_mixin.py:188} INFO - [2025-06-27T00:14:41.713+0000] {serialized_dag.py:166} DEBUG - Checking if DAG (example_time_delta_sensor_async) changed
[2025-06-27T00:14:41.721+0000] {logging_mixin.py:188} INFO - [2025-06-27T00:14:41.720+0000] {plugins_manager.py:332} DEBUG - Plugins are already loaded. Skipping.
[2025-06-27T00:14:41.722+0000] {logging_mixin.py:188} INFO - [2025-06-27T00:14:41.722+0000] {plugins_manager.py:410} DEBUG - Initialize custom taskinstance deps plugins
[2025-06-27T00:14:41.736+0000] {logging_mixin.py:188} INFO - [2025-06-27T00:14:41.736+0000] {serialized_dag.py:177} DEBUG - Serialized DAG (example_time_delta_sensor_async) is unchanged. Skipping writing to DB
[2025-06-27T00:14:41.738+0000] {logging_mixin.py:188} INFO - [2025-06-27T00:14:41.737+0000] {dag.py:3096} INFO - Sync 1 DAGs
[2025-06-27T00:14:41.762+0000] {logging_mixin.py:188} INFO - [2025-06-27T00:14:41.762+0000] {dag.py:3954} INFO - Setting next_dagrun for example_time_delta_sensor_async to None, run_after=None
[2025-06-27T00:14:41.794+0000] {processor.py:183} INFO - Processing /home/airflow/.local/lib/python3.10/site-packages/airflow/example_dags/example_time_delta_sensor_async.py took 0.140 seconds
[2025-06-27T00:15:12.254+0000] {logging_mixin.py:188} INFO - [2025-06-27T00:15:12.253+0000] {settings.py:250} DEBUG - Setting up DB connection pool (PID 12701)
[2025-06-27T00:15:12.256+0000] {logging_mixin.py:188} INFO - [2025-06-27T00:15:12.256+0000] {settings.py:330} DEBUG - settings.prepare_engine_args(): Using pool settings. pool_size=5, max_overflow=10, pool_recycle=1800, pid=12701
[2025-06-27T00:15:12.269+0000] {processor.py:161} INFO - Started process (PID=12701) to work on /home/airflow/.local/lib/python3.10/site-packages/airflow/example_dags/example_time_delta_sensor_async.py
[2025-06-27T00:15:12.271+0000] {processor.py:830} INFO - Processing file /home/airflow/.local/lib/python3.10/site-packages/airflow/example_dags/example_time_delta_sensor_async.py for tasks to queue
[2025-06-27T00:15:12.273+0000] {logging_mixin.py:188} INFO - [2025-06-27T00:15:12.272+0000] {dagbag.py:545} INFO - Filling up the DagBag from /home/airflow/.local/lib/python3.10/site-packages/airflow/example_dags/example_time_delta_sensor_async.py
[2025-06-27T00:15:12.276+0000] {logging_mixin.py:188} INFO - [2025-06-27T00:15:12.275+0000] {dagbag.py:337} DEBUG - Importing /home/airflow/.local/lib/python3.10/site-packages/airflow/example_dags/example_time_delta_sensor_async.py
[2025-06-27T00:15:12.286+0000] {logging_mixin.py:188} INFO - [2025-06-27T00:15:12.284+0000] {dagbag.py:511} DEBUG - Loaded DAG <DAG: example_time_delta_sensor_async>
[2025-06-27T00:15:12.287+0000] {processor.py:840} INFO - DAG(s) 'example_time_delta_sensor_async' retrieved from /home/airflow/.local/lib/python3.10/site-packages/airflow/example_dags/example_time_delta_sensor_async.py
[2025-06-27T00:15:12.290+0000] {logging_mixin.py:188} INFO - [2025-06-27T00:15:12.289+0000] {dagbag.py:667} DEBUG - Running dagbag.sync_to_db with retries. Try 1 of 3
[2025-06-27T00:15:12.291+0000] {logging_mixin.py:188} INFO - [2025-06-27T00:15:12.290+0000] {dagbag.py:672} DEBUG - Calling the DAG.bulk_sync_to_db method
[2025-06-27T00:15:12.310+0000] {logging_mixin.py:188} INFO - [2025-06-27T00:15:12.310+0000] {serialized_dag.py:166} DEBUG - Checking if DAG (example_time_delta_sensor_async) changed
[2025-06-27T00:15:12.315+0000] {logging_mixin.py:188} INFO - [2025-06-27T00:15:12.315+0000] {plugins_manager.py:332} DEBUG - Plugins are already loaded. Skipping.
[2025-06-27T00:15:12.316+0000] {logging_mixin.py:188} INFO - [2025-06-27T00:15:12.316+0000] {plugins_manager.py:410} DEBUG - Initialize custom taskinstance deps plugins
[2025-06-27T00:15:12.324+0000] {logging_mixin.py:188} INFO - [2025-06-27T00:15:12.324+0000] {serialized_dag.py:177} DEBUG - Serialized DAG (example_time_delta_sensor_async) is unchanged. Skipping writing to DB
[2025-06-27T00:15:12.326+0000] {logging_mixin.py:188} INFO - [2025-06-27T00:15:12.325+0000] {dag.py:3096} INFO - Sync 1 DAGs
[2025-06-27T00:15:12.342+0000] {logging_mixin.py:188} INFO - [2025-06-27T00:15:12.342+0000] {dag.py:3954} INFO - Setting next_dagrun for example_time_delta_sensor_async to None, run_after=None
[2025-06-27T00:15:12.372+0000] {processor.py:183} INFO - Processing /home/airflow/.local/lib/python3.10/site-packages/airflow/example_dags/example_time_delta_sensor_async.py took 0.119 seconds
[2025-06-27T00:15:43.075+0000] {logging_mixin.py:188} INFO - [2025-06-27T00:15:43.074+0000] {settings.py:250} DEBUG - Setting up DB connection pool (PID 12764)
[2025-06-27T00:15:43.078+0000] {logging_mixin.py:188} INFO - [2025-06-27T00:15:43.078+0000] {settings.py:330} DEBUG - settings.prepare_engine_args(): Using pool settings. pool_size=5, max_overflow=10, pool_recycle=1800, pid=12764
[2025-06-27T00:15:43.090+0000] {processor.py:161} INFO - Started process (PID=12764) to work on /home/airflow/.local/lib/python3.10/site-packages/airflow/example_dags/example_time_delta_sensor_async.py
[2025-06-27T00:15:43.092+0000] {processor.py:830} INFO - Processing file /home/airflow/.local/lib/python3.10/site-packages/airflow/example_dags/example_time_delta_sensor_async.py for tasks to queue
[2025-06-27T00:15:43.093+0000] {logging_mixin.py:188} INFO - [2025-06-27T00:15:43.093+0000] {dagbag.py:545} INFO - Filling up the DagBag from /home/airflow/.local/lib/python3.10/site-packages/airflow/example_dags/example_time_delta_sensor_async.py
[2025-06-27T00:15:43.096+0000] {logging_mixin.py:188} INFO - [2025-06-27T00:15:43.096+0000] {dagbag.py:337} DEBUG - Importing /home/airflow/.local/lib/python3.10/site-packages/airflow/example_dags/example_time_delta_sensor_async.py
[2025-06-27T00:15:43.107+0000] {logging_mixin.py:188} INFO - [2025-06-27T00:15:43.105+0000] {dagbag.py:511} DEBUG - Loaded DAG <DAG: example_time_delta_sensor_async>
[2025-06-27T00:15:43.108+0000] {processor.py:840} INFO - DAG(s) 'example_time_delta_sensor_async' retrieved from /home/airflow/.local/lib/python3.10/site-packages/airflow/example_dags/example_time_delta_sensor_async.py
[2025-06-27T00:15:43.111+0000] {logging_mixin.py:188} INFO - [2025-06-27T00:15:43.111+0000] {dagbag.py:667} DEBUG - Running dagbag.sync_to_db with retries. Try 1 of 3
[2025-06-27T00:15:43.112+0000] {logging_mixin.py:188} INFO - [2025-06-27T00:15:43.112+0000] {dagbag.py:672} DEBUG - Calling the DAG.bulk_sync_to_db method
[2025-06-27T00:15:43.140+0000] {logging_mixin.py:188} INFO - [2025-06-27T00:15:43.140+0000] {serialized_dag.py:166} DEBUG - Checking if DAG (example_time_delta_sensor_async) changed
[2025-06-27T00:15:43.146+0000] {logging_mixin.py:188} INFO - [2025-06-27T00:15:43.146+0000] {plugins_manager.py:332} DEBUG - Plugins are already loaded. Skipping.
[2025-06-27T00:15:43.147+0000] {logging_mixin.py:188} INFO - [2025-06-27T00:15:43.147+0000] {plugins_manager.py:410} DEBUG - Initialize custom taskinstance deps plugins
[2025-06-27T00:15:43.158+0000] {logging_mixin.py:188} INFO - [2025-06-27T00:15:43.157+0000] {serialized_dag.py:177} DEBUG - Serialized DAG (example_time_delta_sensor_async) is unchanged. Skipping writing to DB
[2025-06-27T00:15:43.159+0000] {logging_mixin.py:188} INFO - [2025-06-27T00:15:43.159+0000] {dag.py:3096} INFO - Sync 1 DAGs
[2025-06-27T00:15:43.180+0000] {logging_mixin.py:188} INFO - [2025-06-27T00:15:43.180+0000] {dag.py:3954} INFO - Setting next_dagrun for example_time_delta_sensor_async to None, run_after=None
[2025-06-27T00:15:43.213+0000] {processor.py:183} INFO - Processing /home/airflow/.local/lib/python3.10/site-packages/airflow/example_dags/example_time_delta_sensor_async.py took 0.139 seconds
[2025-06-27T00:16:13.603+0000] {logging_mixin.py:188} INFO - [2025-06-27T00:16:13.601+0000] {settings.py:250} DEBUG - Setting up DB connection pool (PID 12827)
[2025-06-27T00:16:13.605+0000] {logging_mixin.py:188} INFO - [2025-06-27T00:16:13.604+0000] {settings.py:330} DEBUG - settings.prepare_engine_args(): Using pool settings. pool_size=5, max_overflow=10, pool_recycle=1800, pid=12827
[2025-06-27T00:16:13.616+0000] {processor.py:161} INFO - Started process (PID=12827) to work on /home/airflow/.local/lib/python3.10/site-packages/airflow/example_dags/example_time_delta_sensor_async.py
[2025-06-27T00:16:13.617+0000] {processor.py:830} INFO - Processing file /home/airflow/.local/lib/python3.10/site-packages/airflow/example_dags/example_time_delta_sensor_async.py for tasks to queue
[2025-06-27T00:16:13.618+0000] {logging_mixin.py:188} INFO - [2025-06-27T00:16:13.618+0000] {dagbag.py:545} INFO - Filling up the DagBag from /home/airflow/.local/lib/python3.10/site-packages/airflow/example_dags/example_time_delta_sensor_async.py
[2025-06-27T00:16:13.620+0000] {logging_mixin.py:188} INFO - [2025-06-27T00:16:13.620+0000] {dagbag.py:337} DEBUG - Importing /home/airflow/.local/lib/python3.10/site-packages/airflow/example_dags/example_time_delta_sensor_async.py
[2025-06-27T00:16:13.632+0000] {logging_mixin.py:188} INFO - [2025-06-27T00:16:13.630+0000] {dagbag.py:511} DEBUG - Loaded DAG <DAG: example_time_delta_sensor_async>
[2025-06-27T00:16:13.633+0000] {processor.py:840} INFO - DAG(s) 'example_time_delta_sensor_async' retrieved from /home/airflow/.local/lib/python3.10/site-packages/airflow/example_dags/example_time_delta_sensor_async.py
[2025-06-27T00:16:13.635+0000] {logging_mixin.py:188} INFO - [2025-06-27T00:16:13.635+0000] {dagbag.py:667} DEBUG - Running dagbag.sync_to_db with retries. Try 1 of 3
[2025-06-27T00:16:13.636+0000] {logging_mixin.py:188} INFO - [2025-06-27T00:16:13.636+0000] {dagbag.py:672} DEBUG - Calling the DAG.bulk_sync_to_db method
[2025-06-27T00:16:13.661+0000] {logging_mixin.py:188} INFO - [2025-06-27T00:16:13.660+0000] {serialized_dag.py:166} DEBUG - Checking if DAG (example_time_delta_sensor_async) changed
[2025-06-27T00:16:13.667+0000] {logging_mixin.py:188} INFO - [2025-06-27T00:16:13.667+0000] {plugins_manager.py:332} DEBUG - Plugins are already loaded. Skipping.
[2025-06-27T00:16:13.669+0000] {logging_mixin.py:188} INFO - [2025-06-27T00:16:13.669+0000] {plugins_manager.py:410} DEBUG - Initialize custom taskinstance deps plugins
[2025-06-27T00:16:13.683+0000] {logging_mixin.py:188} INFO - [2025-06-27T00:16:13.682+0000] {serialized_dag.py:177} DEBUG - Serialized DAG (example_time_delta_sensor_async) is unchanged. Skipping writing to DB
[2025-06-27T00:16:13.684+0000] {logging_mixin.py:188} INFO - [2025-06-27T00:16:13.684+0000] {dag.py:3096} INFO - Sync 1 DAGs
[2025-06-27T00:16:13.706+0000] {logging_mixin.py:188} INFO - [2025-06-27T00:16:13.705+0000] {dag.py:3954} INFO - Setting next_dagrun for example_time_delta_sensor_async to None, run_after=None
[2025-06-27T00:16:13.738+0000] {processor.py:183} INFO - Processing /home/airflow/.local/lib/python3.10/site-packages/airflow/example_dags/example_time_delta_sensor_async.py took 0.137 seconds
[2025-06-27T00:16:44.224+0000] {logging_mixin.py:188} INFO - [2025-06-27T00:16:44.223+0000] {settings.py:250} DEBUG - Setting up DB connection pool (PID 12891)
[2025-06-27T00:16:44.227+0000] {logging_mixin.py:188} INFO - [2025-06-27T00:16:44.227+0000] {settings.py:330} DEBUG - settings.prepare_engine_args(): Using pool settings. pool_size=5, max_overflow=10, pool_recycle=1800, pid=12891
[2025-06-27T00:16:44.241+0000] {processor.py:161} INFO - Started process (PID=12891) to work on /home/airflow/.local/lib/python3.10/site-packages/airflow/example_dags/example_time_delta_sensor_async.py
[2025-06-27T00:16:44.242+0000] {processor.py:830} INFO - Processing file /home/airflow/.local/lib/python3.10/site-packages/airflow/example_dags/example_time_delta_sensor_async.py for tasks to queue
[2025-06-27T00:16:44.244+0000] {logging_mixin.py:188} INFO - [2025-06-27T00:16:44.244+0000] {dagbag.py:545} INFO - Filling up the DagBag from /home/airflow/.local/lib/python3.10/site-packages/airflow/example_dags/example_time_delta_sensor_async.py
[2025-06-27T00:16:44.247+0000] {logging_mixin.py:188} INFO - [2025-06-27T00:16:44.247+0000] {dagbag.py:337} DEBUG - Importing /home/airflow/.local/lib/python3.10/site-packages/airflow/example_dags/example_time_delta_sensor_async.py
[2025-06-27T00:16:44.259+0000] {logging_mixin.py:188} INFO - [2025-06-27T00:16:44.257+0000] {dagbag.py:511} DEBUG - Loaded DAG <DAG: example_time_delta_sensor_async>
[2025-06-27T00:16:44.260+0000] {processor.py:840} INFO - DAG(s) 'example_time_delta_sensor_async' retrieved from /home/airflow/.local/lib/python3.10/site-packages/airflow/example_dags/example_time_delta_sensor_async.py
[2025-06-27T00:16:44.263+0000] {logging_mixin.py:188} INFO - [2025-06-27T00:16:44.262+0000] {dagbag.py:667} DEBUG - Running dagbag.sync_to_db with retries. Try 1 of 3
[2025-06-27T00:16:44.263+0000] {logging_mixin.py:188} INFO - [2025-06-27T00:16:44.263+0000] {dagbag.py:672} DEBUG - Calling the DAG.bulk_sync_to_db method
[2025-06-27T00:16:44.287+0000] {logging_mixin.py:188} INFO - [2025-06-27T00:16:44.286+0000] {serialized_dag.py:166} DEBUG - Checking if DAG (example_time_delta_sensor_async) changed
[2025-06-27T00:16:44.296+0000] {logging_mixin.py:188} INFO - [2025-06-27T00:16:44.294+0000] {plugins_manager.py:332} DEBUG - Plugins are already loaded. Skipping.
[2025-06-27T00:16:44.298+0000] {logging_mixin.py:188} INFO - [2025-06-27T00:16:44.298+0000] {plugins_manager.py:410} DEBUG - Initialize custom taskinstance deps plugins
[2025-06-27T00:16:44.323+0000] {logging_mixin.py:188} INFO - [2025-06-27T00:16:44.322+0000] {serialized_dag.py:177} DEBUG - Serialized DAG (example_time_delta_sensor_async) is unchanged. Skipping writing to DB
[2025-06-27T00:16:44.325+0000] {logging_mixin.py:188} INFO - [2025-06-27T00:16:44.324+0000] {dag.py:3096} INFO - Sync 1 DAGs
[2025-06-27T00:16:44.349+0000] {logging_mixin.py:188} INFO - [2025-06-27T00:16:44.349+0000] {dag.py:3954} INFO - Setting next_dagrun for example_time_delta_sensor_async to None, run_after=None
[2025-06-27T00:16:44.381+0000] {processor.py:183} INFO - Processing /home/airflow/.local/lib/python3.10/site-packages/airflow/example_dags/example_time_delta_sensor_async.py took 0.159 seconds
[2025-06-27T00:17:14.571+0000] {logging_mixin.py:188} INFO - [2025-06-27T00:17:14.570+0000] {settings.py:250} DEBUG - Setting up DB connection pool (PID 12954)
[2025-06-27T00:17:14.573+0000] {logging_mixin.py:188} INFO - [2025-06-27T00:17:14.573+0000] {settings.py:330} DEBUG - settings.prepare_engine_args(): Using pool settings. pool_size=5, max_overflow=10, pool_recycle=1800, pid=12954
[2025-06-27T00:17:14.584+0000] {processor.py:161} INFO - Started process (PID=12954) to work on /home/airflow/.local/lib/python3.10/site-packages/airflow/example_dags/example_time_delta_sensor_async.py
[2025-06-27T00:17:14.585+0000] {processor.py:830} INFO - Processing file /home/airflow/.local/lib/python3.10/site-packages/airflow/example_dags/example_time_delta_sensor_async.py for tasks to queue
[2025-06-27T00:17:14.587+0000] {logging_mixin.py:188} INFO - [2025-06-27T00:17:14.587+0000] {dagbag.py:545} INFO - Filling up the DagBag from /home/airflow/.local/lib/python3.10/site-packages/airflow/example_dags/example_time_delta_sensor_async.py
[2025-06-27T00:17:14.589+0000] {logging_mixin.py:188} INFO - [2025-06-27T00:17:14.589+0000] {dagbag.py:337} DEBUG - Importing /home/airflow/.local/lib/python3.10/site-packages/airflow/example_dags/example_time_delta_sensor_async.py
[2025-06-27T00:17:14.601+0000] {logging_mixin.py:188} INFO - [2025-06-27T00:17:14.599+0000] {dagbag.py:511} DEBUG - Loaded DAG <DAG: example_time_delta_sensor_async>
[2025-06-27T00:17:14.602+0000] {processor.py:840} INFO - DAG(s) 'example_time_delta_sensor_async' retrieved from /home/airflow/.local/lib/python3.10/site-packages/airflow/example_dags/example_time_delta_sensor_async.py
[2025-06-27T00:17:14.605+0000] {logging_mixin.py:188} INFO - [2025-06-27T00:17:14.605+0000] {dagbag.py:667} DEBUG - Running dagbag.sync_to_db with retries. Try 1 of 3
[2025-06-27T00:17:14.607+0000] {logging_mixin.py:188} INFO - [2025-06-27T00:17:14.607+0000] {dagbag.py:672} DEBUG - Calling the DAG.bulk_sync_to_db method
[2025-06-27T00:17:14.632+0000] {logging_mixin.py:188} INFO - [2025-06-27T00:17:14.631+0000] {serialized_dag.py:166} DEBUG - Checking if DAG (example_time_delta_sensor_async) changed
[2025-06-27T00:17:14.637+0000] {logging_mixin.py:188} INFO - [2025-06-27T00:17:14.637+0000] {plugins_manager.py:332} DEBUG - Plugins are already loaded. Skipping.
[2025-06-27T00:17:14.638+0000] {logging_mixin.py:188} INFO - [2025-06-27T00:17:14.637+0000] {plugins_manager.py:410} DEBUG - Initialize custom taskinstance deps plugins
[2025-06-27T00:17:14.648+0000] {logging_mixin.py:188} INFO - [2025-06-27T00:17:14.648+0000] {serialized_dag.py:177} DEBUG - Serialized DAG (example_time_delta_sensor_async) is unchanged. Skipping writing to DB
[2025-06-27T00:17:14.654+0000] {logging_mixin.py:188} INFO - [2025-06-27T00:17:14.653+0000] {dag.py:3096} INFO - Sync 1 DAGs
[2025-06-27T00:17:14.673+0000] {logging_mixin.py:188} INFO - [2025-06-27T00:17:14.673+0000] {dag.py:3954} INFO - Setting next_dagrun for example_time_delta_sensor_async to None, run_after=None
[2025-06-27T00:17:14.706+0000] {processor.py:183} INFO - Processing /home/airflow/.local/lib/python3.10/site-packages/airflow/example_dags/example_time_delta_sensor_async.py took 0.137 seconds
[2025-06-27T00:17:45.348+0000] {logging_mixin.py:188} INFO - [2025-06-27T00:17:45.347+0000] {settings.py:250} DEBUG - Setting up DB connection pool (PID 13017)
[2025-06-27T00:17:45.350+0000] {logging_mixin.py:188} INFO - [2025-06-27T00:17:45.350+0000] {settings.py:330} DEBUG - settings.prepare_engine_args(): Using pool settings. pool_size=5, max_overflow=10, pool_recycle=1800, pid=13017
[2025-06-27T00:17:45.360+0000] {processor.py:161} INFO - Started process (PID=13017) to work on /home/airflow/.local/lib/python3.10/site-packages/airflow/example_dags/example_time_delta_sensor_async.py
[2025-06-27T00:17:45.362+0000] {processor.py:830} INFO - Processing file /home/airflow/.local/lib/python3.10/site-packages/airflow/example_dags/example_time_delta_sensor_async.py for tasks to queue
[2025-06-27T00:17:45.363+0000] {logging_mixin.py:188} INFO - [2025-06-27T00:17:45.363+0000] {dagbag.py:545} INFO - Filling up the DagBag from /home/airflow/.local/lib/python3.10/site-packages/airflow/example_dags/example_time_delta_sensor_async.py
[2025-06-27T00:17:45.365+0000] {logging_mixin.py:188} INFO - [2025-06-27T00:17:45.365+0000] {dagbag.py:337} DEBUG - Importing /home/airflow/.local/lib/python3.10/site-packages/airflow/example_dags/example_time_delta_sensor_async.py
[2025-06-27T00:17:45.374+0000] {logging_mixin.py:188} INFO - [2025-06-27T00:17:45.372+0000] {dagbag.py:511} DEBUG - Loaded DAG <DAG: example_time_delta_sensor_async>
[2025-06-27T00:17:45.375+0000] {processor.py:840} INFO - DAG(s) 'example_time_delta_sensor_async' retrieved from /home/airflow/.local/lib/python3.10/site-packages/airflow/example_dags/example_time_delta_sensor_async.py
[2025-06-27T00:17:45.377+0000] {logging_mixin.py:188} INFO - [2025-06-27T00:17:45.377+0000] {dagbag.py:667} DEBUG - Running dagbag.sync_to_db with retries. Try 1 of 3
[2025-06-27T00:17:45.378+0000] {logging_mixin.py:188} INFO - [2025-06-27T00:17:45.378+0000] {dagbag.py:672} DEBUG - Calling the DAG.bulk_sync_to_db method
[2025-06-27T00:17:45.398+0000] {logging_mixin.py:188} INFO - [2025-06-27T00:17:45.398+0000] {serialized_dag.py:166} DEBUG - Checking if DAG (example_time_delta_sensor_async) changed
[2025-06-27T00:17:45.403+0000] {logging_mixin.py:188} INFO - [2025-06-27T00:17:45.402+0000] {plugins_manager.py:332} DEBUG - Plugins are already loaded. Skipping.
[2025-06-27T00:17:45.403+0000] {logging_mixin.py:188} INFO - [2025-06-27T00:17:45.403+0000] {plugins_manager.py:410} DEBUG - Initialize custom taskinstance deps plugins
[2025-06-27T00:17:45.414+0000] {logging_mixin.py:188} INFO - [2025-06-27T00:17:45.414+0000] {serialized_dag.py:177} DEBUG - Serialized DAG (example_time_delta_sensor_async) is unchanged. Skipping writing to DB
[2025-06-27T00:17:45.415+0000] {logging_mixin.py:188} INFO - [2025-06-27T00:17:45.415+0000] {dag.py:3096} INFO - Sync 1 DAGs
[2025-06-27T00:17:45.433+0000] {logging_mixin.py:188} INFO - [2025-06-27T00:17:45.432+0000] {dag.py:3954} INFO - Setting next_dagrun for example_time_delta_sensor_async to None, run_after=None
[2025-06-27T00:17:45.459+0000] {processor.py:183} INFO - Processing /home/airflow/.local/lib/python3.10/site-packages/airflow/example_dags/example_time_delta_sensor_async.py took 0.112 seconds
[2025-06-27T00:18:15.597+0000] {logging_mixin.py:188} INFO - [2025-06-27T00:18:15.595+0000] {settings.py:250} DEBUG - Setting up DB connection pool (PID 13078)
[2025-06-27T00:18:15.600+0000] {logging_mixin.py:188} INFO - [2025-06-27T00:18:15.599+0000] {settings.py:330} DEBUG - settings.prepare_engine_args(): Using pool settings. pool_size=5, max_overflow=10, pool_recycle=1800, pid=13078
[2025-06-27T00:18:15.614+0000] {processor.py:161} INFO - Started process (PID=13078) to work on /home/airflow/.local/lib/python3.10/site-packages/airflow/example_dags/example_time_delta_sensor_async.py
[2025-06-27T00:18:15.615+0000] {processor.py:830} INFO - Processing file /home/airflow/.local/lib/python3.10/site-packages/airflow/example_dags/example_time_delta_sensor_async.py for tasks to queue
[2025-06-27T00:18:15.617+0000] {logging_mixin.py:188} INFO - [2025-06-27T00:18:15.617+0000] {dagbag.py:545} INFO - Filling up the DagBag from /home/airflow/.local/lib/python3.10/site-packages/airflow/example_dags/example_time_delta_sensor_async.py
[2025-06-27T00:18:15.620+0000] {logging_mixin.py:188} INFO - [2025-06-27T00:18:15.620+0000] {dagbag.py:337} DEBUG - Importing /home/airflow/.local/lib/python3.10/site-packages/airflow/example_dags/example_time_delta_sensor_async.py
[2025-06-27T00:18:15.635+0000] {logging_mixin.py:188} INFO - [2025-06-27T00:18:15.631+0000] {dagbag.py:511} DEBUG - Loaded DAG <DAG: example_time_delta_sensor_async>
[2025-06-27T00:18:15.635+0000] {processor.py:840} INFO - DAG(s) 'example_time_delta_sensor_async' retrieved from /home/airflow/.local/lib/python3.10/site-packages/airflow/example_dags/example_time_delta_sensor_async.py
[2025-06-27T00:18:15.638+0000] {logging_mixin.py:188} INFO - [2025-06-27T00:18:15.638+0000] {dagbag.py:667} DEBUG - Running dagbag.sync_to_db with retries. Try 1 of 3
[2025-06-27T00:18:15.640+0000] {logging_mixin.py:188} INFO - [2025-06-27T00:18:15.639+0000] {dagbag.py:672} DEBUG - Calling the DAG.bulk_sync_to_db method
[2025-06-27T00:18:15.665+0000] {logging_mixin.py:188} INFO - [2025-06-27T00:18:15.665+0000] {serialized_dag.py:166} DEBUG - Checking if DAG (example_time_delta_sensor_async) changed
[2025-06-27T00:18:15.672+0000] {logging_mixin.py:188} INFO - [2025-06-27T00:18:15.672+0000] {plugins_manager.py:332} DEBUG - Plugins are already loaded. Skipping.
[2025-06-27T00:18:15.673+0000] {logging_mixin.py:188} INFO - [2025-06-27T00:18:15.673+0000] {plugins_manager.py:410} DEBUG - Initialize custom taskinstance deps plugins
[2025-06-27T00:18:15.684+0000] {logging_mixin.py:188} INFO - [2025-06-27T00:18:15.683+0000] {serialized_dag.py:177} DEBUG - Serialized DAG (example_time_delta_sensor_async) is unchanged. Skipping writing to DB
[2025-06-27T00:18:15.685+0000] {logging_mixin.py:188} INFO - [2025-06-27T00:18:15.685+0000] {dag.py:3096} INFO - Sync 1 DAGs
[2025-06-27T00:18:15.705+0000] {logging_mixin.py:188} INFO - [2025-06-27T00:18:15.704+0000] {dag.py:3954} INFO - Setting next_dagrun for example_time_delta_sensor_async to None, run_after=None
[2025-06-27T00:18:15.740+0000] {processor.py:183} INFO - Processing /home/airflow/.local/lib/python3.10/site-packages/airflow/example_dags/example_time_delta_sensor_async.py took 0.144 seconds
[2025-06-27T00:18:46.083+0000] {logging_mixin.py:188} INFO - [2025-06-27T00:18:46.082+0000] {settings.py:250} DEBUG - Setting up DB connection pool (PID 13141)
[2025-06-27T00:18:46.085+0000] {logging_mixin.py:188} INFO - [2025-06-27T00:18:46.085+0000] {settings.py:330} DEBUG - settings.prepare_engine_args(): Using pool settings. pool_size=5, max_overflow=10, pool_recycle=1800, pid=13141
[2025-06-27T00:18:46.104+0000] {processor.py:161} INFO - Started process (PID=13141) to work on /home/airflow/.local/lib/python3.10/site-packages/airflow/example_dags/example_time_delta_sensor_async.py
[2025-06-27T00:18:46.106+0000] {processor.py:830} INFO - Processing file /home/airflow/.local/lib/python3.10/site-packages/airflow/example_dags/example_time_delta_sensor_async.py for tasks to queue
[2025-06-27T00:18:46.109+0000] {logging_mixin.py:188} INFO - [2025-06-27T00:18:46.109+0000] {dagbag.py:545} INFO - Filling up the DagBag from /home/airflow/.local/lib/python3.10/site-packages/airflow/example_dags/example_time_delta_sensor_async.py
[2025-06-27T00:18:46.114+0000] {logging_mixin.py:188} INFO - [2025-06-27T00:18:46.113+0000] {dagbag.py:337} DEBUG - Importing /home/airflow/.local/lib/python3.10/site-packages/airflow/example_dags/example_time_delta_sensor_async.py
[2025-06-27T00:18:46.134+0000] {logging_mixin.py:188} INFO - [2025-06-27T00:18:46.130+0000] {dagbag.py:511} DEBUG - Loaded DAG <DAG: example_time_delta_sensor_async>
[2025-06-27T00:18:46.141+0000] {processor.py:840} INFO - DAG(s) 'example_time_delta_sensor_async' retrieved from /home/airflow/.local/lib/python3.10/site-packages/airflow/example_dags/example_time_delta_sensor_async.py
[2025-06-27T00:18:46.146+0000] {logging_mixin.py:188} INFO - [2025-06-27T00:18:46.146+0000] {dagbag.py:667} DEBUG - Running dagbag.sync_to_db with retries. Try 1 of 3
[2025-06-27T00:18:46.147+0000] {logging_mixin.py:188} INFO - [2025-06-27T00:18:46.147+0000] {dagbag.py:672} DEBUG - Calling the DAG.bulk_sync_to_db method
[2025-06-27T00:18:46.181+0000] {logging_mixin.py:188} INFO - [2025-06-27T00:18:46.180+0000] {serialized_dag.py:166} DEBUG - Checking if DAG (example_time_delta_sensor_async) changed
[2025-06-27T00:18:46.190+0000] {logging_mixin.py:188} INFO - [2025-06-27T00:18:46.190+0000] {plugins_manager.py:332} DEBUG - Plugins are already loaded. Skipping.
[2025-06-27T00:18:46.192+0000] {logging_mixin.py:188} INFO - [2025-06-27T00:18:46.192+0000] {plugins_manager.py:410} DEBUG - Initialize custom taskinstance deps plugins
[2025-06-27T00:18:46.206+0000] {logging_mixin.py:188} INFO - [2025-06-27T00:18:46.206+0000] {serialized_dag.py:177} DEBUG - Serialized DAG (example_time_delta_sensor_async) is unchanged. Skipping writing to DB
[2025-06-27T00:18:46.207+0000] {logging_mixin.py:188} INFO - [2025-06-27T00:18:46.207+0000] {dag.py:3096} INFO - Sync 1 DAGs
[2025-06-27T00:18:46.229+0000] {logging_mixin.py:188} INFO - [2025-06-27T00:18:46.229+0000] {dag.py:3954} INFO - Setting next_dagrun for example_time_delta_sensor_async to None, run_after=None
[2025-06-27T00:18:46.266+0000] {processor.py:183} INFO - Processing /home/airflow/.local/lib/python3.10/site-packages/airflow/example_dags/example_time_delta_sensor_async.py took 0.184 seconds
[2025-06-27T00:19:16.367+0000] {logging_mixin.py:188} INFO - [2025-06-27T00:19:16.366+0000] {settings.py:250} DEBUG - Setting up DB connection pool (PID 13204)
[2025-06-27T00:19:16.370+0000] {logging_mixin.py:188} INFO - [2025-06-27T00:19:16.370+0000] {settings.py:330} DEBUG - settings.prepare_engine_args(): Using pool settings. pool_size=5, max_overflow=10, pool_recycle=1800, pid=13204
[2025-06-27T00:19:16.384+0000] {processor.py:161} INFO - Started process (PID=13204) to work on /home/airflow/.local/lib/python3.10/site-packages/airflow/example_dags/example_time_delta_sensor_async.py
[2025-06-27T00:19:16.386+0000] {processor.py:830} INFO - Processing file /home/airflow/.local/lib/python3.10/site-packages/airflow/example_dags/example_time_delta_sensor_async.py for tasks to queue
[2025-06-27T00:19:16.388+0000] {logging_mixin.py:188} INFO - [2025-06-27T00:19:16.387+0000] {dagbag.py:545} INFO - Filling up the DagBag from /home/airflow/.local/lib/python3.10/site-packages/airflow/example_dags/example_time_delta_sensor_async.py
[2025-06-27T00:19:16.391+0000] {logging_mixin.py:188} INFO - [2025-06-27T00:19:16.391+0000] {dagbag.py:337} DEBUG - Importing /home/airflow/.local/lib/python3.10/site-packages/airflow/example_dags/example_time_delta_sensor_async.py
[2025-06-27T00:19:16.405+0000] {logging_mixin.py:188} INFO - [2025-06-27T00:19:16.401+0000] {dagbag.py:511} DEBUG - Loaded DAG <DAG: example_time_delta_sensor_async>
[2025-06-27T00:19:16.407+0000] {processor.py:840} INFO - DAG(s) 'example_time_delta_sensor_async' retrieved from /home/airflow/.local/lib/python3.10/site-packages/airflow/example_dags/example_time_delta_sensor_async.py
[2025-06-27T00:19:16.412+0000] {logging_mixin.py:188} INFO - [2025-06-27T00:19:16.411+0000] {dagbag.py:667} DEBUG - Running dagbag.sync_to_db with retries. Try 1 of 3
[2025-06-27T00:19:16.414+0000] {logging_mixin.py:188} INFO - [2025-06-27T00:19:16.413+0000] {dagbag.py:672} DEBUG - Calling the DAG.bulk_sync_to_db method
[2025-06-27T00:19:16.439+0000] {logging_mixin.py:188} INFO - [2025-06-27T00:19:16.439+0000] {serialized_dag.py:166} DEBUG - Checking if DAG (example_time_delta_sensor_async) changed
[2025-06-27T00:19:16.445+0000] {logging_mixin.py:188} INFO - [2025-06-27T00:19:16.445+0000] {plugins_manager.py:332} DEBUG - Plugins are already loaded. Skipping.
[2025-06-27T00:19:16.446+0000] {logging_mixin.py:188} INFO - [2025-06-27T00:19:16.446+0000] {plugins_manager.py:410} DEBUG - Initialize custom taskinstance deps plugins
[2025-06-27T00:19:16.457+0000] {logging_mixin.py:188} INFO - [2025-06-27T00:19:16.457+0000] {serialized_dag.py:177} DEBUG - Serialized DAG (example_time_delta_sensor_async) is unchanged. Skipping writing to DB
[2025-06-27T00:19:16.458+0000] {logging_mixin.py:188} INFO - [2025-06-27T00:19:16.458+0000] {dag.py:3096} INFO - Sync 1 DAGs
[2025-06-27T00:19:16.479+0000] {logging_mixin.py:188} INFO - [2025-06-27T00:19:16.479+0000] {dag.py:3954} INFO - Setting next_dagrun for example_time_delta_sensor_async to None, run_after=None
[2025-06-27T00:19:16.516+0000] {processor.py:183} INFO - Processing /home/airflow/.local/lib/python3.10/site-packages/airflow/example_dags/example_time_delta_sensor_async.py took 0.151 seconds
[2025-06-27T00:19:46.966+0000] {logging_mixin.py:188} INFO - [2025-06-27T00:19:46.965+0000] {settings.py:250} DEBUG - Setting up DB connection pool (PID 13267)
[2025-06-27T00:19:46.967+0000] {logging_mixin.py:188} INFO - [2025-06-27T00:19:46.967+0000] {settings.py:330} DEBUG - settings.prepare_engine_args(): Using pool settings. pool_size=5, max_overflow=10, pool_recycle=1800, pid=13267
[2025-06-27T00:19:46.977+0000] {processor.py:161} INFO - Started process (PID=13267) to work on /home/airflow/.local/lib/python3.10/site-packages/airflow/example_dags/example_time_delta_sensor_async.py
[2025-06-27T00:19:46.979+0000] {processor.py:830} INFO - Processing file /home/airflow/.local/lib/python3.10/site-packages/airflow/example_dags/example_time_delta_sensor_async.py for tasks to queue
[2025-06-27T00:19:46.980+0000] {logging_mixin.py:188} INFO - [2025-06-27T00:19:46.980+0000] {dagbag.py:545} INFO - Filling up the DagBag from /home/airflow/.local/lib/python3.10/site-packages/airflow/example_dags/example_time_delta_sensor_async.py
[2025-06-27T00:19:46.983+0000] {logging_mixin.py:188} INFO - [2025-06-27T00:19:46.982+0000] {dagbag.py:337} DEBUG - Importing /home/airflow/.local/lib/python3.10/site-packages/airflow/example_dags/example_time_delta_sensor_async.py
[2025-06-27T00:19:46.992+0000] {logging_mixin.py:188} INFO - [2025-06-27T00:19:46.989+0000] {dagbag.py:511} DEBUG - Loaded DAG <DAG: example_time_delta_sensor_async>
[2025-06-27T00:19:46.992+0000] {processor.py:840} INFO - DAG(s) 'example_time_delta_sensor_async' retrieved from /home/airflow/.local/lib/python3.10/site-packages/airflow/example_dags/example_time_delta_sensor_async.py
[2025-06-27T00:19:46.995+0000] {logging_mixin.py:188} INFO - [2025-06-27T00:19:46.994+0000] {dagbag.py:667} DEBUG - Running dagbag.sync_to_db with retries. Try 1 of 3
[2025-06-27T00:19:46.996+0000] {logging_mixin.py:188} INFO - [2025-06-27T00:19:46.995+0000] {dagbag.py:672} DEBUG - Calling the DAG.bulk_sync_to_db method
[2025-06-27T00:19:47.021+0000] {logging_mixin.py:188} INFO - [2025-06-27T00:19:47.020+0000] {serialized_dag.py:166} DEBUG - Checking if DAG (example_time_delta_sensor_async) changed
[2025-06-27T00:19:47.028+0000] {logging_mixin.py:188} INFO - [2025-06-27T00:19:47.027+0000] {plugins_manager.py:332} DEBUG - Plugins are already loaded. Skipping.
[2025-06-27T00:19:47.029+0000] {logging_mixin.py:188} INFO - [2025-06-27T00:19:47.029+0000] {plugins_manager.py:410} DEBUG - Initialize custom taskinstance deps plugins
[2025-06-27T00:19:47.041+0000] {logging_mixin.py:188} INFO - [2025-06-27T00:19:47.041+0000] {serialized_dag.py:177} DEBUG - Serialized DAG (example_time_delta_sensor_async) is unchanged. Skipping writing to DB
[2025-06-27T00:19:47.042+0000] {logging_mixin.py:188} INFO - [2025-06-27T00:19:47.042+0000] {dag.py:3096} INFO - Sync 1 DAGs
[2025-06-27T00:19:47.062+0000] {logging_mixin.py:188} INFO - [2025-06-27T00:19:47.062+0000] {dag.py:3954} INFO - Setting next_dagrun for example_time_delta_sensor_async to None, run_after=None
[2025-06-27T00:19:47.091+0000] {processor.py:183} INFO - Processing /home/airflow/.local/lib/python3.10/site-packages/airflow/example_dags/example_time_delta_sensor_async.py took 0.126 seconds
[2025-06-27T00:20:17.674+0000] {logging_mixin.py:188} INFO - [2025-06-27T00:20:17.673+0000] {settings.py:250} DEBUG - Setting up DB connection pool (PID 13330)
[2025-06-27T00:20:17.676+0000] {logging_mixin.py:188} INFO - [2025-06-27T00:20:17.675+0000] {settings.py:330} DEBUG - settings.prepare_engine_args(): Using pool settings. pool_size=5, max_overflow=10, pool_recycle=1800, pid=13330
[2025-06-27T00:20:17.688+0000] {processor.py:161} INFO - Started process (PID=13330) to work on /home/airflow/.local/lib/python3.10/site-packages/airflow/example_dags/example_time_delta_sensor_async.py
[2025-06-27T00:20:17.689+0000] {processor.py:830} INFO - Processing file /home/airflow/.local/lib/python3.10/site-packages/airflow/example_dags/example_time_delta_sensor_async.py for tasks to queue
[2025-06-27T00:20:17.691+0000] {logging_mixin.py:188} INFO - [2025-06-27T00:20:17.690+0000] {dagbag.py:545} INFO - Filling up the DagBag from /home/airflow/.local/lib/python3.10/site-packages/airflow/example_dags/example_time_delta_sensor_async.py
[2025-06-27T00:20:17.694+0000] {logging_mixin.py:188} INFO - [2025-06-27T00:20:17.693+0000] {dagbag.py:337} DEBUG - Importing /home/airflow/.local/lib/python3.10/site-packages/airflow/example_dags/example_time_delta_sensor_async.py
[2025-06-27T00:20:17.703+0000] {logging_mixin.py:188} INFO - [2025-06-27T00:20:17.701+0000] {dagbag.py:511} DEBUG - Loaded DAG <DAG: example_time_delta_sensor_async>
[2025-06-27T00:20:17.704+0000] {processor.py:840} INFO - DAG(s) 'example_time_delta_sensor_async' retrieved from /home/airflow/.local/lib/python3.10/site-packages/airflow/example_dags/example_time_delta_sensor_async.py
[2025-06-27T00:20:17.707+0000] {logging_mixin.py:188} INFO - [2025-06-27T00:20:17.707+0000] {dagbag.py:667} DEBUG - Running dagbag.sync_to_db with retries. Try 1 of 3
[2025-06-27T00:20:17.709+0000] {logging_mixin.py:188} INFO - [2025-06-27T00:20:17.709+0000] {dagbag.py:672} DEBUG - Calling the DAG.bulk_sync_to_db method
[2025-06-27T00:20:17.731+0000] {logging_mixin.py:188} INFO - [2025-06-27T00:20:17.731+0000] {serialized_dag.py:166} DEBUG - Checking if DAG (example_time_delta_sensor_async) changed
[2025-06-27T00:20:17.737+0000] {logging_mixin.py:188} INFO - [2025-06-27T00:20:17.737+0000] {plugins_manager.py:332} DEBUG - Plugins are already loaded. Skipping.
[2025-06-27T00:20:17.738+0000] {logging_mixin.py:188} INFO - [2025-06-27T00:20:17.738+0000] {plugins_manager.py:410} DEBUG - Initialize custom taskinstance deps plugins
[2025-06-27T00:20:17.750+0000] {logging_mixin.py:188} INFO - [2025-06-27T00:20:17.749+0000] {serialized_dag.py:177} DEBUG - Serialized DAG (example_time_delta_sensor_async) is unchanged. Skipping writing to DB
[2025-06-27T00:20:17.750+0000] {logging_mixin.py:188} INFO - [2025-06-27T00:20:17.750+0000] {dag.py:3096} INFO - Sync 1 DAGs
[2025-06-27T00:20:17.771+0000] {logging_mixin.py:188} INFO - [2025-06-27T00:20:17.771+0000] {dag.py:3954} INFO - Setting next_dagrun for example_time_delta_sensor_async to None, run_after=None
[2025-06-27T00:20:17.800+0000] {processor.py:183} INFO - Processing /home/airflow/.local/lib/python3.10/site-packages/airflow/example_dags/example_time_delta_sensor_async.py took 0.128 seconds
[2025-06-27T00:20:48.007+0000] {logging_mixin.py:188} INFO - [2025-06-27T00:20:48.006+0000] {settings.py:250} DEBUG - Setting up DB connection pool (PID 13392)
[2025-06-27T00:20:48.009+0000] {logging_mixin.py:188} INFO - [2025-06-27T00:20:48.009+0000] {settings.py:330} DEBUG - settings.prepare_engine_args(): Using pool settings. pool_size=5, max_overflow=10, pool_recycle=1800, pid=13392
[2025-06-27T00:20:48.021+0000] {processor.py:161} INFO - Started process (PID=13392) to work on /home/airflow/.local/lib/python3.10/site-packages/airflow/example_dags/example_time_delta_sensor_async.py
[2025-06-27T00:20:48.023+0000] {processor.py:830} INFO - Processing file /home/airflow/.local/lib/python3.10/site-packages/airflow/example_dags/example_time_delta_sensor_async.py for tasks to queue
[2025-06-27T00:20:48.025+0000] {logging_mixin.py:188} INFO - [2025-06-27T00:20:48.025+0000] {dagbag.py:545} INFO - Filling up the DagBag from /home/airflow/.local/lib/python3.10/site-packages/airflow/example_dags/example_time_delta_sensor_async.py
[2025-06-27T00:20:48.028+0000] {logging_mixin.py:188} INFO - [2025-06-27T00:20:48.027+0000] {dagbag.py:337} DEBUG - Importing /home/airflow/.local/lib/python3.10/site-packages/airflow/example_dags/example_time_delta_sensor_async.py
[2025-06-27T00:20:48.038+0000] {logging_mixin.py:188} INFO - [2025-06-27T00:20:48.035+0000] {dagbag.py:511} DEBUG - Loaded DAG <DAG: example_time_delta_sensor_async>
[2025-06-27T00:20:48.039+0000] {processor.py:840} INFO - DAG(s) 'example_time_delta_sensor_async' retrieved from /home/airflow/.local/lib/python3.10/site-packages/airflow/example_dags/example_time_delta_sensor_async.py
[2025-06-27T00:20:48.041+0000] {logging_mixin.py:188} INFO - [2025-06-27T00:20:48.041+0000] {dagbag.py:667} DEBUG - Running dagbag.sync_to_db with retries. Try 1 of 3
[2025-06-27T00:20:48.042+0000] {logging_mixin.py:188} INFO - [2025-06-27T00:20:48.042+0000] {dagbag.py:672} DEBUG - Calling the DAG.bulk_sync_to_db method
[2025-06-27T00:20:48.063+0000] {logging_mixin.py:188} INFO - [2025-06-27T00:20:48.063+0000] {serialized_dag.py:166} DEBUG - Checking if DAG (example_time_delta_sensor_async) changed
[2025-06-27T00:20:48.068+0000] {logging_mixin.py:188} INFO - [2025-06-27T00:20:48.068+0000] {plugins_manager.py:332} DEBUG - Plugins are already loaded. Skipping.
[2025-06-27T00:20:48.070+0000] {logging_mixin.py:188} INFO - [2025-06-27T00:20:48.070+0000] {plugins_manager.py:410} DEBUG - Initialize custom taskinstance deps plugins
[2025-06-27T00:20:48.079+0000] {logging_mixin.py:188} INFO - [2025-06-27T00:20:48.079+0000] {serialized_dag.py:177} DEBUG - Serialized DAG (example_time_delta_sensor_async) is unchanged. Skipping writing to DB
[2025-06-27T00:20:48.081+0000] {logging_mixin.py:188} INFO - [2025-06-27T00:20:48.080+0000] {dag.py:3096} INFO - Sync 1 DAGs
[2025-06-27T00:20:48.098+0000] {logging_mixin.py:188} INFO - [2025-06-27T00:20:48.098+0000] {dag.py:3954} INFO - Setting next_dagrun for example_time_delta_sensor_async to None, run_after=None
[2025-06-27T00:20:48.129+0000] {processor.py:183} INFO - Processing /home/airflow/.local/lib/python3.10/site-packages/airflow/example_dags/example_time_delta_sensor_async.py took 0.123 seconds
[2025-06-27T00:21:18.700+0000] {logging_mixin.py:188} INFO - [2025-06-27T00:21:18.698+0000] {settings.py:250} DEBUG - Setting up DB connection pool (PID 13455)
[2025-06-27T00:21:18.702+0000] {logging_mixin.py:188} INFO - [2025-06-27T00:21:18.702+0000] {settings.py:330} DEBUG - settings.prepare_engine_args(): Using pool settings. pool_size=5, max_overflow=10, pool_recycle=1800, pid=13455
[2025-06-27T00:21:18.712+0000] {processor.py:161} INFO - Started process (PID=13455) to work on /home/airflow/.local/lib/python3.10/site-packages/airflow/example_dags/example_time_delta_sensor_async.py
[2025-06-27T00:21:18.713+0000] {processor.py:830} INFO - Processing file /home/airflow/.local/lib/python3.10/site-packages/airflow/example_dags/example_time_delta_sensor_async.py for tasks to queue
[2025-06-27T00:21:18.715+0000] {logging_mixin.py:188} INFO - [2025-06-27T00:21:18.714+0000] {dagbag.py:545} INFO - Filling up the DagBag from /home/airflow/.local/lib/python3.10/site-packages/airflow/example_dags/example_time_delta_sensor_async.py
[2025-06-27T00:21:18.717+0000] {logging_mixin.py:188} INFO - [2025-06-27T00:21:18.717+0000] {dagbag.py:337} DEBUG - Importing /home/airflow/.local/lib/python3.10/site-packages/airflow/example_dags/example_time_delta_sensor_async.py
[2025-06-27T00:21:18.727+0000] {logging_mixin.py:188} INFO - [2025-06-27T00:21:18.724+0000] {dagbag.py:511} DEBUG - Loaded DAG <DAG: example_time_delta_sensor_async>
[2025-06-27T00:21:18.728+0000] {processor.py:840} INFO - DAG(s) 'example_time_delta_sensor_async' retrieved from /home/airflow/.local/lib/python3.10/site-packages/airflow/example_dags/example_time_delta_sensor_async.py
[2025-06-27T00:21:18.730+0000] {logging_mixin.py:188} INFO - [2025-06-27T00:21:18.730+0000] {dagbag.py:667} DEBUG - Running dagbag.sync_to_db with retries. Try 1 of 3
[2025-06-27T00:21:18.731+0000] {logging_mixin.py:188} INFO - [2025-06-27T00:21:18.731+0000] {dagbag.py:672} DEBUG - Calling the DAG.bulk_sync_to_db method
[2025-06-27T00:21:18.752+0000] {logging_mixin.py:188} INFO - [2025-06-27T00:21:18.752+0000] {serialized_dag.py:166} DEBUG - Checking if DAG (example_time_delta_sensor_async) changed
[2025-06-27T00:21:18.757+0000] {logging_mixin.py:188} INFO - [2025-06-27T00:21:18.757+0000] {plugins_manager.py:332} DEBUG - Plugins are already loaded. Skipping.
[2025-06-27T00:21:18.758+0000] {logging_mixin.py:188} INFO - [2025-06-27T00:21:18.758+0000] {plugins_manager.py:410} DEBUG - Initialize custom taskinstance deps plugins
[2025-06-27T00:21:18.770+0000] {logging_mixin.py:188} INFO - [2025-06-27T00:21:18.770+0000] {serialized_dag.py:177} DEBUG - Serialized DAG (example_time_delta_sensor_async) is unchanged. Skipping writing to DB
[2025-06-27T00:21:18.771+0000] {logging_mixin.py:188} INFO - [2025-06-27T00:21:18.771+0000] {dag.py:3096} INFO - Sync 1 DAGs
[2025-06-27T00:21:18.792+0000] {logging_mixin.py:188} INFO - [2025-06-27T00:21:18.792+0000] {dag.py:3954} INFO - Setting next_dagrun for example_time_delta_sensor_async to None, run_after=None
[2025-06-27T00:21:18.826+0000] {processor.py:183} INFO - Processing /home/airflow/.local/lib/python3.10/site-packages/airflow/example_dags/example_time_delta_sensor_async.py took 0.128 seconds
[2025-06-27T00:21:49.701+0000] {logging_mixin.py:188} INFO - [2025-06-27T00:21:49.700+0000] {settings.py:250} DEBUG - Setting up DB connection pool (PID 13518)
[2025-06-27T00:21:49.703+0000] {logging_mixin.py:188} INFO - [2025-06-27T00:21:49.703+0000] {settings.py:330} DEBUG - settings.prepare_engine_args(): Using pool settings. pool_size=5, max_overflow=10, pool_recycle=1800, pid=13518
[2025-06-27T00:21:49.716+0000] {processor.py:161} INFO - Started process (PID=13518) to work on /home/airflow/.local/lib/python3.10/site-packages/airflow/example_dags/example_time_delta_sensor_async.py
[2025-06-27T00:21:49.718+0000] {processor.py:830} INFO - Processing file /home/airflow/.local/lib/python3.10/site-packages/airflow/example_dags/example_time_delta_sensor_async.py for tasks to queue
[2025-06-27T00:21:49.720+0000] {logging_mixin.py:188} INFO - [2025-06-27T00:21:49.720+0000] {dagbag.py:545} INFO - Filling up the DagBag from /home/airflow/.local/lib/python3.10/site-packages/airflow/example_dags/example_time_delta_sensor_async.py
[2025-06-27T00:21:49.723+0000] {logging_mixin.py:188} INFO - [2025-06-27T00:21:49.723+0000] {dagbag.py:337} DEBUG - Importing /home/airflow/.local/lib/python3.10/site-packages/airflow/example_dags/example_time_delta_sensor_async.py
[2025-06-27T00:21:49.735+0000] {logging_mixin.py:188} INFO - [2025-06-27T00:21:49.732+0000] {dagbag.py:511} DEBUG - Loaded DAG <DAG: example_time_delta_sensor_async>
[2025-06-27T00:21:49.737+0000] {processor.py:840} INFO - DAG(s) 'example_time_delta_sensor_async' retrieved from /home/airflow/.local/lib/python3.10/site-packages/airflow/example_dags/example_time_delta_sensor_async.py
[2025-06-27T00:21:49.739+0000] {logging_mixin.py:188} INFO - [2025-06-27T00:21:49.739+0000] {dagbag.py:667} DEBUG - Running dagbag.sync_to_db with retries. Try 1 of 3
[2025-06-27T00:21:49.742+0000] {logging_mixin.py:188} INFO - [2025-06-27T00:21:49.740+0000] {dagbag.py:672} DEBUG - Calling the DAG.bulk_sync_to_db method
[2025-06-27T00:21:49.766+0000] {logging_mixin.py:188} INFO - [2025-06-27T00:21:49.765+0000] {serialized_dag.py:166} DEBUG - Checking if DAG (example_time_delta_sensor_async) changed
[2025-06-27T00:21:49.771+0000] {logging_mixin.py:188} INFO - [2025-06-27T00:21:49.771+0000] {plugins_manager.py:332} DEBUG - Plugins are already loaded. Skipping.
[2025-06-27T00:21:49.772+0000] {logging_mixin.py:188} INFO - [2025-06-27T00:21:49.772+0000] {plugins_manager.py:410} DEBUG - Initialize custom taskinstance deps plugins
[2025-06-27T00:21:49.782+0000] {logging_mixin.py:188} INFO - [2025-06-27T00:21:49.782+0000] {serialized_dag.py:177} DEBUG - Serialized DAG (example_time_delta_sensor_async) is unchanged. Skipping writing to DB
[2025-06-27T00:21:49.783+0000] {logging_mixin.py:188} INFO - [2025-06-27T00:21:49.783+0000] {dag.py:3096} INFO - Sync 1 DAGs
[2025-06-27T00:21:49.811+0000] {logging_mixin.py:188} INFO - [2025-06-27T00:21:49.811+0000] {dag.py:3954} INFO - Setting next_dagrun for example_time_delta_sensor_async to None, run_after=None
[2025-06-27T00:21:49.849+0000] {processor.py:183} INFO - Processing /home/airflow/.local/lib/python3.10/site-packages/airflow/example_dags/example_time_delta_sensor_async.py took 0.150 seconds
[2025-06-27T00:22:20.785+0000] {logging_mixin.py:188} INFO - [2025-06-27T00:22:20.784+0000] {settings.py:250} DEBUG - Setting up DB connection pool (PID 13581)
[2025-06-27T00:22:20.788+0000] {logging_mixin.py:188} INFO - [2025-06-27T00:22:20.788+0000] {settings.py:330} DEBUG - settings.prepare_engine_args(): Using pool settings. pool_size=5, max_overflow=10, pool_recycle=1800, pid=13581
[2025-06-27T00:22:20.799+0000] {processor.py:161} INFO - Started process (PID=13581) to work on /home/airflow/.local/lib/python3.10/site-packages/airflow/example_dags/example_time_delta_sensor_async.py
[2025-06-27T00:22:20.800+0000] {processor.py:830} INFO - Processing file /home/airflow/.local/lib/python3.10/site-packages/airflow/example_dags/example_time_delta_sensor_async.py for tasks to queue
[2025-06-27T00:22:20.802+0000] {logging_mixin.py:188} INFO - [2025-06-27T00:22:20.801+0000] {dagbag.py:545} INFO - Filling up the DagBag from /home/airflow/.local/lib/python3.10/site-packages/airflow/example_dags/example_time_delta_sensor_async.py
[2025-06-27T00:22:20.804+0000] {logging_mixin.py:188} INFO - [2025-06-27T00:22:20.804+0000] {dagbag.py:337} DEBUG - Importing /home/airflow/.local/lib/python3.10/site-packages/airflow/example_dags/example_time_delta_sensor_async.py
[2025-06-27T00:22:20.815+0000] {logging_mixin.py:188} INFO - [2025-06-27T00:22:20.812+0000] {dagbag.py:511} DEBUG - Loaded DAG <DAG: example_time_delta_sensor_async>
[2025-06-27T00:22:20.816+0000] {processor.py:840} INFO - DAG(s) 'example_time_delta_sensor_async' retrieved from /home/airflow/.local/lib/python3.10/site-packages/airflow/example_dags/example_time_delta_sensor_async.py
[2025-06-27T00:22:20.818+0000] {logging_mixin.py:188} INFO - [2025-06-27T00:22:20.818+0000] {dagbag.py:667} DEBUG - Running dagbag.sync_to_db with retries. Try 1 of 3
[2025-06-27T00:22:20.819+0000] {logging_mixin.py:188} INFO - [2025-06-27T00:22:20.818+0000] {dagbag.py:672} DEBUG - Calling the DAG.bulk_sync_to_db method
[2025-06-27T00:22:20.846+0000] {logging_mixin.py:188} INFO - [2025-06-27T00:22:20.845+0000] {serialized_dag.py:166} DEBUG - Checking if DAG (example_time_delta_sensor_async) changed
[2025-06-27T00:22:20.852+0000] {logging_mixin.py:188} INFO - [2025-06-27T00:22:20.852+0000] {plugins_manager.py:332} DEBUG - Plugins are already loaded. Skipping.
[2025-06-27T00:22:20.854+0000] {logging_mixin.py:188} INFO - [2025-06-27T00:22:20.853+0000] {plugins_manager.py:410} DEBUG - Initialize custom taskinstance deps plugins
[2025-06-27T00:22:20.866+0000] {logging_mixin.py:188} INFO - [2025-06-27T00:22:20.866+0000] {serialized_dag.py:177} DEBUG - Serialized DAG (example_time_delta_sensor_async) is unchanged. Skipping writing to DB
[2025-06-27T00:22:20.868+0000] {logging_mixin.py:188} INFO - [2025-06-27T00:22:20.867+0000] {dag.py:3096} INFO - Sync 1 DAGs
[2025-06-27T00:22:20.889+0000] {logging_mixin.py:188} INFO - [2025-06-27T00:22:20.888+0000] {dag.py:3954} INFO - Setting next_dagrun for example_time_delta_sensor_async to None, run_after=None
[2025-06-27T00:22:20.923+0000] {processor.py:183} INFO - Processing /home/airflow/.local/lib/python3.10/site-packages/airflow/example_dags/example_time_delta_sensor_async.py took 0.139 seconds
[2025-06-27T00:22:51.379+0000] {logging_mixin.py:188} INFO - [2025-06-27T00:22:51.378+0000] {settings.py:250} DEBUG - Setting up DB connection pool (PID 13644)
[2025-06-27T00:22:51.381+0000] {logging_mixin.py:188} INFO - [2025-06-27T00:22:51.381+0000] {settings.py:330} DEBUG - settings.prepare_engine_args(): Using pool settings. pool_size=5, max_overflow=10, pool_recycle=1800, pid=13644
[2025-06-27T00:22:51.394+0000] {processor.py:161} INFO - Started process (PID=13644) to work on /home/airflow/.local/lib/python3.10/site-packages/airflow/example_dags/example_time_delta_sensor_async.py
[2025-06-27T00:22:51.395+0000] {processor.py:830} INFO - Processing file /home/airflow/.local/lib/python3.10/site-packages/airflow/example_dags/example_time_delta_sensor_async.py for tasks to queue
[2025-06-27T00:22:51.397+0000] {logging_mixin.py:188} INFO - [2025-06-27T00:22:51.396+0000] {dagbag.py:545} INFO - Filling up the DagBag from /home/airflow/.local/lib/python3.10/site-packages/airflow/example_dags/example_time_delta_sensor_async.py
[2025-06-27T00:22:51.400+0000] {logging_mixin.py:188} INFO - [2025-06-27T00:22:51.399+0000] {dagbag.py:337} DEBUG - Importing /home/airflow/.local/lib/python3.10/site-packages/airflow/example_dags/example_time_delta_sensor_async.py
[2025-06-27T00:22:51.411+0000] {logging_mixin.py:188} INFO - [2025-06-27T00:22:51.408+0000] {dagbag.py:511} DEBUG - Loaded DAG <DAG: example_time_delta_sensor_async>
[2025-06-27T00:22:51.413+0000] {processor.py:840} INFO - DAG(s) 'example_time_delta_sensor_async' retrieved from /home/airflow/.local/lib/python3.10/site-packages/airflow/example_dags/example_time_delta_sensor_async.py
[2025-06-27T00:22:51.415+0000] {logging_mixin.py:188} INFO - [2025-06-27T00:22:51.415+0000] {dagbag.py:667} DEBUG - Running dagbag.sync_to_db with retries. Try 1 of 3
[2025-06-27T00:22:51.416+0000] {logging_mixin.py:188} INFO - [2025-06-27T00:22:51.416+0000] {dagbag.py:672} DEBUG - Calling the DAG.bulk_sync_to_db method
[2025-06-27T00:22:51.440+0000] {logging_mixin.py:188} INFO - [2025-06-27T00:22:51.440+0000] {serialized_dag.py:166} DEBUG - Checking if DAG (example_time_delta_sensor_async) changed
[2025-06-27T00:22:51.446+0000] {logging_mixin.py:188} INFO - [2025-06-27T00:22:51.445+0000] {plugins_manager.py:332} DEBUG - Plugins are already loaded. Skipping.
[2025-06-27T00:22:51.447+0000] {logging_mixin.py:188} INFO - [2025-06-27T00:22:51.447+0000] {plugins_manager.py:410} DEBUG - Initialize custom taskinstance deps plugins
[2025-06-27T00:22:51.456+0000] {logging_mixin.py:188} INFO - [2025-06-27T00:22:51.456+0000] {serialized_dag.py:177} DEBUG - Serialized DAG (example_time_delta_sensor_async) is unchanged. Skipping writing to DB
[2025-06-27T00:22:51.458+0000] {logging_mixin.py:188} INFO - [2025-06-27T00:22:51.458+0000] {dag.py:3096} INFO - Sync 1 DAGs
[2025-06-27T00:22:51.478+0000] {logging_mixin.py:188} INFO - [2025-06-27T00:22:51.477+0000] {dag.py:3954} INFO - Setting next_dagrun for example_time_delta_sensor_async to None, run_after=None
[2025-06-27T00:22:51.508+0000] {processor.py:183} INFO - Processing /home/airflow/.local/lib/python3.10/site-packages/airflow/example_dags/example_time_delta_sensor_async.py took 0.131 seconds
[2025-06-27T00:23:21.921+0000] {logging_mixin.py:188} INFO - [2025-06-27T00:23:21.920+0000] {settings.py:250} DEBUG - Setting up DB connection pool (PID 13705)
[2025-06-27T00:23:21.923+0000] {logging_mixin.py:188} INFO - [2025-06-27T00:23:21.922+0000] {settings.py:330} DEBUG - settings.prepare_engine_args(): Using pool settings. pool_size=5, max_overflow=10, pool_recycle=1800, pid=13705
[2025-06-27T00:23:21.934+0000] {processor.py:161} INFO - Started process (PID=13705) to work on /home/airflow/.local/lib/python3.10/site-packages/airflow/example_dags/example_time_delta_sensor_async.py
[2025-06-27T00:23:21.936+0000] {processor.py:830} INFO - Processing file /home/airflow/.local/lib/python3.10/site-packages/airflow/example_dags/example_time_delta_sensor_async.py for tasks to queue
[2025-06-27T00:23:21.937+0000] {logging_mixin.py:188} INFO - [2025-06-27T00:23:21.937+0000] {dagbag.py:545} INFO - Filling up the DagBag from /home/airflow/.local/lib/python3.10/site-packages/airflow/example_dags/example_time_delta_sensor_async.py
[2025-06-27T00:23:21.939+0000] {logging_mixin.py:188} INFO - [2025-06-27T00:23:21.939+0000] {dagbag.py:337} DEBUG - Importing /home/airflow/.local/lib/python3.10/site-packages/airflow/example_dags/example_time_delta_sensor_async.py
[2025-06-27T00:23:21.948+0000] {logging_mixin.py:188} INFO - [2025-06-27T00:23:21.945+0000] {dagbag.py:511} DEBUG - Loaded DAG <DAG: example_time_delta_sensor_async>
[2025-06-27T00:23:21.948+0000] {processor.py:840} INFO - DAG(s) 'example_time_delta_sensor_async' retrieved from /home/airflow/.local/lib/python3.10/site-packages/airflow/example_dags/example_time_delta_sensor_async.py
[2025-06-27T00:23:21.951+0000] {logging_mixin.py:188} INFO - [2025-06-27T00:23:21.951+0000] {dagbag.py:667} DEBUG - Running dagbag.sync_to_db with retries. Try 1 of 3
[2025-06-27T00:23:21.951+0000] {logging_mixin.py:188} INFO - [2025-06-27T00:23:21.951+0000] {dagbag.py:672} DEBUG - Calling the DAG.bulk_sync_to_db method
[2025-06-27T00:23:21.971+0000] {logging_mixin.py:188} INFO - [2025-06-27T00:23:21.971+0000] {serialized_dag.py:166} DEBUG - Checking if DAG (example_time_delta_sensor_async) changed
[2025-06-27T00:23:21.977+0000] {logging_mixin.py:188} INFO - [2025-06-27T00:23:21.977+0000] {plugins_manager.py:332} DEBUG - Plugins are already loaded. Skipping.
[2025-06-27T00:23:21.978+0000] {logging_mixin.py:188} INFO - [2025-06-27T00:23:21.978+0000] {plugins_manager.py:410} DEBUG - Initialize custom taskinstance deps plugins
[2025-06-27T00:23:21.987+0000] {logging_mixin.py:188} INFO - [2025-06-27T00:23:21.986+0000] {serialized_dag.py:177} DEBUG - Serialized DAG (example_time_delta_sensor_async) is unchanged. Skipping writing to DB
[2025-06-27T00:23:21.988+0000] {logging_mixin.py:188} INFO - [2025-06-27T00:23:21.987+0000] {dag.py:3096} INFO - Sync 1 DAGs
[2025-06-27T00:23:22.007+0000] {logging_mixin.py:188} INFO - [2025-06-27T00:23:22.006+0000] {dag.py:3954} INFO - Setting next_dagrun for example_time_delta_sensor_async to None, run_after=None
[2025-06-27T00:23:22.039+0000] {processor.py:183} INFO - Processing /home/airflow/.local/lib/python3.10/site-packages/airflow/example_dags/example_time_delta_sensor_async.py took 0.119 seconds
[2025-06-27T00:23:52.408+0000] {logging_mixin.py:188} INFO - [2025-06-27T00:23:52.407+0000] {settings.py:250} DEBUG - Setting up DB connection pool (PID 13768)
[2025-06-27T00:23:52.410+0000] {logging_mixin.py:188} INFO - [2025-06-27T00:23:52.409+0000] {settings.py:330} DEBUG - settings.prepare_engine_args(): Using pool settings. pool_size=5, max_overflow=10, pool_recycle=1800, pid=13768
[2025-06-27T00:23:52.420+0000] {processor.py:161} INFO - Started process (PID=13768) to work on /home/airflow/.local/lib/python3.10/site-packages/airflow/example_dags/example_time_delta_sensor_async.py
[2025-06-27T00:23:52.421+0000] {processor.py:830} INFO - Processing file /home/airflow/.local/lib/python3.10/site-packages/airflow/example_dags/example_time_delta_sensor_async.py for tasks to queue
[2025-06-27T00:23:52.423+0000] {logging_mixin.py:188} INFO - [2025-06-27T00:23:52.422+0000] {dagbag.py:545} INFO - Filling up the DagBag from /home/airflow/.local/lib/python3.10/site-packages/airflow/example_dags/example_time_delta_sensor_async.py
[2025-06-27T00:23:52.425+0000] {logging_mixin.py:188} INFO - [2025-06-27T00:23:52.425+0000] {dagbag.py:337} DEBUG - Importing /home/airflow/.local/lib/python3.10/site-packages/airflow/example_dags/example_time_delta_sensor_async.py
[2025-06-27T00:23:52.434+0000] {logging_mixin.py:188} INFO - [2025-06-27T00:23:52.432+0000] {dagbag.py:511} DEBUG - Loaded DAG <DAG: example_time_delta_sensor_async>
[2025-06-27T00:23:52.435+0000] {processor.py:840} INFO - DAG(s) 'example_time_delta_sensor_async' retrieved from /home/airflow/.local/lib/python3.10/site-packages/airflow/example_dags/example_time_delta_sensor_async.py
[2025-06-27T00:23:52.438+0000] {logging_mixin.py:188} INFO - [2025-06-27T00:23:52.438+0000] {dagbag.py:667} DEBUG - Running dagbag.sync_to_db with retries. Try 1 of 3
[2025-06-27T00:23:52.439+0000] {logging_mixin.py:188} INFO - [2025-06-27T00:23:52.439+0000] {dagbag.py:672} DEBUG - Calling the DAG.bulk_sync_to_db method
[2025-06-27T00:23:52.461+0000] {logging_mixin.py:188} INFO - [2025-06-27T00:23:52.461+0000] {serialized_dag.py:166} DEBUG - Checking if DAG (example_time_delta_sensor_async) changed
[2025-06-27T00:23:52.468+0000] {logging_mixin.py:188} INFO - [2025-06-27T00:23:52.467+0000] {plugins_manager.py:332} DEBUG - Plugins are already loaded. Skipping.
[2025-06-27T00:23:52.469+0000] {logging_mixin.py:188} INFO - [2025-06-27T00:23:52.468+0000] {plugins_manager.py:410} DEBUG - Initialize custom taskinstance deps plugins
[2025-06-27T00:23:52.479+0000] {logging_mixin.py:188} INFO - [2025-06-27T00:23:52.478+0000] {serialized_dag.py:177} DEBUG - Serialized DAG (example_time_delta_sensor_async) is unchanged. Skipping writing to DB
[2025-06-27T00:23:52.481+0000] {logging_mixin.py:188} INFO - [2025-06-27T00:23:52.480+0000] {dag.py:3096} INFO - Sync 1 DAGs
[2025-06-27T00:23:52.502+0000] {logging_mixin.py:188} INFO - [2025-06-27T00:23:52.502+0000] {dag.py:3954} INFO - Setting next_dagrun for example_time_delta_sensor_async to None, run_after=None
[2025-06-27T00:23:52.539+0000] {processor.py:183} INFO - Processing /home/airflow/.local/lib/python3.10/site-packages/airflow/example_dags/example_time_delta_sensor_async.py took 0.132 seconds
[2025-06-27T00:24:22.975+0000] {logging_mixin.py:188} INFO - [2025-06-27T00:24:22.973+0000] {settings.py:250} DEBUG - Setting up DB connection pool (PID 13831)
[2025-06-27T00:24:22.977+0000] {logging_mixin.py:188} INFO - [2025-06-27T00:24:22.977+0000] {settings.py:330} DEBUG - settings.prepare_engine_args(): Using pool settings. pool_size=5, max_overflow=10, pool_recycle=1800, pid=13831
[2025-06-27T00:24:22.991+0000] {processor.py:161} INFO - Started process (PID=13831) to work on /home/airflow/.local/lib/python3.10/site-packages/airflow/example_dags/example_time_delta_sensor_async.py
[2025-06-27T00:24:22.992+0000] {processor.py:830} INFO - Processing file /home/airflow/.local/lib/python3.10/site-packages/airflow/example_dags/example_time_delta_sensor_async.py for tasks to queue
[2025-06-27T00:24:22.994+0000] {logging_mixin.py:188} INFO - [2025-06-27T00:24:22.993+0000] {dagbag.py:545} INFO - Filling up the DagBag from /home/airflow/.local/lib/python3.10/site-packages/airflow/example_dags/example_time_delta_sensor_async.py
[2025-06-27T00:24:22.997+0000] {logging_mixin.py:188} INFO - [2025-06-27T00:24:22.996+0000] {dagbag.py:337} DEBUG - Importing /home/airflow/.local/lib/python3.10/site-packages/airflow/example_dags/example_time_delta_sensor_async.py
[2025-06-27T00:24:23.007+0000] {logging_mixin.py:188} INFO - [2025-06-27T00:24:23.005+0000] {dagbag.py:511} DEBUG - Loaded DAG <DAG: example_time_delta_sensor_async>
[2025-06-27T00:24:23.009+0000] {processor.py:840} INFO - DAG(s) 'example_time_delta_sensor_async' retrieved from /home/airflow/.local/lib/python3.10/site-packages/airflow/example_dags/example_time_delta_sensor_async.py
[2025-06-27T00:24:23.012+0000] {logging_mixin.py:188} INFO - [2025-06-27T00:24:23.012+0000] {dagbag.py:667} DEBUG - Running dagbag.sync_to_db with retries. Try 1 of 3
[2025-06-27T00:24:23.014+0000] {logging_mixin.py:188} INFO - [2025-06-27T00:24:23.013+0000] {dagbag.py:672} DEBUG - Calling the DAG.bulk_sync_to_db method
[2025-06-27T00:24:23.043+0000] {logging_mixin.py:188} INFO - [2025-06-27T00:24:23.042+0000] {serialized_dag.py:166} DEBUG - Checking if DAG (example_time_delta_sensor_async) changed
[2025-06-27T00:24:23.049+0000] {logging_mixin.py:188} INFO - [2025-06-27T00:24:23.049+0000] {plugins_manager.py:332} DEBUG - Plugins are already loaded. Skipping.
[2025-06-27T00:24:23.051+0000] {logging_mixin.py:188} INFO - [2025-06-27T00:24:23.050+0000] {plugins_manager.py:410} DEBUG - Initialize custom taskinstance deps plugins
[2025-06-27T00:24:23.061+0000] {logging_mixin.py:188} INFO - [2025-06-27T00:24:23.060+0000] {serialized_dag.py:177} DEBUG - Serialized DAG (example_time_delta_sensor_async) is unchanged. Skipping writing to DB
[2025-06-27T00:24:23.062+0000] {logging_mixin.py:188} INFO - [2025-06-27T00:24:23.062+0000] {dag.py:3096} INFO - Sync 1 DAGs
[2025-06-27T00:24:23.086+0000] {logging_mixin.py:188} INFO - [2025-06-27T00:24:23.085+0000] {dag.py:3954} INFO - Setting next_dagrun for example_time_delta_sensor_async to None, run_after=None
[2025-06-27T00:24:23.129+0000] {processor.py:183} INFO - Processing /home/airflow/.local/lib/python3.10/site-packages/airflow/example_dags/example_time_delta_sensor_async.py took 0.156 seconds
[2025-06-27T00:24:53.639+0000] {logging_mixin.py:188} INFO - [2025-06-27T00:24:53.637+0000] {settings.py:250} DEBUG - Setting up DB connection pool (PID 13894)
[2025-06-27T00:24:53.641+0000] {logging_mixin.py:188} INFO - [2025-06-27T00:24:53.640+0000] {settings.py:330} DEBUG - settings.prepare_engine_args(): Using pool settings. pool_size=5, max_overflow=10, pool_recycle=1800, pid=13894
[2025-06-27T00:24:53.652+0000] {processor.py:161} INFO - Started process (PID=13894) to work on /home/airflow/.local/lib/python3.10/site-packages/airflow/example_dags/example_time_delta_sensor_async.py
[2025-06-27T00:24:53.653+0000] {processor.py:830} INFO - Processing file /home/airflow/.local/lib/python3.10/site-packages/airflow/example_dags/example_time_delta_sensor_async.py for tasks to queue
[2025-06-27T00:24:53.655+0000] {logging_mixin.py:188} INFO - [2025-06-27T00:24:53.654+0000] {dagbag.py:545} INFO - Filling up the DagBag from /home/airflow/.local/lib/python3.10/site-packages/airflow/example_dags/example_time_delta_sensor_async.py
[2025-06-27T00:24:53.657+0000] {logging_mixin.py:188} INFO - [2025-06-27T00:24:53.657+0000] {dagbag.py:337} DEBUG - Importing /home/airflow/.local/lib/python3.10/site-packages/airflow/example_dags/example_time_delta_sensor_async.py
[2025-06-27T00:24:53.667+0000] {logging_mixin.py:188} INFO - [2025-06-27T00:24:53.665+0000] {dagbag.py:511} DEBUG - Loaded DAG <DAG: example_time_delta_sensor_async>
[2025-06-27T00:24:53.668+0000] {processor.py:840} INFO - DAG(s) 'example_time_delta_sensor_async' retrieved from /home/airflow/.local/lib/python3.10/site-packages/airflow/example_dags/example_time_delta_sensor_async.py
[2025-06-27T00:24:53.670+0000] {logging_mixin.py:188} INFO - [2025-06-27T00:24:53.669+0000] {dagbag.py:667} DEBUG - Running dagbag.sync_to_db with retries. Try 1 of 3
[2025-06-27T00:24:53.671+0000] {logging_mixin.py:188} INFO - [2025-06-27T00:24:53.670+0000] {dagbag.py:672} DEBUG - Calling the DAG.bulk_sync_to_db method
[2025-06-27T00:24:53.696+0000] {logging_mixin.py:188} INFO - [2025-06-27T00:24:53.695+0000] {serialized_dag.py:166} DEBUG - Checking if DAG (example_time_delta_sensor_async) changed
[2025-06-27T00:24:53.702+0000] {logging_mixin.py:188} INFO - [2025-06-27T00:24:53.701+0000] {plugins_manager.py:332} DEBUG - Plugins are already loaded. Skipping.
[2025-06-27T00:24:53.703+0000] {logging_mixin.py:188} INFO - [2025-06-27T00:24:53.702+0000] {plugins_manager.py:410} DEBUG - Initialize custom taskinstance deps plugins
[2025-06-27T00:24:53.712+0000] {logging_mixin.py:188} INFO - [2025-06-27T00:24:53.712+0000] {serialized_dag.py:177} DEBUG - Serialized DAG (example_time_delta_sensor_async) is unchanged. Skipping writing to DB
[2025-06-27T00:24:53.713+0000] {logging_mixin.py:188} INFO - [2025-06-27T00:24:53.713+0000] {dag.py:3096} INFO - Sync 1 DAGs
[2025-06-27T00:24:53.731+0000] {logging_mixin.py:188} INFO - [2025-06-27T00:24:53.731+0000] {dag.py:3954} INFO - Setting next_dagrun for example_time_delta_sensor_async to None, run_after=None
[2025-06-27T00:24:53.772+0000] {processor.py:183} INFO - Processing /home/airflow/.local/lib/python3.10/site-packages/airflow/example_dags/example_time_delta_sensor_async.py took 0.135 seconds
[2025-06-27T00:25:24.205+0000] {logging_mixin.py:188} INFO - [2025-06-27T00:25:24.204+0000] {settings.py:250} DEBUG - Setting up DB connection pool (PID 13957)
[2025-06-27T00:25:24.207+0000] {logging_mixin.py:188} INFO - [2025-06-27T00:25:24.207+0000] {settings.py:330} DEBUG - settings.prepare_engine_args(): Using pool settings. pool_size=5, max_overflow=10, pool_recycle=1800, pid=13957
[2025-06-27T00:25:24.217+0000] {processor.py:161} INFO - Started process (PID=13957) to work on /home/airflow/.local/lib/python3.10/site-packages/airflow/example_dags/example_time_delta_sensor_async.py
[2025-06-27T00:25:24.218+0000] {processor.py:830} INFO - Processing file /home/airflow/.local/lib/python3.10/site-packages/airflow/example_dags/example_time_delta_sensor_async.py for tasks to queue
[2025-06-27T00:25:24.220+0000] {logging_mixin.py:188} INFO - [2025-06-27T00:25:24.219+0000] {dagbag.py:545} INFO - Filling up the DagBag from /home/airflow/.local/lib/python3.10/site-packages/airflow/example_dags/example_time_delta_sensor_async.py
[2025-06-27T00:25:24.222+0000] {logging_mixin.py:188} INFO - [2025-06-27T00:25:24.222+0000] {dagbag.py:337} DEBUG - Importing /home/airflow/.local/lib/python3.10/site-packages/airflow/example_dags/example_time_delta_sensor_async.py
[2025-06-27T00:25:24.232+0000] {logging_mixin.py:188} INFO - [2025-06-27T00:25:24.230+0000] {dagbag.py:511} DEBUG - Loaded DAG <DAG: example_time_delta_sensor_async>
[2025-06-27T00:25:24.233+0000] {processor.py:840} INFO - DAG(s) 'example_time_delta_sensor_async' retrieved from /home/airflow/.local/lib/python3.10/site-packages/airflow/example_dags/example_time_delta_sensor_async.py
[2025-06-27T00:25:24.235+0000] {logging_mixin.py:188} INFO - [2025-06-27T00:25:24.235+0000] {dagbag.py:667} DEBUG - Running dagbag.sync_to_db with retries. Try 1 of 3
[2025-06-27T00:25:24.236+0000] {logging_mixin.py:188} INFO - [2025-06-27T00:25:24.236+0000] {dagbag.py:672} DEBUG - Calling the DAG.bulk_sync_to_db method
[2025-06-27T00:25:24.259+0000] {logging_mixin.py:188} INFO - [2025-06-27T00:25:24.259+0000] {serialized_dag.py:166} DEBUG - Checking if DAG (example_time_delta_sensor_async) changed
[2025-06-27T00:25:24.264+0000] {logging_mixin.py:188} INFO - [2025-06-27T00:25:24.264+0000] {plugins_manager.py:332} DEBUG - Plugins are already loaded. Skipping.
[2025-06-27T00:25:24.265+0000] {logging_mixin.py:188} INFO - [2025-06-27T00:25:24.265+0000] {plugins_manager.py:410} DEBUG - Initialize custom taskinstance deps plugins
[2025-06-27T00:25:24.275+0000] {logging_mixin.py:188} INFO - [2025-06-27T00:25:24.274+0000] {serialized_dag.py:177} DEBUG - Serialized DAG (example_time_delta_sensor_async) is unchanged. Skipping writing to DB
[2025-06-27T00:25:24.276+0000] {logging_mixin.py:188} INFO - [2025-06-27T00:25:24.276+0000] {dag.py:3096} INFO - Sync 1 DAGs
[2025-06-27T00:25:24.295+0000] {logging_mixin.py:188} INFO - [2025-06-27T00:25:24.295+0000] {dag.py:3954} INFO - Setting next_dagrun for example_time_delta_sensor_async to None, run_after=None
[2025-06-27T00:25:24.331+0000] {processor.py:183} INFO - Processing /home/airflow/.local/lib/python3.10/site-packages/airflow/example_dags/example_time_delta_sensor_async.py took 0.128 seconds
[2025-06-27T00:25:54.738+0000] {logging_mixin.py:188} INFO - [2025-06-27T00:25:54.736+0000] {settings.py:250} DEBUG - Setting up DB connection pool (PID 14020)
[2025-06-27T00:25:54.741+0000] {logging_mixin.py:188} INFO - [2025-06-27T00:25:54.741+0000] {settings.py:330} DEBUG - settings.prepare_engine_args(): Using pool settings. pool_size=5, max_overflow=10, pool_recycle=1800, pid=14020
[2025-06-27T00:25:54.754+0000] {processor.py:161} INFO - Started process (PID=14020) to work on /home/airflow/.local/lib/python3.10/site-packages/airflow/example_dags/example_time_delta_sensor_async.py
[2025-06-27T00:25:54.756+0000] {processor.py:830} INFO - Processing file /home/airflow/.local/lib/python3.10/site-packages/airflow/example_dags/example_time_delta_sensor_async.py for tasks to queue
[2025-06-27T00:25:54.758+0000] {logging_mixin.py:188} INFO - [2025-06-27T00:25:54.758+0000] {dagbag.py:545} INFO - Filling up the DagBag from /home/airflow/.local/lib/python3.10/site-packages/airflow/example_dags/example_time_delta_sensor_async.py
[2025-06-27T00:25:54.762+0000] {logging_mixin.py:188} INFO - [2025-06-27T00:25:54.761+0000] {dagbag.py:337} DEBUG - Importing /home/airflow/.local/lib/python3.10/site-packages/airflow/example_dags/example_time_delta_sensor_async.py
[2025-06-27T00:25:54.780+0000] {logging_mixin.py:188} INFO - [2025-06-27T00:25:54.776+0000] {dagbag.py:511} DEBUG - Loaded DAG <DAG: example_time_delta_sensor_async>
[2025-06-27T00:25:54.781+0000] {processor.py:840} INFO - DAG(s) 'example_time_delta_sensor_async' retrieved from /home/airflow/.local/lib/python3.10/site-packages/airflow/example_dags/example_time_delta_sensor_async.py
[2025-06-27T00:25:54.785+0000] {logging_mixin.py:188} INFO - [2025-06-27T00:25:54.784+0000] {dagbag.py:667} DEBUG - Running dagbag.sync_to_db with retries. Try 1 of 3
[2025-06-27T00:25:54.786+0000] {logging_mixin.py:188} INFO - [2025-06-27T00:25:54.785+0000] {dagbag.py:672} DEBUG - Calling the DAG.bulk_sync_to_db method
[2025-06-27T00:25:54.813+0000] {logging_mixin.py:188} INFO - [2025-06-27T00:25:54.813+0000] {serialized_dag.py:166} DEBUG - Checking if DAG (example_time_delta_sensor_async) changed
[2025-06-27T00:25:54.819+0000] {logging_mixin.py:188} INFO - [2025-06-27T00:25:54.819+0000] {plugins_manager.py:332} DEBUG - Plugins are already loaded. Skipping.
[2025-06-27T00:25:54.820+0000] {logging_mixin.py:188} INFO - [2025-06-27T00:25:54.820+0000] {plugins_manager.py:410} DEBUG - Initialize custom taskinstance deps plugins
[2025-06-27T00:25:54.831+0000] {logging_mixin.py:188} INFO - [2025-06-27T00:25:54.830+0000] {serialized_dag.py:177} DEBUG - Serialized DAG (example_time_delta_sensor_async) is unchanged. Skipping writing to DB
[2025-06-27T00:25:54.832+0000] {logging_mixin.py:188} INFO - [2025-06-27T00:25:54.831+0000] {dag.py:3096} INFO - Sync 1 DAGs
[2025-06-27T00:25:54.850+0000] {logging_mixin.py:188} INFO - [2025-06-27T00:25:54.850+0000] {dag.py:3954} INFO - Setting next_dagrun for example_time_delta_sensor_async to None, run_after=None
[2025-06-27T00:25:54.877+0000] {processor.py:183} INFO - Processing /home/airflow/.local/lib/python3.10/site-packages/airflow/example_dags/example_time_delta_sensor_async.py took 0.141 seconds
[2025-06-27T00:26:25.323+0000] {logging_mixin.py:188} INFO - [2025-06-27T00:26:25.322+0000] {settings.py:250} DEBUG - Setting up DB connection pool (PID 14084)
[2025-06-27T00:26:25.325+0000] {logging_mixin.py:188} INFO - [2025-06-27T00:26:25.325+0000] {settings.py:330} DEBUG - settings.prepare_engine_args(): Using pool settings. pool_size=5, max_overflow=10, pool_recycle=1800, pid=14084
[2025-06-27T00:26:25.336+0000] {processor.py:161} INFO - Started process (PID=14084) to work on /home/airflow/.local/lib/python3.10/site-packages/airflow/example_dags/example_time_delta_sensor_async.py
[2025-06-27T00:26:25.337+0000] {processor.py:830} INFO - Processing file /home/airflow/.local/lib/python3.10/site-packages/airflow/example_dags/example_time_delta_sensor_async.py for tasks to queue
[2025-06-27T00:26:25.339+0000] {logging_mixin.py:188} INFO - [2025-06-27T00:26:25.338+0000] {dagbag.py:545} INFO - Filling up the DagBag from /home/airflow/.local/lib/python3.10/site-packages/airflow/example_dags/example_time_delta_sensor_async.py
[2025-06-27T00:26:25.341+0000] {logging_mixin.py:188} INFO - [2025-06-27T00:26:25.341+0000] {dagbag.py:337} DEBUG - Importing /home/airflow/.local/lib/python3.10/site-packages/airflow/example_dags/example_time_delta_sensor_async.py
[2025-06-27T00:26:25.349+0000] {logging_mixin.py:188} INFO - [2025-06-27T00:26:25.347+0000] {dagbag.py:511} DEBUG - Loaded DAG <DAG: example_time_delta_sensor_async>
[2025-06-27T00:26:25.350+0000] {processor.py:840} INFO - DAG(s) 'example_time_delta_sensor_async' retrieved from /home/airflow/.local/lib/python3.10/site-packages/airflow/example_dags/example_time_delta_sensor_async.py
[2025-06-27T00:26:25.352+0000] {logging_mixin.py:188} INFO - [2025-06-27T00:26:25.352+0000] {dagbag.py:667} DEBUG - Running dagbag.sync_to_db with retries. Try 1 of 3
[2025-06-27T00:26:25.353+0000] {logging_mixin.py:188} INFO - [2025-06-27T00:26:25.353+0000] {dagbag.py:672} DEBUG - Calling the DAG.bulk_sync_to_db method
[2025-06-27T00:26:25.373+0000] {logging_mixin.py:188} INFO - [2025-06-27T00:26:25.373+0000] {serialized_dag.py:166} DEBUG - Checking if DAG (example_time_delta_sensor_async) changed
[2025-06-27T00:26:25.378+0000] {logging_mixin.py:188} INFO - [2025-06-27T00:26:25.378+0000] {plugins_manager.py:332} DEBUG - Plugins are already loaded. Skipping.
[2025-06-27T00:26:25.379+0000] {logging_mixin.py:188} INFO - [2025-06-27T00:26:25.378+0000] {plugins_manager.py:410} DEBUG - Initialize custom taskinstance deps plugins
[2025-06-27T00:26:25.387+0000] {logging_mixin.py:188} INFO - [2025-06-27T00:26:25.387+0000] {serialized_dag.py:177} DEBUG - Serialized DAG (example_time_delta_sensor_async) is unchanged. Skipping writing to DB
[2025-06-27T00:26:25.388+0000] {logging_mixin.py:188} INFO - [2025-06-27T00:26:25.388+0000] {dag.py:3096} INFO - Sync 1 DAGs
[2025-06-27T00:26:25.405+0000] {logging_mixin.py:188} INFO - [2025-06-27T00:26:25.405+0000] {dag.py:3954} INFO - Setting next_dagrun for example_time_delta_sensor_async to None, run_after=None
[2025-06-27T00:26:25.431+0000] {processor.py:183} INFO - Processing /home/airflow/.local/lib/python3.10/site-packages/airflow/example_dags/example_time_delta_sensor_async.py took 0.109 seconds
[2025-06-27T00:26:55.986+0000] {logging_mixin.py:188} INFO - [2025-06-27T00:26:55.985+0000] {settings.py:250} DEBUG - Setting up DB connection pool (PID 14147)
[2025-06-27T00:26:55.988+0000] {logging_mixin.py:188} INFO - [2025-06-27T00:26:55.988+0000] {settings.py:330} DEBUG - settings.prepare_engine_args(): Using pool settings. pool_size=5, max_overflow=10, pool_recycle=1800, pid=14147
[2025-06-27T00:26:56.000+0000] {processor.py:161} INFO - Started process (PID=14147) to work on /home/airflow/.local/lib/python3.10/site-packages/airflow/example_dags/example_time_delta_sensor_async.py
[2025-06-27T00:26:56.002+0000] {processor.py:830} INFO - Processing file /home/airflow/.local/lib/python3.10/site-packages/airflow/example_dags/example_time_delta_sensor_async.py for tasks to queue
[2025-06-27T00:26:56.003+0000] {logging_mixin.py:188} INFO - [2025-06-27T00:26:56.003+0000] {dagbag.py:545} INFO - Filling up the DagBag from /home/airflow/.local/lib/python3.10/site-packages/airflow/example_dags/example_time_delta_sensor_async.py
[2025-06-27T00:26:56.006+0000] {logging_mixin.py:188} INFO - [2025-06-27T00:26:56.005+0000] {dagbag.py:337} DEBUG - Importing /home/airflow/.local/lib/python3.10/site-packages/airflow/example_dags/example_time_delta_sensor_async.py
[2025-06-27T00:26:56.014+0000] {logging_mixin.py:188} INFO - [2025-06-27T00:26:56.012+0000] {dagbag.py:511} DEBUG - Loaded DAG <DAG: example_time_delta_sensor_async>
[2025-06-27T00:26:56.015+0000] {processor.py:840} INFO - DAG(s) 'example_time_delta_sensor_async' retrieved from /home/airflow/.local/lib/python3.10/site-packages/airflow/example_dags/example_time_delta_sensor_async.py
[2025-06-27T00:26:56.018+0000] {logging_mixin.py:188} INFO - [2025-06-27T00:26:56.017+0000] {dagbag.py:667} DEBUG - Running dagbag.sync_to_db with retries. Try 1 of 3
[2025-06-27T00:26:56.019+0000] {logging_mixin.py:188} INFO - [2025-06-27T00:26:56.018+0000] {dagbag.py:672} DEBUG - Calling the DAG.bulk_sync_to_db method
[2025-06-27T00:26:56.042+0000] {logging_mixin.py:188} INFO - [2025-06-27T00:26:56.042+0000] {serialized_dag.py:166} DEBUG - Checking if DAG (example_time_delta_sensor_async) changed
[2025-06-27T00:26:56.048+0000] {logging_mixin.py:188} INFO - [2025-06-27T00:26:56.048+0000] {plugins_manager.py:332} DEBUG - Plugins are already loaded. Skipping.
[2025-06-27T00:26:56.050+0000] {logging_mixin.py:188} INFO - [2025-06-27T00:26:56.049+0000] {plugins_manager.py:410} DEBUG - Initialize custom taskinstance deps plugins
[2025-06-27T00:26:56.063+0000] {logging_mixin.py:188} INFO - [2025-06-27T00:26:56.062+0000] {serialized_dag.py:177} DEBUG - Serialized DAG (example_time_delta_sensor_async) is unchanged. Skipping writing to DB
[2025-06-27T00:26:56.064+0000] {logging_mixin.py:188} INFO - [2025-06-27T00:26:56.063+0000] {dag.py:3096} INFO - Sync 1 DAGs
[2025-06-27T00:26:56.085+0000] {logging_mixin.py:188} INFO - [2025-06-27T00:26:56.085+0000] {dag.py:3954} INFO - Setting next_dagrun for example_time_delta_sensor_async to None, run_after=None
[2025-06-27T00:26:56.112+0000] {processor.py:183} INFO - Processing /home/airflow/.local/lib/python3.10/site-packages/airflow/example_dags/example_time_delta_sensor_async.py took 0.128 seconds
[2025-06-27T00:27:27.557+0000] {logging_mixin.py:188} INFO - [2025-06-27T00:27:27.556+0000] {settings.py:250} DEBUG - Setting up DB connection pool (PID 14210)
[2025-06-27T00:27:27.559+0000] {logging_mixin.py:188} INFO - [2025-06-27T00:27:27.559+0000] {settings.py:330} DEBUG - settings.prepare_engine_args(): Using pool settings. pool_size=5, max_overflow=10, pool_recycle=1800, pid=14210
[2025-06-27T00:27:27.572+0000] {processor.py:161} INFO - Started process (PID=14210) to work on /home/airflow/.local/lib/python3.10/site-packages/airflow/example_dags/example_time_delta_sensor_async.py
[2025-06-27T00:27:27.574+0000] {processor.py:830} INFO - Processing file /home/airflow/.local/lib/python3.10/site-packages/airflow/example_dags/example_time_delta_sensor_async.py for tasks to queue
[2025-06-27T00:27:27.575+0000] {logging_mixin.py:188} INFO - [2025-06-27T00:27:27.575+0000] {dagbag.py:545} INFO - Filling up the DagBag from /home/airflow/.local/lib/python3.10/site-packages/airflow/example_dags/example_time_delta_sensor_async.py
[2025-06-27T00:27:27.578+0000] {logging_mixin.py:188} INFO - [2025-06-27T00:27:27.577+0000] {dagbag.py:337} DEBUG - Importing /home/airflow/.local/lib/python3.10/site-packages/airflow/example_dags/example_time_delta_sensor_async.py
[2025-06-27T00:27:27.589+0000] {logging_mixin.py:188} INFO - [2025-06-27T00:27:27.587+0000] {dagbag.py:511} DEBUG - Loaded DAG <DAG: example_time_delta_sensor_async>
[2025-06-27T00:27:27.590+0000] {processor.py:840} INFO - DAG(s) 'example_time_delta_sensor_async' retrieved from /home/airflow/.local/lib/python3.10/site-packages/airflow/example_dags/example_time_delta_sensor_async.py
[2025-06-27T00:27:27.592+0000] {logging_mixin.py:188} INFO - [2025-06-27T00:27:27.592+0000] {dagbag.py:667} DEBUG - Running dagbag.sync_to_db with retries. Try 1 of 3
[2025-06-27T00:27:27.594+0000] {logging_mixin.py:188} INFO - [2025-06-27T00:27:27.593+0000] {dagbag.py:672} DEBUG - Calling the DAG.bulk_sync_to_db method
[2025-06-27T00:27:27.622+0000] {logging_mixin.py:188} INFO - [2025-06-27T00:27:27.622+0000] {serialized_dag.py:166} DEBUG - Checking if DAG (example_time_delta_sensor_async) changed
[2025-06-27T00:27:27.630+0000] {logging_mixin.py:188} INFO - [2025-06-27T00:27:27.630+0000] {plugins_manager.py:332} DEBUG - Plugins are already loaded. Skipping.
[2025-06-27T00:27:27.631+0000] {logging_mixin.py:188} INFO - [2025-06-27T00:27:27.631+0000] {plugins_manager.py:410} DEBUG - Initialize custom taskinstance deps plugins
[2025-06-27T00:27:27.644+0000] {logging_mixin.py:188} INFO - [2025-06-27T00:27:27.643+0000] {serialized_dag.py:177} DEBUG - Serialized DAG (example_time_delta_sensor_async) is unchanged. Skipping writing to DB
[2025-06-27T00:27:27.645+0000] {logging_mixin.py:188} INFO - [2025-06-27T00:27:27.644+0000] {dag.py:3096} INFO - Sync 1 DAGs
[2025-06-27T00:27:27.667+0000] {logging_mixin.py:188} INFO - [2025-06-27T00:27:27.667+0000] {dag.py:3954} INFO - Setting next_dagrun for example_time_delta_sensor_async to None, run_after=None
[2025-06-27T00:27:27.701+0000] {processor.py:183} INFO - Processing /home/airflow/.local/lib/python3.10/site-packages/airflow/example_dags/example_time_delta_sensor_async.py took 0.145 seconds
[2025-06-27T00:27:57.980+0000] {logging_mixin.py:188} INFO - [2025-06-27T00:27:57.978+0000] {settings.py:250} DEBUG - Setting up DB connection pool (PID 14271)
[2025-06-27T00:27:57.982+0000] {logging_mixin.py:188} INFO - [2025-06-27T00:27:57.982+0000] {settings.py:330} DEBUG - settings.prepare_engine_args(): Using pool settings. pool_size=5, max_overflow=10, pool_recycle=1800, pid=14271
[2025-06-27T00:27:57.993+0000] {processor.py:161} INFO - Started process (PID=14271) to work on /home/airflow/.local/lib/python3.10/site-packages/airflow/example_dags/example_time_delta_sensor_async.py
[2025-06-27T00:27:57.994+0000] {processor.py:830} INFO - Processing file /home/airflow/.local/lib/python3.10/site-packages/airflow/example_dags/example_time_delta_sensor_async.py for tasks to queue
[2025-06-27T00:27:57.995+0000] {logging_mixin.py:188} INFO - [2025-06-27T00:27:57.995+0000] {dagbag.py:545} INFO - Filling up the DagBag from /home/airflow/.local/lib/python3.10/site-packages/airflow/example_dags/example_time_delta_sensor_async.py
[2025-06-27T00:27:57.998+0000] {logging_mixin.py:188} INFO - [2025-06-27T00:27:57.998+0000] {dagbag.py:337} DEBUG - Importing /home/airflow/.local/lib/python3.10/site-packages/airflow/example_dags/example_time_delta_sensor_async.py
[2025-06-27T00:27:58.008+0000] {logging_mixin.py:188} INFO - [2025-06-27T00:27:58.005+0000] {dagbag.py:511} DEBUG - Loaded DAG <DAG: example_time_delta_sensor_async>
[2025-06-27T00:27:58.009+0000] {processor.py:840} INFO - DAG(s) 'example_time_delta_sensor_async' retrieved from /home/airflow/.local/lib/python3.10/site-packages/airflow/example_dags/example_time_delta_sensor_async.py
[2025-06-27T00:27:58.012+0000] {logging_mixin.py:188} INFO - [2025-06-27T00:27:58.011+0000] {dagbag.py:667} DEBUG - Running dagbag.sync_to_db with retries. Try 1 of 3
[2025-06-27T00:27:58.013+0000] {logging_mixin.py:188} INFO - [2025-06-27T00:27:58.012+0000] {dagbag.py:672} DEBUG - Calling the DAG.bulk_sync_to_db method
[2025-06-27T00:27:58.036+0000] {logging_mixin.py:188} INFO - [2025-06-27T00:27:58.036+0000] {serialized_dag.py:166} DEBUG - Checking if DAG (example_time_delta_sensor_async) changed
[2025-06-27T00:27:58.043+0000] {logging_mixin.py:188} INFO - [2025-06-27T00:27:58.042+0000] {plugins_manager.py:332} DEBUG - Plugins are already loaded. Skipping.
[2025-06-27T00:27:58.044+0000] {logging_mixin.py:188} INFO - [2025-06-27T00:27:58.044+0000] {plugins_manager.py:410} DEBUG - Initialize custom taskinstance deps plugins
[2025-06-27T00:27:58.055+0000] {logging_mixin.py:188} INFO - [2025-06-27T00:27:58.055+0000] {serialized_dag.py:177} DEBUG - Serialized DAG (example_time_delta_sensor_async) is unchanged. Skipping writing to DB
[2025-06-27T00:27:58.057+0000] {logging_mixin.py:188} INFO - [2025-06-27T00:27:58.056+0000] {dag.py:3096} INFO - Sync 1 DAGs
[2025-06-27T00:27:58.079+0000] {logging_mixin.py:188} INFO - [2025-06-27T00:27:58.078+0000] {dag.py:3954} INFO - Setting next_dagrun for example_time_delta_sensor_async to None, run_after=None
[2025-06-27T00:27:58.107+0000] {processor.py:183} INFO - Processing /home/airflow/.local/lib/python3.10/site-packages/airflow/example_dags/example_time_delta_sensor_async.py took 0.128 seconds
[2025-06-27T00:28:28.340+0000] {logging_mixin.py:188} INFO - [2025-06-27T00:28:28.339+0000] {settings.py:250} DEBUG - Setting up DB connection pool (PID 14334)
[2025-06-27T00:28:28.342+0000] {logging_mixin.py:188} INFO - [2025-06-27T00:28:28.342+0000] {settings.py:330} DEBUG - settings.prepare_engine_args(): Using pool settings. pool_size=5, max_overflow=10, pool_recycle=1800, pid=14334
[2025-06-27T00:28:28.353+0000] {processor.py:161} INFO - Started process (PID=14334) to work on /home/airflow/.local/lib/python3.10/site-packages/airflow/example_dags/example_time_delta_sensor_async.py
[2025-06-27T00:28:28.355+0000] {processor.py:830} INFO - Processing file /home/airflow/.local/lib/python3.10/site-packages/airflow/example_dags/example_time_delta_sensor_async.py for tasks to queue
[2025-06-27T00:28:28.356+0000] {logging_mixin.py:188} INFO - [2025-06-27T00:28:28.356+0000] {dagbag.py:545} INFO - Filling up the DagBag from /home/airflow/.local/lib/python3.10/site-packages/airflow/example_dags/example_time_delta_sensor_async.py
[2025-06-27T00:28:28.358+0000] {logging_mixin.py:188} INFO - [2025-06-27T00:28:28.358+0000] {dagbag.py:337} DEBUG - Importing /home/airflow/.local/lib/python3.10/site-packages/airflow/example_dags/example_time_delta_sensor_async.py
[2025-06-27T00:28:28.367+0000] {logging_mixin.py:188} INFO - [2025-06-27T00:28:28.364+0000] {dagbag.py:511} DEBUG - Loaded DAG <DAG: example_time_delta_sensor_async>
[2025-06-27T00:28:28.367+0000] {processor.py:840} INFO - DAG(s) 'example_time_delta_sensor_async' retrieved from /home/airflow/.local/lib/python3.10/site-packages/airflow/example_dags/example_time_delta_sensor_async.py
[2025-06-27T00:28:28.369+0000] {logging_mixin.py:188} INFO - [2025-06-27T00:28:28.369+0000] {dagbag.py:667} DEBUG - Running dagbag.sync_to_db with retries. Try 1 of 3
[2025-06-27T00:28:28.370+0000] {logging_mixin.py:188} INFO - [2025-06-27T00:28:28.370+0000] {dagbag.py:672} DEBUG - Calling the DAG.bulk_sync_to_db method
[2025-06-27T00:28:28.391+0000] {logging_mixin.py:188} INFO - [2025-06-27T00:28:28.390+0000] {serialized_dag.py:166} DEBUG - Checking if DAG (example_time_delta_sensor_async) changed
[2025-06-27T00:28:28.395+0000] {logging_mixin.py:188} INFO - [2025-06-27T00:28:28.395+0000] {plugins_manager.py:332} DEBUG - Plugins are already loaded. Skipping.
[2025-06-27T00:28:28.396+0000] {logging_mixin.py:188} INFO - [2025-06-27T00:28:28.395+0000] {plugins_manager.py:410} DEBUG - Initialize custom taskinstance deps plugins
[2025-06-27T00:28:28.404+0000] {logging_mixin.py:188} INFO - [2025-06-27T00:28:28.403+0000] {serialized_dag.py:177} DEBUG - Serialized DAG (example_time_delta_sensor_async) is unchanged. Skipping writing to DB
[2025-06-27T00:28:28.404+0000] {logging_mixin.py:188} INFO - [2025-06-27T00:28:28.404+0000] {dag.py:3096} INFO - Sync 1 DAGs
[2025-06-27T00:28:28.420+0000] {logging_mixin.py:188} INFO - [2025-06-27T00:28:28.419+0000] {dag.py:3954} INFO - Setting next_dagrun for example_time_delta_sensor_async to None, run_after=None
[2025-06-27T00:28:28.445+0000] {processor.py:183} INFO - Processing /home/airflow/.local/lib/python3.10/site-packages/airflow/example_dags/example_time_delta_sensor_async.py took 0.105 seconds
[2025-06-27T00:28:58.810+0000] {logging_mixin.py:188} INFO - [2025-06-27T00:28:58.809+0000] {settings.py:250} DEBUG - Setting up DB connection pool (PID 14397)
[2025-06-27T00:28:58.812+0000] {logging_mixin.py:188} INFO - [2025-06-27T00:28:58.812+0000] {settings.py:330} DEBUG - settings.prepare_engine_args(): Using pool settings. pool_size=5, max_overflow=10, pool_recycle=1800, pid=14397
[2025-06-27T00:28:58.827+0000] {processor.py:161} INFO - Started process (PID=14397) to work on /home/airflow/.local/lib/python3.10/site-packages/airflow/example_dags/example_time_delta_sensor_async.py
[2025-06-27T00:28:58.828+0000] {processor.py:830} INFO - Processing file /home/airflow/.local/lib/python3.10/site-packages/airflow/example_dags/example_time_delta_sensor_async.py for tasks to queue
[2025-06-27T00:28:58.829+0000] {logging_mixin.py:188} INFO - [2025-06-27T00:28:58.829+0000] {dagbag.py:545} INFO - Filling up the DagBag from /home/airflow/.local/lib/python3.10/site-packages/airflow/example_dags/example_time_delta_sensor_async.py
[2025-06-27T00:28:58.832+0000] {logging_mixin.py:188} INFO - [2025-06-27T00:28:58.831+0000] {dagbag.py:337} DEBUG - Importing /home/airflow/.local/lib/python3.10/site-packages/airflow/example_dags/example_time_delta_sensor_async.py
[2025-06-27T00:28:58.841+0000] {logging_mixin.py:188} INFO - [2025-06-27T00:28:58.839+0000] {dagbag.py:511} DEBUG - Loaded DAG <DAG: example_time_delta_sensor_async>
[2025-06-27T00:28:58.842+0000] {processor.py:840} INFO - DAG(s) 'example_time_delta_sensor_async' retrieved from /home/airflow/.local/lib/python3.10/site-packages/airflow/example_dags/example_time_delta_sensor_async.py
[2025-06-27T00:28:58.844+0000] {logging_mixin.py:188} INFO - [2025-06-27T00:28:58.844+0000] {dagbag.py:667} DEBUG - Running dagbag.sync_to_db with retries. Try 1 of 3
[2025-06-27T00:28:58.845+0000] {logging_mixin.py:188} INFO - [2025-06-27T00:28:58.845+0000] {dagbag.py:672} DEBUG - Calling the DAG.bulk_sync_to_db method
[2025-06-27T00:28:58.864+0000] {logging_mixin.py:188} INFO - [2025-06-27T00:28:58.864+0000] {serialized_dag.py:166} DEBUG - Checking if DAG (example_time_delta_sensor_async) changed
[2025-06-27T00:28:58.868+0000] {logging_mixin.py:188} INFO - [2025-06-27T00:28:58.868+0000] {plugins_manager.py:332} DEBUG - Plugins are already loaded. Skipping.
[2025-06-27T00:28:58.869+0000] {logging_mixin.py:188} INFO - [2025-06-27T00:28:58.869+0000] {plugins_manager.py:410} DEBUG - Initialize custom taskinstance deps plugins
[2025-06-27T00:28:58.878+0000] {logging_mixin.py:188} INFO - [2025-06-27T00:28:58.878+0000] {serialized_dag.py:177} DEBUG - Serialized DAG (example_time_delta_sensor_async) is unchanged. Skipping writing to DB
[2025-06-27T00:28:58.879+0000] {logging_mixin.py:188} INFO - [2025-06-27T00:28:58.879+0000] {dag.py:3096} INFO - Sync 1 DAGs
[2025-06-27T00:28:58.896+0000] {logging_mixin.py:188} INFO - [2025-06-27T00:28:58.896+0000] {dag.py:3954} INFO - Setting next_dagrun for example_time_delta_sensor_async to None, run_after=None
[2025-06-27T00:28:58.927+0000] {processor.py:183} INFO - Processing /home/airflow/.local/lib/python3.10/site-packages/airflow/example_dags/example_time_delta_sensor_async.py took 0.118 seconds
[2025-06-27T00:29:29.838+0000] {logging_mixin.py:188} INFO - [2025-06-27T00:29:29.837+0000] {settings.py:250} DEBUG - Setting up DB connection pool (PID 14460)
[2025-06-27T00:29:29.840+0000] {logging_mixin.py:188} INFO - [2025-06-27T00:29:29.839+0000] {settings.py:330} DEBUG - settings.prepare_engine_args(): Using pool settings. pool_size=5, max_overflow=10, pool_recycle=1800, pid=14460
[2025-06-27T00:29:29.850+0000] {processor.py:161} INFO - Started process (PID=14460) to work on /home/airflow/.local/lib/python3.10/site-packages/airflow/example_dags/example_time_delta_sensor_async.py
[2025-06-27T00:29:29.851+0000] {processor.py:830} INFO - Processing file /home/airflow/.local/lib/python3.10/site-packages/airflow/example_dags/example_time_delta_sensor_async.py for tasks to queue
[2025-06-27T00:29:29.853+0000] {logging_mixin.py:188} INFO - [2025-06-27T00:29:29.852+0000] {dagbag.py:545} INFO - Filling up the DagBag from /home/airflow/.local/lib/python3.10/site-packages/airflow/example_dags/example_time_delta_sensor_async.py
[2025-06-27T00:29:29.855+0000] {logging_mixin.py:188} INFO - [2025-06-27T00:29:29.855+0000] {dagbag.py:337} DEBUG - Importing /home/airflow/.local/lib/python3.10/site-packages/airflow/example_dags/example_time_delta_sensor_async.py
[2025-06-27T00:29:29.864+0000] {logging_mixin.py:188} INFO - [2025-06-27T00:29:29.861+0000] {dagbag.py:511} DEBUG - Loaded DAG <DAG: example_time_delta_sensor_async>
[2025-06-27T00:29:29.865+0000] {processor.py:840} INFO - DAG(s) 'example_time_delta_sensor_async' retrieved from /home/airflow/.local/lib/python3.10/site-packages/airflow/example_dags/example_time_delta_sensor_async.py
[2025-06-27T00:29:29.867+0000] {logging_mixin.py:188} INFO - [2025-06-27T00:29:29.867+0000] {dagbag.py:667} DEBUG - Running dagbag.sync_to_db with retries. Try 1 of 3
[2025-06-27T00:29:29.868+0000] {logging_mixin.py:188} INFO - [2025-06-27T00:29:29.868+0000] {dagbag.py:672} DEBUG - Calling the DAG.bulk_sync_to_db method
[2025-06-27T00:29:29.889+0000] {logging_mixin.py:188} INFO - [2025-06-27T00:29:29.889+0000] {serialized_dag.py:166} DEBUG - Checking if DAG (example_time_delta_sensor_async) changed
[2025-06-27T00:29:29.896+0000] {logging_mixin.py:188} INFO - [2025-06-27T00:29:29.896+0000] {plugins_manager.py:332} DEBUG - Plugins are already loaded. Skipping.
[2025-06-27T00:29:29.898+0000] {logging_mixin.py:188} INFO - [2025-06-27T00:29:29.897+0000] {plugins_manager.py:410} DEBUG - Initialize custom taskinstance deps plugins
[2025-06-27T00:29:29.908+0000] {logging_mixin.py:188} INFO - [2025-06-27T00:29:29.907+0000] {serialized_dag.py:177} DEBUG - Serialized DAG (example_time_delta_sensor_async) is unchanged. Skipping writing to DB
[2025-06-27T00:29:29.909+0000] {logging_mixin.py:188} INFO - [2025-06-27T00:29:29.909+0000] {dag.py:3096} INFO - Sync 1 DAGs
[2025-06-27T00:29:29.929+0000] {logging_mixin.py:188} INFO - [2025-06-27T00:29:29.929+0000] {dag.py:3954} INFO - Setting next_dagrun for example_time_delta_sensor_async to None, run_after=None
[2025-06-27T00:29:29.966+0000] {processor.py:183} INFO - Processing /home/airflow/.local/lib/python3.10/site-packages/airflow/example_dags/example_time_delta_sensor_async.py took 0.129 seconds
[2025-06-27T00:30:00.852+0000] {logging_mixin.py:188} INFO - [2025-06-27T00:30:00.851+0000] {settings.py:250} DEBUG - Setting up DB connection pool (PID 14525)
[2025-06-27T00:30:00.854+0000] {logging_mixin.py:188} INFO - [2025-06-27T00:30:00.853+0000] {settings.py:330} DEBUG - settings.prepare_engine_args(): Using pool settings. pool_size=5, max_overflow=10, pool_recycle=1800, pid=14525
[2025-06-27T00:30:00.865+0000] {processor.py:161} INFO - Started process (PID=14525) to work on /home/airflow/.local/lib/python3.10/site-packages/airflow/example_dags/example_time_delta_sensor_async.py
[2025-06-27T00:30:00.866+0000] {processor.py:830} INFO - Processing file /home/airflow/.local/lib/python3.10/site-packages/airflow/example_dags/example_time_delta_sensor_async.py for tasks to queue
[2025-06-27T00:30:00.867+0000] {logging_mixin.py:188} INFO - [2025-06-27T00:30:00.867+0000] {dagbag.py:545} INFO - Filling up the DagBag from /home/airflow/.local/lib/python3.10/site-packages/airflow/example_dags/example_time_delta_sensor_async.py
[2025-06-27T00:30:00.870+0000] {logging_mixin.py:188} INFO - [2025-06-27T00:30:00.869+0000] {dagbag.py:337} DEBUG - Importing /home/airflow/.local/lib/python3.10/site-packages/airflow/example_dags/example_time_delta_sensor_async.py
[2025-06-27T00:30:00.878+0000] {logging_mixin.py:188} INFO - [2025-06-27T00:30:00.877+0000] {dagbag.py:511} DEBUG - Loaded DAG <DAG: example_time_delta_sensor_async>
[2025-06-27T00:30:00.879+0000] {processor.py:840} INFO - DAG(s) 'example_time_delta_sensor_async' retrieved from /home/airflow/.local/lib/python3.10/site-packages/airflow/example_dags/example_time_delta_sensor_async.py
[2025-06-27T00:30:00.882+0000] {logging_mixin.py:188} INFO - [2025-06-27T00:30:00.881+0000] {dagbag.py:667} DEBUG - Running dagbag.sync_to_db with retries. Try 1 of 3
[2025-06-27T00:30:00.882+0000] {logging_mixin.py:188} INFO - [2025-06-27T00:30:00.882+0000] {dagbag.py:672} DEBUG - Calling the DAG.bulk_sync_to_db method
[2025-06-27T00:30:00.904+0000] {logging_mixin.py:188} INFO - [2025-06-27T00:30:00.903+0000] {serialized_dag.py:166} DEBUG - Checking if DAG (example_time_delta_sensor_async) changed
[2025-06-27T00:30:00.909+0000] {logging_mixin.py:188} INFO - [2025-06-27T00:30:00.909+0000] {plugins_manager.py:332} DEBUG - Plugins are already loaded. Skipping.
[2025-06-27T00:30:00.910+0000] {logging_mixin.py:188} INFO - [2025-06-27T00:30:00.910+0000] {plugins_manager.py:410} DEBUG - Initialize custom taskinstance deps plugins
[2025-06-27T00:30:00.921+0000] {logging_mixin.py:188} INFO - [2025-06-27T00:30:00.921+0000] {serialized_dag.py:177} DEBUG - Serialized DAG (example_time_delta_sensor_async) is unchanged. Skipping writing to DB
[2025-06-27T00:30:00.923+0000] {logging_mixin.py:188} INFO - [2025-06-27T00:30:00.922+0000] {dag.py:3096} INFO - Sync 1 DAGs
[2025-06-27T00:30:00.944+0000] {logging_mixin.py:188} INFO - [2025-06-27T00:30:00.944+0000] {dag.py:3954} INFO - Setting next_dagrun for example_time_delta_sensor_async to None, run_after=None
[2025-06-27T00:30:00.974+0000] {processor.py:183} INFO - Processing /home/airflow/.local/lib/python3.10/site-packages/airflow/example_dags/example_time_delta_sensor_async.py took 0.124 seconds
[2025-06-27T00:30:31.269+0000] {logging_mixin.py:188} INFO - [2025-06-27T00:30:31.268+0000] {settings.py:250} DEBUG - Setting up DB connection pool (PID 14586)
[2025-06-27T00:30:31.272+0000] {logging_mixin.py:188} INFO - [2025-06-27T00:30:31.271+0000] {settings.py:330} DEBUG - settings.prepare_engine_args(): Using pool settings. pool_size=5, max_overflow=10, pool_recycle=1800, pid=14586
[2025-06-27T00:30:31.282+0000] {processor.py:161} INFO - Started process (PID=14586) to work on /home/airflow/.local/lib/python3.10/site-packages/airflow/example_dags/example_time_delta_sensor_async.py
[2025-06-27T00:30:31.283+0000] {processor.py:830} INFO - Processing file /home/airflow/.local/lib/python3.10/site-packages/airflow/example_dags/example_time_delta_sensor_async.py for tasks to queue
[2025-06-27T00:30:31.285+0000] {logging_mixin.py:188} INFO - [2025-06-27T00:30:31.284+0000] {dagbag.py:545} INFO - Filling up the DagBag from /home/airflow/.local/lib/python3.10/site-packages/airflow/example_dags/example_time_delta_sensor_async.py
[2025-06-27T00:30:31.287+0000] {logging_mixin.py:188} INFO - [2025-06-27T00:30:31.287+0000] {dagbag.py:337} DEBUG - Importing /home/airflow/.local/lib/python3.10/site-packages/airflow/example_dags/example_time_delta_sensor_async.py
[2025-06-27T00:30:31.298+0000] {logging_mixin.py:188} INFO - [2025-06-27T00:30:31.295+0000] {dagbag.py:511} DEBUG - Loaded DAG <DAG: example_time_delta_sensor_async>
[2025-06-27T00:30:31.299+0000] {processor.py:840} INFO - DAG(s) 'example_time_delta_sensor_async' retrieved from /home/airflow/.local/lib/python3.10/site-packages/airflow/example_dags/example_time_delta_sensor_async.py
[2025-06-27T00:30:31.301+0000] {logging_mixin.py:188} INFO - [2025-06-27T00:30:31.301+0000] {dagbag.py:667} DEBUG - Running dagbag.sync_to_db with retries. Try 1 of 3
[2025-06-27T00:30:31.302+0000] {logging_mixin.py:188} INFO - [2025-06-27T00:30:31.302+0000] {dagbag.py:672} DEBUG - Calling the DAG.bulk_sync_to_db method
[2025-06-27T00:30:31.325+0000] {logging_mixin.py:188} INFO - [2025-06-27T00:30:31.325+0000] {serialized_dag.py:166} DEBUG - Checking if DAG (example_time_delta_sensor_async) changed
[2025-06-27T00:30:31.331+0000] {logging_mixin.py:188} INFO - [2025-06-27T00:30:31.331+0000] {plugins_manager.py:332} DEBUG - Plugins are already loaded. Skipping.
[2025-06-27T00:30:31.333+0000] {logging_mixin.py:188} INFO - [2025-06-27T00:30:31.332+0000] {plugins_manager.py:410} DEBUG - Initialize custom taskinstance deps plugins
[2025-06-27T00:30:31.345+0000] {logging_mixin.py:188} INFO - [2025-06-27T00:30:31.345+0000] {serialized_dag.py:177} DEBUG - Serialized DAG (example_time_delta_sensor_async) is unchanged. Skipping writing to DB
[2025-06-27T00:30:31.346+0000] {logging_mixin.py:188} INFO - [2025-06-27T00:30:31.346+0000] {dag.py:3096} INFO - Sync 1 DAGs
[2025-06-27T00:30:31.367+0000] {logging_mixin.py:188} INFO - [2025-06-27T00:30:31.366+0000] {dag.py:3954} INFO - Setting next_dagrun for example_time_delta_sensor_async to None, run_after=None
[2025-06-27T00:30:31.398+0000] {processor.py:183} INFO - Processing /home/airflow/.local/lib/python3.10/site-packages/airflow/example_dags/example_time_delta_sensor_async.py took 0.130 seconds
[2025-06-27T00:31:01.489+0000] {logging_mixin.py:188} INFO - [2025-06-27T00:31:01.488+0000] {settings.py:250} DEBUG - Setting up DB connection pool (PID 14649)
[2025-06-27T00:31:01.492+0000] {logging_mixin.py:188} INFO - [2025-06-27T00:31:01.492+0000] {settings.py:330} DEBUG - settings.prepare_engine_args(): Using pool settings. pool_size=5, max_overflow=10, pool_recycle=1800, pid=14649
[2025-06-27T00:31:01.507+0000] {processor.py:161} INFO - Started process (PID=14649) to work on /home/airflow/.local/lib/python3.10/site-packages/airflow/example_dags/example_time_delta_sensor_async.py
[2025-06-27T00:31:01.509+0000] {processor.py:830} INFO - Processing file /home/airflow/.local/lib/python3.10/site-packages/airflow/example_dags/example_time_delta_sensor_async.py for tasks to queue
[2025-06-27T00:31:01.511+0000] {logging_mixin.py:188} INFO - [2025-06-27T00:31:01.510+0000] {dagbag.py:545} INFO - Filling up the DagBag from /home/airflow/.local/lib/python3.10/site-packages/airflow/example_dags/example_time_delta_sensor_async.py
[2025-06-27T00:31:01.514+0000] {logging_mixin.py:188} INFO - [2025-06-27T00:31:01.513+0000] {dagbag.py:337} DEBUG - Importing /home/airflow/.local/lib/python3.10/site-packages/airflow/example_dags/example_time_delta_sensor_async.py
[2025-06-27T00:31:01.526+0000] {logging_mixin.py:188} INFO - [2025-06-27T00:31:01.523+0000] {dagbag.py:511} DEBUG - Loaded DAG <DAG: example_time_delta_sensor_async>
[2025-06-27T00:31:01.527+0000] {processor.py:840} INFO - DAG(s) 'example_time_delta_sensor_async' retrieved from /home/airflow/.local/lib/python3.10/site-packages/airflow/example_dags/example_time_delta_sensor_async.py
[2025-06-27T00:31:01.529+0000] {logging_mixin.py:188} INFO - [2025-06-27T00:31:01.529+0000] {dagbag.py:667} DEBUG - Running dagbag.sync_to_db with retries. Try 1 of 3
[2025-06-27T00:31:01.530+0000] {logging_mixin.py:188} INFO - [2025-06-27T00:31:01.530+0000] {dagbag.py:672} DEBUG - Calling the DAG.bulk_sync_to_db method
[2025-06-27T00:31:01.553+0000] {logging_mixin.py:188} INFO - [2025-06-27T00:31:01.553+0000] {serialized_dag.py:166} DEBUG - Checking if DAG (example_time_delta_sensor_async) changed
[2025-06-27T00:31:01.558+0000] {logging_mixin.py:188} INFO - [2025-06-27T00:31:01.558+0000] {plugins_manager.py:332} DEBUG - Plugins are already loaded. Skipping.
[2025-06-27T00:31:01.559+0000] {logging_mixin.py:188} INFO - [2025-06-27T00:31:01.559+0000] {plugins_manager.py:410} DEBUG - Initialize custom taskinstance deps plugins
[2025-06-27T00:31:01.569+0000] {logging_mixin.py:188} INFO - [2025-06-27T00:31:01.569+0000] {serialized_dag.py:177} DEBUG - Serialized DAG (example_time_delta_sensor_async) is unchanged. Skipping writing to DB
[2025-06-27T00:31:01.570+0000] {logging_mixin.py:188} INFO - [2025-06-27T00:31:01.570+0000] {dag.py:3096} INFO - Sync 1 DAGs
[2025-06-27T00:31:01.586+0000] {logging_mixin.py:188} INFO - [2025-06-27T00:31:01.586+0000] {dag.py:3954} INFO - Setting next_dagrun for example_time_delta_sensor_async to None, run_after=None
[2025-06-27T00:31:01.610+0000] {processor.py:183} INFO - Processing /home/airflow/.local/lib/python3.10/site-packages/airflow/example_dags/example_time_delta_sensor_async.py took 0.122 seconds
[2025-06-27T00:31:31.988+0000] {logging_mixin.py:188} INFO - [2025-06-27T00:31:31.987+0000] {settings.py:250} DEBUG - Setting up DB connection pool (PID 14713)
[2025-06-27T00:31:31.990+0000] {logging_mixin.py:188} INFO - [2025-06-27T00:31:31.990+0000] {settings.py:330} DEBUG - settings.prepare_engine_args(): Using pool settings. pool_size=5, max_overflow=10, pool_recycle=1800, pid=14713
[2025-06-27T00:31:32.001+0000] {processor.py:161} INFO - Started process (PID=14713) to work on /home/airflow/.local/lib/python3.10/site-packages/airflow/example_dags/example_time_delta_sensor_async.py
[2025-06-27T00:31:32.002+0000] {processor.py:830} INFO - Processing file /home/airflow/.local/lib/python3.10/site-packages/airflow/example_dags/example_time_delta_sensor_async.py for tasks to queue
[2025-06-27T00:31:32.004+0000] {logging_mixin.py:188} INFO - [2025-06-27T00:31:32.003+0000] {dagbag.py:545} INFO - Filling up the DagBag from /home/airflow/.local/lib/python3.10/site-packages/airflow/example_dags/example_time_delta_sensor_async.py
[2025-06-27T00:31:32.006+0000] {logging_mixin.py:188} INFO - [2025-06-27T00:31:32.006+0000] {dagbag.py:337} DEBUG - Importing /home/airflow/.local/lib/python3.10/site-packages/airflow/example_dags/example_time_delta_sensor_async.py
[2025-06-27T00:31:32.014+0000] {logging_mixin.py:188} INFO - [2025-06-27T00:31:32.012+0000] {dagbag.py:511} DEBUG - Loaded DAG <DAG: example_time_delta_sensor_async>
[2025-06-27T00:31:32.015+0000] {processor.py:840} INFO - DAG(s) 'example_time_delta_sensor_async' retrieved from /home/airflow/.local/lib/python3.10/site-packages/airflow/example_dags/example_time_delta_sensor_async.py
[2025-06-27T00:31:32.017+0000] {logging_mixin.py:188} INFO - [2025-06-27T00:31:32.017+0000] {dagbag.py:667} DEBUG - Running dagbag.sync_to_db with retries. Try 1 of 3
[2025-06-27T00:31:32.018+0000] {logging_mixin.py:188} INFO - [2025-06-27T00:31:32.018+0000] {dagbag.py:672} DEBUG - Calling the DAG.bulk_sync_to_db method
[2025-06-27T00:31:32.045+0000] {logging_mixin.py:188} INFO - [2025-06-27T00:31:32.044+0000] {serialized_dag.py:166} DEBUG - Checking if DAG (example_time_delta_sensor_async) changed
[2025-06-27T00:31:32.051+0000] {logging_mixin.py:188} INFO - [2025-06-27T00:31:32.050+0000] {plugins_manager.py:332} DEBUG - Plugins are already loaded. Skipping.
[2025-06-27T00:31:32.052+0000] {logging_mixin.py:188} INFO - [2025-06-27T00:31:32.051+0000] {plugins_manager.py:410} DEBUG - Initialize custom taskinstance deps plugins
[2025-06-27T00:31:32.061+0000] {logging_mixin.py:188} INFO - [2025-06-27T00:31:32.060+0000] {serialized_dag.py:177} DEBUG - Serialized DAG (example_time_delta_sensor_async) is unchanged. Skipping writing to DB
[2025-06-27T00:31:32.062+0000] {logging_mixin.py:188} INFO - [2025-06-27T00:31:32.062+0000] {dag.py:3096} INFO - Sync 1 DAGs
[2025-06-27T00:31:32.078+0000] {logging_mixin.py:188} INFO - [2025-06-27T00:31:32.077+0000] {dag.py:3954} INFO - Setting next_dagrun for example_time_delta_sensor_async to None, run_after=None
[2025-06-27T00:31:32.108+0000] {processor.py:183} INFO - Processing /home/airflow/.local/lib/python3.10/site-packages/airflow/example_dags/example_time_delta_sensor_async.py took 0.121 seconds
[2025-06-27T00:32:02.926+0000] {logging_mixin.py:188} INFO - [2025-06-27T00:32:02.924+0000] {settings.py:250} DEBUG - Setting up DB connection pool (PID 14776)
[2025-06-27T00:32:02.928+0000] {logging_mixin.py:188} INFO - [2025-06-27T00:32:02.928+0000] {settings.py:330} DEBUG - settings.prepare_engine_args(): Using pool settings. pool_size=5, max_overflow=10, pool_recycle=1800, pid=14776
[2025-06-27T00:32:02.939+0000] {processor.py:161} INFO - Started process (PID=14776) to work on /home/airflow/.local/lib/python3.10/site-packages/airflow/example_dags/example_time_delta_sensor_async.py
[2025-06-27T00:32:02.941+0000] {processor.py:830} INFO - Processing file /home/airflow/.local/lib/python3.10/site-packages/airflow/example_dags/example_time_delta_sensor_async.py for tasks to queue
[2025-06-27T00:32:02.942+0000] {logging_mixin.py:188} INFO - [2025-06-27T00:32:02.942+0000] {dagbag.py:545} INFO - Filling up the DagBag from /home/airflow/.local/lib/python3.10/site-packages/airflow/example_dags/example_time_delta_sensor_async.py
[2025-06-27T00:32:02.944+0000] {logging_mixin.py:188} INFO - [2025-06-27T00:32:02.944+0000] {dagbag.py:337} DEBUG - Importing /home/airflow/.local/lib/python3.10/site-packages/airflow/example_dags/example_time_delta_sensor_async.py
[2025-06-27T00:32:02.952+0000] {logging_mixin.py:188} INFO - [2025-06-27T00:32:02.950+0000] {dagbag.py:511} DEBUG - Loaded DAG <DAG: example_time_delta_sensor_async>
[2025-06-27T00:32:02.953+0000] {processor.py:840} INFO - DAG(s) 'example_time_delta_sensor_async' retrieved from /home/airflow/.local/lib/python3.10/site-packages/airflow/example_dags/example_time_delta_sensor_async.py
[2025-06-27T00:32:02.955+0000] {logging_mixin.py:188} INFO - [2025-06-27T00:32:02.955+0000] {dagbag.py:667} DEBUG - Running dagbag.sync_to_db with retries. Try 1 of 3
[2025-06-27T00:32:02.956+0000] {logging_mixin.py:188} INFO - [2025-06-27T00:32:02.956+0000] {dagbag.py:672} DEBUG - Calling the DAG.bulk_sync_to_db method
[2025-06-27T00:32:02.975+0000] {logging_mixin.py:188} INFO - [2025-06-27T00:32:02.975+0000] {serialized_dag.py:166} DEBUG - Checking if DAG (example_time_delta_sensor_async) changed
[2025-06-27T00:32:02.980+0000] {logging_mixin.py:188} INFO - [2025-06-27T00:32:02.980+0000] {plugins_manager.py:332} DEBUG - Plugins are already loaded. Skipping.
[2025-06-27T00:32:02.980+0000] {logging_mixin.py:188} INFO - [2025-06-27T00:32:02.980+0000] {plugins_manager.py:410} DEBUG - Initialize custom taskinstance deps plugins
[2025-06-27T00:32:02.988+0000] {logging_mixin.py:188} INFO - [2025-06-27T00:32:02.988+0000] {serialized_dag.py:177} DEBUG - Serialized DAG (example_time_delta_sensor_async) is unchanged. Skipping writing to DB
[2025-06-27T00:32:02.989+0000] {logging_mixin.py:188} INFO - [2025-06-27T00:32:02.989+0000] {dag.py:3096} INFO - Sync 1 DAGs
[2025-06-27T00:32:03.005+0000] {logging_mixin.py:188} INFO - [2025-06-27T00:32:03.005+0000] {dag.py:3954} INFO - Setting next_dagrun for example_time_delta_sensor_async to None, run_after=None
[2025-06-27T00:32:03.036+0000] {processor.py:183} INFO - Processing /home/airflow/.local/lib/python3.10/site-packages/airflow/example_dags/example_time_delta_sensor_async.py took 0.112 seconds
[2025-06-27T00:32:33.416+0000] {logging_mixin.py:188} INFO - [2025-06-27T00:32:33.415+0000] {settings.py:250} DEBUG - Setting up DB connection pool (PID 14839)
[2025-06-27T00:32:33.419+0000] {logging_mixin.py:188} INFO - [2025-06-27T00:32:33.418+0000] {settings.py:330} DEBUG - settings.prepare_engine_args(): Using pool settings. pool_size=5, max_overflow=10, pool_recycle=1800, pid=14839
[2025-06-27T00:32:33.430+0000] {processor.py:161} INFO - Started process (PID=14839) to work on /home/airflow/.local/lib/python3.10/site-packages/airflow/example_dags/example_time_delta_sensor_async.py
[2025-06-27T00:32:33.431+0000] {processor.py:830} INFO - Processing file /home/airflow/.local/lib/python3.10/site-packages/airflow/example_dags/example_time_delta_sensor_async.py for tasks to queue
[2025-06-27T00:32:33.434+0000] {logging_mixin.py:188} INFO - [2025-06-27T00:32:33.433+0000] {dagbag.py:545} INFO - Filling up the DagBag from /home/airflow/.local/lib/python3.10/site-packages/airflow/example_dags/example_time_delta_sensor_async.py
[2025-06-27T00:32:33.437+0000] {logging_mixin.py:188} INFO - [2025-06-27T00:32:33.437+0000] {dagbag.py:337} DEBUG - Importing /home/airflow/.local/lib/python3.10/site-packages/airflow/example_dags/example_time_delta_sensor_async.py
[2025-06-27T00:32:33.447+0000] {logging_mixin.py:188} INFO - [2025-06-27T00:32:33.444+0000] {dagbag.py:511} DEBUG - Loaded DAG <DAG: example_time_delta_sensor_async>
[2025-06-27T00:32:33.448+0000] {processor.py:840} INFO - DAG(s) 'example_time_delta_sensor_async' retrieved from /home/airflow/.local/lib/python3.10/site-packages/airflow/example_dags/example_time_delta_sensor_async.py
[2025-06-27T00:32:33.451+0000] {logging_mixin.py:188} INFO - [2025-06-27T00:32:33.451+0000] {dagbag.py:667} DEBUG - Running dagbag.sync_to_db with retries. Try 1 of 3
[2025-06-27T00:32:33.452+0000] {logging_mixin.py:188} INFO - [2025-06-27T00:32:33.452+0000] {dagbag.py:672} DEBUG - Calling the DAG.bulk_sync_to_db method
[2025-06-27T00:32:33.477+0000] {logging_mixin.py:188} INFO - [2025-06-27T00:32:33.477+0000] {serialized_dag.py:166} DEBUG - Checking if DAG (example_time_delta_sensor_async) changed
[2025-06-27T00:32:33.484+0000] {logging_mixin.py:188} INFO - [2025-06-27T00:32:33.483+0000] {plugins_manager.py:332} DEBUG - Plugins are already loaded. Skipping.
[2025-06-27T00:32:33.485+0000] {logging_mixin.py:188} INFO - [2025-06-27T00:32:33.484+0000] {plugins_manager.py:410} DEBUG - Initialize custom taskinstance deps plugins
[2025-06-27T00:32:33.497+0000] {logging_mixin.py:188} INFO - [2025-06-27T00:32:33.496+0000] {serialized_dag.py:177} DEBUG - Serialized DAG (example_time_delta_sensor_async) is unchanged. Skipping writing to DB
[2025-06-27T00:32:33.498+0000] {logging_mixin.py:188} INFO - [2025-06-27T00:32:33.498+0000] {dag.py:3096} INFO - Sync 1 DAGs
[2025-06-27T00:32:33.518+0000] {logging_mixin.py:188} INFO - [2025-06-27T00:32:33.518+0000] {dag.py:3954} INFO - Setting next_dagrun for example_time_delta_sensor_async to None, run_after=None
[2025-06-27T00:32:33.561+0000] {processor.py:183} INFO - Processing /home/airflow/.local/lib/python3.10/site-packages/airflow/example_dags/example_time_delta_sensor_async.py took 0.146 seconds
[2025-06-27T00:33:03.788+0000] {logging_mixin.py:188} INFO - [2025-06-27T00:33:03.787+0000] {settings.py:250} DEBUG - Setting up DB connection pool (PID 14902)
[2025-06-27T00:33:03.790+0000] {logging_mixin.py:188} INFO - [2025-06-27T00:33:03.790+0000] {settings.py:330} DEBUG - settings.prepare_engine_args(): Using pool settings. pool_size=5, max_overflow=10, pool_recycle=1800, pid=14902
[2025-06-27T00:33:03.807+0000] {processor.py:161} INFO - Started process (PID=14902) to work on /home/airflow/.local/lib/python3.10/site-packages/airflow/example_dags/example_time_delta_sensor_async.py
[2025-06-27T00:33:03.809+0000] {processor.py:830} INFO - Processing file /home/airflow/.local/lib/python3.10/site-packages/airflow/example_dags/example_time_delta_sensor_async.py for tasks to queue
[2025-06-27T00:33:03.811+0000] {logging_mixin.py:188} INFO - [2025-06-27T00:33:03.810+0000] {dagbag.py:545} INFO - Filling up the DagBag from /home/airflow/.local/lib/python3.10/site-packages/airflow/example_dags/example_time_delta_sensor_async.py
[2025-06-27T00:33:03.816+0000] {logging_mixin.py:188} INFO - [2025-06-27T00:33:03.815+0000] {dagbag.py:337} DEBUG - Importing /home/airflow/.local/lib/python3.10/site-packages/airflow/example_dags/example_time_delta_sensor_async.py
[2025-06-27T00:33:03.830+0000] {logging_mixin.py:188} INFO - [2025-06-27T00:33:03.826+0000] {dagbag.py:511} DEBUG - Loaded DAG <DAG: example_time_delta_sensor_async>
[2025-06-27T00:33:03.831+0000] {processor.py:840} INFO - DAG(s) 'example_time_delta_sensor_async' retrieved from /home/airflow/.local/lib/python3.10/site-packages/airflow/example_dags/example_time_delta_sensor_async.py
[2025-06-27T00:33:03.836+0000] {logging_mixin.py:188} INFO - [2025-06-27T00:33:03.836+0000] {dagbag.py:667} DEBUG - Running dagbag.sync_to_db with retries. Try 1 of 3
[2025-06-27T00:33:03.837+0000] {logging_mixin.py:188} INFO - [2025-06-27T00:33:03.837+0000] {dagbag.py:672} DEBUG - Calling the DAG.bulk_sync_to_db method
[2025-06-27T00:33:03.865+0000] {logging_mixin.py:188} INFO - [2025-06-27T00:33:03.864+0000] {serialized_dag.py:166} DEBUG - Checking if DAG (example_time_delta_sensor_async) changed
[2025-06-27T00:33:03.871+0000] {logging_mixin.py:188} INFO - [2025-06-27T00:33:03.871+0000] {plugins_manager.py:332} DEBUG - Plugins are already loaded. Skipping.
[2025-06-27T00:33:03.872+0000] {logging_mixin.py:188} INFO - [2025-06-27T00:33:03.872+0000] {plugins_manager.py:410} DEBUG - Initialize custom taskinstance deps plugins
[2025-06-27T00:33:03.884+0000] {logging_mixin.py:188} INFO - [2025-06-27T00:33:03.883+0000] {serialized_dag.py:177} DEBUG - Serialized DAG (example_time_delta_sensor_async) is unchanged. Skipping writing to DB
[2025-06-27T00:33:03.885+0000] {logging_mixin.py:188} INFO - [2025-06-27T00:33:03.884+0000] {dag.py:3096} INFO - Sync 1 DAGs
[2025-06-27T00:33:03.904+0000] {logging_mixin.py:188} INFO - [2025-06-27T00:33:03.904+0000] {dag.py:3954} INFO - Setting next_dagrun for example_time_delta_sensor_async to None, run_after=None
[2025-06-27T00:33:03.942+0000] {processor.py:183} INFO - Processing /home/airflow/.local/lib/python3.10/site-packages/airflow/example_dags/example_time_delta_sensor_async.py took 0.156 seconds
[2025-06-27T00:33:34.093+0000] {logging_mixin.py:188} INFO - [2025-06-27T00:33:34.091+0000] {settings.py:250} DEBUG - Setting up DB connection pool (PID 14965)
[2025-06-27T00:33:34.096+0000] {logging_mixin.py:188} INFO - [2025-06-27T00:33:34.095+0000] {settings.py:330} DEBUG - settings.prepare_engine_args(): Using pool settings. pool_size=5, max_overflow=10, pool_recycle=1800, pid=14965
[2025-06-27T00:33:34.107+0000] {processor.py:161} INFO - Started process (PID=14965) to work on /home/airflow/.local/lib/python3.10/site-packages/airflow/example_dags/example_time_delta_sensor_async.py
[2025-06-27T00:33:34.108+0000] {processor.py:830} INFO - Processing file /home/airflow/.local/lib/python3.10/site-packages/airflow/example_dags/example_time_delta_sensor_async.py for tasks to queue
[2025-06-27T00:33:34.110+0000] {logging_mixin.py:188} INFO - [2025-06-27T00:33:34.110+0000] {dagbag.py:545} INFO - Filling up the DagBag from /home/airflow/.local/lib/python3.10/site-packages/airflow/example_dags/example_time_delta_sensor_async.py
[2025-06-27T00:33:34.112+0000] {logging_mixin.py:188} INFO - [2025-06-27T00:33:34.112+0000] {dagbag.py:337} DEBUG - Importing /home/airflow/.local/lib/python3.10/site-packages/airflow/example_dags/example_time_delta_sensor_async.py
[2025-06-27T00:33:34.124+0000] {logging_mixin.py:188} INFO - [2025-06-27T00:33:34.122+0000] {dagbag.py:511} DEBUG - Loaded DAG <DAG: example_time_delta_sensor_async>
[2025-06-27T00:33:34.125+0000] {processor.py:840} INFO - DAG(s) 'example_time_delta_sensor_async' retrieved from /home/airflow/.local/lib/python3.10/site-packages/airflow/example_dags/example_time_delta_sensor_async.py
[2025-06-27T00:33:34.128+0000] {logging_mixin.py:188} INFO - [2025-06-27T00:33:34.127+0000] {dagbag.py:667} DEBUG - Running dagbag.sync_to_db with retries. Try 1 of 3
[2025-06-27T00:33:34.129+0000] {logging_mixin.py:188} INFO - [2025-06-27T00:33:34.129+0000] {dagbag.py:672} DEBUG - Calling the DAG.bulk_sync_to_db method
[2025-06-27T00:33:34.153+0000] {logging_mixin.py:188} INFO - [2025-06-27T00:33:34.152+0000] {serialized_dag.py:166} DEBUG - Checking if DAG (example_time_delta_sensor_async) changed
[2025-06-27T00:33:34.158+0000] {logging_mixin.py:188} INFO - [2025-06-27T00:33:34.158+0000] {plugins_manager.py:332} DEBUG - Plugins are already loaded. Skipping.
[2025-06-27T00:33:34.159+0000] {logging_mixin.py:188} INFO - [2025-06-27T00:33:34.159+0000] {plugins_manager.py:410} DEBUG - Initialize custom taskinstance deps plugins
[2025-06-27T00:33:34.169+0000] {logging_mixin.py:188} INFO - [2025-06-27T00:33:34.169+0000] {serialized_dag.py:177} DEBUG - Serialized DAG (example_time_delta_sensor_async) is unchanged. Skipping writing to DB
[2025-06-27T00:33:34.170+0000] {logging_mixin.py:188} INFO - [2025-06-27T00:33:34.170+0000] {dag.py:3096} INFO - Sync 1 DAGs
[2025-06-27T00:33:34.188+0000] {logging_mixin.py:188} INFO - [2025-06-27T00:33:34.188+0000] {dag.py:3954} INFO - Setting next_dagrun for example_time_delta_sensor_async to None, run_after=None
[2025-06-27T00:33:34.219+0000] {processor.py:183} INFO - Processing /home/airflow/.local/lib/python3.10/site-packages/airflow/example_dags/example_time_delta_sensor_async.py took 0.128 seconds
[2025-06-27T00:34:04.725+0000] {logging_mixin.py:188} INFO - [2025-06-27T00:34:04.723+0000] {settings.py:250} DEBUG - Setting up DB connection pool (PID 15028)
[2025-06-27T00:34:04.727+0000] {logging_mixin.py:188} INFO - [2025-06-27T00:34:04.727+0000] {settings.py:330} DEBUG - settings.prepare_engine_args(): Using pool settings. pool_size=5, max_overflow=10, pool_recycle=1800, pid=15028
[2025-06-27T00:34:04.740+0000] {processor.py:161} INFO - Started process (PID=15028) to work on /home/airflow/.local/lib/python3.10/site-packages/airflow/example_dags/example_time_delta_sensor_async.py
[2025-06-27T00:34:04.741+0000] {processor.py:830} INFO - Processing file /home/airflow/.local/lib/python3.10/site-packages/airflow/example_dags/example_time_delta_sensor_async.py for tasks to queue
[2025-06-27T00:34:04.743+0000] {logging_mixin.py:188} INFO - [2025-06-27T00:34:04.743+0000] {dagbag.py:545} INFO - Filling up the DagBag from /home/airflow/.local/lib/python3.10/site-packages/airflow/example_dags/example_time_delta_sensor_async.py
[2025-06-27T00:34:04.746+0000] {logging_mixin.py:188} INFO - [2025-06-27T00:34:04.746+0000] {dagbag.py:337} DEBUG - Importing /home/airflow/.local/lib/python3.10/site-packages/airflow/example_dags/example_time_delta_sensor_async.py
[2025-06-27T00:34:04.757+0000] {logging_mixin.py:188} INFO - [2025-06-27T00:34:04.754+0000] {dagbag.py:511} DEBUG - Loaded DAG <DAG: example_time_delta_sensor_async>
[2025-06-27T00:34:04.758+0000] {processor.py:840} INFO - DAG(s) 'example_time_delta_sensor_async' retrieved from /home/airflow/.local/lib/python3.10/site-packages/airflow/example_dags/example_time_delta_sensor_async.py
[2025-06-27T00:34:04.761+0000] {logging_mixin.py:188} INFO - [2025-06-27T00:34:04.761+0000] {dagbag.py:667} DEBUG - Running dagbag.sync_to_db with retries. Try 1 of 3
[2025-06-27T00:34:04.762+0000] {logging_mixin.py:188} INFO - [2025-06-27T00:34:04.762+0000] {dagbag.py:672} DEBUG - Calling the DAG.bulk_sync_to_db method
[2025-06-27T00:34:04.787+0000] {logging_mixin.py:188} INFO - [2025-06-27T00:34:04.787+0000] {serialized_dag.py:166} DEBUG - Checking if DAG (example_time_delta_sensor_async) changed
[2025-06-27T00:34:04.794+0000] {logging_mixin.py:188} INFO - [2025-06-27T00:34:04.794+0000] {plugins_manager.py:332} DEBUG - Plugins are already loaded. Skipping.
[2025-06-27T00:34:04.796+0000] {logging_mixin.py:188} INFO - [2025-06-27T00:34:04.795+0000] {plugins_manager.py:410} DEBUG - Initialize custom taskinstance deps plugins
[2025-06-27T00:34:04.806+0000] {logging_mixin.py:188} INFO - [2025-06-27T00:34:04.806+0000] {serialized_dag.py:177} DEBUG - Serialized DAG (example_time_delta_sensor_async) is unchanged. Skipping writing to DB
[2025-06-27T00:34:04.807+0000] {logging_mixin.py:188} INFO - [2025-06-27T00:34:04.807+0000] {dag.py:3096} INFO - Sync 1 DAGs
[2025-06-27T00:34:04.829+0000] {logging_mixin.py:188} INFO - [2025-06-27T00:34:04.829+0000] {dag.py:3954} INFO - Setting next_dagrun for example_time_delta_sensor_async to None, run_after=None
[2025-06-27T00:34:04.871+0000] {processor.py:183} INFO - Processing /home/airflow/.local/lib/python3.10/site-packages/airflow/example_dags/example_time_delta_sensor_async.py took 0.148 seconds
[2025-06-27T00:34:36.779+0000] {logging_mixin.py:188} INFO - [2025-06-27T00:34:36.778+0000] {settings.py:250} DEBUG - Setting up DB connection pool (PID 15091)
[2025-06-27T00:34:36.781+0000] {logging_mixin.py:188} INFO - [2025-06-27T00:34:36.781+0000] {settings.py:330} DEBUG - settings.prepare_engine_args(): Using pool settings. pool_size=5, max_overflow=10, pool_recycle=1800, pid=15091
[2025-06-27T00:34:36.792+0000] {processor.py:161} INFO - Started process (PID=15091) to work on /home/airflow/.local/lib/python3.10/site-packages/airflow/example_dags/example_time_delta_sensor_async.py
[2025-06-27T00:34:36.794+0000] {processor.py:830} INFO - Processing file /home/airflow/.local/lib/python3.10/site-packages/airflow/example_dags/example_time_delta_sensor_async.py for tasks to queue
[2025-06-27T00:34:36.796+0000] {logging_mixin.py:188} INFO - [2025-06-27T00:34:36.795+0000] {dagbag.py:545} INFO - Filling up the DagBag from /home/airflow/.local/lib/python3.10/site-packages/airflow/example_dags/example_time_delta_sensor_async.py
[2025-06-27T00:34:36.798+0000] {logging_mixin.py:188} INFO - [2025-06-27T00:34:36.798+0000] {dagbag.py:337} DEBUG - Importing /home/airflow/.local/lib/python3.10/site-packages/airflow/example_dags/example_time_delta_sensor_async.py
[2025-06-27T00:34:36.808+0000] {logging_mixin.py:188} INFO - [2025-06-27T00:34:36.805+0000] {dagbag.py:511} DEBUG - Loaded DAG <DAG: example_time_delta_sensor_async>
[2025-06-27T00:34:36.809+0000] {processor.py:840} INFO - DAG(s) 'example_time_delta_sensor_async' retrieved from /home/airflow/.local/lib/python3.10/site-packages/airflow/example_dags/example_time_delta_sensor_async.py
[2025-06-27T00:34:36.812+0000] {logging_mixin.py:188} INFO - [2025-06-27T00:34:36.811+0000] {dagbag.py:667} DEBUG - Running dagbag.sync_to_db with retries. Try 1 of 3
[2025-06-27T00:34:36.813+0000] {logging_mixin.py:188} INFO - [2025-06-27T00:34:36.812+0000] {dagbag.py:672} DEBUG - Calling the DAG.bulk_sync_to_db method
[2025-06-27T00:34:36.838+0000] {logging_mixin.py:188} INFO - [2025-06-27T00:34:36.838+0000] {serialized_dag.py:166} DEBUG - Checking if DAG (example_time_delta_sensor_async) changed
[2025-06-27T00:34:36.844+0000] {logging_mixin.py:188} INFO - [2025-06-27T00:34:36.844+0000] {plugins_manager.py:332} DEBUG - Plugins are already loaded. Skipping.
[2025-06-27T00:34:36.846+0000] {logging_mixin.py:188} INFO - [2025-06-27T00:34:36.845+0000] {plugins_manager.py:410} DEBUG - Initialize custom taskinstance deps plugins
[2025-06-27T00:34:36.857+0000] {logging_mixin.py:188} INFO - [2025-06-27T00:34:36.856+0000] {serialized_dag.py:177} DEBUG - Serialized DAG (example_time_delta_sensor_async) is unchanged. Skipping writing to DB
[2025-06-27T00:34:36.858+0000] {logging_mixin.py:188} INFO - [2025-06-27T00:34:36.858+0000] {dag.py:3096} INFO - Sync 1 DAGs
[2025-06-27T00:34:36.880+0000] {logging_mixin.py:188} INFO - [2025-06-27T00:34:36.880+0000] {dag.py:3954} INFO - Setting next_dagrun for example_time_delta_sensor_async to None, run_after=None
[2025-06-27T00:34:36.925+0000] {processor.py:183} INFO - Processing /home/airflow/.local/lib/python3.10/site-packages/airflow/example_dags/example_time_delta_sensor_async.py took 0.147 seconds
[2025-06-27T00:35:07.227+0000] {logging_mixin.py:188} INFO - [2025-06-27T00:35:07.225+0000] {settings.py:250} DEBUG - Setting up DB connection pool (PID 15152)
[2025-06-27T00:35:07.229+0000] {logging_mixin.py:188} INFO - [2025-06-27T00:35:07.229+0000] {settings.py:330} DEBUG - settings.prepare_engine_args(): Using pool settings. pool_size=5, max_overflow=10, pool_recycle=1800, pid=15152
[2025-06-27T00:35:07.240+0000] {processor.py:161} INFO - Started process (PID=15152) to work on /home/airflow/.local/lib/python3.10/site-packages/airflow/example_dags/example_time_delta_sensor_async.py
[2025-06-27T00:35:07.242+0000] {processor.py:830} INFO - Processing file /home/airflow/.local/lib/python3.10/site-packages/airflow/example_dags/example_time_delta_sensor_async.py for tasks to queue
[2025-06-27T00:35:07.243+0000] {logging_mixin.py:188} INFO - [2025-06-27T00:35:07.243+0000] {dagbag.py:545} INFO - Filling up the DagBag from /home/airflow/.local/lib/python3.10/site-packages/airflow/example_dags/example_time_delta_sensor_async.py
[2025-06-27T00:35:07.246+0000] {logging_mixin.py:188} INFO - [2025-06-27T00:35:07.246+0000] {dagbag.py:337} DEBUG - Importing /home/airflow/.local/lib/python3.10/site-packages/airflow/example_dags/example_time_delta_sensor_async.py
[2025-06-27T00:35:07.256+0000] {logging_mixin.py:188} INFO - [2025-06-27T00:35:07.254+0000] {dagbag.py:511} DEBUG - Loaded DAG <DAG: example_time_delta_sensor_async>
[2025-06-27T00:35:07.257+0000] {processor.py:840} INFO - DAG(s) 'example_time_delta_sensor_async' retrieved from /home/airflow/.local/lib/python3.10/site-packages/airflow/example_dags/example_time_delta_sensor_async.py
[2025-06-27T00:35:07.260+0000] {logging_mixin.py:188} INFO - [2025-06-27T00:35:07.260+0000] {dagbag.py:667} DEBUG - Running dagbag.sync_to_db with retries. Try 1 of 3
[2025-06-27T00:35:07.261+0000] {logging_mixin.py:188} INFO - [2025-06-27T00:35:07.261+0000] {dagbag.py:672} DEBUG - Calling the DAG.bulk_sync_to_db method
[2025-06-27T00:35:07.284+0000] {logging_mixin.py:188} INFO - [2025-06-27T00:35:07.284+0000] {serialized_dag.py:166} DEBUG - Checking if DAG (example_time_delta_sensor_async) changed
[2025-06-27T00:35:07.291+0000] {logging_mixin.py:188} INFO - [2025-06-27T00:35:07.291+0000] {plugins_manager.py:332} DEBUG - Plugins are already loaded. Skipping.
[2025-06-27T00:35:07.292+0000] {logging_mixin.py:188} INFO - [2025-06-27T00:35:07.292+0000] {plugins_manager.py:410} DEBUG - Initialize custom taskinstance deps plugins
[2025-06-27T00:35:07.302+0000] {logging_mixin.py:188} INFO - [2025-06-27T00:35:07.301+0000] {serialized_dag.py:177} DEBUG - Serialized DAG (example_time_delta_sensor_async) is unchanged. Skipping writing to DB
[2025-06-27T00:35:07.303+0000] {logging_mixin.py:188} INFO - [2025-06-27T00:35:07.303+0000] {dag.py:3096} INFO - Sync 1 DAGs
[2025-06-27T00:35:07.320+0000] {logging_mixin.py:188} INFO - [2025-06-27T00:35:07.320+0000] {dag.py:3954} INFO - Setting next_dagrun for example_time_delta_sensor_async to None, run_after=None
[2025-06-27T00:35:07.351+0000] {processor.py:183} INFO - Processing /home/airflow/.local/lib/python3.10/site-packages/airflow/example_dags/example_time_delta_sensor_async.py took 0.126 seconds
[2025-06-27T00:35:37.647+0000] {logging_mixin.py:188} INFO - [2025-06-27T00:35:37.646+0000] {settings.py:250} DEBUG - Setting up DB connection pool (PID 15215)
[2025-06-27T00:35:37.649+0000] {logging_mixin.py:188} INFO - [2025-06-27T00:35:37.649+0000] {settings.py:330} DEBUG - settings.prepare_engine_args(): Using pool settings. pool_size=5, max_overflow=10, pool_recycle=1800, pid=15215
[2025-06-27T00:35:37.662+0000] {processor.py:161} INFO - Started process (PID=15215) to work on /home/airflow/.local/lib/python3.10/site-packages/airflow/example_dags/example_time_delta_sensor_async.py
[2025-06-27T00:35:37.663+0000] {processor.py:830} INFO - Processing file /home/airflow/.local/lib/python3.10/site-packages/airflow/example_dags/example_time_delta_sensor_async.py for tasks to queue
[2025-06-27T00:35:37.665+0000] {logging_mixin.py:188} INFO - [2025-06-27T00:35:37.664+0000] {dagbag.py:545} INFO - Filling up the DagBag from /home/airflow/.local/lib/python3.10/site-packages/airflow/example_dags/example_time_delta_sensor_async.py
[2025-06-27T00:35:37.667+0000] {logging_mixin.py:188} INFO - [2025-06-27T00:35:37.667+0000] {dagbag.py:337} DEBUG - Importing /home/airflow/.local/lib/python3.10/site-packages/airflow/example_dags/example_time_delta_sensor_async.py
[2025-06-27T00:35:37.678+0000] {logging_mixin.py:188} INFO - [2025-06-27T00:35:37.675+0000] {dagbag.py:511} DEBUG - Loaded DAG <DAG: example_time_delta_sensor_async>
[2025-06-27T00:35:37.679+0000] {processor.py:840} INFO - DAG(s) 'example_time_delta_sensor_async' retrieved from /home/airflow/.local/lib/python3.10/site-packages/airflow/example_dags/example_time_delta_sensor_async.py
[2025-06-27T00:35:37.681+0000] {logging_mixin.py:188} INFO - [2025-06-27T00:35:37.681+0000] {dagbag.py:667} DEBUG - Running dagbag.sync_to_db with retries. Try 1 of 3
[2025-06-27T00:35:37.682+0000] {logging_mixin.py:188} INFO - [2025-06-27T00:35:37.682+0000] {dagbag.py:672} DEBUG - Calling the DAG.bulk_sync_to_db method
[2025-06-27T00:35:37.707+0000] {logging_mixin.py:188} INFO - [2025-06-27T00:35:37.706+0000] {serialized_dag.py:166} DEBUG - Checking if DAG (example_time_delta_sensor_async) changed
[2025-06-27T00:35:37.712+0000] {logging_mixin.py:188} INFO - [2025-06-27T00:35:37.712+0000] {plugins_manager.py:332} DEBUG - Plugins are already loaded. Skipping.
[2025-06-27T00:35:37.714+0000] {logging_mixin.py:188} INFO - [2025-06-27T00:35:37.713+0000] {plugins_manager.py:410} DEBUG - Initialize custom taskinstance deps plugins
[2025-06-27T00:35:37.724+0000] {logging_mixin.py:188} INFO - [2025-06-27T00:35:37.723+0000] {serialized_dag.py:177} DEBUG - Serialized DAG (example_time_delta_sensor_async) is unchanged. Skipping writing to DB
[2025-06-27T00:35:37.725+0000] {logging_mixin.py:188} INFO - [2025-06-27T00:35:37.725+0000] {dag.py:3096} INFO - Sync 1 DAGs
[2025-06-27T00:35:37.748+0000] {logging_mixin.py:188} INFO - [2025-06-27T00:35:37.748+0000] {dag.py:3954} INFO - Setting next_dagrun for example_time_delta_sensor_async to None, run_after=None
[2025-06-27T00:35:37.777+0000] {processor.py:183} INFO - Processing /home/airflow/.local/lib/python3.10/site-packages/airflow/example_dags/example_time_delta_sensor_async.py took 0.131 seconds
[2025-06-27T00:36:08.366+0000] {logging_mixin.py:188} INFO - [2025-06-27T00:36:08.364+0000] {settings.py:250} DEBUG - Setting up DB connection pool (PID 15278)
[2025-06-27T00:36:08.368+0000] {logging_mixin.py:188} INFO - [2025-06-27T00:36:08.367+0000] {settings.py:330} DEBUG - settings.prepare_engine_args(): Using pool settings. pool_size=5, max_overflow=10, pool_recycle=1800, pid=15278
[2025-06-27T00:36:08.382+0000] {processor.py:161} INFO - Started process (PID=15278) to work on /home/airflow/.local/lib/python3.10/site-packages/airflow/example_dags/example_time_delta_sensor_async.py
[2025-06-27T00:36:08.384+0000] {processor.py:830} INFO - Processing file /home/airflow/.local/lib/python3.10/site-packages/airflow/example_dags/example_time_delta_sensor_async.py for tasks to queue
[2025-06-27T00:36:08.386+0000] {logging_mixin.py:188} INFO - [2025-06-27T00:36:08.385+0000] {dagbag.py:545} INFO - Filling up the DagBag from /home/airflow/.local/lib/python3.10/site-packages/airflow/example_dags/example_time_delta_sensor_async.py
[2025-06-27T00:36:08.391+0000] {logging_mixin.py:188} INFO - [2025-06-27T00:36:08.390+0000] {dagbag.py:337} DEBUG - Importing /home/airflow/.local/lib/python3.10/site-packages/airflow/example_dags/example_time_delta_sensor_async.py
[2025-06-27T00:36:08.409+0000] {logging_mixin.py:188} INFO - [2025-06-27T00:36:08.405+0000] {dagbag.py:511} DEBUG - Loaded DAG <DAG: example_time_delta_sensor_async>
[2025-06-27T00:36:08.410+0000] {processor.py:840} INFO - DAG(s) 'example_time_delta_sensor_async' retrieved from /home/airflow/.local/lib/python3.10/site-packages/airflow/example_dags/example_time_delta_sensor_async.py
[2025-06-27T00:36:08.413+0000] {logging_mixin.py:188} INFO - [2025-06-27T00:36:08.413+0000] {dagbag.py:667} DEBUG - Running dagbag.sync_to_db with retries. Try 1 of 3
[2025-06-27T00:36:08.414+0000] {logging_mixin.py:188} INFO - [2025-06-27T00:36:08.414+0000] {dagbag.py:672} DEBUG - Calling the DAG.bulk_sync_to_db method
[2025-06-27T00:36:08.438+0000] {logging_mixin.py:188} INFO - [2025-06-27T00:36:08.438+0000] {serialized_dag.py:166} DEBUG - Checking if DAG (example_time_delta_sensor_async) changed
[2025-06-27T00:36:08.446+0000] {logging_mixin.py:188} INFO - [2025-06-27T00:36:08.445+0000] {plugins_manager.py:332} DEBUG - Plugins are already loaded. Skipping.
[2025-06-27T00:36:08.447+0000] {logging_mixin.py:188} INFO - [2025-06-27T00:36:08.446+0000] {plugins_manager.py:410} DEBUG - Initialize custom taskinstance deps plugins
[2025-06-27T00:36:08.459+0000] {logging_mixin.py:188} INFO - [2025-06-27T00:36:08.458+0000] {serialized_dag.py:177} DEBUG - Serialized DAG (example_time_delta_sensor_async) is unchanged. Skipping writing to DB
[2025-06-27T00:36:08.460+0000] {logging_mixin.py:188} INFO - [2025-06-27T00:36:08.460+0000] {dag.py:3096} INFO - Sync 1 DAGs
[2025-06-27T00:36:08.484+0000] {logging_mixin.py:188} INFO - [2025-06-27T00:36:08.483+0000] {dag.py:3954} INFO - Setting next_dagrun for example_time_delta_sensor_async to None, run_after=None
[2025-06-27T00:36:08.519+0000] {processor.py:183} INFO - Processing /home/airflow/.local/lib/python3.10/site-packages/airflow/example_dags/example_time_delta_sensor_async.py took 0.154 seconds
[2025-06-27T00:36:39.490+0000] {logging_mixin.py:188} INFO - [2025-06-27T00:36:39.489+0000] {settings.py:250} DEBUG - Setting up DB connection pool (PID 15341)
[2025-06-27T00:36:39.492+0000] {logging_mixin.py:188} INFO - [2025-06-27T00:36:39.492+0000] {settings.py:330} DEBUG - settings.prepare_engine_args(): Using pool settings. pool_size=5, max_overflow=10, pool_recycle=1800, pid=15341
[2025-06-27T00:36:39.503+0000] {processor.py:161} INFO - Started process (PID=15341) to work on /home/airflow/.local/lib/python3.10/site-packages/airflow/example_dags/example_time_delta_sensor_async.py
[2025-06-27T00:36:39.504+0000] {processor.py:830} INFO - Processing file /home/airflow/.local/lib/python3.10/site-packages/airflow/example_dags/example_time_delta_sensor_async.py for tasks to queue
[2025-06-27T00:36:39.506+0000] {logging_mixin.py:188} INFO - [2025-06-27T00:36:39.505+0000] {dagbag.py:545} INFO - Filling up the DagBag from /home/airflow/.local/lib/python3.10/site-packages/airflow/example_dags/example_time_delta_sensor_async.py
[2025-06-27T00:36:39.508+0000] {logging_mixin.py:188} INFO - [2025-06-27T00:36:39.508+0000] {dagbag.py:337} DEBUG - Importing /home/airflow/.local/lib/python3.10/site-packages/airflow/example_dags/example_time_delta_sensor_async.py
[2025-06-27T00:36:39.518+0000] {logging_mixin.py:188} INFO - [2025-06-27T00:36:39.514+0000] {dagbag.py:511} DEBUG - Loaded DAG <DAG: example_time_delta_sensor_async>
[2025-06-27T00:36:39.518+0000] {processor.py:840} INFO - DAG(s) 'example_time_delta_sensor_async' retrieved from /home/airflow/.local/lib/python3.10/site-packages/airflow/example_dags/example_time_delta_sensor_async.py
[2025-06-27T00:36:39.521+0000] {logging_mixin.py:188} INFO - [2025-06-27T00:36:39.521+0000] {dagbag.py:667} DEBUG - Running dagbag.sync_to_db with retries. Try 1 of 3
[2025-06-27T00:36:39.522+0000] {logging_mixin.py:188} INFO - [2025-06-27T00:36:39.522+0000] {dagbag.py:672} DEBUG - Calling the DAG.bulk_sync_to_db method
[2025-06-27T00:36:39.545+0000] {logging_mixin.py:188} INFO - [2025-06-27T00:36:39.544+0000] {serialized_dag.py:166} DEBUG - Checking if DAG (example_time_delta_sensor_async) changed
[2025-06-27T00:36:39.550+0000] {logging_mixin.py:188} INFO - [2025-06-27T00:36:39.550+0000] {plugins_manager.py:332} DEBUG - Plugins are already loaded. Skipping.
[2025-06-27T00:36:39.552+0000] {logging_mixin.py:188} INFO - [2025-06-27T00:36:39.552+0000] {plugins_manager.py:410} DEBUG - Initialize custom taskinstance deps plugins
[2025-06-27T00:36:39.562+0000] {logging_mixin.py:188} INFO - [2025-06-27T00:36:39.562+0000] {serialized_dag.py:177} DEBUG - Serialized DAG (example_time_delta_sensor_async) is unchanged. Skipping writing to DB
[2025-06-27T00:36:39.563+0000] {logging_mixin.py:188} INFO - [2025-06-27T00:36:39.563+0000] {dag.py:3096} INFO - Sync 1 DAGs
[2025-06-27T00:36:39.585+0000] {logging_mixin.py:188} INFO - [2025-06-27T00:36:39.584+0000] {dag.py:3954} INFO - Setting next_dagrun for example_time_delta_sensor_async to None, run_after=None
[2025-06-27T00:36:39.618+0000] {processor.py:183} INFO - Processing /home/airflow/.local/lib/python3.10/site-packages/airflow/example_dags/example_time_delta_sensor_async.py took 0.130 seconds
[2025-06-27T00:37:10.216+0000] {logging_mixin.py:188} INFO - [2025-06-27T00:37:10.215+0000] {settings.py:250} DEBUG - Setting up DB connection pool (PID 15404)
[2025-06-27T00:37:10.218+0000] {logging_mixin.py:188} INFO - [2025-06-27T00:37:10.218+0000] {settings.py:330} DEBUG - settings.prepare_engine_args(): Using pool settings. pool_size=5, max_overflow=10, pool_recycle=1800, pid=15404
[2025-06-27T00:37:10.229+0000] {processor.py:161} INFO - Started process (PID=15404) to work on /home/airflow/.local/lib/python3.10/site-packages/airflow/example_dags/example_time_delta_sensor_async.py
[2025-06-27T00:37:10.231+0000] {processor.py:830} INFO - Processing file /home/airflow/.local/lib/python3.10/site-packages/airflow/example_dags/example_time_delta_sensor_async.py for tasks to queue
[2025-06-27T00:37:10.232+0000] {logging_mixin.py:188} INFO - [2025-06-27T00:37:10.232+0000] {dagbag.py:545} INFO - Filling up the DagBag from /home/airflow/.local/lib/python3.10/site-packages/airflow/example_dags/example_time_delta_sensor_async.py
[2025-06-27T00:37:10.235+0000] {logging_mixin.py:188} INFO - [2025-06-27T00:37:10.235+0000] {dagbag.py:337} DEBUG - Importing /home/airflow/.local/lib/python3.10/site-packages/airflow/example_dags/example_time_delta_sensor_async.py
[2025-06-27T00:37:10.246+0000] {logging_mixin.py:188} INFO - [2025-06-27T00:37:10.243+0000] {dagbag.py:511} DEBUG - Loaded DAG <DAG: example_time_delta_sensor_async>
[2025-06-27T00:37:10.247+0000] {processor.py:840} INFO - DAG(s) 'example_time_delta_sensor_async' retrieved from /home/airflow/.local/lib/python3.10/site-packages/airflow/example_dags/example_time_delta_sensor_async.py
[2025-06-27T00:37:10.249+0000] {logging_mixin.py:188} INFO - [2025-06-27T00:37:10.249+0000] {dagbag.py:667} DEBUG - Running dagbag.sync_to_db with retries. Try 1 of 3
[2025-06-27T00:37:10.268+0000] {logging_mixin.py:188} INFO - [2025-06-27T00:37:10.267+0000] {dagbag.py:672} DEBUG - Calling the DAG.bulk_sync_to_db method
[2025-06-27T00:37:10.288+0000] {logging_mixin.py:188} INFO - [2025-06-27T00:37:10.288+0000] {serialized_dag.py:166} DEBUG - Checking if DAG (example_time_delta_sensor_async) changed
[2025-06-27T00:37:10.293+0000] {logging_mixin.py:188} INFO - [2025-06-27T00:37:10.293+0000] {plugins_manager.py:332} DEBUG - Plugins are already loaded. Skipping.
[2025-06-27T00:37:10.294+0000] {logging_mixin.py:188} INFO - [2025-06-27T00:37:10.294+0000] {plugins_manager.py:410} DEBUG - Initialize custom taskinstance deps plugins
[2025-06-27T00:37:10.302+0000] {logging_mixin.py:188} INFO - [2025-06-27T00:37:10.302+0000] {serialized_dag.py:177} DEBUG - Serialized DAG (example_time_delta_sensor_async) is unchanged. Skipping writing to DB
[2025-06-27T00:37:10.303+0000] {logging_mixin.py:188} INFO - [2025-06-27T00:37:10.303+0000] {dag.py:3096} INFO - Sync 1 DAGs
[2025-06-27T00:37:10.318+0000] {logging_mixin.py:188} INFO - [2025-06-27T00:37:10.318+0000] {dag.py:3954} INFO - Setting next_dagrun for example_time_delta_sensor_async to None, run_after=None
[2025-06-27T00:37:10.344+0000] {processor.py:183} INFO - Processing /home/airflow/.local/lib/python3.10/site-packages/airflow/example_dags/example_time_delta_sensor_async.py took 0.129 seconds
[2025-06-27T00:37:40.687+0000] {logging_mixin.py:188} INFO - [2025-06-27T00:37:40.686+0000] {settings.py:250} DEBUG - Setting up DB connection pool (PID 15468)
[2025-06-27T00:37:40.689+0000] {logging_mixin.py:188} INFO - [2025-06-27T00:37:40.689+0000] {settings.py:330} DEBUG - settings.prepare_engine_args(): Using pool settings. pool_size=5, max_overflow=10, pool_recycle=1800, pid=15468
[2025-06-27T00:37:40.703+0000] {processor.py:161} INFO - Started process (PID=15468) to work on /home/airflow/.local/lib/python3.10/site-packages/airflow/example_dags/example_time_delta_sensor_async.py
[2025-06-27T00:37:40.704+0000] {processor.py:830} INFO - Processing file /home/airflow/.local/lib/python3.10/site-packages/airflow/example_dags/example_time_delta_sensor_async.py for tasks to queue
[2025-06-27T00:37:40.706+0000] {logging_mixin.py:188} INFO - [2025-06-27T00:37:40.705+0000] {dagbag.py:545} INFO - Filling up the DagBag from /home/airflow/.local/lib/python3.10/site-packages/airflow/example_dags/example_time_delta_sensor_async.py
[2025-06-27T00:37:40.709+0000] {logging_mixin.py:188} INFO - [2025-06-27T00:37:40.708+0000] {dagbag.py:337} DEBUG - Importing /home/airflow/.local/lib/python3.10/site-packages/airflow/example_dags/example_time_delta_sensor_async.py
[2025-06-27T00:37:40.721+0000] {logging_mixin.py:188} INFO - [2025-06-27T00:37:40.717+0000] {dagbag.py:511} DEBUG - Loaded DAG <DAG: example_time_delta_sensor_async>
[2025-06-27T00:37:40.723+0000] {processor.py:840} INFO - DAG(s) 'example_time_delta_sensor_async' retrieved from /home/airflow/.local/lib/python3.10/site-packages/airflow/example_dags/example_time_delta_sensor_async.py
[2025-06-27T00:37:40.726+0000] {logging_mixin.py:188} INFO - [2025-06-27T00:37:40.725+0000] {dagbag.py:667} DEBUG - Running dagbag.sync_to_db with retries. Try 1 of 3
[2025-06-27T00:37:40.727+0000] {logging_mixin.py:188} INFO - [2025-06-27T00:37:40.726+0000] {dagbag.py:672} DEBUG - Calling the DAG.bulk_sync_to_db method
[2025-06-27T00:37:40.752+0000] {logging_mixin.py:188} INFO - [2025-06-27T00:37:40.752+0000] {serialized_dag.py:166} DEBUG - Checking if DAG (example_time_delta_sensor_async) changed
[2025-06-27T00:37:40.758+0000] {logging_mixin.py:188} INFO - [2025-06-27T00:37:40.757+0000] {plugins_manager.py:332} DEBUG - Plugins are already loaded. Skipping.
[2025-06-27T00:37:40.759+0000] {logging_mixin.py:188} INFO - [2025-06-27T00:37:40.758+0000] {plugins_manager.py:410} DEBUG - Initialize custom taskinstance deps plugins
[2025-06-27T00:37:40.769+0000] {logging_mixin.py:188} INFO - [2025-06-27T00:37:40.768+0000] {serialized_dag.py:177} DEBUG - Serialized DAG (example_time_delta_sensor_async) is unchanged. Skipping writing to DB
[2025-06-27T00:37:40.770+0000] {logging_mixin.py:188} INFO - [2025-06-27T00:37:40.769+0000] {dag.py:3096} INFO - Sync 1 DAGs
[2025-06-27T00:37:40.786+0000] {logging_mixin.py:188} INFO - [2025-06-27T00:37:40.786+0000] {dag.py:3954} INFO - Setting next_dagrun for example_time_delta_sensor_async to None, run_after=None
[2025-06-27T00:37:40.814+0000] {processor.py:183} INFO - Processing /home/airflow/.local/lib/python3.10/site-packages/airflow/example_dags/example_time_delta_sensor_async.py took 0.128 seconds
[2025-06-27T00:38:11.716+0000] {logging_mixin.py:188} INFO - [2025-06-27T00:38:11.714+0000] {settings.py:250} DEBUG - Setting up DB connection pool (PID 15532)
[2025-06-27T00:38:11.718+0000] {logging_mixin.py:188} INFO - [2025-06-27T00:38:11.717+0000] {settings.py:330} DEBUG - settings.prepare_engine_args(): Using pool settings. pool_size=5, max_overflow=10, pool_recycle=1800, pid=15532
[2025-06-27T00:38:11.733+0000] {processor.py:161} INFO - Started process (PID=15532) to work on /home/airflow/.local/lib/python3.10/site-packages/airflow/example_dags/example_time_delta_sensor_async.py
[2025-06-27T00:38:11.734+0000] {processor.py:830} INFO - Processing file /home/airflow/.local/lib/python3.10/site-packages/airflow/example_dags/example_time_delta_sensor_async.py for tasks to queue
[2025-06-27T00:38:11.736+0000] {logging_mixin.py:188} INFO - [2025-06-27T00:38:11.736+0000] {dagbag.py:545} INFO - Filling up the DagBag from /home/airflow/.local/lib/python3.10/site-packages/airflow/example_dags/example_time_delta_sensor_async.py
[2025-06-27T00:38:11.739+0000] {logging_mixin.py:188} INFO - [2025-06-27T00:38:11.739+0000] {dagbag.py:337} DEBUG - Importing /home/airflow/.local/lib/python3.10/site-packages/airflow/example_dags/example_time_delta_sensor_async.py
[2025-06-27T00:38:11.752+0000] {logging_mixin.py:188} INFO - [2025-06-27T00:38:11.749+0000] {dagbag.py:511} DEBUG - Loaded DAG <DAG: example_time_delta_sensor_async>
[2025-06-27T00:38:11.752+0000] {processor.py:840} INFO - DAG(s) 'example_time_delta_sensor_async' retrieved from /home/airflow/.local/lib/python3.10/site-packages/airflow/example_dags/example_time_delta_sensor_async.py
[2025-06-27T00:38:11.755+0000] {logging_mixin.py:188} INFO - [2025-06-27T00:38:11.755+0000] {dagbag.py:667} DEBUG - Running dagbag.sync_to_db with retries. Try 1 of 3
[2025-06-27T00:38:11.756+0000] {logging_mixin.py:188} INFO - [2025-06-27T00:38:11.756+0000] {dagbag.py:672} DEBUG - Calling the DAG.bulk_sync_to_db method
[2025-06-27T00:38:11.781+0000] {logging_mixin.py:188} INFO - [2025-06-27T00:38:11.781+0000] {serialized_dag.py:166} DEBUG - Checking if DAG (example_time_delta_sensor_async) changed
[2025-06-27T00:38:11.788+0000] {logging_mixin.py:188} INFO - [2025-06-27T00:38:11.787+0000] {plugins_manager.py:332} DEBUG - Plugins are already loaded. Skipping.
[2025-06-27T00:38:11.789+0000] {logging_mixin.py:188} INFO - [2025-06-27T00:38:11.789+0000] {plugins_manager.py:410} DEBUG - Initialize custom taskinstance deps plugins
[2025-06-27T00:38:11.801+0000] {logging_mixin.py:188} INFO - [2025-06-27T00:38:11.800+0000] {serialized_dag.py:177} DEBUG - Serialized DAG (example_time_delta_sensor_async) is unchanged. Skipping writing to DB
[2025-06-27T00:38:11.802+0000] {logging_mixin.py:188} INFO - [2025-06-27T00:38:11.802+0000] {dag.py:3096} INFO - Sync 1 DAGs
[2025-06-27T00:38:11.824+0000] {logging_mixin.py:188} INFO - [2025-06-27T00:38:11.824+0000] {dag.py:3954} INFO - Setting next_dagrun for example_time_delta_sensor_async to None, run_after=None
[2025-06-27T00:38:11.854+0000] {processor.py:183} INFO - Processing /home/airflow/.local/lib/python3.10/site-packages/airflow/example_dags/example_time_delta_sensor_async.py took 0.140 seconds
[2025-06-27T00:38:42.499+0000] {logging_mixin.py:188} INFO - [2025-06-27T00:38:42.497+0000] {settings.py:250} DEBUG - Setting up DB connection pool (PID 15595)
[2025-06-27T00:38:42.502+0000] {logging_mixin.py:188} INFO - [2025-06-27T00:38:42.502+0000] {settings.py:330} DEBUG - settings.prepare_engine_args(): Using pool settings. pool_size=5, max_overflow=10, pool_recycle=1800, pid=15595
[2025-06-27T00:38:42.518+0000] {processor.py:161} INFO - Started process (PID=15595) to work on /home/airflow/.local/lib/python3.10/site-packages/airflow/example_dags/example_time_delta_sensor_async.py
[2025-06-27T00:38:42.519+0000] {processor.py:830} INFO - Processing file /home/airflow/.local/lib/python3.10/site-packages/airflow/example_dags/example_time_delta_sensor_async.py for tasks to queue
[2025-06-27T00:38:42.521+0000] {logging_mixin.py:188} INFO - [2025-06-27T00:38:42.521+0000] {dagbag.py:545} INFO - Filling up the DagBag from /home/airflow/.local/lib/python3.10/site-packages/airflow/example_dags/example_time_delta_sensor_async.py
[2025-06-27T00:38:42.524+0000] {logging_mixin.py:188} INFO - [2025-06-27T00:38:42.524+0000] {dagbag.py:337} DEBUG - Importing /home/airflow/.local/lib/python3.10/site-packages/airflow/example_dags/example_time_delta_sensor_async.py
[2025-06-27T00:38:42.537+0000] {logging_mixin.py:188} INFO - [2025-06-27T00:38:42.533+0000] {dagbag.py:511} DEBUG - Loaded DAG <DAG: example_time_delta_sensor_async>
[2025-06-27T00:38:42.538+0000] {processor.py:840} INFO - DAG(s) 'example_time_delta_sensor_async' retrieved from /home/airflow/.local/lib/python3.10/site-packages/airflow/example_dags/example_time_delta_sensor_async.py
[2025-06-27T00:38:42.542+0000] {logging_mixin.py:188} INFO - [2025-06-27T00:38:42.541+0000] {dagbag.py:667} DEBUG - Running dagbag.sync_to_db with retries. Try 1 of 3
[2025-06-27T00:38:42.543+0000] {logging_mixin.py:188} INFO - [2025-06-27T00:38:42.543+0000] {dagbag.py:672} DEBUG - Calling the DAG.bulk_sync_to_db method
[2025-06-27T00:38:42.568+0000] {logging_mixin.py:188} INFO - [2025-06-27T00:38:42.567+0000] {serialized_dag.py:166} DEBUG - Checking if DAG (example_time_delta_sensor_async) changed
[2025-06-27T00:38:42.574+0000] {logging_mixin.py:188} INFO - [2025-06-27T00:38:42.573+0000] {plugins_manager.py:332} DEBUG - Plugins are already loaded. Skipping.
[2025-06-27T00:38:42.575+0000] {logging_mixin.py:188} INFO - [2025-06-27T00:38:42.575+0000] {plugins_manager.py:410} DEBUG - Initialize custom taskinstance deps plugins
[2025-06-27T00:38:42.585+0000] {logging_mixin.py:188} INFO - [2025-06-27T00:38:42.585+0000] {serialized_dag.py:177} DEBUG - Serialized DAG (example_time_delta_sensor_async) is unchanged. Skipping writing to DB
[2025-06-27T00:38:42.586+0000] {logging_mixin.py:188} INFO - [2025-06-27T00:38:42.586+0000] {dag.py:3096} INFO - Sync 1 DAGs
[2025-06-27T00:38:42.606+0000] {logging_mixin.py:188} INFO - [2025-06-27T00:38:42.606+0000] {dag.py:3954} INFO - Setting next_dagrun for example_time_delta_sensor_async to None, run_after=None
[2025-06-27T00:38:42.638+0000] {processor.py:183} INFO - Processing /home/airflow/.local/lib/python3.10/site-packages/airflow/example_dags/example_time_delta_sensor_async.py took 0.141 seconds
[2025-06-27T00:39:12.922+0000] {logging_mixin.py:188} INFO - [2025-06-27T00:39:12.921+0000] {settings.py:250} DEBUG - Setting up DB connection pool (PID 15659)
[2025-06-27T00:39:12.924+0000] {logging_mixin.py:188} INFO - [2025-06-27T00:39:12.923+0000] {settings.py:330} DEBUG - settings.prepare_engine_args(): Using pool settings. pool_size=5, max_overflow=10, pool_recycle=1800, pid=15659
[2025-06-27T00:39:12.934+0000] {processor.py:161} INFO - Started process (PID=15659) to work on /home/airflow/.local/lib/python3.10/site-packages/airflow/example_dags/example_time_delta_sensor_async.py
[2025-06-27T00:39:12.939+0000] {processor.py:830} INFO - Processing file /home/airflow/.local/lib/python3.10/site-packages/airflow/example_dags/example_time_delta_sensor_async.py for tasks to queue
[2025-06-27T00:39:12.941+0000] {logging_mixin.py:188} INFO - [2025-06-27T00:39:12.941+0000] {dagbag.py:545} INFO - Filling up the DagBag from /home/airflow/.local/lib/python3.10/site-packages/airflow/example_dags/example_time_delta_sensor_async.py
[2025-06-27T00:39:12.944+0000] {logging_mixin.py:188} INFO - [2025-06-27T00:39:12.944+0000] {dagbag.py:337} DEBUG - Importing /home/airflow/.local/lib/python3.10/site-packages/airflow/example_dags/example_time_delta_sensor_async.py
[2025-06-27T00:39:12.954+0000] {logging_mixin.py:188} INFO - [2025-06-27T00:39:12.951+0000] {dagbag.py:511} DEBUG - Loaded DAG <DAG: example_time_delta_sensor_async>
[2025-06-27T00:39:12.954+0000] {processor.py:840} INFO - DAG(s) 'example_time_delta_sensor_async' retrieved from /home/airflow/.local/lib/python3.10/site-packages/airflow/example_dags/example_time_delta_sensor_async.py
[2025-06-27T00:39:12.957+0000] {logging_mixin.py:188} INFO - [2025-06-27T00:39:12.957+0000] {dagbag.py:667} DEBUG - Running dagbag.sync_to_db with retries. Try 1 of 3
[2025-06-27T00:39:12.958+0000] {logging_mixin.py:188} INFO - [2025-06-27T00:39:12.958+0000] {dagbag.py:672} DEBUG - Calling the DAG.bulk_sync_to_db method
[2025-06-27T00:39:12.988+0000] {logging_mixin.py:188} INFO - [2025-06-27T00:39:12.987+0000] {serialized_dag.py:166} DEBUG - Checking if DAG (example_time_delta_sensor_async) changed
[2025-06-27T00:39:12.995+0000] {logging_mixin.py:188} INFO - [2025-06-27T00:39:12.994+0000] {plugins_manager.py:332} DEBUG - Plugins are already loaded. Skipping.
[2025-06-27T00:39:12.996+0000] {logging_mixin.py:188} INFO - [2025-06-27T00:39:12.996+0000] {plugins_manager.py:410} DEBUG - Initialize custom taskinstance deps plugins
[2025-06-27T00:39:13.009+0000] {logging_mixin.py:188} INFO - [2025-06-27T00:39:13.008+0000] {serialized_dag.py:177} DEBUG - Serialized DAG (example_time_delta_sensor_async) is unchanged. Skipping writing to DB
[2025-06-27T00:39:13.010+0000] {logging_mixin.py:188} INFO - [2025-06-27T00:39:13.009+0000] {dag.py:3096} INFO - Sync 1 DAGs
[2025-06-27T00:39:13.031+0000] {logging_mixin.py:188} INFO - [2025-06-27T00:39:13.030+0000] {dag.py:3954} INFO - Setting next_dagrun for example_time_delta_sensor_async to None, run_after=None
[2025-06-27T00:39:13.067+0000] {processor.py:183} INFO - Processing /home/airflow/.local/lib/python3.10/site-packages/airflow/example_dags/example_time_delta_sensor_async.py took 0.147 seconds
[2025-06-27T00:39:43.905+0000] {logging_mixin.py:188} INFO - [2025-06-27T00:39:43.904+0000] {settings.py:250} DEBUG - Setting up DB connection pool (PID 15721)
[2025-06-27T00:39:43.907+0000] {logging_mixin.py:188} INFO - [2025-06-27T00:39:43.907+0000] {settings.py:330} DEBUG - settings.prepare_engine_args(): Using pool settings. pool_size=5, max_overflow=10, pool_recycle=1800, pid=15721
[2025-06-27T00:39:43.920+0000] {processor.py:161} INFO - Started process (PID=15721) to work on /home/airflow/.local/lib/python3.10/site-packages/airflow/example_dags/example_time_delta_sensor_async.py
[2025-06-27T00:39:43.922+0000] {processor.py:830} INFO - Processing file /home/airflow/.local/lib/python3.10/site-packages/airflow/example_dags/example_time_delta_sensor_async.py for tasks to queue
[2025-06-27T00:39:43.923+0000] {logging_mixin.py:188} INFO - [2025-06-27T00:39:43.923+0000] {dagbag.py:545} INFO - Filling up the DagBag from /home/airflow/.local/lib/python3.10/site-packages/airflow/example_dags/example_time_delta_sensor_async.py
[2025-06-27T00:39:43.926+0000] {logging_mixin.py:188} INFO - [2025-06-27T00:39:43.926+0000] {dagbag.py:337} DEBUG - Importing /home/airflow/.local/lib/python3.10/site-packages/airflow/example_dags/example_time_delta_sensor_async.py
[2025-06-27T00:39:43.937+0000] {logging_mixin.py:188} INFO - [2025-06-27T00:39:43.935+0000] {dagbag.py:511} DEBUG - Loaded DAG <DAG: example_time_delta_sensor_async>
[2025-06-27T00:39:43.938+0000] {processor.py:840} INFO - DAG(s) 'example_time_delta_sensor_async' retrieved from /home/airflow/.local/lib/python3.10/site-packages/airflow/example_dags/example_time_delta_sensor_async.py
[2025-06-27T00:39:43.941+0000] {logging_mixin.py:188} INFO - [2025-06-27T00:39:43.941+0000] {dagbag.py:667} DEBUG - Running dagbag.sync_to_db with retries. Try 1 of 3
[2025-06-27T00:39:43.942+0000] {logging_mixin.py:188} INFO - [2025-06-27T00:39:43.942+0000] {dagbag.py:672} DEBUG - Calling the DAG.bulk_sync_to_db method
[2025-06-27T00:39:43.967+0000] {logging_mixin.py:188} INFO - [2025-06-27T00:39:43.966+0000] {serialized_dag.py:166} DEBUG - Checking if DAG (example_time_delta_sensor_async) changed
[2025-06-27T00:39:43.975+0000] {logging_mixin.py:188} INFO - [2025-06-27T00:39:43.975+0000] {plugins_manager.py:332} DEBUG - Plugins are already loaded. Skipping.
[2025-06-27T00:39:43.976+0000] {logging_mixin.py:188} INFO - [2025-06-27T00:39:43.976+0000] {plugins_manager.py:410} DEBUG - Initialize custom taskinstance deps plugins
[2025-06-27T00:39:43.987+0000] {logging_mixin.py:188} INFO - [2025-06-27T00:39:43.986+0000] {serialized_dag.py:177} DEBUG - Serialized DAG (example_time_delta_sensor_async) is unchanged. Skipping writing to DB
[2025-06-27T00:39:43.989+0000] {logging_mixin.py:188} INFO - [2025-06-27T00:39:43.989+0000] {dag.py:3096} INFO - Sync 1 DAGs
[2025-06-27T00:39:44.015+0000] {logging_mixin.py:188} INFO - [2025-06-27T00:39:44.014+0000] {dag.py:3954} INFO - Setting next_dagrun for example_time_delta_sensor_async to None, run_after=None
[2025-06-27T00:39:44.058+0000] {processor.py:183} INFO - Processing /home/airflow/.local/lib/python3.10/site-packages/airflow/example_dags/example_time_delta_sensor_async.py took 0.155 seconds
[2025-06-27T00:40:14.483+0000] {logging_mixin.py:188} INFO - [2025-06-27T00:40:14.482+0000] {settings.py:250} DEBUG - Setting up DB connection pool (PID 15782)
[2025-06-27T00:40:14.486+0000] {logging_mixin.py:188} INFO - [2025-06-27T00:40:14.485+0000] {settings.py:330} DEBUG - settings.prepare_engine_args(): Using pool settings. pool_size=5, max_overflow=10, pool_recycle=1800, pid=15782
[2025-06-27T00:40:14.497+0000] {processor.py:161} INFO - Started process (PID=15782) to work on /home/airflow/.local/lib/python3.10/site-packages/airflow/example_dags/example_time_delta_sensor_async.py
[2025-06-27T00:40:14.499+0000] {processor.py:830} INFO - Processing file /home/airflow/.local/lib/python3.10/site-packages/airflow/example_dags/example_time_delta_sensor_async.py for tasks to queue
[2025-06-27T00:40:14.500+0000] {logging_mixin.py:188} INFO - [2025-06-27T00:40:14.500+0000] {dagbag.py:545} INFO - Filling up the DagBag from /home/airflow/.local/lib/python3.10/site-packages/airflow/example_dags/example_time_delta_sensor_async.py
[2025-06-27T00:40:14.504+0000] {logging_mixin.py:188} INFO - [2025-06-27T00:40:14.504+0000] {dagbag.py:337} DEBUG - Importing /home/airflow/.local/lib/python3.10/site-packages/airflow/example_dags/example_time_delta_sensor_async.py
[2025-06-27T00:40:14.517+0000] {logging_mixin.py:188} INFO - [2025-06-27T00:40:14.515+0000] {dagbag.py:511} DEBUG - Loaded DAG <DAG: example_time_delta_sensor_async>
[2025-06-27T00:40:14.518+0000] {processor.py:840} INFO - DAG(s) 'example_time_delta_sensor_async' retrieved from /home/airflow/.local/lib/python3.10/site-packages/airflow/example_dags/example_time_delta_sensor_async.py
[2025-06-27T00:40:14.521+0000] {logging_mixin.py:188} INFO - [2025-06-27T00:40:14.521+0000] {dagbag.py:667} DEBUG - Running dagbag.sync_to_db with retries. Try 1 of 3
[2025-06-27T00:40:14.522+0000] {logging_mixin.py:188} INFO - [2025-06-27T00:40:14.522+0000] {dagbag.py:672} DEBUG - Calling the DAG.bulk_sync_to_db method
[2025-06-27T00:40:14.546+0000] {logging_mixin.py:188} INFO - [2025-06-27T00:40:14.546+0000] {serialized_dag.py:166} DEBUG - Checking if DAG (example_time_delta_sensor_async) changed
[2025-06-27T00:40:14.553+0000] {logging_mixin.py:188} INFO - [2025-06-27T00:40:14.552+0000] {plugins_manager.py:332} DEBUG - Plugins are already loaded. Skipping.
[2025-06-27T00:40:14.553+0000] {logging_mixin.py:188} INFO - [2025-06-27T00:40:14.553+0000] {plugins_manager.py:410} DEBUG - Initialize custom taskinstance deps plugins
[2025-06-27T00:40:14.565+0000] {logging_mixin.py:188} INFO - [2025-06-27T00:40:14.564+0000] {serialized_dag.py:177} DEBUG - Serialized DAG (example_time_delta_sensor_async) is unchanged. Skipping writing to DB
[2025-06-27T00:40:14.566+0000] {logging_mixin.py:188} INFO - [2025-06-27T00:40:14.566+0000] {dag.py:3096} INFO - Sync 1 DAGs
[2025-06-27T00:40:14.589+0000] {logging_mixin.py:188} INFO - [2025-06-27T00:40:14.588+0000] {dag.py:3954} INFO - Setting next_dagrun for example_time_delta_sensor_async to None, run_after=None
[2025-06-27T00:40:14.626+0000] {processor.py:183} INFO - Processing /home/airflow/.local/lib/python3.10/site-packages/airflow/example_dags/example_time_delta_sensor_async.py took 0.145 seconds
[2025-06-27T00:40:45.109+0000] {logging_mixin.py:188} INFO - [2025-06-27T00:40:45.108+0000] {settings.py:250} DEBUG - Setting up DB connection pool (PID 15845)
[2025-06-27T00:40:45.111+0000] {logging_mixin.py:188} INFO - [2025-06-27T00:40:45.111+0000] {settings.py:330} DEBUG - settings.prepare_engine_args(): Using pool settings. pool_size=5, max_overflow=10, pool_recycle=1800, pid=15845
[2025-06-27T00:40:45.123+0000] {processor.py:161} INFO - Started process (PID=15845) to work on /home/airflow/.local/lib/python3.10/site-packages/airflow/example_dags/example_time_delta_sensor_async.py
[2025-06-27T00:40:45.125+0000] {processor.py:830} INFO - Processing file /home/airflow/.local/lib/python3.10/site-packages/airflow/example_dags/example_time_delta_sensor_async.py for tasks to queue
[2025-06-27T00:40:45.127+0000] {logging_mixin.py:188} INFO - [2025-06-27T00:40:45.126+0000] {dagbag.py:545} INFO - Filling up the DagBag from /home/airflow/.local/lib/python3.10/site-packages/airflow/example_dags/example_time_delta_sensor_async.py
[2025-06-27T00:40:45.130+0000] {logging_mixin.py:188} INFO - [2025-06-27T00:40:45.129+0000] {dagbag.py:337} DEBUG - Importing /home/airflow/.local/lib/python3.10/site-packages/airflow/example_dags/example_time_delta_sensor_async.py
[2025-06-27T00:40:45.142+0000] {logging_mixin.py:188} INFO - [2025-06-27T00:40:45.138+0000] {dagbag.py:511} DEBUG - Loaded DAG <DAG: example_time_delta_sensor_async>
[2025-06-27T00:40:45.143+0000] {processor.py:840} INFO - DAG(s) 'example_time_delta_sensor_async' retrieved from /home/airflow/.local/lib/python3.10/site-packages/airflow/example_dags/example_time_delta_sensor_async.py
[2025-06-27T00:40:45.146+0000] {logging_mixin.py:188} INFO - [2025-06-27T00:40:45.146+0000] {dagbag.py:667} DEBUG - Running dagbag.sync_to_db with retries. Try 1 of 3
[2025-06-27T00:40:45.147+0000] {logging_mixin.py:188} INFO - [2025-06-27T00:40:45.147+0000] {dagbag.py:672} DEBUG - Calling the DAG.bulk_sync_to_db method
[2025-06-27T00:40:45.173+0000] {logging_mixin.py:188} INFO - [2025-06-27T00:40:45.173+0000] {serialized_dag.py:166} DEBUG - Checking if DAG (example_time_delta_sensor_async) changed
[2025-06-27T00:40:45.181+0000] {logging_mixin.py:188} INFO - [2025-06-27T00:40:45.180+0000] {plugins_manager.py:332} DEBUG - Plugins are already loaded. Skipping.
[2025-06-27T00:40:45.182+0000] {logging_mixin.py:188} INFO - [2025-06-27T00:40:45.181+0000] {plugins_manager.py:410} DEBUG - Initialize custom taskinstance deps plugins
[2025-06-27T00:40:45.195+0000] {logging_mixin.py:188} INFO - [2025-06-27T00:40:45.194+0000] {serialized_dag.py:177} DEBUG - Serialized DAG (example_time_delta_sensor_async) is unchanged. Skipping writing to DB
[2025-06-27T00:40:45.197+0000] {logging_mixin.py:188} INFO - [2025-06-27T00:40:45.197+0000] {dag.py:3096} INFO - Sync 1 DAGs
[2025-06-27T00:40:45.218+0000] {logging_mixin.py:188} INFO - [2025-06-27T00:40:45.218+0000] {dag.py:3954} INFO - Setting next_dagrun for example_time_delta_sensor_async to None, run_after=None
[2025-06-27T00:40:45.257+0000] {processor.py:183} INFO - Processing /home/airflow/.local/lib/python3.10/site-packages/airflow/example_dags/example_time_delta_sensor_async.py took 0.149 seconds
[2025-06-27T00:41:15.959+0000] {logging_mixin.py:188} INFO - [2025-06-27T00:41:15.958+0000] {settings.py:250} DEBUG - Setting up DB connection pool (PID 15915)
[2025-06-27T00:41:15.961+0000] {logging_mixin.py:188} INFO - [2025-06-27T00:41:15.961+0000] {settings.py:330} DEBUG - settings.prepare_engine_args(): Using pool settings. pool_size=5, max_overflow=10, pool_recycle=1800, pid=15915
[2025-06-27T00:41:15.973+0000] {processor.py:161} INFO - Started process (PID=15915) to work on /home/airflow/.local/lib/python3.10/site-packages/airflow/example_dags/example_time_delta_sensor_async.py
[2025-06-27T00:41:15.974+0000] {processor.py:830} INFO - Processing file /home/airflow/.local/lib/python3.10/site-packages/airflow/example_dags/example_time_delta_sensor_async.py for tasks to queue
[2025-06-27T00:41:15.975+0000] {logging_mixin.py:188} INFO - [2025-06-27T00:41:15.975+0000] {dagbag.py:545} INFO - Filling up the DagBag from /home/airflow/.local/lib/python3.10/site-packages/airflow/example_dags/example_time_delta_sensor_async.py
[2025-06-27T00:41:15.978+0000] {logging_mixin.py:188} INFO - [2025-06-27T00:41:15.977+0000] {dagbag.py:337} DEBUG - Importing /home/airflow/.local/lib/python3.10/site-packages/airflow/example_dags/example_time_delta_sensor_async.py
[2025-06-27T00:41:15.986+0000] {logging_mixin.py:188} INFO - [2025-06-27T00:41:15.984+0000] {dagbag.py:511} DEBUG - Loaded DAG <DAG: example_time_delta_sensor_async>
[2025-06-27T00:41:15.987+0000] {processor.py:840} INFO - DAG(s) 'example_time_delta_sensor_async' retrieved from /home/airflow/.local/lib/python3.10/site-packages/airflow/example_dags/example_time_delta_sensor_async.py
[2025-06-27T00:41:15.989+0000] {logging_mixin.py:188} INFO - [2025-06-27T00:41:15.989+0000] {dagbag.py:667} DEBUG - Running dagbag.sync_to_db with retries. Try 1 of 3
[2025-06-27T00:41:15.990+0000] {logging_mixin.py:188} INFO - [2025-06-27T00:41:15.989+0000] {dagbag.py:672} DEBUG - Calling the DAG.bulk_sync_to_db method
[2025-06-27T00:41:16.009+0000] {logging_mixin.py:188} INFO - [2025-06-27T00:41:16.009+0000] {serialized_dag.py:166} DEBUG - Checking if DAG (example_time_delta_sensor_async) changed
[2025-06-27T00:41:16.014+0000] {logging_mixin.py:188} INFO - [2025-06-27T00:41:16.014+0000] {plugins_manager.py:332} DEBUG - Plugins are already loaded. Skipping.
[2025-06-27T00:41:16.015+0000] {logging_mixin.py:188} INFO - [2025-06-27T00:41:16.015+0000] {plugins_manager.py:410} DEBUG - Initialize custom taskinstance deps plugins
[2025-06-27T00:41:16.024+0000] {logging_mixin.py:188} INFO - [2025-06-27T00:41:16.024+0000] {serialized_dag.py:177} DEBUG - Serialized DAG (example_time_delta_sensor_async) is unchanged. Skipping writing to DB
[2025-06-27T00:41:16.025+0000] {logging_mixin.py:188} INFO - [2025-06-27T00:41:16.025+0000] {dag.py:3096} INFO - Sync 1 DAGs
[2025-06-27T00:41:16.044+0000] {logging_mixin.py:188} INFO - [2025-06-27T00:41:16.043+0000] {dag.py:3954} INFO - Setting next_dagrun for example_time_delta_sensor_async to None, run_after=None
[2025-06-27T00:41:16.071+0000] {processor.py:183} INFO - Processing /home/airflow/.local/lib/python3.10/site-packages/airflow/example_dags/example_time_delta_sensor_async.py took 0.114 seconds
[2025-06-27T00:41:47.276+0000] {logging_mixin.py:188} INFO - [2025-06-27T00:41:47.274+0000] {settings.py:250} DEBUG - Setting up DB connection pool (PID 15978)
[2025-06-27T00:41:47.278+0000] {logging_mixin.py:188} INFO - [2025-06-27T00:41:47.278+0000] {settings.py:330} DEBUG - settings.prepare_engine_args(): Using pool settings. pool_size=5, max_overflow=10, pool_recycle=1800, pid=15978
[2025-06-27T00:41:47.289+0000] {processor.py:161} INFO - Started process (PID=15978) to work on /home/airflow/.local/lib/python3.10/site-packages/airflow/example_dags/example_time_delta_sensor_async.py
[2025-06-27T00:41:47.290+0000] {processor.py:830} INFO - Processing file /home/airflow/.local/lib/python3.10/site-packages/airflow/example_dags/example_time_delta_sensor_async.py for tasks to queue
[2025-06-27T00:41:47.292+0000] {logging_mixin.py:188} INFO - [2025-06-27T00:41:47.292+0000] {dagbag.py:545} INFO - Filling up the DagBag from /home/airflow/.local/lib/python3.10/site-packages/airflow/example_dags/example_time_delta_sensor_async.py
[2025-06-27T00:41:47.294+0000] {logging_mixin.py:188} INFO - [2025-06-27T00:41:47.294+0000] {dagbag.py:337} DEBUG - Importing /home/airflow/.local/lib/python3.10/site-packages/airflow/example_dags/example_time_delta_sensor_async.py
[2025-06-27T00:41:47.303+0000] {logging_mixin.py:188} INFO - [2025-06-27T00:41:47.301+0000] {dagbag.py:511} DEBUG - Loaded DAG <DAG: example_time_delta_sensor_async>
[2025-06-27T00:41:47.304+0000] {processor.py:840} INFO - DAG(s) 'example_time_delta_sensor_async' retrieved from /home/airflow/.local/lib/python3.10/site-packages/airflow/example_dags/example_time_delta_sensor_async.py
[2025-06-27T00:41:47.306+0000] {logging_mixin.py:188} INFO - [2025-06-27T00:41:47.306+0000] {dagbag.py:667} DEBUG - Running dagbag.sync_to_db with retries. Try 1 of 3
[2025-06-27T00:41:47.307+0000] {logging_mixin.py:188} INFO - [2025-06-27T00:41:47.306+0000] {dagbag.py:672} DEBUG - Calling the DAG.bulk_sync_to_db method
[2025-06-27T00:41:47.326+0000] {logging_mixin.py:188} INFO - [2025-06-27T00:41:47.326+0000] {serialized_dag.py:166} DEBUG - Checking if DAG (example_time_delta_sensor_async) changed
[2025-06-27T00:41:47.332+0000] {logging_mixin.py:188} INFO - [2025-06-27T00:41:47.331+0000] {plugins_manager.py:332} DEBUG - Plugins are already loaded. Skipping.
[2025-06-27T00:41:47.333+0000] {logging_mixin.py:188} INFO - [2025-06-27T00:41:47.333+0000] {plugins_manager.py:410} DEBUG - Initialize custom taskinstance deps plugins
[2025-06-27T00:41:47.341+0000] {logging_mixin.py:188} INFO - [2025-06-27T00:41:47.341+0000] {serialized_dag.py:177} DEBUG - Serialized DAG (example_time_delta_sensor_async) is unchanged. Skipping writing to DB
[2025-06-27T00:41:47.342+0000] {logging_mixin.py:188} INFO - [2025-06-27T00:41:47.342+0000] {dag.py:3096} INFO - Sync 1 DAGs
[2025-06-27T00:41:47.358+0000] {logging_mixin.py:188} INFO - [2025-06-27T00:41:47.357+0000] {dag.py:3954} INFO - Setting next_dagrun for example_time_delta_sensor_async to None, run_after=None
[2025-06-27T00:41:47.583+0000] {processor.py:183} INFO - Processing /home/airflow/.local/lib/python3.10/site-packages/airflow/example_dags/example_time_delta_sensor_async.py took 0.308 seconds
[2025-06-27T00:42:18.343+0000] {logging_mixin.py:188} INFO - [2025-06-27T00:42:18.342+0000] {settings.py:250} DEBUG - Setting up DB connection pool (PID 16041)
[2025-06-27T00:42:18.345+0000] {logging_mixin.py:188} INFO - [2025-06-27T00:42:18.345+0000] {settings.py:330} DEBUG - settings.prepare_engine_args(): Using pool settings. pool_size=5, max_overflow=10, pool_recycle=1800, pid=16041
[2025-06-27T00:42:18.358+0000] {processor.py:161} INFO - Started process (PID=16041) to work on /home/airflow/.local/lib/python3.10/site-packages/airflow/example_dags/example_time_delta_sensor_async.py
[2025-06-27T00:42:18.359+0000] {processor.py:830} INFO - Processing file /home/airflow/.local/lib/python3.10/site-packages/airflow/example_dags/example_time_delta_sensor_async.py for tasks to queue
[2025-06-27T00:42:18.361+0000] {logging_mixin.py:188} INFO - [2025-06-27T00:42:18.360+0000] {dagbag.py:545} INFO - Filling up the DagBag from /home/airflow/.local/lib/python3.10/site-packages/airflow/example_dags/example_time_delta_sensor_async.py
[2025-06-27T00:42:18.363+0000] {logging_mixin.py:188} INFO - [2025-06-27T00:42:18.363+0000] {dagbag.py:337} DEBUG - Importing /home/airflow/.local/lib/python3.10/site-packages/airflow/example_dags/example_time_delta_sensor_async.py
[2025-06-27T00:42:18.371+0000] {logging_mixin.py:188} INFO - [2025-06-27T00:42:18.369+0000] {dagbag.py:511} DEBUG - Loaded DAG <DAG: example_time_delta_sensor_async>
[2025-06-27T00:42:18.372+0000] {processor.py:840} INFO - DAG(s) 'example_time_delta_sensor_async' retrieved from /home/airflow/.local/lib/python3.10/site-packages/airflow/example_dags/example_time_delta_sensor_async.py
[2025-06-27T00:42:18.375+0000] {logging_mixin.py:188} INFO - [2025-06-27T00:42:18.375+0000] {dagbag.py:667} DEBUG - Running dagbag.sync_to_db with retries. Try 1 of 3
[2025-06-27T00:42:18.376+0000] {logging_mixin.py:188} INFO - [2025-06-27T00:42:18.376+0000] {dagbag.py:672} DEBUG - Calling the DAG.bulk_sync_to_db method
[2025-06-27T00:42:18.395+0000] {logging_mixin.py:188} INFO - [2025-06-27T00:42:18.394+0000] {serialized_dag.py:166} DEBUG - Checking if DAG (example_time_delta_sensor_async) changed
[2025-06-27T00:42:18.400+0000] {logging_mixin.py:188} INFO - [2025-06-27T00:42:18.400+0000] {plugins_manager.py:332} DEBUG - Plugins are already loaded. Skipping.
[2025-06-27T00:42:18.401+0000] {logging_mixin.py:188} INFO - [2025-06-27T00:42:18.401+0000] {plugins_manager.py:410} DEBUG - Initialize custom taskinstance deps plugins
[2025-06-27T00:42:18.410+0000] {logging_mixin.py:188} INFO - [2025-06-27T00:42:18.410+0000] {serialized_dag.py:177} DEBUG - Serialized DAG (example_time_delta_sensor_async) is unchanged. Skipping writing to DB
[2025-06-27T00:42:18.411+0000] {logging_mixin.py:188} INFO - [2025-06-27T00:42:18.411+0000] {dag.py:3096} INFO - Sync 1 DAGs
[2025-06-27T00:42:18.428+0000] {logging_mixin.py:188} INFO - [2025-06-27T00:42:18.428+0000] {dag.py:3954} INFO - Setting next_dagrun for example_time_delta_sensor_async to None, run_after=None
[2025-06-27T00:42:18.718+0000] {processor.py:183} INFO - Processing /home/airflow/.local/lib/python3.10/site-packages/airflow/example_dags/example_time_delta_sensor_async.py took 0.376 seconds
[2025-06-27T00:42:49.116+0000] {logging_mixin.py:188} INFO - [2025-06-27T00:42:49.115+0000] {settings.py:250} DEBUG - Setting up DB connection pool (PID 16104)
[2025-06-27T00:42:49.118+0000] {logging_mixin.py:188} INFO - [2025-06-27T00:42:49.118+0000] {settings.py:330} DEBUG - settings.prepare_engine_args(): Using pool settings. pool_size=5, max_overflow=10, pool_recycle=1800, pid=16104
[2025-06-27T00:42:49.130+0000] {processor.py:161} INFO - Started process (PID=16104) to work on /home/airflow/.local/lib/python3.10/site-packages/airflow/example_dags/example_time_delta_sensor_async.py
[2025-06-27T00:42:49.131+0000] {processor.py:830} INFO - Processing file /home/airflow/.local/lib/python3.10/site-packages/airflow/example_dags/example_time_delta_sensor_async.py for tasks to queue
[2025-06-27T00:42:49.133+0000] {logging_mixin.py:188} INFO - [2025-06-27T00:42:49.132+0000] {dagbag.py:545} INFO - Filling up the DagBag from /home/airflow/.local/lib/python3.10/site-packages/airflow/example_dags/example_time_delta_sensor_async.py
[2025-06-27T00:42:49.135+0000] {logging_mixin.py:188} INFO - [2025-06-27T00:42:49.135+0000] {dagbag.py:337} DEBUG - Importing /home/airflow/.local/lib/python3.10/site-packages/airflow/example_dags/example_time_delta_sensor_async.py
[2025-06-27T00:42:49.146+0000] {logging_mixin.py:188} INFO - [2025-06-27T00:42:49.143+0000] {dagbag.py:511} DEBUG - Loaded DAG <DAG: example_time_delta_sensor_async>
[2025-06-27T00:42:49.146+0000] {processor.py:840} INFO - DAG(s) 'example_time_delta_sensor_async' retrieved from /home/airflow/.local/lib/python3.10/site-packages/airflow/example_dags/example_time_delta_sensor_async.py
[2025-06-27T00:42:49.149+0000] {logging_mixin.py:188} INFO - [2025-06-27T00:42:49.149+0000] {dagbag.py:667} DEBUG - Running dagbag.sync_to_db with retries. Try 1 of 3
[2025-06-27T00:42:49.150+0000] {logging_mixin.py:188} INFO - [2025-06-27T00:42:49.150+0000] {dagbag.py:672} DEBUG - Calling the DAG.bulk_sync_to_db method
[2025-06-27T00:42:49.171+0000] {logging_mixin.py:188} INFO - [2025-06-27T00:42:49.171+0000] {serialized_dag.py:166} DEBUG - Checking if DAG (example_time_delta_sensor_async) changed
[2025-06-27T00:42:49.176+0000] {logging_mixin.py:188} INFO - [2025-06-27T00:42:49.176+0000] {plugins_manager.py:332} DEBUG - Plugins are already loaded. Skipping.
[2025-06-27T00:42:49.177+0000] {logging_mixin.py:188} INFO - [2025-06-27T00:42:49.177+0000] {plugins_manager.py:410} DEBUG - Initialize custom taskinstance deps plugins
[2025-06-27T00:42:49.186+0000] {logging_mixin.py:188} INFO - [2025-06-27T00:42:49.185+0000] {serialized_dag.py:177} DEBUG - Serialized DAG (example_time_delta_sensor_async) is unchanged. Skipping writing to DB
[2025-06-27T00:42:49.187+0000] {logging_mixin.py:188} INFO - [2025-06-27T00:42:49.187+0000] {dag.py:3096} INFO - Sync 1 DAGs
[2025-06-27T00:42:49.204+0000] {logging_mixin.py:188} INFO - [2025-06-27T00:42:49.204+0000] {dag.py:3954} INFO - Setting next_dagrun for example_time_delta_sensor_async to None, run_after=None
[2025-06-27T00:42:49.235+0000] {processor.py:183} INFO - Processing /home/airflow/.local/lib/python3.10/site-packages/airflow/example_dags/example_time_delta_sensor_async.py took 0.121 seconds
[2025-06-27T00:43:19.784+0000] {logging_mixin.py:188} INFO - [2025-06-27T00:43:19.782+0000] {settings.py:250} DEBUG - Setting up DB connection pool (PID 16167)
[2025-06-27T00:43:19.787+0000] {logging_mixin.py:188} INFO - [2025-06-27T00:43:19.786+0000] {settings.py:330} DEBUG - settings.prepare_engine_args(): Using pool settings. pool_size=5, max_overflow=10, pool_recycle=1800, pid=16167
[2025-06-27T00:43:19.801+0000] {processor.py:161} INFO - Started process (PID=16167) to work on /home/airflow/.local/lib/python3.10/site-packages/airflow/example_dags/example_time_delta_sensor_async.py
[2025-06-27T00:43:19.802+0000] {processor.py:830} INFO - Processing file /home/airflow/.local/lib/python3.10/site-packages/airflow/example_dags/example_time_delta_sensor_async.py for tasks to queue
[2025-06-27T00:43:19.804+0000] {logging_mixin.py:188} INFO - [2025-06-27T00:43:19.804+0000] {dagbag.py:545} INFO - Filling up the DagBag from /home/airflow/.local/lib/python3.10/site-packages/airflow/example_dags/example_time_delta_sensor_async.py
[2025-06-27T00:43:19.807+0000] {logging_mixin.py:188} INFO - [2025-06-27T00:43:19.807+0000] {dagbag.py:337} DEBUG - Importing /home/airflow/.local/lib/python3.10/site-packages/airflow/example_dags/example_time_delta_sensor_async.py
[2025-06-27T00:43:19.817+0000] {logging_mixin.py:188} INFO - [2025-06-27T00:43:19.815+0000] {dagbag.py:511} DEBUG - Loaded DAG <DAG: example_time_delta_sensor_async>
[2025-06-27T00:43:19.819+0000] {processor.py:840} INFO - DAG(s) 'example_time_delta_sensor_async' retrieved from /home/airflow/.local/lib/python3.10/site-packages/airflow/example_dags/example_time_delta_sensor_async.py
[2025-06-27T00:43:19.821+0000] {logging_mixin.py:188} INFO - [2025-06-27T00:43:19.821+0000] {dagbag.py:667} DEBUG - Running dagbag.sync_to_db with retries. Try 1 of 3
[2025-06-27T00:43:19.822+0000] {logging_mixin.py:188} INFO - [2025-06-27T00:43:19.821+0000] {dagbag.py:672} DEBUG - Calling the DAG.bulk_sync_to_db method
[2025-06-27T00:43:19.846+0000] {logging_mixin.py:188} INFO - [2025-06-27T00:43:19.845+0000] {serialized_dag.py:166} DEBUG - Checking if DAG (example_time_delta_sensor_async) changed
[2025-06-27T00:43:19.853+0000] {logging_mixin.py:188} INFO - [2025-06-27T00:43:19.853+0000] {plugins_manager.py:332} DEBUG - Plugins are already loaded. Skipping.
[2025-06-27T00:43:19.854+0000] {logging_mixin.py:188} INFO - [2025-06-27T00:43:19.854+0000] {plugins_manager.py:410} DEBUG - Initialize custom taskinstance deps plugins
[2025-06-27T00:43:19.865+0000] {logging_mixin.py:188} INFO - [2025-06-27T00:43:19.865+0000] {serialized_dag.py:177} DEBUG - Serialized DAG (example_time_delta_sensor_async) is unchanged. Skipping writing to DB
[2025-06-27T00:43:19.867+0000] {logging_mixin.py:188} INFO - [2025-06-27T00:43:19.867+0000] {dag.py:3096} INFO - Sync 1 DAGs
[2025-06-27T00:43:19.885+0000] {logging_mixin.py:188} INFO - [2025-06-27T00:43:19.885+0000] {dag.py:3954} INFO - Setting next_dagrun for example_time_delta_sensor_async to None, run_after=None
[2025-06-27T00:43:19.913+0000] {processor.py:183} INFO - Processing /home/airflow/.local/lib/python3.10/site-packages/airflow/example_dags/example_time_delta_sensor_async.py took 0.131 seconds
[2025-06-27T00:43:50.023+0000] {logging_mixin.py:188} INFO - [2025-06-27T00:43:50.022+0000] {settings.py:250} DEBUG - Setting up DB connection pool (PID 16229)
[2025-06-27T00:43:50.025+0000] {logging_mixin.py:188} INFO - [2025-06-27T00:43:50.025+0000] {settings.py:330} DEBUG - settings.prepare_engine_args(): Using pool settings. pool_size=5, max_overflow=10, pool_recycle=1800, pid=16229
[2025-06-27T00:43:50.036+0000] {processor.py:161} INFO - Started process (PID=16229) to work on /home/airflow/.local/lib/python3.10/site-packages/airflow/example_dags/example_time_delta_sensor_async.py
[2025-06-27T00:43:50.038+0000] {processor.py:830} INFO - Processing file /home/airflow/.local/lib/python3.10/site-packages/airflow/example_dags/example_time_delta_sensor_async.py for tasks to queue
[2025-06-27T00:43:50.040+0000] {logging_mixin.py:188} INFO - [2025-06-27T00:43:50.040+0000] {dagbag.py:545} INFO - Filling up the DagBag from /home/airflow/.local/lib/python3.10/site-packages/airflow/example_dags/example_time_delta_sensor_async.py
[2025-06-27T00:43:50.043+0000] {logging_mixin.py:188} INFO - [2025-06-27T00:43:50.042+0000] {dagbag.py:337} DEBUG - Importing /home/airflow/.local/lib/python3.10/site-packages/airflow/example_dags/example_time_delta_sensor_async.py
[2025-06-27T00:43:50.054+0000] {logging_mixin.py:188} INFO - [2025-06-27T00:43:50.051+0000] {dagbag.py:511} DEBUG - Loaded DAG <DAG: example_time_delta_sensor_async>
[2025-06-27T00:43:50.055+0000] {processor.py:840} INFO - DAG(s) 'example_time_delta_sensor_async' retrieved from /home/airflow/.local/lib/python3.10/site-packages/airflow/example_dags/example_time_delta_sensor_async.py
[2025-06-27T00:43:50.058+0000] {logging_mixin.py:188} INFO - [2025-06-27T00:43:50.057+0000] {dagbag.py:667} DEBUG - Running dagbag.sync_to_db with retries. Try 1 of 3
[2025-06-27T00:43:50.060+0000] {logging_mixin.py:188} INFO - [2025-06-27T00:43:50.059+0000] {dagbag.py:672} DEBUG - Calling the DAG.bulk_sync_to_db method
[2025-06-27T00:43:50.084+0000] {logging_mixin.py:188} INFO - [2025-06-27T00:43:50.084+0000] {serialized_dag.py:166} DEBUG - Checking if DAG (example_time_delta_sensor_async) changed
[2025-06-27T00:43:50.090+0000] {logging_mixin.py:188} INFO - [2025-06-27T00:43:50.090+0000] {plugins_manager.py:332} DEBUG - Plugins are already loaded. Skipping.
[2025-06-27T00:43:50.091+0000] {logging_mixin.py:188} INFO - [2025-06-27T00:43:50.091+0000] {plugins_manager.py:410} DEBUG - Initialize custom taskinstance deps plugins
[2025-06-27T00:43:50.100+0000] {logging_mixin.py:188} INFO - [2025-06-27T00:43:50.100+0000] {serialized_dag.py:177} DEBUG - Serialized DAG (example_time_delta_sensor_async) is unchanged. Skipping writing to DB
[2025-06-27T00:43:50.101+0000] {logging_mixin.py:188} INFO - [2025-06-27T00:43:50.101+0000] {dag.py:3096} INFO - Sync 1 DAGs
[2025-06-27T00:43:50.118+0000] {logging_mixin.py:188} INFO - [2025-06-27T00:43:50.118+0000] {dag.py:3954} INFO - Setting next_dagrun for example_time_delta_sensor_async to None, run_after=None
[2025-06-27T00:43:50.150+0000] {processor.py:183} INFO - Processing /home/airflow/.local/lib/python3.10/site-packages/airflow/example_dags/example_time_delta_sensor_async.py took 0.129 seconds
[2025-06-27T00:44:20.423+0000] {logging_mixin.py:188} INFO - [2025-06-27T00:44:20.421+0000] {settings.py:250} DEBUG - Setting up DB connection pool (PID 16290)
[2025-06-27T00:44:20.425+0000] {logging_mixin.py:188} INFO - [2025-06-27T00:44:20.424+0000] {settings.py:330} DEBUG - settings.prepare_engine_args(): Using pool settings. pool_size=5, max_overflow=10, pool_recycle=1800, pid=16290
[2025-06-27T00:44:20.436+0000] {processor.py:161} INFO - Started process (PID=16290) to work on /home/airflow/.local/lib/python3.10/site-packages/airflow/example_dags/example_time_delta_sensor_async.py
[2025-06-27T00:44:20.437+0000] {processor.py:830} INFO - Processing file /home/airflow/.local/lib/python3.10/site-packages/airflow/example_dags/example_time_delta_sensor_async.py for tasks to queue
[2025-06-27T00:44:20.439+0000] {logging_mixin.py:188} INFO - [2025-06-27T00:44:20.439+0000] {dagbag.py:545} INFO - Filling up the DagBag from /home/airflow/.local/lib/python3.10/site-packages/airflow/example_dags/example_time_delta_sensor_async.py
[2025-06-27T00:44:20.442+0000] {logging_mixin.py:188} INFO - [2025-06-27T00:44:20.442+0000] {dagbag.py:337} DEBUG - Importing /home/airflow/.local/lib/python3.10/site-packages/airflow/example_dags/example_time_delta_sensor_async.py
[2025-06-27T00:44:20.450+0000] {logging_mixin.py:188} INFO - [2025-06-27T00:44:20.448+0000] {dagbag.py:511} DEBUG - Loaded DAG <DAG: example_time_delta_sensor_async>
[2025-06-27T00:44:20.451+0000] {processor.py:840} INFO - DAG(s) 'example_time_delta_sensor_async' retrieved from /home/airflow/.local/lib/python3.10/site-packages/airflow/example_dags/example_time_delta_sensor_async.py
[2025-06-27T00:44:20.453+0000] {logging_mixin.py:188} INFO - [2025-06-27T00:44:20.453+0000] {dagbag.py:667} DEBUG - Running dagbag.sync_to_db with retries. Try 1 of 3
[2025-06-27T00:44:20.454+0000] {logging_mixin.py:188} INFO - [2025-06-27T00:44:20.454+0000] {dagbag.py:672} DEBUG - Calling the DAG.bulk_sync_to_db method
[2025-06-27T00:44:20.473+0000] {logging_mixin.py:188} INFO - [2025-06-27T00:44:20.473+0000] {serialized_dag.py:166} DEBUG - Checking if DAG (example_time_delta_sensor_async) changed
[2025-06-27T00:44:20.478+0000] {logging_mixin.py:188} INFO - [2025-06-27T00:44:20.478+0000] {plugins_manager.py:332} DEBUG - Plugins are already loaded. Skipping.
[2025-06-27T00:44:20.479+0000] {logging_mixin.py:188} INFO - [2025-06-27T00:44:20.479+0000] {plugins_manager.py:410} DEBUG - Initialize custom taskinstance deps plugins
[2025-06-27T00:44:20.487+0000] {logging_mixin.py:188} INFO - [2025-06-27T00:44:20.487+0000] {serialized_dag.py:177} DEBUG - Serialized DAG (example_time_delta_sensor_async) is unchanged. Skipping writing to DB
[2025-06-27T00:44:20.488+0000] {logging_mixin.py:188} INFO - [2025-06-27T00:44:20.488+0000] {dag.py:3096} INFO - Sync 1 DAGs
[2025-06-27T00:44:20.525+0000] {logging_mixin.py:188} INFO - [2025-06-27T00:44:20.524+0000] {dag.py:3954} INFO - Setting next_dagrun for example_time_delta_sensor_async to None, run_after=None
[2025-06-27T00:44:20.574+0000] {processor.py:183} INFO - Processing /home/airflow/.local/lib/python3.10/site-packages/airflow/example_dags/example_time_delta_sensor_async.py took 0.153 seconds
[2025-06-27T00:44:52.802+0000] {logging_mixin.py:188} INFO - [2025-06-27T00:44:52.801+0000] {settings.py:250} DEBUG - Setting up DB connection pool (PID 16354)
[2025-06-27T00:44:52.805+0000] {logging_mixin.py:188} INFO - [2025-06-27T00:44:52.804+0000] {settings.py:330} DEBUG - settings.prepare_engine_args(): Using pool settings. pool_size=5, max_overflow=10, pool_recycle=1800, pid=16354
[2025-06-27T00:44:52.816+0000] {processor.py:161} INFO - Started process (PID=16354) to work on /home/airflow/.local/lib/python3.10/site-packages/airflow/example_dags/example_time_delta_sensor_async.py
[2025-06-27T00:44:52.818+0000] {processor.py:830} INFO - Processing file /home/airflow/.local/lib/python3.10/site-packages/airflow/example_dags/example_time_delta_sensor_async.py for tasks to queue
[2025-06-27T00:44:52.820+0000] {logging_mixin.py:188} INFO - [2025-06-27T00:44:52.819+0000] {dagbag.py:545} INFO - Filling up the DagBag from /home/airflow/.local/lib/python3.10/site-packages/airflow/example_dags/example_time_delta_sensor_async.py
[2025-06-27T00:44:52.822+0000] {logging_mixin.py:188} INFO - [2025-06-27T00:44:52.822+0000] {dagbag.py:337} DEBUG - Importing /home/airflow/.local/lib/python3.10/site-packages/airflow/example_dags/example_time_delta_sensor_async.py
[2025-06-27T00:44:52.831+0000] {logging_mixin.py:188} INFO - [2025-06-27T00:44:52.829+0000] {dagbag.py:511} DEBUG - Loaded DAG <DAG: example_time_delta_sensor_async>
[2025-06-27T00:44:52.832+0000] {processor.py:840} INFO - DAG(s) 'example_time_delta_sensor_async' retrieved from /home/airflow/.local/lib/python3.10/site-packages/airflow/example_dags/example_time_delta_sensor_async.py
[2025-06-27T00:44:52.834+0000] {logging_mixin.py:188} INFO - [2025-06-27T00:44:52.834+0000] {dagbag.py:667} DEBUG - Running dagbag.sync_to_db with retries. Try 1 of 3
[2025-06-27T00:44:52.835+0000] {logging_mixin.py:188} INFO - [2025-06-27T00:44:52.835+0000] {dagbag.py:672} DEBUG - Calling the DAG.bulk_sync_to_db method
[2025-06-27T00:44:52.860+0000] {logging_mixin.py:188} INFO - [2025-06-27T00:44:52.860+0000] {serialized_dag.py:166} DEBUG - Checking if DAG (example_time_delta_sensor_async) changed
[2025-06-27T00:44:52.869+0000] {logging_mixin.py:188} INFO - [2025-06-27T00:44:52.868+0000] {plugins_manager.py:332} DEBUG - Plugins are already loaded. Skipping.
[2025-06-27T00:44:52.870+0000] {logging_mixin.py:188} INFO - [2025-06-27T00:44:52.869+0000] {plugins_manager.py:410} DEBUG - Initialize custom taskinstance deps plugins
[2025-06-27T00:44:52.881+0000] {logging_mixin.py:188} INFO - [2025-06-27T00:44:52.881+0000] {serialized_dag.py:177} DEBUG - Serialized DAG (example_time_delta_sensor_async) is unchanged. Skipping writing to DB
[2025-06-27T00:44:52.882+0000] {logging_mixin.py:188} INFO - [2025-06-27T00:44:52.882+0000] {dag.py:3096} INFO - Sync 1 DAGs
[2025-06-27T00:44:52.904+0000] {logging_mixin.py:188} INFO - [2025-06-27T00:44:52.904+0000] {dag.py:3954} INFO - Setting next_dagrun for example_time_delta_sensor_async to None, run_after=None
[2025-06-27T00:44:52.946+0000] {processor.py:183} INFO - Processing /home/airflow/.local/lib/python3.10/site-packages/airflow/example_dags/example_time_delta_sensor_async.py took 0.146 seconds
[2025-06-27T00:45:23.666+0000] {logging_mixin.py:188} INFO - [2025-06-27T00:45:23.665+0000] {settings.py:250} DEBUG - Setting up DB connection pool (PID 16415)
[2025-06-27T00:45:23.668+0000] {logging_mixin.py:188} INFO - [2025-06-27T00:45:23.668+0000] {settings.py:330} DEBUG - settings.prepare_engine_args(): Using pool settings. pool_size=5, max_overflow=10, pool_recycle=1800, pid=16415
[2025-06-27T00:45:23.679+0000] {processor.py:161} INFO - Started process (PID=16415) to work on /home/airflow/.local/lib/python3.10/site-packages/airflow/example_dags/example_time_delta_sensor_async.py
[2025-06-27T00:45:23.681+0000] {processor.py:830} INFO - Processing file /home/airflow/.local/lib/python3.10/site-packages/airflow/example_dags/example_time_delta_sensor_async.py for tasks to queue
[2025-06-27T00:45:23.682+0000] {logging_mixin.py:188} INFO - [2025-06-27T00:45:23.682+0000] {dagbag.py:545} INFO - Filling up the DagBag from /home/airflow/.local/lib/python3.10/site-packages/airflow/example_dags/example_time_delta_sensor_async.py
[2025-06-27T00:45:23.685+0000] {logging_mixin.py:188} INFO - [2025-06-27T00:45:23.685+0000] {dagbag.py:337} DEBUG - Importing /home/airflow/.local/lib/python3.10/site-packages/airflow/example_dags/example_time_delta_sensor_async.py
[2025-06-27T00:45:23.693+0000] {logging_mixin.py:188} INFO - [2025-06-27T00:45:23.691+0000] {dagbag.py:511} DEBUG - Loaded DAG <DAG: example_time_delta_sensor_async>
[2025-06-27T00:45:23.694+0000] {processor.py:840} INFO - DAG(s) 'example_time_delta_sensor_async' retrieved from /home/airflow/.local/lib/python3.10/site-packages/airflow/example_dags/example_time_delta_sensor_async.py
[2025-06-27T00:45:23.696+0000] {logging_mixin.py:188} INFO - [2025-06-27T00:45:23.696+0000] {dagbag.py:667} DEBUG - Running dagbag.sync_to_db with retries. Try 1 of 3
[2025-06-27T00:45:23.697+0000] {logging_mixin.py:188} INFO - [2025-06-27T00:45:23.696+0000] {dagbag.py:672} DEBUG - Calling the DAG.bulk_sync_to_db method
[2025-06-27T00:45:23.716+0000] {logging_mixin.py:188} INFO - [2025-06-27T00:45:23.716+0000] {serialized_dag.py:166} DEBUG - Checking if DAG (example_time_delta_sensor_async) changed
[2025-06-27T00:45:23.721+0000] {logging_mixin.py:188} INFO - [2025-06-27T00:45:23.721+0000] {plugins_manager.py:332} DEBUG - Plugins are already loaded. Skipping.
[2025-06-27T00:45:23.722+0000] {logging_mixin.py:188} INFO - [2025-06-27T00:45:23.721+0000] {plugins_manager.py:410} DEBUG - Initialize custom taskinstance deps plugins
[2025-06-27T00:45:23.730+0000] {logging_mixin.py:188} INFO - [2025-06-27T00:45:23.730+0000] {serialized_dag.py:177} DEBUG - Serialized DAG (example_time_delta_sensor_async) is unchanged. Skipping writing to DB
[2025-06-27T00:45:23.731+0000] {logging_mixin.py:188} INFO - [2025-06-27T00:45:23.731+0000] {dag.py:3096} INFO - Sync 1 DAGs
[2025-06-27T00:45:23.747+0000] {logging_mixin.py:188} INFO - [2025-06-27T00:45:23.746+0000] {dag.py:3954} INFO - Setting next_dagrun for example_time_delta_sensor_async to None, run_after=None
[2025-06-27T00:45:23.775+0000] {processor.py:183} INFO - Processing /home/airflow/.local/lib/python3.10/site-packages/airflow/example_dags/example_time_delta_sensor_async.py took 0.110 seconds
[2025-06-27T00:45:54.126+0000] {logging_mixin.py:188} INFO - [2025-06-27T00:45:54.125+0000] {settings.py:250} DEBUG - Setting up DB connection pool (PID 16478)
[2025-06-27T00:45:54.128+0000] {logging_mixin.py:188} INFO - [2025-06-27T00:45:54.128+0000] {settings.py:330} DEBUG - settings.prepare_engine_args(): Using pool settings. pool_size=5, max_overflow=10, pool_recycle=1800, pid=16478
[2025-06-27T00:45:54.141+0000] {processor.py:161} INFO - Started process (PID=16478) to work on /home/airflow/.local/lib/python3.10/site-packages/airflow/example_dags/example_time_delta_sensor_async.py
[2025-06-27T00:45:54.142+0000] {processor.py:830} INFO - Processing file /home/airflow/.local/lib/python3.10/site-packages/airflow/example_dags/example_time_delta_sensor_async.py for tasks to queue
[2025-06-27T00:45:54.144+0000] {logging_mixin.py:188} INFO - [2025-06-27T00:45:54.144+0000] {dagbag.py:545} INFO - Filling up the DagBag from /home/airflow/.local/lib/python3.10/site-packages/airflow/example_dags/example_time_delta_sensor_async.py
[2025-06-27T00:45:54.147+0000] {logging_mixin.py:188} INFO - [2025-06-27T00:45:54.147+0000] {dagbag.py:337} DEBUG - Importing /home/airflow/.local/lib/python3.10/site-packages/airflow/example_dags/example_time_delta_sensor_async.py
[2025-06-27T00:45:54.157+0000] {logging_mixin.py:188} INFO - [2025-06-27T00:45:54.155+0000] {dagbag.py:511} DEBUG - Loaded DAG <DAG: example_time_delta_sensor_async>
[2025-06-27T00:45:54.158+0000] {processor.py:840} INFO - DAG(s) 'example_time_delta_sensor_async' retrieved from /home/airflow/.local/lib/python3.10/site-packages/airflow/example_dags/example_time_delta_sensor_async.py
[2025-06-27T00:45:54.161+0000] {logging_mixin.py:188} INFO - [2025-06-27T00:45:54.160+0000] {dagbag.py:667} DEBUG - Running dagbag.sync_to_db with retries. Try 1 of 3
[2025-06-27T00:45:54.161+0000] {logging_mixin.py:188} INFO - [2025-06-27T00:45:54.161+0000] {dagbag.py:672} DEBUG - Calling the DAG.bulk_sync_to_db method
[2025-06-27T00:45:54.189+0000] {logging_mixin.py:188} INFO - [2025-06-27T00:45:54.189+0000] {serialized_dag.py:166} DEBUG - Checking if DAG (example_time_delta_sensor_async) changed
[2025-06-27T00:45:54.196+0000] {logging_mixin.py:188} INFO - [2025-06-27T00:45:54.196+0000] {plugins_manager.py:332} DEBUG - Plugins are already loaded. Skipping.
[2025-06-27T00:45:54.198+0000] {logging_mixin.py:188} INFO - [2025-06-27T00:45:54.197+0000] {plugins_manager.py:410} DEBUG - Initialize custom taskinstance deps plugins
[2025-06-27T00:45:54.209+0000] {logging_mixin.py:188} INFO - [2025-06-27T00:45:54.209+0000] {serialized_dag.py:177} DEBUG - Serialized DAG (example_time_delta_sensor_async) is unchanged. Skipping writing to DB
[2025-06-27T00:45:54.211+0000] {logging_mixin.py:188} INFO - [2025-06-27T00:45:54.211+0000] {dag.py:3096} INFO - Sync 1 DAGs
[2025-06-27T00:45:54.234+0000] {logging_mixin.py:188} INFO - [2025-06-27T00:45:54.234+0000] {dag.py:3954} INFO - Setting next_dagrun for example_time_delta_sensor_async to None, run_after=None
[2025-06-27T00:45:54.271+0000] {processor.py:183} INFO - Processing /home/airflow/.local/lib/python3.10/site-packages/airflow/example_dags/example_time_delta_sensor_async.py took 0.146 seconds
[2025-06-27T00:46:24.557+0000] {logging_mixin.py:188} INFO - [2025-06-27T00:46:24.555+0000] {settings.py:250} DEBUG - Setting up DB connection pool (PID 16542)
[2025-06-27T00:46:24.559+0000] {logging_mixin.py:188} INFO - [2025-06-27T00:46:24.559+0000] {settings.py:330} DEBUG - settings.prepare_engine_args(): Using pool settings. pool_size=5, max_overflow=10, pool_recycle=1800, pid=16542
[2025-06-27T00:46:24.574+0000] {processor.py:161} INFO - Started process (PID=16542) to work on /home/airflow/.local/lib/python3.10/site-packages/airflow/example_dags/example_time_delta_sensor_async.py
[2025-06-27T00:46:24.576+0000] {processor.py:830} INFO - Processing file /home/airflow/.local/lib/python3.10/site-packages/airflow/example_dags/example_time_delta_sensor_async.py for tasks to queue
[2025-06-27T00:46:24.578+0000] {logging_mixin.py:188} INFO - [2025-06-27T00:46:24.578+0000] {dagbag.py:545} INFO - Filling up the DagBag from /home/airflow/.local/lib/python3.10/site-packages/airflow/example_dags/example_time_delta_sensor_async.py
[2025-06-27T00:46:24.580+0000] {logging_mixin.py:188} INFO - [2025-06-27T00:46:24.580+0000] {dagbag.py:337} DEBUG - Importing /home/airflow/.local/lib/python3.10/site-packages/airflow/example_dags/example_time_delta_sensor_async.py
[2025-06-27T00:46:24.591+0000] {logging_mixin.py:188} INFO - [2025-06-27T00:46:24.588+0000] {dagbag.py:511} DEBUG - Loaded DAG <DAG: example_time_delta_sensor_async>
[2025-06-27T00:46:24.592+0000] {processor.py:840} INFO - DAG(s) 'example_time_delta_sensor_async' retrieved from /home/airflow/.local/lib/python3.10/site-packages/airflow/example_dags/example_time_delta_sensor_async.py
[2025-06-27T00:46:24.594+0000] {logging_mixin.py:188} INFO - [2025-06-27T00:46:24.594+0000] {dagbag.py:667} DEBUG - Running dagbag.sync_to_db with retries. Try 1 of 3
[2025-06-27T00:46:24.595+0000] {logging_mixin.py:188} INFO - [2025-06-27T00:46:24.595+0000] {dagbag.py:672} DEBUG - Calling the DAG.bulk_sync_to_db method
[2025-06-27T00:46:24.618+0000] {logging_mixin.py:188} INFO - [2025-06-27T00:46:24.617+0000] {serialized_dag.py:166} DEBUG - Checking if DAG (example_time_delta_sensor_async) changed
[2025-06-27T00:46:24.623+0000] {logging_mixin.py:188} INFO - [2025-06-27T00:46:24.623+0000] {plugins_manager.py:332} DEBUG - Plugins are already loaded. Skipping.
[2025-06-27T00:46:24.624+0000] {logging_mixin.py:188} INFO - [2025-06-27T00:46:24.624+0000] {plugins_manager.py:410} DEBUG - Initialize custom taskinstance deps plugins
[2025-06-27T00:46:24.635+0000] {logging_mixin.py:188} INFO - [2025-06-27T00:46:24.635+0000] {serialized_dag.py:177} DEBUG - Serialized DAG (example_time_delta_sensor_async) is unchanged. Skipping writing to DB
[2025-06-27T00:46:24.636+0000] {logging_mixin.py:188} INFO - [2025-06-27T00:46:24.636+0000] {dag.py:3096} INFO - Sync 1 DAGs
[2025-06-27T00:46:24.654+0000] {logging_mixin.py:188} INFO - [2025-06-27T00:46:24.654+0000] {dag.py:3954} INFO - Setting next_dagrun for example_time_delta_sensor_async to None, run_after=None
[2025-06-27T00:46:24.685+0000] {processor.py:183} INFO - Processing /home/airflow/.local/lib/python3.10/site-packages/airflow/example_dags/example_time_delta_sensor_async.py took 0.130 seconds
[2025-06-27T00:46:55.379+0000] {logging_mixin.py:188} INFO - [2025-06-27T00:46:55.378+0000] {settings.py:250} DEBUG - Setting up DB connection pool (PID 16605)
[2025-06-27T00:46:55.381+0000] {logging_mixin.py:188} INFO - [2025-06-27T00:46:55.381+0000] {settings.py:330} DEBUG - settings.prepare_engine_args(): Using pool settings. pool_size=5, max_overflow=10, pool_recycle=1800, pid=16605
[2025-06-27T00:46:55.394+0000] {processor.py:161} INFO - Started process (PID=16605) to work on /home/airflow/.local/lib/python3.10/site-packages/airflow/example_dags/example_time_delta_sensor_async.py
[2025-06-27T00:46:55.395+0000] {processor.py:830} INFO - Processing file /home/airflow/.local/lib/python3.10/site-packages/airflow/example_dags/example_time_delta_sensor_async.py for tasks to queue
[2025-06-27T00:46:55.397+0000] {logging_mixin.py:188} INFO - [2025-06-27T00:46:55.396+0000] {dagbag.py:545} INFO - Filling up the DagBag from /home/airflow/.local/lib/python3.10/site-packages/airflow/example_dags/example_time_delta_sensor_async.py
[2025-06-27T00:46:55.405+0000] {logging_mixin.py:188} INFO - [2025-06-27T00:46:55.405+0000] {dagbag.py:337} DEBUG - Importing /home/airflow/.local/lib/python3.10/site-packages/airflow/example_dags/example_time_delta_sensor_async.py
[2025-06-27T00:46:55.416+0000] {logging_mixin.py:188} INFO - [2025-06-27T00:46:55.414+0000] {dagbag.py:511} DEBUG - Loaded DAG <DAG: example_time_delta_sensor_async>
[2025-06-27T00:46:55.417+0000] {processor.py:840} INFO - DAG(s) 'example_time_delta_sensor_async' retrieved from /home/airflow/.local/lib/python3.10/site-packages/airflow/example_dags/example_time_delta_sensor_async.py
[2025-06-27T00:46:55.418+0000] {logging_mixin.py:188} INFO - [2025-06-27T00:46:55.418+0000] {dagbag.py:667} DEBUG - Running dagbag.sync_to_db with retries. Try 1 of 3
[2025-06-27T00:46:55.419+0000] {logging_mixin.py:188} INFO - [2025-06-27T00:46:55.419+0000] {dagbag.py:672} DEBUG - Calling the DAG.bulk_sync_to_db method
[2025-06-27T00:46:55.440+0000] {logging_mixin.py:188} INFO - [2025-06-27T00:46:55.439+0000] {serialized_dag.py:166} DEBUG - Checking if DAG (example_time_delta_sensor_async) changed
[2025-06-27T00:46:55.446+0000] {logging_mixin.py:188} INFO - [2025-06-27T00:46:55.446+0000] {plugins_manager.py:332} DEBUG - Plugins are already loaded. Skipping.
[2025-06-27T00:46:55.447+0000] {logging_mixin.py:188} INFO - [2025-06-27T00:46:55.447+0000] {plugins_manager.py:410} DEBUG - Initialize custom taskinstance deps plugins
[2025-06-27T00:46:55.457+0000] {logging_mixin.py:188} INFO - [2025-06-27T00:46:55.457+0000] {serialized_dag.py:177} DEBUG - Serialized DAG (example_time_delta_sensor_async) is unchanged. Skipping writing to DB
[2025-06-27T00:46:55.458+0000] {logging_mixin.py:188} INFO - [2025-06-27T00:46:55.458+0000] {dag.py:3096} INFO - Sync 1 DAGs
[2025-06-27T00:46:55.480+0000] {logging_mixin.py:188} INFO - [2025-06-27T00:46:55.480+0000] {dag.py:3954} INFO - Setting next_dagrun for example_time_delta_sensor_async to None, run_after=None
[2025-06-27T00:46:55.511+0000] {processor.py:183} INFO - Processing /home/airflow/.local/lib/python3.10/site-packages/airflow/example_dags/example_time_delta_sensor_async.py took 0.133 seconds
[2025-06-27T00:47:26.059+0000] {logging_mixin.py:188} INFO - [2025-06-27T00:47:26.058+0000] {settings.py:250} DEBUG - Setting up DB connection pool (PID 16668)
[2025-06-27T00:47:26.061+0000] {logging_mixin.py:188} INFO - [2025-06-27T00:47:26.061+0000] {settings.py:330} DEBUG - settings.prepare_engine_args(): Using pool settings. pool_size=5, max_overflow=10, pool_recycle=1800, pid=16668
[2025-06-27T00:47:26.073+0000] {processor.py:161} INFO - Started process (PID=16668) to work on /home/airflow/.local/lib/python3.10/site-packages/airflow/example_dags/example_time_delta_sensor_async.py
[2025-06-27T00:47:26.075+0000] {processor.py:830} INFO - Processing file /home/airflow/.local/lib/python3.10/site-packages/airflow/example_dags/example_time_delta_sensor_async.py for tasks to queue
[2025-06-27T00:47:26.077+0000] {logging_mixin.py:188} INFO - [2025-06-27T00:47:26.076+0000] {dagbag.py:545} INFO - Filling up the DagBag from /home/airflow/.local/lib/python3.10/site-packages/airflow/example_dags/example_time_delta_sensor_async.py
[2025-06-27T00:47:26.079+0000] {logging_mixin.py:188} INFO - [2025-06-27T00:47:26.079+0000] {dagbag.py:337} DEBUG - Importing /home/airflow/.local/lib/python3.10/site-packages/airflow/example_dags/example_time_delta_sensor_async.py
[2025-06-27T00:47:26.089+0000] {logging_mixin.py:188} INFO - [2025-06-27T00:47:26.086+0000] {dagbag.py:511} DEBUG - Loaded DAG <DAG: example_time_delta_sensor_async>
[2025-06-27T00:47:26.090+0000] {processor.py:840} INFO - DAG(s) 'example_time_delta_sensor_async' retrieved from /home/airflow/.local/lib/python3.10/site-packages/airflow/example_dags/example_time_delta_sensor_async.py
[2025-06-27T00:47:26.092+0000] {logging_mixin.py:188} INFO - [2025-06-27T00:47:26.092+0000] {dagbag.py:667} DEBUG - Running dagbag.sync_to_db with retries. Try 1 of 3
[2025-06-27T00:47:26.093+0000] {logging_mixin.py:188} INFO - [2025-06-27T00:47:26.092+0000] {dagbag.py:672} DEBUG - Calling the DAG.bulk_sync_to_db method
[2025-06-27T00:47:26.113+0000] {logging_mixin.py:188} INFO - [2025-06-27T00:47:26.113+0000] {serialized_dag.py:166} DEBUG - Checking if DAG (example_time_delta_sensor_async) changed
[2025-06-27T00:47:26.119+0000] {logging_mixin.py:188} INFO - [2025-06-27T00:47:26.118+0000] {plugins_manager.py:332} DEBUG - Plugins are already loaded. Skipping.
[2025-06-27T00:47:26.120+0000] {logging_mixin.py:188} INFO - [2025-06-27T00:47:26.119+0000] {plugins_manager.py:410} DEBUG - Initialize custom taskinstance deps plugins
[2025-06-27T00:47:26.129+0000] {logging_mixin.py:188} INFO - [2025-06-27T00:47:26.128+0000] {serialized_dag.py:177} DEBUG - Serialized DAG (example_time_delta_sensor_async) is unchanged. Skipping writing to DB
[2025-06-27T00:47:26.130+0000] {logging_mixin.py:188} INFO - [2025-06-27T00:47:26.129+0000] {dag.py:3096} INFO - Sync 1 DAGs
[2025-06-27T00:47:26.150+0000] {logging_mixin.py:188} INFO - [2025-06-27T00:47:26.150+0000] {dag.py:3954} INFO - Setting next_dagrun for example_time_delta_sensor_async to None, run_after=None
[2025-06-27T00:47:26.182+0000] {processor.py:183} INFO - Processing /home/airflow/.local/lib/python3.10/site-packages/airflow/example_dags/example_time_delta_sensor_async.py took 0.125 seconds
[2025-06-27T00:47:56.804+0000] {logging_mixin.py:188} INFO - [2025-06-27T00:47:56.803+0000] {settings.py:250} DEBUG - Setting up DB connection pool (PID 16731)
[2025-06-27T00:47:56.807+0000] {logging_mixin.py:188} INFO - [2025-06-27T00:47:56.806+0000] {settings.py:330} DEBUG - settings.prepare_engine_args(): Using pool settings. pool_size=5, max_overflow=10, pool_recycle=1800, pid=16731
[2025-06-27T00:47:56.820+0000] {processor.py:161} INFO - Started process (PID=16731) to work on /home/airflow/.local/lib/python3.10/site-packages/airflow/example_dags/example_time_delta_sensor_async.py
[2025-06-27T00:47:56.821+0000] {processor.py:830} INFO - Processing file /home/airflow/.local/lib/python3.10/site-packages/airflow/example_dags/example_time_delta_sensor_async.py for tasks to queue
[2025-06-27T00:47:56.823+0000] {logging_mixin.py:188} INFO - [2025-06-27T00:47:56.823+0000] {dagbag.py:545} INFO - Filling up the DagBag from /home/airflow/.local/lib/python3.10/site-packages/airflow/example_dags/example_time_delta_sensor_async.py
[2025-06-27T00:47:56.827+0000] {logging_mixin.py:188} INFO - [2025-06-27T00:47:56.826+0000] {dagbag.py:337} DEBUG - Importing /home/airflow/.local/lib/python3.10/site-packages/airflow/example_dags/example_time_delta_sensor_async.py
[2025-06-27T00:47:56.837+0000] {logging_mixin.py:188} INFO - [2025-06-27T00:47:56.835+0000] {dagbag.py:511} DEBUG - Loaded DAG <DAG: example_time_delta_sensor_async>
[2025-06-27T00:47:56.838+0000] {processor.py:840} INFO - DAG(s) 'example_time_delta_sensor_async' retrieved from /home/airflow/.local/lib/python3.10/site-packages/airflow/example_dags/example_time_delta_sensor_async.py
[2025-06-27T00:47:56.843+0000] {logging_mixin.py:188} INFO - [2025-06-27T00:47:56.843+0000] {dagbag.py:667} DEBUG - Running dagbag.sync_to_db with retries. Try 1 of 3
[2025-06-27T00:47:56.844+0000] {logging_mixin.py:188} INFO - [2025-06-27T00:47:56.844+0000] {dagbag.py:672} DEBUG - Calling the DAG.bulk_sync_to_db method
[2025-06-27T00:47:56.870+0000] {logging_mixin.py:188} INFO - [2025-06-27T00:47:56.870+0000] {serialized_dag.py:166} DEBUG - Checking if DAG (example_time_delta_sensor_async) changed
[2025-06-27T00:47:56.878+0000] {logging_mixin.py:188} INFO - [2025-06-27T00:47:56.878+0000] {plugins_manager.py:332} DEBUG - Plugins are already loaded. Skipping.
[2025-06-27T00:47:56.879+0000] {logging_mixin.py:188} INFO - [2025-06-27T00:47:56.879+0000] {plugins_manager.py:410} DEBUG - Initialize custom taskinstance deps plugins
[2025-06-27T00:47:56.889+0000] {logging_mixin.py:188} INFO - [2025-06-27T00:47:56.889+0000] {serialized_dag.py:177} DEBUG - Serialized DAG (example_time_delta_sensor_async) is unchanged. Skipping writing to DB
[2025-06-27T00:47:56.891+0000] {logging_mixin.py:188} INFO - [2025-06-27T00:47:56.890+0000] {dag.py:3096} INFO - Sync 1 DAGs
[2025-06-27T00:47:56.912+0000] {logging_mixin.py:188} INFO - [2025-06-27T00:47:56.911+0000] {dag.py:3954} INFO - Setting next_dagrun for example_time_delta_sensor_async to None, run_after=None
[2025-06-27T00:47:56.949+0000] {processor.py:183} INFO - Processing /home/airflow/.local/lib/python3.10/site-packages/airflow/example_dags/example_time_delta_sensor_async.py took 0.147 seconds
[2025-06-27T00:48:27.469+0000] {logging_mixin.py:188} INFO - [2025-06-27T00:48:27.468+0000] {settings.py:250} DEBUG - Setting up DB connection pool (PID 16794)
[2025-06-27T00:48:27.472+0000] {logging_mixin.py:188} INFO - [2025-06-27T00:48:27.471+0000] {settings.py:330} DEBUG - settings.prepare_engine_args(): Using pool settings. pool_size=5, max_overflow=10, pool_recycle=1800, pid=16794
[2025-06-27T00:48:27.485+0000] {processor.py:161} INFO - Started process (PID=16794) to work on /home/airflow/.local/lib/python3.10/site-packages/airflow/example_dags/example_time_delta_sensor_async.py
[2025-06-27T00:48:27.487+0000] {processor.py:830} INFO - Processing file /home/airflow/.local/lib/python3.10/site-packages/airflow/example_dags/example_time_delta_sensor_async.py for tasks to queue
[2025-06-27T00:48:27.488+0000] {logging_mixin.py:188} INFO - [2025-06-27T00:48:27.488+0000] {dagbag.py:545} INFO - Filling up the DagBag from /home/airflow/.local/lib/python3.10/site-packages/airflow/example_dags/example_time_delta_sensor_async.py
[2025-06-27T00:48:27.491+0000] {logging_mixin.py:188} INFO - [2025-06-27T00:48:27.491+0000] {dagbag.py:337} DEBUG - Importing /home/airflow/.local/lib/python3.10/site-packages/airflow/example_dags/example_time_delta_sensor_async.py
[2025-06-27T00:48:27.502+0000] {logging_mixin.py:188} INFO - [2025-06-27T00:48:27.500+0000] {dagbag.py:511} DEBUG - Loaded DAG <DAG: example_time_delta_sensor_async>
[2025-06-27T00:48:27.504+0000] {processor.py:840} INFO - DAG(s) 'example_time_delta_sensor_async' retrieved from /home/airflow/.local/lib/python3.10/site-packages/airflow/example_dags/example_time_delta_sensor_async.py
[2025-06-27T00:48:27.507+0000] {logging_mixin.py:188} INFO - [2025-06-27T00:48:27.507+0000] {dagbag.py:667} DEBUG - Running dagbag.sync_to_db with retries. Try 1 of 3
[2025-06-27T00:48:27.508+0000] {logging_mixin.py:188} INFO - [2025-06-27T00:48:27.508+0000] {dagbag.py:672} DEBUG - Calling the DAG.bulk_sync_to_db method
[2025-06-27T00:48:27.537+0000] {logging_mixin.py:188} INFO - [2025-06-27T00:48:27.536+0000] {serialized_dag.py:166} DEBUG - Checking if DAG (example_time_delta_sensor_async) changed
[2025-06-27T00:48:27.544+0000] {logging_mixin.py:188} INFO - [2025-06-27T00:48:27.543+0000] {plugins_manager.py:332} DEBUG - Plugins are already loaded. Skipping.
[2025-06-27T00:48:27.545+0000] {logging_mixin.py:188} INFO - [2025-06-27T00:48:27.545+0000] {plugins_manager.py:410} DEBUG - Initialize custom taskinstance deps plugins
[2025-06-27T00:48:27.556+0000] {logging_mixin.py:188} INFO - [2025-06-27T00:48:27.556+0000] {serialized_dag.py:177} DEBUG - Serialized DAG (example_time_delta_sensor_async) is unchanged. Skipping writing to DB
[2025-06-27T00:48:27.557+0000] {logging_mixin.py:188} INFO - [2025-06-27T00:48:27.557+0000] {dag.py:3096} INFO - Sync 1 DAGs
[2025-06-27T00:48:27.578+0000] {logging_mixin.py:188} INFO - [2025-06-27T00:48:27.578+0000] {dag.py:3954} INFO - Setting next_dagrun for example_time_delta_sensor_async to None, run_after=None
[2025-06-27T00:48:27.615+0000] {processor.py:183} INFO - Processing /home/airflow/.local/lib/python3.10/site-packages/airflow/example_dags/example_time_delta_sensor_async.py took 0.148 seconds
[2025-06-27T00:48:58.198+0000] {logging_mixin.py:188} INFO - [2025-06-27T00:48:58.197+0000] {settings.py:250} DEBUG - Setting up DB connection pool (PID 16857)
[2025-06-27T00:48:58.200+0000] {logging_mixin.py:188} INFO - [2025-06-27T00:48:58.200+0000] {settings.py:330} DEBUG - settings.prepare_engine_args(): Using pool settings. pool_size=5, max_overflow=10, pool_recycle=1800, pid=16857
[2025-06-27T00:48:58.210+0000] {processor.py:161} INFO - Started process (PID=16857) to work on /home/airflow/.local/lib/python3.10/site-packages/airflow/example_dags/example_time_delta_sensor_async.py
[2025-06-27T00:48:58.211+0000] {processor.py:830} INFO - Processing file /home/airflow/.local/lib/python3.10/site-packages/airflow/example_dags/example_time_delta_sensor_async.py for tasks to queue
[2025-06-27T00:48:58.213+0000] {logging_mixin.py:188} INFO - [2025-06-27T00:48:58.213+0000] {dagbag.py:545} INFO - Filling up the DagBag from /home/airflow/.local/lib/python3.10/site-packages/airflow/example_dags/example_time_delta_sensor_async.py
[2025-06-27T00:48:58.215+0000] {logging_mixin.py:188} INFO - [2025-06-27T00:48:58.215+0000] {dagbag.py:337} DEBUG - Importing /home/airflow/.local/lib/python3.10/site-packages/airflow/example_dags/example_time_delta_sensor_async.py
[2025-06-27T00:48:58.224+0000] {logging_mixin.py:188} INFO - [2025-06-27T00:48:58.222+0000] {dagbag.py:511} DEBUG - Loaded DAG <DAG: example_time_delta_sensor_async>
[2025-06-27T00:48:58.225+0000] {processor.py:840} INFO - DAG(s) 'example_time_delta_sensor_async' retrieved from /home/airflow/.local/lib/python3.10/site-packages/airflow/example_dags/example_time_delta_sensor_async.py
[2025-06-27T00:48:58.227+0000] {logging_mixin.py:188} INFO - [2025-06-27T00:48:58.227+0000] {dagbag.py:667} DEBUG - Running dagbag.sync_to_db with retries. Try 1 of 3
[2025-06-27T00:48:58.228+0000] {logging_mixin.py:188} INFO - [2025-06-27T00:48:58.228+0000] {dagbag.py:672} DEBUG - Calling the DAG.bulk_sync_to_db method
[2025-06-27T00:48:58.248+0000] {logging_mixin.py:188} INFO - [2025-06-27T00:48:58.247+0000] {serialized_dag.py:166} DEBUG - Checking if DAG (example_time_delta_sensor_async) changed
[2025-06-27T00:48:58.253+0000] {logging_mixin.py:188} INFO - [2025-06-27T00:48:58.253+0000] {plugins_manager.py:332} DEBUG - Plugins are already loaded. Skipping.
[2025-06-27T00:48:58.254+0000] {logging_mixin.py:188} INFO - [2025-06-27T00:48:58.254+0000] {plugins_manager.py:410} DEBUG - Initialize custom taskinstance deps plugins
[2025-06-27T00:48:58.263+0000] {logging_mixin.py:188} INFO - [2025-06-27T00:48:58.262+0000] {serialized_dag.py:177} DEBUG - Serialized DAG (example_time_delta_sensor_async) is unchanged. Skipping writing to DB
[2025-06-27T00:48:58.264+0000] {logging_mixin.py:188} INFO - [2025-06-27T00:48:58.263+0000] {dag.py:3096} INFO - Sync 1 DAGs
[2025-06-27T00:48:58.283+0000] {logging_mixin.py:188} INFO - [2025-06-27T00:48:58.283+0000] {dag.py:3954} INFO - Setting next_dagrun for example_time_delta_sensor_async to None, run_after=None
[2025-06-27T00:48:58.311+0000] {processor.py:183} INFO - Processing /home/airflow/.local/lib/python3.10/site-packages/airflow/example_dags/example_time_delta_sensor_async.py took 0.114 seconds
[2025-06-27T00:49:28.530+0000] {logging_mixin.py:188} INFO - [2025-06-27T00:49:28.529+0000] {settings.py:250} DEBUG - Setting up DB connection pool (PID 16920)
[2025-06-27T00:49:28.532+0000] {logging_mixin.py:188} INFO - [2025-06-27T00:49:28.532+0000] {settings.py:330} DEBUG - settings.prepare_engine_args(): Using pool settings. pool_size=5, max_overflow=10, pool_recycle=1800, pid=16920
[2025-06-27T00:49:28.543+0000] {processor.py:161} INFO - Started process (PID=16920) to work on /home/airflow/.local/lib/python3.10/site-packages/airflow/example_dags/example_time_delta_sensor_async.py
[2025-06-27T00:49:28.544+0000] {processor.py:830} INFO - Processing file /home/airflow/.local/lib/python3.10/site-packages/airflow/example_dags/example_time_delta_sensor_async.py for tasks to queue
[2025-06-27T00:49:28.545+0000] {logging_mixin.py:188} INFO - [2025-06-27T00:49:28.545+0000] {dagbag.py:545} INFO - Filling up the DagBag from /home/airflow/.local/lib/python3.10/site-packages/airflow/example_dags/example_time_delta_sensor_async.py
[2025-06-27T00:49:28.547+0000] {logging_mixin.py:188} INFO - [2025-06-27T00:49:28.547+0000] {dagbag.py:337} DEBUG - Importing /home/airflow/.local/lib/python3.10/site-packages/airflow/example_dags/example_time_delta_sensor_async.py
[2025-06-27T00:49:28.555+0000] {logging_mixin.py:188} INFO - [2025-06-27T00:49:28.553+0000] {dagbag.py:511} DEBUG - Loaded DAG <DAG: example_time_delta_sensor_async>
[2025-06-27T00:49:28.556+0000] {processor.py:840} INFO - DAG(s) 'example_time_delta_sensor_async' retrieved from /home/airflow/.local/lib/python3.10/site-packages/airflow/example_dags/example_time_delta_sensor_async.py
[2025-06-27T00:49:28.558+0000] {logging_mixin.py:188} INFO - [2025-06-27T00:49:28.558+0000] {dagbag.py:667} DEBUG - Running dagbag.sync_to_db with retries. Try 1 of 3
[2025-06-27T00:49:28.559+0000] {logging_mixin.py:188} INFO - [2025-06-27T00:49:28.559+0000] {dagbag.py:672} DEBUG - Calling the DAG.bulk_sync_to_db method
[2025-06-27T00:49:28.580+0000] {logging_mixin.py:188} INFO - [2025-06-27T00:49:28.580+0000] {serialized_dag.py:166} DEBUG - Checking if DAG (example_time_delta_sensor_async) changed
[2025-06-27T00:49:28.585+0000] {logging_mixin.py:188} INFO - [2025-06-27T00:49:28.585+0000] {plugins_manager.py:332} DEBUG - Plugins are already loaded. Skipping.
[2025-06-27T00:49:28.586+0000] {logging_mixin.py:188} INFO - [2025-06-27T00:49:28.586+0000] {plugins_manager.py:410} DEBUG - Initialize custom taskinstance deps plugins
[2025-06-27T00:49:28.597+0000] {logging_mixin.py:188} INFO - [2025-06-27T00:49:28.597+0000] {serialized_dag.py:177} DEBUG - Serialized DAG (example_time_delta_sensor_async) is unchanged. Skipping writing to DB
[2025-06-27T00:49:28.598+0000] {logging_mixin.py:188} INFO - [2025-06-27T00:49:28.598+0000] {dag.py:3096} INFO - Sync 1 DAGs
[2025-06-27T00:49:28.621+0000] {logging_mixin.py:188} INFO - [2025-06-27T00:49:28.620+0000] {dag.py:3954} INFO - Setting next_dagrun for example_time_delta_sensor_async to None, run_after=None
[2025-06-27T00:49:28.647+0000] {processor.py:183} INFO - Processing /home/airflow/.local/lib/python3.10/site-packages/airflow/example_dags/example_time_delta_sensor_async.py took 0.119 seconds
[2025-06-27T00:49:59.711+0000] {logging_mixin.py:188} INFO - [2025-06-27T00:49:59.710+0000] {settings.py:250} DEBUG - Setting up DB connection pool (PID 16983)
[2025-06-27T00:49:59.713+0000] {logging_mixin.py:188} INFO - [2025-06-27T00:49:59.713+0000] {settings.py:330} DEBUG - settings.prepare_engine_args(): Using pool settings. pool_size=5, max_overflow=10, pool_recycle=1800, pid=16983
[2025-06-27T00:49:59.723+0000] {processor.py:161} INFO - Started process (PID=16983) to work on /home/airflow/.local/lib/python3.10/site-packages/airflow/example_dags/example_time_delta_sensor_async.py
[2025-06-27T00:49:59.724+0000] {processor.py:830} INFO - Processing file /home/airflow/.local/lib/python3.10/site-packages/airflow/example_dags/example_time_delta_sensor_async.py for tasks to queue
[2025-06-27T00:49:59.726+0000] {logging_mixin.py:188} INFO - [2025-06-27T00:49:59.726+0000] {dagbag.py:545} INFO - Filling up the DagBag from /home/airflow/.local/lib/python3.10/site-packages/airflow/example_dags/example_time_delta_sensor_async.py
[2025-06-27T00:49:59.728+0000] {logging_mixin.py:188} INFO - [2025-06-27T00:49:59.728+0000] {dagbag.py:337} DEBUG - Importing /home/airflow/.local/lib/python3.10/site-packages/airflow/example_dags/example_time_delta_sensor_async.py
[2025-06-27T00:49:59.739+0000] {logging_mixin.py:188} INFO - [2025-06-27T00:49:59.737+0000] {dagbag.py:511} DEBUG - Loaded DAG <DAG: example_time_delta_sensor_async>
[2025-06-27T00:49:59.740+0000] {processor.py:840} INFO - DAG(s) 'example_time_delta_sensor_async' retrieved from /home/airflow/.local/lib/python3.10/site-packages/airflow/example_dags/example_time_delta_sensor_async.py
[2025-06-27T00:49:59.743+0000] {logging_mixin.py:188} INFO - [2025-06-27T00:49:59.742+0000] {dagbag.py:667} DEBUG - Running dagbag.sync_to_db with retries. Try 1 of 3
[2025-06-27T00:49:59.743+0000] {logging_mixin.py:188} INFO - [2025-06-27T00:49:59.743+0000] {dagbag.py:672} DEBUG - Calling the DAG.bulk_sync_to_db method
[2025-06-27T00:49:59.768+0000] {logging_mixin.py:188} INFO - [2025-06-27T00:49:59.768+0000] {serialized_dag.py:166} DEBUG - Checking if DAG (example_time_delta_sensor_async) changed
[2025-06-27T00:49:59.774+0000] {logging_mixin.py:188} INFO - [2025-06-27T00:49:59.773+0000] {plugins_manager.py:332} DEBUG - Plugins are already loaded. Skipping.
[2025-06-27T00:49:59.775+0000] {logging_mixin.py:188} INFO - [2025-06-27T00:49:59.774+0000] {plugins_manager.py:410} DEBUG - Initialize custom taskinstance deps plugins
[2025-06-27T00:49:59.786+0000] {logging_mixin.py:188} INFO - [2025-06-27T00:49:59.786+0000] {serialized_dag.py:177} DEBUG - Serialized DAG (example_time_delta_sensor_async) is unchanged. Skipping writing to DB
[2025-06-27T00:49:59.788+0000] {logging_mixin.py:188} INFO - [2025-06-27T00:49:59.787+0000] {dag.py:3096} INFO - Sync 1 DAGs
[2025-06-27T00:49:59.813+0000] {logging_mixin.py:188} INFO - [2025-06-27T00:49:59.813+0000] {dag.py:3954} INFO - Setting next_dagrun for example_time_delta_sensor_async to None, run_after=None
[2025-06-27T00:49:59.848+0000] {processor.py:183} INFO - Processing /home/airflow/.local/lib/python3.10/site-packages/airflow/example_dags/example_time_delta_sensor_async.py took 0.138 seconds
[2025-06-27T00:50:30.065+0000] {logging_mixin.py:188} INFO - [2025-06-27T00:50:30.064+0000] {settings.py:250} DEBUG - Setting up DB connection pool (PID 17045)
[2025-06-27T00:50:30.067+0000] {logging_mixin.py:188} INFO - [2025-06-27T00:50:30.067+0000] {settings.py:330} DEBUG - settings.prepare_engine_args(): Using pool settings. pool_size=5, max_overflow=10, pool_recycle=1800, pid=17045
[2025-06-27T00:50:30.079+0000] {processor.py:161} INFO - Started process (PID=17045) to work on /home/airflow/.local/lib/python3.10/site-packages/airflow/example_dags/example_time_delta_sensor_async.py
[2025-06-27T00:50:30.081+0000] {processor.py:830} INFO - Processing file /home/airflow/.local/lib/python3.10/site-packages/airflow/example_dags/example_time_delta_sensor_async.py for tasks to queue
[2025-06-27T00:50:30.083+0000] {logging_mixin.py:188} INFO - [2025-06-27T00:50:30.082+0000] {dagbag.py:545} INFO - Filling up the DagBag from /home/airflow/.local/lib/python3.10/site-packages/airflow/example_dags/example_time_delta_sensor_async.py
[2025-06-27T00:50:30.087+0000] {logging_mixin.py:188} INFO - [2025-06-27T00:50:30.086+0000] {dagbag.py:337} DEBUG - Importing /home/airflow/.local/lib/python3.10/site-packages/airflow/example_dags/example_time_delta_sensor_async.py
[2025-06-27T00:50:30.100+0000] {logging_mixin.py:188} INFO - [2025-06-27T00:50:30.097+0000] {dagbag.py:511} DEBUG - Loaded DAG <DAG: example_time_delta_sensor_async>
[2025-06-27T00:50:30.101+0000] {processor.py:840} INFO - DAG(s) 'example_time_delta_sensor_async' retrieved from /home/airflow/.local/lib/python3.10/site-packages/airflow/example_dags/example_time_delta_sensor_async.py
[2025-06-27T00:50:30.105+0000] {logging_mixin.py:188} INFO - [2025-06-27T00:50:30.105+0000] {dagbag.py:667} DEBUG - Running dagbag.sync_to_db with retries. Try 1 of 3
[2025-06-27T00:50:30.107+0000] {logging_mixin.py:188} INFO - [2025-06-27T00:50:30.106+0000] {dagbag.py:672} DEBUG - Calling the DAG.bulk_sync_to_db method
[2025-06-27T00:50:30.137+0000] {logging_mixin.py:188} INFO - [2025-06-27T00:50:30.137+0000] {serialized_dag.py:166} DEBUG - Checking if DAG (example_time_delta_sensor_async) changed
[2025-06-27T00:50:30.149+0000] {logging_mixin.py:188} INFO - [2025-06-27T00:50:30.149+0000] {plugins_manager.py:332} DEBUG - Plugins are already loaded. Skipping.
[2025-06-27T00:50:30.151+0000] {logging_mixin.py:188} INFO - [2025-06-27T00:50:30.150+0000] {plugins_manager.py:410} DEBUG - Initialize custom taskinstance deps plugins
[2025-06-27T00:50:30.172+0000] {logging_mixin.py:188} INFO - [2025-06-27T00:50:30.171+0000] {serialized_dag.py:177} DEBUG - Serialized DAG (example_time_delta_sensor_async) is unchanged. Skipping writing to DB
[2025-06-27T00:50:30.174+0000] {logging_mixin.py:188} INFO - [2025-06-27T00:50:30.173+0000] {dag.py:3096} INFO - Sync 1 DAGs
[2025-06-27T00:50:30.211+0000] {logging_mixin.py:188} INFO - [2025-06-27T00:50:30.210+0000] {dag.py:3954} INFO - Setting next_dagrun for example_time_delta_sensor_async to None, run_after=None
[2025-06-27T00:50:30.262+0000] {processor.py:183} INFO - Processing /home/airflow/.local/lib/python3.10/site-packages/airflow/example_dags/example_time_delta_sensor_async.py took 0.199 seconds
[2025-06-27T00:51:00.945+0000] {logging_mixin.py:188} INFO - [2025-06-27T00:51:00.944+0000] {settings.py:250} DEBUG - Setting up DB connection pool (PID 17108)
[2025-06-27T00:51:00.947+0000] {logging_mixin.py:188} INFO - [2025-06-27T00:51:00.947+0000] {settings.py:330} DEBUG - settings.prepare_engine_args(): Using pool settings. pool_size=5, max_overflow=10, pool_recycle=1800, pid=17108
[2025-06-27T00:51:00.960+0000] {processor.py:161} INFO - Started process (PID=17108) to work on /home/airflow/.local/lib/python3.10/site-packages/airflow/example_dags/example_time_delta_sensor_async.py
[2025-06-27T00:51:00.962+0000] {processor.py:830} INFO - Processing file /home/airflow/.local/lib/python3.10/site-packages/airflow/example_dags/example_time_delta_sensor_async.py for tasks to queue
[2025-06-27T00:51:00.963+0000] {logging_mixin.py:188} INFO - [2025-06-27T00:51:00.963+0000] {dagbag.py:545} INFO - Filling up the DagBag from /home/airflow/.local/lib/python3.10/site-packages/airflow/example_dags/example_time_delta_sensor_async.py
[2025-06-27T00:51:00.966+0000] {logging_mixin.py:188} INFO - [2025-06-27T00:51:00.966+0000] {dagbag.py:337} DEBUG - Importing /home/airflow/.local/lib/python3.10/site-packages/airflow/example_dags/example_time_delta_sensor_async.py
[2025-06-27T00:51:00.976+0000] {logging_mixin.py:188} INFO - [2025-06-27T00:51:00.974+0000] {dagbag.py:511} DEBUG - Loaded DAG <DAG: example_time_delta_sensor_async>
[2025-06-27T00:51:00.977+0000] {processor.py:840} INFO - DAG(s) 'example_time_delta_sensor_async' retrieved from /home/airflow/.local/lib/python3.10/site-packages/airflow/example_dags/example_time_delta_sensor_async.py
[2025-06-27T00:51:00.980+0000] {logging_mixin.py:188} INFO - [2025-06-27T00:51:00.980+0000] {dagbag.py:667} DEBUG - Running dagbag.sync_to_db with retries. Try 1 of 3
[2025-06-27T00:51:00.981+0000] {logging_mixin.py:188} INFO - [2025-06-27T00:51:00.980+0000] {dagbag.py:672} DEBUG - Calling the DAG.bulk_sync_to_db method
[2025-06-27T00:51:01.006+0000] {logging_mixin.py:188} INFO - [2025-06-27T00:51:01.005+0000] {serialized_dag.py:166} DEBUG - Checking if DAG (example_time_delta_sensor_async) changed
[2025-06-27T00:51:01.011+0000] {logging_mixin.py:188} INFO - [2025-06-27T00:51:01.011+0000] {plugins_manager.py:332} DEBUG - Plugins are already loaded. Skipping.
[2025-06-27T00:51:01.012+0000] {logging_mixin.py:188} INFO - [2025-06-27T00:51:01.012+0000] {plugins_manager.py:410} DEBUG - Initialize custom taskinstance deps plugins
[2025-06-27T00:51:01.022+0000] {logging_mixin.py:188} INFO - [2025-06-27T00:51:01.022+0000] {serialized_dag.py:177} DEBUG - Serialized DAG (example_time_delta_sensor_async) is unchanged. Skipping writing to DB
[2025-06-27T00:51:01.023+0000] {logging_mixin.py:188} INFO - [2025-06-27T00:51:01.023+0000] {dag.py:3096} INFO - Sync 1 DAGs
[2025-06-27T00:51:01.044+0000] {logging_mixin.py:188} INFO - [2025-06-27T00:51:01.043+0000] {dag.py:3954} INFO - Setting next_dagrun for example_time_delta_sensor_async to None, run_after=None
[2025-06-27T00:51:01.080+0000] {processor.py:183} INFO - Processing /home/airflow/.local/lib/python3.10/site-packages/airflow/example_dags/example_time_delta_sensor_async.py took 0.137 seconds
[2025-06-27T00:51:31.385+0000] {logging_mixin.py:188} INFO - [2025-06-27T00:51:31.384+0000] {settings.py:250} DEBUG - Setting up DB connection pool (PID 17171)
[2025-06-27T00:51:31.387+0000] {logging_mixin.py:188} INFO - [2025-06-27T00:51:31.387+0000] {settings.py:330} DEBUG - settings.prepare_engine_args(): Using pool settings. pool_size=5, max_overflow=10, pool_recycle=1800, pid=17171
[2025-06-27T00:51:31.397+0000] {processor.py:161} INFO - Started process (PID=17171) to work on /home/airflow/.local/lib/python3.10/site-packages/airflow/example_dags/example_time_delta_sensor_async.py
[2025-06-27T00:51:31.398+0000] {processor.py:830} INFO - Processing file /home/airflow/.local/lib/python3.10/site-packages/airflow/example_dags/example_time_delta_sensor_async.py for tasks to queue
[2025-06-27T00:51:31.399+0000] {logging_mixin.py:188} INFO - [2025-06-27T00:51:31.399+0000] {dagbag.py:545} INFO - Filling up the DagBag from /home/airflow/.local/lib/python3.10/site-packages/airflow/example_dags/example_time_delta_sensor_async.py
[2025-06-27T00:51:31.401+0000] {logging_mixin.py:188} INFO - [2025-06-27T00:51:31.401+0000] {dagbag.py:337} DEBUG - Importing /home/airflow/.local/lib/python3.10/site-packages/airflow/example_dags/example_time_delta_sensor_async.py
[2025-06-27T00:51:31.413+0000] {logging_mixin.py:188} INFO - [2025-06-27T00:51:31.410+0000] {dagbag.py:511} DEBUG - Loaded DAG <DAG: example_time_delta_sensor_async>
[2025-06-27T00:51:31.414+0000] {processor.py:840} INFO - DAG(s) 'example_time_delta_sensor_async' retrieved from /home/airflow/.local/lib/python3.10/site-packages/airflow/example_dags/example_time_delta_sensor_async.py
[2025-06-27T00:51:31.418+0000] {logging_mixin.py:188} INFO - [2025-06-27T00:51:31.417+0000] {dagbag.py:667} DEBUG - Running dagbag.sync_to_db with retries. Try 1 of 3
[2025-06-27T00:51:31.419+0000] {logging_mixin.py:188} INFO - [2025-06-27T00:51:31.418+0000] {dagbag.py:672} DEBUG - Calling the DAG.bulk_sync_to_db method
[2025-06-27T00:51:31.443+0000] {logging_mixin.py:188} INFO - [2025-06-27T00:51:31.443+0000] {serialized_dag.py:166} DEBUG - Checking if DAG (example_time_delta_sensor_async) changed
[2025-06-27T00:51:31.450+0000] {logging_mixin.py:188} INFO - [2025-06-27T00:51:31.449+0000] {plugins_manager.py:332} DEBUG - Plugins are already loaded. Skipping.
[2025-06-27T00:51:31.450+0000] {logging_mixin.py:188} INFO - [2025-06-27T00:51:31.450+0000] {plugins_manager.py:410} DEBUG - Initialize custom taskinstance deps plugins
[2025-06-27T00:51:31.463+0000] {logging_mixin.py:188} INFO - [2025-06-27T00:51:31.463+0000] {serialized_dag.py:177} DEBUG - Serialized DAG (example_time_delta_sensor_async) is unchanged. Skipping writing to DB
[2025-06-27T00:51:31.464+0000] {logging_mixin.py:188} INFO - [2025-06-27T00:51:31.464+0000] {dag.py:3096} INFO - Sync 1 DAGs
[2025-06-27T00:51:31.484+0000] {logging_mixin.py:188} INFO - [2025-06-27T00:51:31.483+0000] {dag.py:3954} INFO - Setting next_dagrun for example_time_delta_sensor_async to None, run_after=None
[2025-06-27T00:51:31.510+0000] {processor.py:183} INFO - Processing /home/airflow/.local/lib/python3.10/site-packages/airflow/example_dags/example_time_delta_sensor_async.py took 0.127 seconds
[2025-06-27T00:52:02.044+0000] {logging_mixin.py:188} INFO - [2025-06-27T00:52:02.043+0000] {settings.py:250} DEBUG - Setting up DB connection pool (PID 17234)
[2025-06-27T00:52:02.046+0000] {logging_mixin.py:188} INFO - [2025-06-27T00:52:02.046+0000] {settings.py:330} DEBUG - settings.prepare_engine_args(): Using pool settings. pool_size=5, max_overflow=10, pool_recycle=1800, pid=17234
[2025-06-27T00:52:02.056+0000] {processor.py:161} INFO - Started process (PID=17234) to work on /home/airflow/.local/lib/python3.10/site-packages/airflow/example_dags/example_time_delta_sensor_async.py
[2025-06-27T00:52:02.057+0000] {processor.py:830} INFO - Processing file /home/airflow/.local/lib/python3.10/site-packages/airflow/example_dags/example_time_delta_sensor_async.py for tasks to queue
[2025-06-27T00:52:02.058+0000] {logging_mixin.py:188} INFO - [2025-06-27T00:52:02.058+0000] {dagbag.py:545} INFO - Filling up the DagBag from /home/airflow/.local/lib/python3.10/site-packages/airflow/example_dags/example_time_delta_sensor_async.py
[2025-06-27T00:52:02.060+0000] {logging_mixin.py:188} INFO - [2025-06-27T00:52:02.060+0000] {dagbag.py:337} DEBUG - Importing /home/airflow/.local/lib/python3.10/site-packages/airflow/example_dags/example_time_delta_sensor_async.py
[2025-06-27T00:52:02.070+0000] {logging_mixin.py:188} INFO - [2025-06-27T00:52:02.067+0000] {dagbag.py:511} DEBUG - Loaded DAG <DAG: example_time_delta_sensor_async>
[2025-06-27T00:52:02.071+0000] {processor.py:840} INFO - DAG(s) 'example_time_delta_sensor_async' retrieved from /home/airflow/.local/lib/python3.10/site-packages/airflow/example_dags/example_time_delta_sensor_async.py
[2025-06-27T00:52:02.073+0000] {logging_mixin.py:188} INFO - [2025-06-27T00:52:02.073+0000] {dagbag.py:667} DEBUG - Running dagbag.sync_to_db with retries. Try 1 of 3
[2025-06-27T00:52:02.074+0000] {logging_mixin.py:188} INFO - [2025-06-27T00:52:02.074+0000] {dagbag.py:672} DEBUG - Calling the DAG.bulk_sync_to_db method
[2025-06-27T00:52:02.094+0000] {logging_mixin.py:188} INFO - [2025-06-27T00:52:02.094+0000] {serialized_dag.py:166} DEBUG - Checking if DAG (example_time_delta_sensor_async) changed
[2025-06-27T00:52:02.099+0000] {logging_mixin.py:188} INFO - [2025-06-27T00:52:02.099+0000] {plugins_manager.py:332} DEBUG - Plugins are already loaded. Skipping.
[2025-06-27T00:52:02.100+0000] {logging_mixin.py:188} INFO - [2025-06-27T00:52:02.099+0000] {plugins_manager.py:410} DEBUG - Initialize custom taskinstance deps plugins
[2025-06-27T00:52:02.109+0000] {logging_mixin.py:188} INFO - [2025-06-27T00:52:02.108+0000] {serialized_dag.py:177} DEBUG - Serialized DAG (example_time_delta_sensor_async) is unchanged. Skipping writing to DB
[2025-06-27T00:52:02.110+0000] {logging_mixin.py:188} INFO - [2025-06-27T00:52:02.110+0000] {dag.py:3096} INFO - Sync 1 DAGs
[2025-06-27T00:52:02.128+0000] {logging_mixin.py:188} INFO - [2025-06-27T00:52:02.128+0000] {dag.py:3954} INFO - Setting next_dagrun for example_time_delta_sensor_async to None, run_after=None
[2025-06-27T00:52:02.159+0000] {processor.py:183} INFO - Processing /home/airflow/.local/lib/python3.10/site-packages/airflow/example_dags/example_time_delta_sensor_async.py took 0.116 seconds
[2025-06-27T00:52:32.485+0000] {logging_mixin.py:188} INFO - [2025-06-27T00:52:32.484+0000] {settings.py:250} DEBUG - Setting up DB connection pool (PID 17297)
[2025-06-27T00:52:32.488+0000] {logging_mixin.py:188} INFO - [2025-06-27T00:52:32.487+0000] {settings.py:330} DEBUG - settings.prepare_engine_args(): Using pool settings. pool_size=5, max_overflow=10, pool_recycle=1800, pid=17297
[2025-06-27T00:52:32.499+0000] {processor.py:161} INFO - Started process (PID=17297) to work on /home/airflow/.local/lib/python3.10/site-packages/airflow/example_dags/example_time_delta_sensor_async.py
[2025-06-27T00:52:32.501+0000] {processor.py:830} INFO - Processing file /home/airflow/.local/lib/python3.10/site-packages/airflow/example_dags/example_time_delta_sensor_async.py for tasks to queue
[2025-06-27T00:52:32.502+0000] {logging_mixin.py:188} INFO - [2025-06-27T00:52:32.502+0000] {dagbag.py:545} INFO - Filling up the DagBag from /home/airflow/.local/lib/python3.10/site-packages/airflow/example_dags/example_time_delta_sensor_async.py
[2025-06-27T00:52:32.505+0000] {logging_mixin.py:188} INFO - [2025-06-27T00:52:32.505+0000] {dagbag.py:337} DEBUG - Importing /home/airflow/.local/lib/python3.10/site-packages/airflow/example_dags/example_time_delta_sensor_async.py
[2025-06-27T00:52:32.514+0000] {logging_mixin.py:188} INFO - [2025-06-27T00:52:32.512+0000] {dagbag.py:511} DEBUG - Loaded DAG <DAG: example_time_delta_sensor_async>
[2025-06-27T00:52:32.515+0000] {processor.py:840} INFO - DAG(s) 'example_time_delta_sensor_async' retrieved from /home/airflow/.local/lib/python3.10/site-packages/airflow/example_dags/example_time_delta_sensor_async.py
[2025-06-27T00:52:32.518+0000] {logging_mixin.py:188} INFO - [2025-06-27T00:52:32.518+0000] {dagbag.py:667} DEBUG - Running dagbag.sync_to_db with retries. Try 1 of 3
[2025-06-27T00:52:32.519+0000] {logging_mixin.py:188} INFO - [2025-06-27T00:52:32.519+0000] {dagbag.py:672} DEBUG - Calling the DAG.bulk_sync_to_db method
[2025-06-27T00:52:32.540+0000] {logging_mixin.py:188} INFO - [2025-06-27T00:52:32.539+0000] {serialized_dag.py:166} DEBUG - Checking if DAG (example_time_delta_sensor_async) changed
[2025-06-27T00:52:32.544+0000] {logging_mixin.py:188} INFO - [2025-06-27T00:52:32.544+0000] {plugins_manager.py:332} DEBUG - Plugins are already loaded. Skipping.
[2025-06-27T00:52:32.545+0000] {logging_mixin.py:188} INFO - [2025-06-27T00:52:32.545+0000] {plugins_manager.py:410} DEBUG - Initialize custom taskinstance deps plugins
[2025-06-27T00:52:32.553+0000] {logging_mixin.py:188} INFO - [2025-06-27T00:52:32.553+0000] {serialized_dag.py:177} DEBUG - Serialized DAG (example_time_delta_sensor_async) is unchanged. Skipping writing to DB
[2025-06-27T00:52:32.554+0000] {logging_mixin.py:188} INFO - [2025-06-27T00:52:32.554+0000] {dag.py:3096} INFO - Sync 1 DAGs
[2025-06-27T00:52:32.575+0000] {logging_mixin.py:188} INFO - [2025-06-27T00:52:32.574+0000] {dag.py:3954} INFO - Setting next_dagrun for example_time_delta_sensor_async to None, run_after=None
[2025-06-27T00:52:32.603+0000] {processor.py:183} INFO - Processing /home/airflow/.local/lib/python3.10/site-packages/airflow/example_dags/example_time_delta_sensor_async.py took 0.119 seconds
[2025-06-27T00:53:03.050+0000] {logging_mixin.py:188} INFO - [2025-06-27T00:53:03.048+0000] {settings.py:250} DEBUG - Setting up DB connection pool (PID 17360)
[2025-06-27T00:53:03.052+0000] {logging_mixin.py:188} INFO - [2025-06-27T00:53:03.052+0000] {settings.py:330} DEBUG - settings.prepare_engine_args(): Using pool settings. pool_size=5, max_overflow=10, pool_recycle=1800, pid=17360
[2025-06-27T00:53:03.064+0000] {processor.py:161} INFO - Started process (PID=17360) to work on /home/airflow/.local/lib/python3.10/site-packages/airflow/example_dags/example_time_delta_sensor_async.py
[2025-06-27T00:53:03.066+0000] {processor.py:830} INFO - Processing file /home/airflow/.local/lib/python3.10/site-packages/airflow/example_dags/example_time_delta_sensor_async.py for tasks to queue
[2025-06-27T00:53:03.068+0000] {logging_mixin.py:188} INFO - [2025-06-27T00:53:03.067+0000] {dagbag.py:545} INFO - Filling up the DagBag from /home/airflow/.local/lib/python3.10/site-packages/airflow/example_dags/example_time_delta_sensor_async.py
[2025-06-27T00:53:03.070+0000] {logging_mixin.py:188} INFO - [2025-06-27T00:53:03.070+0000] {dagbag.py:337} DEBUG - Importing /home/airflow/.local/lib/python3.10/site-packages/airflow/example_dags/example_time_delta_sensor_async.py
[2025-06-27T00:53:03.082+0000] {logging_mixin.py:188} INFO - [2025-06-27T00:53:03.080+0000] {dagbag.py:511} DEBUG - Loaded DAG <DAG: example_time_delta_sensor_async>
[2025-06-27T00:53:03.083+0000] {processor.py:840} INFO - DAG(s) 'example_time_delta_sensor_async' retrieved from /home/airflow/.local/lib/python3.10/site-packages/airflow/example_dags/example_time_delta_sensor_async.py
[2025-06-27T00:53:03.086+0000] {logging_mixin.py:188} INFO - [2025-06-27T00:53:03.086+0000] {dagbag.py:667} DEBUG - Running dagbag.sync_to_db with retries. Try 1 of 3
[2025-06-27T00:53:03.087+0000] {logging_mixin.py:188} INFO - [2025-06-27T00:53:03.087+0000] {dagbag.py:672} DEBUG - Calling the DAG.bulk_sync_to_db method
[2025-06-27T00:53:03.108+0000] {logging_mixin.py:188} INFO - [2025-06-27T00:53:03.107+0000] {serialized_dag.py:166} DEBUG - Checking if DAG (example_time_delta_sensor_async) changed
[2025-06-27T00:53:03.113+0000] {logging_mixin.py:188} INFO - [2025-06-27T00:53:03.113+0000] {plugins_manager.py:332} DEBUG - Plugins are already loaded. Skipping.
[2025-06-27T00:53:03.114+0000] {logging_mixin.py:188} INFO - [2025-06-27T00:53:03.114+0000] {plugins_manager.py:410} DEBUG - Initialize custom taskinstance deps plugins
[2025-06-27T00:53:03.122+0000] {logging_mixin.py:188} INFO - [2025-06-27T00:53:03.122+0000] {serialized_dag.py:177} DEBUG - Serialized DAG (example_time_delta_sensor_async) is unchanged. Skipping writing to DB
[2025-06-27T00:53:03.123+0000] {logging_mixin.py:188} INFO - [2025-06-27T00:53:03.123+0000] {dag.py:3096} INFO - Sync 1 DAGs
[2025-06-27T00:53:03.142+0000] {logging_mixin.py:188} INFO - [2025-06-27T00:53:03.141+0000] {dag.py:3954} INFO - Setting next_dagrun for example_time_delta_sensor_async to None, run_after=None
[2025-06-27T00:53:03.170+0000] {processor.py:183} INFO - Processing /home/airflow/.local/lib/python3.10/site-packages/airflow/example_dags/example_time_delta_sensor_async.py took 0.122 seconds
[2025-06-27T00:53:33.625+0000] {logging_mixin.py:188} INFO - [2025-06-27T00:53:33.623+0000] {settings.py:250} DEBUG - Setting up DB connection pool (PID 17423)
[2025-06-27T00:53:33.627+0000] {logging_mixin.py:188} INFO - [2025-06-27T00:53:33.626+0000] {settings.py:330} DEBUG - settings.prepare_engine_args(): Using pool settings. pool_size=5, max_overflow=10, pool_recycle=1800, pid=17423
[2025-06-27T00:53:33.638+0000] {processor.py:161} INFO - Started process (PID=17423) to work on /home/airflow/.local/lib/python3.10/site-packages/airflow/example_dags/example_time_delta_sensor_async.py
[2025-06-27T00:53:33.639+0000] {processor.py:830} INFO - Processing file /home/airflow/.local/lib/python3.10/site-packages/airflow/example_dags/example_time_delta_sensor_async.py for tasks to queue
[2025-06-27T00:53:33.641+0000] {logging_mixin.py:188} INFO - [2025-06-27T00:53:33.641+0000] {dagbag.py:545} INFO - Filling up the DagBag from /home/airflow/.local/lib/python3.10/site-packages/airflow/example_dags/example_time_delta_sensor_async.py
[2025-06-27T00:53:33.644+0000] {logging_mixin.py:188} INFO - [2025-06-27T00:53:33.643+0000] {dagbag.py:337} DEBUG - Importing /home/airflow/.local/lib/python3.10/site-packages/airflow/example_dags/example_time_delta_sensor_async.py
[2025-06-27T00:53:33.653+0000] {logging_mixin.py:188} INFO - [2025-06-27T00:53:33.651+0000] {dagbag.py:511} DEBUG - Loaded DAG <DAG: example_time_delta_sensor_async>
[2025-06-27T00:53:33.653+0000] {processor.py:840} INFO - DAG(s) 'example_time_delta_sensor_async' retrieved from /home/airflow/.local/lib/python3.10/site-packages/airflow/example_dags/example_time_delta_sensor_async.py
[2025-06-27T00:53:33.656+0000] {logging_mixin.py:188} INFO - [2025-06-27T00:53:33.656+0000] {dagbag.py:667} DEBUG - Running dagbag.sync_to_db with retries. Try 1 of 3
[2025-06-27T00:53:33.657+0000] {logging_mixin.py:188} INFO - [2025-06-27T00:53:33.657+0000] {dagbag.py:672} DEBUG - Calling the DAG.bulk_sync_to_db method
[2025-06-27T00:53:33.679+0000] {logging_mixin.py:188} INFO - [2025-06-27T00:53:33.678+0000] {serialized_dag.py:166} DEBUG - Checking if DAG (example_time_delta_sensor_async) changed
[2025-06-27T00:53:33.683+0000] {logging_mixin.py:188} INFO - [2025-06-27T00:53:33.683+0000] {plugins_manager.py:332} DEBUG - Plugins are already loaded. Skipping.
[2025-06-27T00:53:33.684+0000] {logging_mixin.py:188} INFO - [2025-06-27T00:53:33.684+0000] {plugins_manager.py:410} DEBUG - Initialize custom taskinstance deps plugins
[2025-06-27T00:53:33.692+0000] {logging_mixin.py:188} INFO - [2025-06-27T00:53:33.692+0000] {serialized_dag.py:177} DEBUG - Serialized DAG (example_time_delta_sensor_async) is unchanged. Skipping writing to DB
[2025-06-27T00:53:33.693+0000] {logging_mixin.py:188} INFO - [2025-06-27T00:53:33.693+0000] {dag.py:3096} INFO - Sync 1 DAGs
[2025-06-27T00:53:33.709+0000] {logging_mixin.py:188} INFO - [2025-06-27T00:53:33.709+0000] {dag.py:3954} INFO - Setting next_dagrun for example_time_delta_sensor_async to None, run_after=None
[2025-06-27T00:53:33.747+0000] {processor.py:183} INFO - Processing /home/airflow/.local/lib/python3.10/site-packages/airflow/example_dags/example_time_delta_sensor_async.py took 0.123 seconds
[2025-06-27T00:54:04.039+0000] {logging_mixin.py:188} INFO - [2025-06-27T00:54:04.038+0000] {settings.py:250} DEBUG - Setting up DB connection pool (PID 17486)
[2025-06-27T00:54:04.042+0000] {logging_mixin.py:188} INFO - [2025-06-27T00:54:04.042+0000] {settings.py:330} DEBUG - settings.prepare_engine_args(): Using pool settings. pool_size=5, max_overflow=10, pool_recycle=1800, pid=17486
[2025-06-27T00:54:04.053+0000] {processor.py:161} INFO - Started process (PID=17486) to work on /home/airflow/.local/lib/python3.10/site-packages/airflow/example_dags/example_time_delta_sensor_async.py
[2025-06-27T00:54:04.055+0000] {processor.py:830} INFO - Processing file /home/airflow/.local/lib/python3.10/site-packages/airflow/example_dags/example_time_delta_sensor_async.py for tasks to queue
[2025-06-27T00:54:04.056+0000] {logging_mixin.py:188} INFO - [2025-06-27T00:54:04.056+0000] {dagbag.py:545} INFO - Filling up the DagBag from /home/airflow/.local/lib/python3.10/site-packages/airflow/example_dags/example_time_delta_sensor_async.py
[2025-06-27T00:54:04.059+0000] {logging_mixin.py:188} INFO - [2025-06-27T00:54:04.059+0000] {dagbag.py:337} DEBUG - Importing /home/airflow/.local/lib/python3.10/site-packages/airflow/example_dags/example_time_delta_sensor_async.py
[2025-06-27T00:54:04.070+0000] {logging_mixin.py:188} INFO - [2025-06-27T00:54:04.068+0000] {dagbag.py:511} DEBUG - Loaded DAG <DAG: example_time_delta_sensor_async>
[2025-06-27T00:54:04.071+0000] {processor.py:840} INFO - DAG(s) 'example_time_delta_sensor_async' retrieved from /home/airflow/.local/lib/python3.10/site-packages/airflow/example_dags/example_time_delta_sensor_async.py
[2025-06-27T00:54:04.075+0000] {logging_mixin.py:188} INFO - [2025-06-27T00:54:04.074+0000] {dagbag.py:667} DEBUG - Running dagbag.sync_to_db with retries. Try 1 of 3
[2025-06-27T00:54:04.076+0000] {logging_mixin.py:188} INFO - [2025-06-27T00:54:04.075+0000] {dagbag.py:672} DEBUG - Calling the DAG.bulk_sync_to_db method
[2025-06-27T00:54:04.100+0000] {logging_mixin.py:188} INFO - [2025-06-27T00:54:04.100+0000] {serialized_dag.py:166} DEBUG - Checking if DAG (example_time_delta_sensor_async) changed
[2025-06-27T00:54:04.106+0000] {logging_mixin.py:188} INFO - [2025-06-27T00:54:04.106+0000] {plugins_manager.py:332} DEBUG - Plugins are already loaded. Skipping.
[2025-06-27T00:54:04.107+0000] {logging_mixin.py:188} INFO - [2025-06-27T00:54:04.107+0000] {plugins_manager.py:410} DEBUG - Initialize custom taskinstance deps plugins
[2025-06-27T00:54:04.118+0000] {logging_mixin.py:188} INFO - [2025-06-27T00:54:04.118+0000] {serialized_dag.py:177} DEBUG - Serialized DAG (example_time_delta_sensor_async) is unchanged. Skipping writing to DB
[2025-06-27T00:54:04.119+0000] {logging_mixin.py:188} INFO - [2025-06-27T00:54:04.119+0000] {dag.py:3096} INFO - Sync 1 DAGs
[2025-06-27T00:54:04.142+0000] {logging_mixin.py:188} INFO - [2025-06-27T00:54:04.141+0000] {dag.py:3954} INFO - Setting next_dagrun for example_time_delta_sensor_async to None, run_after=None
[2025-06-27T00:54:04.176+0000] {processor.py:183} INFO - Processing /home/airflow/.local/lib/python3.10/site-packages/airflow/example_dags/example_time_delta_sensor_async.py took 0.138 seconds
[2025-06-27T00:54:34.419+0000] {logging_mixin.py:188} INFO - [2025-06-27T00:54:34.417+0000] {settings.py:250} DEBUG - Setting up DB connection pool (PID 17549)
[2025-06-27T00:54:34.421+0000] {logging_mixin.py:188} INFO - [2025-06-27T00:54:34.421+0000] {settings.py:330} DEBUG - settings.prepare_engine_args(): Using pool settings. pool_size=5, max_overflow=10, pool_recycle=1800, pid=17549
[2025-06-27T00:54:34.434+0000] {processor.py:161} INFO - Started process (PID=17549) to work on /home/airflow/.local/lib/python3.10/site-packages/airflow/example_dags/example_time_delta_sensor_async.py
[2025-06-27T00:54:34.436+0000] {processor.py:830} INFO - Processing file /home/airflow/.local/lib/python3.10/site-packages/airflow/example_dags/example_time_delta_sensor_async.py for tasks to queue
[2025-06-27T00:54:34.437+0000] {logging_mixin.py:188} INFO - [2025-06-27T00:54:34.437+0000] {dagbag.py:545} INFO - Filling up the DagBag from /home/airflow/.local/lib/python3.10/site-packages/airflow/example_dags/example_time_delta_sensor_async.py
[2025-06-27T00:54:34.440+0000] {logging_mixin.py:188} INFO - [2025-06-27T00:54:34.440+0000] {dagbag.py:337} DEBUG - Importing /home/airflow/.local/lib/python3.10/site-packages/airflow/example_dags/example_time_delta_sensor_async.py
[2025-06-27T00:54:34.452+0000] {logging_mixin.py:188} INFO - [2025-06-27T00:54:34.450+0000] {dagbag.py:511} DEBUG - Loaded DAG <DAG: example_time_delta_sensor_async>
[2025-06-27T00:54:34.453+0000] {processor.py:840} INFO - DAG(s) 'example_time_delta_sensor_async' retrieved from /home/airflow/.local/lib/python3.10/site-packages/airflow/example_dags/example_time_delta_sensor_async.py
[2025-06-27T00:54:34.456+0000] {logging_mixin.py:188} INFO - [2025-06-27T00:54:34.456+0000] {dagbag.py:667} DEBUG - Running dagbag.sync_to_db with retries. Try 1 of 3
[2025-06-27T00:54:34.457+0000] {logging_mixin.py:188} INFO - [2025-06-27T00:54:34.457+0000] {dagbag.py:672} DEBUG - Calling the DAG.bulk_sync_to_db method
[2025-06-27T00:54:34.481+0000] {logging_mixin.py:188} INFO - [2025-06-27T00:54:34.481+0000] {serialized_dag.py:166} DEBUG - Checking if DAG (example_time_delta_sensor_async) changed
[2025-06-27T00:54:34.489+0000] {logging_mixin.py:188} INFO - [2025-06-27T00:54:34.487+0000] {plugins_manager.py:332} DEBUG - Plugins are already loaded. Skipping.
[2025-06-27T00:54:34.490+0000] {logging_mixin.py:188} INFO - [2025-06-27T00:54:34.489+0000] {plugins_manager.py:410} DEBUG - Initialize custom taskinstance deps plugins
[2025-06-27T00:54:34.499+0000] {logging_mixin.py:188} INFO - [2025-06-27T00:54:34.499+0000] {serialized_dag.py:177} DEBUG - Serialized DAG (example_time_delta_sensor_async) is unchanged. Skipping writing to DB
[2025-06-27T00:54:34.500+0000] {logging_mixin.py:188} INFO - [2025-06-27T00:54:34.500+0000] {dag.py:3096} INFO - Sync 1 DAGs
[2025-06-27T00:54:34.518+0000] {logging_mixin.py:188} INFO - [2025-06-27T00:54:34.518+0000] {dag.py:3954} INFO - Setting next_dagrun for example_time_delta_sensor_async to None, run_after=None
[2025-06-27T00:54:34.548+0000] {processor.py:183} INFO - Processing /home/airflow/.local/lib/python3.10/site-packages/airflow/example_dags/example_time_delta_sensor_async.py took 0.131 seconds
[2025-06-27T00:55:06.041+0000] {logging_mixin.py:188} INFO - [2025-06-27T00:55:06.039+0000] {settings.py:250} DEBUG - Setting up DB connection pool (PID 17612)
[2025-06-27T00:55:06.046+0000] {logging_mixin.py:188} INFO - [2025-06-27T00:55:06.045+0000] {settings.py:330} DEBUG - settings.prepare_engine_args(): Using pool settings. pool_size=5, max_overflow=10, pool_recycle=1800, pid=17612
[2025-06-27T00:55:06.061+0000] {processor.py:161} INFO - Started process (PID=17612) to work on /home/airflow/.local/lib/python3.10/site-packages/airflow/example_dags/example_time_delta_sensor_async.py
[2025-06-27T00:55:06.063+0000] {processor.py:830} INFO - Processing file /home/airflow/.local/lib/python3.10/site-packages/airflow/example_dags/example_time_delta_sensor_async.py for tasks to queue
[2025-06-27T00:55:06.065+0000] {logging_mixin.py:188} INFO - [2025-06-27T00:55:06.065+0000] {dagbag.py:545} INFO - Filling up the DagBag from /home/airflow/.local/lib/python3.10/site-packages/airflow/example_dags/example_time_delta_sensor_async.py
[2025-06-27T00:55:06.068+0000] {logging_mixin.py:188} INFO - [2025-06-27T00:55:06.068+0000] {dagbag.py:337} DEBUG - Importing /home/airflow/.local/lib/python3.10/site-packages/airflow/example_dags/example_time_delta_sensor_async.py
[2025-06-27T00:55:06.077+0000] {logging_mixin.py:188} INFO - [2025-06-27T00:55:06.075+0000] {dagbag.py:511} DEBUG - Loaded DAG <DAG: example_time_delta_sensor_async>
[2025-06-27T00:55:06.078+0000] {processor.py:840} INFO - DAG(s) 'example_time_delta_sensor_async' retrieved from /home/airflow/.local/lib/python3.10/site-packages/airflow/example_dags/example_time_delta_sensor_async.py
[2025-06-27T00:55:06.081+0000] {logging_mixin.py:188} INFO - [2025-06-27T00:55:06.081+0000] {dagbag.py:667} DEBUG - Running dagbag.sync_to_db with retries. Try 1 of 3
[2025-06-27T00:55:06.082+0000] {logging_mixin.py:188} INFO - [2025-06-27T00:55:06.082+0000] {dagbag.py:672} DEBUG - Calling the DAG.bulk_sync_to_db method
[2025-06-27T00:55:06.107+0000] {logging_mixin.py:188} INFO - [2025-06-27T00:55:06.106+0000] {serialized_dag.py:166} DEBUG - Checking if DAG (example_time_delta_sensor_async) changed
[2025-06-27T00:55:06.113+0000] {logging_mixin.py:188} INFO - [2025-06-27T00:55:06.112+0000] {plugins_manager.py:332} DEBUG - Plugins are already loaded. Skipping.
[2025-06-27T00:55:06.119+0000] {logging_mixin.py:188} INFO - [2025-06-27T00:55:06.118+0000] {plugins_manager.py:410} DEBUG - Initialize custom taskinstance deps plugins
[2025-06-27T00:55:06.130+0000] {logging_mixin.py:188} INFO - [2025-06-27T00:55:06.129+0000] {serialized_dag.py:177} DEBUG - Serialized DAG (example_time_delta_sensor_async) is unchanged. Skipping writing to DB
[2025-06-27T00:55:06.131+0000] {logging_mixin.py:188} INFO - [2025-06-27T00:55:06.131+0000] {dag.py:3096} INFO - Sync 1 DAGs
[2025-06-27T00:55:06.159+0000] {logging_mixin.py:188} INFO - [2025-06-27T00:55:06.158+0000] {dag.py:3954} INFO - Setting next_dagrun for example_time_delta_sensor_async to None, run_after=None
[2025-06-27T00:55:06.197+0000] {processor.py:183} INFO - Processing /home/airflow/.local/lib/python3.10/site-packages/airflow/example_dags/example_time_delta_sensor_async.py took 0.159 seconds
[2025-06-27T00:55:36.358+0000] {logging_mixin.py:188} INFO - [2025-06-27T00:55:36.357+0000] {settings.py:250} DEBUG - Setting up DB connection pool (PID 17673)
[2025-06-27T00:55:36.360+0000] {logging_mixin.py:188} INFO - [2025-06-27T00:55:36.360+0000] {settings.py:330} DEBUG - settings.prepare_engine_args(): Using pool settings. pool_size=5, max_overflow=10, pool_recycle=1800, pid=17673
[2025-06-27T00:55:36.373+0000] {processor.py:161} INFO - Started process (PID=17673) to work on /home/airflow/.local/lib/python3.10/site-packages/airflow/example_dags/example_time_delta_sensor_async.py
[2025-06-27T00:55:36.375+0000] {processor.py:830} INFO - Processing file /home/airflow/.local/lib/python3.10/site-packages/airflow/example_dags/example_time_delta_sensor_async.py for tasks to queue
[2025-06-27T00:55:36.376+0000] {logging_mixin.py:188} INFO - [2025-06-27T00:55:36.376+0000] {dagbag.py:545} INFO - Filling up the DagBag from /home/airflow/.local/lib/python3.10/site-packages/airflow/example_dags/example_time_delta_sensor_async.py
[2025-06-27T00:55:36.379+0000] {logging_mixin.py:188} INFO - [2025-06-27T00:55:36.378+0000] {dagbag.py:337} DEBUG - Importing /home/airflow/.local/lib/python3.10/site-packages/airflow/example_dags/example_time_delta_sensor_async.py
[2025-06-27T00:55:36.388+0000] {logging_mixin.py:188} INFO - [2025-06-27T00:55:36.386+0000] {dagbag.py:511} DEBUG - Loaded DAG <DAG: example_time_delta_sensor_async>
[2025-06-27T00:55:36.389+0000] {processor.py:840} INFO - DAG(s) 'example_time_delta_sensor_async' retrieved from /home/airflow/.local/lib/python3.10/site-packages/airflow/example_dags/example_time_delta_sensor_async.py
[2025-06-27T00:55:36.392+0000] {logging_mixin.py:188} INFO - [2025-06-27T00:55:36.392+0000] {dagbag.py:667} DEBUG - Running dagbag.sync_to_db with retries. Try 1 of 3
[2025-06-27T00:55:36.393+0000] {logging_mixin.py:188} INFO - [2025-06-27T00:55:36.392+0000] {dagbag.py:672} DEBUG - Calling the DAG.bulk_sync_to_db method
[2025-06-27T00:55:36.416+0000] {logging_mixin.py:188} INFO - [2025-06-27T00:55:36.415+0000] {serialized_dag.py:166} DEBUG - Checking if DAG (example_time_delta_sensor_async) changed
[2025-06-27T00:55:36.421+0000] {logging_mixin.py:188} INFO - [2025-06-27T00:55:36.421+0000] {plugins_manager.py:332} DEBUG - Plugins are already loaded. Skipping.
[2025-06-27T00:55:36.422+0000] {logging_mixin.py:188} INFO - [2025-06-27T00:55:36.422+0000] {plugins_manager.py:410} DEBUG - Initialize custom taskinstance deps plugins
[2025-06-27T00:55:36.430+0000] {logging_mixin.py:188} INFO - [2025-06-27T00:55:36.430+0000] {serialized_dag.py:177} DEBUG - Serialized DAG (example_time_delta_sensor_async) is unchanged. Skipping writing to DB
[2025-06-27T00:55:36.431+0000] {logging_mixin.py:188} INFO - [2025-06-27T00:55:36.431+0000] {dag.py:3096} INFO - Sync 1 DAGs
[2025-06-27T00:55:36.448+0000] {logging_mixin.py:188} INFO - [2025-06-27T00:55:36.448+0000] {dag.py:3954} INFO - Setting next_dagrun for example_time_delta_sensor_async to None, run_after=None
[2025-06-27T00:55:36.476+0000] {processor.py:183} INFO - Processing /home/airflow/.local/lib/python3.10/site-packages/airflow/example_dags/example_time_delta_sensor_async.py took 0.120 seconds
[2025-06-27T00:56:06.594+0000] {logging_mixin.py:188} INFO - [2025-06-27T00:56:06.593+0000] {settings.py:250} DEBUG - Setting up DB connection pool (PID 17735)
[2025-06-27T00:56:06.596+0000] {logging_mixin.py:188} INFO - [2025-06-27T00:56:06.596+0000] {settings.py:330} DEBUG - settings.prepare_engine_args(): Using pool settings. pool_size=5, max_overflow=10, pool_recycle=1800, pid=17735
[2025-06-27T00:56:06.612+0000] {processor.py:161} INFO - Started process (PID=17735) to work on /home/airflow/.local/lib/python3.10/site-packages/airflow/example_dags/example_time_delta_sensor_async.py
[2025-06-27T00:56:06.613+0000] {processor.py:830} INFO - Processing file /home/airflow/.local/lib/python3.10/site-packages/airflow/example_dags/example_time_delta_sensor_async.py for tasks to queue
[2025-06-27T00:56:06.615+0000] {logging_mixin.py:188} INFO - [2025-06-27T00:56:06.615+0000] {dagbag.py:545} INFO - Filling up the DagBag from /home/airflow/.local/lib/python3.10/site-packages/airflow/example_dags/example_time_delta_sensor_async.py
[2025-06-27T00:56:06.617+0000] {logging_mixin.py:188} INFO - [2025-06-27T00:56:06.617+0000] {dagbag.py:337} DEBUG - Importing /home/airflow/.local/lib/python3.10/site-packages/airflow/example_dags/example_time_delta_sensor_async.py
[2025-06-27T00:56:06.626+0000] {logging_mixin.py:188} INFO - [2025-06-27T00:56:06.624+0000] {dagbag.py:511} DEBUG - Loaded DAG <DAG: example_time_delta_sensor_async>
[2025-06-27T00:56:06.627+0000] {processor.py:840} INFO - DAG(s) 'example_time_delta_sensor_async' retrieved from /home/airflow/.local/lib/python3.10/site-packages/airflow/example_dags/example_time_delta_sensor_async.py
[2025-06-27T00:56:06.630+0000] {logging_mixin.py:188} INFO - [2025-06-27T00:56:06.630+0000] {dagbag.py:667} DEBUG - Running dagbag.sync_to_db with retries. Try 1 of 3
[2025-06-27T00:56:06.631+0000] {logging_mixin.py:188} INFO - [2025-06-27T00:56:06.631+0000] {dagbag.py:672} DEBUG - Calling the DAG.bulk_sync_to_db method
[2025-06-27T00:56:06.653+0000] {logging_mixin.py:188} INFO - [2025-06-27T00:56:06.653+0000] {serialized_dag.py:166} DEBUG - Checking if DAG (example_time_delta_sensor_async) changed
[2025-06-27T00:56:06.657+0000] {logging_mixin.py:188} INFO - [2025-06-27T00:56:06.657+0000] {plugins_manager.py:332} DEBUG - Plugins are already loaded. Skipping.
[2025-06-27T00:56:06.658+0000] {logging_mixin.py:188} INFO - [2025-06-27T00:56:06.658+0000] {plugins_manager.py:410} DEBUG - Initialize custom taskinstance deps plugins
[2025-06-27T00:56:06.667+0000] {logging_mixin.py:188} INFO - [2025-06-27T00:56:06.667+0000] {serialized_dag.py:177} DEBUG - Serialized DAG (example_time_delta_sensor_async) is unchanged. Skipping writing to DB
[2025-06-27T00:56:06.669+0000] {logging_mixin.py:188} INFO - [2025-06-27T00:56:06.668+0000] {dag.py:3096} INFO - Sync 1 DAGs
[2025-06-27T00:56:06.689+0000] {logging_mixin.py:188} INFO - [2025-06-27T00:56:06.688+0000] {dag.py:3954} INFO - Setting next_dagrun for example_time_delta_sensor_async to None, run_after=None
[2025-06-27T00:56:06.720+0000] {processor.py:183} INFO - Processing /home/airflow/.local/lib/python3.10/site-packages/airflow/example_dags/example_time_delta_sensor_async.py took 0.127 seconds
[2025-06-27T00:56:37.416+0000] {logging_mixin.py:188} INFO - [2025-06-27T00:56:37.415+0000] {settings.py:250} DEBUG - Setting up DB connection pool (PID 17799)
[2025-06-27T00:56:37.418+0000] {logging_mixin.py:188} INFO - [2025-06-27T00:56:37.418+0000] {settings.py:330} DEBUG - settings.prepare_engine_args(): Using pool settings. pool_size=5, max_overflow=10, pool_recycle=1800, pid=17799
[2025-06-27T00:56:37.429+0000] {processor.py:161} INFO - Started process (PID=17799) to work on /home/airflow/.local/lib/python3.10/site-packages/airflow/example_dags/example_time_delta_sensor_async.py
[2025-06-27T00:56:37.430+0000] {processor.py:830} INFO - Processing file /home/airflow/.local/lib/python3.10/site-packages/airflow/example_dags/example_time_delta_sensor_async.py for tasks to queue
[2025-06-27T00:56:37.431+0000] {logging_mixin.py:188} INFO - [2025-06-27T00:56:37.431+0000] {dagbag.py:545} INFO - Filling up the DagBag from /home/airflow/.local/lib/python3.10/site-packages/airflow/example_dags/example_time_delta_sensor_async.py
[2025-06-27T00:56:37.434+0000] {logging_mixin.py:188} INFO - [2025-06-27T00:56:37.433+0000] {dagbag.py:337} DEBUG - Importing /home/airflow/.local/lib/python3.10/site-packages/airflow/example_dags/example_time_delta_sensor_async.py
[2025-06-27T00:56:37.442+0000] {logging_mixin.py:188} INFO - [2025-06-27T00:56:37.440+0000] {dagbag.py:511} DEBUG - Loaded DAG <DAG: example_time_delta_sensor_async>
[2025-06-27T00:56:37.443+0000] {processor.py:840} INFO - DAG(s) 'example_time_delta_sensor_async' retrieved from /home/airflow/.local/lib/python3.10/site-packages/airflow/example_dags/example_time_delta_sensor_async.py
[2025-06-27T00:56:37.446+0000] {logging_mixin.py:188} INFO - [2025-06-27T00:56:37.445+0000] {dagbag.py:667} DEBUG - Running dagbag.sync_to_db with retries. Try 1 of 3
[2025-06-27T00:56:37.447+0000] {logging_mixin.py:188} INFO - [2025-06-27T00:56:37.446+0000] {dagbag.py:672} DEBUG - Calling the DAG.bulk_sync_to_db method
[2025-06-27T00:56:37.467+0000] {logging_mixin.py:188} INFO - [2025-06-27T00:56:37.466+0000] {serialized_dag.py:166} DEBUG - Checking if DAG (example_time_delta_sensor_async) changed
[2025-06-27T00:56:37.472+0000] {logging_mixin.py:188} INFO - [2025-06-27T00:56:37.471+0000] {plugins_manager.py:332} DEBUG - Plugins are already loaded. Skipping.
[2025-06-27T00:56:37.473+0000] {logging_mixin.py:188} INFO - [2025-06-27T00:56:37.472+0000] {plugins_manager.py:410} DEBUG - Initialize custom taskinstance deps plugins
[2025-06-27T00:56:37.482+0000] {logging_mixin.py:188} INFO - [2025-06-27T00:56:37.481+0000] {serialized_dag.py:177} DEBUG - Serialized DAG (example_time_delta_sensor_async) is unchanged. Skipping writing to DB
[2025-06-27T00:56:37.483+0000] {logging_mixin.py:188} INFO - [2025-06-27T00:56:37.482+0000] {dag.py:3096} INFO - Sync 1 DAGs
[2025-06-27T00:56:37.505+0000] {logging_mixin.py:188} INFO - [2025-06-27T00:56:37.504+0000] {dag.py:3954} INFO - Setting next_dagrun for example_time_delta_sensor_async to None, run_after=None
[2025-06-27T00:56:37.540+0000] {processor.py:183} INFO - Processing /home/airflow/.local/lib/python3.10/site-packages/airflow/example_dags/example_time_delta_sensor_async.py took 0.125 seconds
[2025-06-27T00:57:08.340+0000] {logging_mixin.py:188} INFO - [2025-06-27T00:57:08.338+0000] {settings.py:250} DEBUG - Setting up DB connection pool (PID 17862)
[2025-06-27T00:57:08.342+0000] {logging_mixin.py:188} INFO - [2025-06-27T00:57:08.342+0000] {settings.py:330} DEBUG - settings.prepare_engine_args(): Using pool settings. pool_size=5, max_overflow=10, pool_recycle=1800, pid=17862
[2025-06-27T00:57:08.353+0000] {processor.py:161} INFO - Started process (PID=17862) to work on /home/airflow/.local/lib/python3.10/site-packages/airflow/example_dags/example_time_delta_sensor_async.py
[2025-06-27T00:57:08.354+0000] {processor.py:830} INFO - Processing file /home/airflow/.local/lib/python3.10/site-packages/airflow/example_dags/example_time_delta_sensor_async.py for tasks to queue
[2025-06-27T00:57:08.356+0000] {logging_mixin.py:188} INFO - [2025-06-27T00:57:08.355+0000] {dagbag.py:545} INFO - Filling up the DagBag from /home/airflow/.local/lib/python3.10/site-packages/airflow/example_dags/example_time_delta_sensor_async.py
[2025-06-27T00:57:08.358+0000] {logging_mixin.py:188} INFO - [2025-06-27T00:57:08.358+0000] {dagbag.py:337} DEBUG - Importing /home/airflow/.local/lib/python3.10/site-packages/airflow/example_dags/example_time_delta_sensor_async.py
[2025-06-27T00:57:08.366+0000] {logging_mixin.py:188} INFO - [2025-06-27T00:57:08.365+0000] {dagbag.py:511} DEBUG - Loaded DAG <DAG: example_time_delta_sensor_async>
[2025-06-27T00:57:08.367+0000] {processor.py:840} INFO - DAG(s) 'example_time_delta_sensor_async' retrieved from /home/airflow/.local/lib/python3.10/site-packages/airflow/example_dags/example_time_delta_sensor_async.py
[2025-06-27T00:57:08.370+0000] {logging_mixin.py:188} INFO - [2025-06-27T00:57:08.370+0000] {dagbag.py:667} DEBUG - Running dagbag.sync_to_db with retries. Try 1 of 3
[2025-06-27T00:57:08.371+0000] {logging_mixin.py:188} INFO - [2025-06-27T00:57:08.371+0000] {dagbag.py:672} DEBUG - Calling the DAG.bulk_sync_to_db method
[2025-06-27T00:57:08.391+0000] {logging_mixin.py:188} INFO - [2025-06-27T00:57:08.390+0000] {serialized_dag.py:166} DEBUG - Checking if DAG (example_time_delta_sensor_async) changed
[2025-06-27T00:57:08.395+0000] {logging_mixin.py:188} INFO - [2025-06-27T00:57:08.395+0000] {plugins_manager.py:332} DEBUG - Plugins are already loaded. Skipping.
[2025-06-27T00:57:08.396+0000] {logging_mixin.py:188} INFO - [2025-06-27T00:57:08.396+0000] {plugins_manager.py:410} DEBUG - Initialize custom taskinstance deps plugins
[2025-06-27T00:57:08.404+0000] {logging_mixin.py:188} INFO - [2025-06-27T00:57:08.404+0000] {serialized_dag.py:177} DEBUG - Serialized DAG (example_time_delta_sensor_async) is unchanged. Skipping writing to DB
[2025-06-27T00:57:08.405+0000] {logging_mixin.py:188} INFO - [2025-06-27T00:57:08.405+0000] {dag.py:3096} INFO - Sync 1 DAGs
[2025-06-27T00:57:08.421+0000] {logging_mixin.py:188} INFO - [2025-06-27T00:57:08.420+0000] {dag.py:3954} INFO - Setting next_dagrun for example_time_delta_sensor_async to None, run_after=None
[2025-06-27T00:57:08.449+0000] {processor.py:183} INFO - Processing /home/airflow/.local/lib/python3.10/site-packages/airflow/example_dags/example_time_delta_sensor_async.py took 0.110 seconds
[2025-06-27T00:57:38.815+0000] {logging_mixin.py:188} INFO - [2025-06-27T00:57:38.813+0000] {settings.py:250} DEBUG - Setting up DB connection pool (PID 17925)
[2025-06-27T00:57:38.817+0000] {logging_mixin.py:188} INFO - [2025-06-27T00:57:38.817+0000] {settings.py:330} DEBUG - settings.prepare_engine_args(): Using pool settings. pool_size=5, max_overflow=10, pool_recycle=1800, pid=17925
[2025-06-27T00:57:38.828+0000] {processor.py:161} INFO - Started process (PID=17925) to work on /home/airflow/.local/lib/python3.10/site-packages/airflow/example_dags/example_time_delta_sensor_async.py
[2025-06-27T00:57:38.830+0000] {processor.py:830} INFO - Processing file /home/airflow/.local/lib/python3.10/site-packages/airflow/example_dags/example_time_delta_sensor_async.py for tasks to queue
[2025-06-27T00:57:38.832+0000] {logging_mixin.py:188} INFO - [2025-06-27T00:57:38.832+0000] {dagbag.py:545} INFO - Filling up the DagBag from /home/airflow/.local/lib/python3.10/site-packages/airflow/example_dags/example_time_delta_sensor_async.py
[2025-06-27T00:57:38.834+0000] {logging_mixin.py:188} INFO - [2025-06-27T00:57:38.834+0000] {dagbag.py:337} DEBUG - Importing /home/airflow/.local/lib/python3.10/site-packages/airflow/example_dags/example_time_delta_sensor_async.py
[2025-06-27T00:57:38.843+0000] {logging_mixin.py:188} INFO - [2025-06-27T00:57:38.841+0000] {dagbag.py:511} DEBUG - Loaded DAG <DAG: example_time_delta_sensor_async>
[2025-06-27T00:57:38.844+0000] {processor.py:840} INFO - DAG(s) 'example_time_delta_sensor_async' retrieved from /home/airflow/.local/lib/python3.10/site-packages/airflow/example_dags/example_time_delta_sensor_async.py
[2025-06-27T00:57:38.846+0000] {logging_mixin.py:188} INFO - [2025-06-27T00:57:38.846+0000] {dagbag.py:667} DEBUG - Running dagbag.sync_to_db with retries. Try 1 of 3
[2025-06-27T00:57:38.847+0000] {logging_mixin.py:188} INFO - [2025-06-27T00:57:38.847+0000] {dagbag.py:672} DEBUG - Calling the DAG.bulk_sync_to_db method
[2025-06-27T00:57:38.868+0000] {logging_mixin.py:188} INFO - [2025-06-27T00:57:38.868+0000] {serialized_dag.py:166} DEBUG - Checking if DAG (example_time_delta_sensor_async) changed
[2025-06-27T00:57:38.875+0000] {logging_mixin.py:188} INFO - [2025-06-27T00:57:38.875+0000] {plugins_manager.py:332} DEBUG - Plugins are already loaded. Skipping.
[2025-06-27T00:57:38.876+0000] {logging_mixin.py:188} INFO - [2025-06-27T00:57:38.876+0000] {plugins_manager.py:410} DEBUG - Initialize custom taskinstance deps plugins
[2025-06-27T00:57:38.887+0000] {logging_mixin.py:188} INFO - [2025-06-27T00:57:38.886+0000] {serialized_dag.py:177} DEBUG - Serialized DAG (example_time_delta_sensor_async) is unchanged. Skipping writing to DB
[2025-06-27T00:57:38.888+0000] {logging_mixin.py:188} INFO - [2025-06-27T00:57:38.888+0000] {dag.py:3096} INFO - Sync 1 DAGs
[2025-06-27T00:57:38.908+0000] {logging_mixin.py:188} INFO - [2025-06-27T00:57:38.908+0000] {dag.py:3954} INFO - Setting next_dagrun for example_time_delta_sensor_async to None, run_after=None
[2025-06-27T00:57:38.941+0000] {processor.py:183} INFO - Processing /home/airflow/.local/lib/python3.10/site-packages/airflow/example_dags/example_time_delta_sensor_async.py took 0.128 seconds
[2025-06-27T00:58:09.237+0000] {logging_mixin.py:188} INFO - [2025-06-27T00:58:09.235+0000] {settings.py:250} DEBUG - Setting up DB connection pool (PID 17988)
[2025-06-27T00:58:09.239+0000] {logging_mixin.py:188} INFO - [2025-06-27T00:58:09.239+0000] {settings.py:330} DEBUG - settings.prepare_engine_args(): Using pool settings. pool_size=5, max_overflow=10, pool_recycle=1800, pid=17988
[2025-06-27T00:58:09.249+0000] {processor.py:161} INFO - Started process (PID=17988) to work on /home/airflow/.local/lib/python3.10/site-packages/airflow/example_dags/example_time_delta_sensor_async.py
[2025-06-27T00:58:09.250+0000] {processor.py:830} INFO - Processing file /home/airflow/.local/lib/python3.10/site-packages/airflow/example_dags/example_time_delta_sensor_async.py for tasks to queue
[2025-06-27T00:58:09.252+0000] {logging_mixin.py:188} INFO - [2025-06-27T00:58:09.252+0000] {dagbag.py:545} INFO - Filling up the DagBag from /home/airflow/.local/lib/python3.10/site-packages/airflow/example_dags/example_time_delta_sensor_async.py
[2025-06-27T00:58:09.254+0000] {logging_mixin.py:188} INFO - [2025-06-27T00:58:09.254+0000] {dagbag.py:337} DEBUG - Importing /home/airflow/.local/lib/python3.10/site-packages/airflow/example_dags/example_time_delta_sensor_async.py
[2025-06-27T00:58:09.262+0000] {logging_mixin.py:188} INFO - [2025-06-27T00:58:09.260+0000] {dagbag.py:511} DEBUG - Loaded DAG <DAG: example_time_delta_sensor_async>
[2025-06-27T00:58:09.262+0000] {processor.py:840} INFO - DAG(s) 'example_time_delta_sensor_async' retrieved from /home/airflow/.local/lib/python3.10/site-packages/airflow/example_dags/example_time_delta_sensor_async.py
[2025-06-27T00:58:09.265+0000] {logging_mixin.py:188} INFO - [2025-06-27T00:58:09.265+0000] {dagbag.py:667} DEBUG - Running dagbag.sync_to_db with retries. Try 1 of 3
[2025-06-27T00:58:09.266+0000] {logging_mixin.py:188} INFO - [2025-06-27T00:58:09.266+0000] {dagbag.py:672} DEBUG - Calling the DAG.bulk_sync_to_db method
[2025-06-27T00:58:09.284+0000] {logging_mixin.py:188} INFO - [2025-06-27T00:58:09.284+0000] {serialized_dag.py:166} DEBUG - Checking if DAG (example_time_delta_sensor_async) changed
[2025-06-27T00:58:09.289+0000] {logging_mixin.py:188} INFO - [2025-06-27T00:58:09.289+0000] {plugins_manager.py:332} DEBUG - Plugins are already loaded. Skipping.
[2025-06-27T00:58:09.290+0000] {logging_mixin.py:188} INFO - [2025-06-27T00:58:09.289+0000] {plugins_manager.py:410} DEBUG - Initialize custom taskinstance deps plugins
[2025-06-27T00:58:09.299+0000] {logging_mixin.py:188} INFO - [2025-06-27T00:58:09.299+0000] {serialized_dag.py:177} DEBUG - Serialized DAG (example_time_delta_sensor_async) is unchanged. Skipping writing to DB
[2025-06-27T00:58:09.300+0000] {logging_mixin.py:188} INFO - [2025-06-27T00:58:09.300+0000] {dag.py:3096} INFO - Sync 1 DAGs
[2025-06-27T00:58:09.315+0000] {logging_mixin.py:188} INFO - [2025-06-27T00:58:09.315+0000] {dag.py:3954} INFO - Setting next_dagrun for example_time_delta_sensor_async to None, run_after=None
[2025-06-27T00:58:09.346+0000] {processor.py:183} INFO - Processing /home/airflow/.local/lib/python3.10/site-packages/airflow/example_dags/example_time_delta_sensor_async.py took 0.111 seconds
[2025-06-27T00:58:39.818+0000] {logging_mixin.py:188} INFO - [2025-06-27T00:58:39.817+0000] {settings.py:250} DEBUG - Setting up DB connection pool (PID 18051)
[2025-06-27T00:58:39.820+0000] {logging_mixin.py:188} INFO - [2025-06-27T00:58:39.820+0000] {settings.py:330} DEBUG - settings.prepare_engine_args(): Using pool settings. pool_size=5, max_overflow=10, pool_recycle=1800, pid=18051
[2025-06-27T00:58:39.835+0000] {processor.py:161} INFO - Started process (PID=18051) to work on /home/airflow/.local/lib/python3.10/site-packages/airflow/example_dags/example_time_delta_sensor_async.py
[2025-06-27T00:58:39.837+0000] {processor.py:830} INFO - Processing file /home/airflow/.local/lib/python3.10/site-packages/airflow/example_dags/example_time_delta_sensor_async.py for tasks to queue
[2025-06-27T00:58:39.839+0000] {logging_mixin.py:188} INFO - [2025-06-27T00:58:39.838+0000] {dagbag.py:545} INFO - Filling up the DagBag from /home/airflow/.local/lib/python3.10/site-packages/airflow/example_dags/example_time_delta_sensor_async.py
[2025-06-27T00:58:39.842+0000] {logging_mixin.py:188} INFO - [2025-06-27T00:58:39.841+0000] {dagbag.py:337} DEBUG - Importing /home/airflow/.local/lib/python3.10/site-packages/airflow/example_dags/example_time_delta_sensor_async.py
[2025-06-27T00:58:39.854+0000] {logging_mixin.py:188} INFO - [2025-06-27T00:58:39.852+0000] {dagbag.py:511} DEBUG - Loaded DAG <DAG: example_time_delta_sensor_async>
[2025-06-27T00:58:39.854+0000] {processor.py:840} INFO - DAG(s) 'example_time_delta_sensor_async' retrieved from /home/airflow/.local/lib/python3.10/site-packages/airflow/example_dags/example_time_delta_sensor_async.py
[2025-06-27T00:58:39.860+0000] {logging_mixin.py:188} INFO - [2025-06-27T00:58:39.860+0000] {dagbag.py:667} DEBUG - Running dagbag.sync_to_db with retries. Try 1 of 3
[2025-06-27T00:58:39.861+0000] {logging_mixin.py:188} INFO - [2025-06-27T00:58:39.861+0000] {dagbag.py:672} DEBUG - Calling the DAG.bulk_sync_to_db method
[2025-06-27T00:58:39.891+0000] {logging_mixin.py:188} INFO - [2025-06-27T00:58:39.890+0000] {serialized_dag.py:166} DEBUG - Checking if DAG (example_time_delta_sensor_async) changed
[2025-06-27T00:58:39.897+0000] {logging_mixin.py:188} INFO - [2025-06-27T00:58:39.897+0000] {plugins_manager.py:332} DEBUG - Plugins are already loaded. Skipping.
[2025-06-27T00:58:39.898+0000] {logging_mixin.py:188} INFO - [2025-06-27T00:58:39.898+0000] {plugins_manager.py:410} DEBUG - Initialize custom taskinstance deps plugins
[2025-06-27T00:58:39.908+0000] {logging_mixin.py:188} INFO - [2025-06-27T00:58:39.908+0000] {serialized_dag.py:177} DEBUG - Serialized DAG (example_time_delta_sensor_async) is unchanged. Skipping writing to DB
[2025-06-27T00:58:39.909+0000] {logging_mixin.py:188} INFO - [2025-06-27T00:58:39.909+0000] {dag.py:3096} INFO - Sync 1 DAGs
[2025-06-27T00:58:39.928+0000] {logging_mixin.py:188} INFO - [2025-06-27T00:58:39.928+0000] {dag.py:3954} INFO - Setting next_dagrun for example_time_delta_sensor_async to None, run_after=None
[2025-06-27T00:58:39.962+0000] {processor.py:183} INFO - Processing /home/airflow/.local/lib/python3.10/site-packages/airflow/example_dags/example_time_delta_sensor_async.py took 0.146 seconds
[2025-06-27T00:59:10.835+0000] {logging_mixin.py:188} INFO - [2025-06-27T00:59:10.833+0000] {settings.py:250} DEBUG - Setting up DB connection pool (PID 18114)
[2025-06-27T00:59:10.837+0000] {logging_mixin.py:188} INFO - [2025-06-27T00:59:10.836+0000] {settings.py:330} DEBUG - settings.prepare_engine_args(): Using pool settings. pool_size=5, max_overflow=10, pool_recycle=1800, pid=18114
[2025-06-27T00:59:10.848+0000] {processor.py:161} INFO - Started process (PID=18114) to work on /home/airflow/.local/lib/python3.10/site-packages/airflow/example_dags/example_time_delta_sensor_async.py
[2025-06-27T00:59:10.849+0000] {processor.py:830} INFO - Processing file /home/airflow/.local/lib/python3.10/site-packages/airflow/example_dags/example_time_delta_sensor_async.py for tasks to queue
[2025-06-27T00:59:10.851+0000] {logging_mixin.py:188} INFO - [2025-06-27T00:59:10.850+0000] {dagbag.py:545} INFO - Filling up the DagBag from /home/airflow/.local/lib/python3.10/site-packages/airflow/example_dags/example_time_delta_sensor_async.py
[2025-06-27T00:59:10.853+0000] {logging_mixin.py:188} INFO - [2025-06-27T00:59:10.853+0000] {dagbag.py:337} DEBUG - Importing /home/airflow/.local/lib/python3.10/site-packages/airflow/example_dags/example_time_delta_sensor_async.py
[2025-06-27T00:59:10.860+0000] {logging_mixin.py:188} INFO - [2025-06-27T00:59:10.859+0000] {dagbag.py:511} DEBUG - Loaded DAG <DAG: example_time_delta_sensor_async>
[2025-06-27T00:59:10.861+0000] {processor.py:840} INFO - DAG(s) 'example_time_delta_sensor_async' retrieved from /home/airflow/.local/lib/python3.10/site-packages/airflow/example_dags/example_time_delta_sensor_async.py
[2025-06-27T00:59:10.863+0000] {logging_mixin.py:188} INFO - [2025-06-27T00:59:10.863+0000] {dagbag.py:667} DEBUG - Running dagbag.sync_to_db with retries. Try 1 of 3
[2025-06-27T00:59:10.864+0000] {logging_mixin.py:188} INFO - [2025-06-27T00:59:10.864+0000] {dagbag.py:672} DEBUG - Calling the DAG.bulk_sync_to_db method
[2025-06-27T00:59:10.882+0000] {logging_mixin.py:188} INFO - [2025-06-27T00:59:10.882+0000] {serialized_dag.py:166} DEBUG - Checking if DAG (example_time_delta_sensor_async) changed
[2025-06-27T00:59:10.887+0000] {logging_mixin.py:188} INFO - [2025-06-27T00:59:10.887+0000] {plugins_manager.py:332} DEBUG - Plugins are already loaded. Skipping.
[2025-06-27T00:59:10.888+0000] {logging_mixin.py:188} INFO - [2025-06-27T00:59:10.888+0000] {plugins_manager.py:410} DEBUG - Initialize custom taskinstance deps plugins
[2025-06-27T00:59:10.895+0000] {logging_mixin.py:188} INFO - [2025-06-27T00:59:10.895+0000] {serialized_dag.py:177} DEBUG - Serialized DAG (example_time_delta_sensor_async) is unchanged. Skipping writing to DB
[2025-06-27T00:59:10.896+0000] {logging_mixin.py:188} INFO - [2025-06-27T00:59:10.896+0000] {dag.py:3096} INFO - Sync 1 DAGs
[2025-06-27T00:59:10.914+0000] {logging_mixin.py:188} INFO - [2025-06-27T00:59:10.913+0000] {dag.py:3954} INFO - Setting next_dagrun for example_time_delta_sensor_async to None, run_after=None
[2025-06-27T00:59:10.945+0000] {processor.py:183} INFO - Processing /home/airflow/.local/lib/python3.10/site-packages/airflow/example_dags/example_time_delta_sensor_async.py took 0.111 seconds
[2025-06-27T00:59:41.504+0000] {logging_mixin.py:188} INFO - [2025-06-27T00:59:41.502+0000] {settings.py:250} DEBUG - Setting up DB connection pool (PID 18177)
[2025-06-27T00:59:41.506+0000] {logging_mixin.py:188} INFO - [2025-06-27T00:59:41.506+0000] {settings.py:330} DEBUG - settings.prepare_engine_args(): Using pool settings. pool_size=5, max_overflow=10, pool_recycle=1800, pid=18177
[2025-06-27T00:59:41.517+0000] {processor.py:161} INFO - Started process (PID=18177) to work on /home/airflow/.local/lib/python3.10/site-packages/airflow/example_dags/example_time_delta_sensor_async.py
[2025-06-27T00:59:41.518+0000] {processor.py:830} INFO - Processing file /home/airflow/.local/lib/python3.10/site-packages/airflow/example_dags/example_time_delta_sensor_async.py for tasks to queue
[2025-06-27T00:59:41.519+0000] {logging_mixin.py:188} INFO - [2025-06-27T00:59:41.519+0000] {dagbag.py:545} INFO - Filling up the DagBag from /home/airflow/.local/lib/python3.10/site-packages/airflow/example_dags/example_time_delta_sensor_async.py
[2025-06-27T00:59:41.522+0000] {logging_mixin.py:188} INFO - [2025-06-27T00:59:41.522+0000] {dagbag.py:337} DEBUG - Importing /home/airflow/.local/lib/python3.10/site-packages/airflow/example_dags/example_time_delta_sensor_async.py
[2025-06-27T00:59:41.531+0000] {logging_mixin.py:188} INFO - [2025-06-27T00:59:41.529+0000] {dagbag.py:511} DEBUG - Loaded DAG <DAG: example_time_delta_sensor_async>
[2025-06-27T00:59:41.532+0000] {processor.py:840} INFO - DAG(s) 'example_time_delta_sensor_async' retrieved from /home/airflow/.local/lib/python3.10/site-packages/airflow/example_dags/example_time_delta_sensor_async.py
[2025-06-27T00:59:41.535+0000] {logging_mixin.py:188} INFO - [2025-06-27T00:59:41.535+0000] {dagbag.py:667} DEBUG - Running dagbag.sync_to_db with retries. Try 1 of 3
[2025-06-27T00:59:41.536+0000] {logging_mixin.py:188} INFO - [2025-06-27T00:59:41.536+0000] {dagbag.py:672} DEBUG - Calling the DAG.bulk_sync_to_db method
[2025-06-27T00:59:41.559+0000] {logging_mixin.py:188} INFO - [2025-06-27T00:59:41.559+0000] {serialized_dag.py:166} DEBUG - Checking if DAG (example_time_delta_sensor_async) changed
[2025-06-27T00:59:41.566+0000] {logging_mixin.py:188} INFO - [2025-06-27T00:59:41.565+0000] {plugins_manager.py:332} DEBUG - Plugins are already loaded. Skipping.
[2025-06-27T00:59:41.567+0000] {logging_mixin.py:188} INFO - [2025-06-27T00:59:41.566+0000] {plugins_manager.py:410} DEBUG - Initialize custom taskinstance deps plugins
[2025-06-27T00:59:41.576+0000] {logging_mixin.py:188} INFO - [2025-06-27T00:59:41.575+0000] {serialized_dag.py:177} DEBUG - Serialized DAG (example_time_delta_sensor_async) is unchanged. Skipping writing to DB
[2025-06-27T00:59:41.577+0000] {logging_mixin.py:188} INFO - [2025-06-27T00:59:41.576+0000] {dag.py:3096} INFO - Sync 1 DAGs
[2025-06-27T00:59:41.596+0000] {logging_mixin.py:188} INFO - [2025-06-27T00:59:41.595+0000] {dag.py:3954} INFO - Setting next_dagrun for example_time_delta_sensor_async to None, run_after=None
[2025-06-27T00:59:41.636+0000] {processor.py:183} INFO - Processing /home/airflow/.local/lib/python3.10/site-packages/airflow/example_dags/example_time_delta_sensor_async.py took 0.134 seconds
[2025-06-27T01:00:12.144+0000] {logging_mixin.py:188} INFO - [2025-06-27T01:00:12.142+0000] {settings.py:250} DEBUG - Setting up DB connection pool (PID 18240)
[2025-06-27T01:00:12.145+0000] {logging_mixin.py:188} INFO - [2025-06-27T01:00:12.145+0000] {settings.py:330} DEBUG - settings.prepare_engine_args(): Using pool settings. pool_size=5, max_overflow=10, pool_recycle=1800, pid=18240
[2025-06-27T01:00:12.155+0000] {processor.py:161} INFO - Started process (PID=18240) to work on /home/airflow/.local/lib/python3.10/site-packages/airflow/example_dags/example_time_delta_sensor_async.py
[2025-06-27T01:00:12.156+0000] {processor.py:830} INFO - Processing file /home/airflow/.local/lib/python3.10/site-packages/airflow/example_dags/example_time_delta_sensor_async.py for tasks to queue
[2025-06-27T01:00:12.157+0000] {logging_mixin.py:188} INFO - [2025-06-27T01:00:12.157+0000] {dagbag.py:545} INFO - Filling up the DagBag from /home/airflow/.local/lib/python3.10/site-packages/airflow/example_dags/example_time_delta_sensor_async.py
[2025-06-27T01:00:12.160+0000] {logging_mixin.py:188} INFO - [2025-06-27T01:00:12.160+0000] {dagbag.py:337} DEBUG - Importing /home/airflow/.local/lib/python3.10/site-packages/airflow/example_dags/example_time_delta_sensor_async.py
[2025-06-27T01:00:12.168+0000] {logging_mixin.py:188} INFO - [2025-06-27T01:00:12.166+0000] {dagbag.py:511} DEBUG - Loaded DAG <DAG: example_time_delta_sensor_async>
[2025-06-27T01:00:12.169+0000] {processor.py:840} INFO - DAG(s) 'example_time_delta_sensor_async' retrieved from /home/airflow/.local/lib/python3.10/site-packages/airflow/example_dags/example_time_delta_sensor_async.py
[2025-06-27T01:00:12.171+0000] {logging_mixin.py:188} INFO - [2025-06-27T01:00:12.171+0000] {dagbag.py:667} DEBUG - Running dagbag.sync_to_db with retries. Try 1 of 3
[2025-06-27T01:00:12.172+0000] {logging_mixin.py:188} INFO - [2025-06-27T01:00:12.172+0000] {dagbag.py:672} DEBUG - Calling the DAG.bulk_sync_to_db method
[2025-06-27T01:00:12.196+0000] {logging_mixin.py:188} INFO - [2025-06-27T01:00:12.196+0000] {serialized_dag.py:166} DEBUG - Checking if DAG (example_time_delta_sensor_async) changed
[2025-06-27T01:00:12.201+0000] {logging_mixin.py:188} INFO - [2025-06-27T01:00:12.201+0000] {plugins_manager.py:332} DEBUG - Plugins are already loaded. Skipping.
[2025-06-27T01:00:12.202+0000] {logging_mixin.py:188} INFO - [2025-06-27T01:00:12.202+0000] {plugins_manager.py:410} DEBUG - Initialize custom taskinstance deps plugins
[2025-06-27T01:00:12.210+0000] {logging_mixin.py:188} INFO - [2025-06-27T01:00:12.210+0000] {serialized_dag.py:177} DEBUG - Serialized DAG (example_time_delta_sensor_async) is unchanged. Skipping writing to DB
[2025-06-27T01:00:12.211+0000] {logging_mixin.py:188} INFO - [2025-06-27T01:00:12.211+0000] {dag.py:3096} INFO - Sync 1 DAGs
[2025-06-27T01:00:12.229+0000] {logging_mixin.py:188} INFO - [2025-06-27T01:00:12.228+0000] {dag.py:3954} INFO - Setting next_dagrun for example_time_delta_sensor_async to None, run_after=None
[2025-06-27T01:00:12.262+0000] {processor.py:183} INFO - Processing /home/airflow/.local/lib/python3.10/site-packages/airflow/example_dags/example_time_delta_sensor_async.py took 0.120 seconds
[2025-06-27T01:00:44.040+0000] {logging_mixin.py:188} INFO - [2025-06-27T01:00:44.038+0000] {settings.py:250} DEBUG - Setting up DB connection pool (PID 18305)
[2025-06-27T01:00:44.042+0000] {logging_mixin.py:188} INFO - [2025-06-27T01:00:44.042+0000] {settings.py:330} DEBUG - settings.prepare_engine_args(): Using pool settings. pool_size=5, max_overflow=10, pool_recycle=1800, pid=18305
[2025-06-27T01:00:44.056+0000] {processor.py:161} INFO - Started process (PID=18305) to work on /home/airflow/.local/lib/python3.10/site-packages/airflow/example_dags/example_time_delta_sensor_async.py
[2025-06-27T01:00:44.058+0000] {processor.py:830} INFO - Processing file /home/airflow/.local/lib/python3.10/site-packages/airflow/example_dags/example_time_delta_sensor_async.py for tasks to queue
[2025-06-27T01:00:44.060+0000] {logging_mixin.py:188} INFO - [2025-06-27T01:00:44.059+0000] {dagbag.py:545} INFO - Filling up the DagBag from /home/airflow/.local/lib/python3.10/site-packages/airflow/example_dags/example_time_delta_sensor_async.py
[2025-06-27T01:00:44.062+0000] {logging_mixin.py:188} INFO - [2025-06-27T01:00:44.062+0000] {dagbag.py:337} DEBUG - Importing /home/airflow/.local/lib/python3.10/site-packages/airflow/example_dags/example_time_delta_sensor_async.py
[2025-06-27T01:00:44.072+0000] {logging_mixin.py:188} INFO - [2025-06-27T01:00:44.070+0000] {dagbag.py:511} DEBUG - Loaded DAG <DAG: example_time_delta_sensor_async>
[2025-06-27T01:00:44.072+0000] {processor.py:840} INFO - DAG(s) 'example_time_delta_sensor_async' retrieved from /home/airflow/.local/lib/python3.10/site-packages/airflow/example_dags/example_time_delta_sensor_async.py
[2025-06-27T01:00:44.076+0000] {logging_mixin.py:188} INFO - [2025-06-27T01:00:44.076+0000] {dagbag.py:667} DEBUG - Running dagbag.sync_to_db with retries. Try 1 of 3
[2025-06-27T01:00:44.077+0000] {logging_mixin.py:188} INFO - [2025-06-27T01:00:44.077+0000] {dagbag.py:672} DEBUG - Calling the DAG.bulk_sync_to_db method
[2025-06-27T01:00:44.100+0000] {logging_mixin.py:188} INFO - [2025-06-27T01:00:44.100+0000] {serialized_dag.py:166} DEBUG - Checking if DAG (example_time_delta_sensor_async) changed
[2025-06-27T01:00:44.106+0000] {logging_mixin.py:188} INFO - [2025-06-27T01:00:44.106+0000] {plugins_manager.py:332} DEBUG - Plugins are already loaded. Skipping.
[2025-06-27T01:00:44.107+0000] {logging_mixin.py:188} INFO - [2025-06-27T01:00:44.107+0000] {plugins_manager.py:410} DEBUG - Initialize custom taskinstance deps plugins
[2025-06-27T01:00:44.118+0000] {logging_mixin.py:188} INFO - [2025-06-27T01:00:44.118+0000] {serialized_dag.py:177} DEBUG - Serialized DAG (example_time_delta_sensor_async) is unchanged. Skipping writing to DB
[2025-06-27T01:00:44.120+0000] {logging_mixin.py:188} INFO - [2025-06-27T01:00:44.120+0000] {dag.py:3096} INFO - Sync 1 DAGs
[2025-06-27T01:00:44.141+0000] {logging_mixin.py:188} INFO - [2025-06-27T01:00:44.141+0000] {dag.py:3954} INFO - Setting next_dagrun for example_time_delta_sensor_async to None, run_after=None
[2025-06-27T01:00:44.188+0000] {processor.py:183} INFO - Processing /home/airflow/.local/lib/python3.10/site-packages/airflow/example_dags/example_time_delta_sensor_async.py took 0.150 seconds
[2025-06-27T01:01:14.768+0000] {logging_mixin.py:188} INFO - [2025-06-27T01:01:14.767+0000] {settings.py:250} DEBUG - Setting up DB connection pool (PID 18366)
[2025-06-27T01:01:14.770+0000] {logging_mixin.py:188} INFO - [2025-06-27T01:01:14.770+0000] {settings.py:330} DEBUG - settings.prepare_engine_args(): Using pool settings. pool_size=5, max_overflow=10, pool_recycle=1800, pid=18366
[2025-06-27T01:01:14.783+0000] {processor.py:161} INFO - Started process (PID=18366) to work on /home/airflow/.local/lib/python3.10/site-packages/airflow/example_dags/example_time_delta_sensor_async.py
[2025-06-27T01:01:14.784+0000] {processor.py:830} INFO - Processing file /home/airflow/.local/lib/python3.10/site-packages/airflow/example_dags/example_time_delta_sensor_async.py for tasks to queue
[2025-06-27T01:01:14.785+0000] {logging_mixin.py:188} INFO - [2025-06-27T01:01:14.785+0000] {dagbag.py:545} INFO - Filling up the DagBag from /home/airflow/.local/lib/python3.10/site-packages/airflow/example_dags/example_time_delta_sensor_async.py
[2025-06-27T01:01:14.788+0000] {logging_mixin.py:188} INFO - [2025-06-27T01:01:14.788+0000] {dagbag.py:337} DEBUG - Importing /home/airflow/.local/lib/python3.10/site-packages/airflow/example_dags/example_time_delta_sensor_async.py
[2025-06-27T01:01:14.799+0000] {logging_mixin.py:188} INFO - [2025-06-27T01:01:14.797+0000] {dagbag.py:511} DEBUG - Loaded DAG <DAG: example_time_delta_sensor_async>
[2025-06-27T01:01:14.800+0000] {processor.py:840} INFO - DAG(s) 'example_time_delta_sensor_async' retrieved from /home/airflow/.local/lib/python3.10/site-packages/airflow/example_dags/example_time_delta_sensor_async.py
[2025-06-27T01:01:14.803+0000] {logging_mixin.py:188} INFO - [2025-06-27T01:01:14.803+0000] {dagbag.py:667} DEBUG - Running dagbag.sync_to_db with retries. Try 1 of 3
[2025-06-27T01:01:14.804+0000] {logging_mixin.py:188} INFO - [2025-06-27T01:01:14.804+0000] {dagbag.py:672} DEBUG - Calling the DAG.bulk_sync_to_db method
[2025-06-27T01:01:14.825+0000] {logging_mixin.py:188} INFO - [2025-06-27T01:01:14.825+0000] {serialized_dag.py:166} DEBUG - Checking if DAG (example_time_delta_sensor_async) changed
[2025-06-27T01:01:14.830+0000] {logging_mixin.py:188} INFO - [2025-06-27T01:01:14.830+0000] {plugins_manager.py:332} DEBUG - Plugins are already loaded. Skipping.
[2025-06-27T01:01:14.831+0000] {logging_mixin.py:188} INFO - [2025-06-27T01:01:14.831+0000] {plugins_manager.py:410} DEBUG - Initialize custom taskinstance deps plugins
[2025-06-27T01:01:14.841+0000] {logging_mixin.py:188} INFO - [2025-06-27T01:01:14.840+0000] {serialized_dag.py:177} DEBUG - Serialized DAG (example_time_delta_sensor_async) is unchanged. Skipping writing to DB
[2025-06-27T01:01:14.843+0000] {logging_mixin.py:188} INFO - [2025-06-27T01:01:14.843+0000] {dag.py:3096} INFO - Sync 1 DAGs
[2025-06-27T01:01:14.867+0000] {logging_mixin.py:188} INFO - [2025-06-27T01:01:14.866+0000] {dag.py:3954} INFO - Setting next_dagrun for example_time_delta_sensor_async to None, run_after=None
[2025-06-27T01:01:14.910+0000] {processor.py:183} INFO - Processing /home/airflow/.local/lib/python3.10/site-packages/airflow/example_dags/example_time_delta_sensor_async.py took 0.144 seconds
[2025-06-27T01:01:45.293+0000] {logging_mixin.py:188} INFO - [2025-06-27T01:01:45.291+0000] {settings.py:250} DEBUG - Setting up DB connection pool (PID 18429)
[2025-06-27T01:01:45.295+0000] {logging_mixin.py:188} INFO - [2025-06-27T01:01:45.295+0000] {settings.py:330} DEBUG - settings.prepare_engine_args(): Using pool settings. pool_size=5, max_overflow=10, pool_recycle=1800, pid=18429
[2025-06-27T01:01:45.306+0000] {processor.py:161} INFO - Started process (PID=18429) to work on /home/airflow/.local/lib/python3.10/site-packages/airflow/example_dags/example_time_delta_sensor_async.py
[2025-06-27T01:01:45.308+0000] {processor.py:830} INFO - Processing file /home/airflow/.local/lib/python3.10/site-packages/airflow/example_dags/example_time_delta_sensor_async.py for tasks to queue
[2025-06-27T01:01:45.309+0000] {logging_mixin.py:188} INFO - [2025-06-27T01:01:45.309+0000] {dagbag.py:545} INFO - Filling up the DagBag from /home/airflow/.local/lib/python3.10/site-packages/airflow/example_dags/example_time_delta_sensor_async.py
[2025-06-27T01:01:45.311+0000] {logging_mixin.py:188} INFO - [2025-06-27T01:01:45.311+0000] {dagbag.py:337} DEBUG - Importing /home/airflow/.local/lib/python3.10/site-packages/airflow/example_dags/example_time_delta_sensor_async.py
[2025-06-27T01:01:45.319+0000] {logging_mixin.py:188} INFO - [2025-06-27T01:01:45.318+0000] {dagbag.py:511} DEBUG - Loaded DAG <DAG: example_time_delta_sensor_async>
[2025-06-27T01:01:45.320+0000] {processor.py:840} INFO - DAG(s) 'example_time_delta_sensor_async' retrieved from /home/airflow/.local/lib/python3.10/site-packages/airflow/example_dags/example_time_delta_sensor_async.py
[2025-06-27T01:01:45.322+0000] {logging_mixin.py:188} INFO - [2025-06-27T01:01:45.322+0000] {dagbag.py:667} DEBUG - Running dagbag.sync_to_db with retries. Try 1 of 3
[2025-06-27T01:01:45.323+0000] {logging_mixin.py:188} INFO - [2025-06-27T01:01:45.323+0000] {dagbag.py:672} DEBUG - Calling the DAG.bulk_sync_to_db method
[2025-06-27T01:01:45.342+0000] {logging_mixin.py:188} INFO - [2025-06-27T01:01:45.342+0000] {serialized_dag.py:166} DEBUG - Checking if DAG (example_time_delta_sensor_async) changed
[2025-06-27T01:01:45.346+0000] {logging_mixin.py:188} INFO - [2025-06-27T01:01:45.346+0000] {plugins_manager.py:332} DEBUG - Plugins are already loaded. Skipping.
[2025-06-27T01:01:45.347+0000] {logging_mixin.py:188} INFO - [2025-06-27T01:01:45.347+0000] {plugins_manager.py:410} DEBUG - Initialize custom taskinstance deps plugins
[2025-06-27T01:01:45.356+0000] {logging_mixin.py:188} INFO - [2025-06-27T01:01:45.355+0000] {serialized_dag.py:177} DEBUG - Serialized DAG (example_time_delta_sensor_async) is unchanged. Skipping writing to DB
[2025-06-27T01:01:45.357+0000] {logging_mixin.py:188} INFO - [2025-06-27T01:01:45.356+0000] {dag.py:3096} INFO - Sync 1 DAGs
[2025-06-27T01:01:45.374+0000] {logging_mixin.py:188} INFO - [2025-06-27T01:01:45.374+0000] {dag.py:3954} INFO - Setting next_dagrun for example_time_delta_sensor_async to None, run_after=None
[2025-06-27T01:01:45.416+0000] {processor.py:183} INFO - Processing /home/airflow/.local/lib/python3.10/site-packages/airflow/example_dags/example_time_delta_sensor_async.py took 0.125 seconds
[2025-06-27T01:02:15.629+0000] {logging_mixin.py:188} INFO - [2025-06-27T01:02:15.628+0000] {settings.py:250} DEBUG - Setting up DB connection pool (PID 18492)
[2025-06-27T01:02:15.632+0000] {logging_mixin.py:188} INFO - [2025-06-27T01:02:15.631+0000] {settings.py:330} DEBUG - settings.prepare_engine_args(): Using pool settings. pool_size=5, max_overflow=10, pool_recycle=1800, pid=18492
[2025-06-27T01:02:15.643+0000] {processor.py:161} INFO - Started process (PID=18492) to work on /home/airflow/.local/lib/python3.10/site-packages/airflow/example_dags/example_time_delta_sensor_async.py
[2025-06-27T01:02:15.644+0000] {processor.py:830} INFO - Processing file /home/airflow/.local/lib/python3.10/site-packages/airflow/example_dags/example_time_delta_sensor_async.py for tasks to queue
[2025-06-27T01:02:15.646+0000] {logging_mixin.py:188} INFO - [2025-06-27T01:02:15.645+0000] {dagbag.py:545} INFO - Filling up the DagBag from /home/airflow/.local/lib/python3.10/site-packages/airflow/example_dags/example_time_delta_sensor_async.py
[2025-06-27T01:02:15.649+0000] {logging_mixin.py:188} INFO - [2025-06-27T01:02:15.649+0000] {dagbag.py:337} DEBUG - Importing /home/airflow/.local/lib/python3.10/site-packages/airflow/example_dags/example_time_delta_sensor_async.py
[2025-06-27T01:02:15.659+0000] {logging_mixin.py:188} INFO - [2025-06-27T01:02:15.657+0000] {dagbag.py:511} DEBUG - Loaded DAG <DAG: example_time_delta_sensor_async>
[2025-06-27T01:02:15.659+0000] {processor.py:840} INFO - DAG(s) 'example_time_delta_sensor_async' retrieved from /home/airflow/.local/lib/python3.10/site-packages/airflow/example_dags/example_time_delta_sensor_async.py
[2025-06-27T01:02:15.663+0000] {logging_mixin.py:188} INFO - [2025-06-27T01:02:15.662+0000] {dagbag.py:667} DEBUG - Running dagbag.sync_to_db with retries. Try 1 of 3
[2025-06-27T01:02:15.663+0000] {logging_mixin.py:188} INFO - [2025-06-27T01:02:15.663+0000] {dagbag.py:672} DEBUG - Calling the DAG.bulk_sync_to_db method
[2025-06-27T01:02:15.686+0000] {logging_mixin.py:188} INFO - [2025-06-27T01:02:15.686+0000] {serialized_dag.py:166} DEBUG - Checking if DAG (example_time_delta_sensor_async) changed
[2025-06-27T01:02:15.693+0000] {logging_mixin.py:188} INFO - [2025-06-27T01:02:15.693+0000] {plugins_manager.py:332} DEBUG - Plugins are already loaded. Skipping.
[2025-06-27T01:02:15.694+0000] {logging_mixin.py:188} INFO - [2025-06-27T01:02:15.694+0000] {plugins_manager.py:410} DEBUG - Initialize custom taskinstance deps plugins
[2025-06-27T01:02:15.705+0000] {logging_mixin.py:188} INFO - [2025-06-27T01:02:15.705+0000] {serialized_dag.py:177} DEBUG - Serialized DAG (example_time_delta_sensor_async) is unchanged. Skipping writing to DB
[2025-06-27T01:02:15.707+0000] {logging_mixin.py:188} INFO - [2025-06-27T01:02:15.706+0000] {dag.py:3096} INFO - Sync 1 DAGs
[2025-06-27T01:02:15.726+0000] {logging_mixin.py:188} INFO - [2025-06-27T01:02:15.726+0000] {dag.py:3954} INFO - Setting next_dagrun for example_time_delta_sensor_async to None, run_after=None
[2025-06-27T01:02:15.761+0000] {processor.py:183} INFO - Processing /home/airflow/.local/lib/python3.10/site-packages/airflow/example_dags/example_time_delta_sensor_async.py took 0.133 seconds
[2025-06-27T01:02:46.005+0000] {logging_mixin.py:188} INFO - [2025-06-27T01:02:46.004+0000] {settings.py:250} DEBUG - Setting up DB connection pool (PID 18554)
[2025-06-27T01:02:46.007+0000] {logging_mixin.py:188} INFO - [2025-06-27T01:02:46.006+0000] {settings.py:330} DEBUG - settings.prepare_engine_args(): Using pool settings. pool_size=5, max_overflow=10, pool_recycle=1800, pid=18554
[2025-06-27T01:02:46.016+0000] {processor.py:161} INFO - Started process (PID=18554) to work on /home/airflow/.local/lib/python3.10/site-packages/airflow/example_dags/example_time_delta_sensor_async.py
[2025-06-27T01:02:46.017+0000] {processor.py:830} INFO - Processing file /home/airflow/.local/lib/python3.10/site-packages/airflow/example_dags/example_time_delta_sensor_async.py for tasks to queue
[2025-06-27T01:02:46.018+0000] {logging_mixin.py:188} INFO - [2025-06-27T01:02:46.018+0000] {dagbag.py:545} INFO - Filling up the DagBag from /home/airflow/.local/lib/python3.10/site-packages/airflow/example_dags/example_time_delta_sensor_async.py
[2025-06-27T01:02:46.020+0000] {logging_mixin.py:188} INFO - [2025-06-27T01:02:46.020+0000] {dagbag.py:337} DEBUG - Importing /home/airflow/.local/lib/python3.10/site-packages/airflow/example_dags/example_time_delta_sensor_async.py
[2025-06-27T01:02:46.028+0000] {logging_mixin.py:188} INFO - [2025-06-27T01:02:46.026+0000] {dagbag.py:511} DEBUG - Loaded DAG <DAG: example_time_delta_sensor_async>
[2025-06-27T01:02:46.029+0000] {processor.py:840} INFO - DAG(s) 'example_time_delta_sensor_async' retrieved from /home/airflow/.local/lib/python3.10/site-packages/airflow/example_dags/example_time_delta_sensor_async.py
[2025-06-27T01:02:46.031+0000] {logging_mixin.py:188} INFO - [2025-06-27T01:02:46.031+0000] {dagbag.py:667} DEBUG - Running dagbag.sync_to_db with retries. Try 1 of 3
[2025-06-27T01:02:46.032+0000] {logging_mixin.py:188} INFO - [2025-06-27T01:02:46.032+0000] {dagbag.py:672} DEBUG - Calling the DAG.bulk_sync_to_db method
[2025-06-27T01:02:46.052+0000] {logging_mixin.py:188} INFO - [2025-06-27T01:02:46.052+0000] {serialized_dag.py:166} DEBUG - Checking if DAG (example_time_delta_sensor_async) changed
[2025-06-27T01:02:46.057+0000] {logging_mixin.py:188} INFO - [2025-06-27T01:02:46.057+0000] {plugins_manager.py:332} DEBUG - Plugins are already loaded. Skipping.
[2025-06-27T01:02:46.058+0000] {logging_mixin.py:188} INFO - [2025-06-27T01:02:46.058+0000] {plugins_manager.py:410} DEBUG - Initialize custom taskinstance deps plugins
[2025-06-27T01:02:46.066+0000] {logging_mixin.py:188} INFO - [2025-06-27T01:02:46.066+0000] {serialized_dag.py:177} DEBUG - Serialized DAG (example_time_delta_sensor_async) is unchanged. Skipping writing to DB
[2025-06-27T01:02:46.067+0000] {logging_mixin.py:188} INFO - [2025-06-27T01:02:46.067+0000] {dag.py:3096} INFO - Sync 1 DAGs
[2025-06-27T01:02:46.091+0000] {logging_mixin.py:188} INFO - [2025-06-27T01:02:46.090+0000] {dag.py:3954} INFO - Setting next_dagrun for example_time_delta_sensor_async to None, run_after=None
[2025-06-27T01:02:46.122+0000] {processor.py:183} INFO - Processing /home/airflow/.local/lib/python3.10/site-packages/airflow/example_dags/example_time_delta_sensor_async.py took 0.118 seconds
[2025-06-27T01:03:17.250+0000] {logging_mixin.py:188} INFO - [2025-06-27T01:03:17.248+0000] {settings.py:250} DEBUG - Setting up DB connection pool (PID 18619)
[2025-06-27T01:03:17.252+0000] {logging_mixin.py:188} INFO - [2025-06-27T01:03:17.252+0000] {settings.py:330} DEBUG - settings.prepare_engine_args(): Using pool settings. pool_size=5, max_overflow=10, pool_recycle=1800, pid=18619
[2025-06-27T01:03:17.269+0000] {processor.py:161} INFO - Started process (PID=18619) to work on /home/airflow/.local/lib/python3.10/site-packages/airflow/example_dags/example_time_delta_sensor_async.py
[2025-06-27T01:03:17.271+0000] {processor.py:830} INFO - Processing file /home/airflow/.local/lib/python3.10/site-packages/airflow/example_dags/example_time_delta_sensor_async.py for tasks to queue
[2025-06-27T01:03:17.273+0000] {logging_mixin.py:188} INFO - [2025-06-27T01:03:17.272+0000] {dagbag.py:545} INFO - Filling up the DagBag from /home/airflow/.local/lib/python3.10/site-packages/airflow/example_dags/example_time_delta_sensor_async.py
[2025-06-27T01:03:17.276+0000] {logging_mixin.py:188} INFO - [2025-06-27T01:03:17.276+0000] {dagbag.py:337} DEBUG - Importing /home/airflow/.local/lib/python3.10/site-packages/airflow/example_dags/example_time_delta_sensor_async.py
[2025-06-27T01:03:17.293+0000] {logging_mixin.py:188} INFO - [2025-06-27T01:03:17.289+0000] {dagbag.py:511} DEBUG - Loaded DAG <DAG: example_time_delta_sensor_async>
[2025-06-27T01:03:17.295+0000] {processor.py:840} INFO - DAG(s) 'example_time_delta_sensor_async' retrieved from /home/airflow/.local/lib/python3.10/site-packages/airflow/example_dags/example_time_delta_sensor_async.py
[2025-06-27T01:03:17.299+0000] {logging_mixin.py:188} INFO - [2025-06-27T01:03:17.299+0000] {dagbag.py:667} DEBUG - Running dagbag.sync_to_db with retries. Try 1 of 3
[2025-06-27T01:03:17.300+0000] {logging_mixin.py:188} INFO - [2025-06-27T01:03:17.300+0000] {dagbag.py:672} DEBUG - Calling the DAG.bulk_sync_to_db method
[2025-06-27T01:03:17.325+0000] {logging_mixin.py:188} INFO - [2025-06-27T01:03:17.324+0000] {serialized_dag.py:166} DEBUG - Checking if DAG (example_time_delta_sensor_async) changed
[2025-06-27T01:03:17.329+0000] {logging_mixin.py:188} INFO - [2025-06-27T01:03:17.329+0000] {plugins_manager.py:332} DEBUG - Plugins are already loaded. Skipping.
[2025-06-27T01:03:17.330+0000] {logging_mixin.py:188} INFO - [2025-06-27T01:03:17.330+0000] {plugins_manager.py:410} DEBUG - Initialize custom taskinstance deps plugins
[2025-06-27T01:03:17.341+0000] {logging_mixin.py:188} INFO - [2025-06-27T01:03:17.340+0000] {serialized_dag.py:177} DEBUG - Serialized DAG (example_time_delta_sensor_async) is unchanged. Skipping writing to DB
[2025-06-27T01:03:17.342+0000] {logging_mixin.py:188} INFO - [2025-06-27T01:03:17.342+0000] {dag.py:3096} INFO - Sync 1 DAGs
[2025-06-27T01:03:17.365+0000] {logging_mixin.py:188} INFO - [2025-06-27T01:03:17.364+0000] {dag.py:3954} INFO - Setting next_dagrun for example_time_delta_sensor_async to None, run_after=None
[2025-06-27T01:03:17.395+0000] {processor.py:183} INFO - Processing /home/airflow/.local/lib/python3.10/site-packages/airflow/example_dags/example_time_delta_sensor_async.py took 0.147 seconds
[2025-06-27T01:03:48.038+0000] {logging_mixin.py:188} INFO - [2025-06-27T01:03:48.036+0000] {settings.py:250} DEBUG - Setting up DB connection pool (PID 18682)
[2025-06-27T01:03:48.041+0000] {logging_mixin.py:188} INFO - [2025-06-27T01:03:48.041+0000] {settings.py:330} DEBUG - settings.prepare_engine_args(): Using pool settings. pool_size=5, max_overflow=10, pool_recycle=1800, pid=18682
[2025-06-27T01:03:48.054+0000] {processor.py:161} INFO - Started process (PID=18682) to work on /home/airflow/.local/lib/python3.10/site-packages/airflow/example_dags/example_time_delta_sensor_async.py
[2025-06-27T01:03:48.055+0000] {processor.py:830} INFO - Processing file /home/airflow/.local/lib/python3.10/site-packages/airflow/example_dags/example_time_delta_sensor_async.py for tasks to queue
[2025-06-27T01:03:48.057+0000] {logging_mixin.py:188} INFO - [2025-06-27T01:03:48.057+0000] {dagbag.py:545} INFO - Filling up the DagBag from /home/airflow/.local/lib/python3.10/site-packages/airflow/example_dags/example_time_delta_sensor_async.py
[2025-06-27T01:03:48.060+0000] {logging_mixin.py:188} INFO - [2025-06-27T01:03:48.060+0000] {dagbag.py:337} DEBUG - Importing /home/airflow/.local/lib/python3.10/site-packages/airflow/example_dags/example_time_delta_sensor_async.py
[2025-06-27T01:03:48.072+0000] {logging_mixin.py:188} INFO - [2025-06-27T01:03:48.070+0000] {dagbag.py:511} DEBUG - Loaded DAG <DAG: example_time_delta_sensor_async>
[2025-06-27T01:03:48.072+0000] {processor.py:840} INFO - DAG(s) 'example_time_delta_sensor_async' retrieved from /home/airflow/.local/lib/python3.10/site-packages/airflow/example_dags/example_time_delta_sensor_async.py
[2025-06-27T01:03:48.074+0000] {logging_mixin.py:188} INFO - [2025-06-27T01:03:48.074+0000] {dagbag.py:667} DEBUG - Running dagbag.sync_to_db with retries. Try 1 of 3
[2025-06-27T01:03:48.075+0000] {logging_mixin.py:188} INFO - [2025-06-27T01:03:48.075+0000] {dagbag.py:672} DEBUG - Calling the DAG.bulk_sync_to_db method
[2025-06-27T01:03:48.097+0000] {logging_mixin.py:188} INFO - [2025-06-27T01:03:48.096+0000] {serialized_dag.py:166} DEBUG - Checking if DAG (example_time_delta_sensor_async) changed
[2025-06-27T01:03:48.101+0000] {logging_mixin.py:188} INFO - [2025-06-27T01:03:48.101+0000] {plugins_manager.py:332} DEBUG - Plugins are already loaded. Skipping.
[2025-06-27T01:03:48.102+0000] {logging_mixin.py:188} INFO - [2025-06-27T01:03:48.102+0000] {plugins_manager.py:410} DEBUG - Initialize custom taskinstance deps plugins
[2025-06-27T01:03:48.111+0000] {logging_mixin.py:188} INFO - [2025-06-27T01:03:48.111+0000] {serialized_dag.py:177} DEBUG - Serialized DAG (example_time_delta_sensor_async) is unchanged. Skipping writing to DB
[2025-06-27T01:03:48.112+0000] {logging_mixin.py:188} INFO - [2025-06-27T01:03:48.112+0000] {dag.py:3096} INFO - Sync 1 DAGs
[2025-06-27T01:03:48.130+0000] {logging_mixin.py:188} INFO - [2025-06-27T01:03:48.130+0000] {dag.py:3954} INFO - Setting next_dagrun for example_time_delta_sensor_async to None, run_after=None
[2025-06-27T01:03:48.161+0000] {processor.py:183} INFO - Processing /home/airflow/.local/lib/python3.10/site-packages/airflow/example_dags/example_time_delta_sensor_async.py took 0.126 seconds
[2025-06-27T01:04:18.277+0000] {logging_mixin.py:188} INFO - [2025-06-27T01:04:18.276+0000] {settings.py:250} DEBUG - Setting up DB connection pool (PID 18746)
[2025-06-27T01:04:18.279+0000] {logging_mixin.py:188} INFO - [2025-06-27T01:04:18.278+0000] {settings.py:330} DEBUG - settings.prepare_engine_args(): Using pool settings. pool_size=5, max_overflow=10, pool_recycle=1800, pid=18746
[2025-06-27T01:04:18.287+0000] {processor.py:161} INFO - Started process (PID=18746) to work on /home/airflow/.local/lib/python3.10/site-packages/airflow/example_dags/example_time_delta_sensor_async.py
[2025-06-27T01:04:18.289+0000] {processor.py:830} INFO - Processing file /home/airflow/.local/lib/python3.10/site-packages/airflow/example_dags/example_time_delta_sensor_async.py for tasks to queue
[2025-06-27T01:04:18.290+0000] {logging_mixin.py:188} INFO - [2025-06-27T01:04:18.289+0000] {dagbag.py:545} INFO - Filling up the DagBag from /home/airflow/.local/lib/python3.10/site-packages/airflow/example_dags/example_time_delta_sensor_async.py
[2025-06-27T01:04:18.292+0000] {logging_mixin.py:188} INFO - [2025-06-27T01:04:18.292+0000] {dagbag.py:337} DEBUG - Importing /home/airflow/.local/lib/python3.10/site-packages/airflow/example_dags/example_time_delta_sensor_async.py
[2025-06-27T01:04:18.300+0000] {logging_mixin.py:188} INFO - [2025-06-27T01:04:18.298+0000] {dagbag.py:511} DEBUG - Loaded DAG <DAG: example_time_delta_sensor_async>
[2025-06-27T01:04:18.300+0000] {processor.py:840} INFO - DAG(s) 'example_time_delta_sensor_async' retrieved from /home/airflow/.local/lib/python3.10/site-packages/airflow/example_dags/example_time_delta_sensor_async.py
[2025-06-27T01:04:18.302+0000] {logging_mixin.py:188} INFO - [2025-06-27T01:04:18.302+0000] {dagbag.py:667} DEBUG - Running dagbag.sync_to_db with retries. Try 1 of 3
[2025-06-27T01:04:18.303+0000] {logging_mixin.py:188} INFO - [2025-06-27T01:04:18.303+0000] {dagbag.py:672} DEBUG - Calling the DAG.bulk_sync_to_db method
[2025-06-27T01:04:18.324+0000] {logging_mixin.py:188} INFO - [2025-06-27T01:04:18.324+0000] {serialized_dag.py:166} DEBUG - Checking if DAG (example_time_delta_sensor_async) changed
[2025-06-27T01:04:18.330+0000] {logging_mixin.py:188} INFO - [2025-06-27T01:04:18.330+0000] {plugins_manager.py:332} DEBUG - Plugins are already loaded. Skipping.
[2025-06-27T01:04:18.331+0000] {logging_mixin.py:188} INFO - [2025-06-27T01:04:18.331+0000] {plugins_manager.py:410} DEBUG - Initialize custom taskinstance deps plugins
[2025-06-27T01:04:18.341+0000] {logging_mixin.py:188} INFO - [2025-06-27T01:04:18.340+0000] {serialized_dag.py:177} DEBUG - Serialized DAG (example_time_delta_sensor_async) is unchanged. Skipping writing to DB
[2025-06-27T01:04:18.342+0000] {logging_mixin.py:188} INFO - [2025-06-27T01:04:18.342+0000] {dag.py:3096} INFO - Sync 1 DAGs
[2025-06-27T01:04:18.357+0000] {logging_mixin.py:188} INFO - [2025-06-27T01:04:18.357+0000] {dag.py:3954} INFO - Setting next_dagrun for example_time_delta_sensor_async to None, run_after=None
[2025-06-27T01:04:18.381+0000] {processor.py:183} INFO - Processing /home/airflow/.local/lib/python3.10/site-packages/airflow/example_dags/example_time_delta_sensor_async.py took 0.105 seconds
[2025-06-27T01:04:49.088+0000] {logging_mixin.py:188} INFO - [2025-06-27T01:04:49.087+0000] {settings.py:250} DEBUG - Setting up DB connection pool (PID 18809)
[2025-06-27T01:04:49.091+0000] {logging_mixin.py:188} INFO - [2025-06-27T01:04:49.091+0000] {settings.py:330} DEBUG - settings.prepare_engine_args(): Using pool settings. pool_size=5, max_overflow=10, pool_recycle=1800, pid=18809
[2025-06-27T01:04:49.107+0000] {processor.py:161} INFO - Started process (PID=18809) to work on /home/airflow/.local/lib/python3.10/site-packages/airflow/example_dags/example_time_delta_sensor_async.py
[2025-06-27T01:04:49.108+0000] {processor.py:830} INFO - Processing file /home/airflow/.local/lib/python3.10/site-packages/airflow/example_dags/example_time_delta_sensor_async.py for tasks to queue
[2025-06-27T01:04:49.111+0000] {logging_mixin.py:188} INFO - [2025-06-27T01:04:49.110+0000] {dagbag.py:545} INFO - Filling up the DagBag from /home/airflow/.local/lib/python3.10/site-packages/airflow/example_dags/example_time_delta_sensor_async.py
[2025-06-27T01:04:49.113+0000] {logging_mixin.py:188} INFO - [2025-06-27T01:04:49.113+0000] {dagbag.py:337} DEBUG - Importing /home/airflow/.local/lib/python3.10/site-packages/airflow/example_dags/example_time_delta_sensor_async.py
[2025-06-27T01:04:49.124+0000] {logging_mixin.py:188} INFO - [2025-06-27T01:04:49.122+0000] {dagbag.py:511} DEBUG - Loaded DAG <DAG: example_time_delta_sensor_async>
[2025-06-27T01:04:49.125+0000] {processor.py:840} INFO - DAG(s) 'example_time_delta_sensor_async' retrieved from /home/airflow/.local/lib/python3.10/site-packages/airflow/example_dags/example_time_delta_sensor_async.py
[2025-06-27T01:04:49.128+0000] {logging_mixin.py:188} INFO - [2025-06-27T01:04:49.128+0000] {dagbag.py:667} DEBUG - Running dagbag.sync_to_db with retries. Try 1 of 3
[2025-06-27T01:04:49.129+0000] {logging_mixin.py:188} INFO - [2025-06-27T01:04:49.129+0000] {dagbag.py:672} DEBUG - Calling the DAG.bulk_sync_to_db method
[2025-06-27T01:04:49.154+0000] {logging_mixin.py:188} INFO - [2025-06-27T01:04:49.154+0000] {serialized_dag.py:166} DEBUG - Checking if DAG (example_time_delta_sensor_async) changed
[2025-06-27T01:04:49.160+0000] {logging_mixin.py:188} INFO - [2025-06-27T01:04:49.160+0000] {plugins_manager.py:332} DEBUG - Plugins are already loaded. Skipping.
[2025-06-27T01:04:49.161+0000] {logging_mixin.py:188} INFO - [2025-06-27T01:04:49.161+0000] {plugins_manager.py:410} DEBUG - Initialize custom taskinstance deps plugins
[2025-06-27T01:04:49.171+0000] {logging_mixin.py:188} INFO - [2025-06-27T01:04:49.171+0000] {serialized_dag.py:177} DEBUG - Serialized DAG (example_time_delta_sensor_async) is unchanged. Skipping writing to DB
[2025-06-27T01:04:49.172+0000] {logging_mixin.py:188} INFO - [2025-06-27T01:04:49.172+0000] {dag.py:3096} INFO - Sync 1 DAGs
[2025-06-27T01:04:49.196+0000] {logging_mixin.py:188} INFO - [2025-06-27T01:04:49.196+0000] {dag.py:3954} INFO - Setting next_dagrun for example_time_delta_sensor_async to None, run_after=None
[2025-06-27T01:04:49.226+0000] {processor.py:183} INFO - Processing /home/airflow/.local/lib/python3.10/site-packages/airflow/example_dags/example_time_delta_sensor_async.py took 0.139 seconds
[2025-06-27T01:05:19.754+0000] {logging_mixin.py:188} INFO - [2025-06-27T01:05:19.752+0000] {settings.py:250} DEBUG - Setting up DB connection pool (PID 18874)
[2025-06-27T01:05:19.757+0000] {logging_mixin.py:188} INFO - [2025-06-27T01:05:19.756+0000] {settings.py:330} DEBUG - settings.prepare_engine_args(): Using pool settings. pool_size=5, max_overflow=10, pool_recycle=1800, pid=18874
[2025-06-27T01:05:19.768+0000] {processor.py:161} INFO - Started process (PID=18874) to work on /home/airflow/.local/lib/python3.10/site-packages/airflow/example_dags/example_time_delta_sensor_async.py
[2025-06-27T01:05:19.769+0000] {processor.py:830} INFO - Processing file /home/airflow/.local/lib/python3.10/site-packages/airflow/example_dags/example_time_delta_sensor_async.py for tasks to queue
[2025-06-27T01:05:19.771+0000] {logging_mixin.py:188} INFO - [2025-06-27T01:05:19.771+0000] {dagbag.py:545} INFO - Filling up the DagBag from /home/airflow/.local/lib/python3.10/site-packages/airflow/example_dags/example_time_delta_sensor_async.py
[2025-06-27T01:05:19.773+0000] {logging_mixin.py:188} INFO - [2025-06-27T01:05:19.773+0000] {dagbag.py:337} DEBUG - Importing /home/airflow/.local/lib/python3.10/site-packages/airflow/example_dags/example_time_delta_sensor_async.py
[2025-06-27T01:05:19.784+0000] {logging_mixin.py:188} INFO - [2025-06-27T01:05:19.782+0000] {dagbag.py:511} DEBUG - Loaded DAG <DAG: example_time_delta_sensor_async>
[2025-06-27T01:05:19.785+0000] {processor.py:840} INFO - DAG(s) 'example_time_delta_sensor_async' retrieved from /home/airflow/.local/lib/python3.10/site-packages/airflow/example_dags/example_time_delta_sensor_async.py
[2025-06-27T01:05:19.789+0000] {logging_mixin.py:188} INFO - [2025-06-27T01:05:19.789+0000] {dagbag.py:667} DEBUG - Running dagbag.sync_to_db with retries. Try 1 of 3
[2025-06-27T01:05:19.790+0000] {logging_mixin.py:188} INFO - [2025-06-27T01:05:19.790+0000] {dagbag.py:672} DEBUG - Calling the DAG.bulk_sync_to_db method
[2025-06-27T01:05:19.809+0000] {logging_mixin.py:188} INFO - [2025-06-27T01:05:19.809+0000] {serialized_dag.py:166} DEBUG - Checking if DAG (example_time_delta_sensor_async) changed
[2025-06-27T01:05:19.817+0000] {logging_mixin.py:188} INFO - [2025-06-27T01:05:19.816+0000] {plugins_manager.py:332} DEBUG - Plugins are already loaded. Skipping.
[2025-06-27T01:05:19.817+0000] {logging_mixin.py:188} INFO - [2025-06-27T01:05:19.817+0000] {plugins_manager.py:410} DEBUG - Initialize custom taskinstance deps plugins
[2025-06-27T01:05:19.828+0000] {logging_mixin.py:188} INFO - [2025-06-27T01:05:19.827+0000] {serialized_dag.py:177} DEBUG - Serialized DAG (example_time_delta_sensor_async) is unchanged. Skipping writing to DB
[2025-06-27T01:05:19.829+0000] {logging_mixin.py:188} INFO - [2025-06-27T01:05:19.828+0000] {dag.py:3096} INFO - Sync 1 DAGs
[2025-06-27T01:05:19.853+0000] {logging_mixin.py:188} INFO - [2025-06-27T01:05:19.852+0000] {dag.py:3954} INFO - Setting next_dagrun for example_time_delta_sensor_async to None, run_after=None
[2025-06-27T01:05:19.887+0000] {processor.py:183} INFO - Processing /home/airflow/.local/lib/python3.10/site-packages/airflow/example_dags/example_time_delta_sensor_async.py took 0.135 seconds
[2025-06-27T01:05:51.269+0000] {logging_mixin.py:188} INFO - [2025-06-27T01:05:51.267+0000] {settings.py:250} DEBUG - Setting up DB connection pool (PID 18943)
[2025-06-27T01:05:51.271+0000] {logging_mixin.py:188} INFO - [2025-06-27T01:05:51.271+0000] {settings.py:330} DEBUG - settings.prepare_engine_args(): Using pool settings. pool_size=5, max_overflow=10, pool_recycle=1800, pid=18943
[2025-06-27T01:05:51.286+0000] {processor.py:161} INFO - Started process (PID=18943) to work on /home/airflow/.local/lib/python3.10/site-packages/airflow/example_dags/example_time_delta_sensor_async.py
[2025-06-27T01:05:51.287+0000] {processor.py:830} INFO - Processing file /home/airflow/.local/lib/python3.10/site-packages/airflow/example_dags/example_time_delta_sensor_async.py for tasks to queue
[2025-06-27T01:05:51.289+0000] {logging_mixin.py:188} INFO - [2025-06-27T01:05:51.288+0000] {dagbag.py:545} INFO - Filling up the DagBag from /home/airflow/.local/lib/python3.10/site-packages/airflow/example_dags/example_time_delta_sensor_async.py
[2025-06-27T01:05:51.291+0000] {logging_mixin.py:188} INFO - [2025-06-27T01:05:51.291+0000] {dagbag.py:337} DEBUG - Importing /home/airflow/.local/lib/python3.10/site-packages/airflow/example_dags/example_time_delta_sensor_async.py
[2025-06-27T01:05:51.299+0000] {logging_mixin.py:188} INFO - [2025-06-27T01:05:51.297+0000] {dagbag.py:511} DEBUG - Loaded DAG <DAG: example_time_delta_sensor_async>
[2025-06-27T01:05:51.299+0000] {processor.py:840} INFO - DAG(s) 'example_time_delta_sensor_async' retrieved from /home/airflow/.local/lib/python3.10/site-packages/airflow/example_dags/example_time_delta_sensor_async.py
[2025-06-27T01:05:51.302+0000] {logging_mixin.py:188} INFO - [2025-06-27T01:05:51.302+0000] {dagbag.py:667} DEBUG - Running dagbag.sync_to_db with retries. Try 1 of 3
[2025-06-27T01:05:51.303+0000] {logging_mixin.py:188} INFO - [2025-06-27T01:05:51.303+0000] {dagbag.py:672} DEBUG - Calling the DAG.bulk_sync_to_db method
[2025-06-27T01:05:51.322+0000] {logging_mixin.py:188} INFO - [2025-06-27T01:05:51.322+0000] {serialized_dag.py:166} DEBUG - Checking if DAG (example_time_delta_sensor_async) changed
[2025-06-27T01:05:51.327+0000] {logging_mixin.py:188} INFO - [2025-06-27T01:05:51.327+0000] {plugins_manager.py:332} DEBUG - Plugins are already loaded. Skipping.
[2025-06-27T01:05:51.328+0000] {logging_mixin.py:188} INFO - [2025-06-27T01:05:51.327+0000] {plugins_manager.py:410} DEBUG - Initialize custom taskinstance deps plugins
[2025-06-27T01:05:51.335+0000] {logging_mixin.py:188} INFO - [2025-06-27T01:05:51.335+0000] {serialized_dag.py:177} DEBUG - Serialized DAG (example_time_delta_sensor_async) is unchanged. Skipping writing to DB
[2025-06-27T01:05:51.336+0000] {logging_mixin.py:188} INFO - [2025-06-27T01:05:51.336+0000] {dag.py:3096} INFO - Sync 1 DAGs
[2025-06-27T01:05:51.351+0000] {logging_mixin.py:188} INFO - [2025-06-27T01:05:51.351+0000] {dag.py:3954} INFO - Setting next_dagrun for example_time_delta_sensor_async to None, run_after=None
[2025-06-27T01:05:51.378+0000] {processor.py:183} INFO - Processing /home/airflow/.local/lib/python3.10/site-packages/airflow/example_dags/example_time_delta_sensor_async.py took 0.111 seconds
[2025-06-27T01:06:22.047+0000] {logging_mixin.py:188} INFO - [2025-06-27T01:06:22.045+0000] {settings.py:250} DEBUG - Setting up DB connection pool (PID 19004)
[2025-06-27T01:06:22.048+0000] {logging_mixin.py:188} INFO - [2025-06-27T01:06:22.048+0000] {settings.py:330} DEBUG - settings.prepare_engine_args(): Using pool settings. pool_size=5, max_overflow=10, pool_recycle=1800, pid=19004
[2025-06-27T01:06:22.064+0000] {processor.py:161} INFO - Started process (PID=19004) to work on /home/airflow/.local/lib/python3.10/site-packages/airflow/example_dags/example_time_delta_sensor_async.py
[2025-06-27T01:06:22.068+0000] {processor.py:830} INFO - Processing file /home/airflow/.local/lib/python3.10/site-packages/airflow/example_dags/example_time_delta_sensor_async.py for tasks to queue
[2025-06-27T01:06:22.071+0000] {logging_mixin.py:188} INFO - [2025-06-27T01:06:22.070+0000] {dagbag.py:545} INFO - Filling up the DagBag from /home/airflow/.local/lib/python3.10/site-packages/airflow/example_dags/example_time_delta_sensor_async.py
[2025-06-27T01:06:22.076+0000] {logging_mixin.py:188} INFO - [2025-06-27T01:06:22.076+0000] {dagbag.py:337} DEBUG - Importing /home/airflow/.local/lib/python3.10/site-packages/airflow/example_dags/example_time_delta_sensor_async.py
[2025-06-27T01:06:22.092+0000] {logging_mixin.py:188} INFO - [2025-06-27T01:06:22.090+0000] {dagbag.py:511} DEBUG - Loaded DAG <DAG: example_time_delta_sensor_async>
[2025-06-27T01:06:22.092+0000] {processor.py:840} INFO - DAG(s) 'example_time_delta_sensor_async' retrieved from /home/airflow/.local/lib/python3.10/site-packages/airflow/example_dags/example_time_delta_sensor_async.py
[2025-06-27T01:06:22.096+0000] {logging_mixin.py:188} INFO - [2025-06-27T01:06:22.096+0000] {dagbag.py:667} DEBUG - Running dagbag.sync_to_db with retries. Try 1 of 3
[2025-06-27T01:06:22.097+0000] {logging_mixin.py:188} INFO - [2025-06-27T01:06:22.097+0000] {dagbag.py:672} DEBUG - Calling the DAG.bulk_sync_to_db method
[2025-06-27T01:06:22.126+0000] {logging_mixin.py:188} INFO - [2025-06-27T01:06:22.126+0000] {serialized_dag.py:166} DEBUG - Checking if DAG (example_time_delta_sensor_async) changed
[2025-06-27T01:06:22.133+0000] {logging_mixin.py:188} INFO - [2025-06-27T01:06:22.133+0000] {plugins_manager.py:332} DEBUG - Plugins are already loaded. Skipping.
[2025-06-27T01:06:22.134+0000] {logging_mixin.py:188} INFO - [2025-06-27T01:06:22.134+0000] {plugins_manager.py:410} DEBUG - Initialize custom taskinstance deps plugins
[2025-06-27T01:06:22.145+0000] {logging_mixin.py:188} INFO - [2025-06-27T01:06:22.145+0000] {serialized_dag.py:177} DEBUG - Serialized DAG (example_time_delta_sensor_async) is unchanged. Skipping writing to DB
[2025-06-27T01:06:22.146+0000] {logging_mixin.py:188} INFO - [2025-06-27T01:06:22.146+0000] {dag.py:3096} INFO - Sync 1 DAGs
[2025-06-27T01:06:22.165+0000] {logging_mixin.py:188} INFO - [2025-06-27T01:06:22.164+0000] {dag.py:3954} INFO - Setting next_dagrun for example_time_delta_sensor_async to None, run_after=None
[2025-06-27T01:06:22.188+0000] {processor.py:183} INFO - Processing /home/airflow/.local/lib/python3.10/site-packages/airflow/example_dags/example_time_delta_sensor_async.py took 0.143 seconds
[2025-06-27T01:06:52.499+0000] {logging_mixin.py:188} INFO - [2025-06-27T01:06:52.498+0000] {settings.py:250} DEBUG - Setting up DB connection pool (PID 19067)
[2025-06-27T01:06:52.501+0000] {logging_mixin.py:188} INFO - [2025-06-27T01:06:52.500+0000] {settings.py:330} DEBUG - settings.prepare_engine_args(): Using pool settings. pool_size=5, max_overflow=10, pool_recycle=1800, pid=19067
[2025-06-27T01:06:52.511+0000] {processor.py:161} INFO - Started process (PID=19067) to work on /home/airflow/.local/lib/python3.10/site-packages/airflow/example_dags/example_time_delta_sensor_async.py
[2025-06-27T01:06:52.511+0000] {processor.py:830} INFO - Processing file /home/airflow/.local/lib/python3.10/site-packages/airflow/example_dags/example_time_delta_sensor_async.py for tasks to queue
[2025-06-27T01:06:52.513+0000] {logging_mixin.py:188} INFO - [2025-06-27T01:06:52.512+0000] {dagbag.py:545} INFO - Filling up the DagBag from /home/airflow/.local/lib/python3.10/site-packages/airflow/example_dags/example_time_delta_sensor_async.py
[2025-06-27T01:06:52.514+0000] {logging_mixin.py:188} INFO - [2025-06-27T01:06:52.514+0000] {dagbag.py:337} DEBUG - Importing /home/airflow/.local/lib/python3.10/site-packages/airflow/example_dags/example_time_delta_sensor_async.py
[2025-06-27T01:06:52.522+0000] {logging_mixin.py:188} INFO - [2025-06-27T01:06:52.520+0000] {dagbag.py:511} DEBUG - Loaded DAG <DAG: example_time_delta_sensor_async>
[2025-06-27T01:06:52.522+0000] {processor.py:840} INFO - DAG(s) 'example_time_delta_sensor_async' retrieved from /home/airflow/.local/lib/python3.10/site-packages/airflow/example_dags/example_time_delta_sensor_async.py
[2025-06-27T01:06:52.525+0000] {logging_mixin.py:188} INFO - [2025-06-27T01:06:52.525+0000] {dagbag.py:667} DEBUG - Running dagbag.sync_to_db with retries. Try 1 of 3
[2025-06-27T01:06:52.526+0000] {logging_mixin.py:188} INFO - [2025-06-27T01:06:52.525+0000] {dagbag.py:672} DEBUG - Calling the DAG.bulk_sync_to_db method
[2025-06-27T01:06:52.545+0000] {logging_mixin.py:188} INFO - [2025-06-27T01:06:52.545+0000] {serialized_dag.py:166} DEBUG - Checking if DAG (example_time_delta_sensor_async) changed
[2025-06-27T01:06:52.550+0000] {logging_mixin.py:188} INFO - [2025-06-27T01:06:52.549+0000] {plugins_manager.py:332} DEBUG - Plugins are already loaded. Skipping.
[2025-06-27T01:06:52.550+0000] {logging_mixin.py:188} INFO - [2025-06-27T01:06:52.550+0000] {plugins_manager.py:410} DEBUG - Initialize custom taskinstance deps plugins
[2025-06-27T01:06:52.558+0000] {logging_mixin.py:188} INFO - [2025-06-27T01:06:52.558+0000] {serialized_dag.py:177} DEBUG - Serialized DAG (example_time_delta_sensor_async) is unchanged. Skipping writing to DB
[2025-06-27T01:06:52.559+0000] {logging_mixin.py:188} INFO - [2025-06-27T01:06:52.559+0000] {dag.py:3096} INFO - Sync 1 DAGs
[2025-06-27T01:06:52.580+0000] {logging_mixin.py:188} INFO - [2025-06-27T01:06:52.579+0000] {dag.py:3954} INFO - Setting next_dagrun for example_time_delta_sensor_async to None, run_after=None
[2025-06-27T01:06:52.615+0000] {processor.py:183} INFO - Processing /home/airflow/.local/lib/python3.10/site-packages/airflow/example_dags/example_time_delta_sensor_async.py took 0.116 seconds
[2025-06-27T01:07:22.729+0000] {logging_mixin.py:188} INFO - [2025-06-27T01:07:22.727+0000] {settings.py:250} DEBUG - Setting up DB connection pool (PID 19130)
[2025-06-27T01:07:22.731+0000] {logging_mixin.py:188} INFO - [2025-06-27T01:07:22.731+0000] {settings.py:330} DEBUG - settings.prepare_engine_args(): Using pool settings. pool_size=5, max_overflow=10, pool_recycle=1800, pid=19130
[2025-06-27T01:07:22.742+0000] {processor.py:161} INFO - Started process (PID=19130) to work on /home/airflow/.local/lib/python3.10/site-packages/airflow/example_dags/example_time_delta_sensor_async.py
[2025-06-27T01:07:22.744+0000] {processor.py:830} INFO - Processing file /home/airflow/.local/lib/python3.10/site-packages/airflow/example_dags/example_time_delta_sensor_async.py for tasks to queue
[2025-06-27T01:07:22.745+0000] {logging_mixin.py:188} INFO - [2025-06-27T01:07:22.745+0000] {dagbag.py:545} INFO - Filling up the DagBag from /home/airflow/.local/lib/python3.10/site-packages/airflow/example_dags/example_time_delta_sensor_async.py
[2025-06-27T01:07:22.748+0000] {logging_mixin.py:188} INFO - [2025-06-27T01:07:22.748+0000] {dagbag.py:337} DEBUG - Importing /home/airflow/.local/lib/python3.10/site-packages/airflow/example_dags/example_time_delta_sensor_async.py
[2025-06-27T01:07:22.759+0000] {logging_mixin.py:188} INFO - [2025-06-27T01:07:22.757+0000] {dagbag.py:511} DEBUG - Loaded DAG <DAG: example_time_delta_sensor_async>
[2025-06-27T01:07:22.760+0000] {processor.py:840} INFO - DAG(s) 'example_time_delta_sensor_async' retrieved from /home/airflow/.local/lib/python3.10/site-packages/airflow/example_dags/example_time_delta_sensor_async.py
[2025-06-27T01:07:22.763+0000] {logging_mixin.py:188} INFO - [2025-06-27T01:07:22.762+0000] {dagbag.py:667} DEBUG - Running dagbag.sync_to_db with retries. Try 1 of 3
[2025-06-27T01:07:22.764+0000] {logging_mixin.py:188} INFO - [2025-06-27T01:07:22.763+0000] {dagbag.py:672} DEBUG - Calling the DAG.bulk_sync_to_db method
[2025-06-27T01:07:22.789+0000] {logging_mixin.py:188} INFO - [2025-06-27T01:07:22.788+0000] {serialized_dag.py:166} DEBUG - Checking if DAG (example_time_delta_sensor_async) changed
[2025-06-27T01:07:22.795+0000] {logging_mixin.py:188} INFO - [2025-06-27T01:07:22.794+0000] {plugins_manager.py:332} DEBUG - Plugins are already loaded. Skipping.
[2025-06-27T01:07:22.796+0000] {logging_mixin.py:188} INFO - [2025-06-27T01:07:22.796+0000] {plugins_manager.py:410} DEBUG - Initialize custom taskinstance deps plugins
[2025-06-27T01:07:22.806+0000] {logging_mixin.py:188} INFO - [2025-06-27T01:07:22.806+0000] {serialized_dag.py:177} DEBUG - Serialized DAG (example_time_delta_sensor_async) is unchanged. Skipping writing to DB
[2025-06-27T01:07:22.807+0000] {logging_mixin.py:188} INFO - [2025-06-27T01:07:22.807+0000] {dag.py:3096} INFO - Sync 1 DAGs
[2025-06-27T01:07:22.824+0000] {logging_mixin.py:188} INFO - [2025-06-27T01:07:22.824+0000] {dag.py:3954} INFO - Setting next_dagrun for example_time_delta_sensor_async to None, run_after=None
[2025-06-27T01:07:22.854+0000] {processor.py:183} INFO - Processing /home/airflow/.local/lib/python3.10/site-packages/airflow/example_dags/example_time_delta_sensor_async.py took 0.127 seconds
[2025-06-27T01:07:53.100+0000] {logging_mixin.py:188} INFO - [2025-06-27T01:07:53.099+0000] {settings.py:250} DEBUG - Setting up DB connection pool (PID 19193)
[2025-06-27T01:07:53.102+0000] {logging_mixin.py:188} INFO - [2025-06-27T01:07:53.102+0000] {settings.py:330} DEBUG - settings.prepare_engine_args(): Using pool settings. pool_size=5, max_overflow=10, pool_recycle=1800, pid=19193
[2025-06-27T01:07:53.113+0000] {processor.py:161} INFO - Started process (PID=19193) to work on /home/airflow/.local/lib/python3.10/site-packages/airflow/example_dags/example_time_delta_sensor_async.py
[2025-06-27T01:07:53.114+0000] {processor.py:830} INFO - Processing file /home/airflow/.local/lib/python3.10/site-packages/airflow/example_dags/example_time_delta_sensor_async.py for tasks to queue
[2025-06-27T01:07:53.116+0000] {logging_mixin.py:188} INFO - [2025-06-27T01:07:53.116+0000] {dagbag.py:545} INFO - Filling up the DagBag from /home/airflow/.local/lib/python3.10/site-packages/airflow/example_dags/example_time_delta_sensor_async.py
[2025-06-27T01:07:53.119+0000] {logging_mixin.py:188} INFO - [2025-06-27T01:07:53.119+0000] {dagbag.py:337} DEBUG - Importing /home/airflow/.local/lib/python3.10/site-packages/airflow/example_dags/example_time_delta_sensor_async.py
[2025-06-27T01:07:53.128+0000] {logging_mixin.py:188} INFO - [2025-06-27T01:07:53.126+0000] {dagbag.py:511} DEBUG - Loaded DAG <DAG: example_time_delta_sensor_async>
[2025-06-27T01:07:53.129+0000] {processor.py:840} INFO - DAG(s) 'example_time_delta_sensor_async' retrieved from /home/airflow/.local/lib/python3.10/site-packages/airflow/example_dags/example_time_delta_sensor_async.py
[2025-06-27T01:07:53.130+0000] {logging_mixin.py:188} INFO - [2025-06-27T01:07:53.130+0000] {dagbag.py:667} DEBUG - Running dagbag.sync_to_db with retries. Try 1 of 3
[2025-06-27T01:07:53.131+0000] {logging_mixin.py:188} INFO - [2025-06-27T01:07:53.131+0000] {dagbag.py:672} DEBUG - Calling the DAG.bulk_sync_to_db method
[2025-06-27T01:07:53.156+0000] {logging_mixin.py:188} INFO - [2025-06-27T01:07:53.155+0000] {serialized_dag.py:166} DEBUG - Checking if DAG (example_time_delta_sensor_async) changed
[2025-06-27T01:07:53.162+0000] {logging_mixin.py:188} INFO - [2025-06-27T01:07:53.162+0000] {plugins_manager.py:332} DEBUG - Plugins are already loaded. Skipping.
[2025-06-27T01:07:53.163+0000] {logging_mixin.py:188} INFO - [2025-06-27T01:07:53.163+0000] {plugins_manager.py:410} DEBUG - Initialize custom taskinstance deps plugins
[2025-06-27T01:07:53.175+0000] {logging_mixin.py:188} INFO - [2025-06-27T01:07:53.174+0000] {serialized_dag.py:177} DEBUG - Serialized DAG (example_time_delta_sensor_async) is unchanged. Skipping writing to DB
[2025-06-27T01:07:53.176+0000] {logging_mixin.py:188} INFO - [2025-06-27T01:07:53.175+0000] {dag.py:3096} INFO - Sync 1 DAGs
[2025-06-27T01:07:53.196+0000] {logging_mixin.py:188} INFO - [2025-06-27T01:07:53.196+0000] {dag.py:3954} INFO - Setting next_dagrun for example_time_delta_sensor_async to None, run_after=None
[2025-06-27T01:07:53.230+0000] {processor.py:183} INFO - Processing /home/airflow/.local/lib/python3.10/site-packages/airflow/example_dags/example_time_delta_sensor_async.py took 0.131 seconds
[2025-06-27T01:08:23.505+0000] {logging_mixin.py:188} INFO - [2025-06-27T01:08:23.503+0000] {settings.py:250} DEBUG - Setting up DB connection pool (PID 19256)
[2025-06-27T01:08:23.508+0000] {logging_mixin.py:188} INFO - [2025-06-27T01:08:23.508+0000] {settings.py:330} DEBUG - settings.prepare_engine_args(): Using pool settings. pool_size=5, max_overflow=10, pool_recycle=1800, pid=19256
[2025-06-27T01:08:23.521+0000] {processor.py:161} INFO - Started process (PID=19256) to work on /home/airflow/.local/lib/python3.10/site-packages/airflow/example_dags/example_time_delta_sensor_async.py
[2025-06-27T01:08:23.522+0000] {processor.py:830} INFO - Processing file /home/airflow/.local/lib/python3.10/site-packages/airflow/example_dags/example_time_delta_sensor_async.py for tasks to queue
[2025-06-27T01:08:23.525+0000] {logging_mixin.py:188} INFO - [2025-06-27T01:08:23.524+0000] {dagbag.py:545} INFO - Filling up the DagBag from /home/airflow/.local/lib/python3.10/site-packages/airflow/example_dags/example_time_delta_sensor_async.py
[2025-06-27T01:08:23.529+0000] {logging_mixin.py:188} INFO - [2025-06-27T01:08:23.528+0000] {dagbag.py:337} DEBUG - Importing /home/airflow/.local/lib/python3.10/site-packages/airflow/example_dags/example_time_delta_sensor_async.py
[2025-06-27T01:08:23.538+0000] {logging_mixin.py:188} INFO - [2025-06-27T01:08:23.536+0000] {dagbag.py:511} DEBUG - Loaded DAG <DAG: example_time_delta_sensor_async>
[2025-06-27T01:08:23.539+0000] {processor.py:840} INFO - DAG(s) 'example_time_delta_sensor_async' retrieved from /home/airflow/.local/lib/python3.10/site-packages/airflow/example_dags/example_time_delta_sensor_async.py
[2025-06-27T01:08:23.541+0000] {logging_mixin.py:188} INFO - [2025-06-27T01:08:23.541+0000] {dagbag.py:667} DEBUG - Running dagbag.sync_to_db with retries. Try 1 of 3
[2025-06-27T01:08:23.542+0000] {logging_mixin.py:188} INFO - [2025-06-27T01:08:23.542+0000] {dagbag.py:672} DEBUG - Calling the DAG.bulk_sync_to_db method
[2025-06-27T01:08:23.566+0000] {logging_mixin.py:188} INFO - [2025-06-27T01:08:23.565+0000] {serialized_dag.py:166} DEBUG - Checking if DAG (example_time_delta_sensor_async) changed
[2025-06-27T01:08:23.571+0000] {logging_mixin.py:188} INFO - [2025-06-27T01:08:23.570+0000] {plugins_manager.py:332} DEBUG - Plugins are already loaded. Skipping.
[2025-06-27T01:08:23.572+0000] {logging_mixin.py:188} INFO - [2025-06-27T01:08:23.571+0000] {plugins_manager.py:410} DEBUG - Initialize custom taskinstance deps plugins
[2025-06-27T01:08:23.581+0000] {logging_mixin.py:188} INFO - [2025-06-27T01:08:23.581+0000] {serialized_dag.py:177} DEBUG - Serialized DAG (example_time_delta_sensor_async) is unchanged. Skipping writing to DB
[2025-06-27T01:08:23.583+0000] {logging_mixin.py:188} INFO - [2025-06-27T01:08:23.582+0000] {dag.py:3096} INFO - Sync 1 DAGs
[2025-06-27T01:08:23.604+0000] {logging_mixin.py:188} INFO - [2025-06-27T01:08:23.603+0000] {dag.py:3954} INFO - Setting next_dagrun for example_time_delta_sensor_async to None, run_after=None
[2025-06-27T01:08:23.641+0000] {processor.py:183} INFO - Processing /home/airflow/.local/lib/python3.10/site-packages/airflow/example_dags/example_time_delta_sensor_async.py took 0.138 seconds
[2025-06-27T01:08:54.029+0000] {logging_mixin.py:188} INFO - [2025-06-27T01:08:54.028+0000] {settings.py:250} DEBUG - Setting up DB connection pool (PID 19319)
[2025-06-27T01:08:54.031+0000] {logging_mixin.py:188} INFO - [2025-06-27T01:08:54.031+0000] {settings.py:330} DEBUG - settings.prepare_engine_args(): Using pool settings. pool_size=5, max_overflow=10, pool_recycle=1800, pid=19319
[2025-06-27T01:08:54.048+0000] {processor.py:161} INFO - Started process (PID=19319) to work on /home/airflow/.local/lib/python3.10/site-packages/airflow/example_dags/example_time_delta_sensor_async.py
[2025-06-27T01:08:54.049+0000] {processor.py:830} INFO - Processing file /home/airflow/.local/lib/python3.10/site-packages/airflow/example_dags/example_time_delta_sensor_async.py for tasks to queue
[2025-06-27T01:08:54.051+0000] {logging_mixin.py:188} INFO - [2025-06-27T01:08:54.051+0000] {dagbag.py:545} INFO - Filling up the DagBag from /home/airflow/.local/lib/python3.10/site-packages/airflow/example_dags/example_time_delta_sensor_async.py
[2025-06-27T01:08:54.054+0000] {logging_mixin.py:188} INFO - [2025-06-27T01:08:54.054+0000] {dagbag.py:337} DEBUG - Importing /home/airflow/.local/lib/python3.10/site-packages/airflow/example_dags/example_time_delta_sensor_async.py
[2025-06-27T01:08:54.066+0000] {logging_mixin.py:188} INFO - [2025-06-27T01:08:54.064+0000] {dagbag.py:511} DEBUG - Loaded DAG <DAG: example_time_delta_sensor_async>
[2025-06-27T01:08:54.066+0000] {processor.py:840} INFO - DAG(s) 'example_time_delta_sensor_async' retrieved from /home/airflow/.local/lib/python3.10/site-packages/airflow/example_dags/example_time_delta_sensor_async.py
[2025-06-27T01:08:54.068+0000] {logging_mixin.py:188} INFO - [2025-06-27T01:08:54.068+0000] {dagbag.py:667} DEBUG - Running dagbag.sync_to_db with retries. Try 1 of 3
[2025-06-27T01:08:54.069+0000] {logging_mixin.py:188} INFO - [2025-06-27T01:08:54.069+0000] {dagbag.py:672} DEBUG - Calling the DAG.bulk_sync_to_db method
[2025-06-27T01:08:54.095+0000] {logging_mixin.py:188} INFO - [2025-06-27T01:08:54.094+0000] {serialized_dag.py:166} DEBUG - Checking if DAG (example_time_delta_sensor_async) changed
[2025-06-27T01:08:54.103+0000] {logging_mixin.py:188} INFO - [2025-06-27T01:08:54.102+0000] {plugins_manager.py:332} DEBUG - Plugins are already loaded. Skipping.
[2025-06-27T01:08:54.103+0000] {logging_mixin.py:188} INFO - [2025-06-27T01:08:54.103+0000] {plugins_manager.py:410} DEBUG - Initialize custom taskinstance deps plugins
[2025-06-27T01:08:54.114+0000] {logging_mixin.py:188} INFO - [2025-06-27T01:08:54.114+0000] {serialized_dag.py:177} DEBUG - Serialized DAG (example_time_delta_sensor_async) is unchanged. Skipping writing to DB
[2025-06-27T01:08:54.115+0000] {logging_mixin.py:188} INFO - [2025-06-27T01:08:54.115+0000] {dag.py:3096} INFO - Sync 1 DAGs
[2025-06-27T01:08:54.143+0000] {logging_mixin.py:188} INFO - [2025-06-27T01:08:54.143+0000] {dag.py:3954} INFO - Setting next_dagrun for example_time_delta_sensor_async to None, run_after=None
[2025-06-27T01:08:54.176+0000] {processor.py:183} INFO - Processing /home/airflow/.local/lib/python3.10/site-packages/airflow/example_dags/example_time_delta_sensor_async.py took 0.148 seconds
[2025-06-27T01:09:24.452+0000] {logging_mixin.py:188} INFO - [2025-06-27T01:09:24.451+0000] {settings.py:250} DEBUG - Setting up DB connection pool (PID 19383)
[2025-06-27T01:09:24.454+0000] {logging_mixin.py:188} INFO - [2025-06-27T01:09:24.454+0000] {settings.py:330} DEBUG - settings.prepare_engine_args(): Using pool settings. pool_size=5, max_overflow=10, pool_recycle=1800, pid=19383
[2025-06-27T01:09:24.466+0000] {processor.py:161} INFO - Started process (PID=19383) to work on /home/airflow/.local/lib/python3.10/site-packages/airflow/example_dags/example_time_delta_sensor_async.py
[2025-06-27T01:09:24.467+0000] {processor.py:830} INFO - Processing file /home/airflow/.local/lib/python3.10/site-packages/airflow/example_dags/example_time_delta_sensor_async.py for tasks to queue
[2025-06-27T01:09:24.469+0000] {logging_mixin.py:188} INFO - [2025-06-27T01:09:24.468+0000] {dagbag.py:545} INFO - Filling up the DagBag from /home/airflow/.local/lib/python3.10/site-packages/airflow/example_dags/example_time_delta_sensor_async.py
[2025-06-27T01:09:24.471+0000] {logging_mixin.py:188} INFO - [2025-06-27T01:09:24.471+0000] {dagbag.py:337} DEBUG - Importing /home/airflow/.local/lib/python3.10/site-packages/airflow/example_dags/example_time_delta_sensor_async.py
[2025-06-27T01:09:24.481+0000] {logging_mixin.py:188} INFO - [2025-06-27T01:09:24.479+0000] {dagbag.py:511} DEBUG - Loaded DAG <DAG: example_time_delta_sensor_async>
[2025-06-27T01:09:24.482+0000] {processor.py:840} INFO - DAG(s) 'example_time_delta_sensor_async' retrieved from /home/airflow/.local/lib/python3.10/site-packages/airflow/example_dags/example_time_delta_sensor_async.py
[2025-06-27T01:09:24.484+0000] {logging_mixin.py:188} INFO - [2025-06-27T01:09:24.484+0000] {dagbag.py:667} DEBUG - Running dagbag.sync_to_db with retries. Try 1 of 3
[2025-06-27T01:09:24.485+0000] {logging_mixin.py:188} INFO - [2025-06-27T01:09:24.485+0000] {dagbag.py:672} DEBUG - Calling the DAG.bulk_sync_to_db method
[2025-06-27T01:09:24.509+0000] {logging_mixin.py:188} INFO - [2025-06-27T01:09:24.509+0000] {serialized_dag.py:166} DEBUG - Checking if DAG (example_time_delta_sensor_async) changed
[2025-06-27T01:09:24.515+0000] {logging_mixin.py:188} INFO - [2025-06-27T01:09:24.514+0000] {plugins_manager.py:332} DEBUG - Plugins are already loaded. Skipping.
[2025-06-27T01:09:24.516+0000] {logging_mixin.py:188} INFO - [2025-06-27T01:09:24.515+0000] {plugins_manager.py:410} DEBUG - Initialize custom taskinstance deps plugins
[2025-06-27T01:09:24.525+0000] {logging_mixin.py:188} INFO - [2025-06-27T01:09:24.525+0000] {serialized_dag.py:177} DEBUG - Serialized DAG (example_time_delta_sensor_async) is unchanged. Skipping writing to DB
[2025-06-27T01:09:24.526+0000] {logging_mixin.py:188} INFO - [2025-06-27T01:09:24.526+0000] {dag.py:3096} INFO - Sync 1 DAGs
[2025-06-27T01:09:24.545+0000] {logging_mixin.py:188} INFO - [2025-06-27T01:09:24.544+0000] {dag.py:3954} INFO - Setting next_dagrun for example_time_delta_sensor_async to None, run_after=None
[2025-06-27T01:09:24.577+0000] {processor.py:183} INFO - Processing /home/airflow/.local/lib/python3.10/site-packages/airflow/example_dags/example_time_delta_sensor_async.py took 0.126 seconds
[2025-06-27T01:09:54.851+0000] {logging_mixin.py:188} INFO - [2025-06-27T01:09:54.850+0000] {settings.py:250} DEBUG - Setting up DB connection pool (PID 19446)
[2025-06-27T01:09:54.856+0000] {logging_mixin.py:188} INFO - [2025-06-27T01:09:54.855+0000] {settings.py:330} DEBUG - settings.prepare_engine_args(): Using pool settings. pool_size=5, max_overflow=10, pool_recycle=1800, pid=19446
[2025-06-27T01:09:54.878+0000] {processor.py:161} INFO - Started process (PID=19446) to work on /home/airflow/.local/lib/python3.10/site-packages/airflow/example_dags/example_time_delta_sensor_async.py
[2025-06-27T01:09:54.880+0000] {processor.py:830} INFO - Processing file /home/airflow/.local/lib/python3.10/site-packages/airflow/example_dags/example_time_delta_sensor_async.py for tasks to queue
[2025-06-27T01:09:54.883+0000] {logging_mixin.py:188} INFO - [2025-06-27T01:09:54.882+0000] {dagbag.py:545} INFO - Filling up the DagBag from /home/airflow/.local/lib/python3.10/site-packages/airflow/example_dags/example_time_delta_sensor_async.py
[2025-06-27T01:09:54.886+0000] {logging_mixin.py:188} INFO - [2025-06-27T01:09:54.886+0000] {dagbag.py:337} DEBUG - Importing /home/airflow/.local/lib/python3.10/site-packages/airflow/example_dags/example_time_delta_sensor_async.py
[2025-06-27T01:09:54.897+0000] {logging_mixin.py:188} INFO - [2025-06-27T01:09:54.895+0000] {dagbag.py:511} DEBUG - Loaded DAG <DAG: example_time_delta_sensor_async>
[2025-06-27T01:09:54.898+0000] {processor.py:840} INFO - DAG(s) 'example_time_delta_sensor_async' retrieved from /home/airflow/.local/lib/python3.10/site-packages/airflow/example_dags/example_time_delta_sensor_async.py
[2025-06-27T01:09:54.901+0000] {logging_mixin.py:188} INFO - [2025-06-27T01:09:54.901+0000] {dagbag.py:667} DEBUG - Running dagbag.sync_to_db with retries. Try 1 of 3
[2025-06-27T01:09:54.902+0000] {logging_mixin.py:188} INFO - [2025-06-27T01:09:54.902+0000] {dagbag.py:672} DEBUG - Calling the DAG.bulk_sync_to_db method
[2025-06-27T01:09:54.926+0000] {logging_mixin.py:188} INFO - [2025-06-27T01:09:54.926+0000] {serialized_dag.py:166} DEBUG - Checking if DAG (example_time_delta_sensor_async) changed
[2025-06-27T01:09:54.932+0000] {logging_mixin.py:188} INFO - [2025-06-27T01:09:54.931+0000] {plugins_manager.py:332} DEBUG - Plugins are already loaded. Skipping.
[2025-06-27T01:09:54.933+0000] {logging_mixin.py:188} INFO - [2025-06-27T01:09:54.932+0000] {plugins_manager.py:410} DEBUG - Initialize custom taskinstance deps plugins
[2025-06-27T01:09:54.942+0000] {logging_mixin.py:188} INFO - [2025-06-27T01:09:54.941+0000] {serialized_dag.py:177} DEBUG - Serialized DAG (example_time_delta_sensor_async) is unchanged. Skipping writing to DB
[2025-06-27T01:09:54.943+0000] {logging_mixin.py:188} INFO - [2025-06-27T01:09:54.942+0000] {dag.py:3096} INFO - Sync 1 DAGs
[2025-06-27T01:09:54.961+0000] {logging_mixin.py:188} INFO - [2025-06-27T01:09:54.961+0000] {dag.py:3954} INFO - Setting next_dagrun for example_time_delta_sensor_async to None, run_after=None
[2025-06-27T01:09:54.995+0000] {processor.py:183} INFO - Processing /home/airflow/.local/lib/python3.10/site-packages/airflow/example_dags/example_time_delta_sensor_async.py took 0.145 seconds
[2025-06-27T01:10:25.252+0000] {logging_mixin.py:188} INFO - [2025-06-27T01:10:25.250+0000] {settings.py:250} DEBUG - Setting up DB connection pool (PID 19509)
[2025-06-27T01:10:25.256+0000] {logging_mixin.py:188} INFO - [2025-06-27T01:10:25.256+0000] {settings.py:330} DEBUG - settings.prepare_engine_args(): Using pool settings. pool_size=5, max_overflow=10, pool_recycle=1800, pid=19509
[2025-06-27T01:10:25.273+0000] {processor.py:161} INFO - Started process (PID=19509) to work on /home/airflow/.local/lib/python3.10/site-packages/airflow/example_dags/example_time_delta_sensor_async.py
[2025-06-27T01:10:25.275+0000] {processor.py:830} INFO - Processing file /home/airflow/.local/lib/python3.10/site-packages/airflow/example_dags/example_time_delta_sensor_async.py for tasks to queue
[2025-06-27T01:10:25.278+0000] {logging_mixin.py:188} INFO - [2025-06-27T01:10:25.277+0000] {dagbag.py:545} INFO - Filling up the DagBag from /home/airflow/.local/lib/python3.10/site-packages/airflow/example_dags/example_time_delta_sensor_async.py
[2025-06-27T01:10:25.284+0000] {logging_mixin.py:188} INFO - [2025-06-27T01:10:25.283+0000] {dagbag.py:337} DEBUG - Importing /home/airflow/.local/lib/python3.10/site-packages/airflow/example_dags/example_time_delta_sensor_async.py
[2025-06-27T01:10:25.299+0000] {logging_mixin.py:188} INFO - [2025-06-27T01:10:25.297+0000] {dagbag.py:511} DEBUG - Loaded DAG <DAG: example_time_delta_sensor_async>
[2025-06-27T01:10:25.300+0000] {processor.py:840} INFO - DAG(s) 'example_time_delta_sensor_async' retrieved from /home/airflow/.local/lib/python3.10/site-packages/airflow/example_dags/example_time_delta_sensor_async.py
[2025-06-27T01:10:25.304+0000] {logging_mixin.py:188} INFO - [2025-06-27T01:10:25.303+0000] {dagbag.py:667} DEBUG - Running dagbag.sync_to_db with retries. Try 1 of 3
[2025-06-27T01:10:25.304+0000] {logging_mixin.py:188} INFO - [2025-06-27T01:10:25.304+0000] {dagbag.py:672} DEBUG - Calling the DAG.bulk_sync_to_db method
[2025-06-27T01:10:25.340+0000] {logging_mixin.py:188} INFO - [2025-06-27T01:10:25.339+0000] {serialized_dag.py:166} DEBUG - Checking if DAG (example_time_delta_sensor_async) changed
[2025-06-27T01:10:25.349+0000] {logging_mixin.py:188} INFO - [2025-06-27T01:10:25.348+0000] {plugins_manager.py:332} DEBUG - Plugins are already loaded. Skipping.
[2025-06-27T01:10:25.350+0000] {logging_mixin.py:188} INFO - [2025-06-27T01:10:25.350+0000] {plugins_manager.py:410} DEBUG - Initialize custom taskinstance deps plugins
[2025-06-27T01:10:25.363+0000] {logging_mixin.py:188} INFO - [2025-06-27T01:10:25.363+0000] {serialized_dag.py:177} DEBUG - Serialized DAG (example_time_delta_sensor_async) is unchanged. Skipping writing to DB
[2025-06-27T01:10:25.364+0000] {logging_mixin.py:188} INFO - [2025-06-27T01:10:25.364+0000] {dag.py:3096} INFO - Sync 1 DAGs
[2025-06-27T01:10:25.389+0000] {logging_mixin.py:188} INFO - [2025-06-27T01:10:25.389+0000] {dag.py:3954} INFO - Setting next_dagrun for example_time_delta_sensor_async to None, run_after=None
[2025-06-27T01:10:25.425+0000] {processor.py:183} INFO - Processing /home/airflow/.local/lib/python3.10/site-packages/airflow/example_dags/example_time_delta_sensor_async.py took 0.175 seconds
[2025-06-27T01:10:55.577+0000] {logging_mixin.py:188} INFO - [2025-06-27T01:10:55.576+0000] {settings.py:250} DEBUG - Setting up DB connection pool (PID 19570)
[2025-06-27T01:10:55.579+0000] {logging_mixin.py:188} INFO - [2025-06-27T01:10:55.579+0000] {settings.py:330} DEBUG - settings.prepare_engine_args(): Using pool settings. pool_size=5, max_overflow=10, pool_recycle=1800, pid=19570
[2025-06-27T01:10:55.589+0000] {processor.py:161} INFO - Started process (PID=19570) to work on /home/airflow/.local/lib/python3.10/site-packages/airflow/example_dags/example_time_delta_sensor_async.py
[2025-06-27T01:10:55.590+0000] {processor.py:830} INFO - Processing file /home/airflow/.local/lib/python3.10/site-packages/airflow/example_dags/example_time_delta_sensor_async.py for tasks to queue
[2025-06-27T01:10:55.592+0000] {logging_mixin.py:188} INFO - [2025-06-27T01:10:55.591+0000] {dagbag.py:545} INFO - Filling up the DagBag from /home/airflow/.local/lib/python3.10/site-packages/airflow/example_dags/example_time_delta_sensor_async.py
[2025-06-27T01:10:55.595+0000] {logging_mixin.py:188} INFO - [2025-06-27T01:10:55.594+0000] {dagbag.py:337} DEBUG - Importing /home/airflow/.local/lib/python3.10/site-packages/airflow/example_dags/example_time_delta_sensor_async.py
[2025-06-27T01:10:55.605+0000] {logging_mixin.py:188} INFO - [2025-06-27T01:10:55.603+0000] {dagbag.py:511} DEBUG - Loaded DAG <DAG: example_time_delta_sensor_async>
[2025-06-27T01:10:55.605+0000] {processor.py:840} INFO - DAG(s) 'example_time_delta_sensor_async' retrieved from /home/airflow/.local/lib/python3.10/site-packages/airflow/example_dags/example_time_delta_sensor_async.py
[2025-06-27T01:10:55.608+0000] {logging_mixin.py:188} INFO - [2025-06-27T01:10:55.607+0000] {dagbag.py:667} DEBUG - Running dagbag.sync_to_db with retries. Try 1 of 3
[2025-06-27T01:10:55.608+0000] {logging_mixin.py:188} INFO - [2025-06-27T01:10:55.608+0000] {dagbag.py:672} DEBUG - Calling the DAG.bulk_sync_to_db method
[2025-06-27T01:10:55.627+0000] {logging_mixin.py:188} INFO - [2025-06-27T01:10:55.626+0000] {serialized_dag.py:166} DEBUG - Checking if DAG (example_time_delta_sensor_async) changed
[2025-06-27T01:10:55.632+0000] {logging_mixin.py:188} INFO - [2025-06-27T01:10:55.631+0000] {plugins_manager.py:332} DEBUG - Plugins are already loaded. Skipping.
[2025-06-27T01:10:55.632+0000] {logging_mixin.py:188} INFO - [2025-06-27T01:10:55.632+0000] {plugins_manager.py:410} DEBUG - Initialize custom taskinstance deps plugins
[2025-06-27T01:10:55.640+0000] {logging_mixin.py:188} INFO - [2025-06-27T01:10:55.640+0000] {serialized_dag.py:177} DEBUG - Serialized DAG (example_time_delta_sensor_async) is unchanged. Skipping writing to DB
[2025-06-27T01:10:55.641+0000] {logging_mixin.py:188} INFO - [2025-06-27T01:10:55.641+0000] {dag.py:3096} INFO - Sync 1 DAGs
[2025-06-27T01:10:55.657+0000] {logging_mixin.py:188} INFO - [2025-06-27T01:10:55.657+0000] {dag.py:3954} INFO - Setting next_dagrun for example_time_delta_sensor_async to None, run_after=None
[2025-06-27T01:10:55.681+0000] {processor.py:183} INFO - Processing /home/airflow/.local/lib/python3.10/site-packages/airflow/example_dags/example_time_delta_sensor_async.py took 0.105 seconds
[2025-06-27T01:11:26.147+0000] {logging_mixin.py:188} INFO - [2025-06-27T01:11:26.146+0000] {settings.py:250} DEBUG - Setting up DB connection pool (PID 19633)
[2025-06-27T01:11:26.149+0000] {logging_mixin.py:188} INFO - [2025-06-27T01:11:26.149+0000] {settings.py:330} DEBUG - settings.prepare_engine_args(): Using pool settings. pool_size=5, max_overflow=10, pool_recycle=1800, pid=19633
[2025-06-27T01:11:26.158+0000] {processor.py:161} INFO - Started process (PID=19633) to work on /home/airflow/.local/lib/python3.10/site-packages/airflow/example_dags/example_time_delta_sensor_async.py
[2025-06-27T01:11:26.160+0000] {processor.py:830} INFO - Processing file /home/airflow/.local/lib/python3.10/site-packages/airflow/example_dags/example_time_delta_sensor_async.py for tasks to queue
[2025-06-27T01:11:26.161+0000] {logging_mixin.py:188} INFO - [2025-06-27T01:11:26.161+0000] {dagbag.py:545} INFO - Filling up the DagBag from /home/airflow/.local/lib/python3.10/site-packages/airflow/example_dags/example_time_delta_sensor_async.py
[2025-06-27T01:11:26.163+0000] {logging_mixin.py:188} INFO - [2025-06-27T01:11:26.163+0000] {dagbag.py:337} DEBUG - Importing /home/airflow/.local/lib/python3.10/site-packages/airflow/example_dags/example_time_delta_sensor_async.py
[2025-06-27T01:11:26.172+0000] {logging_mixin.py:188} INFO - [2025-06-27T01:11:26.171+0000] {dagbag.py:511} DEBUG - Loaded DAG <DAG: example_time_delta_sensor_async>
[2025-06-27T01:11:26.173+0000] {processor.py:840} INFO - DAG(s) 'example_time_delta_sensor_async' retrieved from /home/airflow/.local/lib/python3.10/site-packages/airflow/example_dags/example_time_delta_sensor_async.py
[2025-06-27T01:11:26.175+0000] {logging_mixin.py:188} INFO - [2025-06-27T01:11:26.175+0000] {dagbag.py:667} DEBUG - Running dagbag.sync_to_db with retries. Try 1 of 3
[2025-06-27T01:11:26.176+0000] {logging_mixin.py:188} INFO - [2025-06-27T01:11:26.175+0000] {dagbag.py:672} DEBUG - Calling the DAG.bulk_sync_to_db method
[2025-06-27T01:11:26.201+0000] {logging_mixin.py:188} INFO - [2025-06-27T01:11:26.200+0000] {serialized_dag.py:166} DEBUG - Checking if DAG (example_time_delta_sensor_async) changed
[2025-06-27T01:11:26.209+0000] {logging_mixin.py:188} INFO - [2025-06-27T01:11:26.209+0000] {plugins_manager.py:332} DEBUG - Plugins are already loaded. Skipping.
[2025-06-27T01:11:26.210+0000] {logging_mixin.py:188} INFO - [2025-06-27T01:11:26.210+0000] {plugins_manager.py:410} DEBUG - Initialize custom taskinstance deps plugins
[2025-06-27T01:11:26.222+0000] {logging_mixin.py:188} INFO - [2025-06-27T01:11:26.222+0000] {serialized_dag.py:177} DEBUG - Serialized DAG (example_time_delta_sensor_async) is unchanged. Skipping writing to DB
[2025-06-27T01:11:26.224+0000] {logging_mixin.py:188} INFO - [2025-06-27T01:11:26.223+0000] {dag.py:3096} INFO - Sync 1 DAGs
[2025-06-27T01:11:26.266+0000] {logging_mixin.py:188} INFO - [2025-06-27T01:11:26.265+0000] {dag.py:3954} INFO - Setting next_dagrun for example_time_delta_sensor_async to None, run_after=None
[2025-06-27T01:11:26.302+0000] {processor.py:183} INFO - Processing /home/airflow/.local/lib/python3.10/site-packages/airflow/example_dags/example_time_delta_sensor_async.py took 0.157 seconds
[2025-06-27T01:11:57.194+0000] {logging_mixin.py:188} INFO - [2025-06-27T01:11:57.192+0000] {settings.py:250} DEBUG - Setting up DB connection pool (PID 19697)
[2025-06-27T01:11:57.197+0000] {logging_mixin.py:188} INFO - [2025-06-27T01:11:57.196+0000] {settings.py:330} DEBUG - settings.prepare_engine_args(): Using pool settings. pool_size=5, max_overflow=10, pool_recycle=1800, pid=19697
[2025-06-27T01:11:57.208+0000] {processor.py:161} INFO - Started process (PID=19697) to work on /home/airflow/.local/lib/python3.10/site-packages/airflow/example_dags/example_time_delta_sensor_async.py
[2025-06-27T01:11:57.209+0000] {processor.py:830} INFO - Processing file /home/airflow/.local/lib/python3.10/site-packages/airflow/example_dags/example_time_delta_sensor_async.py for tasks to queue
[2025-06-27T01:11:57.210+0000] {logging_mixin.py:188} INFO - [2025-06-27T01:11:57.210+0000] {dagbag.py:545} INFO - Filling up the DagBag from /home/airflow/.local/lib/python3.10/site-packages/airflow/example_dags/example_time_delta_sensor_async.py
[2025-06-27T01:11:57.213+0000] {logging_mixin.py:188} INFO - [2025-06-27T01:11:57.213+0000] {dagbag.py:337} DEBUG - Importing /home/airflow/.local/lib/python3.10/site-packages/airflow/example_dags/example_time_delta_sensor_async.py
[2025-06-27T01:11:57.224+0000] {logging_mixin.py:188} INFO - [2025-06-27T01:11:57.222+0000] {dagbag.py:511} DEBUG - Loaded DAG <DAG: example_time_delta_sensor_async>
[2025-06-27T01:11:57.225+0000] {processor.py:840} INFO - DAG(s) 'example_time_delta_sensor_async' retrieved from /home/airflow/.local/lib/python3.10/site-packages/airflow/example_dags/example_time_delta_sensor_async.py
[2025-06-27T01:11:57.227+0000] {logging_mixin.py:188} INFO - [2025-06-27T01:11:57.227+0000] {dagbag.py:667} DEBUG - Running dagbag.sync_to_db with retries. Try 1 of 3
[2025-06-27T01:11:57.228+0000] {logging_mixin.py:188} INFO - [2025-06-27T01:11:57.228+0000] {dagbag.py:672} DEBUG - Calling the DAG.bulk_sync_to_db method
[2025-06-27T01:11:57.256+0000] {logging_mixin.py:188} INFO - [2025-06-27T01:11:57.255+0000] {serialized_dag.py:166} DEBUG - Checking if DAG (example_time_delta_sensor_async) changed
[2025-06-27T01:11:57.264+0000] {logging_mixin.py:188} INFO - [2025-06-27T01:11:57.264+0000] {plugins_manager.py:332} DEBUG - Plugins are already loaded. Skipping.
[2025-06-27T01:11:57.265+0000] {logging_mixin.py:188} INFO - [2025-06-27T01:11:57.265+0000] {plugins_manager.py:410} DEBUG - Initialize custom taskinstance deps plugins
[2025-06-27T01:11:57.278+0000] {logging_mixin.py:188} INFO - [2025-06-27T01:11:57.277+0000] {serialized_dag.py:177} DEBUG - Serialized DAG (example_time_delta_sensor_async) is unchanged. Skipping writing to DB
[2025-06-27T01:11:57.280+0000] {logging_mixin.py:188} INFO - [2025-06-27T01:11:57.279+0000] {dag.py:3096} INFO - Sync 1 DAGs
[2025-06-27T01:11:57.301+0000] {logging_mixin.py:188} INFO - [2025-06-27T01:11:57.300+0000] {dag.py:3954} INFO - Setting next_dagrun for example_time_delta_sensor_async to None, run_after=None
[2025-06-27T01:11:57.328+0000] {processor.py:183} INFO - Processing /home/airflow/.local/lib/python3.10/site-packages/airflow/example_dags/example_time_delta_sensor_async.py took 0.136 seconds
[2025-06-27T01:12:27.626+0000] {logging_mixin.py:188} INFO - [2025-06-27T01:12:27.624+0000] {settings.py:250} DEBUG - Setting up DB connection pool (PID 19760)
[2025-06-27T01:12:27.628+0000] {logging_mixin.py:188} INFO - [2025-06-27T01:12:27.628+0000] {settings.py:330} DEBUG - settings.prepare_engine_args(): Using pool settings. pool_size=5, max_overflow=10, pool_recycle=1800, pid=19760
[2025-06-27T01:12:27.641+0000] {processor.py:161} INFO - Started process (PID=19760) to work on /home/airflow/.local/lib/python3.10/site-packages/airflow/example_dags/example_time_delta_sensor_async.py
[2025-06-27T01:12:27.642+0000] {processor.py:830} INFO - Processing file /home/airflow/.local/lib/python3.10/site-packages/airflow/example_dags/example_time_delta_sensor_async.py for tasks to queue
[2025-06-27T01:12:27.644+0000] {logging_mixin.py:188} INFO - [2025-06-27T01:12:27.644+0000] {dagbag.py:545} INFO - Filling up the DagBag from /home/airflow/.local/lib/python3.10/site-packages/airflow/example_dags/example_time_delta_sensor_async.py
[2025-06-27T01:12:27.647+0000] {logging_mixin.py:188} INFO - [2025-06-27T01:12:27.647+0000] {dagbag.py:337} DEBUG - Importing /home/airflow/.local/lib/python3.10/site-packages/airflow/example_dags/example_time_delta_sensor_async.py
[2025-06-27T01:12:27.657+0000] {logging_mixin.py:188} INFO - [2025-06-27T01:12:27.655+0000] {dagbag.py:511} DEBUG - Loaded DAG <DAG: example_time_delta_sensor_async>
[2025-06-27T01:12:27.658+0000] {processor.py:840} INFO - DAG(s) 'example_time_delta_sensor_async' retrieved from /home/airflow/.local/lib/python3.10/site-packages/airflow/example_dags/example_time_delta_sensor_async.py
[2025-06-27T01:12:27.660+0000] {logging_mixin.py:188} INFO - [2025-06-27T01:12:27.660+0000] {dagbag.py:667} DEBUG - Running dagbag.sync_to_db with retries. Try 1 of 3
[2025-06-27T01:12:27.661+0000] {logging_mixin.py:188} INFO - [2025-06-27T01:12:27.661+0000] {dagbag.py:672} DEBUG - Calling the DAG.bulk_sync_to_db method
[2025-06-27T01:12:27.689+0000] {logging_mixin.py:188} INFO - [2025-06-27T01:12:27.689+0000] {serialized_dag.py:166} DEBUG - Checking if DAG (example_time_delta_sensor_async) changed
[2025-06-27T01:12:27.694+0000] {logging_mixin.py:188} INFO - [2025-06-27T01:12:27.694+0000] {plugins_manager.py:332} DEBUG - Plugins are already loaded. Skipping.
[2025-06-27T01:12:27.695+0000] {logging_mixin.py:188} INFO - [2025-06-27T01:12:27.695+0000] {plugins_manager.py:410} DEBUG - Initialize custom taskinstance deps plugins
[2025-06-27T01:12:27.705+0000] {logging_mixin.py:188} INFO - [2025-06-27T01:12:27.705+0000] {serialized_dag.py:177} DEBUG - Serialized DAG (example_time_delta_sensor_async) is unchanged. Skipping writing to DB
[2025-06-27T01:12:27.706+0000] {logging_mixin.py:188} INFO - [2025-06-27T01:12:27.706+0000] {dag.py:3096} INFO - Sync 1 DAGs
[2025-06-27T01:12:27.726+0000] {logging_mixin.py:188} INFO - [2025-06-27T01:12:27.726+0000] {dag.py:3954} INFO - Setting next_dagrun for example_time_delta_sensor_async to None, run_after=None
[2025-06-27T01:12:27.765+0000] {processor.py:183} INFO - Processing /home/airflow/.local/lib/python3.10/site-packages/airflow/example_dags/example_time_delta_sensor_async.py took 0.141 seconds
[2025-06-27T01:12:57.930+0000] {logging_mixin.py:188} INFO - [2025-06-27T01:12:57.929+0000] {settings.py:250} DEBUG - Setting up DB connection pool (PID 19824)
[2025-06-27T01:12:57.932+0000] {logging_mixin.py:188} INFO - [2025-06-27T01:12:57.932+0000] {settings.py:330} DEBUG - settings.prepare_engine_args(): Using pool settings. pool_size=5, max_overflow=10, pool_recycle=1800, pid=19824
[2025-06-27T01:12:57.944+0000] {processor.py:161} INFO - Started process (PID=19824) to work on /home/airflow/.local/lib/python3.10/site-packages/airflow/example_dags/example_time_delta_sensor_async.py
[2025-06-27T01:12:57.945+0000] {processor.py:830} INFO - Processing file /home/airflow/.local/lib/python3.10/site-packages/airflow/example_dags/example_time_delta_sensor_async.py for tasks to queue
[2025-06-27T01:12:57.947+0000] {logging_mixin.py:188} INFO - [2025-06-27T01:12:57.946+0000] {dagbag.py:545} INFO - Filling up the DagBag from /home/airflow/.local/lib/python3.10/site-packages/airflow/example_dags/example_time_delta_sensor_async.py
[2025-06-27T01:12:57.950+0000] {logging_mixin.py:188} INFO - [2025-06-27T01:12:57.949+0000] {dagbag.py:337} DEBUG - Importing /home/airflow/.local/lib/python3.10/site-packages/airflow/example_dags/example_time_delta_sensor_async.py
[2025-06-27T01:12:57.960+0000] {logging_mixin.py:188} INFO - [2025-06-27T01:12:57.958+0000] {dagbag.py:511} DEBUG - Loaded DAG <DAG: example_time_delta_sensor_async>
[2025-06-27T01:12:57.961+0000] {processor.py:840} INFO - DAG(s) 'example_time_delta_sensor_async' retrieved from /home/airflow/.local/lib/python3.10/site-packages/airflow/example_dags/example_time_delta_sensor_async.py
[2025-06-27T01:12:57.963+0000] {logging_mixin.py:188} INFO - [2025-06-27T01:12:57.962+0000] {dagbag.py:667} DEBUG - Running dagbag.sync_to_db with retries. Try 1 of 3
[2025-06-27T01:12:57.964+0000] {logging_mixin.py:188} INFO - [2025-06-27T01:12:57.963+0000] {dagbag.py:672} DEBUG - Calling the DAG.bulk_sync_to_db method
[2025-06-27T01:12:57.986+0000] {logging_mixin.py:188} INFO - [2025-06-27T01:12:57.986+0000] {serialized_dag.py:166} DEBUG - Checking if DAG (example_time_delta_sensor_async) changed
[2025-06-27T01:12:57.993+0000] {logging_mixin.py:188} INFO - [2025-06-27T01:12:57.992+0000] {plugins_manager.py:332} DEBUG - Plugins are already loaded. Skipping.
[2025-06-27T01:12:57.994+0000] {logging_mixin.py:188} INFO - [2025-06-27T01:12:57.994+0000] {plugins_manager.py:410} DEBUG - Initialize custom taskinstance deps plugins
[2025-06-27T01:12:58.003+0000] {logging_mixin.py:188} INFO - [2025-06-27T01:12:58.002+0000] {serialized_dag.py:177} DEBUG - Serialized DAG (example_time_delta_sensor_async) is unchanged. Skipping writing to DB
[2025-06-27T01:12:58.004+0000] {logging_mixin.py:188} INFO - [2025-06-27T01:12:58.004+0000] {dag.py:3096} INFO - Sync 1 DAGs
[2025-06-27T01:12:58.027+0000] {logging_mixin.py:188} INFO - [2025-06-27T01:12:58.025+0000] {dag.py:3954} INFO - Setting next_dagrun for example_time_delta_sensor_async to None, run_after=None
[2025-06-27T01:12:58.074+0000] {processor.py:183} INFO - Processing /home/airflow/.local/lib/python3.10/site-packages/airflow/example_dags/example_time_delta_sensor_async.py took 0.146 seconds
[2025-06-27T01:13:28.268+0000] {logging_mixin.py:188} INFO - [2025-06-27T01:13:28.267+0000] {settings.py:250} DEBUG - Setting up DB connection pool (PID 19887)
[2025-06-27T01:13:28.270+0000] {logging_mixin.py:188} INFO - [2025-06-27T01:13:28.270+0000] {settings.py:330} DEBUG - settings.prepare_engine_args(): Using pool settings. pool_size=5, max_overflow=10, pool_recycle=1800, pid=19887
[2025-06-27T01:13:28.281+0000] {processor.py:161} INFO - Started process (PID=19887) to work on /home/airflow/.local/lib/python3.10/site-packages/airflow/example_dags/example_time_delta_sensor_async.py
[2025-06-27T01:13:28.282+0000] {processor.py:830} INFO - Processing file /home/airflow/.local/lib/python3.10/site-packages/airflow/example_dags/example_time_delta_sensor_async.py for tasks to queue
[2025-06-27T01:13:28.283+0000] {logging_mixin.py:188} INFO - [2025-06-27T01:13:28.283+0000] {dagbag.py:545} INFO - Filling up the DagBag from /home/airflow/.local/lib/python3.10/site-packages/airflow/example_dags/example_time_delta_sensor_async.py
[2025-06-27T01:13:28.285+0000] {logging_mixin.py:188} INFO - [2025-06-27T01:13:28.285+0000] {dagbag.py:337} DEBUG - Importing /home/airflow/.local/lib/python3.10/site-packages/airflow/example_dags/example_time_delta_sensor_async.py
[2025-06-27T01:13:28.294+0000] {logging_mixin.py:188} INFO - [2025-06-27T01:13:28.292+0000] {dagbag.py:511} DEBUG - Loaded DAG <DAG: example_time_delta_sensor_async>
[2025-06-27T01:13:28.295+0000] {processor.py:840} INFO - DAG(s) 'example_time_delta_sensor_async' retrieved from /home/airflow/.local/lib/python3.10/site-packages/airflow/example_dags/example_time_delta_sensor_async.py
[2025-06-27T01:13:28.296+0000] {logging_mixin.py:188} INFO - [2025-06-27T01:13:28.296+0000] {dagbag.py:667} DEBUG - Running dagbag.sync_to_db with retries. Try 1 of 3
[2025-06-27T01:13:28.297+0000] {logging_mixin.py:188} INFO - [2025-06-27T01:13:28.297+0000] {dagbag.py:672} DEBUG - Calling the DAG.bulk_sync_to_db method
[2025-06-27T01:13:28.319+0000] {logging_mixin.py:188} INFO - [2025-06-27T01:13:28.319+0000] {serialized_dag.py:166} DEBUG - Checking if DAG (example_time_delta_sensor_async) changed
[2025-06-27T01:13:28.326+0000] {logging_mixin.py:188} INFO - [2025-06-27T01:13:28.326+0000] {plugins_manager.py:332} DEBUG - Plugins are already loaded. Skipping.
[2025-06-27T01:13:28.327+0000] {logging_mixin.py:188} INFO - [2025-06-27T01:13:28.327+0000] {plugins_manager.py:410} DEBUG - Initialize custom taskinstance deps plugins
[2025-06-27T01:13:28.339+0000] {logging_mixin.py:188} INFO - [2025-06-27T01:13:28.339+0000] {serialized_dag.py:177} DEBUG - Serialized DAG (example_time_delta_sensor_async) is unchanged. Skipping writing to DB
[2025-06-27T01:13:28.341+0000] {logging_mixin.py:188} INFO - [2025-06-27T01:13:28.341+0000] {dag.py:3096} INFO - Sync 1 DAGs
[2025-06-27T01:13:28.361+0000] {logging_mixin.py:188} INFO - [2025-06-27T01:13:28.361+0000] {dag.py:3954} INFO - Setting next_dagrun for example_time_delta_sensor_async to None, run_after=None
[2025-06-27T01:13:28.387+0000] {processor.py:183} INFO - Processing /home/airflow/.local/lib/python3.10/site-packages/airflow/example_dags/example_time_delta_sensor_async.py took 0.120 seconds
[2025-06-27T01:13:58.799+0000] {logging_mixin.py:188} INFO - [2025-06-27T01:13:58.798+0000] {settings.py:250} DEBUG - Setting up DB connection pool (PID 19950)
[2025-06-27T01:13:58.802+0000] {logging_mixin.py:188} INFO - [2025-06-27T01:13:58.801+0000] {settings.py:330} DEBUG - settings.prepare_engine_args(): Using pool settings. pool_size=5, max_overflow=10, pool_recycle=1800, pid=19950
[2025-06-27T01:13:58.817+0000] {processor.py:161} INFO - Started process (PID=19950) to work on /home/airflow/.local/lib/python3.10/site-packages/airflow/example_dags/example_time_delta_sensor_async.py
[2025-06-27T01:13:58.818+0000] {processor.py:830} INFO - Processing file /home/airflow/.local/lib/python3.10/site-packages/airflow/example_dags/example_time_delta_sensor_async.py for tasks to queue
[2025-06-27T01:13:58.820+0000] {logging_mixin.py:188} INFO - [2025-06-27T01:13:58.820+0000] {dagbag.py:545} INFO - Filling up the DagBag from /home/airflow/.local/lib/python3.10/site-packages/airflow/example_dags/example_time_delta_sensor_async.py
[2025-06-27T01:13:58.823+0000] {logging_mixin.py:188} INFO - [2025-06-27T01:13:58.822+0000] {dagbag.py:337} DEBUG - Importing /home/airflow/.local/lib/python3.10/site-packages/airflow/example_dags/example_time_delta_sensor_async.py
[2025-06-27T01:13:58.835+0000] {logging_mixin.py:188} INFO - [2025-06-27T01:13:58.832+0000] {dagbag.py:511} DEBUG - Loaded DAG <DAG: example_time_delta_sensor_async>
[2025-06-27T01:13:58.836+0000] {processor.py:840} INFO - DAG(s) 'example_time_delta_sensor_async' retrieved from /home/airflow/.local/lib/python3.10/site-packages/airflow/example_dags/example_time_delta_sensor_async.py
[2025-06-27T01:13:58.838+0000] {logging_mixin.py:188} INFO - [2025-06-27T01:13:58.837+0000] {dagbag.py:667} DEBUG - Running dagbag.sync_to_db with retries. Try 1 of 3
[2025-06-27T01:13:58.839+0000] {logging_mixin.py:188} INFO - [2025-06-27T01:13:58.838+0000] {dagbag.py:672} DEBUG - Calling the DAG.bulk_sync_to_db method
[2025-06-27T01:13:58.863+0000] {logging_mixin.py:188} INFO - [2025-06-27T01:13:58.863+0000] {serialized_dag.py:166} DEBUG - Checking if DAG (example_time_delta_sensor_async) changed
[2025-06-27T01:13:58.870+0000] {logging_mixin.py:188} INFO - [2025-06-27T01:13:58.869+0000] {plugins_manager.py:332} DEBUG - Plugins are already loaded. Skipping.
[2025-06-27T01:13:58.871+0000] {logging_mixin.py:188} INFO - [2025-06-27T01:13:58.870+0000] {plugins_manager.py:410} DEBUG - Initialize custom taskinstance deps plugins
[2025-06-27T01:13:58.882+0000] {logging_mixin.py:188} INFO - [2025-06-27T01:13:58.881+0000] {serialized_dag.py:177} DEBUG - Serialized DAG (example_time_delta_sensor_async) is unchanged. Skipping writing to DB
[2025-06-27T01:13:58.883+0000] {logging_mixin.py:188} INFO - [2025-06-27T01:13:58.883+0000] {dag.py:3096} INFO - Sync 1 DAGs
[2025-06-27T01:13:58.904+0000] {logging_mixin.py:188} INFO - [2025-06-27T01:13:58.903+0000] {dag.py:3954} INFO - Setting next_dagrun for example_time_delta_sensor_async to None, run_after=None
[2025-06-27T01:13:58.937+0000] {processor.py:183} INFO - Processing /home/airflow/.local/lib/python3.10/site-packages/airflow/example_dags/example_time_delta_sensor_async.py took 0.139 seconds
[2025-06-27T01:14:29.156+0000] {logging_mixin.py:188} INFO - [2025-06-27T01:14:29.154+0000] {settings.py:250} DEBUG - Setting up DB connection pool (PID 20013)
[2025-06-27T01:14:29.158+0000] {logging_mixin.py:188} INFO - [2025-06-27T01:14:29.158+0000] {settings.py:330} DEBUG - settings.prepare_engine_args(): Using pool settings. pool_size=5, max_overflow=10, pool_recycle=1800, pid=20013
[2025-06-27T01:14:29.171+0000] {processor.py:161} INFO - Started process (PID=20013) to work on /home/airflow/.local/lib/python3.10/site-packages/airflow/example_dags/example_time_delta_sensor_async.py
[2025-06-27T01:14:29.172+0000] {processor.py:830} INFO - Processing file /home/airflow/.local/lib/python3.10/site-packages/airflow/example_dags/example_time_delta_sensor_async.py for tasks to queue
[2025-06-27T01:14:29.174+0000] {logging_mixin.py:188} INFO - [2025-06-27T01:14:29.173+0000] {dagbag.py:545} INFO - Filling up the DagBag from /home/airflow/.local/lib/python3.10/site-packages/airflow/example_dags/example_time_delta_sensor_async.py
[2025-06-27T01:14:29.176+0000] {logging_mixin.py:188} INFO - [2025-06-27T01:14:29.176+0000] {dagbag.py:337} DEBUG - Importing /home/airflow/.local/lib/python3.10/site-packages/airflow/example_dags/example_time_delta_sensor_async.py
[2025-06-27T01:14:29.187+0000] {logging_mixin.py:188} INFO - [2025-06-27T01:14:29.185+0000] {dagbag.py:511} DEBUG - Loaded DAG <DAG: example_time_delta_sensor_async>
[2025-06-27T01:14:29.189+0000] {processor.py:840} INFO - DAG(s) 'example_time_delta_sensor_async' retrieved from /home/airflow/.local/lib/python3.10/site-packages/airflow/example_dags/example_time_delta_sensor_async.py
[2025-06-27T01:14:29.191+0000] {logging_mixin.py:188} INFO - [2025-06-27T01:14:29.191+0000] {dagbag.py:667} DEBUG - Running dagbag.sync_to_db with retries. Try 1 of 3
[2025-06-27T01:14:29.192+0000] {logging_mixin.py:188} INFO - [2025-06-27T01:14:29.192+0000] {dagbag.py:672} DEBUG - Calling the DAG.bulk_sync_to_db method
[2025-06-27T01:14:29.219+0000] {logging_mixin.py:188} INFO - [2025-06-27T01:14:29.218+0000] {serialized_dag.py:166} DEBUG - Checking if DAG (example_time_delta_sensor_async) changed
[2025-06-27T01:14:29.226+0000] {logging_mixin.py:188} INFO - [2025-06-27T01:14:29.226+0000] {plugins_manager.py:332} DEBUG - Plugins are already loaded. Skipping.
[2025-06-27T01:14:29.227+0000] {logging_mixin.py:188} INFO - [2025-06-27T01:14:29.227+0000] {plugins_manager.py:410} DEBUG - Initialize custom taskinstance deps plugins
[2025-06-27T01:14:29.238+0000] {logging_mixin.py:188} INFO - [2025-06-27T01:14:29.238+0000] {serialized_dag.py:177} DEBUG - Serialized DAG (example_time_delta_sensor_async) is unchanged. Skipping writing to DB
[2025-06-27T01:14:29.240+0000] {logging_mixin.py:188} INFO - [2025-06-27T01:14:29.239+0000] {dag.py:3096} INFO - Sync 1 DAGs
[2025-06-27T01:14:29.259+0000] {logging_mixin.py:188} INFO - [2025-06-27T01:14:29.259+0000] {dag.py:3954} INFO - Setting next_dagrun for example_time_delta_sensor_async to None, run_after=None
[2025-06-27T01:14:29.293+0000] {processor.py:183} INFO - Processing /home/airflow/.local/lib/python3.10/site-packages/airflow/example_dags/example_time_delta_sensor_async.py took 0.139 seconds
[2025-06-27T01:14:59.633+0000] {logging_mixin.py:188} INFO - [2025-06-27T01:14:59.632+0000] {settings.py:250} DEBUG - Setting up DB connection pool (PID 20075)
[2025-06-27T01:14:59.635+0000] {logging_mixin.py:188} INFO - [2025-06-27T01:14:59.635+0000] {settings.py:330} DEBUG - settings.prepare_engine_args(): Using pool settings. pool_size=5, max_overflow=10, pool_recycle=1800, pid=20075
[2025-06-27T01:14:59.646+0000] {processor.py:161} INFO - Started process (PID=20075) to work on /home/airflow/.local/lib/python3.10/site-packages/airflow/example_dags/example_time_delta_sensor_async.py
[2025-06-27T01:14:59.647+0000] {processor.py:830} INFO - Processing file /home/airflow/.local/lib/python3.10/site-packages/airflow/example_dags/example_time_delta_sensor_async.py for tasks to queue
[2025-06-27T01:14:59.649+0000] {logging_mixin.py:188} INFO - [2025-06-27T01:14:59.649+0000] {dagbag.py:545} INFO - Filling up the DagBag from /home/airflow/.local/lib/python3.10/site-packages/airflow/example_dags/example_time_delta_sensor_async.py
[2025-06-27T01:14:59.652+0000] {logging_mixin.py:188} INFO - [2025-06-27T01:14:59.651+0000] {dagbag.py:337} DEBUG - Importing /home/airflow/.local/lib/python3.10/site-packages/airflow/example_dags/example_time_delta_sensor_async.py
[2025-06-27T01:14:59.662+0000] {logging_mixin.py:188} INFO - [2025-06-27T01:14:59.660+0000] {dagbag.py:511} DEBUG - Loaded DAG <DAG: example_time_delta_sensor_async>
[2025-06-27T01:14:59.662+0000] {processor.py:840} INFO - DAG(s) 'example_time_delta_sensor_async' retrieved from /home/airflow/.local/lib/python3.10/site-packages/airflow/example_dags/example_time_delta_sensor_async.py
[2025-06-27T01:14:59.665+0000] {logging_mixin.py:188} INFO - [2025-06-27T01:14:59.665+0000] {dagbag.py:667} DEBUG - Running dagbag.sync_to_db with retries. Try 1 of 3
[2025-06-27T01:14:59.666+0000] {logging_mixin.py:188} INFO - [2025-06-27T01:14:59.666+0000] {dagbag.py:672} DEBUG - Calling the DAG.bulk_sync_to_db method
[2025-06-27T01:14:59.687+0000] {logging_mixin.py:188} INFO - [2025-06-27T01:14:59.686+0000] {serialized_dag.py:166} DEBUG - Checking if DAG (example_time_delta_sensor_async) changed
[2025-06-27T01:14:59.692+0000] {logging_mixin.py:188} INFO - [2025-06-27T01:14:59.692+0000] {plugins_manager.py:332} DEBUG - Plugins are already loaded. Skipping.
[2025-06-27T01:14:59.693+0000] {logging_mixin.py:188} INFO - [2025-06-27T01:14:59.693+0000] {plugins_manager.py:410} DEBUG - Initialize custom taskinstance deps plugins
[2025-06-27T01:14:59.702+0000] {logging_mixin.py:188} INFO - [2025-06-27T01:14:59.702+0000] {serialized_dag.py:177} DEBUG - Serialized DAG (example_time_delta_sensor_async) is unchanged. Skipping writing to DB
[2025-06-27T01:14:59.703+0000] {logging_mixin.py:188} INFO - [2025-06-27T01:14:59.703+0000] {dag.py:3096} INFO - Sync 1 DAGs
[2025-06-27T01:14:59.723+0000] {logging_mixin.py:188} INFO - [2025-06-27T01:14:59.722+0000] {dag.py:3954} INFO - Setting next_dagrun for example_time_delta_sensor_async to None, run_after=None
[2025-06-27T01:14:59.748+0000] {processor.py:183} INFO - Processing /home/airflow/.local/lib/python3.10/site-packages/airflow/example_dags/example_time_delta_sensor_async.py took 0.117 seconds
[2025-06-27T01:15:30.283+0000] {logging_mixin.py:188} INFO - [2025-06-27T01:15:30.282+0000] {settings.py:250} DEBUG - Setting up DB connection pool (PID 20135)
[2025-06-27T01:15:30.284+0000] {logging_mixin.py:188} INFO - [2025-06-27T01:15:30.284+0000] {settings.py:330} DEBUG - settings.prepare_engine_args(): Using pool settings. pool_size=5, max_overflow=10, pool_recycle=1800, pid=20135
[2025-06-27T01:15:30.293+0000] {processor.py:161} INFO - Started process (PID=20135) to work on /home/airflow/.local/lib/python3.10/site-packages/airflow/example_dags/example_time_delta_sensor_async.py
[2025-06-27T01:15:30.294+0000] {processor.py:830} INFO - Processing file /home/airflow/.local/lib/python3.10/site-packages/airflow/example_dags/example_time_delta_sensor_async.py for tasks to queue
[2025-06-27T01:15:30.295+0000] {logging_mixin.py:188} INFO - [2025-06-27T01:15:30.295+0000] {dagbag.py:545} INFO - Filling up the DagBag from /home/airflow/.local/lib/python3.10/site-packages/airflow/example_dags/example_time_delta_sensor_async.py
[2025-06-27T01:15:30.297+0000] {logging_mixin.py:188} INFO - [2025-06-27T01:15:30.297+0000] {dagbag.py:337} DEBUG - Importing /home/airflow/.local/lib/python3.10/site-packages/airflow/example_dags/example_time_delta_sensor_async.py
[2025-06-27T01:15:30.305+0000] {logging_mixin.py:188} INFO - [2025-06-27T01:15:30.303+0000] {dagbag.py:511} DEBUG - Loaded DAG <DAG: example_time_delta_sensor_async>
[2025-06-27T01:15:30.305+0000] {processor.py:840} INFO - DAG(s) 'example_time_delta_sensor_async' retrieved from /home/airflow/.local/lib/python3.10/site-packages/airflow/example_dags/example_time_delta_sensor_async.py
[2025-06-27T01:15:30.308+0000] {logging_mixin.py:188} INFO - [2025-06-27T01:15:30.307+0000] {dagbag.py:667} DEBUG - Running dagbag.sync_to_db with retries. Try 1 of 3
[2025-06-27T01:15:30.308+0000] {logging_mixin.py:188} INFO - [2025-06-27T01:15:30.308+0000] {dagbag.py:672} DEBUG - Calling the DAG.bulk_sync_to_db method
[2025-06-27T01:15:30.327+0000] {logging_mixin.py:188} INFO - [2025-06-27T01:15:30.327+0000] {serialized_dag.py:166} DEBUG - Checking if DAG (example_time_delta_sensor_async) changed
[2025-06-27T01:15:30.332+0000] {logging_mixin.py:188} INFO - [2025-06-27T01:15:30.331+0000] {plugins_manager.py:332} DEBUG - Plugins are already loaded. Skipping.
[2025-06-27T01:15:30.333+0000] {logging_mixin.py:188} INFO - [2025-06-27T01:15:30.332+0000] {plugins_manager.py:410} DEBUG - Initialize custom taskinstance deps plugins
[2025-06-27T01:15:30.341+0000] {logging_mixin.py:188} INFO - [2025-06-27T01:15:30.341+0000] {serialized_dag.py:177} DEBUG - Serialized DAG (example_time_delta_sensor_async) is unchanged. Skipping writing to DB
[2025-06-27T01:15:30.342+0000] {logging_mixin.py:188} INFO - [2025-06-27T01:15:30.342+0000] {dag.py:3096} INFO - Sync 1 DAGs
[2025-06-27T01:15:30.360+0000] {logging_mixin.py:188} INFO - [2025-06-27T01:15:30.360+0000] {dag.py:3954} INFO - Setting next_dagrun for example_time_delta_sensor_async to None, run_after=None
[2025-06-27T01:15:30.395+0000] {processor.py:183} INFO - Processing /home/airflow/.local/lib/python3.10/site-packages/airflow/example_dags/example_time_delta_sensor_async.py took 0.114 seconds
[2025-06-27T01:16:00.919+0000] {logging_mixin.py:188} INFO - [2025-06-27T01:16:00.918+0000] {settings.py:250} DEBUG - Setting up DB connection pool (PID 20198)
[2025-06-27T01:16:00.922+0000] {logging_mixin.py:188} INFO - [2025-06-27T01:16:00.922+0000] {settings.py:330} DEBUG - settings.prepare_engine_args(): Using pool settings. pool_size=5, max_overflow=10, pool_recycle=1800, pid=20198
[2025-06-27T01:16:00.937+0000] {processor.py:161} INFO - Started process (PID=20198) to work on /home/airflow/.local/lib/python3.10/site-packages/airflow/example_dags/example_time_delta_sensor_async.py
[2025-06-27T01:16:00.939+0000] {processor.py:830} INFO - Processing file /home/airflow/.local/lib/python3.10/site-packages/airflow/example_dags/example_time_delta_sensor_async.py for tasks to queue
[2025-06-27T01:16:00.941+0000] {logging_mixin.py:188} INFO - [2025-06-27T01:16:00.940+0000] {dagbag.py:545} INFO - Filling up the DagBag from /home/airflow/.local/lib/python3.10/site-packages/airflow/example_dags/example_time_delta_sensor_async.py
[2025-06-27T01:16:00.943+0000] {logging_mixin.py:188} INFO - [2025-06-27T01:16:00.943+0000] {dagbag.py:337} DEBUG - Importing /home/airflow/.local/lib/python3.10/site-packages/airflow/example_dags/example_time_delta_sensor_async.py
[2025-06-27T01:16:00.952+0000] {logging_mixin.py:188} INFO - [2025-06-27T01:16:00.950+0000] {dagbag.py:511} DEBUG - Loaded DAG <DAG: example_time_delta_sensor_async>
[2025-06-27T01:16:00.953+0000] {processor.py:840} INFO - DAG(s) 'example_time_delta_sensor_async' retrieved from /home/airflow/.local/lib/python3.10/site-packages/airflow/example_dags/example_time_delta_sensor_async.py
[2025-06-27T01:16:00.955+0000] {logging_mixin.py:188} INFO - [2025-06-27T01:16:00.955+0000] {dagbag.py:667} DEBUG - Running dagbag.sync_to_db with retries. Try 1 of 3
[2025-06-27T01:16:00.956+0000] {logging_mixin.py:188} INFO - [2025-06-27T01:16:00.956+0000] {dagbag.py:672} DEBUG - Calling the DAG.bulk_sync_to_db method
[2025-06-27T01:16:00.981+0000] {logging_mixin.py:188} INFO - [2025-06-27T01:16:00.980+0000] {serialized_dag.py:166} DEBUG - Checking if DAG (example_time_delta_sensor_async) changed
[2025-06-27T01:16:00.988+0000] {logging_mixin.py:188} INFO - [2025-06-27T01:16:00.987+0000] {plugins_manager.py:332} DEBUG - Plugins are already loaded. Skipping.
[2025-06-27T01:16:00.989+0000] {logging_mixin.py:188} INFO - [2025-06-27T01:16:00.989+0000] {plugins_manager.py:410} DEBUG - Initialize custom taskinstance deps plugins
[2025-06-27T01:16:00.999+0000] {logging_mixin.py:188} INFO - [2025-06-27T01:16:00.999+0000] {serialized_dag.py:177} DEBUG - Serialized DAG (example_time_delta_sensor_async) is unchanged. Skipping writing to DB
[2025-06-27T01:16:01.000+0000] {logging_mixin.py:188} INFO - [2025-06-27T01:16:01.000+0000] {dag.py:3096} INFO - Sync 1 DAGs
[2025-06-27T01:16:01.019+0000] {logging_mixin.py:188} INFO - [2025-06-27T01:16:01.018+0000] {dag.py:3954} INFO - Setting next_dagrun for example_time_delta_sensor_async to None, run_after=None
[2025-06-27T01:16:01.047+0000] {processor.py:183} INFO - Processing /home/airflow/.local/lib/python3.10/site-packages/airflow/example_dags/example_time_delta_sensor_async.py took 0.129 seconds
[2025-06-27T01:16:31.745+0000] {logging_mixin.py:188} INFO - [2025-06-27T01:16:31.743+0000] {settings.py:250} DEBUG - Setting up DB connection pool (PID 20261)
[2025-06-27T01:16:31.747+0000] {logging_mixin.py:188} INFO - [2025-06-27T01:16:31.747+0000] {settings.py:330} DEBUG - settings.prepare_engine_args(): Using pool settings. pool_size=5, max_overflow=10, pool_recycle=1800, pid=20261
[2025-06-27T01:16:31.762+0000] {processor.py:161} INFO - Started process (PID=20261) to work on /home/airflow/.local/lib/python3.10/site-packages/airflow/example_dags/example_time_delta_sensor_async.py
[2025-06-27T01:16:31.764+0000] {processor.py:830} INFO - Processing file /home/airflow/.local/lib/python3.10/site-packages/airflow/example_dags/example_time_delta_sensor_async.py for tasks to queue
[2025-06-27T01:16:31.766+0000] {logging_mixin.py:188} INFO - [2025-06-27T01:16:31.765+0000] {dagbag.py:545} INFO - Filling up the DagBag from /home/airflow/.local/lib/python3.10/site-packages/airflow/example_dags/example_time_delta_sensor_async.py
[2025-06-27T01:16:31.769+0000] {logging_mixin.py:188} INFO - [2025-06-27T01:16:31.768+0000] {dagbag.py:337} DEBUG - Importing /home/airflow/.local/lib/python3.10/site-packages/airflow/example_dags/example_time_delta_sensor_async.py
[2025-06-27T01:16:31.781+0000] {logging_mixin.py:188} INFO - [2025-06-27T01:16:31.778+0000] {dagbag.py:511} DEBUG - Loaded DAG <DAG: example_time_delta_sensor_async>
[2025-06-27T01:16:31.783+0000] {processor.py:840} INFO - DAG(s) 'example_time_delta_sensor_async' retrieved from /home/airflow/.local/lib/python3.10/site-packages/airflow/example_dags/example_time_delta_sensor_async.py
[2025-06-27T01:16:31.786+0000] {logging_mixin.py:188} INFO - [2025-06-27T01:16:31.786+0000] {dagbag.py:667} DEBUG - Running dagbag.sync_to_db with retries. Try 1 of 3
[2025-06-27T01:16:31.787+0000] {logging_mixin.py:188} INFO - [2025-06-27T01:16:31.787+0000] {dagbag.py:672} DEBUG - Calling the DAG.bulk_sync_to_db method
[2025-06-27T01:16:31.817+0000] {logging_mixin.py:188} INFO - [2025-06-27T01:16:31.817+0000] {serialized_dag.py:166} DEBUG - Checking if DAG (example_time_delta_sensor_async) changed
[2025-06-27T01:16:31.823+0000] {logging_mixin.py:188} INFO - [2025-06-27T01:16:31.823+0000] {plugins_manager.py:332} DEBUG - Plugins are already loaded. Skipping.
[2025-06-27T01:16:31.824+0000] {logging_mixin.py:188} INFO - [2025-06-27T01:16:31.824+0000] {plugins_manager.py:410} DEBUG - Initialize custom taskinstance deps plugins
[2025-06-27T01:16:31.837+0000] {logging_mixin.py:188} INFO - [2025-06-27T01:16:31.836+0000] {serialized_dag.py:177} DEBUG - Serialized DAG (example_time_delta_sensor_async) is unchanged. Skipping writing to DB
[2025-06-27T01:16:31.838+0000] {logging_mixin.py:188} INFO - [2025-06-27T01:16:31.838+0000] {dag.py:3096} INFO - Sync 1 DAGs
[2025-06-27T01:16:31.862+0000] {logging_mixin.py:188} INFO - [2025-06-27T01:16:31.861+0000] {dag.py:3954} INFO - Setting next_dagrun for example_time_delta_sensor_async to None, run_after=None
[2025-06-27T01:16:31.895+0000] {processor.py:183} INFO - Processing /home/airflow/.local/lib/python3.10/site-packages/airflow/example_dags/example_time_delta_sensor_async.py took 0.152 seconds
[2025-06-27T01:17:02.281+0000] {logging_mixin.py:188} INFO - [2025-06-27T01:17:02.280+0000] {settings.py:250} DEBUG - Setting up DB connection pool (PID 20324)
[2025-06-27T01:17:02.283+0000] {logging_mixin.py:188} INFO - [2025-06-27T01:17:02.283+0000] {settings.py:330} DEBUG - settings.prepare_engine_args(): Using pool settings. pool_size=5, max_overflow=10, pool_recycle=1800, pid=20324
[2025-06-27T01:17:02.292+0000] {processor.py:161} INFO - Started process (PID=20324) to work on /home/airflow/.local/lib/python3.10/site-packages/airflow/example_dags/example_time_delta_sensor_async.py
[2025-06-27T01:17:02.293+0000] {processor.py:830} INFO - Processing file /home/airflow/.local/lib/python3.10/site-packages/airflow/example_dags/example_time_delta_sensor_async.py for tasks to queue
[2025-06-27T01:17:02.294+0000] {logging_mixin.py:188} INFO - [2025-06-27T01:17:02.294+0000] {dagbag.py:545} INFO - Filling up the DagBag from /home/airflow/.local/lib/python3.10/site-packages/airflow/example_dags/example_time_delta_sensor_async.py
[2025-06-27T01:17:02.296+0000] {logging_mixin.py:188} INFO - [2025-06-27T01:17:02.296+0000] {dagbag.py:337} DEBUG - Importing /home/airflow/.local/lib/python3.10/site-packages/airflow/example_dags/example_time_delta_sensor_async.py
[2025-06-27T01:17:02.309+0000] {logging_mixin.py:188} INFO - [2025-06-27T01:17:02.307+0000] {dagbag.py:511} DEBUG - Loaded DAG <DAG: example_time_delta_sensor_async>
[2025-06-27T01:17:02.310+0000] {processor.py:840} INFO - DAG(s) 'example_time_delta_sensor_async' retrieved from /home/airflow/.local/lib/python3.10/site-packages/airflow/example_dags/example_time_delta_sensor_async.py
[2025-06-27T01:17:02.312+0000] {logging_mixin.py:188} INFO - [2025-06-27T01:17:02.312+0000] {dagbag.py:667} DEBUG - Running dagbag.sync_to_db with retries. Try 1 of 3
[2025-06-27T01:17:02.313+0000] {logging_mixin.py:188} INFO - [2025-06-27T01:17:02.313+0000] {dagbag.py:672} DEBUG - Calling the DAG.bulk_sync_to_db method
[2025-06-27T01:17:02.335+0000] {logging_mixin.py:188} INFO - [2025-06-27T01:17:02.335+0000] {serialized_dag.py:166} DEBUG - Checking if DAG (example_time_delta_sensor_async) changed
[2025-06-27T01:17:02.341+0000] {logging_mixin.py:188} INFO - [2025-06-27T01:17:02.341+0000] {plugins_manager.py:332} DEBUG - Plugins are already loaded. Skipping.
[2025-06-27T01:17:02.342+0000] {logging_mixin.py:188} INFO - [2025-06-27T01:17:02.342+0000] {plugins_manager.py:410} DEBUG - Initialize custom taskinstance deps plugins
[2025-06-27T01:17:02.351+0000] {logging_mixin.py:188} INFO - [2025-06-27T01:17:02.351+0000] {serialized_dag.py:177} DEBUG - Serialized DAG (example_time_delta_sensor_async) is unchanged. Skipping writing to DB
[2025-06-27T01:17:02.352+0000] {logging_mixin.py:188} INFO - [2025-06-27T01:17:02.352+0000] {dag.py:3096} INFO - Sync 1 DAGs
[2025-06-27T01:17:02.368+0000] {logging_mixin.py:188} INFO - [2025-06-27T01:17:02.368+0000] {dag.py:3954} INFO - Setting next_dagrun for example_time_delta_sensor_async to None, run_after=None
[2025-06-27T01:17:02.392+0000] {processor.py:183} INFO - Processing /home/airflow/.local/lib/python3.10/site-packages/airflow/example_dags/example_time_delta_sensor_async.py took 0.112 seconds
[2025-06-27T01:17:32.643+0000] {logging_mixin.py:188} INFO - [2025-06-27T01:17:32.642+0000] {settings.py:250} DEBUG - Setting up DB connection pool (PID 20387)
[2025-06-27T01:17:32.645+0000] {logging_mixin.py:188} INFO - [2025-06-27T01:17:32.645+0000] {settings.py:330} DEBUG - settings.prepare_engine_args(): Using pool settings. pool_size=5, max_overflow=10, pool_recycle=1800, pid=20387
[2025-06-27T01:17:32.657+0000] {processor.py:161} INFO - Started process (PID=20387) to work on /home/airflow/.local/lib/python3.10/site-packages/airflow/example_dags/example_time_delta_sensor_async.py
[2025-06-27T01:17:32.658+0000] {processor.py:830} INFO - Processing file /home/airflow/.local/lib/python3.10/site-packages/airflow/example_dags/example_time_delta_sensor_async.py for tasks to queue
[2025-06-27T01:17:32.660+0000] {logging_mixin.py:188} INFO - [2025-06-27T01:17:32.659+0000] {dagbag.py:545} INFO - Filling up the DagBag from /home/airflow/.local/lib/python3.10/site-packages/airflow/example_dags/example_time_delta_sensor_async.py
[2025-06-27T01:17:32.662+0000] {logging_mixin.py:188} INFO - [2025-06-27T01:17:32.662+0000] {dagbag.py:337} DEBUG - Importing /home/airflow/.local/lib/python3.10/site-packages/airflow/example_dags/example_time_delta_sensor_async.py
[2025-06-27T01:17:32.671+0000] {logging_mixin.py:188} INFO - [2025-06-27T01:17:32.669+0000] {dagbag.py:511} DEBUG - Loaded DAG <DAG: example_time_delta_sensor_async>
[2025-06-27T01:17:32.672+0000] {processor.py:840} INFO - DAG(s) 'example_time_delta_sensor_async' retrieved from /home/airflow/.local/lib/python3.10/site-packages/airflow/example_dags/example_time_delta_sensor_async.py
[2025-06-27T01:17:32.674+0000] {logging_mixin.py:188} INFO - [2025-06-27T01:17:32.674+0000] {dagbag.py:667} DEBUG - Running dagbag.sync_to_db with retries. Try 1 of 3
[2025-06-27T01:17:32.675+0000] {logging_mixin.py:188} INFO - [2025-06-27T01:17:32.675+0000] {dagbag.py:672} DEBUG - Calling the DAG.bulk_sync_to_db method
[2025-06-27T01:17:32.698+0000] {logging_mixin.py:188} INFO - [2025-06-27T01:17:32.697+0000] {serialized_dag.py:166} DEBUG - Checking if DAG (example_time_delta_sensor_async) changed
[2025-06-27T01:17:32.705+0000] {logging_mixin.py:188} INFO - [2025-06-27T01:17:32.705+0000] {plugins_manager.py:332} DEBUG - Plugins are already loaded. Skipping.
[2025-06-27T01:17:32.707+0000] {logging_mixin.py:188} INFO - [2025-06-27T01:17:32.706+0000] {plugins_manager.py:410} DEBUG - Initialize custom taskinstance deps plugins
[2025-06-27T01:17:32.718+0000] {logging_mixin.py:188} INFO - [2025-06-27T01:17:32.717+0000] {serialized_dag.py:177} DEBUG - Serialized DAG (example_time_delta_sensor_async) is unchanged. Skipping writing to DB
[2025-06-27T01:17:32.719+0000] {logging_mixin.py:188} INFO - [2025-06-27T01:17:32.719+0000] {dag.py:3096} INFO - Sync 1 DAGs
[2025-06-27T01:17:32.740+0000] {logging_mixin.py:188} INFO - [2025-06-27T01:17:32.739+0000] {dag.py:3954} INFO - Setting next_dagrun for example_time_delta_sensor_async to None, run_after=None
[2025-06-27T01:17:32.777+0000] {processor.py:183} INFO - Processing /home/airflow/.local/lib/python3.10/site-packages/airflow/example_dags/example_time_delta_sensor_async.py took 0.135 seconds
[2025-06-27T01:18:02.939+0000] {logging_mixin.py:188} INFO - [2025-06-27T01:18:02.937+0000] {settings.py:250} DEBUG - Setting up DB connection pool (PID 20450)
[2025-06-27T01:18:02.940+0000] {logging_mixin.py:188} INFO - [2025-06-27T01:18:02.940+0000] {settings.py:330} DEBUG - settings.prepare_engine_args(): Using pool settings. pool_size=5, max_overflow=10, pool_recycle=1800, pid=20450
[2025-06-27T01:18:02.955+0000] {processor.py:161} INFO - Started process (PID=20450) to work on /home/airflow/.local/lib/python3.10/site-packages/airflow/example_dags/example_time_delta_sensor_async.py
[2025-06-27T01:18:02.956+0000] {processor.py:830} INFO - Processing file /home/airflow/.local/lib/python3.10/site-packages/airflow/example_dags/example_time_delta_sensor_async.py for tasks to queue
[2025-06-27T01:18:02.958+0000] {logging_mixin.py:188} INFO - [2025-06-27T01:18:02.958+0000] {dagbag.py:545} INFO - Filling up the DagBag from /home/airflow/.local/lib/python3.10/site-packages/airflow/example_dags/example_time_delta_sensor_async.py
[2025-06-27T01:18:02.961+0000] {logging_mixin.py:188} INFO - [2025-06-27T01:18:02.961+0000] {dagbag.py:337} DEBUG - Importing /home/airflow/.local/lib/python3.10/site-packages/airflow/example_dags/example_time_delta_sensor_async.py
[2025-06-27T01:18:02.970+0000] {logging_mixin.py:188} INFO - [2025-06-27T01:18:02.969+0000] {dagbag.py:511} DEBUG - Loaded DAG <DAG: example_time_delta_sensor_async>
[2025-06-27T01:18:02.971+0000] {processor.py:840} INFO - DAG(s) 'example_time_delta_sensor_async' retrieved from /home/airflow/.local/lib/python3.10/site-packages/airflow/example_dags/example_time_delta_sensor_async.py
[2025-06-27T01:18:02.974+0000] {logging_mixin.py:188} INFO - [2025-06-27T01:18:02.974+0000] {dagbag.py:667} DEBUG - Running dagbag.sync_to_db with retries. Try 1 of 3
[2025-06-27T01:18:02.975+0000] {logging_mixin.py:188} INFO - [2025-06-27T01:18:02.974+0000] {dagbag.py:672} DEBUG - Calling the DAG.bulk_sync_to_db method
[2025-06-27T01:18:03.000+0000] {logging_mixin.py:188} INFO - [2025-06-27T01:18:03.000+0000] {serialized_dag.py:166} DEBUG - Checking if DAG (example_time_delta_sensor_async) changed
[2025-06-27T01:18:03.007+0000] {logging_mixin.py:188} INFO - [2025-06-27T01:18:03.007+0000] {plugins_manager.py:332} DEBUG - Plugins are already loaded. Skipping.
[2025-06-27T01:18:03.008+0000] {logging_mixin.py:188} INFO - [2025-06-27T01:18:03.008+0000] {plugins_manager.py:410} DEBUG - Initialize custom taskinstance deps plugins
[2025-06-27T01:18:03.021+0000] {logging_mixin.py:188} INFO - [2025-06-27T01:18:03.020+0000] {serialized_dag.py:177} DEBUG - Serialized DAG (example_time_delta_sensor_async) is unchanged. Skipping writing to DB
[2025-06-27T01:18:03.022+0000] {logging_mixin.py:188} INFO - [2025-06-27T01:18:03.022+0000] {dag.py:3096} INFO - Sync 1 DAGs
[2025-06-27T01:18:03.045+0000] {logging_mixin.py:188} INFO - [2025-06-27T01:18:03.044+0000] {dag.py:3954} INFO - Setting next_dagrun for example_time_delta_sensor_async to None, run_after=None
[2025-06-27T01:18:03.077+0000] {processor.py:183} INFO - Processing /home/airflow/.local/lib/python3.10/site-packages/airflow/example_dags/example_time_delta_sensor_async.py took 0.141 seconds
[2025-06-27T01:18:33.269+0000] {logging_mixin.py:188} INFO - [2025-06-27T01:18:33.268+0000] {settings.py:250} DEBUG - Setting up DB connection pool (PID 20513)
[2025-06-27T01:18:33.271+0000] {logging_mixin.py:188} INFO - [2025-06-27T01:18:33.271+0000] {settings.py:330} DEBUG - settings.prepare_engine_args(): Using pool settings. pool_size=5, max_overflow=10, pool_recycle=1800, pid=20513
[2025-06-27T01:18:33.285+0000] {processor.py:161} INFO - Started process (PID=20513) to work on /home/airflow/.local/lib/python3.10/site-packages/airflow/example_dags/example_time_delta_sensor_async.py
[2025-06-27T01:18:33.286+0000] {processor.py:830} INFO - Processing file /home/airflow/.local/lib/python3.10/site-packages/airflow/example_dags/example_time_delta_sensor_async.py for tasks to queue
[2025-06-27T01:18:33.288+0000] {logging_mixin.py:188} INFO - [2025-06-27T01:18:33.288+0000] {dagbag.py:545} INFO - Filling up the DagBag from /home/airflow/.local/lib/python3.10/site-packages/airflow/example_dags/example_time_delta_sensor_async.py
[2025-06-27T01:18:33.290+0000] {logging_mixin.py:188} INFO - [2025-06-27T01:18:33.290+0000] {dagbag.py:337} DEBUG - Importing /home/airflow/.local/lib/python3.10/site-packages/airflow/example_dags/example_time_delta_sensor_async.py
[2025-06-27T01:18:33.300+0000] {logging_mixin.py:188} INFO - [2025-06-27T01:18:33.298+0000] {dagbag.py:511} DEBUG - Loaded DAG <DAG: example_time_delta_sensor_async>
[2025-06-27T01:18:33.301+0000] {processor.py:840} INFO - DAG(s) 'example_time_delta_sensor_async' retrieved from /home/airflow/.local/lib/python3.10/site-packages/airflow/example_dags/example_time_delta_sensor_async.py
[2025-06-27T01:18:33.304+0000] {logging_mixin.py:188} INFO - [2025-06-27T01:18:33.304+0000] {dagbag.py:667} DEBUG - Running dagbag.sync_to_db with retries. Try 1 of 3
[2025-06-27T01:18:33.305+0000] {logging_mixin.py:188} INFO - [2025-06-27T01:18:33.305+0000] {dagbag.py:672} DEBUG - Calling the DAG.bulk_sync_to_db method
[2025-06-27T01:18:33.329+0000] {logging_mixin.py:188} INFO - [2025-06-27T01:18:33.328+0000] {serialized_dag.py:166} DEBUG - Checking if DAG (example_time_delta_sensor_async) changed
[2025-06-27T01:18:33.334+0000] {logging_mixin.py:188} INFO - [2025-06-27T01:18:33.334+0000] {plugins_manager.py:332} DEBUG - Plugins are already loaded. Skipping.
[2025-06-27T01:18:33.335+0000] {logging_mixin.py:188} INFO - [2025-06-27T01:18:33.335+0000] {plugins_manager.py:410} DEBUG - Initialize custom taskinstance deps plugins
[2025-06-27T01:18:33.344+0000] {logging_mixin.py:188} INFO - [2025-06-27T01:18:33.344+0000] {serialized_dag.py:177} DEBUG - Serialized DAG (example_time_delta_sensor_async) is unchanged. Skipping writing to DB
[2025-06-27T01:18:33.345+0000] {logging_mixin.py:188} INFO - [2025-06-27T01:18:33.345+0000] {dag.py:3096} INFO - Sync 1 DAGs
[2025-06-27T01:18:33.363+0000] {logging_mixin.py:188} INFO - [2025-06-27T01:18:33.362+0000] {dag.py:3954} INFO - Setting next_dagrun for example_time_delta_sensor_async to None, run_after=None
[2025-06-27T01:18:33.397+0000] {processor.py:183} INFO - Processing /home/airflow/.local/lib/python3.10/site-packages/airflow/example_dags/example_time_delta_sensor_async.py took 0.129 seconds
[2025-06-27T01:19:03.773+0000] {logging_mixin.py:188} INFO - [2025-06-27T01:19:03.772+0000] {settings.py:250} DEBUG - Setting up DB connection pool (PID 20576)
[2025-06-27T01:19:03.775+0000] {logging_mixin.py:188} INFO - [2025-06-27T01:19:03.775+0000] {settings.py:330} DEBUG - settings.prepare_engine_args(): Using pool settings. pool_size=5, max_overflow=10, pool_recycle=1800, pid=20576
[2025-06-27T01:19:03.787+0000] {processor.py:161} INFO - Started process (PID=20576) to work on /home/airflow/.local/lib/python3.10/site-packages/airflow/example_dags/example_time_delta_sensor_async.py
[2025-06-27T01:19:03.788+0000] {processor.py:830} INFO - Processing file /home/airflow/.local/lib/python3.10/site-packages/airflow/example_dags/example_time_delta_sensor_async.py for tasks to queue
[2025-06-27T01:19:03.790+0000] {logging_mixin.py:188} INFO - [2025-06-27T01:19:03.790+0000] {dagbag.py:545} INFO - Filling up the DagBag from /home/airflow/.local/lib/python3.10/site-packages/airflow/example_dags/example_time_delta_sensor_async.py
[2025-06-27T01:19:03.795+0000] {logging_mixin.py:188} INFO - [2025-06-27T01:19:03.794+0000] {dagbag.py:337} DEBUG - Importing /home/airflow/.local/lib/python3.10/site-packages/airflow/example_dags/example_time_delta_sensor_async.py
[2025-06-27T01:19:03.808+0000] {logging_mixin.py:188} INFO - [2025-06-27T01:19:03.805+0000] {dagbag.py:511} DEBUG - Loaded DAG <DAG: example_time_delta_sensor_async>
[2025-06-27T01:19:03.809+0000] {processor.py:840} INFO - DAG(s) 'example_time_delta_sensor_async' retrieved from /home/airflow/.local/lib/python3.10/site-packages/airflow/example_dags/example_time_delta_sensor_async.py
[2025-06-27T01:19:03.811+0000] {logging_mixin.py:188} INFO - [2025-06-27T01:19:03.811+0000] {dagbag.py:667} DEBUG - Running dagbag.sync_to_db with retries. Try 1 of 3
[2025-06-27T01:19:03.812+0000] {logging_mixin.py:188} INFO - [2025-06-27T01:19:03.812+0000] {dagbag.py:672} DEBUG - Calling the DAG.bulk_sync_to_db method
[2025-06-27T01:19:03.840+0000] {logging_mixin.py:188} INFO - [2025-06-27T01:19:03.839+0000] {serialized_dag.py:166} DEBUG - Checking if DAG (example_time_delta_sensor_async) changed
[2025-06-27T01:19:03.847+0000] {logging_mixin.py:188} INFO - [2025-06-27T01:19:03.847+0000] {plugins_manager.py:332} DEBUG - Plugins are already loaded. Skipping.
[2025-06-27T01:19:03.849+0000] {logging_mixin.py:188} INFO - [2025-06-27T01:19:03.849+0000] {plugins_manager.py:410} DEBUG - Initialize custom taskinstance deps plugins
[2025-06-27T01:19:03.861+0000] {logging_mixin.py:188} INFO - [2025-06-27T01:19:03.861+0000] {serialized_dag.py:177} DEBUG - Serialized DAG (example_time_delta_sensor_async) is unchanged. Skipping writing to DB
[2025-06-27T01:19:03.863+0000] {logging_mixin.py:188} INFO - [2025-06-27T01:19:03.862+0000] {dag.py:3096} INFO - Sync 1 DAGs
[2025-06-27T01:19:03.886+0000] {logging_mixin.py:188} INFO - [2025-06-27T01:19:03.885+0000] {dag.py:3954} INFO - Setting next_dagrun for example_time_delta_sensor_async to None, run_after=None
[2025-06-27T01:19:03.924+0000] {processor.py:183} INFO - Processing /home/airflow/.local/lib/python3.10/site-packages/airflow/example_dags/example_time_delta_sensor_async.py took 0.152 seconds
[2025-06-27T01:19:34.289+0000] {logging_mixin.py:188} INFO - [2025-06-27T01:19:34.288+0000] {settings.py:250} DEBUG - Setting up DB connection pool (PID 20639)
[2025-06-27T01:19:34.291+0000] {logging_mixin.py:188} INFO - [2025-06-27T01:19:34.291+0000] {settings.py:330} DEBUG - settings.prepare_engine_args(): Using pool settings. pool_size=5, max_overflow=10, pool_recycle=1800, pid=20639
[2025-06-27T01:19:34.303+0000] {processor.py:161} INFO - Started process (PID=20639) to work on /home/airflow/.local/lib/python3.10/site-packages/airflow/example_dags/example_time_delta_sensor_async.py
[2025-06-27T01:19:34.304+0000] {processor.py:830} INFO - Processing file /home/airflow/.local/lib/python3.10/site-packages/airflow/example_dags/example_time_delta_sensor_async.py for tasks to queue
[2025-06-27T01:19:34.305+0000] {logging_mixin.py:188} INFO - [2025-06-27T01:19:34.305+0000] {dagbag.py:545} INFO - Filling up the DagBag from /home/airflow/.local/lib/python3.10/site-packages/airflow/example_dags/example_time_delta_sensor_async.py
[2025-06-27T01:19:34.308+0000] {logging_mixin.py:188} INFO - [2025-06-27T01:19:34.307+0000] {dagbag.py:337} DEBUG - Importing /home/airflow/.local/lib/python3.10/site-packages/airflow/example_dags/example_time_delta_sensor_async.py
[2025-06-27T01:19:34.317+0000] {logging_mixin.py:188} INFO - [2025-06-27T01:19:34.315+0000] {dagbag.py:511} DEBUG - Loaded DAG <DAG: example_time_delta_sensor_async>
[2025-06-27T01:19:34.317+0000] {processor.py:840} INFO - DAG(s) 'example_time_delta_sensor_async' retrieved from /home/airflow/.local/lib/python3.10/site-packages/airflow/example_dags/example_time_delta_sensor_async.py
[2025-06-27T01:19:34.320+0000] {logging_mixin.py:188} INFO - [2025-06-27T01:19:34.320+0000] {dagbag.py:667} DEBUG - Running dagbag.sync_to_db with retries. Try 1 of 3
[2025-06-27T01:19:34.321+0000] {logging_mixin.py:188} INFO - [2025-06-27T01:19:34.321+0000] {dagbag.py:672} DEBUG - Calling the DAG.bulk_sync_to_db method
[2025-06-27T01:19:34.347+0000] {logging_mixin.py:188} INFO - [2025-06-27T01:19:34.346+0000] {serialized_dag.py:166} DEBUG - Checking if DAG (example_time_delta_sensor_async) changed
[2025-06-27T01:19:34.353+0000] {logging_mixin.py:188} INFO - [2025-06-27T01:19:34.353+0000] {plugins_manager.py:332} DEBUG - Plugins are already loaded. Skipping.
[2025-06-27T01:19:34.354+0000] {logging_mixin.py:188} INFO - [2025-06-27T01:19:34.354+0000] {plugins_manager.py:410} DEBUG - Initialize custom taskinstance deps plugins
[2025-06-27T01:19:34.365+0000] {logging_mixin.py:188} INFO - [2025-06-27T01:19:34.365+0000] {serialized_dag.py:177} DEBUG - Serialized DAG (example_time_delta_sensor_async) is unchanged. Skipping writing to DB
[2025-06-27T01:19:34.366+0000] {logging_mixin.py:188} INFO - [2025-06-27T01:19:34.366+0000] {dag.py:3096} INFO - Sync 1 DAGs
[2025-06-27T01:19:34.385+0000] {logging_mixin.py:188} INFO - [2025-06-27T01:19:34.385+0000] {dag.py:3954} INFO - Setting next_dagrun for example_time_delta_sensor_async to None, run_after=None
[2025-06-27T01:19:34.416+0000] {processor.py:183} INFO - Processing /home/airflow/.local/lib/python3.10/site-packages/airflow/example_dags/example_time_delta_sensor_async.py took 0.128 seconds
[2025-06-27T01:20:04.812+0000] {logging_mixin.py:188} INFO - [2025-06-27T01:20:04.810+0000] {settings.py:250} DEBUG - Setting up DB connection pool (PID 20701)
[2025-06-27T01:20:04.814+0000] {logging_mixin.py:188} INFO - [2025-06-27T01:20:04.814+0000] {settings.py:330} DEBUG - settings.prepare_engine_args(): Using pool settings. pool_size=5, max_overflow=10, pool_recycle=1800, pid=20701
[2025-06-27T01:20:04.825+0000] {processor.py:161} INFO - Started process (PID=20701) to work on /home/airflow/.local/lib/python3.10/site-packages/airflow/example_dags/example_time_delta_sensor_async.py
[2025-06-27T01:20:04.826+0000] {processor.py:830} INFO - Processing file /home/airflow/.local/lib/python3.10/site-packages/airflow/example_dags/example_time_delta_sensor_async.py for tasks to queue
[2025-06-27T01:20:04.828+0000] {logging_mixin.py:188} INFO - [2025-06-27T01:20:04.828+0000] {dagbag.py:545} INFO - Filling up the DagBag from /home/airflow/.local/lib/python3.10/site-packages/airflow/example_dags/example_time_delta_sensor_async.py
[2025-06-27T01:20:04.831+0000] {logging_mixin.py:188} INFO - [2025-06-27T01:20:04.830+0000] {dagbag.py:337} DEBUG - Importing /home/airflow/.local/lib/python3.10/site-packages/airflow/example_dags/example_time_delta_sensor_async.py
[2025-06-27T01:20:04.842+0000] {logging_mixin.py:188} INFO - [2025-06-27T01:20:04.839+0000] {dagbag.py:511} DEBUG - Loaded DAG <DAG: example_time_delta_sensor_async>
[2025-06-27T01:20:04.843+0000] {processor.py:840} INFO - DAG(s) 'example_time_delta_sensor_async' retrieved from /home/airflow/.local/lib/python3.10/site-packages/airflow/example_dags/example_time_delta_sensor_async.py
[2025-06-27T01:20:04.845+0000] {logging_mixin.py:188} INFO - [2025-06-27T01:20:04.845+0000] {dagbag.py:667} DEBUG - Running dagbag.sync_to_db with retries. Try 1 of 3
[2025-06-27T01:20:04.847+0000] {logging_mixin.py:188} INFO - [2025-06-27T01:20:04.846+0000] {dagbag.py:672} DEBUG - Calling the DAG.bulk_sync_to_db method
[2025-06-27T01:20:04.878+0000] {logging_mixin.py:188} INFO - [2025-06-27T01:20:04.878+0000] {serialized_dag.py:166} DEBUG - Checking if DAG (example_time_delta_sensor_async) changed
[2025-06-27T01:20:04.885+0000] {logging_mixin.py:188} INFO - [2025-06-27T01:20:04.884+0000] {plugins_manager.py:332} DEBUG - Plugins are already loaded. Skipping.
[2025-06-27T01:20:04.886+0000] {logging_mixin.py:188} INFO - [2025-06-27T01:20:04.886+0000] {plugins_manager.py:410} DEBUG - Initialize custom taskinstance deps plugins
[2025-06-27T01:20:04.897+0000] {logging_mixin.py:188} INFO - [2025-06-27T01:20:04.896+0000] {serialized_dag.py:177} DEBUG - Serialized DAG (example_time_delta_sensor_async) is unchanged. Skipping writing to DB
[2025-06-27T01:20:04.898+0000] {logging_mixin.py:188} INFO - [2025-06-27T01:20:04.898+0000] {dag.py:3096} INFO - Sync 1 DAGs
[2025-06-27T01:20:04.915+0000] {logging_mixin.py:188} INFO - [2025-06-27T01:20:04.914+0000] {dag.py:3954} INFO - Setting next_dagrun for example_time_delta_sensor_async to None, run_after=None
[2025-06-27T01:20:04.941+0000] {processor.py:183} INFO - Processing /home/airflow/.local/lib/python3.10/site-packages/airflow/example_dags/example_time_delta_sensor_async.py took 0.132 seconds
[2025-06-27T01:20:35.255+0000] {logging_mixin.py:188} INFO - [2025-06-27T01:20:35.253+0000] {settings.py:250} DEBUG - Setting up DB connection pool (PID 20764)
[2025-06-27T01:20:35.257+0000] {logging_mixin.py:188} INFO - [2025-06-27T01:20:35.256+0000] {settings.py:330} DEBUG - settings.prepare_engine_args(): Using pool settings. pool_size=5, max_overflow=10, pool_recycle=1800, pid=20764
[2025-06-27T01:20:35.267+0000] {processor.py:161} INFO - Started process (PID=20764) to work on /home/airflow/.local/lib/python3.10/site-packages/airflow/example_dags/example_time_delta_sensor_async.py
[2025-06-27T01:20:35.269+0000] {processor.py:830} INFO - Processing file /home/airflow/.local/lib/python3.10/site-packages/airflow/example_dags/example_time_delta_sensor_async.py for tasks to queue
[2025-06-27T01:20:35.271+0000] {logging_mixin.py:188} INFO - [2025-06-27T01:20:35.270+0000] {dagbag.py:545} INFO - Filling up the DagBag from /home/airflow/.local/lib/python3.10/site-packages/airflow/example_dags/example_time_delta_sensor_async.py
[2025-06-27T01:20:35.273+0000] {logging_mixin.py:188} INFO - [2025-06-27T01:20:35.273+0000] {dagbag.py:337} DEBUG - Importing /home/airflow/.local/lib/python3.10/site-packages/airflow/example_dags/example_time_delta_sensor_async.py
[2025-06-27T01:20:35.282+0000] {logging_mixin.py:188} INFO - [2025-06-27T01:20:35.280+0000] {dagbag.py:511} DEBUG - Loaded DAG <DAG: example_time_delta_sensor_async>
[2025-06-27T01:20:35.283+0000] {processor.py:840} INFO - DAG(s) 'example_time_delta_sensor_async' retrieved from /home/airflow/.local/lib/python3.10/site-packages/airflow/example_dags/example_time_delta_sensor_async.py
[2025-06-27T01:20:35.285+0000] {logging_mixin.py:188} INFO - [2025-06-27T01:20:35.284+0000] {dagbag.py:667} DEBUG - Running dagbag.sync_to_db with retries. Try 1 of 3
[2025-06-27T01:20:35.285+0000] {logging_mixin.py:188} INFO - [2025-06-27T01:20:35.285+0000] {dagbag.py:672} DEBUG - Calling the DAG.bulk_sync_to_db method
[2025-06-27T01:20:35.311+0000] {logging_mixin.py:188} INFO - [2025-06-27T01:20:35.310+0000] {serialized_dag.py:166} DEBUG - Checking if DAG (example_time_delta_sensor_async) changed
[2025-06-27T01:20:35.318+0000] {logging_mixin.py:188} INFO - [2025-06-27T01:20:35.317+0000] {plugins_manager.py:332} DEBUG - Plugins are already loaded. Skipping.
[2025-06-27T01:20:35.318+0000] {logging_mixin.py:188} INFO - [2025-06-27T01:20:35.318+0000] {plugins_manager.py:410} DEBUG - Initialize custom taskinstance deps plugins
[2025-06-27T01:20:35.329+0000] {logging_mixin.py:188} INFO - [2025-06-27T01:20:35.328+0000] {serialized_dag.py:177} DEBUG - Serialized DAG (example_time_delta_sensor_async) is unchanged. Skipping writing to DB
[2025-06-27T01:20:35.330+0000] {logging_mixin.py:188} INFO - [2025-06-27T01:20:35.329+0000] {dag.py:3096} INFO - Sync 1 DAGs
[2025-06-27T01:20:35.348+0000] {logging_mixin.py:188} INFO - [2025-06-27T01:20:35.347+0000] {dag.py:3954} INFO - Setting next_dagrun for example_time_delta_sensor_async to None, run_after=None
[2025-06-27T01:20:35.381+0000] {processor.py:183} INFO - Processing /home/airflow/.local/lib/python3.10/site-packages/airflow/example_dags/example_time_delta_sensor_async.py took 0.128 seconds
[2025-06-27T01:21:05.584+0000] {logging_mixin.py:188} INFO - [2025-06-27T01:21:05.583+0000] {settings.py:250} DEBUG - Setting up DB connection pool (PID 20827)
[2025-06-27T01:21:05.587+0000] {logging_mixin.py:188} INFO - [2025-06-27T01:21:05.587+0000] {settings.py:330} DEBUG - settings.prepare_engine_args(): Using pool settings. pool_size=5, max_overflow=10, pool_recycle=1800, pid=20827
[2025-06-27T01:21:05.601+0000] {processor.py:161} INFO - Started process (PID=20827) to work on /home/airflow/.local/lib/python3.10/site-packages/airflow/example_dags/example_time_delta_sensor_async.py
[2025-06-27T01:21:05.603+0000] {processor.py:830} INFO - Processing file /home/airflow/.local/lib/python3.10/site-packages/airflow/example_dags/example_time_delta_sensor_async.py for tasks to queue
[2025-06-27T01:21:05.605+0000] {logging_mixin.py:188} INFO - [2025-06-27T01:21:05.604+0000] {dagbag.py:545} INFO - Filling up the DagBag from /home/airflow/.local/lib/python3.10/site-packages/airflow/example_dags/example_time_delta_sensor_async.py
[2025-06-27T01:21:05.608+0000] {logging_mixin.py:188} INFO - [2025-06-27T01:21:05.607+0000] {dagbag.py:337} DEBUG - Importing /home/airflow/.local/lib/python3.10/site-packages/airflow/example_dags/example_time_delta_sensor_async.py
[2025-06-27T01:21:05.622+0000] {logging_mixin.py:188} INFO - [2025-06-27T01:21:05.617+0000] {dagbag.py:511} DEBUG - Loaded DAG <DAG: example_time_delta_sensor_async>
[2025-06-27T01:21:05.623+0000] {processor.py:840} INFO - DAG(s) 'example_time_delta_sensor_async' retrieved from /home/airflow/.local/lib/python3.10/site-packages/airflow/example_dags/example_time_delta_sensor_async.py
[2025-06-27T01:21:05.627+0000] {logging_mixin.py:188} INFO - [2025-06-27T01:21:05.626+0000] {dagbag.py:667} DEBUG - Running dagbag.sync_to_db with retries. Try 1 of 3
[2025-06-27T01:21:05.628+0000] {logging_mixin.py:188} INFO - [2025-06-27T01:21:05.627+0000] {dagbag.py:672} DEBUG - Calling the DAG.bulk_sync_to_db method
[2025-06-27T01:21:05.654+0000] {logging_mixin.py:188} INFO - [2025-06-27T01:21:05.654+0000] {serialized_dag.py:166} DEBUG - Checking if DAG (example_time_delta_sensor_async) changed
[2025-06-27T01:21:05.660+0000] {logging_mixin.py:188} INFO - [2025-06-27T01:21:05.660+0000] {plugins_manager.py:332} DEBUG - Plugins are already loaded. Skipping.
[2025-06-27T01:21:05.661+0000] {logging_mixin.py:188} INFO - [2025-06-27T01:21:05.661+0000] {plugins_manager.py:410} DEBUG - Initialize custom taskinstance deps plugins
[2025-06-27T01:21:05.675+0000] {logging_mixin.py:188} INFO - [2025-06-27T01:21:05.675+0000] {serialized_dag.py:177} DEBUG - Serialized DAG (example_time_delta_sensor_async) is unchanged. Skipping writing to DB
[2025-06-27T01:21:05.676+0000] {logging_mixin.py:188} INFO - [2025-06-27T01:21:05.676+0000] {dag.py:3096} INFO - Sync 1 DAGs
[2025-06-27T01:21:05.700+0000] {logging_mixin.py:188} INFO - [2025-06-27T01:21:05.700+0000] {dag.py:3954} INFO - Setting next_dagrun for example_time_delta_sensor_async to None, run_after=None
[2025-06-27T01:21:05.735+0000] {processor.py:183} INFO - Processing /home/airflow/.local/lib/python3.10/site-packages/airflow/example_dags/example_time_delta_sensor_async.py took 0.152 seconds
[2025-06-27T01:21:36.221+0000] {logging_mixin.py:188} INFO - [2025-06-27T01:21:36.219+0000] {settings.py:250} DEBUG - Setting up DB connection pool (PID 20890)
[2025-06-27T01:21:36.222+0000] {logging_mixin.py:188} INFO - [2025-06-27T01:21:36.222+0000] {settings.py:330} DEBUG - settings.prepare_engine_args(): Using pool settings. pool_size=5, max_overflow=10, pool_recycle=1800, pid=20890
[2025-06-27T01:21:36.231+0000] {processor.py:161} INFO - Started process (PID=20890) to work on /home/airflow/.local/lib/python3.10/site-packages/airflow/example_dags/example_time_delta_sensor_async.py
[2025-06-27T01:21:36.232+0000] {processor.py:830} INFO - Processing file /home/airflow/.local/lib/python3.10/site-packages/airflow/example_dags/example_time_delta_sensor_async.py for tasks to queue
[2025-06-27T01:21:36.234+0000] {logging_mixin.py:188} INFO - [2025-06-27T01:21:36.233+0000] {dagbag.py:545} INFO - Filling up the DagBag from /home/airflow/.local/lib/python3.10/site-packages/airflow/example_dags/example_time_delta_sensor_async.py
[2025-06-27T01:21:36.236+0000] {logging_mixin.py:188} INFO - [2025-06-27T01:21:36.235+0000] {dagbag.py:337} DEBUG - Importing /home/airflow/.local/lib/python3.10/site-packages/airflow/example_dags/example_time_delta_sensor_async.py
[2025-06-27T01:21:36.244+0000] {logging_mixin.py:188} INFO - [2025-06-27T01:21:36.242+0000] {dagbag.py:511} DEBUG - Loaded DAG <DAG: example_time_delta_sensor_async>
[2025-06-27T01:21:36.245+0000] {processor.py:840} INFO - DAG(s) 'example_time_delta_sensor_async' retrieved from /home/airflow/.local/lib/python3.10/site-packages/airflow/example_dags/example_time_delta_sensor_async.py
[2025-06-27T01:21:36.247+0000] {logging_mixin.py:188} INFO - [2025-06-27T01:21:36.247+0000] {dagbag.py:667} DEBUG - Running dagbag.sync_to_db with retries. Try 1 of 3
[2025-06-27T01:21:36.248+0000] {logging_mixin.py:188} INFO - [2025-06-27T01:21:36.248+0000] {dagbag.py:672} DEBUG - Calling the DAG.bulk_sync_to_db method
[2025-06-27T01:21:36.271+0000] {logging_mixin.py:188} INFO - [2025-06-27T01:21:36.270+0000] {serialized_dag.py:166} DEBUG - Checking if DAG (example_time_delta_sensor_async) changed
[2025-06-27T01:21:36.275+0000] {logging_mixin.py:188} INFO - [2025-06-27T01:21:36.275+0000] {plugins_manager.py:332} DEBUG - Plugins are already loaded. Skipping.
[2025-06-27T01:21:36.276+0000] {logging_mixin.py:188} INFO - [2025-06-27T01:21:36.276+0000] {plugins_manager.py:410} DEBUG - Initialize custom taskinstance deps plugins
[2025-06-27T01:21:36.286+0000] {logging_mixin.py:188} INFO - [2025-06-27T01:21:36.285+0000] {serialized_dag.py:177} DEBUG - Serialized DAG (example_time_delta_sensor_async) is unchanged. Skipping writing to DB
[2025-06-27T01:21:36.287+0000] {logging_mixin.py:188} INFO - [2025-06-27T01:21:36.287+0000] {dag.py:3096} INFO - Sync 1 DAGs
[2025-06-27T01:21:36.312+0000] {logging_mixin.py:188} INFO - [2025-06-27T01:21:36.312+0000] {dag.py:3954} INFO - Setting next_dagrun for example_time_delta_sensor_async to None, run_after=None
[2025-06-27T01:21:36.344+0000] {processor.py:183} INFO - Processing /home/airflow/.local/lib/python3.10/site-packages/airflow/example_dags/example_time_delta_sensor_async.py took 0.125 seconds
[2025-06-27T01:22:07.180+0000] {logging_mixin.py:188} INFO - [2025-06-27T01:22:07.179+0000] {settings.py:250} DEBUG - Setting up DB connection pool (PID 20953)
[2025-06-27T01:22:07.182+0000] {logging_mixin.py:188} INFO - [2025-06-27T01:22:07.181+0000] {settings.py:330} DEBUG - settings.prepare_engine_args(): Using pool settings. pool_size=5, max_overflow=10, pool_recycle=1800, pid=20953
[2025-06-27T01:22:07.197+0000] {processor.py:161} INFO - Started process (PID=20953) to work on /home/airflow/.local/lib/python3.10/site-packages/airflow/example_dags/example_time_delta_sensor_async.py
[2025-06-27T01:22:07.199+0000] {processor.py:830} INFO - Processing file /home/airflow/.local/lib/python3.10/site-packages/airflow/example_dags/example_time_delta_sensor_async.py for tasks to queue
[2025-06-27T01:22:07.201+0000] {logging_mixin.py:188} INFO - [2025-06-27T01:22:07.200+0000] {dagbag.py:545} INFO - Filling up the DagBag from /home/airflow/.local/lib/python3.10/site-packages/airflow/example_dags/example_time_delta_sensor_async.py
[2025-06-27T01:22:07.205+0000] {logging_mixin.py:188} INFO - [2025-06-27T01:22:07.204+0000] {dagbag.py:337} DEBUG - Importing /home/airflow/.local/lib/python3.10/site-packages/airflow/example_dags/example_time_delta_sensor_async.py
[2025-06-27T01:22:07.225+0000] {logging_mixin.py:188} INFO - [2025-06-27T01:22:07.216+0000] {dagbag.py:511} DEBUG - Loaded DAG <DAG: example_time_delta_sensor_async>
[2025-06-27T01:22:07.226+0000] {processor.py:840} INFO - DAG(s) 'example_time_delta_sensor_async' retrieved from /home/airflow/.local/lib/python3.10/site-packages/airflow/example_dags/example_time_delta_sensor_async.py
[2025-06-27T01:22:07.230+0000] {logging_mixin.py:188} INFO - [2025-06-27T01:22:07.229+0000] {dagbag.py:667} DEBUG - Running dagbag.sync_to_db with retries. Try 1 of 3
[2025-06-27T01:22:07.231+0000] {logging_mixin.py:188} INFO - [2025-06-27T01:22:07.230+0000] {dagbag.py:672} DEBUG - Calling the DAG.bulk_sync_to_db method
[2025-06-27T01:22:07.272+0000] {logging_mixin.py:188} INFO - [2025-06-27T01:22:07.272+0000] {serialized_dag.py:166} DEBUG - Checking if DAG (example_time_delta_sensor_async) changed
[2025-06-27T01:22:07.280+0000] {logging_mixin.py:188} INFO - [2025-06-27T01:22:07.280+0000] {plugins_manager.py:332} DEBUG - Plugins are already loaded. Skipping.
[2025-06-27T01:22:07.287+0000] {logging_mixin.py:188} INFO - [2025-06-27T01:22:07.286+0000] {plugins_manager.py:410} DEBUG - Initialize custom taskinstance deps plugins
[2025-06-27T01:22:07.305+0000] {logging_mixin.py:188} INFO - [2025-06-27T01:22:07.304+0000] {serialized_dag.py:177} DEBUG - Serialized DAG (example_time_delta_sensor_async) is unchanged. Skipping writing to DB
[2025-06-27T01:22:07.307+0000] {logging_mixin.py:188} INFO - [2025-06-27T01:22:07.307+0000] {dag.py:3096} INFO - Sync 1 DAGs
[2025-06-27T01:22:07.339+0000] {logging_mixin.py:188} INFO - [2025-06-27T01:22:07.338+0000] {dag.py:3954} INFO - Setting next_dagrun for example_time_delta_sensor_async to None, run_after=None
[2025-06-27T01:22:07.386+0000] {processor.py:183} INFO - Processing /home/airflow/.local/lib/python3.10/site-packages/airflow/example_dags/example_time_delta_sensor_async.py took 0.207 seconds
[2025-06-27T01:22:37.910+0000] {logging_mixin.py:188} INFO - [2025-06-27T01:22:37.909+0000] {settings.py:250} DEBUG - Setting up DB connection pool (PID 21016)
[2025-06-27T01:22:37.912+0000] {logging_mixin.py:188} INFO - [2025-06-27T01:22:37.912+0000] {settings.py:330} DEBUG - settings.prepare_engine_args(): Using pool settings. pool_size=5, max_overflow=10, pool_recycle=1800, pid=21016
[2025-06-27T01:22:37.926+0000] {processor.py:161} INFO - Started process (PID=21016) to work on /home/airflow/.local/lib/python3.10/site-packages/airflow/example_dags/example_time_delta_sensor_async.py
[2025-06-27T01:22:37.928+0000] {processor.py:830} INFO - Processing file /home/airflow/.local/lib/python3.10/site-packages/airflow/example_dags/example_time_delta_sensor_async.py for tasks to queue
[2025-06-27T01:22:37.930+0000] {logging_mixin.py:188} INFO - [2025-06-27T01:22:37.930+0000] {dagbag.py:545} INFO - Filling up the DagBag from /home/airflow/.local/lib/python3.10/site-packages/airflow/example_dags/example_time_delta_sensor_async.py
[2025-06-27T01:22:37.933+0000] {logging_mixin.py:188} INFO - [2025-06-27T01:22:37.933+0000] {dagbag.py:337} DEBUG - Importing /home/airflow/.local/lib/python3.10/site-packages/airflow/example_dags/example_time_delta_sensor_async.py
[2025-06-27T01:22:37.945+0000] {logging_mixin.py:188} INFO - [2025-06-27T01:22:37.942+0000] {dagbag.py:511} DEBUG - Loaded DAG <DAG: example_time_delta_sensor_async>
[2025-06-27T01:22:37.946+0000] {processor.py:840} INFO - DAG(s) 'example_time_delta_sensor_async' retrieved from /home/airflow/.local/lib/python3.10/site-packages/airflow/example_dags/example_time_delta_sensor_async.py
[2025-06-27T01:22:37.948+0000] {logging_mixin.py:188} INFO - [2025-06-27T01:22:37.948+0000] {dagbag.py:667} DEBUG - Running dagbag.sync_to_db with retries. Try 1 of 3
[2025-06-27T01:22:37.949+0000] {logging_mixin.py:188} INFO - [2025-06-27T01:22:37.949+0000] {dagbag.py:672} DEBUG - Calling the DAG.bulk_sync_to_db method
[2025-06-27T01:22:37.971+0000] {logging_mixin.py:188} INFO - [2025-06-27T01:22:37.971+0000] {serialized_dag.py:166} DEBUG - Checking if DAG (example_time_delta_sensor_async) changed
[2025-06-27T01:22:37.979+0000] {logging_mixin.py:188} INFO - [2025-06-27T01:22:37.978+0000] {plugins_manager.py:332} DEBUG - Plugins are already loaded. Skipping.
[2025-06-27T01:22:37.980+0000] {logging_mixin.py:188} INFO - [2025-06-27T01:22:37.979+0000] {plugins_manager.py:410} DEBUG - Initialize custom taskinstance deps plugins
[2025-06-27T01:22:37.994+0000] {logging_mixin.py:188} INFO - [2025-06-27T01:22:37.994+0000] {serialized_dag.py:177} DEBUG - Serialized DAG (example_time_delta_sensor_async) is unchanged. Skipping writing to DB
[2025-06-27T01:22:37.996+0000] {logging_mixin.py:188} INFO - [2025-06-27T01:22:37.995+0000] {dag.py:3096} INFO - Sync 1 DAGs
[2025-06-27T01:22:38.027+0000] {logging_mixin.py:188} INFO - [2025-06-27T01:22:38.026+0000] {dag.py:3954} INFO - Setting next_dagrun for example_time_delta_sensor_async to None, run_after=None
[2025-06-27T01:22:38.073+0000] {processor.py:183} INFO - Processing /home/airflow/.local/lib/python3.10/site-packages/airflow/example_dags/example_time_delta_sensor_async.py took 0.164 seconds
[2025-06-27T01:23:08.807+0000] {logging_mixin.py:188} INFO - [2025-06-27T01:23:08.805+0000] {settings.py:250} DEBUG - Setting up DB connection pool (PID 21081)
[2025-06-27T01:23:08.809+0000] {logging_mixin.py:188} INFO - [2025-06-27T01:23:08.808+0000] {settings.py:330} DEBUG - settings.prepare_engine_args(): Using pool settings. pool_size=5, max_overflow=10, pool_recycle=1800, pid=21081
[2025-06-27T01:23:08.821+0000] {processor.py:161} INFO - Started process (PID=21081) to work on /home/airflow/.local/lib/python3.10/site-packages/airflow/example_dags/example_time_delta_sensor_async.py
[2025-06-27T01:23:08.823+0000] {processor.py:830} INFO - Processing file /home/airflow/.local/lib/python3.10/site-packages/airflow/example_dags/example_time_delta_sensor_async.py for tasks to queue
[2025-06-27T01:23:08.825+0000] {logging_mixin.py:188} INFO - [2025-06-27T01:23:08.825+0000] {dagbag.py:545} INFO - Filling up the DagBag from /home/airflow/.local/lib/python3.10/site-packages/airflow/example_dags/example_time_delta_sensor_async.py
[2025-06-27T01:23:08.828+0000] {logging_mixin.py:188} INFO - [2025-06-27T01:23:08.828+0000] {dagbag.py:337} DEBUG - Importing /home/airflow/.local/lib/python3.10/site-packages/airflow/example_dags/example_time_delta_sensor_async.py
[2025-06-27T01:23:08.838+0000] {logging_mixin.py:188} INFO - [2025-06-27T01:23:08.836+0000] {dagbag.py:511} DEBUG - Loaded DAG <DAG: example_time_delta_sensor_async>
[2025-06-27T01:23:08.839+0000] {processor.py:840} INFO - DAG(s) 'example_time_delta_sensor_async' retrieved from /home/airflow/.local/lib/python3.10/site-packages/airflow/example_dags/example_time_delta_sensor_async.py
[2025-06-27T01:23:08.842+0000] {logging_mixin.py:188} INFO - [2025-06-27T01:23:08.842+0000] {dagbag.py:667} DEBUG - Running dagbag.sync_to_db with retries. Try 1 of 3
[2025-06-27T01:23:08.843+0000] {logging_mixin.py:188} INFO - [2025-06-27T01:23:08.842+0000] {dagbag.py:672} DEBUG - Calling the DAG.bulk_sync_to_db method
[2025-06-27T01:23:08.865+0000] {logging_mixin.py:188} INFO - [2025-06-27T01:23:08.865+0000] {serialized_dag.py:166} DEBUG - Checking if DAG (example_time_delta_sensor_async) changed
[2025-06-27T01:23:08.872+0000] {logging_mixin.py:188} INFO - [2025-06-27T01:23:08.871+0000] {plugins_manager.py:332} DEBUG - Plugins are already loaded. Skipping.
[2025-06-27T01:23:08.873+0000] {logging_mixin.py:188} INFO - [2025-06-27T01:23:08.873+0000] {plugins_manager.py:410} DEBUG - Initialize custom taskinstance deps plugins
[2025-06-27T01:23:08.884+0000] {logging_mixin.py:188} INFO - [2025-06-27T01:23:08.883+0000] {serialized_dag.py:177} DEBUG - Serialized DAG (example_time_delta_sensor_async) is unchanged. Skipping writing to DB
[2025-06-27T01:23:08.885+0000] {logging_mixin.py:188} INFO - [2025-06-27T01:23:08.885+0000] {dag.py:3096} INFO - Sync 1 DAGs
[2025-06-27T01:23:08.905+0000] {logging_mixin.py:188} INFO - [2025-06-27T01:23:08.904+0000] {dag.py:3954} INFO - Setting next_dagrun for example_time_delta_sensor_async to None, run_after=None
[2025-06-27T01:23:08.936+0000] {processor.py:183} INFO - Processing /home/airflow/.local/lib/python3.10/site-packages/airflow/example_dags/example_time_delta_sensor_async.py took 0.132 seconds
[2025-06-27T01:23:39.047+0000] {logging_mixin.py:188} INFO - [2025-06-27T01:23:39.045+0000] {settings.py:250} DEBUG - Setting up DB connection pool (PID 21144)
[2025-06-27T01:23:39.050+0000] {logging_mixin.py:188} INFO - [2025-06-27T01:23:39.050+0000] {settings.py:330} DEBUG - settings.prepare_engine_args(): Using pool settings. pool_size=5, max_overflow=10, pool_recycle=1800, pid=21144
[2025-06-27T01:23:39.067+0000] {processor.py:161} INFO - Started process (PID=21144) to work on /home/airflow/.local/lib/python3.10/site-packages/airflow/example_dags/example_time_delta_sensor_async.py
[2025-06-27T01:23:39.068+0000] {processor.py:830} INFO - Processing file /home/airflow/.local/lib/python3.10/site-packages/airflow/example_dags/example_time_delta_sensor_async.py for tasks to queue
[2025-06-27T01:23:39.070+0000] {logging_mixin.py:188} INFO - [2025-06-27T01:23:39.070+0000] {dagbag.py:545} INFO - Filling up the DagBag from /home/airflow/.local/lib/python3.10/site-packages/airflow/example_dags/example_time_delta_sensor_async.py
[2025-06-27T01:23:39.074+0000] {logging_mixin.py:188} INFO - [2025-06-27T01:23:39.073+0000] {dagbag.py:337} DEBUG - Importing /home/airflow/.local/lib/python3.10/site-packages/airflow/example_dags/example_time_delta_sensor_async.py
[2025-06-27T01:23:39.090+0000] {logging_mixin.py:188} INFO - [2025-06-27T01:23:39.085+0000] {dagbag.py:511} DEBUG - Loaded DAG <DAG: example_time_delta_sensor_async>
[2025-06-27T01:23:39.091+0000] {processor.py:840} INFO - DAG(s) 'example_time_delta_sensor_async' retrieved from /home/airflow/.local/lib/python3.10/site-packages/airflow/example_dags/example_time_delta_sensor_async.py
[2025-06-27T01:23:39.095+0000] {logging_mixin.py:188} INFO - [2025-06-27T01:23:39.095+0000] {dagbag.py:667} DEBUG - Running dagbag.sync_to_db with retries. Try 1 of 3
[2025-06-27T01:23:39.097+0000] {logging_mixin.py:188} INFO - [2025-06-27T01:23:39.096+0000] {dagbag.py:672} DEBUG - Calling the DAG.bulk_sync_to_db method
[2025-06-27T01:23:39.125+0000] {logging_mixin.py:188} INFO - [2025-06-27T01:23:39.125+0000] {serialized_dag.py:166} DEBUG - Checking if DAG (example_time_delta_sensor_async) changed
[2025-06-27T01:23:39.133+0000] {logging_mixin.py:188} INFO - [2025-06-27T01:23:39.133+0000] {plugins_manager.py:332} DEBUG - Plugins are already loaded. Skipping.
[2025-06-27T01:23:39.134+0000] {logging_mixin.py:188} INFO - [2025-06-27T01:23:39.133+0000] {plugins_manager.py:410} DEBUG - Initialize custom taskinstance deps plugins
[2025-06-27T01:23:39.147+0000] {logging_mixin.py:188} INFO - [2025-06-27T01:23:39.146+0000] {serialized_dag.py:177} DEBUG - Serialized DAG (example_time_delta_sensor_async) is unchanged. Skipping writing to DB
[2025-06-27T01:23:39.147+0000] {logging_mixin.py:188} INFO - [2025-06-27T01:23:39.147+0000] {dag.py:3096} INFO - Sync 1 DAGs
[2025-06-27T01:23:39.177+0000] {logging_mixin.py:188} INFO - [2025-06-27T01:23:39.176+0000] {dag.py:3954} INFO - Setting next_dagrun for example_time_delta_sensor_async to None, run_after=None
[2025-06-27T01:23:39.220+0000] {processor.py:183} INFO - Processing /home/airflow/.local/lib/python3.10/site-packages/airflow/example_dags/example_time_delta_sensor_async.py took 0.174 seconds
[2025-06-27T01:24:09.518+0000] {logging_mixin.py:188} INFO - [2025-06-27T01:24:09.516+0000] {settings.py:250} DEBUG - Setting up DB connection pool (PID 21207)
[2025-06-27T01:24:09.520+0000] {logging_mixin.py:188} INFO - [2025-06-27T01:24:09.520+0000] {settings.py:330} DEBUG - settings.prepare_engine_args(): Using pool settings. pool_size=5, max_overflow=10, pool_recycle=1800, pid=21207
[2025-06-27T01:24:09.540+0000] {processor.py:161} INFO - Started process (PID=21207) to work on /home/airflow/.local/lib/python3.10/site-packages/airflow/example_dags/example_time_delta_sensor_async.py
[2025-06-27T01:24:09.541+0000] {processor.py:830} INFO - Processing file /home/airflow/.local/lib/python3.10/site-packages/airflow/example_dags/example_time_delta_sensor_async.py for tasks to queue
[2025-06-27T01:24:09.544+0000] {logging_mixin.py:188} INFO - [2025-06-27T01:24:09.543+0000] {dagbag.py:545} INFO - Filling up the DagBag from /home/airflow/.local/lib/python3.10/site-packages/airflow/example_dags/example_time_delta_sensor_async.py
[2025-06-27T01:24:09.548+0000] {logging_mixin.py:188} INFO - [2025-06-27T01:24:09.547+0000] {dagbag.py:337} DEBUG - Importing /home/airflow/.local/lib/python3.10/site-packages/airflow/example_dags/example_time_delta_sensor_async.py
[2025-06-27T01:24:09.561+0000] {logging_mixin.py:188} INFO - [2025-06-27T01:24:09.557+0000] {dagbag.py:511} DEBUG - Loaded DAG <DAG: example_time_delta_sensor_async>
[2025-06-27T01:24:09.565+0000] {processor.py:840} INFO - DAG(s) 'example_time_delta_sensor_async' retrieved from /home/airflow/.local/lib/python3.10/site-packages/airflow/example_dags/example_time_delta_sensor_async.py
[2025-06-27T01:24:09.569+0000] {logging_mixin.py:188} INFO - [2025-06-27T01:24:09.568+0000] {dagbag.py:667} DEBUG - Running dagbag.sync_to_db with retries. Try 1 of 3
[2025-06-27T01:24:09.570+0000] {logging_mixin.py:188} INFO - [2025-06-27T01:24:09.570+0000] {dagbag.py:672} DEBUG - Calling the DAG.bulk_sync_to_db method
[2025-06-27T01:24:09.591+0000] {logging_mixin.py:188} INFO - [2025-06-27T01:24:09.591+0000] {serialized_dag.py:166} DEBUG - Checking if DAG (example_time_delta_sensor_async) changed
[2025-06-27T01:24:09.597+0000] {logging_mixin.py:188} INFO - [2025-06-27T01:24:09.596+0000] {plugins_manager.py:332} DEBUG - Plugins are already loaded. Skipping.
[2025-06-27T01:24:09.598+0000] {logging_mixin.py:188} INFO - [2025-06-27T01:24:09.597+0000] {plugins_manager.py:410} DEBUG - Initialize custom taskinstance deps plugins
[2025-06-27T01:24:09.607+0000] {logging_mixin.py:188} INFO - [2025-06-27T01:24:09.607+0000] {serialized_dag.py:177} DEBUG - Serialized DAG (example_time_delta_sensor_async) is unchanged. Skipping writing to DB
[2025-06-27T01:24:09.608+0000] {logging_mixin.py:188} INFO - [2025-06-27T01:24:09.608+0000] {dag.py:3096} INFO - Sync 1 DAGs
[2025-06-27T01:24:09.625+0000] {logging_mixin.py:188} INFO - [2025-06-27T01:24:09.625+0000] {dag.py:3954} INFO - Setting next_dagrun for example_time_delta_sensor_async to None, run_after=None
[2025-06-27T01:24:09.655+0000] {processor.py:183} INFO - Processing /home/airflow/.local/lib/python3.10/site-packages/airflow/example_dags/example_time_delta_sensor_async.py took 0.139 seconds
[2025-06-27T01:24:39.903+0000] {logging_mixin.py:188} INFO - [2025-06-27T01:24:39.901+0000] {settings.py:250} DEBUG - Setting up DB connection pool (PID 21270)
[2025-06-27T01:24:39.905+0000] {logging_mixin.py:188} INFO - [2025-06-27T01:24:39.905+0000] {settings.py:330} DEBUG - settings.prepare_engine_args(): Using pool settings. pool_size=5, max_overflow=10, pool_recycle=1800, pid=21270
[2025-06-27T01:24:39.917+0000] {processor.py:161} INFO - Started process (PID=21270) to work on /home/airflow/.local/lib/python3.10/site-packages/airflow/example_dags/example_time_delta_sensor_async.py
[2025-06-27T01:24:39.917+0000] {processor.py:830} INFO - Processing file /home/airflow/.local/lib/python3.10/site-packages/airflow/example_dags/example_time_delta_sensor_async.py for tasks to queue
[2025-06-27T01:24:39.919+0000] {logging_mixin.py:188} INFO - [2025-06-27T01:24:39.918+0000] {dagbag.py:545} INFO - Filling up the DagBag from /home/airflow/.local/lib/python3.10/site-packages/airflow/example_dags/example_time_delta_sensor_async.py
[2025-06-27T01:24:39.922+0000] {logging_mixin.py:188} INFO - [2025-06-27T01:24:39.921+0000] {dagbag.py:337} DEBUG - Importing /home/airflow/.local/lib/python3.10/site-packages/airflow/example_dags/example_time_delta_sensor_async.py
[2025-06-27T01:24:39.931+0000] {logging_mixin.py:188} INFO - [2025-06-27T01:24:39.929+0000] {dagbag.py:511} DEBUG - Loaded DAG <DAG: example_time_delta_sensor_async>
[2025-06-27T01:24:39.933+0000] {processor.py:840} INFO - DAG(s) 'example_time_delta_sensor_async' retrieved from /home/airflow/.local/lib/python3.10/site-packages/airflow/example_dags/example_time_delta_sensor_async.py
[2025-06-27T01:24:39.935+0000] {logging_mixin.py:188} INFO - [2025-06-27T01:24:39.935+0000] {dagbag.py:667} DEBUG - Running dagbag.sync_to_db with retries. Try 1 of 3
[2025-06-27T01:24:39.936+0000] {logging_mixin.py:188} INFO - [2025-06-27T01:24:39.936+0000] {dagbag.py:672} DEBUG - Calling the DAG.bulk_sync_to_db method
[2025-06-27T01:24:39.962+0000] {logging_mixin.py:188} INFO - [2025-06-27T01:24:39.962+0000] {serialized_dag.py:166} DEBUG - Checking if DAG (example_time_delta_sensor_async) changed
[2025-06-27T01:24:39.970+0000] {logging_mixin.py:188} INFO - [2025-06-27T01:24:39.970+0000] {plugins_manager.py:332} DEBUG - Plugins are already loaded. Skipping.
[2025-06-27T01:24:39.971+0000] {logging_mixin.py:188} INFO - [2025-06-27T01:24:39.971+0000] {plugins_manager.py:410} DEBUG - Initialize custom taskinstance deps plugins
[2025-06-27T01:24:39.984+0000] {logging_mixin.py:188} INFO - [2025-06-27T01:24:39.984+0000] {serialized_dag.py:177} DEBUG - Serialized DAG (example_time_delta_sensor_async) is unchanged. Skipping writing to DB
[2025-06-27T01:24:39.985+0000] {logging_mixin.py:188} INFO - [2025-06-27T01:24:39.985+0000] {dag.py:3096} INFO - Sync 1 DAGs
[2025-06-27T01:24:40.011+0000] {logging_mixin.py:188} INFO - [2025-06-27T01:24:40.011+0000] {dag.py:3954} INFO - Setting next_dagrun for example_time_delta_sensor_async to None, run_after=None
[2025-06-27T01:24:40.043+0000] {processor.py:183} INFO - Processing /home/airflow/.local/lib/python3.10/site-packages/airflow/example_dags/example_time_delta_sensor_async.py took 0.143 seconds
[2025-06-27T01:25:10.910+0000] {logging_mixin.py:188} INFO - [2025-06-27T01:25:10.908+0000] {settings.py:250} DEBUG - Setting up DB connection pool (PID 21333)
[2025-06-27T01:25:10.912+0000] {logging_mixin.py:188} INFO - [2025-06-27T01:25:10.912+0000] {settings.py:330} DEBUG - settings.prepare_engine_args(): Using pool settings. pool_size=5, max_overflow=10, pool_recycle=1800, pid=21333
[2025-06-27T01:25:10.926+0000] {processor.py:161} INFO - Started process (PID=21333) to work on /home/airflow/.local/lib/python3.10/site-packages/airflow/example_dags/example_time_delta_sensor_async.py
[2025-06-27T01:25:10.928+0000] {processor.py:830} INFO - Processing file /home/airflow/.local/lib/python3.10/site-packages/airflow/example_dags/example_time_delta_sensor_async.py for tasks to queue
[2025-06-27T01:25:10.930+0000] {logging_mixin.py:188} INFO - [2025-06-27T01:25:10.930+0000] {dagbag.py:545} INFO - Filling up the DagBag from /home/airflow/.local/lib/python3.10/site-packages/airflow/example_dags/example_time_delta_sensor_async.py
[2025-06-27T01:25:10.933+0000] {logging_mixin.py:188} INFO - [2025-06-27T01:25:10.933+0000] {dagbag.py:337} DEBUG - Importing /home/airflow/.local/lib/python3.10/site-packages/airflow/example_dags/example_time_delta_sensor_async.py
[2025-06-27T01:25:10.947+0000] {logging_mixin.py:188} INFO - [2025-06-27T01:25:10.943+0000] {dagbag.py:511} DEBUG - Loaded DAG <DAG: example_time_delta_sensor_async>
[2025-06-27T01:25:10.948+0000] {processor.py:840} INFO - DAG(s) 'example_time_delta_sensor_async' retrieved from /home/airflow/.local/lib/python3.10/site-packages/airflow/example_dags/example_time_delta_sensor_async.py
[2025-06-27T01:25:10.952+0000] {logging_mixin.py:188} INFO - [2025-06-27T01:25:10.951+0000] {dagbag.py:667} DEBUG - Running dagbag.sync_to_db with retries. Try 1 of 3
[2025-06-27T01:25:10.954+0000] {logging_mixin.py:188} INFO - [2025-06-27T01:25:10.954+0000] {dagbag.py:672} DEBUG - Calling the DAG.bulk_sync_to_db method
[2025-06-27T01:25:10.980+0000] {logging_mixin.py:188} INFO - [2025-06-27T01:25:10.979+0000] {serialized_dag.py:166} DEBUG - Checking if DAG (example_time_delta_sensor_async) changed
[2025-06-27T01:25:10.987+0000] {logging_mixin.py:188} INFO - [2025-06-27T01:25:10.986+0000] {plugins_manager.py:332} DEBUG - Plugins are already loaded. Skipping.
[2025-06-27T01:25:10.988+0000] {logging_mixin.py:188} INFO - [2025-06-27T01:25:10.988+0000] {plugins_manager.py:410} DEBUG - Initialize custom taskinstance deps plugins
[2025-06-27T01:25:11.000+0000] {logging_mixin.py:188} INFO - [2025-06-27T01:25:11.000+0000] {serialized_dag.py:177} DEBUG - Serialized DAG (example_time_delta_sensor_async) is unchanged. Skipping writing to DB
[2025-06-27T01:25:11.002+0000] {logging_mixin.py:188} INFO - [2025-06-27T01:25:11.001+0000] {dag.py:3096} INFO - Sync 1 DAGs
[2025-06-27T01:25:11.033+0000] {logging_mixin.py:188} INFO - [2025-06-27T01:25:11.032+0000] {dag.py:3954} INFO - Setting next_dagrun for example_time_delta_sensor_async to None, run_after=None
[2025-06-27T01:25:11.074+0000] {processor.py:183} INFO - Processing /home/airflow/.local/lib/python3.10/site-packages/airflow/example_dags/example_time_delta_sensor_async.py took 0.166 seconds
[2025-06-27T01:25:41.648+0000] {logging_mixin.py:188} INFO - [2025-06-27T01:25:41.647+0000] {settings.py:250} DEBUG - Setting up DB connection pool (PID 21394)
[2025-06-27T01:25:41.650+0000] {logging_mixin.py:188} INFO - [2025-06-27T01:25:41.650+0000] {settings.py:330} DEBUG - settings.prepare_engine_args(): Using pool settings. pool_size=5, max_overflow=10, pool_recycle=1800, pid=21394
[2025-06-27T01:25:41.665+0000] {processor.py:161} INFO - Started process (PID=21394) to work on /home/airflow/.local/lib/python3.10/site-packages/airflow/example_dags/example_time_delta_sensor_async.py
[2025-06-27T01:25:41.666+0000] {processor.py:830} INFO - Processing file /home/airflow/.local/lib/python3.10/site-packages/airflow/example_dags/example_time_delta_sensor_async.py for tasks to queue
[2025-06-27T01:25:41.668+0000] {logging_mixin.py:188} INFO - [2025-06-27T01:25:41.668+0000] {dagbag.py:545} INFO - Filling up the DagBag from /home/airflow/.local/lib/python3.10/site-packages/airflow/example_dags/example_time_delta_sensor_async.py
[2025-06-27T01:25:41.670+0000] {logging_mixin.py:188} INFO - [2025-06-27T01:25:41.670+0000] {dagbag.py:337} DEBUG - Importing /home/airflow/.local/lib/python3.10/site-packages/airflow/example_dags/example_time_delta_sensor_async.py
[2025-06-27T01:25:41.680+0000] {logging_mixin.py:188} INFO - [2025-06-27T01:25:41.678+0000] {dagbag.py:511} DEBUG - Loaded DAG <DAG: example_time_delta_sensor_async>
[2025-06-27T01:25:41.680+0000] {processor.py:840} INFO - DAG(s) 'example_time_delta_sensor_async' retrieved from /home/airflow/.local/lib/python3.10/site-packages/airflow/example_dags/example_time_delta_sensor_async.py
[2025-06-27T01:25:41.683+0000] {logging_mixin.py:188} INFO - [2025-06-27T01:25:41.682+0000] {dagbag.py:667} DEBUG - Running dagbag.sync_to_db with retries. Try 1 of 3
[2025-06-27T01:25:41.684+0000] {logging_mixin.py:188} INFO - [2025-06-27T01:25:41.683+0000] {dagbag.py:672} DEBUG - Calling the DAG.bulk_sync_to_db method
[2025-06-27T01:25:41.704+0000] {logging_mixin.py:188} INFO - [2025-06-27T01:25:41.704+0000] {serialized_dag.py:166} DEBUG - Checking if DAG (example_time_delta_sensor_async) changed
[2025-06-27T01:25:41.709+0000] {logging_mixin.py:188} INFO - [2025-06-27T01:25:41.709+0000] {plugins_manager.py:332} DEBUG - Plugins are already loaded. Skipping.
[2025-06-27T01:25:41.710+0000] {logging_mixin.py:188} INFO - [2025-06-27T01:25:41.710+0000] {plugins_manager.py:410} DEBUG - Initialize custom taskinstance deps plugins
[2025-06-27T01:25:41.720+0000] {logging_mixin.py:188} INFO - [2025-06-27T01:25:41.719+0000] {serialized_dag.py:177} DEBUG - Serialized DAG (example_time_delta_sensor_async) is unchanged. Skipping writing to DB
[2025-06-27T01:25:41.723+0000] {logging_mixin.py:188} INFO - [2025-06-27T01:25:41.723+0000] {dag.py:3096} INFO - Sync 1 DAGs
[2025-06-27T01:25:41.740+0000] {logging_mixin.py:188} INFO - [2025-06-27T01:25:41.740+0000] {dag.py:3954} INFO - Setting next_dagrun for example_time_delta_sensor_async to None, run_after=None
[2025-06-27T01:25:41.769+0000] {processor.py:183} INFO - Processing /home/airflow/.local/lib/python3.10/site-packages/airflow/example_dags/example_time_delta_sensor_async.py took 0.123 seconds
[2025-06-27T01:26:12.042+0000] {logging_mixin.py:188} INFO - [2025-06-27T01:26:12.040+0000] {settings.py:250} DEBUG - Setting up DB connection pool (PID 21457)
[2025-06-27T01:26:12.044+0000] {logging_mixin.py:188} INFO - [2025-06-27T01:26:12.044+0000] {settings.py:330} DEBUG - settings.prepare_engine_args(): Using pool settings. pool_size=5, max_overflow=10, pool_recycle=1800, pid=21457
[2025-06-27T01:26:12.057+0000] {processor.py:161} INFO - Started process (PID=21457) to work on /home/airflow/.local/lib/python3.10/site-packages/airflow/example_dags/example_time_delta_sensor_async.py
[2025-06-27T01:26:12.058+0000] {processor.py:830} INFO - Processing file /home/airflow/.local/lib/python3.10/site-packages/airflow/example_dags/example_time_delta_sensor_async.py for tasks to queue
[2025-06-27T01:26:12.060+0000] {logging_mixin.py:188} INFO - [2025-06-27T01:26:12.060+0000] {dagbag.py:545} INFO - Filling up the DagBag from /home/airflow/.local/lib/python3.10/site-packages/airflow/example_dags/example_time_delta_sensor_async.py
[2025-06-27T01:26:12.063+0000] {logging_mixin.py:188} INFO - [2025-06-27T01:26:12.063+0000] {dagbag.py:337} DEBUG - Importing /home/airflow/.local/lib/python3.10/site-packages/airflow/example_dags/example_time_delta_sensor_async.py
[2025-06-27T01:26:12.074+0000] {logging_mixin.py:188} INFO - [2025-06-27T01:26:12.071+0000] {dagbag.py:511} DEBUG - Loaded DAG <DAG: example_time_delta_sensor_async>
[2025-06-27T01:26:12.074+0000] {processor.py:840} INFO - DAG(s) 'example_time_delta_sensor_async' retrieved from /home/airflow/.local/lib/python3.10/site-packages/airflow/example_dags/example_time_delta_sensor_async.py
[2025-06-27T01:26:12.077+0000] {logging_mixin.py:188} INFO - [2025-06-27T01:26:12.076+0000] {dagbag.py:667} DEBUG - Running dagbag.sync_to_db with retries. Try 1 of 3
[2025-06-27T01:26:12.078+0000] {logging_mixin.py:188} INFO - [2025-06-27T01:26:12.077+0000] {dagbag.py:672} DEBUG - Calling the DAG.bulk_sync_to_db method
[2025-06-27T01:26:12.102+0000] {logging_mixin.py:188} INFO - [2025-06-27T01:26:12.102+0000] {serialized_dag.py:166} DEBUG - Checking if DAG (example_time_delta_sensor_async) changed
[2025-06-27T01:26:12.107+0000] {logging_mixin.py:188} INFO - [2025-06-27T01:26:12.107+0000] {plugins_manager.py:332} DEBUG - Plugins are already loaded. Skipping.
[2025-06-27T01:26:12.108+0000] {logging_mixin.py:188} INFO - [2025-06-27T01:26:12.108+0000] {plugins_manager.py:410} DEBUG - Initialize custom taskinstance deps plugins
[2025-06-27T01:26:12.120+0000] {logging_mixin.py:188} INFO - [2025-06-27T01:26:12.120+0000] {serialized_dag.py:177} DEBUG - Serialized DAG (example_time_delta_sensor_async) is unchanged. Skipping writing to DB
[2025-06-27T01:26:12.121+0000] {logging_mixin.py:188} INFO - [2025-06-27T01:26:12.121+0000] {dag.py:3096} INFO - Sync 1 DAGs
[2025-06-27T01:26:12.143+0000] {logging_mixin.py:188} INFO - [2025-06-27T01:26:12.143+0000] {dag.py:3954} INFO - Setting next_dagrun for example_time_delta_sensor_async to None, run_after=None
[2025-06-27T01:26:12.177+0000] {processor.py:183} INFO - Processing /home/airflow/.local/lib/python3.10/site-packages/airflow/example_dags/example_time_delta_sensor_async.py took 0.137 seconds
[2025-06-27T01:26:42.629+0000] {logging_mixin.py:188} INFO - [2025-06-27T01:26:42.627+0000] {settings.py:250} DEBUG - Setting up DB connection pool (PID 21520)
[2025-06-27T01:26:42.631+0000] {logging_mixin.py:188} INFO - [2025-06-27T01:26:42.631+0000] {settings.py:330} DEBUG - settings.prepare_engine_args(): Using pool settings. pool_size=5, max_overflow=10, pool_recycle=1800, pid=21520
[2025-06-27T01:26:42.643+0000] {processor.py:161} INFO - Started process (PID=21520) to work on /home/airflow/.local/lib/python3.10/site-packages/airflow/example_dags/example_time_delta_sensor_async.py
[2025-06-27T01:26:42.645+0000] {processor.py:830} INFO - Processing file /home/airflow/.local/lib/python3.10/site-packages/airflow/example_dags/example_time_delta_sensor_async.py for tasks to queue
[2025-06-27T01:26:42.646+0000] {logging_mixin.py:188} INFO - [2025-06-27T01:26:42.646+0000] {dagbag.py:545} INFO - Filling up the DagBag from /home/airflow/.local/lib/python3.10/site-packages/airflow/example_dags/example_time_delta_sensor_async.py
[2025-06-27T01:26:42.649+0000] {logging_mixin.py:188} INFO - [2025-06-27T01:26:42.649+0000] {dagbag.py:337} DEBUG - Importing /home/airflow/.local/lib/python3.10/site-packages/airflow/example_dags/example_time_delta_sensor_async.py
[2025-06-27T01:26:42.660+0000] {logging_mixin.py:188} INFO - [2025-06-27T01:26:42.657+0000] {dagbag.py:511} DEBUG - Loaded DAG <DAG: example_time_delta_sensor_async>
[2025-06-27T01:26:42.661+0000] {processor.py:840} INFO - DAG(s) 'example_time_delta_sensor_async' retrieved from /home/airflow/.local/lib/python3.10/site-packages/airflow/example_dags/example_time_delta_sensor_async.py
[2025-06-27T01:26:42.664+0000] {logging_mixin.py:188} INFO - [2025-06-27T01:26:42.664+0000] {dagbag.py:667} DEBUG - Running dagbag.sync_to_db with retries. Try 1 of 3
[2025-06-27T01:26:42.665+0000] {logging_mixin.py:188} INFO - [2025-06-27T01:26:42.665+0000] {dagbag.py:672} DEBUG - Calling the DAG.bulk_sync_to_db method
[2025-06-27T01:26:42.692+0000] {logging_mixin.py:188} INFO - [2025-06-27T01:26:42.691+0000] {serialized_dag.py:166} DEBUG - Checking if DAG (example_time_delta_sensor_async) changed
[2025-06-27T01:26:42.699+0000] {logging_mixin.py:188} INFO - [2025-06-27T01:26:42.699+0000] {plugins_manager.py:332} DEBUG - Plugins are already loaded. Skipping.
[2025-06-27T01:26:42.700+0000] {logging_mixin.py:188} INFO - [2025-06-27T01:26:42.700+0000] {plugins_manager.py:410} DEBUG - Initialize custom taskinstance deps plugins
[2025-06-27T01:26:42.713+0000] {logging_mixin.py:188} INFO - [2025-06-27T01:26:42.712+0000] {serialized_dag.py:177} DEBUG - Serialized DAG (example_time_delta_sensor_async) is unchanged. Skipping writing to DB
[2025-06-27T01:26:42.714+0000] {logging_mixin.py:188} INFO - [2025-06-27T01:26:42.714+0000] {dag.py:3096} INFO - Sync 1 DAGs
[2025-06-27T01:26:42.737+0000] {logging_mixin.py:188} INFO - [2025-06-27T01:26:42.737+0000] {dag.py:3954} INFO - Setting next_dagrun for example_time_delta_sensor_async to None, run_after=None
[2025-06-27T01:26:42.772+0000] {processor.py:183} INFO - Processing /home/airflow/.local/lib/python3.10/site-packages/airflow/example_dags/example_time_delta_sensor_async.py took 0.145 seconds
[2025-06-27T01:27:13.349+0000] {logging_mixin.py:188} INFO - [2025-06-27T01:27:13.348+0000] {settings.py:250} DEBUG - Setting up DB connection pool (PID 21583)
[2025-06-27T01:27:13.353+0000] {logging_mixin.py:188} INFO - [2025-06-27T01:27:13.353+0000] {settings.py:330} DEBUG - settings.prepare_engine_args(): Using pool settings. pool_size=5, max_overflow=10, pool_recycle=1800, pid=21583
[2025-06-27T01:27:13.369+0000] {processor.py:161} INFO - Started process (PID=21583) to work on /home/airflow/.local/lib/python3.10/site-packages/airflow/example_dags/example_time_delta_sensor_async.py
[2025-06-27T01:27:13.370+0000] {processor.py:830} INFO - Processing file /home/airflow/.local/lib/python3.10/site-packages/airflow/example_dags/example_time_delta_sensor_async.py for tasks to queue
[2025-06-27T01:27:13.373+0000] {logging_mixin.py:188} INFO - [2025-06-27T01:27:13.373+0000] {dagbag.py:545} INFO - Filling up the DagBag from /home/airflow/.local/lib/python3.10/site-packages/airflow/example_dags/example_time_delta_sensor_async.py
[2025-06-27T01:27:13.376+0000] {logging_mixin.py:188} INFO - [2025-06-27T01:27:13.376+0000] {dagbag.py:337} DEBUG - Importing /home/airflow/.local/lib/python3.10/site-packages/airflow/example_dags/example_time_delta_sensor_async.py
[2025-06-27T01:27:13.389+0000] {logging_mixin.py:188} INFO - [2025-06-27T01:27:13.386+0000] {dagbag.py:511} DEBUG - Loaded DAG <DAG: example_time_delta_sensor_async>
[2025-06-27T01:27:13.390+0000] {processor.py:840} INFO - DAG(s) 'example_time_delta_sensor_async' retrieved from /home/airflow/.local/lib/python3.10/site-packages/airflow/example_dags/example_time_delta_sensor_async.py
[2025-06-27T01:27:13.392+0000] {logging_mixin.py:188} INFO - [2025-06-27T01:27:13.392+0000] {dagbag.py:667} DEBUG - Running dagbag.sync_to_db with retries. Try 1 of 3
[2025-06-27T01:27:13.393+0000] {logging_mixin.py:188} INFO - [2025-06-27T01:27:13.393+0000] {dagbag.py:672} DEBUG - Calling the DAG.bulk_sync_to_db method
[2025-06-27T01:27:13.418+0000] {logging_mixin.py:188} INFO - [2025-06-27T01:27:13.418+0000] {serialized_dag.py:166} DEBUG - Checking if DAG (example_time_delta_sensor_async) changed
[2025-06-27T01:27:13.425+0000] {logging_mixin.py:188} INFO - [2025-06-27T01:27:13.424+0000] {plugins_manager.py:332} DEBUG - Plugins are already loaded. Skipping.
[2025-06-27T01:27:13.426+0000] {logging_mixin.py:188} INFO - [2025-06-27T01:27:13.426+0000] {plugins_manager.py:410} DEBUG - Initialize custom taskinstance deps plugins
[2025-06-27T01:27:13.435+0000] {logging_mixin.py:188} INFO - [2025-06-27T01:27:13.435+0000] {serialized_dag.py:177} DEBUG - Serialized DAG (example_time_delta_sensor_async) is unchanged. Skipping writing to DB
[2025-06-27T01:27:13.437+0000] {logging_mixin.py:188} INFO - [2025-06-27T01:27:13.436+0000] {dag.py:3096} INFO - Sync 1 DAGs
[2025-06-27T01:27:13.456+0000] {logging_mixin.py:188} INFO - [2025-06-27T01:27:13.455+0000] {dag.py:3954} INFO - Setting next_dagrun for example_time_delta_sensor_async to None, run_after=None
[2025-06-27T01:27:13.488+0000] {processor.py:183} INFO - Processing /home/airflow/.local/lib/python3.10/site-packages/airflow/example_dags/example_time_delta_sensor_async.py took 0.141 seconds
[2025-06-27T01:27:43.950+0000] {logging_mixin.py:188} INFO - [2025-06-27T01:27:43.948+0000] {settings.py:250} DEBUG - Setting up DB connection pool (PID 21647)
[2025-06-27T01:27:43.954+0000] {logging_mixin.py:188} INFO - [2025-06-27T01:27:43.953+0000] {settings.py:330} DEBUG - settings.prepare_engine_args(): Using pool settings. pool_size=5, max_overflow=10, pool_recycle=1800, pid=21647
[2025-06-27T01:27:43.969+0000] {processor.py:161} INFO - Started process (PID=21647) to work on /home/airflow/.local/lib/python3.10/site-packages/airflow/example_dags/example_time_delta_sensor_async.py
[2025-06-27T01:27:43.970+0000] {processor.py:830} INFO - Processing file /home/airflow/.local/lib/python3.10/site-packages/airflow/example_dags/example_time_delta_sensor_async.py for tasks to queue
[2025-06-27T01:27:43.973+0000] {logging_mixin.py:188} INFO - [2025-06-27T01:27:43.972+0000] {dagbag.py:545} INFO - Filling up the DagBag from /home/airflow/.local/lib/python3.10/site-packages/airflow/example_dags/example_time_delta_sensor_async.py
[2025-06-27T01:27:43.976+0000] {logging_mixin.py:188} INFO - [2025-06-27T01:27:43.975+0000] {dagbag.py:337} DEBUG - Importing /home/airflow/.local/lib/python3.10/site-packages/airflow/example_dags/example_time_delta_sensor_async.py
[2025-06-27T01:27:43.987+0000] {logging_mixin.py:188} INFO - [2025-06-27T01:27:43.984+0000] {dagbag.py:511} DEBUG - Loaded DAG <DAG: example_time_delta_sensor_async>
[2025-06-27T01:27:43.988+0000] {processor.py:840} INFO - DAG(s) 'example_time_delta_sensor_async' retrieved from /home/airflow/.local/lib/python3.10/site-packages/airflow/example_dags/example_time_delta_sensor_async.py
[2025-06-27T01:27:43.992+0000] {logging_mixin.py:188} INFO - [2025-06-27T01:27:43.991+0000] {dagbag.py:667} DEBUG - Running dagbag.sync_to_db with retries. Try 1 of 3
[2025-06-27T01:27:43.993+0000] {logging_mixin.py:188} INFO - [2025-06-27T01:27:43.993+0000] {dagbag.py:672} DEBUG - Calling the DAG.bulk_sync_to_db method
[2025-06-27T01:27:44.019+0000] {logging_mixin.py:188} INFO - [2025-06-27T01:27:44.019+0000] {serialized_dag.py:166} DEBUG - Checking if DAG (example_time_delta_sensor_async) changed
[2025-06-27T01:27:44.027+0000] {logging_mixin.py:188} INFO - [2025-06-27T01:27:44.027+0000] {plugins_manager.py:332} DEBUG - Plugins are already loaded. Skipping.
[2025-06-27T01:27:44.029+0000] {logging_mixin.py:188} INFO - [2025-06-27T01:27:44.028+0000] {plugins_manager.py:410} DEBUG - Initialize custom taskinstance deps plugins
[2025-06-27T01:27:44.039+0000] {logging_mixin.py:188} INFO - [2025-06-27T01:27:44.039+0000] {serialized_dag.py:177} DEBUG - Serialized DAG (example_time_delta_sensor_async) is unchanged. Skipping writing to DB
[2025-06-27T01:27:44.041+0000] {logging_mixin.py:188} INFO - [2025-06-27T01:27:44.040+0000] {dag.py:3096} INFO - Sync 1 DAGs
[2025-06-27T01:27:44.068+0000] {logging_mixin.py:188} INFO - [2025-06-27T01:27:44.068+0000] {dag.py:3954} INFO - Setting next_dagrun for example_time_delta_sensor_async to None, run_after=None
[2025-06-27T01:27:44.108+0000] {processor.py:183} INFO - Processing /home/airflow/.local/lib/python3.10/site-packages/airflow/example_dags/example_time_delta_sensor_async.py took 0.160 seconds
[2025-06-27T01:28:14.454+0000] {logging_mixin.py:188} INFO - [2025-06-27T01:28:14.453+0000] {settings.py:250} DEBUG - Setting up DB connection pool (PID 21710)
[2025-06-27T01:28:14.457+0000] {logging_mixin.py:188} INFO - [2025-06-27T01:28:14.456+0000] {settings.py:330} DEBUG - settings.prepare_engine_args(): Using pool settings. pool_size=5, max_overflow=10, pool_recycle=1800, pid=21710
[2025-06-27T01:28:14.469+0000] {processor.py:161} INFO - Started process (PID=21710) to work on /home/airflow/.local/lib/python3.10/site-packages/airflow/example_dags/example_time_delta_sensor_async.py
[2025-06-27T01:28:14.471+0000] {processor.py:830} INFO - Processing file /home/airflow/.local/lib/python3.10/site-packages/airflow/example_dags/example_time_delta_sensor_async.py for tasks to queue
[2025-06-27T01:28:14.473+0000] {logging_mixin.py:188} INFO - [2025-06-27T01:28:14.472+0000] {dagbag.py:545} INFO - Filling up the DagBag from /home/airflow/.local/lib/python3.10/site-packages/airflow/example_dags/example_time_delta_sensor_async.py
[2025-06-27T01:28:14.476+0000] {logging_mixin.py:188} INFO - [2025-06-27T01:28:14.475+0000] {dagbag.py:337} DEBUG - Importing /home/airflow/.local/lib/python3.10/site-packages/airflow/example_dags/example_time_delta_sensor_async.py
[2025-06-27T01:28:14.487+0000] {logging_mixin.py:188} INFO - [2025-06-27T01:28:14.485+0000] {dagbag.py:511} DEBUG - Loaded DAG <DAG: example_time_delta_sensor_async>
[2025-06-27T01:28:14.489+0000] {processor.py:840} INFO - DAG(s) 'example_time_delta_sensor_async' retrieved from /home/airflow/.local/lib/python3.10/site-packages/airflow/example_dags/example_time_delta_sensor_async.py
[2025-06-27T01:28:14.492+0000] {logging_mixin.py:188} INFO - [2025-06-27T01:28:14.491+0000] {dagbag.py:667} DEBUG - Running dagbag.sync_to_db with retries. Try 1 of 3
[2025-06-27T01:28:14.493+0000] {logging_mixin.py:188} INFO - [2025-06-27T01:28:14.493+0000] {dagbag.py:672} DEBUG - Calling the DAG.bulk_sync_to_db method
[2025-06-27T01:28:14.517+0000] {logging_mixin.py:188} INFO - [2025-06-27T01:28:14.517+0000] {serialized_dag.py:166} DEBUG - Checking if DAG (example_time_delta_sensor_async) changed
[2025-06-27T01:28:14.525+0000] {logging_mixin.py:188} INFO - [2025-06-27T01:28:14.524+0000] {plugins_manager.py:332} DEBUG - Plugins are already loaded. Skipping.
[2025-06-27T01:28:14.526+0000] {logging_mixin.py:188} INFO - [2025-06-27T01:28:14.525+0000] {plugins_manager.py:410} DEBUG - Initialize custom taskinstance deps plugins
[2025-06-27T01:28:14.538+0000] {logging_mixin.py:188} INFO - [2025-06-27T01:28:14.538+0000] {serialized_dag.py:177} DEBUG - Serialized DAG (example_time_delta_sensor_async) is unchanged. Skipping writing to DB
[2025-06-27T01:28:14.539+0000] {logging_mixin.py:188} INFO - [2025-06-27T01:28:14.539+0000] {dag.py:3096} INFO - Sync 1 DAGs
[2025-06-27T01:28:14.561+0000] {logging_mixin.py:188} INFO - [2025-06-27T01:28:14.561+0000] {dag.py:3954} INFO - Setting next_dagrun for example_time_delta_sensor_async to None, run_after=None
[2025-06-27T01:28:14.604+0000] {processor.py:183} INFO - Processing /home/airflow/.local/lib/python3.10/site-packages/airflow/example_dags/example_time_delta_sensor_async.py took 0.151 seconds
[2025-06-27T01:28:44.988+0000] {logging_mixin.py:188} INFO - [2025-06-27T01:28:44.986+0000] {settings.py:250} DEBUG - Setting up DB connection pool (PID 21773)
[2025-06-27T01:28:44.992+0000] {logging_mixin.py:188} INFO - [2025-06-27T01:28:44.992+0000] {settings.py:330} DEBUG - settings.prepare_engine_args(): Using pool settings. pool_size=5, max_overflow=10, pool_recycle=1800, pid=21773
[2025-06-27T01:28:45.011+0000] {processor.py:161} INFO - Started process (PID=21773) to work on /home/airflow/.local/lib/python3.10/site-packages/airflow/example_dags/example_time_delta_sensor_async.py
[2025-06-27T01:28:45.012+0000] {processor.py:830} INFO - Processing file /home/airflow/.local/lib/python3.10/site-packages/airflow/example_dags/example_time_delta_sensor_async.py for tasks to queue
[2025-06-27T01:28:45.014+0000] {logging_mixin.py:188} INFO - [2025-06-27T01:28:45.014+0000] {dagbag.py:545} INFO - Filling up the DagBag from /home/airflow/.local/lib/python3.10/site-packages/airflow/example_dags/example_time_delta_sensor_async.py
[2025-06-27T01:28:45.018+0000] {logging_mixin.py:188} INFO - [2025-06-27T01:28:45.018+0000] {dagbag.py:337} DEBUG - Importing /home/airflow/.local/lib/python3.10/site-packages/airflow/example_dags/example_time_delta_sensor_async.py
[2025-06-27T01:28:45.032+0000] {logging_mixin.py:188} INFO - [2025-06-27T01:28:45.029+0000] {dagbag.py:511} DEBUG - Loaded DAG <DAG: example_time_delta_sensor_async>
[2025-06-27T01:28:45.033+0000] {processor.py:840} INFO - DAG(s) 'example_time_delta_sensor_async' retrieved from /home/airflow/.local/lib/python3.10/site-packages/airflow/example_dags/example_time_delta_sensor_async.py
[2025-06-27T01:28:45.038+0000] {logging_mixin.py:188} INFO - [2025-06-27T01:28:45.037+0000] {dagbag.py:667} DEBUG - Running dagbag.sync_to_db with retries. Try 1 of 3
[2025-06-27T01:28:45.039+0000] {logging_mixin.py:188} INFO - [2025-06-27T01:28:45.038+0000] {dagbag.py:672} DEBUG - Calling the DAG.bulk_sync_to_db method
[2025-06-27T01:28:45.066+0000] {logging_mixin.py:188} INFO - [2025-06-27T01:28:45.066+0000] {serialized_dag.py:166} DEBUG - Checking if DAG (example_time_delta_sensor_async) changed
[2025-06-27T01:28:45.074+0000] {logging_mixin.py:188} INFO - [2025-06-27T01:28:45.074+0000] {plugins_manager.py:332} DEBUG - Plugins are already loaded. Skipping.
[2025-06-27T01:28:45.075+0000] {logging_mixin.py:188} INFO - [2025-06-27T01:28:45.075+0000] {plugins_manager.py:410} DEBUG - Initialize custom taskinstance deps plugins
[2025-06-27T01:28:45.086+0000] {logging_mixin.py:188} INFO - [2025-06-27T01:28:45.086+0000] {serialized_dag.py:177} DEBUG - Serialized DAG (example_time_delta_sensor_async) is unchanged. Skipping writing to DB
[2025-06-27T01:28:45.087+0000] {logging_mixin.py:188} INFO - [2025-06-27T01:28:45.087+0000] {dag.py:3096} INFO - Sync 1 DAGs
[2025-06-27T01:28:45.109+0000] {logging_mixin.py:188} INFO - [2025-06-27T01:28:45.109+0000] {dag.py:3954} INFO - Setting next_dagrun for example_time_delta_sensor_async to None, run_after=None
[2025-06-27T01:28:45.148+0000] {processor.py:183} INFO - Processing /home/airflow/.local/lib/python3.10/site-packages/airflow/example_dags/example_time_delta_sensor_async.py took 0.162 seconds
[2025-06-27T01:29:15.273+0000] {logging_mixin.py:188} INFO - [2025-06-27T01:29:15.272+0000] {settings.py:250} DEBUG - Setting up DB connection pool (PID 21836)
[2025-06-27T01:29:15.275+0000] {logging_mixin.py:188} INFO - [2025-06-27T01:29:15.275+0000] {settings.py:330} DEBUG - settings.prepare_engine_args(): Using pool settings. pool_size=5, max_overflow=10, pool_recycle=1800, pid=21836
[2025-06-27T01:29:15.294+0000] {processor.py:161} INFO - Started process (PID=21836) to work on /home/airflow/.local/lib/python3.10/site-packages/airflow/example_dags/example_time_delta_sensor_async.py
[2025-06-27T01:29:15.296+0000] {processor.py:830} INFO - Processing file /home/airflow/.local/lib/python3.10/site-packages/airflow/example_dags/example_time_delta_sensor_async.py for tasks to queue
[2025-06-27T01:29:15.297+0000] {logging_mixin.py:188} INFO - [2025-06-27T01:29:15.297+0000] {dagbag.py:545} INFO - Filling up the DagBag from /home/airflow/.local/lib/python3.10/site-packages/airflow/example_dags/example_time_delta_sensor_async.py
[2025-06-27T01:29:15.300+0000] {logging_mixin.py:188} INFO - [2025-06-27T01:29:15.299+0000] {dagbag.py:337} DEBUG - Importing /home/airflow/.local/lib/python3.10/site-packages/airflow/example_dags/example_time_delta_sensor_async.py
[2025-06-27T01:29:15.308+0000] {logging_mixin.py:188} INFO - [2025-06-27T01:29:15.307+0000] {dagbag.py:511} DEBUG - Loaded DAG <DAG: example_time_delta_sensor_async>
[2025-06-27T01:29:15.309+0000] {processor.py:840} INFO - DAG(s) 'example_time_delta_sensor_async' retrieved from /home/airflow/.local/lib/python3.10/site-packages/airflow/example_dags/example_time_delta_sensor_async.py
[2025-06-27T01:29:15.311+0000] {logging_mixin.py:188} INFO - [2025-06-27T01:29:15.311+0000] {dagbag.py:667} DEBUG - Running dagbag.sync_to_db with retries. Try 1 of 3
[2025-06-27T01:29:15.312+0000] {logging_mixin.py:188} INFO - [2025-06-27T01:29:15.312+0000] {dagbag.py:672} DEBUG - Calling the DAG.bulk_sync_to_db method
[2025-06-27T01:29:15.332+0000] {logging_mixin.py:188} INFO - [2025-06-27T01:29:15.331+0000] {serialized_dag.py:166} DEBUG - Checking if DAG (example_time_delta_sensor_async) changed
[2025-06-27T01:29:15.336+0000] {logging_mixin.py:188} INFO - [2025-06-27T01:29:15.336+0000] {plugins_manager.py:332} DEBUG - Plugins are already loaded. Skipping.
[2025-06-27T01:29:15.337+0000] {logging_mixin.py:188} INFO - [2025-06-27T01:29:15.337+0000] {plugins_manager.py:410} DEBUG - Initialize custom taskinstance deps plugins
[2025-06-27T01:29:15.346+0000] {logging_mixin.py:188} INFO - [2025-06-27T01:29:15.346+0000] {serialized_dag.py:177} DEBUG - Serialized DAG (example_time_delta_sensor_async) is unchanged. Skipping writing to DB
[2025-06-27T01:29:15.347+0000] {logging_mixin.py:188} INFO - [2025-06-27T01:29:15.347+0000] {dag.py:3096} INFO - Sync 1 DAGs
[2025-06-27T01:29:15.365+0000] {logging_mixin.py:188} INFO - [2025-06-27T01:29:15.364+0000] {dag.py:3954} INFO - Setting next_dagrun for example_time_delta_sensor_async to None, run_after=None
[2025-06-27T01:29:15.401+0000] {processor.py:183} INFO - Processing /home/airflow/.local/lib/python3.10/site-packages/airflow/example_dags/example_time_delta_sensor_async.py took 0.129 seconds
[2025-06-27T01:29:46.204+0000] {logging_mixin.py:188} INFO - [2025-06-27T01:29:46.203+0000] {settings.py:250} DEBUG - Setting up DB connection pool (PID 21900)
[2025-06-27T01:29:46.206+0000] {logging_mixin.py:188} INFO - [2025-06-27T01:29:46.206+0000] {settings.py:330} DEBUG - settings.prepare_engine_args(): Using pool settings. pool_size=5, max_overflow=10, pool_recycle=1800, pid=21900
[2025-06-27T01:29:46.217+0000] {processor.py:161} INFO - Started process (PID=21900) to work on /home/airflow/.local/lib/python3.10/site-packages/airflow/example_dags/example_time_delta_sensor_async.py
[2025-06-27T01:29:46.219+0000] {processor.py:830} INFO - Processing file /home/airflow/.local/lib/python3.10/site-packages/airflow/example_dags/example_time_delta_sensor_async.py for tasks to queue
[2025-06-27T01:29:46.220+0000] {logging_mixin.py:188} INFO - [2025-06-27T01:29:46.220+0000] {dagbag.py:545} INFO - Filling up the DagBag from /home/airflow/.local/lib/python3.10/site-packages/airflow/example_dags/example_time_delta_sensor_async.py
[2025-06-27T01:29:46.223+0000] {logging_mixin.py:188} INFO - [2025-06-27T01:29:46.222+0000] {dagbag.py:337} DEBUG - Importing /home/airflow/.local/lib/python3.10/site-packages/airflow/example_dags/example_time_delta_sensor_async.py
[2025-06-27T01:29:46.234+0000] {logging_mixin.py:188} INFO - [2025-06-27T01:29:46.231+0000] {dagbag.py:511} DEBUG - Loaded DAG <DAG: example_time_delta_sensor_async>
[2025-06-27T01:29:46.235+0000] {processor.py:840} INFO - DAG(s) 'example_time_delta_sensor_async' retrieved from /home/airflow/.local/lib/python3.10/site-packages/airflow/example_dags/example_time_delta_sensor_async.py
[2025-06-27T01:29:46.238+0000] {logging_mixin.py:188} INFO - [2025-06-27T01:29:46.238+0000] {dagbag.py:667} DEBUG - Running dagbag.sync_to_db with retries. Try 1 of 3
[2025-06-27T01:29:46.239+0000] {logging_mixin.py:188} INFO - [2025-06-27T01:29:46.239+0000] {dagbag.py:672} DEBUG - Calling the DAG.bulk_sync_to_db method
[2025-06-27T01:29:46.260+0000] {logging_mixin.py:188} INFO - [2025-06-27T01:29:46.260+0000] {serialized_dag.py:166} DEBUG - Checking if DAG (example_time_delta_sensor_async) changed
[2025-06-27T01:29:46.266+0000] {logging_mixin.py:188} INFO - [2025-06-27T01:29:46.266+0000] {plugins_manager.py:332} DEBUG - Plugins are already loaded. Skipping.
[2025-06-27T01:29:46.267+0000] {logging_mixin.py:188} INFO - [2025-06-27T01:29:46.267+0000] {plugins_manager.py:410} DEBUG - Initialize custom taskinstance deps plugins
[2025-06-27T01:29:46.277+0000] {logging_mixin.py:188} INFO - [2025-06-27T01:29:46.277+0000] {serialized_dag.py:177} DEBUG - Serialized DAG (example_time_delta_sensor_async) is unchanged. Skipping writing to DB
[2025-06-27T01:29:46.278+0000] {logging_mixin.py:188} INFO - [2025-06-27T01:29:46.278+0000] {dag.py:3096} INFO - Sync 1 DAGs
[2025-06-27T01:29:46.297+0000] {logging_mixin.py:188} INFO - [2025-06-27T01:29:46.297+0000] {dag.py:3954} INFO - Setting next_dagrun for example_time_delta_sensor_async to None, run_after=None
[2025-06-27T01:29:46.332+0000] {processor.py:183} INFO - Processing /home/airflow/.local/lib/python3.10/site-packages/airflow/example_dags/example_time_delta_sensor_async.py took 0.129 seconds
[2025-06-27T01:30:16.603+0000] {logging_mixin.py:188} INFO - [2025-06-27T01:30:16.601+0000] {settings.py:250} DEBUG - Setting up DB connection pool (PID 21962)
[2025-06-27T01:30:16.604+0000] {logging_mixin.py:188} INFO - [2025-06-27T01:30:16.604+0000] {settings.py:330} DEBUG - settings.prepare_engine_args(): Using pool settings. pool_size=5, max_overflow=10, pool_recycle=1800, pid=21962
[2025-06-27T01:30:16.614+0000] {processor.py:161} INFO - Started process (PID=21962) to work on /home/airflow/.local/lib/python3.10/site-packages/airflow/example_dags/example_time_delta_sensor_async.py
[2025-06-27T01:30:16.615+0000] {processor.py:830} INFO - Processing file /home/airflow/.local/lib/python3.10/site-packages/airflow/example_dags/example_time_delta_sensor_async.py for tasks to queue
[2025-06-27T01:30:16.617+0000] {logging_mixin.py:188} INFO - [2025-06-27T01:30:16.617+0000] {dagbag.py:545} INFO - Filling up the DagBag from /home/airflow/.local/lib/python3.10/site-packages/airflow/example_dags/example_time_delta_sensor_async.py
[2025-06-27T01:30:16.619+0000] {logging_mixin.py:188} INFO - [2025-06-27T01:30:16.619+0000] {dagbag.py:337} DEBUG - Importing /home/airflow/.local/lib/python3.10/site-packages/airflow/example_dags/example_time_delta_sensor_async.py
[2025-06-27T01:30:16.631+0000] {logging_mixin.py:188} INFO - [2025-06-27T01:30:16.628+0000] {dagbag.py:511} DEBUG - Loaded DAG <DAG: example_time_delta_sensor_async>
[2025-06-27T01:30:16.632+0000] {processor.py:840} INFO - DAG(s) 'example_time_delta_sensor_async' retrieved from /home/airflow/.local/lib/python3.10/site-packages/airflow/example_dags/example_time_delta_sensor_async.py
[2025-06-27T01:30:16.635+0000] {logging_mixin.py:188} INFO - [2025-06-27T01:30:16.634+0000] {dagbag.py:667} DEBUG - Running dagbag.sync_to_db with retries. Try 1 of 3
[2025-06-27T01:30:16.635+0000] {logging_mixin.py:188} INFO - [2025-06-27T01:30:16.635+0000] {dagbag.py:672} DEBUG - Calling the DAG.bulk_sync_to_db method
[2025-06-27T01:30:16.658+0000] {logging_mixin.py:188} INFO - [2025-06-27T01:30:16.657+0000] {serialized_dag.py:166} DEBUG - Checking if DAG (example_time_delta_sensor_async) changed
[2025-06-27T01:30:16.663+0000] {logging_mixin.py:188} INFO - [2025-06-27T01:30:16.663+0000] {plugins_manager.py:332} DEBUG - Plugins are already loaded. Skipping.
[2025-06-27T01:30:16.664+0000] {logging_mixin.py:188} INFO - [2025-06-27T01:30:16.664+0000] {plugins_manager.py:410} DEBUG - Initialize custom taskinstance deps plugins
[2025-06-27T01:30:16.673+0000] {logging_mixin.py:188} INFO - [2025-06-27T01:30:16.673+0000] {serialized_dag.py:177} DEBUG - Serialized DAG (example_time_delta_sensor_async) is unchanged. Skipping writing to DB
[2025-06-27T01:30:16.674+0000] {logging_mixin.py:188} INFO - [2025-06-27T01:30:16.674+0000] {dag.py:3096} INFO - Sync 1 DAGs
[2025-06-27T01:30:16.696+0000] {logging_mixin.py:188} INFO - [2025-06-27T01:30:16.696+0000] {dag.py:3954} INFO - Setting next_dagrun for example_time_delta_sensor_async to None, run_after=None
[2025-06-27T01:30:16.724+0000] {processor.py:183} INFO - Processing /home/airflow/.local/lib/python3.10/site-packages/airflow/example_dags/example_time_delta_sensor_async.py took 0.123 seconds
[2025-06-27T01:30:46.945+0000] {logging_mixin.py:188} INFO - [2025-06-27T01:30:46.944+0000] {settings.py:250} DEBUG - Setting up DB connection pool (PID 22025)
[2025-06-27T01:30:46.947+0000] {logging_mixin.py:188} INFO - [2025-06-27T01:30:46.947+0000] {settings.py:330} DEBUG - settings.prepare_engine_args(): Using pool settings. pool_size=5, max_overflow=10, pool_recycle=1800, pid=22025
[2025-06-27T01:30:46.960+0000] {processor.py:161} INFO - Started process (PID=22025) to work on /home/airflow/.local/lib/python3.10/site-packages/airflow/example_dags/example_time_delta_sensor_async.py
[2025-06-27T01:30:46.962+0000] {processor.py:830} INFO - Processing file /home/airflow/.local/lib/python3.10/site-packages/airflow/example_dags/example_time_delta_sensor_async.py for tasks to queue
[2025-06-27T01:30:46.963+0000] {logging_mixin.py:188} INFO - [2025-06-27T01:30:46.963+0000] {dagbag.py:545} INFO - Filling up the DagBag from /home/airflow/.local/lib/python3.10/site-packages/airflow/example_dags/example_time_delta_sensor_async.py
[2025-06-27T01:30:46.966+0000] {logging_mixin.py:188} INFO - [2025-06-27T01:30:46.966+0000] {dagbag.py:337} DEBUG - Importing /home/airflow/.local/lib/python3.10/site-packages/airflow/example_dags/example_time_delta_sensor_async.py
[2025-06-27T01:30:46.977+0000] {logging_mixin.py:188} INFO - [2025-06-27T01:30:46.975+0000] {dagbag.py:511} DEBUG - Loaded DAG <DAG: example_time_delta_sensor_async>
[2025-06-27T01:30:46.977+0000] {processor.py:840} INFO - DAG(s) 'example_time_delta_sensor_async' retrieved from /home/airflow/.local/lib/python3.10/site-packages/airflow/example_dags/example_time_delta_sensor_async.py
[2025-06-27T01:30:46.982+0000] {logging_mixin.py:188} INFO - [2025-06-27T01:30:46.982+0000] {dagbag.py:667} DEBUG - Running dagbag.sync_to_db with retries. Try 1 of 3
[2025-06-27T01:30:46.983+0000] {logging_mixin.py:188} INFO - [2025-06-27T01:30:46.983+0000] {dagbag.py:672} DEBUG - Calling the DAG.bulk_sync_to_db method
[2025-06-27T01:30:47.007+0000] {logging_mixin.py:188} INFO - [2025-06-27T01:30:47.006+0000] {serialized_dag.py:166} DEBUG - Checking if DAG (example_time_delta_sensor_async) changed
[2025-06-27T01:30:47.013+0000] {logging_mixin.py:188} INFO - [2025-06-27T01:30:47.013+0000] {plugins_manager.py:332} DEBUG - Plugins are already loaded. Skipping.
[2025-06-27T01:30:47.014+0000] {logging_mixin.py:188} INFO - [2025-06-27T01:30:47.014+0000] {plugins_manager.py:410} DEBUG - Initialize custom taskinstance deps plugins
[2025-06-27T01:30:47.025+0000] {logging_mixin.py:188} INFO - [2025-06-27T01:30:47.025+0000] {serialized_dag.py:177} DEBUG - Serialized DAG (example_time_delta_sensor_async) is unchanged. Skipping writing to DB
[2025-06-27T01:30:47.026+0000] {logging_mixin.py:188} INFO - [2025-06-27T01:30:47.026+0000] {dag.py:3096} INFO - Sync 1 DAGs
[2025-06-27T01:30:47.047+0000] {logging_mixin.py:188} INFO - [2025-06-27T01:30:47.047+0000] {dag.py:3954} INFO - Setting next_dagrun for example_time_delta_sensor_async to None, run_after=None
[2025-06-27T01:30:47.084+0000] {processor.py:183} INFO - Processing /home/airflow/.local/lib/python3.10/site-packages/airflow/example_dags/example_time_delta_sensor_async.py took 0.141 seconds
[2025-06-27T01:31:17.915+0000] {logging_mixin.py:188} INFO - [2025-06-27T01:31:17.914+0000] {settings.py:250} DEBUG - Setting up DB connection pool (PID 22088)
[2025-06-27T01:31:17.917+0000] {logging_mixin.py:188} INFO - [2025-06-27T01:31:17.917+0000] {settings.py:330} DEBUG - settings.prepare_engine_args(): Using pool settings. pool_size=5, max_overflow=10, pool_recycle=1800, pid=22088
[2025-06-27T01:31:17.928+0000] {processor.py:161} INFO - Started process (PID=22088) to work on /home/airflow/.local/lib/python3.10/site-packages/airflow/example_dags/example_time_delta_sensor_async.py
[2025-06-27T01:31:17.930+0000] {processor.py:830} INFO - Processing file /home/airflow/.local/lib/python3.10/site-packages/airflow/example_dags/example_time_delta_sensor_async.py for tasks to queue
[2025-06-27T01:31:17.931+0000] {logging_mixin.py:188} INFO - [2025-06-27T01:31:17.931+0000] {dagbag.py:545} INFO - Filling up the DagBag from /home/airflow/.local/lib/python3.10/site-packages/airflow/example_dags/example_time_delta_sensor_async.py
[2025-06-27T01:31:17.934+0000] {logging_mixin.py:188} INFO - [2025-06-27T01:31:17.934+0000] {dagbag.py:337} DEBUG - Importing /home/airflow/.local/lib/python3.10/site-packages/airflow/example_dags/example_time_delta_sensor_async.py
[2025-06-27T01:31:17.942+0000] {logging_mixin.py:188} INFO - [2025-06-27T01:31:17.941+0000] {dagbag.py:511} DEBUG - Loaded DAG <DAG: example_time_delta_sensor_async>
[2025-06-27T01:31:17.943+0000] {processor.py:840} INFO - DAG(s) 'example_time_delta_sensor_async' retrieved from /home/airflow/.local/lib/python3.10/site-packages/airflow/example_dags/example_time_delta_sensor_async.py
[2025-06-27T01:31:17.948+0000] {logging_mixin.py:188} INFO - [2025-06-27T01:31:17.947+0000] {dagbag.py:667} DEBUG - Running dagbag.sync_to_db with retries. Try 1 of 3
[2025-06-27T01:31:17.949+0000] {logging_mixin.py:188} INFO - [2025-06-27T01:31:17.949+0000] {dagbag.py:672} DEBUG - Calling the DAG.bulk_sync_to_db method
[2025-06-27T01:31:17.973+0000] {logging_mixin.py:188} INFO - [2025-06-27T01:31:17.973+0000] {serialized_dag.py:166} DEBUG - Checking if DAG (example_time_delta_sensor_async) changed
[2025-06-27T01:31:17.979+0000] {logging_mixin.py:188} INFO - [2025-06-27T01:31:17.979+0000] {plugins_manager.py:332} DEBUG - Plugins are already loaded. Skipping.
[2025-06-27T01:31:17.980+0000] {logging_mixin.py:188} INFO - [2025-06-27T01:31:17.980+0000] {plugins_manager.py:410} DEBUG - Initialize custom taskinstance deps plugins
[2025-06-27T01:31:17.994+0000] {logging_mixin.py:188} INFO - [2025-06-27T01:31:17.993+0000] {serialized_dag.py:177} DEBUG - Serialized DAG (example_time_delta_sensor_async) is unchanged. Skipping writing to DB
[2025-06-27T01:31:17.995+0000] {logging_mixin.py:188} INFO - [2025-06-27T01:31:17.995+0000] {dag.py:3096} INFO - Sync 1 DAGs
[2025-06-27T01:31:18.231+0000] {logging_mixin.py:188} INFO - [2025-06-27T01:31:18.230+0000] {dag.py:3954} INFO - Setting next_dagrun for example_time_delta_sensor_async to None, run_after=None
[2025-06-27T01:31:18.262+0000] {processor.py:183} INFO - Processing /home/airflow/.local/lib/python3.10/site-packages/airflow/example_dags/example_time_delta_sensor_async.py took 0.348 seconds
[2025-06-27T01:31:49.268+0000] {logging_mixin.py:188} INFO - [2025-06-27T01:31:49.267+0000] {settings.py:250} DEBUG - Setting up DB connection pool (PID 22151)
[2025-06-27T01:31:49.271+0000] {logging_mixin.py:188} INFO - [2025-06-27T01:31:49.270+0000] {settings.py:330} DEBUG - settings.prepare_engine_args(): Using pool settings. pool_size=5, max_overflow=10, pool_recycle=1800, pid=22151
[2025-06-27T01:31:49.285+0000] {processor.py:161} INFO - Started process (PID=22151) to work on /home/airflow/.local/lib/python3.10/site-packages/airflow/example_dags/example_time_delta_sensor_async.py
[2025-06-27T01:31:49.286+0000] {processor.py:830} INFO - Processing file /home/airflow/.local/lib/python3.10/site-packages/airflow/example_dags/example_time_delta_sensor_async.py for tasks to queue
[2025-06-27T01:31:49.288+0000] {logging_mixin.py:188} INFO - [2025-06-27T01:31:49.287+0000] {dagbag.py:545} INFO - Filling up the DagBag from /home/airflow/.local/lib/python3.10/site-packages/airflow/example_dags/example_time_delta_sensor_async.py
[2025-06-27T01:31:49.290+0000] {logging_mixin.py:188} INFO - [2025-06-27T01:31:49.290+0000] {dagbag.py:337} DEBUG - Importing /home/airflow/.local/lib/python3.10/site-packages/airflow/example_dags/example_time_delta_sensor_async.py
[2025-06-27T01:31:49.299+0000] {logging_mixin.py:188} INFO - [2025-06-27T01:31:49.298+0000] {dagbag.py:511} DEBUG - Loaded DAG <DAG: example_time_delta_sensor_async>
[2025-06-27T01:31:49.301+0000] {processor.py:840} INFO - DAG(s) 'example_time_delta_sensor_async' retrieved from /home/airflow/.local/lib/python3.10/site-packages/airflow/example_dags/example_time_delta_sensor_async.py
[2025-06-27T01:31:49.304+0000] {logging_mixin.py:188} INFO - [2025-06-27T01:31:49.304+0000] {dagbag.py:667} DEBUG - Running dagbag.sync_to_db with retries. Try 1 of 3
[2025-06-27T01:31:49.305+0000] {logging_mixin.py:188} INFO - [2025-06-27T01:31:49.305+0000] {dagbag.py:672} DEBUG - Calling the DAG.bulk_sync_to_db method
[2025-06-27T01:31:49.326+0000] {logging_mixin.py:188} INFO - [2025-06-27T01:31:49.326+0000] {serialized_dag.py:166} DEBUG - Checking if DAG (example_time_delta_sensor_async) changed
[2025-06-27T01:31:49.332+0000] {logging_mixin.py:188} INFO - [2025-06-27T01:31:49.331+0000] {plugins_manager.py:332} DEBUG - Plugins are already loaded. Skipping.
[2025-06-27T01:31:49.332+0000] {logging_mixin.py:188} INFO - [2025-06-27T01:31:49.332+0000] {plugins_manager.py:410} DEBUG - Initialize custom taskinstance deps plugins
[2025-06-27T01:31:49.343+0000] {logging_mixin.py:188} INFO - [2025-06-27T01:31:49.342+0000] {serialized_dag.py:177} DEBUG - Serialized DAG (example_time_delta_sensor_async) is unchanged. Skipping writing to DB
[2025-06-27T01:31:49.344+0000] {logging_mixin.py:188} INFO - [2025-06-27T01:31:49.344+0000] {dag.py:3096} INFO - Sync 1 DAGs
[2025-06-27T01:31:49.618+0000] {logging_mixin.py:188} INFO - [2025-06-27T01:31:49.618+0000] {dag.py:3954} INFO - Setting next_dagrun for example_time_delta_sensor_async to None, run_after=None
[2025-06-27T01:31:49.667+0000] {processor.py:183} INFO - Processing /home/airflow/.local/lib/python3.10/site-packages/airflow/example_dags/example_time_delta_sensor_async.py took 0.401 seconds
[2025-06-27T01:32:20.306+0000] {logging_mixin.py:188} INFO - [2025-06-27T01:32:20.305+0000] {settings.py:250} DEBUG - Setting up DB connection pool (PID 22214)
[2025-06-27T01:32:20.308+0000] {logging_mixin.py:188} INFO - [2025-06-27T01:32:20.307+0000] {settings.py:330} DEBUG - settings.prepare_engine_args(): Using pool settings. pool_size=5, max_overflow=10, pool_recycle=1800, pid=22214
[2025-06-27T01:32:20.319+0000] {processor.py:161} INFO - Started process (PID=22214) to work on /home/airflow/.local/lib/python3.10/site-packages/airflow/example_dags/example_time_delta_sensor_async.py
[2025-06-27T01:32:20.321+0000] {processor.py:830} INFO - Processing file /home/airflow/.local/lib/python3.10/site-packages/airflow/example_dags/example_time_delta_sensor_async.py for tasks to queue
[2025-06-27T01:32:20.322+0000] {logging_mixin.py:188} INFO - [2025-06-27T01:32:20.322+0000] {dagbag.py:545} INFO - Filling up the DagBag from /home/airflow/.local/lib/python3.10/site-packages/airflow/example_dags/example_time_delta_sensor_async.py
[2025-06-27T01:32:20.325+0000] {logging_mixin.py:188} INFO - [2025-06-27T01:32:20.325+0000] {dagbag.py:337} DEBUG - Importing /home/airflow/.local/lib/python3.10/site-packages/airflow/example_dags/example_time_delta_sensor_async.py
[2025-06-27T01:32:20.334+0000] {logging_mixin.py:188} INFO - [2025-06-27T01:32:20.331+0000] {dagbag.py:511} DEBUG - Loaded DAG <DAG: example_time_delta_sensor_async>
[2025-06-27T01:32:20.334+0000] {processor.py:840} INFO - DAG(s) 'example_time_delta_sensor_async' retrieved from /home/airflow/.local/lib/python3.10/site-packages/airflow/example_dags/example_time_delta_sensor_async.py
[2025-06-27T01:32:20.338+0000] {logging_mixin.py:188} INFO - [2025-06-27T01:32:20.338+0000] {dagbag.py:667} DEBUG - Running dagbag.sync_to_db with retries. Try 1 of 3
[2025-06-27T01:32:20.341+0000] {logging_mixin.py:188} INFO - [2025-06-27T01:32:20.340+0000] {dagbag.py:672} DEBUG - Calling the DAG.bulk_sync_to_db method
[2025-06-27T01:32:20.367+0000] {logging_mixin.py:188} INFO - [2025-06-27T01:32:20.366+0000] {serialized_dag.py:166} DEBUG - Checking if DAG (example_time_delta_sensor_async) changed
[2025-06-27T01:32:20.375+0000] {logging_mixin.py:188} INFO - [2025-06-27T01:32:20.375+0000] {plugins_manager.py:332} DEBUG - Plugins are already loaded. Skipping.
[2025-06-27T01:32:20.377+0000] {logging_mixin.py:188} INFO - [2025-06-27T01:32:20.376+0000] {plugins_manager.py:410} DEBUG - Initialize custom taskinstance deps plugins
[2025-06-27T01:32:20.586+0000] {logging_mixin.py:188} INFO - [2025-06-27T01:32:20.585+0000] {serialized_dag.py:177} DEBUG - Serialized DAG (example_time_delta_sensor_async) is unchanged. Skipping writing to DB
[2025-06-27T01:32:20.587+0000] {logging_mixin.py:188} INFO - [2025-06-27T01:32:20.587+0000] {dag.py:3096} INFO - Sync 1 DAGs
[2025-06-27T01:32:20.605+0000] {logging_mixin.py:188} INFO - [2025-06-27T01:32:20.604+0000] {dag.py:3954} INFO - Setting next_dagrun for example_time_delta_sensor_async to None, run_after=None
[2025-06-27T01:32:20.638+0000] {processor.py:183} INFO - Processing /home/airflow/.local/lib/python3.10/site-packages/airflow/example_dags/example_time_delta_sensor_async.py took 0.333 seconds
[2025-06-27T01:32:51.526+0000] {logging_mixin.py:188} INFO - [2025-06-27T01:32:51.525+0000] {settings.py:250} DEBUG - Setting up DB connection pool (PID 22277)
[2025-06-27T01:32:51.528+0000] {logging_mixin.py:188} INFO - [2025-06-27T01:32:51.528+0000] {settings.py:330} DEBUG - settings.prepare_engine_args(): Using pool settings. pool_size=5, max_overflow=10, pool_recycle=1800, pid=22277
[2025-06-27T01:32:51.539+0000] {processor.py:161} INFO - Started process (PID=22277) to work on /home/airflow/.local/lib/python3.10/site-packages/airflow/example_dags/example_time_delta_sensor_async.py
[2025-06-27T01:32:51.540+0000] {processor.py:830} INFO - Processing file /home/airflow/.local/lib/python3.10/site-packages/airflow/example_dags/example_time_delta_sensor_async.py for tasks to queue
[2025-06-27T01:32:51.542+0000] {logging_mixin.py:188} INFO - [2025-06-27T01:32:51.541+0000] {dagbag.py:545} INFO - Filling up the DagBag from /home/airflow/.local/lib/python3.10/site-packages/airflow/example_dags/example_time_delta_sensor_async.py
[2025-06-27T01:32:51.544+0000] {logging_mixin.py:188} INFO - [2025-06-27T01:32:51.544+0000] {dagbag.py:337} DEBUG - Importing /home/airflow/.local/lib/python3.10/site-packages/airflow/example_dags/example_time_delta_sensor_async.py
[2025-06-27T01:32:51.554+0000] {logging_mixin.py:188} INFO - [2025-06-27T01:32:51.552+0000] {dagbag.py:511} DEBUG - Loaded DAG <DAG: example_time_delta_sensor_async>
[2025-06-27T01:32:51.555+0000] {processor.py:840} INFO - DAG(s) 'example_time_delta_sensor_async' retrieved from /home/airflow/.local/lib/python3.10/site-packages/airflow/example_dags/example_time_delta_sensor_async.py
[2025-06-27T01:32:51.558+0000] {logging_mixin.py:188} INFO - [2025-06-27T01:32:51.558+0000] {dagbag.py:667} DEBUG - Running dagbag.sync_to_db with retries. Try 1 of 3
[2025-06-27T01:32:51.559+0000] {logging_mixin.py:188} INFO - [2025-06-27T01:32:51.558+0000] {dagbag.py:672} DEBUG - Calling the DAG.bulk_sync_to_db method
[2025-06-27T01:32:51.581+0000] {logging_mixin.py:188} INFO - [2025-06-27T01:32:51.581+0000] {serialized_dag.py:166} DEBUG - Checking if DAG (example_time_delta_sensor_async) changed
[2025-06-27T01:32:51.586+0000] {logging_mixin.py:188} INFO - [2025-06-27T01:32:51.586+0000] {plugins_manager.py:332} DEBUG - Plugins are already loaded. Skipping.
[2025-06-27T01:32:51.587+0000] {logging_mixin.py:188} INFO - [2025-06-27T01:32:51.587+0000] {plugins_manager.py:410} DEBUG - Initialize custom taskinstance deps plugins
[2025-06-27T01:32:51.597+0000] {logging_mixin.py:188} INFO - [2025-06-27T01:32:51.596+0000] {serialized_dag.py:177} DEBUG - Serialized DAG (example_time_delta_sensor_async) is unchanged. Skipping writing to DB
[2025-06-27T01:32:51.598+0000] {logging_mixin.py:188} INFO - [2025-06-27T01:32:51.598+0000] {dag.py:3096} INFO - Sync 1 DAGs
[2025-06-27T01:32:51.614+0000] {logging_mixin.py:188} INFO - [2025-06-27T01:32:51.614+0000] {dag.py:3954} INFO - Setting next_dagrun for example_time_delta_sensor_async to None, run_after=None
[2025-06-27T01:32:51.644+0000] {processor.py:183} INFO - Processing /home/airflow/.local/lib/python3.10/site-packages/airflow/example_dags/example_time_delta_sensor_async.py took 0.119 seconds
[2025-06-27T01:33:22.052+0000] {logging_mixin.py:188} INFO - [2025-06-27T01:33:22.051+0000] {settings.py:250} DEBUG - Setting up DB connection pool (PID 22340)
[2025-06-27T01:33:22.054+0000] {logging_mixin.py:188} INFO - [2025-06-27T01:33:22.054+0000] {settings.py:330} DEBUG - settings.prepare_engine_args(): Using pool settings. pool_size=5, max_overflow=10, pool_recycle=1800, pid=22340
[2025-06-27T01:33:22.066+0000] {processor.py:161} INFO - Started process (PID=22340) to work on /home/airflow/.local/lib/python3.10/site-packages/airflow/example_dags/example_time_delta_sensor_async.py
[2025-06-27T01:33:22.067+0000] {processor.py:830} INFO - Processing file /home/airflow/.local/lib/python3.10/site-packages/airflow/example_dags/example_time_delta_sensor_async.py for tasks to queue
[2025-06-27T01:33:22.069+0000] {logging_mixin.py:188} INFO - [2025-06-27T01:33:22.069+0000] {dagbag.py:545} INFO - Filling up the DagBag from /home/airflow/.local/lib/python3.10/site-packages/airflow/example_dags/example_time_delta_sensor_async.py
[2025-06-27T01:33:22.072+0000] {logging_mixin.py:188} INFO - [2025-06-27T01:33:22.072+0000] {dagbag.py:337} DEBUG - Importing /home/airflow/.local/lib/python3.10/site-packages/airflow/example_dags/example_time_delta_sensor_async.py
[2025-06-27T01:33:22.084+0000] {logging_mixin.py:188} INFO - [2025-06-27T01:33:22.081+0000] {dagbag.py:511} DEBUG - Loaded DAG <DAG: example_time_delta_sensor_async>
[2025-06-27T01:33:22.085+0000] {processor.py:840} INFO - DAG(s) 'example_time_delta_sensor_async' retrieved from /home/airflow/.local/lib/python3.10/site-packages/airflow/example_dags/example_time_delta_sensor_async.py
[2025-06-27T01:33:22.089+0000] {logging_mixin.py:188} INFO - [2025-06-27T01:33:22.088+0000] {dagbag.py:667} DEBUG - Running dagbag.sync_to_db with retries. Try 1 of 3
[2025-06-27T01:33:22.089+0000] {logging_mixin.py:188} INFO - [2025-06-27T01:33:22.089+0000] {dagbag.py:672} DEBUG - Calling the DAG.bulk_sync_to_db method
[2025-06-27T01:33:22.114+0000] {logging_mixin.py:188} INFO - [2025-06-27T01:33:22.114+0000] {serialized_dag.py:166} DEBUG - Checking if DAG (example_time_delta_sensor_async) changed
[2025-06-27T01:33:22.120+0000] {logging_mixin.py:188} INFO - [2025-06-27T01:33:22.119+0000] {plugins_manager.py:332} DEBUG - Plugins are already loaded. Skipping.
[2025-06-27T01:33:22.121+0000] {logging_mixin.py:188} INFO - [2025-06-27T01:33:22.121+0000] {plugins_manager.py:410} DEBUG - Initialize custom taskinstance deps plugins
[2025-06-27T01:33:22.134+0000] {logging_mixin.py:188} INFO - [2025-06-27T01:33:22.134+0000] {serialized_dag.py:177} DEBUG - Serialized DAG (example_time_delta_sensor_async) is unchanged. Skipping writing to DB
[2025-06-27T01:33:22.136+0000] {logging_mixin.py:188} INFO - [2025-06-27T01:33:22.135+0000] {dag.py:3096} INFO - Sync 1 DAGs
[2025-06-27T01:33:22.156+0000] {logging_mixin.py:188} INFO - [2025-06-27T01:33:22.156+0000] {dag.py:3954} INFO - Setting next_dagrun for example_time_delta_sensor_async to None, run_after=None
[2025-06-27T01:33:22.186+0000] {processor.py:183} INFO - Processing /home/airflow/.local/lib/python3.10/site-packages/airflow/example_dags/example_time_delta_sensor_async.py took 0.135 seconds
[2025-06-27T01:33:52.551+0000] {logging_mixin.py:188} INFO - [2025-06-27T01:33:52.549+0000] {settings.py:250} DEBUG - Setting up DB connection pool (PID 22403)
[2025-06-27T01:33:52.554+0000] {logging_mixin.py:188} INFO - [2025-06-27T01:33:52.553+0000] {settings.py:330} DEBUG - settings.prepare_engine_args(): Using pool settings. pool_size=5, max_overflow=10, pool_recycle=1800, pid=22403
[2025-06-27T01:33:52.565+0000] {processor.py:161} INFO - Started process (PID=22403) to work on /home/airflow/.local/lib/python3.10/site-packages/airflow/example_dags/example_time_delta_sensor_async.py
[2025-06-27T01:33:52.566+0000] {processor.py:830} INFO - Processing file /home/airflow/.local/lib/python3.10/site-packages/airflow/example_dags/example_time_delta_sensor_async.py for tasks to queue
[2025-06-27T01:33:52.568+0000] {logging_mixin.py:188} INFO - [2025-06-27T01:33:52.568+0000] {dagbag.py:545} INFO - Filling up the DagBag from /home/airflow/.local/lib/python3.10/site-packages/airflow/example_dags/example_time_delta_sensor_async.py
[2025-06-27T01:33:52.571+0000] {logging_mixin.py:188} INFO - [2025-06-27T01:33:52.571+0000] {dagbag.py:337} DEBUG - Importing /home/airflow/.local/lib/python3.10/site-packages/airflow/example_dags/example_time_delta_sensor_async.py
[2025-06-27T01:33:52.583+0000] {logging_mixin.py:188} INFO - [2025-06-27T01:33:52.581+0000] {dagbag.py:511} DEBUG - Loaded DAG <DAG: example_time_delta_sensor_async>
[2025-06-27T01:33:52.584+0000] {processor.py:840} INFO - DAG(s) 'example_time_delta_sensor_async' retrieved from /home/airflow/.local/lib/python3.10/site-packages/airflow/example_dags/example_time_delta_sensor_async.py
[2025-06-27T01:33:52.586+0000] {logging_mixin.py:188} INFO - [2025-06-27T01:33:52.586+0000] {dagbag.py:667} DEBUG - Running dagbag.sync_to_db with retries. Try 1 of 3
[2025-06-27T01:33:52.587+0000] {logging_mixin.py:188} INFO - [2025-06-27T01:33:52.587+0000] {dagbag.py:672} DEBUG - Calling the DAG.bulk_sync_to_db method
[2025-06-27T01:33:52.615+0000] {logging_mixin.py:188} INFO - [2025-06-27T01:33:52.615+0000] {serialized_dag.py:166} DEBUG - Checking if DAG (example_time_delta_sensor_async) changed
[2025-06-27T01:33:52.622+0000] {logging_mixin.py:188} INFO - [2025-06-27T01:33:52.622+0000] {plugins_manager.py:332} DEBUG - Plugins are already loaded. Skipping.
[2025-06-27T01:33:52.623+0000] {logging_mixin.py:188} INFO - [2025-06-27T01:33:52.623+0000] {plugins_manager.py:410} DEBUG - Initialize custom taskinstance deps plugins
[2025-06-27T01:33:52.634+0000] {logging_mixin.py:188} INFO - [2025-06-27T01:33:52.634+0000] {serialized_dag.py:177} DEBUG - Serialized DAG (example_time_delta_sensor_async) is unchanged. Skipping writing to DB
[2025-06-27T01:33:52.635+0000] {logging_mixin.py:188} INFO - [2025-06-27T01:33:52.635+0000] {dag.py:3096} INFO - Sync 1 DAGs
[2025-06-27T01:33:52.654+0000] {logging_mixin.py:188} INFO - [2025-06-27T01:33:52.653+0000] {dag.py:3954} INFO - Setting next_dagrun for example_time_delta_sensor_async to None, run_after=None
[2025-06-27T01:33:52.683+0000] {processor.py:183} INFO - Processing /home/airflow/.local/lib/python3.10/site-packages/airflow/example_dags/example_time_delta_sensor_async.py took 0.134 seconds
[2025-06-27T01:34:23.557+0000] {logging_mixin.py:188} INFO - [2025-06-27T01:34:23.555+0000] {settings.py:250} DEBUG - Setting up DB connection pool (PID 22466)
[2025-06-27T01:34:23.559+0000] {logging_mixin.py:188} INFO - [2025-06-27T01:34:23.559+0000] {settings.py:330} DEBUG - settings.prepare_engine_args(): Using pool settings. pool_size=5, max_overflow=10, pool_recycle=1800, pid=22466
[2025-06-27T01:34:23.574+0000] {processor.py:161} INFO - Started process (PID=22466) to work on /home/airflow/.local/lib/python3.10/site-packages/airflow/example_dags/example_time_delta_sensor_async.py
[2025-06-27T01:34:23.575+0000] {processor.py:830} INFO - Processing file /home/airflow/.local/lib/python3.10/site-packages/airflow/example_dags/example_time_delta_sensor_async.py for tasks to queue
[2025-06-27T01:34:23.577+0000] {logging_mixin.py:188} INFO - [2025-06-27T01:34:23.577+0000] {dagbag.py:545} INFO - Filling up the DagBag from /home/airflow/.local/lib/python3.10/site-packages/airflow/example_dags/example_time_delta_sensor_async.py
[2025-06-27T01:34:23.580+0000] {logging_mixin.py:188} INFO - [2025-06-27T01:34:23.580+0000] {dagbag.py:337} DEBUG - Importing /home/airflow/.local/lib/python3.10/site-packages/airflow/example_dags/example_time_delta_sensor_async.py
[2025-06-27T01:34:23.593+0000] {logging_mixin.py:188} INFO - [2025-06-27T01:34:23.590+0000] {dagbag.py:511} DEBUG - Loaded DAG <DAG: example_time_delta_sensor_async>
[2025-06-27T01:34:23.594+0000] {processor.py:840} INFO - DAG(s) 'example_time_delta_sensor_async' retrieved from /home/airflow/.local/lib/python3.10/site-packages/airflow/example_dags/example_time_delta_sensor_async.py
[2025-06-27T01:34:23.601+0000] {logging_mixin.py:188} INFO - [2025-06-27T01:34:23.600+0000] {dagbag.py:667} DEBUG - Running dagbag.sync_to_db with retries. Try 1 of 3
[2025-06-27T01:34:23.602+0000] {logging_mixin.py:188} INFO - [2025-06-27T01:34:23.602+0000] {dagbag.py:672} DEBUG - Calling the DAG.bulk_sync_to_db method
[2025-06-27T01:34:23.640+0000] {logging_mixin.py:188} INFO - [2025-06-27T01:34:23.639+0000] {serialized_dag.py:166} DEBUG - Checking if DAG (example_time_delta_sensor_async) changed
[2025-06-27T01:34:23.646+0000] {logging_mixin.py:188} INFO - [2025-06-27T01:34:23.646+0000] {plugins_manager.py:332} DEBUG - Plugins are already loaded. Skipping.
[2025-06-27T01:34:23.648+0000] {logging_mixin.py:188} INFO - [2025-06-27T01:34:23.647+0000] {plugins_manager.py:410} DEBUG - Initialize custom taskinstance deps plugins
[2025-06-27T01:34:23.661+0000] {logging_mixin.py:188} INFO - [2025-06-27T01:34:23.661+0000] {serialized_dag.py:177} DEBUG - Serialized DAG (example_time_delta_sensor_async) is unchanged. Skipping writing to DB
[2025-06-27T01:34:23.663+0000] {logging_mixin.py:188} INFO - [2025-06-27T01:34:23.662+0000] {dag.py:3096} INFO - Sync 1 DAGs
[2025-06-27T01:34:23.691+0000] {logging_mixin.py:188} INFO - [2025-06-27T01:34:23.691+0000] {dag.py:3954} INFO - Setting next_dagrun for example_time_delta_sensor_async to None, run_after=None
[2025-06-27T01:34:23.735+0000] {processor.py:183} INFO - Processing /home/airflow/.local/lib/python3.10/site-packages/airflow/example_dags/example_time_delta_sensor_async.py took 0.180 seconds
[2025-06-27T01:34:54.014+0000] {logging_mixin.py:188} INFO - [2025-06-27T01:34:54.013+0000] {settings.py:250} DEBUG - Setting up DB connection pool (PID 22528)
[2025-06-27T01:34:54.015+0000] {logging_mixin.py:188} INFO - [2025-06-27T01:34:54.015+0000] {settings.py:330} DEBUG - settings.prepare_engine_args(): Using pool settings. pool_size=5, max_overflow=10, pool_recycle=1800, pid=22528
[2025-06-27T01:34:54.027+0000] {processor.py:161} INFO - Started process (PID=22528) to work on /home/airflow/.local/lib/python3.10/site-packages/airflow/example_dags/example_time_delta_sensor_async.py
[2025-06-27T01:34:54.028+0000] {processor.py:830} INFO - Processing file /home/airflow/.local/lib/python3.10/site-packages/airflow/example_dags/example_time_delta_sensor_async.py for tasks to queue
[2025-06-27T01:34:54.029+0000] {logging_mixin.py:188} INFO - [2025-06-27T01:34:54.029+0000] {dagbag.py:545} INFO - Filling up the DagBag from /home/airflow/.local/lib/python3.10/site-packages/airflow/example_dags/example_time_delta_sensor_async.py
[2025-06-27T01:34:54.031+0000] {logging_mixin.py:188} INFO - [2025-06-27T01:34:54.031+0000] {dagbag.py:337} DEBUG - Importing /home/airflow/.local/lib/python3.10/site-packages/airflow/example_dags/example_time_delta_sensor_async.py
[2025-06-27T01:34:54.043+0000] {logging_mixin.py:188} INFO - [2025-06-27T01:34:54.040+0000] {dagbag.py:511} DEBUG - Loaded DAG <DAG: example_time_delta_sensor_async>
[2025-06-27T01:34:54.043+0000] {processor.py:840} INFO - DAG(s) 'example_time_delta_sensor_async' retrieved from /home/airflow/.local/lib/python3.10/site-packages/airflow/example_dags/example_time_delta_sensor_async.py
[2025-06-27T01:34:54.047+0000] {logging_mixin.py:188} INFO - [2025-06-27T01:34:54.047+0000] {dagbag.py:667} DEBUG - Running dagbag.sync_to_db with retries. Try 1 of 3
[2025-06-27T01:34:54.048+0000] {logging_mixin.py:188} INFO - [2025-06-27T01:34:54.048+0000] {dagbag.py:672} DEBUG - Calling the DAG.bulk_sync_to_db method
[2025-06-27T01:34:54.073+0000] {logging_mixin.py:188} INFO - [2025-06-27T01:34:54.072+0000] {serialized_dag.py:166} DEBUG - Checking if DAG (example_time_delta_sensor_async) changed
[2025-06-27T01:34:54.080+0000] {logging_mixin.py:188} INFO - [2025-06-27T01:34:54.079+0000] {plugins_manager.py:332} DEBUG - Plugins are already loaded. Skipping.
[2025-06-27T01:34:54.081+0000] {logging_mixin.py:188} INFO - [2025-06-27T01:34:54.080+0000] {plugins_manager.py:410} DEBUG - Initialize custom taskinstance deps plugins
[2025-06-27T01:34:54.090+0000] {logging_mixin.py:188} INFO - [2025-06-27T01:34:54.090+0000] {serialized_dag.py:177} DEBUG - Serialized DAG (example_time_delta_sensor_async) is unchanged. Skipping writing to DB
[2025-06-27T01:34:54.091+0000] {logging_mixin.py:188} INFO - [2025-06-27T01:34:54.091+0000] {dag.py:3096} INFO - Sync 1 DAGs
[2025-06-27T01:34:54.109+0000] {logging_mixin.py:188} INFO - [2025-06-27T01:34:54.109+0000] {dag.py:3954} INFO - Setting next_dagrun for example_time_delta_sensor_async to None, run_after=None
[2025-06-27T01:34:54.135+0000] {processor.py:183} INFO - Processing /home/airflow/.local/lib/python3.10/site-packages/airflow/example_dags/example_time_delta_sensor_async.py took 0.123 seconds
[2025-06-27T01:35:24.744+0000] {logging_mixin.py:188} INFO - [2025-06-27T01:35:24.742+0000] {settings.py:250} DEBUG - Setting up DB connection pool (PID 22590)
[2025-06-27T01:35:24.746+0000] {logging_mixin.py:188} INFO - [2025-06-27T01:35:24.746+0000] {settings.py:330} DEBUG - settings.prepare_engine_args(): Using pool settings. pool_size=5, max_overflow=10, pool_recycle=1800, pid=22590
[2025-06-27T01:35:24.756+0000] {processor.py:161} INFO - Started process (PID=22590) to work on /home/airflow/.local/lib/python3.10/site-packages/airflow/example_dags/example_time_delta_sensor_async.py
[2025-06-27T01:35:24.757+0000] {processor.py:830} INFO - Processing file /home/airflow/.local/lib/python3.10/site-packages/airflow/example_dags/example_time_delta_sensor_async.py for tasks to queue
[2025-06-27T01:35:24.759+0000] {logging_mixin.py:188} INFO - [2025-06-27T01:35:24.758+0000] {dagbag.py:545} INFO - Filling up the DagBag from /home/airflow/.local/lib/python3.10/site-packages/airflow/example_dags/example_time_delta_sensor_async.py
[2025-06-27T01:35:24.761+0000] {logging_mixin.py:188} INFO - [2025-06-27T01:35:24.761+0000] {dagbag.py:337} DEBUG - Importing /home/airflow/.local/lib/python3.10/site-packages/airflow/example_dags/example_time_delta_sensor_async.py
[2025-06-27T01:35:24.770+0000] {logging_mixin.py:188} INFO - [2025-06-27T01:35:24.768+0000] {dagbag.py:511} DEBUG - Loaded DAG <DAG: example_time_delta_sensor_async>
[2025-06-27T01:35:24.771+0000] {processor.py:840} INFO - DAG(s) 'example_time_delta_sensor_async' retrieved from /home/airflow/.local/lib/python3.10/site-packages/airflow/example_dags/example_time_delta_sensor_async.py
[2025-06-27T01:35:24.775+0000] {logging_mixin.py:188} INFO - [2025-06-27T01:35:24.774+0000] {dagbag.py:667} DEBUG - Running dagbag.sync_to_db with retries. Try 1 of 3
[2025-06-27T01:35:24.776+0000] {logging_mixin.py:188} INFO - [2025-06-27T01:35:24.775+0000] {dagbag.py:672} DEBUG - Calling the DAG.bulk_sync_to_db method
[2025-06-27T01:35:24.801+0000] {logging_mixin.py:188} INFO - [2025-06-27T01:35:24.800+0000] {serialized_dag.py:166} DEBUG - Checking if DAG (example_time_delta_sensor_async) changed
[2025-06-27T01:35:24.808+0000] {logging_mixin.py:188} INFO - [2025-06-27T01:35:24.807+0000] {plugins_manager.py:332} DEBUG - Plugins are already loaded. Skipping.
[2025-06-27T01:35:24.808+0000] {logging_mixin.py:188} INFO - [2025-06-27T01:35:24.808+0000] {plugins_manager.py:410} DEBUG - Initialize custom taskinstance deps plugins
[2025-06-27T01:35:24.819+0000] {logging_mixin.py:188} INFO - [2025-06-27T01:35:24.819+0000] {serialized_dag.py:177} DEBUG - Serialized DAG (example_time_delta_sensor_async) is unchanged. Skipping writing to DB
[2025-06-27T01:35:24.820+0000] {logging_mixin.py:188} INFO - [2025-06-27T01:35:24.820+0000] {dag.py:3096} INFO - Sync 1 DAGs
[2025-06-27T01:35:24.856+0000] {logging_mixin.py:188} INFO - [2025-06-27T01:35:24.856+0000] {dag.py:3954} INFO - Setting next_dagrun for example_time_delta_sensor_async to None, run_after=None
[2025-06-27T01:35:24.905+0000] {processor.py:183} INFO - Processing /home/airflow/.local/lib/python3.10/site-packages/airflow/example_dags/example_time_delta_sensor_async.py took 0.162 seconds
[2025-06-27T01:35:55.265+0000] {logging_mixin.py:188} INFO - [2025-06-27T01:35:55.263+0000] {settings.py:250} DEBUG - Setting up DB connection pool (PID 22653)
[2025-06-27T01:35:55.266+0000] {logging_mixin.py:188} INFO - [2025-06-27T01:35:55.266+0000] {settings.py:330} DEBUG - settings.prepare_engine_args(): Using pool settings. pool_size=5, max_overflow=10, pool_recycle=1800, pid=22653
[2025-06-27T01:35:55.277+0000] {processor.py:161} INFO - Started process (PID=22653) to work on /home/airflow/.local/lib/python3.10/site-packages/airflow/example_dags/example_time_delta_sensor_async.py
[2025-06-27T01:35:55.279+0000] {processor.py:830} INFO - Processing file /home/airflow/.local/lib/python3.10/site-packages/airflow/example_dags/example_time_delta_sensor_async.py for tasks to queue
[2025-06-27T01:35:55.280+0000] {logging_mixin.py:188} INFO - [2025-06-27T01:35:55.280+0000] {dagbag.py:545} INFO - Filling up the DagBag from /home/airflow/.local/lib/python3.10/site-packages/airflow/example_dags/example_time_delta_sensor_async.py
[2025-06-27T01:35:55.284+0000] {logging_mixin.py:188} INFO - [2025-06-27T01:35:55.283+0000] {dagbag.py:337} DEBUG - Importing /home/airflow/.local/lib/python3.10/site-packages/airflow/example_dags/example_time_delta_sensor_async.py
[2025-06-27T01:35:55.298+0000] {logging_mixin.py:188} INFO - [2025-06-27T01:35:55.296+0000] {dagbag.py:511} DEBUG - Loaded DAG <DAG: example_time_delta_sensor_async>
[2025-06-27T01:35:55.299+0000] {processor.py:840} INFO - DAG(s) 'example_time_delta_sensor_async' retrieved from /home/airflow/.local/lib/python3.10/site-packages/airflow/example_dags/example_time_delta_sensor_async.py
[2025-06-27T01:35:55.302+0000] {logging_mixin.py:188} INFO - [2025-06-27T01:35:55.301+0000] {dagbag.py:667} DEBUG - Running dagbag.sync_to_db with retries. Try 1 of 3
[2025-06-27T01:35:55.303+0000] {logging_mixin.py:188} INFO - [2025-06-27T01:35:55.303+0000] {dagbag.py:672} DEBUG - Calling the DAG.bulk_sync_to_db method
[2025-06-27T01:35:55.330+0000] {logging_mixin.py:188} INFO - [2025-06-27T01:35:55.329+0000] {serialized_dag.py:166} DEBUG - Checking if DAG (example_time_delta_sensor_async) changed
[2025-06-27T01:35:55.339+0000] {logging_mixin.py:188} INFO - [2025-06-27T01:35:55.338+0000] {plugins_manager.py:332} DEBUG - Plugins are already loaded. Skipping.
[2025-06-27T01:35:55.340+0000] {logging_mixin.py:188} INFO - [2025-06-27T01:35:55.340+0000] {plugins_manager.py:410} DEBUG - Initialize custom taskinstance deps plugins
[2025-06-27T01:35:55.353+0000] {logging_mixin.py:188} INFO - [2025-06-27T01:35:55.352+0000] {serialized_dag.py:177} DEBUG - Serialized DAG (example_time_delta_sensor_async) is unchanged. Skipping writing to DB
[2025-06-27T01:35:55.353+0000] {logging_mixin.py:188} INFO - [2025-06-27T01:35:55.353+0000] {dag.py:3096} INFO - Sync 1 DAGs
[2025-06-27T01:35:55.375+0000] {logging_mixin.py:188} INFO - [2025-06-27T01:35:55.375+0000] {dag.py:3954} INFO - Setting next_dagrun for example_time_delta_sensor_async to None, run_after=None
[2025-06-27T01:35:55.409+0000] {processor.py:183} INFO - Processing /home/airflow/.local/lib/python3.10/site-packages/airflow/example_dags/example_time_delta_sensor_async.py took 0.146 seconds
[2025-06-27T01:36:25.633+0000] {logging_mixin.py:188} INFO - [2025-06-27T01:36:25.632+0000] {settings.py:250} DEBUG - Setting up DB connection pool (PID 22716)
[2025-06-27T01:36:25.636+0000] {logging_mixin.py:188} INFO - [2025-06-27T01:36:25.635+0000] {settings.py:330} DEBUG - settings.prepare_engine_args(): Using pool settings. pool_size=5, max_overflow=10, pool_recycle=1800, pid=22716
[2025-06-27T01:36:25.650+0000] {processor.py:161} INFO - Started process (PID=22716) to work on /home/airflow/.local/lib/python3.10/site-packages/airflow/example_dags/example_time_delta_sensor_async.py
[2025-06-27T01:36:25.652+0000] {processor.py:830} INFO - Processing file /home/airflow/.local/lib/python3.10/site-packages/airflow/example_dags/example_time_delta_sensor_async.py for tasks to queue
[2025-06-27T01:36:25.653+0000] {logging_mixin.py:188} INFO - [2025-06-27T01:36:25.653+0000] {dagbag.py:545} INFO - Filling up the DagBag from /home/airflow/.local/lib/python3.10/site-packages/airflow/example_dags/example_time_delta_sensor_async.py
[2025-06-27T01:36:25.657+0000] {logging_mixin.py:188} INFO - [2025-06-27T01:36:25.657+0000] {dagbag.py:337} DEBUG - Importing /home/airflow/.local/lib/python3.10/site-packages/airflow/example_dags/example_time_delta_sensor_async.py
[2025-06-27T01:36:25.668+0000] {logging_mixin.py:188} INFO - [2025-06-27T01:36:25.665+0000] {dagbag.py:511} DEBUG - Loaded DAG <DAG: example_time_delta_sensor_async>
[2025-06-27T01:36:25.669+0000] {processor.py:840} INFO - DAG(s) 'example_time_delta_sensor_async' retrieved from /home/airflow/.local/lib/python3.10/site-packages/airflow/example_dags/example_time_delta_sensor_async.py
[2025-06-27T01:36:25.672+0000] {logging_mixin.py:188} INFO - [2025-06-27T01:36:25.672+0000] {dagbag.py:667} DEBUG - Running dagbag.sync_to_db with retries. Try 1 of 3
[2025-06-27T01:36:25.673+0000] {logging_mixin.py:188} INFO - [2025-06-27T01:36:25.672+0000] {dagbag.py:672} DEBUG - Calling the DAG.bulk_sync_to_db method
[2025-06-27T01:36:25.695+0000] {logging_mixin.py:188} INFO - [2025-06-27T01:36:25.695+0000] {serialized_dag.py:166} DEBUG - Checking if DAG (example_time_delta_sensor_async) changed
[2025-06-27T01:36:25.702+0000] {logging_mixin.py:188} INFO - [2025-06-27T01:36:25.701+0000] {plugins_manager.py:332} DEBUG - Plugins are already loaded. Skipping.
[2025-06-27T01:36:25.703+0000] {logging_mixin.py:188} INFO - [2025-06-27T01:36:25.702+0000] {plugins_manager.py:410} DEBUG - Initialize custom taskinstance deps plugins
[2025-06-27T01:36:25.713+0000] {logging_mixin.py:188} INFO - [2025-06-27T01:36:25.713+0000] {serialized_dag.py:177} DEBUG - Serialized DAG (example_time_delta_sensor_async) is unchanged. Skipping writing to DB
[2025-06-27T01:36:25.715+0000] {logging_mixin.py:188} INFO - [2025-06-27T01:36:25.714+0000] {dag.py:3096} INFO - Sync 1 DAGs
[2025-06-27T01:36:25.734+0000] {logging_mixin.py:188} INFO - [2025-06-27T01:36:25.734+0000] {dag.py:3954} INFO - Setting next_dagrun for example_time_delta_sensor_async to None, run_after=None
[2025-06-27T01:36:25.778+0000] {processor.py:183} INFO - Processing /home/airflow/.local/lib/python3.10/site-packages/airflow/example_dags/example_time_delta_sensor_async.py took 0.146 seconds
[2025-06-27T01:36:56.068+0000] {logging_mixin.py:188} INFO - [2025-06-27T01:36:56.067+0000] {settings.py:250} DEBUG - Setting up DB connection pool (PID 22779)
[2025-06-27T01:36:56.070+0000] {logging_mixin.py:188} INFO - [2025-06-27T01:36:56.070+0000] {settings.py:330} DEBUG - settings.prepare_engine_args(): Using pool settings. pool_size=5, max_overflow=10, pool_recycle=1800, pid=22779
[2025-06-27T01:36:56.082+0000] {processor.py:161} INFO - Started process (PID=22779) to work on /home/airflow/.local/lib/python3.10/site-packages/airflow/example_dags/example_time_delta_sensor_async.py
[2025-06-27T01:36:56.083+0000] {processor.py:830} INFO - Processing file /home/airflow/.local/lib/python3.10/site-packages/airflow/example_dags/example_time_delta_sensor_async.py for tasks to queue
[2025-06-27T01:36:56.085+0000] {logging_mixin.py:188} INFO - [2025-06-27T01:36:56.085+0000] {dagbag.py:545} INFO - Filling up the DagBag from /home/airflow/.local/lib/python3.10/site-packages/airflow/example_dags/example_time_delta_sensor_async.py
[2025-06-27T01:36:56.088+0000] {logging_mixin.py:188} INFO - [2025-06-27T01:36:56.088+0000] {dagbag.py:337} DEBUG - Importing /home/airflow/.local/lib/python3.10/site-packages/airflow/example_dags/example_time_delta_sensor_async.py
[2025-06-27T01:36:56.101+0000] {logging_mixin.py:188} INFO - [2025-06-27T01:36:56.097+0000] {dagbag.py:511} DEBUG - Loaded DAG <DAG: example_time_delta_sensor_async>
[2025-06-27T01:36:56.102+0000] {processor.py:840} INFO - DAG(s) 'example_time_delta_sensor_async' retrieved from /home/airflow/.local/lib/python3.10/site-packages/airflow/example_dags/example_time_delta_sensor_async.py
[2025-06-27T01:36:56.105+0000] {logging_mixin.py:188} INFO - [2025-06-27T01:36:56.105+0000] {dagbag.py:667} DEBUG - Running dagbag.sync_to_db with retries. Try 1 of 3
[2025-06-27T01:36:56.106+0000] {logging_mixin.py:188} INFO - [2025-06-27T01:36:56.106+0000] {dagbag.py:672} DEBUG - Calling the DAG.bulk_sync_to_db method
[2025-06-27T01:36:56.134+0000] {logging_mixin.py:188} INFO - [2025-06-27T01:36:56.133+0000] {serialized_dag.py:166} DEBUG - Checking if DAG (example_time_delta_sensor_async) changed
[2025-06-27T01:36:56.146+0000] {logging_mixin.py:188} INFO - [2025-06-27T01:36:56.145+0000] {plugins_manager.py:332} DEBUG - Plugins are already loaded. Skipping.
[2025-06-27T01:36:56.148+0000] {logging_mixin.py:188} INFO - [2025-06-27T01:36:56.147+0000] {plugins_manager.py:410} DEBUG - Initialize custom taskinstance deps plugins
[2025-06-27T01:36:56.163+0000] {logging_mixin.py:188} INFO - [2025-06-27T01:36:56.162+0000] {serialized_dag.py:177} DEBUG - Serialized DAG (example_time_delta_sensor_async) is unchanged. Skipping writing to DB
[2025-06-27T01:36:56.164+0000] {logging_mixin.py:188} INFO - [2025-06-27T01:36:56.164+0000] {dag.py:3096} INFO - Sync 1 DAGs
[2025-06-27T01:36:56.198+0000] {logging_mixin.py:188} INFO - [2025-06-27T01:36:56.197+0000] {dag.py:3954} INFO - Setting next_dagrun for example_time_delta_sensor_async to None, run_after=None
[2025-06-27T01:36:56.241+0000] {processor.py:183} INFO - Processing /home/airflow/.local/lib/python3.10/site-packages/airflow/example_dags/example_time_delta_sensor_async.py took 0.174 seconds
[2025-06-27T01:37:27.041+0000] {logging_mixin.py:188} INFO - [2025-06-27T01:37:27.040+0000] {settings.py:250} DEBUG - Setting up DB connection pool (PID 22842)
[2025-06-27T01:37:27.043+0000] {logging_mixin.py:188} INFO - [2025-06-27T01:37:27.043+0000] {settings.py:330} DEBUG - settings.prepare_engine_args(): Using pool settings. pool_size=5, max_overflow=10, pool_recycle=1800, pid=22842
[2025-06-27T01:37:27.056+0000] {processor.py:161} INFO - Started process (PID=22842) to work on /home/airflow/.local/lib/python3.10/site-packages/airflow/example_dags/example_time_delta_sensor_async.py
[2025-06-27T01:37:27.057+0000] {processor.py:830} INFO - Processing file /home/airflow/.local/lib/python3.10/site-packages/airflow/example_dags/example_time_delta_sensor_async.py for tasks to queue
[2025-06-27T01:37:27.058+0000] {logging_mixin.py:188} INFO - [2025-06-27T01:37:27.058+0000] {dagbag.py:545} INFO - Filling up the DagBag from /home/airflow/.local/lib/python3.10/site-packages/airflow/example_dags/example_time_delta_sensor_async.py
[2025-06-27T01:37:27.061+0000] {logging_mixin.py:188} INFO - [2025-06-27T01:37:27.060+0000] {dagbag.py:337} DEBUG - Importing /home/airflow/.local/lib/python3.10/site-packages/airflow/example_dags/example_time_delta_sensor_async.py
[2025-06-27T01:37:27.074+0000] {logging_mixin.py:188} INFO - [2025-06-27T01:37:27.072+0000] {dagbag.py:511} DEBUG - Loaded DAG <DAG: example_time_delta_sensor_async>
[2025-06-27T01:37:27.076+0000] {processor.py:840} INFO - DAG(s) 'example_time_delta_sensor_async' retrieved from /home/airflow/.local/lib/python3.10/site-packages/airflow/example_dags/example_time_delta_sensor_async.py
[2025-06-27T01:37:27.078+0000] {logging_mixin.py:188} INFO - [2025-06-27T01:37:27.078+0000] {dagbag.py:667} DEBUG - Running dagbag.sync_to_db with retries. Try 1 of 3
[2025-06-27T01:37:27.079+0000] {logging_mixin.py:188} INFO - [2025-06-27T01:37:27.079+0000] {dagbag.py:672} DEBUG - Calling the DAG.bulk_sync_to_db method
[2025-06-27T01:37:27.102+0000] {logging_mixin.py:188} INFO - [2025-06-27T01:37:27.101+0000] {serialized_dag.py:166} DEBUG - Checking if DAG (example_time_delta_sensor_async) changed
[2025-06-27T01:37:27.107+0000] {logging_mixin.py:188} INFO - [2025-06-27T01:37:27.106+0000] {plugins_manager.py:332} DEBUG - Plugins are already loaded. Skipping.
[2025-06-27T01:37:27.108+0000] {logging_mixin.py:188} INFO - [2025-06-27T01:37:27.107+0000] {plugins_manager.py:410} DEBUG - Initialize custom taskinstance deps plugins
[2025-06-27T01:37:27.118+0000] {logging_mixin.py:188} INFO - [2025-06-27T01:37:27.118+0000] {serialized_dag.py:177} DEBUG - Serialized DAG (example_time_delta_sensor_async) is unchanged. Skipping writing to DB
[2025-06-27T01:37:27.119+0000] {logging_mixin.py:188} INFO - [2025-06-27T01:37:27.119+0000] {dag.py:3096} INFO - Sync 1 DAGs
[2025-06-27T01:37:27.138+0000] {logging_mixin.py:188} INFO - [2025-06-27T01:37:27.138+0000] {dag.py:3954} INFO - Setting next_dagrun for example_time_delta_sensor_async to None, run_after=None
[2025-06-27T01:37:27.176+0000] {processor.py:183} INFO - Processing /home/airflow/.local/lib/python3.10/site-packages/airflow/example_dags/example_time_delta_sensor_async.py took 0.137 seconds
[2025-06-27T01:37:57.368+0000] {logging_mixin.py:188} INFO - [2025-06-27T01:37:57.366+0000] {settings.py:250} DEBUG - Setting up DB connection pool (PID 22906)
[2025-06-27T01:37:57.371+0000] {logging_mixin.py:188} INFO - [2025-06-27T01:37:57.370+0000] {settings.py:330} DEBUG - settings.prepare_engine_args(): Using pool settings. pool_size=5, max_overflow=10, pool_recycle=1800, pid=22906
[2025-06-27T01:37:57.383+0000] {processor.py:161} INFO - Started process (PID=22906) to work on /home/airflow/.local/lib/python3.10/site-packages/airflow/example_dags/example_time_delta_sensor_async.py
[2025-06-27T01:37:57.385+0000] {processor.py:830} INFO - Processing file /home/airflow/.local/lib/python3.10/site-packages/airflow/example_dags/example_time_delta_sensor_async.py for tasks to queue
[2025-06-27T01:37:57.387+0000] {logging_mixin.py:188} INFO - [2025-06-27T01:37:57.387+0000] {dagbag.py:545} INFO - Filling up the DagBag from /home/airflow/.local/lib/python3.10/site-packages/airflow/example_dags/example_time_delta_sensor_async.py
[2025-06-27T01:37:57.390+0000] {logging_mixin.py:188} INFO - [2025-06-27T01:37:57.389+0000] {dagbag.py:337} DEBUG - Importing /home/airflow/.local/lib/python3.10/site-packages/airflow/example_dags/example_time_delta_sensor_async.py
[2025-06-27T01:37:57.400+0000] {logging_mixin.py:188} INFO - [2025-06-27T01:37:57.398+0000] {dagbag.py:511} DEBUG - Loaded DAG <DAG: example_time_delta_sensor_async>
[2025-06-27T01:37:57.401+0000] {processor.py:840} INFO - DAG(s) 'example_time_delta_sensor_async' retrieved from /home/airflow/.local/lib/python3.10/site-packages/airflow/example_dags/example_time_delta_sensor_async.py
[2025-06-27T01:37:57.404+0000] {logging_mixin.py:188} INFO - [2025-06-27T01:37:57.403+0000] {dagbag.py:667} DEBUG - Running dagbag.sync_to_db with retries. Try 1 of 3
[2025-06-27T01:37:57.404+0000] {logging_mixin.py:188} INFO - [2025-06-27T01:37:57.404+0000] {dagbag.py:672} DEBUG - Calling the DAG.bulk_sync_to_db method
[2025-06-27T01:37:57.428+0000] {logging_mixin.py:188} INFO - [2025-06-27T01:37:57.428+0000] {serialized_dag.py:166} DEBUG - Checking if DAG (example_time_delta_sensor_async) changed
[2025-06-27T01:37:57.433+0000] {logging_mixin.py:188} INFO - [2025-06-27T01:37:57.432+0000] {plugins_manager.py:332} DEBUG - Plugins are already loaded. Skipping.
[2025-06-27T01:37:57.434+0000] {logging_mixin.py:188} INFO - [2025-06-27T01:37:57.433+0000] {plugins_manager.py:410} DEBUG - Initialize custom taskinstance deps plugins
[2025-06-27T01:37:57.443+0000] {logging_mixin.py:188} INFO - [2025-06-27T01:37:57.443+0000] {serialized_dag.py:177} DEBUG - Serialized DAG (example_time_delta_sensor_async) is unchanged. Skipping writing to DB
[2025-06-27T01:37:57.444+0000] {logging_mixin.py:188} INFO - [2025-06-27T01:37:57.444+0000] {dag.py:3096} INFO - Sync 1 DAGs
[2025-06-27T01:37:57.463+0000] {logging_mixin.py:188} INFO - [2025-06-27T01:37:57.463+0000] {dag.py:3954} INFO - Setting next_dagrun for example_time_delta_sensor_async to None, run_after=None
[2025-06-27T01:37:57.494+0000] {processor.py:183} INFO - Processing /home/airflow/.local/lib/python3.10/site-packages/airflow/example_dags/example_time_delta_sensor_async.py took 0.127 seconds
[2025-06-27T01:38:28.059+0000] {logging_mixin.py:188} INFO - [2025-06-27T01:38:28.057+0000] {settings.py:250} DEBUG - Setting up DB connection pool (PID 22967)
[2025-06-27T01:38:28.064+0000] {logging_mixin.py:188} INFO - [2025-06-27T01:38:28.063+0000] {settings.py:330} DEBUG - settings.prepare_engine_args(): Using pool settings. pool_size=5, max_overflow=10, pool_recycle=1800, pid=22967
[2025-06-27T01:38:28.086+0000] {processor.py:161} INFO - Started process (PID=22967) to work on /home/airflow/.local/lib/python3.10/site-packages/airflow/example_dags/example_time_delta_sensor_async.py
[2025-06-27T01:38:28.090+0000] {processor.py:830} INFO - Processing file /home/airflow/.local/lib/python3.10/site-packages/airflow/example_dags/example_time_delta_sensor_async.py for tasks to queue
[2025-06-27T01:38:28.096+0000] {logging_mixin.py:188} INFO - [2025-06-27T01:38:28.095+0000] {dagbag.py:545} INFO - Filling up the DagBag from /home/airflow/.local/lib/python3.10/site-packages/airflow/example_dags/example_time_delta_sensor_async.py
[2025-06-27T01:38:28.100+0000] {logging_mixin.py:188} INFO - [2025-06-27T01:38:28.100+0000] {dagbag.py:337} DEBUG - Importing /home/airflow/.local/lib/python3.10/site-packages/airflow/example_dags/example_time_delta_sensor_async.py
[2025-06-27T01:38:28.122+0000] {logging_mixin.py:188} INFO - [2025-06-27T01:38:28.109+0000] {dagbag.py:511} DEBUG - Loaded DAG <DAG: example_time_delta_sensor_async>
[2025-06-27T01:38:28.124+0000] {processor.py:840} INFO - DAG(s) 'example_time_delta_sensor_async' retrieved from /home/airflow/.local/lib/python3.10/site-packages/airflow/example_dags/example_time_delta_sensor_async.py
[2025-06-27T01:38:28.130+0000] {logging_mixin.py:188} INFO - [2025-06-27T01:38:28.129+0000] {dagbag.py:667} DEBUG - Running dagbag.sync_to_db with retries. Try 1 of 3
[2025-06-27T01:38:28.132+0000] {logging_mixin.py:188} INFO - [2025-06-27T01:38:28.132+0000] {dagbag.py:672} DEBUG - Calling the DAG.bulk_sync_to_db method
[2025-06-27T01:38:28.177+0000] {logging_mixin.py:188} INFO - [2025-06-27T01:38:28.177+0000] {serialized_dag.py:166} DEBUG - Checking if DAG (example_time_delta_sensor_async) changed
[2025-06-27T01:38:28.191+0000] {logging_mixin.py:188} INFO - [2025-06-27T01:38:28.191+0000] {plugins_manager.py:332} DEBUG - Plugins are already loaded. Skipping.
[2025-06-27T01:38:28.192+0000] {logging_mixin.py:188} INFO - [2025-06-27T01:38:28.192+0000] {plugins_manager.py:410} DEBUG - Initialize custom taskinstance deps plugins
[2025-06-27T01:38:28.208+0000] {logging_mixin.py:188} INFO - [2025-06-27T01:38:28.207+0000] {serialized_dag.py:177} DEBUG - Serialized DAG (example_time_delta_sensor_async) is unchanged. Skipping writing to DB
[2025-06-27T01:38:28.210+0000] {logging_mixin.py:188} INFO - [2025-06-27T01:38:28.209+0000] {dag.py:3096} INFO - Sync 1 DAGs
[2025-06-27T01:38:28.238+0000] {logging_mixin.py:188} INFO - [2025-06-27T01:38:28.237+0000] {dag.py:3954} INFO - Setting next_dagrun for example_time_delta_sensor_async to None, run_after=None
[2025-06-27T01:38:28.280+0000] {processor.py:183} INFO - Processing /home/airflow/.local/lib/python3.10/site-packages/airflow/example_dags/example_time_delta_sensor_async.py took 0.223 seconds
[2025-06-27T01:38:58.527+0000] {logging_mixin.py:188} INFO - [2025-06-27T01:38:58.526+0000] {settings.py:250} DEBUG - Setting up DB connection pool (PID 23030)
[2025-06-27T01:38:58.529+0000] {logging_mixin.py:188} INFO - [2025-06-27T01:38:58.529+0000] {settings.py:330} DEBUG - settings.prepare_engine_args(): Using pool settings. pool_size=5, max_overflow=10, pool_recycle=1800, pid=23030
[2025-06-27T01:38:58.543+0000] {processor.py:161} INFO - Started process (PID=23030) to work on /home/airflow/.local/lib/python3.10/site-packages/airflow/example_dags/example_time_delta_sensor_async.py
[2025-06-27T01:38:58.544+0000] {processor.py:830} INFO - Processing file /home/airflow/.local/lib/python3.10/site-packages/airflow/example_dags/example_time_delta_sensor_async.py for tasks to queue
[2025-06-27T01:38:58.546+0000] {logging_mixin.py:188} INFO - [2025-06-27T01:38:58.546+0000] {dagbag.py:545} INFO - Filling up the DagBag from /home/airflow/.local/lib/python3.10/site-packages/airflow/example_dags/example_time_delta_sensor_async.py
[2025-06-27T01:38:58.549+0000] {logging_mixin.py:188} INFO - [2025-06-27T01:38:58.548+0000] {dagbag.py:337} DEBUG - Importing /home/airflow/.local/lib/python3.10/site-packages/airflow/example_dags/example_time_delta_sensor_async.py
[2025-06-27T01:38:58.557+0000] {logging_mixin.py:188} INFO - [2025-06-27T01:38:58.556+0000] {dagbag.py:511} DEBUG - Loaded DAG <DAG: example_time_delta_sensor_async>
[2025-06-27T01:38:58.558+0000] {processor.py:840} INFO - DAG(s) 'example_time_delta_sensor_async' retrieved from /home/airflow/.local/lib/python3.10/site-packages/airflow/example_dags/example_time_delta_sensor_async.py
[2025-06-27T01:38:58.561+0000] {logging_mixin.py:188} INFO - [2025-06-27T01:38:58.561+0000] {dagbag.py:667} DEBUG - Running dagbag.sync_to_db with retries. Try 1 of 3
[2025-06-27T01:38:58.562+0000] {logging_mixin.py:188} INFO - [2025-06-27T01:38:58.562+0000] {dagbag.py:672} DEBUG - Calling the DAG.bulk_sync_to_db method
[2025-06-27T01:38:58.589+0000] {logging_mixin.py:188} INFO - [2025-06-27T01:38:58.588+0000] {serialized_dag.py:166} DEBUG - Checking if DAG (example_time_delta_sensor_async) changed
[2025-06-27T01:38:58.595+0000] {logging_mixin.py:188} INFO - [2025-06-27T01:38:58.595+0000] {plugins_manager.py:332} DEBUG - Plugins are already loaded. Skipping.
[2025-06-27T01:38:58.596+0000] {logging_mixin.py:188} INFO - [2025-06-27T01:38:58.596+0000] {plugins_manager.py:410} DEBUG - Initialize custom taskinstance deps plugins
[2025-06-27T01:38:58.608+0000] {logging_mixin.py:188} INFO - [2025-06-27T01:38:58.608+0000] {serialized_dag.py:177} DEBUG - Serialized DAG (example_time_delta_sensor_async) is unchanged. Skipping writing to DB
[2025-06-27T01:38:58.609+0000] {logging_mixin.py:188} INFO - [2025-06-27T01:38:58.609+0000] {dag.py:3096} INFO - Sync 1 DAGs
[2025-06-27T01:38:58.631+0000] {logging_mixin.py:188} INFO - [2025-06-27T01:38:58.631+0000] {dag.py:3954} INFO - Setting next_dagrun for example_time_delta_sensor_async to None, run_after=None
[2025-06-27T01:38:58.658+0000] {processor.py:183} INFO - Processing /home/airflow/.local/lib/python3.10/site-packages/airflow/example_dags/example_time_delta_sensor_async.py took 0.133 seconds
[2025-06-27T01:39:28.988+0000] {logging_mixin.py:188} INFO - [2025-06-27T01:39:28.987+0000] {settings.py:250} DEBUG - Setting up DB connection pool (PID 23093)
[2025-06-27T01:39:28.990+0000] {logging_mixin.py:188} INFO - [2025-06-27T01:39:28.990+0000] {settings.py:330} DEBUG - settings.prepare_engine_args(): Using pool settings. pool_size=5, max_overflow=10, pool_recycle=1800, pid=23093
[2025-06-27T01:39:29.005+0000] {processor.py:161} INFO - Started process (PID=23093) to work on /home/airflow/.local/lib/python3.10/site-packages/airflow/example_dags/example_time_delta_sensor_async.py
[2025-06-27T01:39:29.007+0000] {processor.py:830} INFO - Processing file /home/airflow/.local/lib/python3.10/site-packages/airflow/example_dags/example_time_delta_sensor_async.py for tasks to queue
[2025-06-27T01:39:29.010+0000] {logging_mixin.py:188} INFO - [2025-06-27T01:39:29.010+0000] {dagbag.py:545} INFO - Filling up the DagBag from /home/airflow/.local/lib/python3.10/site-packages/airflow/example_dags/example_time_delta_sensor_async.py
[2025-06-27T01:39:29.017+0000] {logging_mixin.py:188} INFO - [2025-06-27T01:39:29.017+0000] {dagbag.py:337} DEBUG - Importing /home/airflow/.local/lib/python3.10/site-packages/airflow/example_dags/example_time_delta_sensor_async.py
[2025-06-27T01:39:29.039+0000] {logging_mixin.py:188} INFO - [2025-06-27T01:39:29.034+0000] {dagbag.py:511} DEBUG - Loaded DAG <DAG: example_time_delta_sensor_async>
[2025-06-27T01:39:29.040+0000] {processor.py:840} INFO - DAG(s) 'example_time_delta_sensor_async' retrieved from /home/airflow/.local/lib/python3.10/site-packages/airflow/example_dags/example_time_delta_sensor_async.py
[2025-06-27T01:39:29.042+0000] {logging_mixin.py:188} INFO - [2025-06-27T01:39:29.042+0000] {dagbag.py:667} DEBUG - Running dagbag.sync_to_db with retries. Try 1 of 3
[2025-06-27T01:39:29.043+0000] {logging_mixin.py:188} INFO - [2025-06-27T01:39:29.043+0000] {dagbag.py:672} DEBUG - Calling the DAG.bulk_sync_to_db method
[2025-06-27T01:39:29.072+0000] {logging_mixin.py:188} INFO - [2025-06-27T01:39:29.072+0000] {serialized_dag.py:166} DEBUG - Checking if DAG (example_time_delta_sensor_async) changed
[2025-06-27T01:39:29.081+0000] {logging_mixin.py:188} INFO - [2025-06-27T01:39:29.080+0000] {plugins_manager.py:332} DEBUG - Plugins are already loaded. Skipping.
[2025-06-27T01:39:29.082+0000] {logging_mixin.py:188} INFO - [2025-06-27T01:39:29.082+0000] {plugins_manager.py:410} DEBUG - Initialize custom taskinstance deps plugins
[2025-06-27T01:39:29.098+0000] {logging_mixin.py:188} INFO - [2025-06-27T01:39:29.097+0000] {serialized_dag.py:177} DEBUG - Serialized DAG (example_time_delta_sensor_async) is unchanged. Skipping writing to DB
[2025-06-27T01:39:29.099+0000] {logging_mixin.py:188} INFO - [2025-06-27T01:39:29.099+0000] {dag.py:3096} INFO - Sync 1 DAGs
[2025-06-27T01:39:29.121+0000] {logging_mixin.py:188} INFO - [2025-06-27T01:39:29.121+0000] {dag.py:3954} INFO - Setting next_dagrun for example_time_delta_sensor_async to None, run_after=None
[2025-06-27T01:39:29.154+0000] {processor.py:183} INFO - Processing /home/airflow/.local/lib/python3.10/site-packages/airflow/example_dags/example_time_delta_sensor_async.py took 0.168 seconds
