[2025-06-27T00:00:05.923+0000] {logging_mixin.py:188} INFO - [2025-06-27T00:00:05.921+0000] {settings.py:250} DEBUG - Setting up DB connection pool (PID 10836)
[2025-06-27T00:00:05.925+0000] {logging_mixin.py:188} INFO - [2025-06-27T00:00:05.925+0000] {settings.py:330} DEBUG - settings.prepare_engine_args(): Using pool settings. pool_size=5, max_overflow=10, pool_recycle=1800, pid=10836
[2025-06-27T00:00:05.937+0000] {processor.py:161} INFO - Started process (PID=10836) to work on /home/airflow/.local/lib/python3.10/site-packages/airflow/example_dags/example_local_kubernetes_executor.py
[2025-06-27T00:00:05.939+0000] {processor.py:830} INFO - Processing file /home/airflow/.local/lib/python3.10/site-packages/airflow/example_dags/example_local_kubernetes_executor.py for tasks to queue
[2025-06-27T00:00:05.941+0000] {logging_mixin.py:188} INFO - [2025-06-27T00:00:05.941+0000] {dagbag.py:545} INFO - Filling up the DagBag from /home/airflow/.local/lib/python3.10/site-packages/airflow/example_dags/example_local_kubernetes_executor.py
[2025-06-27T00:00:05.944+0000] {logging_mixin.py:188} INFO - [2025-06-27T00:00:05.944+0000] {dagbag.py:337} DEBUG - Importing /home/airflow/.local/lib/python3.10/site-packages/airflow/example_dags/example_local_kubernetes_executor.py
[2025-06-27T00:00:05.959+0000] {logging_mixin.py:188} INFO - [2025-06-27T00:00:05.957+0000] {dagbag.py:511} DEBUG - Loaded DAG <DAG: example_local_kubernetes_executor>
[2025-06-27T00:00:05.960+0000] {processor.py:840} INFO - DAG(s) 'example_local_kubernetes_executor' retrieved from /home/airflow/.local/lib/python3.10/site-packages/airflow/example_dags/example_local_kubernetes_executor.py
[2025-06-27T00:00:05.962+0000] {logging_mixin.py:188} INFO - [2025-06-27T00:00:05.962+0000] {dagbag.py:667} DEBUG - Running dagbag.sync_to_db with retries. Try 1 of 3
[2025-06-27T00:00:05.963+0000] {logging_mixin.py:188} INFO - [2025-06-27T00:00:05.963+0000] {dagbag.py:672} DEBUG - Calling the DAG.bulk_sync_to_db method
[2025-06-27T00:00:05.985+0000] {logging_mixin.py:188} INFO - [2025-06-27T00:00:05.984+0000] {serialized_dag.py:166} DEBUG - Checking if DAG (example_local_kubernetes_executor) changed
[2025-06-27T00:00:06.023+0000] {logging_mixin.py:188} INFO - [2025-06-27T00:00:06.023+0000] {serialized_dag.py:177} DEBUG - Serialized DAG (example_local_kubernetes_executor) is unchanged. Skipping writing to DB
[2025-06-27T00:00:06.026+0000] {logging_mixin.py:188} INFO - [2025-06-27T00:00:06.025+0000] {dag.py:3096} INFO - Sync 1 DAGs
[2025-06-27T00:00:06.047+0000] {logging_mixin.py:188} INFO - [2025-06-27T00:00:06.047+0000] {dag.py:3954} INFO - Setting next_dagrun for example_local_kubernetes_executor to None, run_after=None
[2025-06-27T00:00:06.078+0000] {processor.py:183} INFO - Processing /home/airflow/.local/lib/python3.10/site-packages/airflow/example_dags/example_local_kubernetes_executor.py took 0.157 seconds
[2025-06-27T00:00:36.342+0000] {logging_mixin.py:188} INFO - [2025-06-27T00:00:36.341+0000] {settings.py:250} DEBUG - Setting up DB connection pool (PID 10899)
[2025-06-27T00:00:36.344+0000] {logging_mixin.py:188} INFO - [2025-06-27T00:00:36.344+0000] {settings.py:330} DEBUG - settings.prepare_engine_args(): Using pool settings. pool_size=5, max_overflow=10, pool_recycle=1800, pid=10899
[2025-06-27T00:00:36.356+0000] {processor.py:161} INFO - Started process (PID=10899) to work on /home/airflow/.local/lib/python3.10/site-packages/airflow/example_dags/example_local_kubernetes_executor.py
[2025-06-27T00:00:36.357+0000] {processor.py:830} INFO - Processing file /home/airflow/.local/lib/python3.10/site-packages/airflow/example_dags/example_local_kubernetes_executor.py for tasks to queue
[2025-06-27T00:00:36.359+0000] {logging_mixin.py:188} INFO - [2025-06-27T00:00:36.358+0000] {dagbag.py:545} INFO - Filling up the DagBag from /home/airflow/.local/lib/python3.10/site-packages/airflow/example_dags/example_local_kubernetes_executor.py
[2025-06-27T00:00:36.361+0000] {logging_mixin.py:188} INFO - [2025-06-27T00:00:36.361+0000] {dagbag.py:337} DEBUG - Importing /home/airflow/.local/lib/python3.10/site-packages/airflow/example_dags/example_local_kubernetes_executor.py
[2025-06-27T00:00:36.376+0000] {logging_mixin.py:188} INFO - [2025-06-27T00:00:36.374+0000] {dagbag.py:511} DEBUG - Loaded DAG <DAG: example_local_kubernetes_executor>
[2025-06-27T00:00:36.377+0000] {processor.py:840} INFO - DAG(s) 'example_local_kubernetes_executor' retrieved from /home/airflow/.local/lib/python3.10/site-packages/airflow/example_dags/example_local_kubernetes_executor.py
[2025-06-27T00:00:36.379+0000] {logging_mixin.py:188} INFO - [2025-06-27T00:00:36.379+0000] {dagbag.py:667} DEBUG - Running dagbag.sync_to_db with retries. Try 1 of 3
[2025-06-27T00:00:36.380+0000] {logging_mixin.py:188} INFO - [2025-06-27T00:00:36.380+0000] {dagbag.py:672} DEBUG - Calling the DAG.bulk_sync_to_db method
[2025-06-27T00:00:36.403+0000] {logging_mixin.py:188} INFO - [2025-06-27T00:00:36.402+0000] {serialized_dag.py:166} DEBUG - Checking if DAG (example_local_kubernetes_executor) changed
[2025-06-27T00:00:36.445+0000] {logging_mixin.py:188} INFO - [2025-06-27T00:00:36.444+0000] {serialized_dag.py:177} DEBUG - Serialized DAG (example_local_kubernetes_executor) is unchanged. Skipping writing to DB
[2025-06-27T00:00:36.446+0000] {logging_mixin.py:188} INFO - [2025-06-27T00:00:36.446+0000] {dag.py:3096} INFO - Sync 1 DAGs
[2025-06-27T00:00:36.465+0000] {logging_mixin.py:188} INFO - [2025-06-27T00:00:36.464+0000] {dag.py:3954} INFO - Setting next_dagrun for example_local_kubernetes_executor to None, run_after=None
[2025-06-27T00:00:36.494+0000] {processor.py:183} INFO - Processing /home/airflow/.local/lib/python3.10/site-packages/airflow/example_dags/example_local_kubernetes_executor.py took 0.153 seconds
[2025-06-27T00:01:06.732+0000] {logging_mixin.py:188} INFO - [2025-06-27T00:01:06.730+0000] {settings.py:250} DEBUG - Setting up DB connection pool (PID 10962)
[2025-06-27T00:01:06.734+0000] {logging_mixin.py:188} INFO - [2025-06-27T00:01:06.734+0000] {settings.py:330} DEBUG - settings.prepare_engine_args(): Using pool settings. pool_size=5, max_overflow=10, pool_recycle=1800, pid=10962
[2025-06-27T00:01:06.750+0000] {processor.py:161} INFO - Started process (PID=10962) to work on /home/airflow/.local/lib/python3.10/site-packages/airflow/example_dags/example_local_kubernetes_executor.py
[2025-06-27T00:01:06.751+0000] {processor.py:830} INFO - Processing file /home/airflow/.local/lib/python3.10/site-packages/airflow/example_dags/example_local_kubernetes_executor.py for tasks to queue
[2025-06-27T00:01:06.753+0000] {logging_mixin.py:188} INFO - [2025-06-27T00:01:06.753+0000] {dagbag.py:545} INFO - Filling up the DagBag from /home/airflow/.local/lib/python3.10/site-packages/airflow/example_dags/example_local_kubernetes_executor.py
[2025-06-27T00:01:06.756+0000] {logging_mixin.py:188} INFO - [2025-06-27T00:01:06.756+0000] {dagbag.py:337} DEBUG - Importing /home/airflow/.local/lib/python3.10/site-packages/airflow/example_dags/example_local_kubernetes_executor.py
[2025-06-27T00:01:06.772+0000] {logging_mixin.py:188} INFO - [2025-06-27T00:01:06.769+0000] {dagbag.py:511} DEBUG - Loaded DAG <DAG: example_local_kubernetes_executor>
[2025-06-27T00:01:06.773+0000] {processor.py:840} INFO - DAG(s) 'example_local_kubernetes_executor' retrieved from /home/airflow/.local/lib/python3.10/site-packages/airflow/example_dags/example_local_kubernetes_executor.py
[2025-06-27T00:01:06.776+0000] {logging_mixin.py:188} INFO - [2025-06-27T00:01:06.776+0000] {dagbag.py:667} DEBUG - Running dagbag.sync_to_db with retries. Try 1 of 3
[2025-06-27T00:01:06.777+0000] {logging_mixin.py:188} INFO - [2025-06-27T00:01:06.776+0000] {dagbag.py:672} DEBUG - Calling the DAG.bulk_sync_to_db method
[2025-06-27T00:01:06.800+0000] {logging_mixin.py:188} INFO - [2025-06-27T00:01:06.799+0000] {serialized_dag.py:166} DEBUG - Checking if DAG (example_local_kubernetes_executor) changed
[2025-06-27T00:01:06.847+0000] {logging_mixin.py:188} INFO - [2025-06-27T00:01:06.847+0000] {serialized_dag.py:177} DEBUG - Serialized DAG (example_local_kubernetes_executor) is unchanged. Skipping writing to DB
[2025-06-27T00:01:06.848+0000] {logging_mixin.py:188} INFO - [2025-06-27T00:01:06.848+0000] {dag.py:3096} INFO - Sync 1 DAGs
[2025-06-27T00:01:06.872+0000] {logging_mixin.py:188} INFO - [2025-06-27T00:01:06.872+0000] {dag.py:3954} INFO - Setting next_dagrun for example_local_kubernetes_executor to None, run_after=None
[2025-06-27T00:01:06.908+0000] {processor.py:183} INFO - Processing /home/airflow/.local/lib/python3.10/site-packages/airflow/example_dags/example_local_kubernetes_executor.py took 0.178 seconds
[2025-06-27T00:01:37.430+0000] {logging_mixin.py:188} INFO - [2025-06-27T00:01:37.429+0000] {settings.py:250} DEBUG - Setting up DB connection pool (PID 11025)
[2025-06-27T00:01:37.432+0000] {logging_mixin.py:188} INFO - [2025-06-27T00:01:37.432+0000] {settings.py:330} DEBUG - settings.prepare_engine_args(): Using pool settings. pool_size=5, max_overflow=10, pool_recycle=1800, pid=11025
[2025-06-27T00:01:37.442+0000] {processor.py:161} INFO - Started process (PID=11025) to work on /home/airflow/.local/lib/python3.10/site-packages/airflow/example_dags/example_local_kubernetes_executor.py
[2025-06-27T00:01:37.443+0000] {processor.py:830} INFO - Processing file /home/airflow/.local/lib/python3.10/site-packages/airflow/example_dags/example_local_kubernetes_executor.py for tasks to queue
[2025-06-27T00:01:37.444+0000] {logging_mixin.py:188} INFO - [2025-06-27T00:01:37.444+0000] {dagbag.py:545} INFO - Filling up the DagBag from /home/airflow/.local/lib/python3.10/site-packages/airflow/example_dags/example_local_kubernetes_executor.py
[2025-06-27T00:01:37.447+0000] {logging_mixin.py:188} INFO - [2025-06-27T00:01:37.446+0000] {dagbag.py:337} DEBUG - Importing /home/airflow/.local/lib/python3.10/site-packages/airflow/example_dags/example_local_kubernetes_executor.py
[2025-06-27T00:01:37.459+0000] {logging_mixin.py:188} INFO - [2025-06-27T00:01:37.457+0000] {dagbag.py:511} DEBUG - Loaded DAG <DAG: example_local_kubernetes_executor>
[2025-06-27T00:01:37.460+0000] {processor.py:840} INFO - DAG(s) 'example_local_kubernetes_executor' retrieved from /home/airflow/.local/lib/python3.10/site-packages/airflow/example_dags/example_local_kubernetes_executor.py
[2025-06-27T00:01:37.462+0000] {logging_mixin.py:188} INFO - [2025-06-27T00:01:37.462+0000] {dagbag.py:667} DEBUG - Running dagbag.sync_to_db with retries. Try 1 of 3
[2025-06-27T00:01:37.463+0000] {logging_mixin.py:188} INFO - [2025-06-27T00:01:37.463+0000] {dagbag.py:672} DEBUG - Calling the DAG.bulk_sync_to_db method
[2025-06-27T00:01:37.485+0000] {logging_mixin.py:188} INFO - [2025-06-27T00:01:37.484+0000] {serialized_dag.py:166} DEBUG - Checking if DAG (example_local_kubernetes_executor) changed
[2025-06-27T00:01:37.522+0000] {logging_mixin.py:188} INFO - [2025-06-27T00:01:37.522+0000] {serialized_dag.py:177} DEBUG - Serialized DAG (example_local_kubernetes_executor) is unchanged. Skipping writing to DB
[2025-06-27T00:01:37.524+0000] {logging_mixin.py:188} INFO - [2025-06-27T00:01:37.523+0000] {dag.py:3096} INFO - Sync 1 DAGs
[2025-06-27T00:01:37.541+0000] {logging_mixin.py:188} INFO - [2025-06-27T00:01:37.541+0000] {dag.py:3954} INFO - Setting next_dagrun for example_local_kubernetes_executor to None, run_after=None
[2025-06-27T00:01:37.570+0000] {processor.py:183} INFO - Processing /home/airflow/.local/lib/python3.10/site-packages/airflow/example_dags/example_local_kubernetes_executor.py took 0.142 seconds
[2025-06-27T00:02:08.005+0000] {logging_mixin.py:188} INFO - [2025-06-27T00:02:08.004+0000] {settings.py:250} DEBUG - Setting up DB connection pool (PID 11088)
[2025-06-27T00:02:08.007+0000] {logging_mixin.py:188} INFO - [2025-06-27T00:02:08.007+0000] {settings.py:330} DEBUG - settings.prepare_engine_args(): Using pool settings. pool_size=5, max_overflow=10, pool_recycle=1800, pid=11088
[2025-06-27T00:02:08.018+0000] {processor.py:161} INFO - Started process (PID=11088) to work on /home/airflow/.local/lib/python3.10/site-packages/airflow/example_dags/example_local_kubernetes_executor.py
[2025-06-27T00:02:08.019+0000] {processor.py:830} INFO - Processing file /home/airflow/.local/lib/python3.10/site-packages/airflow/example_dags/example_local_kubernetes_executor.py for tasks to queue
[2025-06-27T00:02:08.021+0000] {logging_mixin.py:188} INFO - [2025-06-27T00:02:08.021+0000] {dagbag.py:545} INFO - Filling up the DagBag from /home/airflow/.local/lib/python3.10/site-packages/airflow/example_dags/example_local_kubernetes_executor.py
[2025-06-27T00:02:08.024+0000] {logging_mixin.py:188} INFO - [2025-06-27T00:02:08.024+0000] {dagbag.py:337} DEBUG - Importing /home/airflow/.local/lib/python3.10/site-packages/airflow/example_dags/example_local_kubernetes_executor.py
[2025-06-27T00:02:08.038+0000] {logging_mixin.py:188} INFO - [2025-06-27T00:02:08.036+0000] {dagbag.py:511} DEBUG - Loaded DAG <DAG: example_local_kubernetes_executor>
[2025-06-27T00:02:08.039+0000] {processor.py:840} INFO - DAG(s) 'example_local_kubernetes_executor' retrieved from /home/airflow/.local/lib/python3.10/site-packages/airflow/example_dags/example_local_kubernetes_executor.py
[2025-06-27T00:02:08.041+0000] {logging_mixin.py:188} INFO - [2025-06-27T00:02:08.041+0000] {dagbag.py:667} DEBUG - Running dagbag.sync_to_db with retries. Try 1 of 3
[2025-06-27T00:02:08.042+0000] {logging_mixin.py:188} INFO - [2025-06-27T00:02:08.042+0000] {dagbag.py:672} DEBUG - Calling the DAG.bulk_sync_to_db method
[2025-06-27T00:02:08.065+0000] {logging_mixin.py:188} INFO - [2025-06-27T00:02:08.065+0000] {serialized_dag.py:166} DEBUG - Checking if DAG (example_local_kubernetes_executor) changed
[2025-06-27T00:02:08.105+0000] {logging_mixin.py:188} INFO - [2025-06-27T00:02:08.105+0000] {serialized_dag.py:177} DEBUG - Serialized DAG (example_local_kubernetes_executor) is unchanged. Skipping writing to DB
[2025-06-27T00:02:08.106+0000] {logging_mixin.py:188} INFO - [2025-06-27T00:02:08.106+0000] {dag.py:3096} INFO - Sync 1 DAGs
[2025-06-27T00:02:08.126+0000] {logging_mixin.py:188} INFO - [2025-06-27T00:02:08.126+0000] {dag.py:3954} INFO - Setting next_dagrun for example_local_kubernetes_executor to None, run_after=None
[2025-06-27T00:02:08.170+0000] {processor.py:183} INFO - Processing /home/airflow/.local/lib/python3.10/site-packages/airflow/example_dags/example_local_kubernetes_executor.py took 0.166 seconds
[2025-06-27T00:02:38.697+0000] {logging_mixin.py:188} INFO - [2025-06-27T00:02:38.696+0000] {settings.py:250} DEBUG - Setting up DB connection pool (PID 11151)
[2025-06-27T00:02:38.700+0000] {logging_mixin.py:188} INFO - [2025-06-27T00:02:38.700+0000] {settings.py:330} DEBUG - settings.prepare_engine_args(): Using pool settings. pool_size=5, max_overflow=10, pool_recycle=1800, pid=11151
[2025-06-27T00:02:38.714+0000] {processor.py:161} INFO - Started process (PID=11151) to work on /home/airflow/.local/lib/python3.10/site-packages/airflow/example_dags/example_local_kubernetes_executor.py
[2025-06-27T00:02:38.715+0000] {processor.py:830} INFO - Processing file /home/airflow/.local/lib/python3.10/site-packages/airflow/example_dags/example_local_kubernetes_executor.py for tasks to queue
[2025-06-27T00:02:38.718+0000] {logging_mixin.py:188} INFO - [2025-06-27T00:02:38.717+0000] {dagbag.py:545} INFO - Filling up the DagBag from /home/airflow/.local/lib/python3.10/site-packages/airflow/example_dags/example_local_kubernetes_executor.py
[2025-06-27T00:02:38.721+0000] {logging_mixin.py:188} INFO - [2025-06-27T00:02:38.720+0000] {dagbag.py:337} DEBUG - Importing /home/airflow/.local/lib/python3.10/site-packages/airflow/example_dags/example_local_kubernetes_executor.py
[2025-06-27T00:02:38.740+0000] {logging_mixin.py:188} INFO - [2025-06-27T00:02:38.738+0000] {dagbag.py:511} DEBUG - Loaded DAG <DAG: example_local_kubernetes_executor>
[2025-06-27T00:02:38.742+0000] {processor.py:840} INFO - DAG(s) 'example_local_kubernetes_executor' retrieved from /home/airflow/.local/lib/python3.10/site-packages/airflow/example_dags/example_local_kubernetes_executor.py
[2025-06-27T00:02:38.744+0000] {logging_mixin.py:188} INFO - [2025-06-27T00:02:38.744+0000] {dagbag.py:667} DEBUG - Running dagbag.sync_to_db with retries. Try 1 of 3
[2025-06-27T00:02:38.745+0000] {logging_mixin.py:188} INFO - [2025-06-27T00:02:38.745+0000] {dagbag.py:672} DEBUG - Calling the DAG.bulk_sync_to_db method
[2025-06-27T00:02:38.772+0000] {logging_mixin.py:188} INFO - [2025-06-27T00:02:38.771+0000] {serialized_dag.py:166} DEBUG - Checking if DAG (example_local_kubernetes_executor) changed
[2025-06-27T00:02:38.834+0000] {logging_mixin.py:188} INFO - [2025-06-27T00:02:38.834+0000] {serialized_dag.py:177} DEBUG - Serialized DAG (example_local_kubernetes_executor) is unchanged. Skipping writing to DB
[2025-06-27T00:02:38.835+0000] {logging_mixin.py:188} INFO - [2025-06-27T00:02:38.835+0000] {dag.py:3096} INFO - Sync 1 DAGs
[2025-06-27T00:02:38.855+0000] {logging_mixin.py:188} INFO - [2025-06-27T00:02:38.855+0000] {dag.py:3954} INFO - Setting next_dagrun for example_local_kubernetes_executor to None, run_after=None
[2025-06-27T00:02:38.887+0000] {processor.py:183} INFO - Processing /home/airflow/.local/lib/python3.10/site-packages/airflow/example_dags/example_local_kubernetes_executor.py took 0.191 seconds
[2025-06-27T00:03:09.266+0000] {logging_mixin.py:188} INFO - [2025-06-27T00:03:09.263+0000] {settings.py:250} DEBUG - Setting up DB connection pool (PID 11212)
[2025-06-27T00:03:09.268+0000] {logging_mixin.py:188} INFO - [2025-06-27T00:03:09.267+0000] {settings.py:330} DEBUG - settings.prepare_engine_args(): Using pool settings. pool_size=5, max_overflow=10, pool_recycle=1800, pid=11212
[2025-06-27T00:03:09.281+0000] {processor.py:161} INFO - Started process (PID=11212) to work on /home/airflow/.local/lib/python3.10/site-packages/airflow/example_dags/example_local_kubernetes_executor.py
[2025-06-27T00:03:09.283+0000] {processor.py:830} INFO - Processing file /home/airflow/.local/lib/python3.10/site-packages/airflow/example_dags/example_local_kubernetes_executor.py for tasks to queue
[2025-06-27T00:03:09.284+0000] {logging_mixin.py:188} INFO - [2025-06-27T00:03:09.284+0000] {dagbag.py:545} INFO - Filling up the DagBag from /home/airflow/.local/lib/python3.10/site-packages/airflow/example_dags/example_local_kubernetes_executor.py
[2025-06-27T00:03:09.287+0000] {logging_mixin.py:188} INFO - [2025-06-27T00:03:09.287+0000] {dagbag.py:337} DEBUG - Importing /home/airflow/.local/lib/python3.10/site-packages/airflow/example_dags/example_local_kubernetes_executor.py
[2025-06-27T00:03:09.304+0000] {logging_mixin.py:188} INFO - [2025-06-27T00:03:09.302+0000] {dagbag.py:511} DEBUG - Loaded DAG <DAG: example_local_kubernetes_executor>
[2025-06-27T00:03:09.305+0000] {processor.py:840} INFO - DAG(s) 'example_local_kubernetes_executor' retrieved from /home/airflow/.local/lib/python3.10/site-packages/airflow/example_dags/example_local_kubernetes_executor.py
[2025-06-27T00:03:09.308+0000] {logging_mixin.py:188} INFO - [2025-06-27T00:03:09.308+0000] {dagbag.py:667} DEBUG - Running dagbag.sync_to_db with retries. Try 1 of 3
[2025-06-27T00:03:09.309+0000] {logging_mixin.py:188} INFO - [2025-06-27T00:03:09.309+0000] {dagbag.py:672} DEBUG - Calling the DAG.bulk_sync_to_db method
[2025-06-27T00:03:09.334+0000] {logging_mixin.py:188} INFO - [2025-06-27T00:03:09.334+0000] {serialized_dag.py:166} DEBUG - Checking if DAG (example_local_kubernetes_executor) changed
[2025-06-27T00:03:09.385+0000] {logging_mixin.py:188} INFO - [2025-06-27T00:03:09.384+0000] {serialized_dag.py:177} DEBUG - Serialized DAG (example_local_kubernetes_executor) is unchanged. Skipping writing to DB
[2025-06-27T00:03:09.386+0000] {logging_mixin.py:188} INFO - [2025-06-27T00:03:09.385+0000] {dag.py:3096} INFO - Sync 1 DAGs
[2025-06-27T00:03:09.404+0000] {logging_mixin.py:188} INFO - [2025-06-27T00:03:09.403+0000] {dag.py:3954} INFO - Setting next_dagrun for example_local_kubernetes_executor to None, run_after=None
[2025-06-27T00:03:09.435+0000] {processor.py:183} INFO - Processing /home/airflow/.local/lib/python3.10/site-packages/airflow/example_dags/example_local_kubernetes_executor.py took 0.172 seconds
[2025-06-27T00:03:39.874+0000] {logging_mixin.py:188} INFO - [2025-06-27T00:03:39.872+0000] {settings.py:250} DEBUG - Setting up DB connection pool (PID 11275)
[2025-06-27T00:03:39.876+0000] {logging_mixin.py:188} INFO - [2025-06-27T00:03:39.875+0000] {settings.py:330} DEBUG - settings.prepare_engine_args(): Using pool settings. pool_size=5, max_overflow=10, pool_recycle=1800, pid=11275
[2025-06-27T00:03:39.885+0000] {processor.py:161} INFO - Started process (PID=11275) to work on /home/airflow/.local/lib/python3.10/site-packages/airflow/example_dags/example_local_kubernetes_executor.py
[2025-06-27T00:03:39.886+0000] {processor.py:830} INFO - Processing file /home/airflow/.local/lib/python3.10/site-packages/airflow/example_dags/example_local_kubernetes_executor.py for tasks to queue
[2025-06-27T00:03:39.888+0000] {logging_mixin.py:188} INFO - [2025-06-27T00:03:39.887+0000] {dagbag.py:545} INFO - Filling up the DagBag from /home/airflow/.local/lib/python3.10/site-packages/airflow/example_dags/example_local_kubernetes_executor.py
[2025-06-27T00:03:39.890+0000] {logging_mixin.py:188} INFO - [2025-06-27T00:03:39.890+0000] {dagbag.py:337} DEBUG - Importing /home/airflow/.local/lib/python3.10/site-packages/airflow/example_dags/example_local_kubernetes_executor.py
[2025-06-27T00:03:39.902+0000] {logging_mixin.py:188} INFO - [2025-06-27T00:03:39.901+0000] {dagbag.py:511} DEBUG - Loaded DAG <DAG: example_local_kubernetes_executor>
[2025-06-27T00:03:39.903+0000] {processor.py:840} INFO - DAG(s) 'example_local_kubernetes_executor' retrieved from /home/airflow/.local/lib/python3.10/site-packages/airflow/example_dags/example_local_kubernetes_executor.py
[2025-06-27T00:03:39.905+0000] {logging_mixin.py:188} INFO - [2025-06-27T00:03:39.905+0000] {dagbag.py:667} DEBUG - Running dagbag.sync_to_db with retries. Try 1 of 3
[2025-06-27T00:03:39.907+0000] {logging_mixin.py:188} INFO - [2025-06-27T00:03:39.907+0000] {dagbag.py:672} DEBUG - Calling the DAG.bulk_sync_to_db method
[2025-06-27T00:03:39.928+0000] {logging_mixin.py:188} INFO - [2025-06-27T00:03:39.928+0000] {serialized_dag.py:166} DEBUG - Checking if DAG (example_local_kubernetes_executor) changed
[2025-06-27T00:03:39.966+0000] {logging_mixin.py:188} INFO - [2025-06-27T00:03:39.966+0000] {serialized_dag.py:177} DEBUG - Serialized DAG (example_local_kubernetes_executor) is unchanged. Skipping writing to DB
[2025-06-27T00:03:39.967+0000] {logging_mixin.py:188} INFO - [2025-06-27T00:03:39.967+0000] {dag.py:3096} INFO - Sync 1 DAGs
[2025-06-27T00:03:39.986+0000] {logging_mixin.py:188} INFO - [2025-06-27T00:03:39.985+0000] {dag.py:3954} INFO - Setting next_dagrun for example_local_kubernetes_executor to None, run_after=None
[2025-06-27T00:03:40.024+0000] {processor.py:183} INFO - Processing /home/airflow/.local/lib/python3.10/site-packages/airflow/example_dags/example_local_kubernetes_executor.py took 0.152 seconds
[2025-06-27T00:04:10.472+0000] {logging_mixin.py:188} INFO - [2025-06-27T00:04:10.471+0000] {settings.py:250} DEBUG - Setting up DB connection pool (PID 11338)
[2025-06-27T00:04:10.474+0000] {logging_mixin.py:188} INFO - [2025-06-27T00:04:10.474+0000] {settings.py:330} DEBUG - settings.prepare_engine_args(): Using pool settings. pool_size=5, max_overflow=10, pool_recycle=1800, pid=11338
[2025-06-27T00:04:10.485+0000] {processor.py:161} INFO - Started process (PID=11338) to work on /home/airflow/.local/lib/python3.10/site-packages/airflow/example_dags/example_local_kubernetes_executor.py
[2025-06-27T00:04:10.486+0000] {processor.py:830} INFO - Processing file /home/airflow/.local/lib/python3.10/site-packages/airflow/example_dags/example_local_kubernetes_executor.py for tasks to queue
[2025-06-27T00:04:10.488+0000] {logging_mixin.py:188} INFO - [2025-06-27T00:04:10.487+0000] {dagbag.py:545} INFO - Filling up the DagBag from /home/airflow/.local/lib/python3.10/site-packages/airflow/example_dags/example_local_kubernetes_executor.py
[2025-06-27T00:04:10.490+0000] {logging_mixin.py:188} INFO - [2025-06-27T00:04:10.490+0000] {dagbag.py:337} DEBUG - Importing /home/airflow/.local/lib/python3.10/site-packages/airflow/example_dags/example_local_kubernetes_executor.py
[2025-06-27T00:04:10.502+0000] {logging_mixin.py:188} INFO - [2025-06-27T00:04:10.501+0000] {dagbag.py:511} DEBUG - Loaded DAG <DAG: example_local_kubernetes_executor>
[2025-06-27T00:04:10.503+0000] {processor.py:840} INFO - DAG(s) 'example_local_kubernetes_executor' retrieved from /home/airflow/.local/lib/python3.10/site-packages/airflow/example_dags/example_local_kubernetes_executor.py
[2025-06-27T00:04:10.505+0000] {logging_mixin.py:188} INFO - [2025-06-27T00:04:10.505+0000] {dagbag.py:667} DEBUG - Running dagbag.sync_to_db with retries. Try 1 of 3
[2025-06-27T00:04:10.506+0000] {logging_mixin.py:188} INFO - [2025-06-27T00:04:10.506+0000] {dagbag.py:672} DEBUG - Calling the DAG.bulk_sync_to_db method
[2025-06-27T00:04:10.531+0000] {logging_mixin.py:188} INFO - [2025-06-27T00:04:10.530+0000] {serialized_dag.py:166} DEBUG - Checking if DAG (example_local_kubernetes_executor) changed
[2025-06-27T00:04:10.571+0000] {logging_mixin.py:188} INFO - [2025-06-27T00:04:10.570+0000] {serialized_dag.py:177} DEBUG - Serialized DAG (example_local_kubernetes_executor) is unchanged. Skipping writing to DB
[2025-06-27T00:04:10.572+0000] {logging_mixin.py:188} INFO - [2025-06-27T00:04:10.571+0000] {dag.py:3096} INFO - Sync 1 DAGs
[2025-06-27T00:04:10.587+0000] {logging_mixin.py:188} INFO - [2025-06-27T00:04:10.586+0000] {dag.py:3954} INFO - Setting next_dagrun for example_local_kubernetes_executor to None, run_after=None
[2025-06-27T00:04:10.611+0000] {processor.py:183} INFO - Processing /home/airflow/.local/lib/python3.10/site-packages/airflow/example_dags/example_local_kubernetes_executor.py took 0.139 seconds
[2025-06-27T00:04:40.997+0000] {logging_mixin.py:188} INFO - [2025-06-27T00:04:40.996+0000] {settings.py:250} DEBUG - Setting up DB connection pool (PID 11401)
[2025-06-27T00:04:40.999+0000] {logging_mixin.py:188} INFO - [2025-06-27T00:04:40.998+0000] {settings.py:330} DEBUG - settings.prepare_engine_args(): Using pool settings. pool_size=5, max_overflow=10, pool_recycle=1800, pid=11401
[2025-06-27T00:04:41.008+0000] {processor.py:161} INFO - Started process (PID=11401) to work on /home/airflow/.local/lib/python3.10/site-packages/airflow/example_dags/example_local_kubernetes_executor.py
[2025-06-27T00:04:41.009+0000] {processor.py:830} INFO - Processing file /home/airflow/.local/lib/python3.10/site-packages/airflow/example_dags/example_local_kubernetes_executor.py for tasks to queue
[2025-06-27T00:04:41.011+0000] {logging_mixin.py:188} INFO - [2025-06-27T00:04:41.011+0000] {dagbag.py:545} INFO - Filling up the DagBag from /home/airflow/.local/lib/python3.10/site-packages/airflow/example_dags/example_local_kubernetes_executor.py
[2025-06-27T00:04:41.013+0000] {logging_mixin.py:188} INFO - [2025-06-27T00:04:41.013+0000] {dagbag.py:337} DEBUG - Importing /home/airflow/.local/lib/python3.10/site-packages/airflow/example_dags/example_local_kubernetes_executor.py
[2025-06-27T00:04:41.030+0000] {logging_mixin.py:188} INFO - [2025-06-27T00:04:41.028+0000] {dagbag.py:511} DEBUG - Loaded DAG <DAG: example_local_kubernetes_executor>
[2025-06-27T00:04:41.031+0000] {processor.py:840} INFO - DAG(s) 'example_local_kubernetes_executor' retrieved from /home/airflow/.local/lib/python3.10/site-packages/airflow/example_dags/example_local_kubernetes_executor.py
[2025-06-27T00:04:41.035+0000] {logging_mixin.py:188} INFO - [2025-06-27T00:04:41.034+0000] {dagbag.py:667} DEBUG - Running dagbag.sync_to_db with retries. Try 1 of 3
[2025-06-27T00:04:41.036+0000] {logging_mixin.py:188} INFO - [2025-06-27T00:04:41.035+0000] {dagbag.py:672} DEBUG - Calling the DAG.bulk_sync_to_db method
[2025-06-27T00:04:41.059+0000] {logging_mixin.py:188} INFO - [2025-06-27T00:04:41.059+0000] {serialized_dag.py:166} DEBUG - Checking if DAG (example_local_kubernetes_executor) changed
[2025-06-27T00:04:41.097+0000] {logging_mixin.py:188} INFO - [2025-06-27T00:04:41.096+0000] {serialized_dag.py:177} DEBUG - Serialized DAG (example_local_kubernetes_executor) is unchanged. Skipping writing to DB
[2025-06-27T00:04:41.098+0000] {logging_mixin.py:188} INFO - [2025-06-27T00:04:41.098+0000] {dag.py:3096} INFO - Sync 1 DAGs
[2025-06-27T00:04:41.114+0000] {logging_mixin.py:188} INFO - [2025-06-27T00:04:41.114+0000] {dag.py:3954} INFO - Setting next_dagrun for example_local_kubernetes_executor to None, run_after=None
[2025-06-27T00:04:41.142+0000] {processor.py:183} INFO - Processing /home/airflow/.local/lib/python3.10/site-packages/airflow/example_dags/example_local_kubernetes_executor.py took 0.146 seconds
[2025-06-27T00:05:11.745+0000] {logging_mixin.py:188} INFO - [2025-06-27T00:05:11.742+0000] {settings.py:250} DEBUG - Setting up DB connection pool (PID 11464)
[2025-06-27T00:05:11.747+0000] {logging_mixin.py:188} INFO - [2025-06-27T00:05:11.747+0000] {settings.py:330} DEBUG - settings.prepare_engine_args(): Using pool settings. pool_size=5, max_overflow=10, pool_recycle=1800, pid=11464
[2025-06-27T00:05:11.757+0000] {processor.py:161} INFO - Started process (PID=11464) to work on /home/airflow/.local/lib/python3.10/site-packages/airflow/example_dags/example_local_kubernetes_executor.py
[2025-06-27T00:05:11.758+0000] {processor.py:830} INFO - Processing file /home/airflow/.local/lib/python3.10/site-packages/airflow/example_dags/example_local_kubernetes_executor.py for tasks to queue
[2025-06-27T00:05:11.760+0000] {logging_mixin.py:188} INFO - [2025-06-27T00:05:11.759+0000] {dagbag.py:545} INFO - Filling up the DagBag from /home/airflow/.local/lib/python3.10/site-packages/airflow/example_dags/example_local_kubernetes_executor.py
[2025-06-27T00:05:11.762+0000] {logging_mixin.py:188} INFO - [2025-06-27T00:05:11.762+0000] {dagbag.py:337} DEBUG - Importing /home/airflow/.local/lib/python3.10/site-packages/airflow/example_dags/example_local_kubernetes_executor.py
[2025-06-27T00:05:11.775+0000] {logging_mixin.py:188} INFO - [2025-06-27T00:05:11.773+0000] {dagbag.py:511} DEBUG - Loaded DAG <DAG: example_local_kubernetes_executor>
[2025-06-27T00:05:11.775+0000] {processor.py:840} INFO - DAG(s) 'example_local_kubernetes_executor' retrieved from /home/airflow/.local/lib/python3.10/site-packages/airflow/example_dags/example_local_kubernetes_executor.py
[2025-06-27T00:05:11.778+0000] {logging_mixin.py:188} INFO - [2025-06-27T00:05:11.777+0000] {dagbag.py:667} DEBUG - Running dagbag.sync_to_db with retries. Try 1 of 3
[2025-06-27T00:05:11.778+0000] {logging_mixin.py:188} INFO - [2025-06-27T00:05:11.778+0000] {dagbag.py:672} DEBUG - Calling the DAG.bulk_sync_to_db method
[2025-06-27T00:05:11.800+0000] {logging_mixin.py:188} INFO - [2025-06-27T00:05:11.800+0000] {serialized_dag.py:166} DEBUG - Checking if DAG (example_local_kubernetes_executor) changed
[2025-06-27T00:05:11.835+0000] {logging_mixin.py:188} INFO - [2025-06-27T00:05:11.835+0000] {serialized_dag.py:177} DEBUG - Serialized DAG (example_local_kubernetes_executor) is unchanged. Skipping writing to DB
[2025-06-27T00:05:11.837+0000] {logging_mixin.py:188} INFO - [2025-06-27T00:05:11.837+0000] {dag.py:3096} INFO - Sync 1 DAGs
[2025-06-27T00:05:11.855+0000] {logging_mixin.py:188} INFO - [2025-06-27T00:05:11.855+0000] {dag.py:3954} INFO - Setting next_dagrun for example_local_kubernetes_executor to None, run_after=None
[2025-06-27T00:05:11.880+0000] {processor.py:183} INFO - Processing /home/airflow/.local/lib/python3.10/site-packages/airflow/example_dags/example_local_kubernetes_executor.py took 0.138 seconds
[2025-06-27T00:05:42.062+0000] {logging_mixin.py:188} INFO - [2025-06-27T00:05:42.060+0000] {settings.py:250} DEBUG - Setting up DB connection pool (PID 11527)
[2025-06-27T00:05:42.064+0000] {logging_mixin.py:188} INFO - [2025-06-27T00:05:42.064+0000] {settings.py:330} DEBUG - settings.prepare_engine_args(): Using pool settings. pool_size=5, max_overflow=10, pool_recycle=1800, pid=11527
[2025-06-27T00:05:42.076+0000] {processor.py:161} INFO - Started process (PID=11527) to work on /home/airflow/.local/lib/python3.10/site-packages/airflow/example_dags/example_local_kubernetes_executor.py
[2025-06-27T00:05:42.077+0000] {processor.py:830} INFO - Processing file /home/airflow/.local/lib/python3.10/site-packages/airflow/example_dags/example_local_kubernetes_executor.py for tasks to queue
[2025-06-27T00:05:42.079+0000] {logging_mixin.py:188} INFO - [2025-06-27T00:05:42.079+0000] {dagbag.py:545} INFO - Filling up the DagBag from /home/airflow/.local/lib/python3.10/site-packages/airflow/example_dags/example_local_kubernetes_executor.py
[2025-06-27T00:05:42.082+0000] {logging_mixin.py:188} INFO - [2025-06-27T00:05:42.082+0000] {dagbag.py:337} DEBUG - Importing /home/airflow/.local/lib/python3.10/site-packages/airflow/example_dags/example_local_kubernetes_executor.py
[2025-06-27T00:05:42.095+0000] {logging_mixin.py:188} INFO - [2025-06-27T00:05:42.093+0000] {dagbag.py:511} DEBUG - Loaded DAG <DAG: example_local_kubernetes_executor>
[2025-06-27T00:05:42.096+0000] {processor.py:840} INFO - DAG(s) 'example_local_kubernetes_executor' retrieved from /home/airflow/.local/lib/python3.10/site-packages/airflow/example_dags/example_local_kubernetes_executor.py
[2025-06-27T00:05:42.098+0000] {logging_mixin.py:188} INFO - [2025-06-27T00:05:42.098+0000] {dagbag.py:667} DEBUG - Running dagbag.sync_to_db with retries. Try 1 of 3
[2025-06-27T00:05:42.099+0000] {logging_mixin.py:188} INFO - [2025-06-27T00:05:42.099+0000] {dagbag.py:672} DEBUG - Calling the DAG.bulk_sync_to_db method
[2025-06-27T00:05:42.119+0000] {logging_mixin.py:188} INFO - [2025-06-27T00:05:42.119+0000] {serialized_dag.py:166} DEBUG - Checking if DAG (example_local_kubernetes_executor) changed
[2025-06-27T00:05:42.167+0000] {logging_mixin.py:188} INFO - [2025-06-27T00:05:42.166+0000] {serialized_dag.py:177} DEBUG - Serialized DAG (example_local_kubernetes_executor) is unchanged. Skipping writing to DB
[2025-06-27T00:05:42.168+0000] {logging_mixin.py:188} INFO - [2025-06-27T00:05:42.168+0000] {dag.py:3096} INFO - Sync 1 DAGs
[2025-06-27T00:05:42.194+0000] {logging_mixin.py:188} INFO - [2025-06-27T00:05:42.193+0000] {dag.py:3954} INFO - Setting next_dagrun for example_local_kubernetes_executor to None, run_after=None
[2025-06-27T00:05:42.243+0000] {processor.py:183} INFO - Processing /home/airflow/.local/lib/python3.10/site-packages/airflow/example_dags/example_local_kubernetes_executor.py took 0.182 seconds
[2025-06-27T00:06:12.589+0000] {logging_mixin.py:188} INFO - [2025-06-27T00:06:12.588+0000] {settings.py:250} DEBUG - Setting up DB connection pool (PID 11590)
[2025-06-27T00:06:12.591+0000] {logging_mixin.py:188} INFO - [2025-06-27T00:06:12.590+0000] {settings.py:330} DEBUG - settings.prepare_engine_args(): Using pool settings. pool_size=5, max_overflow=10, pool_recycle=1800, pid=11590
[2025-06-27T00:06:12.602+0000] {processor.py:161} INFO - Started process (PID=11590) to work on /home/airflow/.local/lib/python3.10/site-packages/airflow/example_dags/example_local_kubernetes_executor.py
[2025-06-27T00:06:12.603+0000] {processor.py:830} INFO - Processing file /home/airflow/.local/lib/python3.10/site-packages/airflow/example_dags/example_local_kubernetes_executor.py for tasks to queue
[2025-06-27T00:06:12.605+0000] {logging_mixin.py:188} INFO - [2025-06-27T00:06:12.604+0000] {dagbag.py:545} INFO - Filling up the DagBag from /home/airflow/.local/lib/python3.10/site-packages/airflow/example_dags/example_local_kubernetes_executor.py
[2025-06-27T00:06:12.607+0000] {logging_mixin.py:188} INFO - [2025-06-27T00:06:12.607+0000] {dagbag.py:337} DEBUG - Importing /home/airflow/.local/lib/python3.10/site-packages/airflow/example_dags/example_local_kubernetes_executor.py
[2025-06-27T00:06:12.619+0000] {logging_mixin.py:188} INFO - [2025-06-27T00:06:12.617+0000] {dagbag.py:511} DEBUG - Loaded DAG <DAG: example_local_kubernetes_executor>
[2025-06-27T00:06:12.620+0000] {processor.py:840} INFO - DAG(s) 'example_local_kubernetes_executor' retrieved from /home/airflow/.local/lib/python3.10/site-packages/airflow/example_dags/example_local_kubernetes_executor.py
[2025-06-27T00:06:12.622+0000] {logging_mixin.py:188} INFO - [2025-06-27T00:06:12.622+0000] {dagbag.py:667} DEBUG - Running dagbag.sync_to_db with retries. Try 1 of 3
[2025-06-27T00:06:12.623+0000] {logging_mixin.py:188} INFO - [2025-06-27T00:06:12.623+0000] {dagbag.py:672} DEBUG - Calling the DAG.bulk_sync_to_db method
[2025-06-27T00:06:12.641+0000] {logging_mixin.py:188} INFO - [2025-06-27T00:06:12.641+0000] {serialized_dag.py:166} DEBUG - Checking if DAG (example_local_kubernetes_executor) changed
[2025-06-27T00:06:12.695+0000] {logging_mixin.py:188} INFO - [2025-06-27T00:06:12.694+0000] {serialized_dag.py:177} DEBUG - Serialized DAG (example_local_kubernetes_executor) is unchanged. Skipping writing to DB
[2025-06-27T00:06:12.697+0000] {logging_mixin.py:188} INFO - [2025-06-27T00:06:12.697+0000] {dag.py:3096} INFO - Sync 1 DAGs
[2025-06-27T00:06:12.733+0000] {logging_mixin.py:188} INFO - [2025-06-27T00:06:12.732+0000] {dag.py:3954} INFO - Setting next_dagrun for example_local_kubernetes_executor to None, run_after=None
[2025-06-27T00:06:12.771+0000] {processor.py:183} INFO - Processing /home/airflow/.local/lib/python3.10/site-packages/airflow/example_dags/example_local_kubernetes_executor.py took 0.183 seconds
[2025-06-27T00:06:42.990+0000] {logging_mixin.py:188} INFO - [2025-06-27T00:06:42.989+0000] {settings.py:250} DEBUG - Setting up DB connection pool (PID 11653)
[2025-06-27T00:06:42.992+0000] {logging_mixin.py:188} INFO - [2025-06-27T00:06:42.992+0000] {settings.py:330} DEBUG - settings.prepare_engine_args(): Using pool settings. pool_size=5, max_overflow=10, pool_recycle=1800, pid=11653
[2025-06-27T00:06:43.003+0000] {processor.py:161} INFO - Started process (PID=11653) to work on /home/airflow/.local/lib/python3.10/site-packages/airflow/example_dags/example_local_kubernetes_executor.py
[2025-06-27T00:06:43.005+0000] {processor.py:830} INFO - Processing file /home/airflow/.local/lib/python3.10/site-packages/airflow/example_dags/example_local_kubernetes_executor.py for tasks to queue
[2025-06-27T00:06:43.006+0000] {logging_mixin.py:188} INFO - [2025-06-27T00:06:43.006+0000] {dagbag.py:545} INFO - Filling up the DagBag from /home/airflow/.local/lib/python3.10/site-packages/airflow/example_dags/example_local_kubernetes_executor.py
[2025-06-27T00:06:43.009+0000] {logging_mixin.py:188} INFO - [2025-06-27T00:06:43.009+0000] {dagbag.py:337} DEBUG - Importing /home/airflow/.local/lib/python3.10/site-packages/airflow/example_dags/example_local_kubernetes_executor.py
[2025-06-27T00:06:43.025+0000] {logging_mixin.py:188} INFO - [2025-06-27T00:06:43.024+0000] {dagbag.py:511} DEBUG - Loaded DAG <DAG: example_local_kubernetes_executor>
[2025-06-27T00:06:43.027+0000] {processor.py:840} INFO - DAG(s) 'example_local_kubernetes_executor' retrieved from /home/airflow/.local/lib/python3.10/site-packages/airflow/example_dags/example_local_kubernetes_executor.py
[2025-06-27T00:06:43.029+0000] {logging_mixin.py:188} INFO - [2025-06-27T00:06:43.029+0000] {dagbag.py:667} DEBUG - Running dagbag.sync_to_db with retries. Try 1 of 3
[2025-06-27T00:06:43.030+0000] {logging_mixin.py:188} INFO - [2025-06-27T00:06:43.030+0000] {dagbag.py:672} DEBUG - Calling the DAG.bulk_sync_to_db method
[2025-06-27T00:06:43.054+0000] {logging_mixin.py:188} INFO - [2025-06-27T00:06:43.053+0000] {serialized_dag.py:166} DEBUG - Checking if DAG (example_local_kubernetes_executor) changed
[2025-06-27T00:06:43.097+0000] {logging_mixin.py:188} INFO - [2025-06-27T00:06:43.096+0000] {serialized_dag.py:177} DEBUG - Serialized DAG (example_local_kubernetes_executor) is unchanged. Skipping writing to DB
[2025-06-27T00:06:43.098+0000] {logging_mixin.py:188} INFO - [2025-06-27T00:06:43.098+0000] {dag.py:3096} INFO - Sync 1 DAGs
[2025-06-27T00:06:43.119+0000] {logging_mixin.py:188} INFO - [2025-06-27T00:06:43.118+0000] {dag.py:3954} INFO - Setting next_dagrun for example_local_kubernetes_executor to None, run_after=None
[2025-06-27T00:06:43.154+0000] {processor.py:183} INFO - Processing /home/airflow/.local/lib/python3.10/site-packages/airflow/example_dags/example_local_kubernetes_executor.py took 0.165 seconds
[2025-06-27T00:07:14.039+0000] {logging_mixin.py:188} INFO - [2025-06-27T00:07:14.038+0000] {settings.py:250} DEBUG - Setting up DB connection pool (PID 11716)
[2025-06-27T00:07:14.041+0000] {logging_mixin.py:188} INFO - [2025-06-27T00:07:14.041+0000] {settings.py:330} DEBUG - settings.prepare_engine_args(): Using pool settings. pool_size=5, max_overflow=10, pool_recycle=1800, pid=11716
[2025-06-27T00:07:14.051+0000] {processor.py:161} INFO - Started process (PID=11716) to work on /home/airflow/.local/lib/python3.10/site-packages/airflow/example_dags/example_local_kubernetes_executor.py
[2025-06-27T00:07:14.053+0000] {processor.py:830} INFO - Processing file /home/airflow/.local/lib/python3.10/site-packages/airflow/example_dags/example_local_kubernetes_executor.py for tasks to queue
[2025-06-27T00:07:14.054+0000] {logging_mixin.py:188} INFO - [2025-06-27T00:07:14.054+0000] {dagbag.py:545} INFO - Filling up the DagBag from /home/airflow/.local/lib/python3.10/site-packages/airflow/example_dags/example_local_kubernetes_executor.py
[2025-06-27T00:07:14.057+0000] {logging_mixin.py:188} INFO - [2025-06-27T00:07:14.057+0000] {dagbag.py:337} DEBUG - Importing /home/airflow/.local/lib/python3.10/site-packages/airflow/example_dags/example_local_kubernetes_executor.py
[2025-06-27T00:07:14.070+0000] {logging_mixin.py:188} INFO - [2025-06-27T00:07:14.068+0000] {dagbag.py:511} DEBUG - Loaded DAG <DAG: example_local_kubernetes_executor>
[2025-06-27T00:07:14.071+0000] {processor.py:840} INFO - DAG(s) 'example_local_kubernetes_executor' retrieved from /home/airflow/.local/lib/python3.10/site-packages/airflow/example_dags/example_local_kubernetes_executor.py
[2025-06-27T00:07:14.073+0000] {logging_mixin.py:188} INFO - [2025-06-27T00:07:14.073+0000] {dagbag.py:667} DEBUG - Running dagbag.sync_to_db with retries. Try 1 of 3
[2025-06-27T00:07:14.074+0000] {logging_mixin.py:188} INFO - [2025-06-27T00:07:14.074+0000] {dagbag.py:672} DEBUG - Calling the DAG.bulk_sync_to_db method
[2025-06-27T00:07:14.096+0000] {logging_mixin.py:188} INFO - [2025-06-27T00:07:14.096+0000] {serialized_dag.py:166} DEBUG - Checking if DAG (example_local_kubernetes_executor) changed
[2025-06-27T00:07:14.148+0000] {logging_mixin.py:188} INFO - [2025-06-27T00:07:14.148+0000] {serialized_dag.py:177} DEBUG - Serialized DAG (example_local_kubernetes_executor) is unchanged. Skipping writing to DB
[2025-06-27T00:07:14.149+0000] {logging_mixin.py:188} INFO - [2025-06-27T00:07:14.149+0000] {dag.py:3096} INFO - Sync 1 DAGs
[2025-06-27T00:07:14.180+0000] {logging_mixin.py:188} INFO - [2025-06-27T00:07:14.179+0000] {dag.py:3954} INFO - Setting next_dagrun for example_local_kubernetes_executor to None, run_after=None
[2025-06-27T00:07:14.223+0000] {processor.py:183} INFO - Processing /home/airflow/.local/lib/python3.10/site-packages/airflow/example_dags/example_local_kubernetes_executor.py took 0.186 seconds
[2025-06-27T00:07:44.849+0000] {logging_mixin.py:188} INFO - [2025-06-27T00:07:44.848+0000] {settings.py:250} DEBUG - Setting up DB connection pool (PID 11777)
[2025-06-27T00:07:44.851+0000] {logging_mixin.py:188} INFO - [2025-06-27T00:07:44.851+0000] {settings.py:330} DEBUG - settings.prepare_engine_args(): Using pool settings. pool_size=5, max_overflow=10, pool_recycle=1800, pid=11777
[2025-06-27T00:07:44.865+0000] {processor.py:161} INFO - Started process (PID=11777) to work on /home/airflow/.local/lib/python3.10/site-packages/airflow/example_dags/example_local_kubernetes_executor.py
[2025-06-27T00:07:44.866+0000] {processor.py:830} INFO - Processing file /home/airflow/.local/lib/python3.10/site-packages/airflow/example_dags/example_local_kubernetes_executor.py for tasks to queue
[2025-06-27T00:07:44.868+0000] {logging_mixin.py:188} INFO - [2025-06-27T00:07:44.867+0000] {dagbag.py:545} INFO - Filling up the DagBag from /home/airflow/.local/lib/python3.10/site-packages/airflow/example_dags/example_local_kubernetes_executor.py
[2025-06-27T00:07:44.870+0000] {logging_mixin.py:188} INFO - [2025-06-27T00:07:44.870+0000] {dagbag.py:337} DEBUG - Importing /home/airflow/.local/lib/python3.10/site-packages/airflow/example_dags/example_local_kubernetes_executor.py
[2025-06-27T00:07:44.884+0000] {logging_mixin.py:188} INFO - [2025-06-27T00:07:44.882+0000] {dagbag.py:511} DEBUG - Loaded DAG <DAG: example_local_kubernetes_executor>
[2025-06-27T00:07:44.884+0000] {processor.py:840} INFO - DAG(s) 'example_local_kubernetes_executor' retrieved from /home/airflow/.local/lib/python3.10/site-packages/airflow/example_dags/example_local_kubernetes_executor.py
[2025-06-27T00:07:44.887+0000] {logging_mixin.py:188} INFO - [2025-06-27T00:07:44.887+0000] {dagbag.py:667} DEBUG - Running dagbag.sync_to_db with retries. Try 1 of 3
[2025-06-27T00:07:44.888+0000] {logging_mixin.py:188} INFO - [2025-06-27T00:07:44.888+0000] {dagbag.py:672} DEBUG - Calling the DAG.bulk_sync_to_db method
[2025-06-27T00:07:44.909+0000] {logging_mixin.py:188} INFO - [2025-06-27T00:07:44.908+0000] {serialized_dag.py:166} DEBUG - Checking if DAG (example_local_kubernetes_executor) changed
[2025-06-27T00:07:44.946+0000] {logging_mixin.py:188} INFO - [2025-06-27T00:07:44.946+0000] {serialized_dag.py:177} DEBUG - Serialized DAG (example_local_kubernetes_executor) is unchanged. Skipping writing to DB
[2025-06-27T00:07:44.947+0000] {logging_mixin.py:188} INFO - [2025-06-27T00:07:44.946+0000] {dag.py:3096} INFO - Sync 1 DAGs
[2025-06-27T00:07:44.962+0000] {logging_mixin.py:188} INFO - [2025-06-27T00:07:44.962+0000] {dag.py:3954} INFO - Setting next_dagrun for example_local_kubernetes_executor to None, run_after=None
[2025-06-27T00:07:44.992+0000] {processor.py:183} INFO - Processing /home/airflow/.local/lib/python3.10/site-packages/airflow/example_dags/example_local_kubernetes_executor.py took 0.144 seconds
[2025-06-27T00:08:15.521+0000] {logging_mixin.py:188} INFO - [2025-06-27T00:08:15.520+0000] {settings.py:250} DEBUG - Setting up DB connection pool (PID 11840)
[2025-06-27T00:08:15.523+0000] {logging_mixin.py:188} INFO - [2025-06-27T00:08:15.523+0000] {settings.py:330} DEBUG - settings.prepare_engine_args(): Using pool settings. pool_size=5, max_overflow=10, pool_recycle=1800, pid=11840
[2025-06-27T00:08:15.535+0000] {processor.py:161} INFO - Started process (PID=11840) to work on /home/airflow/.local/lib/python3.10/site-packages/airflow/example_dags/example_local_kubernetes_executor.py
[2025-06-27T00:08:15.536+0000] {processor.py:830} INFO - Processing file /home/airflow/.local/lib/python3.10/site-packages/airflow/example_dags/example_local_kubernetes_executor.py for tasks to queue
[2025-06-27T00:08:15.538+0000] {logging_mixin.py:188} INFO - [2025-06-27T00:08:15.538+0000] {dagbag.py:545} INFO - Filling up the DagBag from /home/airflow/.local/lib/python3.10/site-packages/airflow/example_dags/example_local_kubernetes_executor.py
[2025-06-27T00:08:15.541+0000] {logging_mixin.py:188} INFO - [2025-06-27T00:08:15.540+0000] {dagbag.py:337} DEBUG - Importing /home/airflow/.local/lib/python3.10/site-packages/airflow/example_dags/example_local_kubernetes_executor.py
[2025-06-27T00:08:15.556+0000] {logging_mixin.py:188} INFO - [2025-06-27T00:08:15.554+0000] {dagbag.py:511} DEBUG - Loaded DAG <DAG: example_local_kubernetes_executor>
[2025-06-27T00:08:15.556+0000] {processor.py:840} INFO - DAG(s) 'example_local_kubernetes_executor' retrieved from /home/airflow/.local/lib/python3.10/site-packages/airflow/example_dags/example_local_kubernetes_executor.py
[2025-06-27T00:08:15.559+0000] {logging_mixin.py:188} INFO - [2025-06-27T00:08:15.559+0000] {dagbag.py:667} DEBUG - Running dagbag.sync_to_db with retries. Try 1 of 3
[2025-06-27T00:08:15.560+0000] {logging_mixin.py:188} INFO - [2025-06-27T00:08:15.560+0000] {dagbag.py:672} DEBUG - Calling the DAG.bulk_sync_to_db method
[2025-06-27T00:08:15.581+0000] {logging_mixin.py:188} INFO - [2025-06-27T00:08:15.580+0000] {serialized_dag.py:166} DEBUG - Checking if DAG (example_local_kubernetes_executor) changed
[2025-06-27T00:08:15.632+0000] {logging_mixin.py:188} INFO - [2025-06-27T00:08:15.632+0000] {serialized_dag.py:177} DEBUG - Serialized DAG (example_local_kubernetes_executor) is unchanged. Skipping writing to DB
[2025-06-27T00:08:15.633+0000] {logging_mixin.py:188} INFO - [2025-06-27T00:08:15.633+0000] {dag.py:3096} INFO - Sync 1 DAGs
[2025-06-27T00:08:15.653+0000] {logging_mixin.py:188} INFO - [2025-06-27T00:08:15.653+0000] {dag.py:3954} INFO - Setting next_dagrun for example_local_kubernetes_executor to None, run_after=None
[2025-06-27T00:08:15.688+0000] {processor.py:183} INFO - Processing /home/airflow/.local/lib/python3.10/site-packages/airflow/example_dags/example_local_kubernetes_executor.py took 0.169 seconds
[2025-06-27T00:08:46.287+0000] {logging_mixin.py:188} INFO - [2025-06-27T00:08:46.286+0000] {settings.py:250} DEBUG - Setting up DB connection pool (PID 11903)
[2025-06-27T00:08:46.291+0000] {logging_mixin.py:188} INFO - [2025-06-27T00:08:46.290+0000] {settings.py:330} DEBUG - settings.prepare_engine_args(): Using pool settings. pool_size=5, max_overflow=10, pool_recycle=1800, pid=11903
[2025-06-27T00:08:46.304+0000] {processor.py:161} INFO - Started process (PID=11903) to work on /home/airflow/.local/lib/python3.10/site-packages/airflow/example_dags/example_local_kubernetes_executor.py
[2025-06-27T00:08:46.305+0000] {processor.py:830} INFO - Processing file /home/airflow/.local/lib/python3.10/site-packages/airflow/example_dags/example_local_kubernetes_executor.py for tasks to queue
[2025-06-27T00:08:46.307+0000] {logging_mixin.py:188} INFO - [2025-06-27T00:08:46.307+0000] {dagbag.py:545} INFO - Filling up the DagBag from /home/airflow/.local/lib/python3.10/site-packages/airflow/example_dags/example_local_kubernetes_executor.py
[2025-06-27T00:08:46.310+0000] {logging_mixin.py:188} INFO - [2025-06-27T00:08:46.309+0000] {dagbag.py:337} DEBUG - Importing /home/airflow/.local/lib/python3.10/site-packages/airflow/example_dags/example_local_kubernetes_executor.py
[2025-06-27T00:08:46.324+0000] {logging_mixin.py:188} INFO - [2025-06-27T00:08:46.322+0000] {dagbag.py:511} DEBUG - Loaded DAG <DAG: example_local_kubernetes_executor>
[2025-06-27T00:08:46.325+0000] {processor.py:840} INFO - DAG(s) 'example_local_kubernetes_executor' retrieved from /home/airflow/.local/lib/python3.10/site-packages/airflow/example_dags/example_local_kubernetes_executor.py
[2025-06-27T00:08:46.328+0000] {logging_mixin.py:188} INFO - [2025-06-27T00:08:46.327+0000] {dagbag.py:667} DEBUG - Running dagbag.sync_to_db with retries. Try 1 of 3
[2025-06-27T00:08:46.328+0000] {logging_mixin.py:188} INFO - [2025-06-27T00:08:46.328+0000] {dagbag.py:672} DEBUG - Calling the DAG.bulk_sync_to_db method
[2025-06-27T00:08:46.349+0000] {logging_mixin.py:188} INFO - [2025-06-27T00:08:46.348+0000] {serialized_dag.py:166} DEBUG - Checking if DAG (example_local_kubernetes_executor) changed
[2025-06-27T00:08:46.390+0000] {logging_mixin.py:188} INFO - [2025-06-27T00:08:46.390+0000] {serialized_dag.py:177} DEBUG - Serialized DAG (example_local_kubernetes_executor) is unchanged. Skipping writing to DB
[2025-06-27T00:08:46.391+0000] {logging_mixin.py:188} INFO - [2025-06-27T00:08:46.391+0000] {dag.py:3096} INFO - Sync 1 DAGs
[2025-06-27T00:08:46.408+0000] {logging_mixin.py:188} INFO - [2025-06-27T00:08:46.408+0000] {dag.py:3954} INFO - Setting next_dagrun for example_local_kubernetes_executor to None, run_after=None
[2025-06-27T00:08:46.443+0000] {processor.py:183} INFO - Processing /home/airflow/.local/lib/python3.10/site-packages/airflow/example_dags/example_local_kubernetes_executor.py took 0.157 seconds
[2025-06-27T00:09:16.976+0000] {logging_mixin.py:188} INFO - [2025-06-27T00:09:16.974+0000] {settings.py:250} DEBUG - Setting up DB connection pool (PID 11968)
[2025-06-27T00:09:16.978+0000] {logging_mixin.py:188} INFO - [2025-06-27T00:09:16.977+0000] {settings.py:330} DEBUG - settings.prepare_engine_args(): Using pool settings. pool_size=5, max_overflow=10, pool_recycle=1800, pid=11968
[2025-06-27T00:09:16.991+0000] {processor.py:161} INFO - Started process (PID=11968) to work on /home/airflow/.local/lib/python3.10/site-packages/airflow/example_dags/example_local_kubernetes_executor.py
[2025-06-27T00:09:16.992+0000] {processor.py:830} INFO - Processing file /home/airflow/.local/lib/python3.10/site-packages/airflow/example_dags/example_local_kubernetes_executor.py for tasks to queue
[2025-06-27T00:09:16.995+0000] {logging_mixin.py:188} INFO - [2025-06-27T00:09:16.994+0000] {dagbag.py:545} INFO - Filling up the DagBag from /home/airflow/.local/lib/python3.10/site-packages/airflow/example_dags/example_local_kubernetes_executor.py
[2025-06-27T00:09:16.999+0000] {logging_mixin.py:188} INFO - [2025-06-27T00:09:16.998+0000] {dagbag.py:337} DEBUG - Importing /home/airflow/.local/lib/python3.10/site-packages/airflow/example_dags/example_local_kubernetes_executor.py
[2025-06-27T00:09:17.019+0000] {logging_mixin.py:188} INFO - [2025-06-27T00:09:17.016+0000] {dagbag.py:511} DEBUG - Loaded DAG <DAG: example_local_kubernetes_executor>
[2025-06-27T00:09:17.020+0000] {processor.py:840} INFO - DAG(s) 'example_local_kubernetes_executor' retrieved from /home/airflow/.local/lib/python3.10/site-packages/airflow/example_dags/example_local_kubernetes_executor.py
[2025-06-27T00:09:17.023+0000] {logging_mixin.py:188} INFO - [2025-06-27T00:09:17.023+0000] {dagbag.py:667} DEBUG - Running dagbag.sync_to_db with retries. Try 1 of 3
[2025-06-27T00:09:17.024+0000] {logging_mixin.py:188} INFO - [2025-06-27T00:09:17.024+0000] {dagbag.py:672} DEBUG - Calling the DAG.bulk_sync_to_db method
[2025-06-27T00:09:17.050+0000] {logging_mixin.py:188} INFO - [2025-06-27T00:09:17.050+0000] {serialized_dag.py:166} DEBUG - Checking if DAG (example_local_kubernetes_executor) changed
[2025-06-27T00:09:17.101+0000] {logging_mixin.py:188} INFO - [2025-06-27T00:09:17.101+0000] {serialized_dag.py:177} DEBUG - Serialized DAG (example_local_kubernetes_executor) is unchanged. Skipping writing to DB
[2025-06-27T00:09:17.103+0000] {logging_mixin.py:188} INFO - [2025-06-27T00:09:17.102+0000] {dag.py:3096} INFO - Sync 1 DAGs
[2025-06-27T00:09:17.129+0000] {logging_mixin.py:188} INFO - [2025-06-27T00:09:17.129+0000] {dag.py:3954} INFO - Setting next_dagrun for example_local_kubernetes_executor to None, run_after=None
[2025-06-27T00:09:17.168+0000] {processor.py:183} INFO - Processing /home/airflow/.local/lib/python3.10/site-packages/airflow/example_dags/example_local_kubernetes_executor.py took 0.194 seconds
[2025-06-27T00:09:47.352+0000] {logging_mixin.py:188} INFO - [2025-06-27T00:09:47.351+0000] {settings.py:250} DEBUG - Setting up DB connection pool (PID 12031)
[2025-06-27T00:09:47.354+0000] {logging_mixin.py:188} INFO - [2025-06-27T00:09:47.354+0000] {settings.py:330} DEBUG - settings.prepare_engine_args(): Using pool settings. pool_size=5, max_overflow=10, pool_recycle=1800, pid=12031
[2025-06-27T00:09:47.365+0000] {processor.py:161} INFO - Started process (PID=12031) to work on /home/airflow/.local/lib/python3.10/site-packages/airflow/example_dags/example_local_kubernetes_executor.py
[2025-06-27T00:09:47.366+0000] {processor.py:830} INFO - Processing file /home/airflow/.local/lib/python3.10/site-packages/airflow/example_dags/example_local_kubernetes_executor.py for tasks to queue
[2025-06-27T00:09:47.367+0000] {logging_mixin.py:188} INFO - [2025-06-27T00:09:47.367+0000] {dagbag.py:545} INFO - Filling up the DagBag from /home/airflow/.local/lib/python3.10/site-packages/airflow/example_dags/example_local_kubernetes_executor.py
[2025-06-27T00:09:47.369+0000] {logging_mixin.py:188} INFO - [2025-06-27T00:09:47.369+0000] {dagbag.py:337} DEBUG - Importing /home/airflow/.local/lib/python3.10/site-packages/airflow/example_dags/example_local_kubernetes_executor.py
[2025-06-27T00:09:47.383+0000] {logging_mixin.py:188} INFO - [2025-06-27T00:09:47.381+0000] {dagbag.py:511} DEBUG - Loaded DAG <DAG: example_local_kubernetes_executor>
[2025-06-27T00:09:47.384+0000] {processor.py:840} INFO - DAG(s) 'example_local_kubernetes_executor' retrieved from /home/airflow/.local/lib/python3.10/site-packages/airflow/example_dags/example_local_kubernetes_executor.py
[2025-06-27T00:09:47.386+0000] {logging_mixin.py:188} INFO - [2025-06-27T00:09:47.386+0000] {dagbag.py:667} DEBUG - Running dagbag.sync_to_db with retries. Try 1 of 3
[2025-06-27T00:09:47.387+0000] {logging_mixin.py:188} INFO - [2025-06-27T00:09:47.387+0000] {dagbag.py:672} DEBUG - Calling the DAG.bulk_sync_to_db method
[2025-06-27T00:09:47.407+0000] {logging_mixin.py:188} INFO - [2025-06-27T00:09:47.407+0000] {serialized_dag.py:166} DEBUG - Checking if DAG (example_local_kubernetes_executor) changed
[2025-06-27T00:09:47.451+0000] {logging_mixin.py:188} INFO - [2025-06-27T00:09:47.451+0000] {serialized_dag.py:177} DEBUG - Serialized DAG (example_local_kubernetes_executor) is unchanged. Skipping writing to DB
[2025-06-27T00:09:47.452+0000] {logging_mixin.py:188} INFO - [2025-06-27T00:09:47.452+0000] {dag.py:3096} INFO - Sync 1 DAGs
[2025-06-27T00:09:47.472+0000] {logging_mixin.py:188} INFO - [2025-06-27T00:09:47.471+0000] {dag.py:3954} INFO - Setting next_dagrun for example_local_kubernetes_executor to None, run_after=None
[2025-06-27T00:09:47.527+0000] {processor.py:183} INFO - Processing /home/airflow/.local/lib/python3.10/site-packages/airflow/example_dags/example_local_kubernetes_executor.py took 0.176 seconds
[2025-06-27T00:10:18.371+0000] {logging_mixin.py:188} INFO - [2025-06-27T00:10:18.369+0000] {settings.py:250} DEBUG - Setting up DB connection pool (PID 12093)
[2025-06-27T00:10:18.373+0000] {logging_mixin.py:188} INFO - [2025-06-27T00:10:18.372+0000] {settings.py:330} DEBUG - settings.prepare_engine_args(): Using pool settings. pool_size=5, max_overflow=10, pool_recycle=1800, pid=12093
[2025-06-27T00:10:18.385+0000] {processor.py:161} INFO - Started process (PID=12093) to work on /home/airflow/.local/lib/python3.10/site-packages/airflow/example_dags/example_local_kubernetes_executor.py
[2025-06-27T00:10:18.386+0000] {processor.py:830} INFO - Processing file /home/airflow/.local/lib/python3.10/site-packages/airflow/example_dags/example_local_kubernetes_executor.py for tasks to queue
[2025-06-27T00:10:18.389+0000] {logging_mixin.py:188} INFO - [2025-06-27T00:10:18.388+0000] {dagbag.py:545} INFO - Filling up the DagBag from /home/airflow/.local/lib/python3.10/site-packages/airflow/example_dags/example_local_kubernetes_executor.py
[2025-06-27T00:10:18.391+0000] {logging_mixin.py:188} INFO - [2025-06-27T00:10:18.391+0000] {dagbag.py:337} DEBUG - Importing /home/airflow/.local/lib/python3.10/site-packages/airflow/example_dags/example_local_kubernetes_executor.py
[2025-06-27T00:10:18.408+0000] {logging_mixin.py:188} INFO - [2025-06-27T00:10:18.405+0000] {dagbag.py:511} DEBUG - Loaded DAG <DAG: example_local_kubernetes_executor>
[2025-06-27T00:10:18.409+0000] {processor.py:840} INFO - DAG(s) 'example_local_kubernetes_executor' retrieved from /home/airflow/.local/lib/python3.10/site-packages/airflow/example_dags/example_local_kubernetes_executor.py
[2025-06-27T00:10:18.412+0000] {logging_mixin.py:188} INFO - [2025-06-27T00:10:18.412+0000] {dagbag.py:667} DEBUG - Running dagbag.sync_to_db with retries. Try 1 of 3
[2025-06-27T00:10:18.413+0000] {logging_mixin.py:188} INFO - [2025-06-27T00:10:18.412+0000] {dagbag.py:672} DEBUG - Calling the DAG.bulk_sync_to_db method
[2025-06-27T00:10:18.441+0000] {logging_mixin.py:188} INFO - [2025-06-27T00:10:18.441+0000] {serialized_dag.py:166} DEBUG - Checking if DAG (example_local_kubernetes_executor) changed
[2025-06-27T00:10:18.482+0000] {logging_mixin.py:188} INFO - [2025-06-27T00:10:18.482+0000] {serialized_dag.py:177} DEBUG - Serialized DAG (example_local_kubernetes_executor) is unchanged. Skipping writing to DB
[2025-06-27T00:10:18.483+0000] {logging_mixin.py:188} INFO - [2025-06-27T00:10:18.483+0000] {dag.py:3096} INFO - Sync 1 DAGs
[2025-06-27T00:10:18.501+0000] {logging_mixin.py:188} INFO - [2025-06-27T00:10:18.500+0000] {dag.py:3954} INFO - Setting next_dagrun for example_local_kubernetes_executor to None, run_after=None
[2025-06-27T00:10:18.535+0000] {processor.py:183} INFO - Processing /home/airflow/.local/lib/python3.10/site-packages/airflow/example_dags/example_local_kubernetes_executor.py took 0.166 seconds
[2025-06-27T00:10:48.761+0000] {logging_mixin.py:188} INFO - [2025-06-27T00:10:48.760+0000] {settings.py:250} DEBUG - Setting up DB connection pool (PID 12156)
[2025-06-27T00:10:48.763+0000] {logging_mixin.py:188} INFO - [2025-06-27T00:10:48.763+0000] {settings.py:330} DEBUG - settings.prepare_engine_args(): Using pool settings. pool_size=5, max_overflow=10, pool_recycle=1800, pid=12156
[2025-06-27T00:10:48.773+0000] {processor.py:161} INFO - Started process (PID=12156) to work on /home/airflow/.local/lib/python3.10/site-packages/airflow/example_dags/example_local_kubernetes_executor.py
[2025-06-27T00:10:48.774+0000] {processor.py:830} INFO - Processing file /home/airflow/.local/lib/python3.10/site-packages/airflow/example_dags/example_local_kubernetes_executor.py for tasks to queue
[2025-06-27T00:10:48.777+0000] {logging_mixin.py:188} INFO - [2025-06-27T00:10:48.776+0000] {dagbag.py:545} INFO - Filling up the DagBag from /home/airflow/.local/lib/python3.10/site-packages/airflow/example_dags/example_local_kubernetes_executor.py
[2025-06-27T00:10:48.779+0000] {logging_mixin.py:188} INFO - [2025-06-27T00:10:48.779+0000] {dagbag.py:337} DEBUG - Importing /home/airflow/.local/lib/python3.10/site-packages/airflow/example_dags/example_local_kubernetes_executor.py
[2025-06-27T00:10:48.797+0000] {logging_mixin.py:188} INFO - [2025-06-27T00:10:48.795+0000] {dagbag.py:511} DEBUG - Loaded DAG <DAG: example_local_kubernetes_executor>
[2025-06-27T00:10:48.798+0000] {processor.py:840} INFO - DAG(s) 'example_local_kubernetes_executor' retrieved from /home/airflow/.local/lib/python3.10/site-packages/airflow/example_dags/example_local_kubernetes_executor.py
[2025-06-27T00:10:48.800+0000] {logging_mixin.py:188} INFO - [2025-06-27T00:10:48.800+0000] {dagbag.py:667} DEBUG - Running dagbag.sync_to_db with retries. Try 1 of 3
[2025-06-27T00:10:48.802+0000] {logging_mixin.py:188} INFO - [2025-06-27T00:10:48.802+0000] {dagbag.py:672} DEBUG - Calling the DAG.bulk_sync_to_db method
[2025-06-27T00:10:48.825+0000] {logging_mixin.py:188} INFO - [2025-06-27T00:10:48.824+0000] {serialized_dag.py:166} DEBUG - Checking if DAG (example_local_kubernetes_executor) changed
[2025-06-27T00:10:48.888+0000] {logging_mixin.py:188} INFO - [2025-06-27T00:10:48.887+0000] {serialized_dag.py:177} DEBUG - Serialized DAG (example_local_kubernetes_executor) is unchanged. Skipping writing to DB
[2025-06-27T00:10:48.890+0000] {logging_mixin.py:188} INFO - [2025-06-27T00:10:48.889+0000] {dag.py:3096} INFO - Sync 1 DAGs
[2025-06-27T00:10:48.913+0000] {logging_mixin.py:188} INFO - [2025-06-27T00:10:48.913+0000] {dag.py:3954} INFO - Setting next_dagrun for example_local_kubernetes_executor to None, run_after=None
[2025-06-27T00:10:48.948+0000] {processor.py:183} INFO - Processing /home/airflow/.local/lib/python3.10/site-packages/airflow/example_dags/example_local_kubernetes_executor.py took 0.189 seconds
[2025-06-27T00:11:19.076+0000] {logging_mixin.py:188} INFO - [2025-06-27T00:11:19.075+0000] {settings.py:250} DEBUG - Setting up DB connection pool (PID 12219)
[2025-06-27T00:11:19.078+0000] {logging_mixin.py:188} INFO - [2025-06-27T00:11:19.077+0000] {settings.py:330} DEBUG - settings.prepare_engine_args(): Using pool settings. pool_size=5, max_overflow=10, pool_recycle=1800, pid=12219
[2025-06-27T00:11:19.088+0000] {processor.py:161} INFO - Started process (PID=12219) to work on /home/airflow/.local/lib/python3.10/site-packages/airflow/example_dags/example_local_kubernetes_executor.py
[2025-06-27T00:11:19.090+0000] {processor.py:830} INFO - Processing file /home/airflow/.local/lib/python3.10/site-packages/airflow/example_dags/example_local_kubernetes_executor.py for tasks to queue
[2025-06-27T00:11:19.092+0000] {logging_mixin.py:188} INFO - [2025-06-27T00:11:19.091+0000] {dagbag.py:545} INFO - Filling up the DagBag from /home/airflow/.local/lib/python3.10/site-packages/airflow/example_dags/example_local_kubernetes_executor.py
[2025-06-27T00:11:19.094+0000] {logging_mixin.py:188} INFO - [2025-06-27T00:11:19.094+0000] {dagbag.py:337} DEBUG - Importing /home/airflow/.local/lib/python3.10/site-packages/airflow/example_dags/example_local_kubernetes_executor.py
[2025-06-27T00:11:19.107+0000] {logging_mixin.py:188} INFO - [2025-06-27T00:11:19.105+0000] {dagbag.py:511} DEBUG - Loaded DAG <DAG: example_local_kubernetes_executor>
[2025-06-27T00:11:19.108+0000] {processor.py:840} INFO - DAG(s) 'example_local_kubernetes_executor' retrieved from /home/airflow/.local/lib/python3.10/site-packages/airflow/example_dags/example_local_kubernetes_executor.py
[2025-06-27T00:11:19.111+0000] {logging_mixin.py:188} INFO - [2025-06-27T00:11:19.111+0000] {dagbag.py:667} DEBUG - Running dagbag.sync_to_db with retries. Try 1 of 3
[2025-06-27T00:11:19.112+0000] {logging_mixin.py:188} INFO - [2025-06-27T00:11:19.112+0000] {dagbag.py:672} DEBUG - Calling the DAG.bulk_sync_to_db method
[2025-06-27T00:11:19.141+0000] {logging_mixin.py:188} INFO - [2025-06-27T00:11:19.140+0000] {serialized_dag.py:166} DEBUG - Checking if DAG (example_local_kubernetes_executor) changed
[2025-06-27T00:11:19.191+0000] {logging_mixin.py:188} INFO - [2025-06-27T00:11:19.190+0000] {serialized_dag.py:177} DEBUG - Serialized DAG (example_local_kubernetes_executor) is unchanged. Skipping writing to DB
[2025-06-27T00:11:19.192+0000] {logging_mixin.py:188} INFO - [2025-06-27T00:11:19.192+0000] {dag.py:3096} INFO - Sync 1 DAGs
[2025-06-27T00:11:19.225+0000] {logging_mixin.py:188} INFO - [2025-06-27T00:11:19.224+0000] {dag.py:3954} INFO - Setting next_dagrun for example_local_kubernetes_executor to None, run_after=None
[2025-06-27T00:11:19.276+0000] {processor.py:183} INFO - Processing /home/airflow/.local/lib/python3.10/site-packages/airflow/example_dags/example_local_kubernetes_executor.py took 0.201 seconds
[2025-06-27T00:11:49.649+0000] {logging_mixin.py:188} INFO - [2025-06-27T00:11:49.647+0000] {settings.py:250} DEBUG - Setting up DB connection pool (PID 12283)
[2025-06-27T00:11:49.650+0000] {logging_mixin.py:188} INFO - [2025-06-27T00:11:49.650+0000] {settings.py:330} DEBUG - settings.prepare_engine_args(): Using pool settings. pool_size=5, max_overflow=10, pool_recycle=1800, pid=12283
[2025-06-27T00:11:49.666+0000] {processor.py:161} INFO - Started process (PID=12283) to work on /home/airflow/.local/lib/python3.10/site-packages/airflow/example_dags/example_local_kubernetes_executor.py
[2025-06-27T00:11:49.668+0000] {processor.py:830} INFO - Processing file /home/airflow/.local/lib/python3.10/site-packages/airflow/example_dags/example_local_kubernetes_executor.py for tasks to queue
[2025-06-27T00:11:49.670+0000] {logging_mixin.py:188} INFO - [2025-06-27T00:11:49.669+0000] {dagbag.py:545} INFO - Filling up the DagBag from /home/airflow/.local/lib/python3.10/site-packages/airflow/example_dags/example_local_kubernetes_executor.py
[2025-06-27T00:11:49.673+0000] {logging_mixin.py:188} INFO - [2025-06-27T00:11:49.673+0000] {dagbag.py:337} DEBUG - Importing /home/airflow/.local/lib/python3.10/site-packages/airflow/example_dags/example_local_kubernetes_executor.py
[2025-06-27T00:11:49.690+0000] {logging_mixin.py:188} INFO - [2025-06-27T00:11:49.687+0000] {dagbag.py:511} DEBUG - Loaded DAG <DAG: example_local_kubernetes_executor>
[2025-06-27T00:11:49.691+0000] {processor.py:840} INFO - DAG(s) 'example_local_kubernetes_executor' retrieved from /home/airflow/.local/lib/python3.10/site-packages/airflow/example_dags/example_local_kubernetes_executor.py
[2025-06-27T00:11:49.694+0000] {logging_mixin.py:188} INFO - [2025-06-27T00:11:49.693+0000] {dagbag.py:667} DEBUG - Running dagbag.sync_to_db with retries. Try 1 of 3
[2025-06-27T00:11:49.695+0000] {logging_mixin.py:188} INFO - [2025-06-27T00:11:49.694+0000] {dagbag.py:672} DEBUG - Calling the DAG.bulk_sync_to_db method
[2025-06-27T00:11:49.717+0000] {logging_mixin.py:188} INFO - [2025-06-27T00:11:49.716+0000] {serialized_dag.py:166} DEBUG - Checking if DAG (example_local_kubernetes_executor) changed
[2025-06-27T00:11:49.751+0000] {logging_mixin.py:188} INFO - [2025-06-27T00:11:49.751+0000] {serialized_dag.py:177} DEBUG - Serialized DAG (example_local_kubernetes_executor) is unchanged. Skipping writing to DB
[2025-06-27T00:11:49.753+0000] {logging_mixin.py:188} INFO - [2025-06-27T00:11:49.752+0000] {dag.py:3096} INFO - Sync 1 DAGs
[2025-06-27T00:11:49.778+0000] {logging_mixin.py:188} INFO - [2025-06-27T00:11:49.778+0000] {dag.py:3954} INFO - Setting next_dagrun for example_local_kubernetes_executor to None, run_after=None
[2025-06-27T00:11:49.819+0000] {processor.py:183} INFO - Processing /home/airflow/.local/lib/python3.10/site-packages/airflow/example_dags/example_local_kubernetes_executor.py took 0.171 seconds
[2025-06-27T00:12:20.046+0000] {logging_mixin.py:188} INFO - [2025-06-27T00:12:20.044+0000] {settings.py:250} DEBUG - Setting up DB connection pool (PID 12346)
[2025-06-27T00:12:20.048+0000] {logging_mixin.py:188} INFO - [2025-06-27T00:12:20.048+0000] {settings.py:330} DEBUG - settings.prepare_engine_args(): Using pool settings. pool_size=5, max_overflow=10, pool_recycle=1800, pid=12346
[2025-06-27T00:12:20.060+0000] {processor.py:161} INFO - Started process (PID=12346) to work on /home/airflow/.local/lib/python3.10/site-packages/airflow/example_dags/example_local_kubernetes_executor.py
[2025-06-27T00:12:20.061+0000] {processor.py:830} INFO - Processing file /home/airflow/.local/lib/python3.10/site-packages/airflow/example_dags/example_local_kubernetes_executor.py for tasks to queue
[2025-06-27T00:12:20.062+0000] {logging_mixin.py:188} INFO - [2025-06-27T00:12:20.062+0000] {dagbag.py:545} INFO - Filling up the DagBag from /home/airflow/.local/lib/python3.10/site-packages/airflow/example_dags/example_local_kubernetes_executor.py
[2025-06-27T00:12:20.065+0000] {logging_mixin.py:188} INFO - [2025-06-27T00:12:20.064+0000] {dagbag.py:337} DEBUG - Importing /home/airflow/.local/lib/python3.10/site-packages/airflow/example_dags/example_local_kubernetes_executor.py
[2025-06-27T00:12:20.081+0000] {logging_mixin.py:188} INFO - [2025-06-27T00:12:20.078+0000] {dagbag.py:511} DEBUG - Loaded DAG <DAG: example_local_kubernetes_executor>
[2025-06-27T00:12:20.082+0000] {processor.py:840} INFO - DAG(s) 'example_local_kubernetes_executor' retrieved from /home/airflow/.local/lib/python3.10/site-packages/airflow/example_dags/example_local_kubernetes_executor.py
[2025-06-27T00:12:20.085+0000] {logging_mixin.py:188} INFO - [2025-06-27T00:12:20.085+0000] {dagbag.py:667} DEBUG - Running dagbag.sync_to_db with retries. Try 1 of 3
[2025-06-27T00:12:20.086+0000] {logging_mixin.py:188} INFO - [2025-06-27T00:12:20.086+0000] {dagbag.py:672} DEBUG - Calling the DAG.bulk_sync_to_db method
[2025-06-27T00:12:20.115+0000] {logging_mixin.py:188} INFO - [2025-06-27T00:12:20.114+0000] {serialized_dag.py:166} DEBUG - Checking if DAG (example_local_kubernetes_executor) changed
[2025-06-27T00:12:20.157+0000] {logging_mixin.py:188} INFO - [2025-06-27T00:12:20.157+0000] {serialized_dag.py:177} DEBUG - Serialized DAG (example_local_kubernetes_executor) is unchanged. Skipping writing to DB
[2025-06-27T00:12:20.158+0000] {logging_mixin.py:188} INFO - [2025-06-27T00:12:20.158+0000] {dag.py:3096} INFO - Sync 1 DAGs
[2025-06-27T00:12:20.184+0000] {logging_mixin.py:188} INFO - [2025-06-27T00:12:20.184+0000] {dag.py:3954} INFO - Setting next_dagrun for example_local_kubernetes_executor to None, run_after=None
[2025-06-27T00:12:20.218+0000] {processor.py:183} INFO - Processing /home/airflow/.local/lib/python3.10/site-packages/airflow/example_dags/example_local_kubernetes_executor.py took 0.174 seconds
[2025-06-27T00:12:50.603+0000] {logging_mixin.py:188} INFO - [2025-06-27T00:12:50.602+0000] {settings.py:250} DEBUG - Setting up DB connection pool (PID 12409)
[2025-06-27T00:12:50.604+0000] {logging_mixin.py:188} INFO - [2025-06-27T00:12:50.604+0000] {settings.py:330} DEBUG - settings.prepare_engine_args(): Using pool settings. pool_size=5, max_overflow=10, pool_recycle=1800, pid=12409
[2025-06-27T00:12:50.614+0000] {processor.py:161} INFO - Started process (PID=12409) to work on /home/airflow/.local/lib/python3.10/site-packages/airflow/example_dags/example_local_kubernetes_executor.py
[2025-06-27T00:12:50.615+0000] {processor.py:830} INFO - Processing file /home/airflow/.local/lib/python3.10/site-packages/airflow/example_dags/example_local_kubernetes_executor.py for tasks to queue
[2025-06-27T00:12:50.617+0000] {logging_mixin.py:188} INFO - [2025-06-27T00:12:50.616+0000] {dagbag.py:545} INFO - Filling up the DagBag from /home/airflow/.local/lib/python3.10/site-packages/airflow/example_dags/example_local_kubernetes_executor.py
[2025-06-27T00:12:50.619+0000] {logging_mixin.py:188} INFO - [2025-06-27T00:12:50.619+0000] {dagbag.py:337} DEBUG - Importing /home/airflow/.local/lib/python3.10/site-packages/airflow/example_dags/example_local_kubernetes_executor.py
[2025-06-27T00:12:50.634+0000] {logging_mixin.py:188} INFO - [2025-06-27T00:12:50.632+0000] {dagbag.py:511} DEBUG - Loaded DAG <DAG: example_local_kubernetes_executor>
[2025-06-27T00:12:50.635+0000] {processor.py:840} INFO - DAG(s) 'example_local_kubernetes_executor' retrieved from /home/airflow/.local/lib/python3.10/site-packages/airflow/example_dags/example_local_kubernetes_executor.py
[2025-06-27T00:12:50.638+0000] {logging_mixin.py:188} INFO - [2025-06-27T00:12:50.638+0000] {dagbag.py:667} DEBUG - Running dagbag.sync_to_db with retries. Try 1 of 3
[2025-06-27T00:12:50.639+0000] {logging_mixin.py:188} INFO - [2025-06-27T00:12:50.639+0000] {dagbag.py:672} DEBUG - Calling the DAG.bulk_sync_to_db method
[2025-06-27T00:12:50.665+0000] {logging_mixin.py:188} INFO - [2025-06-27T00:12:50.665+0000] {serialized_dag.py:166} DEBUG - Checking if DAG (example_local_kubernetes_executor) changed
[2025-06-27T00:12:50.709+0000] {logging_mixin.py:188} INFO - [2025-06-27T00:12:50.708+0000] {serialized_dag.py:177} DEBUG - Serialized DAG (example_local_kubernetes_executor) is unchanged. Skipping writing to DB
[2025-06-27T00:12:50.710+0000] {logging_mixin.py:188} INFO - [2025-06-27T00:12:50.710+0000] {dag.py:3096} INFO - Sync 1 DAGs
[2025-06-27T00:12:50.730+0000] {logging_mixin.py:188} INFO - [2025-06-27T00:12:50.729+0000] {dag.py:3954} INFO - Setting next_dagrun for example_local_kubernetes_executor to None, run_after=None
[2025-06-27T00:12:50.767+0000] {processor.py:183} INFO - Processing /home/airflow/.local/lib/python3.10/site-packages/airflow/example_dags/example_local_kubernetes_executor.py took 0.166 seconds
[2025-06-27T00:13:21.120+0000] {logging_mixin.py:188} INFO - [2025-06-27T00:13:21.118+0000] {settings.py:250} DEBUG - Setting up DB connection pool (PID 12472)
[2025-06-27T00:13:21.122+0000] {logging_mixin.py:188} INFO - [2025-06-27T00:13:21.121+0000] {settings.py:330} DEBUG - settings.prepare_engine_args(): Using pool settings. pool_size=5, max_overflow=10, pool_recycle=1800, pid=12472
[2025-06-27T00:13:21.134+0000] {processor.py:161} INFO - Started process (PID=12472) to work on /home/airflow/.local/lib/python3.10/site-packages/airflow/example_dags/example_local_kubernetes_executor.py
[2025-06-27T00:13:21.136+0000] {processor.py:830} INFO - Processing file /home/airflow/.local/lib/python3.10/site-packages/airflow/example_dags/example_local_kubernetes_executor.py for tasks to queue
[2025-06-27T00:13:21.138+0000] {logging_mixin.py:188} INFO - [2025-06-27T00:13:21.138+0000] {dagbag.py:545} INFO - Filling up the DagBag from /home/airflow/.local/lib/python3.10/site-packages/airflow/example_dags/example_local_kubernetes_executor.py
[2025-06-27T00:13:21.141+0000] {logging_mixin.py:188} INFO - [2025-06-27T00:13:21.141+0000] {dagbag.py:337} DEBUG - Importing /home/airflow/.local/lib/python3.10/site-packages/airflow/example_dags/example_local_kubernetes_executor.py
[2025-06-27T00:13:21.161+0000] {logging_mixin.py:188} INFO - [2025-06-27T00:13:21.158+0000] {dagbag.py:511} DEBUG - Loaded DAG <DAG: example_local_kubernetes_executor>
[2025-06-27T00:13:21.162+0000] {processor.py:840} INFO - DAG(s) 'example_local_kubernetes_executor' retrieved from /home/airflow/.local/lib/python3.10/site-packages/airflow/example_dags/example_local_kubernetes_executor.py
[2025-06-27T00:13:21.164+0000] {logging_mixin.py:188} INFO - [2025-06-27T00:13:21.164+0000] {dagbag.py:667} DEBUG - Running dagbag.sync_to_db with retries. Try 1 of 3
[2025-06-27T00:13:21.165+0000] {logging_mixin.py:188} INFO - [2025-06-27T00:13:21.165+0000] {dagbag.py:672} DEBUG - Calling the DAG.bulk_sync_to_db method
[2025-06-27T00:13:21.189+0000] {logging_mixin.py:188} INFO - [2025-06-27T00:13:21.188+0000] {serialized_dag.py:166} DEBUG - Checking if DAG (example_local_kubernetes_executor) changed
[2025-06-27T00:13:21.239+0000] {logging_mixin.py:188} INFO - [2025-06-27T00:13:21.238+0000] {serialized_dag.py:177} DEBUG - Serialized DAG (example_local_kubernetes_executor) is unchanged. Skipping writing to DB
[2025-06-27T00:13:21.241+0000] {logging_mixin.py:188} INFO - [2025-06-27T00:13:21.240+0000] {dag.py:3096} INFO - Sync 1 DAGs
[2025-06-27T00:13:21.260+0000] {logging_mixin.py:188} INFO - [2025-06-27T00:13:21.260+0000] {dag.py:3954} INFO - Setting next_dagrun for example_local_kubernetes_executor to None, run_after=None
[2025-06-27T00:13:21.295+0000] {processor.py:183} INFO - Processing /home/airflow/.local/lib/python3.10/site-packages/airflow/example_dags/example_local_kubernetes_executor.py took 0.176 seconds
[2025-06-27T00:13:51.703+0000] {logging_mixin.py:188} INFO - [2025-06-27T00:13:51.700+0000] {settings.py:250} DEBUG - Setting up DB connection pool (PID 12535)
[2025-06-27T00:13:51.705+0000] {logging_mixin.py:188} INFO - [2025-06-27T00:13:51.705+0000] {settings.py:330} DEBUG - settings.prepare_engine_args(): Using pool settings. pool_size=5, max_overflow=10, pool_recycle=1800, pid=12535
[2025-06-27T00:13:51.717+0000] {processor.py:161} INFO - Started process (PID=12535) to work on /home/airflow/.local/lib/python3.10/site-packages/airflow/example_dags/example_local_kubernetes_executor.py
[2025-06-27T00:13:51.719+0000] {processor.py:830} INFO - Processing file /home/airflow/.local/lib/python3.10/site-packages/airflow/example_dags/example_local_kubernetes_executor.py for tasks to queue
[2025-06-27T00:13:51.720+0000] {logging_mixin.py:188} INFO - [2025-06-27T00:13:51.720+0000] {dagbag.py:545} INFO - Filling up the DagBag from /home/airflow/.local/lib/python3.10/site-packages/airflow/example_dags/example_local_kubernetes_executor.py
[2025-06-27T00:13:51.722+0000] {logging_mixin.py:188} INFO - [2025-06-27T00:13:51.722+0000] {dagbag.py:337} DEBUG - Importing /home/airflow/.local/lib/python3.10/site-packages/airflow/example_dags/example_local_kubernetes_executor.py
[2025-06-27T00:13:51.738+0000] {logging_mixin.py:188} INFO - [2025-06-27T00:13:51.736+0000] {dagbag.py:511} DEBUG - Loaded DAG <DAG: example_local_kubernetes_executor>
[2025-06-27T00:13:51.739+0000] {processor.py:840} INFO - DAG(s) 'example_local_kubernetes_executor' retrieved from /home/airflow/.local/lib/python3.10/site-packages/airflow/example_dags/example_local_kubernetes_executor.py
[2025-06-27T00:13:51.742+0000] {logging_mixin.py:188} INFO - [2025-06-27T00:13:51.741+0000] {dagbag.py:667} DEBUG - Running dagbag.sync_to_db with retries. Try 1 of 3
[2025-06-27T00:13:51.743+0000] {logging_mixin.py:188} INFO - [2025-06-27T00:13:51.742+0000] {dagbag.py:672} DEBUG - Calling the DAG.bulk_sync_to_db method
[2025-06-27T00:13:51.764+0000] {logging_mixin.py:188} INFO - [2025-06-27T00:13:51.764+0000] {serialized_dag.py:166} DEBUG - Checking if DAG (example_local_kubernetes_executor) changed
[2025-06-27T00:13:51.818+0000] {logging_mixin.py:188} INFO - [2025-06-27T00:13:51.817+0000] {serialized_dag.py:177} DEBUG - Serialized DAG (example_local_kubernetes_executor) is unchanged. Skipping writing to DB
[2025-06-27T00:13:51.819+0000] {logging_mixin.py:188} INFO - [2025-06-27T00:13:51.818+0000] {dag.py:3096} INFO - Sync 1 DAGs
[2025-06-27T00:13:51.842+0000] {logging_mixin.py:188} INFO - [2025-06-27T00:13:51.842+0000] {dag.py:3954} INFO - Setting next_dagrun for example_local_kubernetes_executor to None, run_after=None
[2025-06-27T00:13:51.886+0000] {processor.py:183} INFO - Processing /home/airflow/.local/lib/python3.10/site-packages/airflow/example_dags/example_local_kubernetes_executor.py took 0.186 seconds
[2025-06-27T00:14:22.061+0000] {logging_mixin.py:188} INFO - [2025-06-27T00:14:22.059+0000] {settings.py:250} DEBUG - Setting up DB connection pool (PID 12596)
[2025-06-27T00:14:22.063+0000] {logging_mixin.py:188} INFO - [2025-06-27T00:14:22.063+0000] {settings.py:330} DEBUG - settings.prepare_engine_args(): Using pool settings. pool_size=5, max_overflow=10, pool_recycle=1800, pid=12596
[2025-06-27T00:14:22.078+0000] {processor.py:161} INFO - Started process (PID=12596) to work on /home/airflow/.local/lib/python3.10/site-packages/airflow/example_dags/example_local_kubernetes_executor.py
[2025-06-27T00:14:22.080+0000] {processor.py:830} INFO - Processing file /home/airflow/.local/lib/python3.10/site-packages/airflow/example_dags/example_local_kubernetes_executor.py for tasks to queue
[2025-06-27T00:14:22.082+0000] {logging_mixin.py:188} INFO - [2025-06-27T00:14:22.081+0000] {dagbag.py:545} INFO - Filling up the DagBag from /home/airflow/.local/lib/python3.10/site-packages/airflow/example_dags/example_local_kubernetes_executor.py
[2025-06-27T00:14:22.086+0000] {logging_mixin.py:188} INFO - [2025-06-27T00:14:22.085+0000] {dagbag.py:337} DEBUG - Importing /home/airflow/.local/lib/python3.10/site-packages/airflow/example_dags/example_local_kubernetes_executor.py
[2025-06-27T00:14:22.107+0000] {logging_mixin.py:188} INFO - [2025-06-27T00:14:22.104+0000] {dagbag.py:511} DEBUG - Loaded DAG <DAG: example_local_kubernetes_executor>
[2025-06-27T00:14:22.109+0000] {processor.py:840} INFO - DAG(s) 'example_local_kubernetes_executor' retrieved from /home/airflow/.local/lib/python3.10/site-packages/airflow/example_dags/example_local_kubernetes_executor.py
[2025-06-27T00:14:22.112+0000] {logging_mixin.py:188} INFO - [2025-06-27T00:14:22.112+0000] {dagbag.py:667} DEBUG - Running dagbag.sync_to_db with retries. Try 1 of 3
[2025-06-27T00:14:22.113+0000] {logging_mixin.py:188} INFO - [2025-06-27T00:14:22.113+0000] {dagbag.py:672} DEBUG - Calling the DAG.bulk_sync_to_db method
[2025-06-27T00:14:22.142+0000] {logging_mixin.py:188} INFO - [2025-06-27T00:14:22.141+0000] {serialized_dag.py:166} DEBUG - Checking if DAG (example_local_kubernetes_executor) changed
[2025-06-27T00:14:22.192+0000] {logging_mixin.py:188} INFO - [2025-06-27T00:14:22.192+0000] {serialized_dag.py:177} DEBUG - Serialized DAG (example_local_kubernetes_executor) is unchanged. Skipping writing to DB
[2025-06-27T00:14:22.193+0000] {logging_mixin.py:188} INFO - [2025-06-27T00:14:22.193+0000] {dag.py:3096} INFO - Sync 1 DAGs
[2025-06-27T00:14:22.221+0000] {logging_mixin.py:188} INFO - [2025-06-27T00:14:22.220+0000] {dag.py:3954} INFO - Setting next_dagrun for example_local_kubernetes_executor to None, run_after=None
[2025-06-27T00:14:22.264+0000] {processor.py:183} INFO - Processing /home/airflow/.local/lib/python3.10/site-packages/airflow/example_dags/example_local_kubernetes_executor.py took 0.204 seconds
[2025-06-27T00:14:52.350+0000] {logging_mixin.py:188} INFO - [2025-06-27T00:14:52.349+0000] {settings.py:250} DEBUG - Setting up DB connection pool (PID 12659)
[2025-06-27T00:14:52.351+0000] {logging_mixin.py:188} INFO - [2025-06-27T00:14:52.351+0000] {settings.py:330} DEBUG - settings.prepare_engine_args(): Using pool settings. pool_size=5, max_overflow=10, pool_recycle=1800, pid=12659
[2025-06-27T00:14:52.362+0000] {processor.py:161} INFO - Started process (PID=12659) to work on /home/airflow/.local/lib/python3.10/site-packages/airflow/example_dags/example_local_kubernetes_executor.py
[2025-06-27T00:14:52.363+0000] {processor.py:830} INFO - Processing file /home/airflow/.local/lib/python3.10/site-packages/airflow/example_dags/example_local_kubernetes_executor.py for tasks to queue
[2025-06-27T00:14:52.365+0000] {logging_mixin.py:188} INFO - [2025-06-27T00:14:52.365+0000] {dagbag.py:545} INFO - Filling up the DagBag from /home/airflow/.local/lib/python3.10/site-packages/airflow/example_dags/example_local_kubernetes_executor.py
[2025-06-27T00:14:52.368+0000] {logging_mixin.py:188} INFO - [2025-06-27T00:14:52.367+0000] {dagbag.py:337} DEBUG - Importing /home/airflow/.local/lib/python3.10/site-packages/airflow/example_dags/example_local_kubernetes_executor.py
[2025-06-27T00:14:52.380+0000] {logging_mixin.py:188} INFO - [2025-06-27T00:14:52.378+0000] {dagbag.py:511} DEBUG - Loaded DAG <DAG: example_local_kubernetes_executor>
[2025-06-27T00:14:52.381+0000] {processor.py:840} INFO - DAG(s) 'example_local_kubernetes_executor' retrieved from /home/airflow/.local/lib/python3.10/site-packages/airflow/example_dags/example_local_kubernetes_executor.py
[2025-06-27T00:14:52.383+0000] {logging_mixin.py:188} INFO - [2025-06-27T00:14:52.383+0000] {dagbag.py:667} DEBUG - Running dagbag.sync_to_db with retries. Try 1 of 3
[2025-06-27T00:14:52.384+0000] {logging_mixin.py:188} INFO - [2025-06-27T00:14:52.384+0000] {dagbag.py:672} DEBUG - Calling the DAG.bulk_sync_to_db method
[2025-06-27T00:14:52.406+0000] {logging_mixin.py:188} INFO - [2025-06-27T00:14:52.405+0000] {serialized_dag.py:166} DEBUG - Checking if DAG (example_local_kubernetes_executor) changed
[2025-06-27T00:14:52.446+0000] {logging_mixin.py:188} INFO - [2025-06-27T00:14:52.445+0000] {serialized_dag.py:177} DEBUG - Serialized DAG (example_local_kubernetes_executor) is unchanged. Skipping writing to DB
[2025-06-27T00:14:52.447+0000] {logging_mixin.py:188} INFO - [2025-06-27T00:14:52.447+0000] {dag.py:3096} INFO - Sync 1 DAGs
[2025-06-27T00:14:52.471+0000] {logging_mixin.py:188} INFO - [2025-06-27T00:14:52.471+0000] {dag.py:3954} INFO - Setting next_dagrun for example_local_kubernetes_executor to None, run_after=None
[2025-06-27T00:14:52.504+0000] {processor.py:183} INFO - Processing /home/airflow/.local/lib/python3.10/site-packages/airflow/example_dags/example_local_kubernetes_executor.py took 0.155 seconds
[2025-06-27T00:15:23.020+0000] {logging_mixin.py:188} INFO - [2025-06-27T00:15:23.019+0000] {settings.py:250} DEBUG - Setting up DB connection pool (PID 12722)
[2025-06-27T00:15:23.022+0000] {logging_mixin.py:188} INFO - [2025-06-27T00:15:23.022+0000] {settings.py:330} DEBUG - settings.prepare_engine_args(): Using pool settings. pool_size=5, max_overflow=10, pool_recycle=1800, pid=12722
[2025-06-27T00:15:23.036+0000] {processor.py:161} INFO - Started process (PID=12722) to work on /home/airflow/.local/lib/python3.10/site-packages/airflow/example_dags/example_local_kubernetes_executor.py
[2025-06-27T00:15:23.037+0000] {processor.py:830} INFO - Processing file /home/airflow/.local/lib/python3.10/site-packages/airflow/example_dags/example_local_kubernetes_executor.py for tasks to queue
[2025-06-27T00:15:23.039+0000] {logging_mixin.py:188} INFO - [2025-06-27T00:15:23.039+0000] {dagbag.py:545} INFO - Filling up the DagBag from /home/airflow/.local/lib/python3.10/site-packages/airflow/example_dags/example_local_kubernetes_executor.py
[2025-06-27T00:15:23.042+0000] {logging_mixin.py:188} INFO - [2025-06-27T00:15:23.042+0000] {dagbag.py:337} DEBUG - Importing /home/airflow/.local/lib/python3.10/site-packages/airflow/example_dags/example_local_kubernetes_executor.py
[2025-06-27T00:15:23.058+0000] {logging_mixin.py:188} INFO - [2025-06-27T00:15:23.056+0000] {dagbag.py:511} DEBUG - Loaded DAG <DAG: example_local_kubernetes_executor>
[2025-06-27T00:15:23.059+0000] {processor.py:840} INFO - DAG(s) 'example_local_kubernetes_executor' retrieved from /home/airflow/.local/lib/python3.10/site-packages/airflow/example_dags/example_local_kubernetes_executor.py
[2025-06-27T00:15:23.061+0000] {logging_mixin.py:188} INFO - [2025-06-27T00:15:23.061+0000] {dagbag.py:667} DEBUG - Running dagbag.sync_to_db with retries. Try 1 of 3
[2025-06-27T00:15:23.062+0000] {logging_mixin.py:188} INFO - [2025-06-27T00:15:23.062+0000] {dagbag.py:672} DEBUG - Calling the DAG.bulk_sync_to_db method
[2025-06-27T00:15:23.085+0000] {logging_mixin.py:188} INFO - [2025-06-27T00:15:23.084+0000] {serialized_dag.py:166} DEBUG - Checking if DAG (example_local_kubernetes_executor) changed
[2025-06-27T00:15:23.128+0000] {logging_mixin.py:188} INFO - [2025-06-27T00:15:23.127+0000] {serialized_dag.py:177} DEBUG - Serialized DAG (example_local_kubernetes_executor) is unchanged. Skipping writing to DB
[2025-06-27T00:15:23.129+0000] {logging_mixin.py:188} INFO - [2025-06-27T00:15:23.129+0000] {dag.py:3096} INFO - Sync 1 DAGs
[2025-06-27T00:15:23.150+0000] {logging_mixin.py:188} INFO - [2025-06-27T00:15:23.149+0000] {dag.py:3954} INFO - Setting next_dagrun for example_local_kubernetes_executor to None, run_after=None
[2025-06-27T00:15:23.201+0000] {processor.py:183} INFO - Processing /home/airflow/.local/lib/python3.10/site-packages/airflow/example_dags/example_local_kubernetes_executor.py took 0.182 seconds
[2025-06-27T00:15:54.008+0000] {logging_mixin.py:188} INFO - [2025-06-27T00:15:54.007+0000] {settings.py:250} DEBUG - Setting up DB connection pool (PID 12785)
[2025-06-27T00:15:54.012+0000] {logging_mixin.py:188} INFO - [2025-06-27T00:15:54.011+0000] {settings.py:330} DEBUG - settings.prepare_engine_args(): Using pool settings. pool_size=5, max_overflow=10, pool_recycle=1800, pid=12785
[2025-06-27T00:15:54.025+0000] {processor.py:161} INFO - Started process (PID=12785) to work on /home/airflow/.local/lib/python3.10/site-packages/airflow/example_dags/example_local_kubernetes_executor.py
[2025-06-27T00:15:54.027+0000] {processor.py:830} INFO - Processing file /home/airflow/.local/lib/python3.10/site-packages/airflow/example_dags/example_local_kubernetes_executor.py for tasks to queue
[2025-06-27T00:15:54.031+0000] {logging_mixin.py:188} INFO - [2025-06-27T00:15:54.030+0000] {dagbag.py:545} INFO - Filling up the DagBag from /home/airflow/.local/lib/python3.10/site-packages/airflow/example_dags/example_local_kubernetes_executor.py
[2025-06-27T00:15:54.035+0000] {logging_mixin.py:188} INFO - [2025-06-27T00:15:54.035+0000] {dagbag.py:337} DEBUG - Importing /home/airflow/.local/lib/python3.10/site-packages/airflow/example_dags/example_local_kubernetes_executor.py
[2025-06-27T00:15:54.054+0000] {logging_mixin.py:188} INFO - [2025-06-27T00:15:54.052+0000] {dagbag.py:511} DEBUG - Loaded DAG <DAG: example_local_kubernetes_executor>
[2025-06-27T00:15:54.055+0000] {processor.py:840} INFO - DAG(s) 'example_local_kubernetes_executor' retrieved from /home/airflow/.local/lib/python3.10/site-packages/airflow/example_dags/example_local_kubernetes_executor.py
[2025-06-27T00:15:54.059+0000] {logging_mixin.py:188} INFO - [2025-06-27T00:15:54.058+0000] {dagbag.py:667} DEBUG - Running dagbag.sync_to_db with retries. Try 1 of 3
[2025-06-27T00:15:54.060+0000] {logging_mixin.py:188} INFO - [2025-06-27T00:15:54.060+0000] {dagbag.py:672} DEBUG - Calling the DAG.bulk_sync_to_db method
[2025-06-27T00:15:54.084+0000] {logging_mixin.py:188} INFO - [2025-06-27T00:15:54.083+0000] {serialized_dag.py:166} DEBUG - Checking if DAG (example_local_kubernetes_executor) changed
[2025-06-27T00:15:54.127+0000] {logging_mixin.py:188} INFO - [2025-06-27T00:15:54.127+0000] {serialized_dag.py:177} DEBUG - Serialized DAG (example_local_kubernetes_executor) is unchanged. Skipping writing to DB
[2025-06-27T00:15:54.129+0000] {logging_mixin.py:188} INFO - [2025-06-27T00:15:54.128+0000] {dag.py:3096} INFO - Sync 1 DAGs
[2025-06-27T00:15:54.152+0000] {logging_mixin.py:188} INFO - [2025-06-27T00:15:54.152+0000] {dag.py:3954} INFO - Setting next_dagrun for example_local_kubernetes_executor to None, run_after=None
[2025-06-27T00:15:54.189+0000] {processor.py:183} INFO - Processing /home/airflow/.local/lib/python3.10/site-packages/airflow/example_dags/example_local_kubernetes_executor.py took 0.182 seconds
[2025-06-27T00:16:24.441+0000] {logging_mixin.py:188} INFO - [2025-06-27T00:16:24.440+0000] {settings.py:250} DEBUG - Setting up DB connection pool (PID 12848)
[2025-06-27T00:16:24.444+0000] {logging_mixin.py:188} INFO - [2025-06-27T00:16:24.443+0000] {settings.py:330} DEBUG - settings.prepare_engine_args(): Using pool settings. pool_size=5, max_overflow=10, pool_recycle=1800, pid=12848
[2025-06-27T00:16:24.459+0000] {processor.py:161} INFO - Started process (PID=12848) to work on /home/airflow/.local/lib/python3.10/site-packages/airflow/example_dags/example_local_kubernetes_executor.py
[2025-06-27T00:16:24.461+0000] {processor.py:830} INFO - Processing file /home/airflow/.local/lib/python3.10/site-packages/airflow/example_dags/example_local_kubernetes_executor.py for tasks to queue
[2025-06-27T00:16:24.462+0000] {logging_mixin.py:188} INFO - [2025-06-27T00:16:24.462+0000] {dagbag.py:545} INFO - Filling up the DagBag from /home/airflow/.local/lib/python3.10/site-packages/airflow/example_dags/example_local_kubernetes_executor.py
[2025-06-27T00:16:24.465+0000] {logging_mixin.py:188} INFO - [2025-06-27T00:16:24.465+0000] {dagbag.py:337} DEBUG - Importing /home/airflow/.local/lib/python3.10/site-packages/airflow/example_dags/example_local_kubernetes_executor.py
[2025-06-27T00:16:24.483+0000] {logging_mixin.py:188} INFO - [2025-06-27T00:16:24.481+0000] {dagbag.py:511} DEBUG - Loaded DAG <DAG: example_local_kubernetes_executor>
[2025-06-27T00:16:24.484+0000] {processor.py:840} INFO - DAG(s) 'example_local_kubernetes_executor' retrieved from /home/airflow/.local/lib/python3.10/site-packages/airflow/example_dags/example_local_kubernetes_executor.py
[2025-06-27T00:16:24.487+0000] {logging_mixin.py:188} INFO - [2025-06-27T00:16:24.487+0000] {dagbag.py:667} DEBUG - Running dagbag.sync_to_db with retries. Try 1 of 3
[2025-06-27T00:16:24.488+0000] {logging_mixin.py:188} INFO - [2025-06-27T00:16:24.488+0000] {dagbag.py:672} DEBUG - Calling the DAG.bulk_sync_to_db method
[2025-06-27T00:16:24.515+0000] {logging_mixin.py:188} INFO - [2025-06-27T00:16:24.514+0000] {serialized_dag.py:166} DEBUG - Checking if DAG (example_local_kubernetes_executor) changed
[2025-06-27T00:16:24.563+0000] {logging_mixin.py:188} INFO - [2025-06-27T00:16:24.563+0000] {serialized_dag.py:177} DEBUG - Serialized DAG (example_local_kubernetes_executor) is unchanged. Skipping writing to DB
[2025-06-27T00:16:24.565+0000] {logging_mixin.py:188} INFO - [2025-06-27T00:16:24.564+0000] {dag.py:3096} INFO - Sync 1 DAGs
[2025-06-27T00:16:24.589+0000] {logging_mixin.py:188} INFO - [2025-06-27T00:16:24.588+0000] {dag.py:3954} INFO - Setting next_dagrun for example_local_kubernetes_executor to None, run_after=None
[2025-06-27T00:16:24.628+0000] {processor.py:183} INFO - Processing /home/airflow/.local/lib/python3.10/site-packages/airflow/example_dags/example_local_kubernetes_executor.py took 0.188 seconds
[2025-06-27T00:16:55.597+0000] {logging_mixin.py:188} INFO - [2025-06-27T00:16:55.595+0000] {settings.py:250} DEBUG - Setting up DB connection pool (PID 12912)
[2025-06-27T00:16:55.599+0000] {logging_mixin.py:188} INFO - [2025-06-27T00:16:55.599+0000] {settings.py:330} DEBUG - settings.prepare_engine_args(): Using pool settings. pool_size=5, max_overflow=10, pool_recycle=1800, pid=12912
[2025-06-27T00:16:55.612+0000] {processor.py:161} INFO - Started process (PID=12912) to work on /home/airflow/.local/lib/python3.10/site-packages/airflow/example_dags/example_local_kubernetes_executor.py
[2025-06-27T00:16:55.613+0000] {processor.py:830} INFO - Processing file /home/airflow/.local/lib/python3.10/site-packages/airflow/example_dags/example_local_kubernetes_executor.py for tasks to queue
[2025-06-27T00:16:55.615+0000] {logging_mixin.py:188} INFO - [2025-06-27T00:16:55.615+0000] {dagbag.py:545} INFO - Filling up the DagBag from /home/airflow/.local/lib/python3.10/site-packages/airflow/example_dags/example_local_kubernetes_executor.py
[2025-06-27T00:16:55.618+0000] {logging_mixin.py:188} INFO - [2025-06-27T00:16:55.618+0000] {dagbag.py:337} DEBUG - Importing /home/airflow/.local/lib/python3.10/site-packages/airflow/example_dags/example_local_kubernetes_executor.py
[2025-06-27T00:16:55.634+0000] {logging_mixin.py:188} INFO - [2025-06-27T00:16:55.632+0000] {dagbag.py:511} DEBUG - Loaded DAG <DAG: example_local_kubernetes_executor>
[2025-06-27T00:16:55.635+0000] {processor.py:840} INFO - DAG(s) 'example_local_kubernetes_executor' retrieved from /home/airflow/.local/lib/python3.10/site-packages/airflow/example_dags/example_local_kubernetes_executor.py
[2025-06-27T00:16:55.637+0000] {logging_mixin.py:188} INFO - [2025-06-27T00:16:55.637+0000] {dagbag.py:667} DEBUG - Running dagbag.sync_to_db with retries. Try 1 of 3
[2025-06-27T00:16:55.638+0000] {logging_mixin.py:188} INFO - [2025-06-27T00:16:55.638+0000] {dagbag.py:672} DEBUG - Calling the DAG.bulk_sync_to_db method
[2025-06-27T00:16:55.662+0000] {logging_mixin.py:188} INFO - [2025-06-27T00:16:55.662+0000] {serialized_dag.py:166} DEBUG - Checking if DAG (example_local_kubernetes_executor) changed
[2025-06-27T00:16:55.698+0000] {logging_mixin.py:188} INFO - [2025-06-27T00:16:55.698+0000] {serialized_dag.py:177} DEBUG - Serialized DAG (example_local_kubernetes_executor) is unchanged. Skipping writing to DB
[2025-06-27T00:16:55.699+0000] {logging_mixin.py:188} INFO - [2025-06-27T00:16:55.699+0000] {dag.py:3096} INFO - Sync 1 DAGs
[2025-06-27T00:16:55.715+0000] {logging_mixin.py:188} INFO - [2025-06-27T00:16:55.715+0000] {dag.py:3954} INFO - Setting next_dagrun for example_local_kubernetes_executor to None, run_after=None
[2025-06-27T00:16:55.743+0000] {processor.py:183} INFO - Processing /home/airflow/.local/lib/python3.10/site-packages/airflow/example_dags/example_local_kubernetes_executor.py took 0.149 seconds
[2025-06-27T00:17:25.994+0000] {logging_mixin.py:188} INFO - [2025-06-27T00:17:25.993+0000] {settings.py:250} DEBUG - Setting up DB connection pool (PID 12975)
[2025-06-27T00:17:25.999+0000] {logging_mixin.py:188} INFO - [2025-06-27T00:17:25.998+0000] {settings.py:330} DEBUG - settings.prepare_engine_args(): Using pool settings. pool_size=5, max_overflow=10, pool_recycle=1800, pid=12975
[2025-06-27T00:17:26.012+0000] {processor.py:161} INFO - Started process (PID=12975) to work on /home/airflow/.local/lib/python3.10/site-packages/airflow/example_dags/example_local_kubernetes_executor.py
[2025-06-27T00:17:26.013+0000] {processor.py:830} INFO - Processing file /home/airflow/.local/lib/python3.10/site-packages/airflow/example_dags/example_local_kubernetes_executor.py for tasks to queue
[2025-06-27T00:17:26.015+0000] {logging_mixin.py:188} INFO - [2025-06-27T00:17:26.014+0000] {dagbag.py:545} INFO - Filling up the DagBag from /home/airflow/.local/lib/python3.10/site-packages/airflow/example_dags/example_local_kubernetes_executor.py
[2025-06-27T00:17:26.018+0000] {logging_mixin.py:188} INFO - [2025-06-27T00:17:26.018+0000] {dagbag.py:337} DEBUG - Importing /home/airflow/.local/lib/python3.10/site-packages/airflow/example_dags/example_local_kubernetes_executor.py
[2025-06-27T00:17:26.035+0000] {logging_mixin.py:188} INFO - [2025-06-27T00:17:26.033+0000] {dagbag.py:511} DEBUG - Loaded DAG <DAG: example_local_kubernetes_executor>
[2025-06-27T00:17:26.036+0000] {processor.py:840} INFO - DAG(s) 'example_local_kubernetes_executor' retrieved from /home/airflow/.local/lib/python3.10/site-packages/airflow/example_dags/example_local_kubernetes_executor.py
[2025-06-27T00:17:26.040+0000] {logging_mixin.py:188} INFO - [2025-06-27T00:17:26.039+0000] {dagbag.py:667} DEBUG - Running dagbag.sync_to_db with retries. Try 1 of 3
[2025-06-27T00:17:26.041+0000] {logging_mixin.py:188} INFO - [2025-06-27T00:17:26.041+0000] {dagbag.py:672} DEBUG - Calling the DAG.bulk_sync_to_db method
[2025-06-27T00:17:26.065+0000] {logging_mixin.py:188} INFO - [2025-06-27T00:17:26.064+0000] {serialized_dag.py:166} DEBUG - Checking if DAG (example_local_kubernetes_executor) changed
[2025-06-27T00:17:26.111+0000] {logging_mixin.py:188} INFO - [2025-06-27T00:17:26.110+0000] {serialized_dag.py:177} DEBUG - Serialized DAG (example_local_kubernetes_executor) is unchanged. Skipping writing to DB
[2025-06-27T00:17:26.112+0000] {logging_mixin.py:188} INFO - [2025-06-27T00:17:26.112+0000] {dag.py:3096} INFO - Sync 1 DAGs
[2025-06-27T00:17:26.133+0000] {logging_mixin.py:188} INFO - [2025-06-27T00:17:26.133+0000] {dag.py:3954} INFO - Setting next_dagrun for example_local_kubernetes_executor to None, run_after=None
[2025-06-27T00:17:26.162+0000] {processor.py:183} INFO - Processing /home/airflow/.local/lib/python3.10/site-packages/airflow/example_dags/example_local_kubernetes_executor.py took 0.170 seconds
[2025-06-27T00:17:56.360+0000] {logging_mixin.py:188} INFO - [2025-06-27T00:17:56.359+0000] {settings.py:250} DEBUG - Setting up DB connection pool (PID 13038)
[2025-06-27T00:17:56.362+0000] {logging_mixin.py:188} INFO - [2025-06-27T00:17:56.362+0000] {settings.py:330} DEBUG - settings.prepare_engine_args(): Using pool settings. pool_size=5, max_overflow=10, pool_recycle=1800, pid=13038
[2025-06-27T00:17:56.381+0000] {processor.py:161} INFO - Started process (PID=13038) to work on /home/airflow/.local/lib/python3.10/site-packages/airflow/example_dags/example_local_kubernetes_executor.py
[2025-06-27T00:17:56.383+0000] {processor.py:830} INFO - Processing file /home/airflow/.local/lib/python3.10/site-packages/airflow/example_dags/example_local_kubernetes_executor.py for tasks to queue
[2025-06-27T00:17:56.385+0000] {logging_mixin.py:188} INFO - [2025-06-27T00:17:56.384+0000] {dagbag.py:545} INFO - Filling up the DagBag from /home/airflow/.local/lib/python3.10/site-packages/airflow/example_dags/example_local_kubernetes_executor.py
[2025-06-27T00:17:56.388+0000] {logging_mixin.py:188} INFO - [2025-06-27T00:17:56.387+0000] {dagbag.py:337} DEBUG - Importing /home/airflow/.local/lib/python3.10/site-packages/airflow/example_dags/example_local_kubernetes_executor.py
[2025-06-27T00:17:56.404+0000] {logging_mixin.py:188} INFO - [2025-06-27T00:17:56.401+0000] {dagbag.py:511} DEBUG - Loaded DAG <DAG: example_local_kubernetes_executor>
[2025-06-27T00:17:56.406+0000] {processor.py:840} INFO - DAG(s) 'example_local_kubernetes_executor' retrieved from /home/airflow/.local/lib/python3.10/site-packages/airflow/example_dags/example_local_kubernetes_executor.py
[2025-06-27T00:17:56.408+0000] {logging_mixin.py:188} INFO - [2025-06-27T00:17:56.408+0000] {dagbag.py:667} DEBUG - Running dagbag.sync_to_db with retries. Try 1 of 3
[2025-06-27T00:17:56.409+0000] {logging_mixin.py:188} INFO - [2025-06-27T00:17:56.409+0000] {dagbag.py:672} DEBUG - Calling the DAG.bulk_sync_to_db method
[2025-06-27T00:17:56.433+0000] {logging_mixin.py:188} INFO - [2025-06-27T00:17:56.433+0000] {serialized_dag.py:166} DEBUG - Checking if DAG (example_local_kubernetes_executor) changed
[2025-06-27T00:17:56.479+0000] {logging_mixin.py:188} INFO - [2025-06-27T00:17:56.478+0000] {serialized_dag.py:177} DEBUG - Serialized DAG (example_local_kubernetes_executor) is unchanged. Skipping writing to DB
[2025-06-27T00:17:56.481+0000] {logging_mixin.py:188} INFO - [2025-06-27T00:17:56.480+0000] {dag.py:3096} INFO - Sync 1 DAGs
[2025-06-27T00:17:56.504+0000] {logging_mixin.py:188} INFO - [2025-06-27T00:17:56.503+0000] {dag.py:3954} INFO - Setting next_dagrun for example_local_kubernetes_executor to None, run_after=None
[2025-06-27T00:17:56.537+0000] {processor.py:183} INFO - Processing /home/airflow/.local/lib/python3.10/site-packages/airflow/example_dags/example_local_kubernetes_executor.py took 0.178 seconds
[2025-06-27T00:18:26.664+0000] {logging_mixin.py:188} INFO - [2025-06-27T00:18:26.662+0000] {settings.py:250} DEBUG - Setting up DB connection pool (PID 13100)
[2025-06-27T00:18:26.665+0000] {logging_mixin.py:188} INFO - [2025-06-27T00:18:26.665+0000] {settings.py:330} DEBUG - settings.prepare_engine_args(): Using pool settings. pool_size=5, max_overflow=10, pool_recycle=1800, pid=13100
[2025-06-27T00:18:26.678+0000] {processor.py:161} INFO - Started process (PID=13100) to work on /home/airflow/.local/lib/python3.10/site-packages/airflow/example_dags/example_local_kubernetes_executor.py
[2025-06-27T00:18:26.679+0000] {processor.py:830} INFO - Processing file /home/airflow/.local/lib/python3.10/site-packages/airflow/example_dags/example_local_kubernetes_executor.py for tasks to queue
[2025-06-27T00:18:26.681+0000] {logging_mixin.py:188} INFO - [2025-06-27T00:18:26.680+0000] {dagbag.py:545} INFO - Filling up the DagBag from /home/airflow/.local/lib/python3.10/site-packages/airflow/example_dags/example_local_kubernetes_executor.py
[2025-06-27T00:18:26.683+0000] {logging_mixin.py:188} INFO - [2025-06-27T00:18:26.683+0000] {dagbag.py:337} DEBUG - Importing /home/airflow/.local/lib/python3.10/site-packages/airflow/example_dags/example_local_kubernetes_executor.py
[2025-06-27T00:18:26.698+0000] {logging_mixin.py:188} INFO - [2025-06-27T00:18:26.697+0000] {dagbag.py:511} DEBUG - Loaded DAG <DAG: example_local_kubernetes_executor>
[2025-06-27T00:18:26.699+0000] {processor.py:840} INFO - DAG(s) 'example_local_kubernetes_executor' retrieved from /home/airflow/.local/lib/python3.10/site-packages/airflow/example_dags/example_local_kubernetes_executor.py
[2025-06-27T00:18:26.702+0000] {logging_mixin.py:188} INFO - [2025-06-27T00:18:26.701+0000] {dagbag.py:667} DEBUG - Running dagbag.sync_to_db with retries. Try 1 of 3
[2025-06-27T00:18:26.702+0000] {logging_mixin.py:188} INFO - [2025-06-27T00:18:26.702+0000] {dagbag.py:672} DEBUG - Calling the DAG.bulk_sync_to_db method
[2025-06-27T00:18:26.723+0000] {logging_mixin.py:188} INFO - [2025-06-27T00:18:26.723+0000] {serialized_dag.py:166} DEBUG - Checking if DAG (example_local_kubernetes_executor) changed
[2025-06-27T00:18:26.772+0000] {logging_mixin.py:188} INFO - [2025-06-27T00:18:26.772+0000] {serialized_dag.py:177} DEBUG - Serialized DAG (example_local_kubernetes_executor) is unchanged. Skipping writing to DB
[2025-06-27T00:18:26.774+0000] {logging_mixin.py:188} INFO - [2025-06-27T00:18:26.773+0000] {dag.py:3096} INFO - Sync 1 DAGs
[2025-06-27T00:18:26.799+0000] {logging_mixin.py:188} INFO - [2025-06-27T00:18:26.799+0000] {dag.py:3954} INFO - Setting next_dagrun for example_local_kubernetes_executor to None, run_after=None
[2025-06-27T00:18:26.834+0000] {processor.py:183} INFO - Processing /home/airflow/.local/lib/python3.10/site-packages/airflow/example_dags/example_local_kubernetes_executor.py took 0.172 seconds
[2025-06-27T00:18:57.059+0000] {logging_mixin.py:188} INFO - [2025-06-27T00:18:57.058+0000] {settings.py:250} DEBUG - Setting up DB connection pool (PID 13163)
[2025-06-27T00:18:57.061+0000] {logging_mixin.py:188} INFO - [2025-06-27T00:18:57.061+0000] {settings.py:330} DEBUG - settings.prepare_engine_args(): Using pool settings. pool_size=5, max_overflow=10, pool_recycle=1800, pid=13163
[2025-06-27T00:18:57.073+0000] {processor.py:161} INFO - Started process (PID=13163) to work on /home/airflow/.local/lib/python3.10/site-packages/airflow/example_dags/example_local_kubernetes_executor.py
[2025-06-27T00:18:57.075+0000] {processor.py:830} INFO - Processing file /home/airflow/.local/lib/python3.10/site-packages/airflow/example_dags/example_local_kubernetes_executor.py for tasks to queue
[2025-06-27T00:18:57.077+0000] {logging_mixin.py:188} INFO - [2025-06-27T00:18:57.076+0000] {dagbag.py:545} INFO - Filling up the DagBag from /home/airflow/.local/lib/python3.10/site-packages/airflow/example_dags/example_local_kubernetes_executor.py
[2025-06-27T00:18:57.080+0000] {logging_mixin.py:188} INFO - [2025-06-27T00:18:57.079+0000] {dagbag.py:337} DEBUG - Importing /home/airflow/.local/lib/python3.10/site-packages/airflow/example_dags/example_local_kubernetes_executor.py
[2025-06-27T00:18:57.095+0000] {logging_mixin.py:188} INFO - [2025-06-27T00:18:57.094+0000] {dagbag.py:511} DEBUG - Loaded DAG <DAG: example_local_kubernetes_executor>
[2025-06-27T00:18:57.096+0000] {processor.py:840} INFO - DAG(s) 'example_local_kubernetes_executor' retrieved from /home/airflow/.local/lib/python3.10/site-packages/airflow/example_dags/example_local_kubernetes_executor.py
[2025-06-27T00:18:57.098+0000] {logging_mixin.py:188} INFO - [2025-06-27T00:18:57.098+0000] {dagbag.py:667} DEBUG - Running dagbag.sync_to_db with retries. Try 1 of 3
[2025-06-27T00:18:57.099+0000] {logging_mixin.py:188} INFO - [2025-06-27T00:18:57.099+0000] {dagbag.py:672} DEBUG - Calling the DAG.bulk_sync_to_db method
[2025-06-27T00:18:57.121+0000] {logging_mixin.py:188} INFO - [2025-06-27T00:18:57.121+0000] {serialized_dag.py:166} DEBUG - Checking if DAG (example_local_kubernetes_executor) changed
[2025-06-27T00:18:57.165+0000] {logging_mixin.py:188} INFO - [2025-06-27T00:18:57.165+0000] {serialized_dag.py:177} DEBUG - Serialized DAG (example_local_kubernetes_executor) is unchanged. Skipping writing to DB
[2025-06-27T00:18:57.166+0000] {logging_mixin.py:188} INFO - [2025-06-27T00:18:57.166+0000] {dag.py:3096} INFO - Sync 1 DAGs
[2025-06-27T00:18:57.184+0000] {logging_mixin.py:188} INFO - [2025-06-27T00:18:57.184+0000] {dag.py:3954} INFO - Setting next_dagrun for example_local_kubernetes_executor to None, run_after=None
[2025-06-27T00:18:57.217+0000] {processor.py:183} INFO - Processing /home/airflow/.local/lib/python3.10/site-packages/airflow/example_dags/example_local_kubernetes_executor.py took 0.160 seconds
[2025-06-27T00:19:28.407+0000] {logging_mixin.py:188} INFO - [2025-06-27T00:19:28.406+0000] {settings.py:250} DEBUG - Setting up DB connection pool (PID 13227)
[2025-06-27T00:19:28.409+0000] {logging_mixin.py:188} INFO - [2025-06-27T00:19:28.409+0000] {settings.py:330} DEBUG - settings.prepare_engine_args(): Using pool settings. pool_size=5, max_overflow=10, pool_recycle=1800, pid=13227
[2025-06-27T00:19:28.419+0000] {processor.py:161} INFO - Started process (PID=13227) to work on /home/airflow/.local/lib/python3.10/site-packages/airflow/example_dags/example_local_kubernetes_executor.py
[2025-06-27T00:19:28.420+0000] {processor.py:830} INFO - Processing file /home/airflow/.local/lib/python3.10/site-packages/airflow/example_dags/example_local_kubernetes_executor.py for tasks to queue
[2025-06-27T00:19:28.421+0000] {logging_mixin.py:188} INFO - [2025-06-27T00:19:28.421+0000] {dagbag.py:545} INFO - Filling up the DagBag from /home/airflow/.local/lib/python3.10/site-packages/airflow/example_dags/example_local_kubernetes_executor.py
[2025-06-27T00:19:28.423+0000] {logging_mixin.py:188} INFO - [2025-06-27T00:19:28.423+0000] {dagbag.py:337} DEBUG - Importing /home/airflow/.local/lib/python3.10/site-packages/airflow/example_dags/example_local_kubernetes_executor.py
[2025-06-27T00:19:28.436+0000] {logging_mixin.py:188} INFO - [2025-06-27T00:19:28.434+0000] {dagbag.py:511} DEBUG - Loaded DAG <DAG: example_local_kubernetes_executor>
[2025-06-27T00:19:28.436+0000] {processor.py:840} INFO - DAG(s) 'example_local_kubernetes_executor' retrieved from /home/airflow/.local/lib/python3.10/site-packages/airflow/example_dags/example_local_kubernetes_executor.py
[2025-06-27T00:19:28.439+0000] {logging_mixin.py:188} INFO - [2025-06-27T00:19:28.438+0000] {dagbag.py:667} DEBUG - Running dagbag.sync_to_db with retries. Try 1 of 3
[2025-06-27T00:19:28.440+0000] {logging_mixin.py:188} INFO - [2025-06-27T00:19:28.439+0000] {dagbag.py:672} DEBUG - Calling the DAG.bulk_sync_to_db method
[2025-06-27T00:19:28.459+0000] {logging_mixin.py:188} INFO - [2025-06-27T00:19:28.458+0000] {serialized_dag.py:166} DEBUG - Checking if DAG (example_local_kubernetes_executor) changed
[2025-06-27T00:19:28.495+0000] {logging_mixin.py:188} INFO - [2025-06-27T00:19:28.494+0000] {serialized_dag.py:177} DEBUG - Serialized DAG (example_local_kubernetes_executor) is unchanged. Skipping writing to DB
[2025-06-27T00:19:28.496+0000] {logging_mixin.py:188} INFO - [2025-06-27T00:19:28.495+0000] {dag.py:3096} INFO - Sync 1 DAGs
[2025-06-27T00:19:28.511+0000] {logging_mixin.py:188} INFO - [2025-06-27T00:19:28.511+0000] {dag.py:3954} INFO - Setting next_dagrun for example_local_kubernetes_executor to None, run_after=None
[2025-06-27T00:19:28.543+0000] {processor.py:183} INFO - Processing /home/airflow/.local/lib/python3.10/site-packages/airflow/example_dags/example_local_kubernetes_executor.py took 0.137 seconds
[2025-06-27T00:19:58.825+0000] {logging_mixin.py:188} INFO - [2025-06-27T00:19:58.824+0000] {settings.py:250} DEBUG - Setting up DB connection pool (PID 13288)
[2025-06-27T00:19:58.827+0000] {logging_mixin.py:188} INFO - [2025-06-27T00:19:58.827+0000] {settings.py:330} DEBUG - settings.prepare_engine_args(): Using pool settings. pool_size=5, max_overflow=10, pool_recycle=1800, pid=13288
[2025-06-27T00:19:58.839+0000] {processor.py:161} INFO - Started process (PID=13288) to work on /home/airflow/.local/lib/python3.10/site-packages/airflow/example_dags/example_local_kubernetes_executor.py
[2025-06-27T00:19:58.841+0000] {processor.py:830} INFO - Processing file /home/airflow/.local/lib/python3.10/site-packages/airflow/example_dags/example_local_kubernetes_executor.py for tasks to queue
[2025-06-27T00:19:58.843+0000] {logging_mixin.py:188} INFO - [2025-06-27T00:19:58.842+0000] {dagbag.py:545} INFO - Filling up the DagBag from /home/airflow/.local/lib/python3.10/site-packages/airflow/example_dags/example_local_kubernetes_executor.py
[2025-06-27T00:19:58.845+0000] {logging_mixin.py:188} INFO - [2025-06-27T00:19:58.845+0000] {dagbag.py:337} DEBUG - Importing /home/airflow/.local/lib/python3.10/site-packages/airflow/example_dags/example_local_kubernetes_executor.py
[2025-06-27T00:19:58.858+0000] {logging_mixin.py:188} INFO - [2025-06-27T00:19:58.856+0000] {dagbag.py:511} DEBUG - Loaded DAG <DAG: example_local_kubernetes_executor>
[2025-06-27T00:19:58.859+0000] {processor.py:840} INFO - DAG(s) 'example_local_kubernetes_executor' retrieved from /home/airflow/.local/lib/python3.10/site-packages/airflow/example_dags/example_local_kubernetes_executor.py
[2025-06-27T00:19:58.861+0000] {logging_mixin.py:188} INFO - [2025-06-27T00:19:58.861+0000] {dagbag.py:667} DEBUG - Running dagbag.sync_to_db with retries. Try 1 of 3
[2025-06-27T00:19:58.862+0000] {logging_mixin.py:188} INFO - [2025-06-27T00:19:58.862+0000] {dagbag.py:672} DEBUG - Calling the DAG.bulk_sync_to_db method
[2025-06-27T00:19:58.889+0000] {logging_mixin.py:188} INFO - [2025-06-27T00:19:58.889+0000] {serialized_dag.py:166} DEBUG - Checking if DAG (example_local_kubernetes_executor) changed
[2025-06-27T00:19:58.941+0000] {logging_mixin.py:188} INFO - [2025-06-27T00:19:58.941+0000] {serialized_dag.py:177} DEBUG - Serialized DAG (example_local_kubernetes_executor) is unchanged. Skipping writing to DB
[2025-06-27T00:19:58.942+0000] {logging_mixin.py:188} INFO - [2025-06-27T00:19:58.942+0000] {dag.py:3096} INFO - Sync 1 DAGs
[2025-06-27T00:19:58.967+0000] {logging_mixin.py:188} INFO - [2025-06-27T00:19:58.966+0000] {dag.py:3954} INFO - Setting next_dagrun for example_local_kubernetes_executor to None, run_after=None
[2025-06-27T00:19:59.003+0000] {processor.py:183} INFO - Processing /home/airflow/.local/lib/python3.10/site-packages/airflow/example_dags/example_local_kubernetes_executor.py took 0.180 seconds
[2025-06-27T00:20:29.150+0000] {logging_mixin.py:188} INFO - [2025-06-27T00:20:29.148+0000] {settings.py:250} DEBUG - Setting up DB connection pool (PID 13351)
[2025-06-27T00:20:29.154+0000] {logging_mixin.py:188} INFO - [2025-06-27T00:20:29.153+0000] {settings.py:330} DEBUG - settings.prepare_engine_args(): Using pool settings. pool_size=5, max_overflow=10, pool_recycle=1800, pid=13351
[2025-06-27T00:20:29.168+0000] {processor.py:161} INFO - Started process (PID=13351) to work on /home/airflow/.local/lib/python3.10/site-packages/airflow/example_dags/example_local_kubernetes_executor.py
[2025-06-27T00:20:29.170+0000] {processor.py:830} INFO - Processing file /home/airflow/.local/lib/python3.10/site-packages/airflow/example_dags/example_local_kubernetes_executor.py for tasks to queue
[2025-06-27T00:20:29.172+0000] {logging_mixin.py:188} INFO - [2025-06-27T00:20:29.171+0000] {dagbag.py:545} INFO - Filling up the DagBag from /home/airflow/.local/lib/python3.10/site-packages/airflow/example_dags/example_local_kubernetes_executor.py
[2025-06-27T00:20:29.174+0000] {logging_mixin.py:188} INFO - [2025-06-27T00:20:29.174+0000] {dagbag.py:337} DEBUG - Importing /home/airflow/.local/lib/python3.10/site-packages/airflow/example_dags/example_local_kubernetes_executor.py
[2025-06-27T00:20:29.192+0000] {logging_mixin.py:188} INFO - [2025-06-27T00:20:29.190+0000] {dagbag.py:511} DEBUG - Loaded DAG <DAG: example_local_kubernetes_executor>
[2025-06-27T00:20:29.193+0000] {processor.py:840} INFO - DAG(s) 'example_local_kubernetes_executor' retrieved from /home/airflow/.local/lib/python3.10/site-packages/airflow/example_dags/example_local_kubernetes_executor.py
[2025-06-27T00:20:29.195+0000] {logging_mixin.py:188} INFO - [2025-06-27T00:20:29.195+0000] {dagbag.py:667} DEBUG - Running dagbag.sync_to_db with retries. Try 1 of 3
[2025-06-27T00:20:29.196+0000] {logging_mixin.py:188} INFO - [2025-06-27T00:20:29.196+0000] {dagbag.py:672} DEBUG - Calling the DAG.bulk_sync_to_db method
[2025-06-27T00:20:29.224+0000] {logging_mixin.py:188} INFO - [2025-06-27T00:20:29.223+0000] {serialized_dag.py:166} DEBUG - Checking if DAG (example_local_kubernetes_executor) changed
[2025-06-27T00:20:29.277+0000] {logging_mixin.py:188} INFO - [2025-06-27T00:20:29.276+0000] {serialized_dag.py:177} DEBUG - Serialized DAG (example_local_kubernetes_executor) is unchanged. Skipping writing to DB
[2025-06-27T00:20:29.278+0000] {logging_mixin.py:188} INFO - [2025-06-27T00:20:29.277+0000] {dag.py:3096} INFO - Sync 1 DAGs
[2025-06-27T00:20:29.298+0000] {logging_mixin.py:188} INFO - [2025-06-27T00:20:29.298+0000] {dag.py:3954} INFO - Setting next_dagrun for example_local_kubernetes_executor to None, run_after=None
[2025-06-27T00:20:29.341+0000] {processor.py:183} INFO - Processing /home/airflow/.local/lib/python3.10/site-packages/airflow/example_dags/example_local_kubernetes_executor.py took 0.193 seconds
[2025-06-27T00:20:59.578+0000] {logging_mixin.py:188} INFO - [2025-06-27T00:20:59.577+0000] {settings.py:250} DEBUG - Setting up DB connection pool (PID 13415)
[2025-06-27T00:20:59.580+0000] {logging_mixin.py:188} INFO - [2025-06-27T00:20:59.580+0000] {settings.py:330} DEBUG - settings.prepare_engine_args(): Using pool settings. pool_size=5, max_overflow=10, pool_recycle=1800, pid=13415
[2025-06-27T00:20:59.592+0000] {processor.py:161} INFO - Started process (PID=13415) to work on /home/airflow/.local/lib/python3.10/site-packages/airflow/example_dags/example_local_kubernetes_executor.py
[2025-06-27T00:20:59.593+0000] {processor.py:830} INFO - Processing file /home/airflow/.local/lib/python3.10/site-packages/airflow/example_dags/example_local_kubernetes_executor.py for tasks to queue
[2025-06-27T00:20:59.595+0000] {logging_mixin.py:188} INFO - [2025-06-27T00:20:59.594+0000] {dagbag.py:545} INFO - Filling up the DagBag from /home/airflow/.local/lib/python3.10/site-packages/airflow/example_dags/example_local_kubernetes_executor.py
[2025-06-27T00:20:59.598+0000] {logging_mixin.py:188} INFO - [2025-06-27T00:20:59.597+0000] {dagbag.py:337} DEBUG - Importing /home/airflow/.local/lib/python3.10/site-packages/airflow/example_dags/example_local_kubernetes_executor.py
[2025-06-27T00:20:59.614+0000] {logging_mixin.py:188} INFO - [2025-06-27T00:20:59.611+0000] {dagbag.py:511} DEBUG - Loaded DAG <DAG: example_local_kubernetes_executor>
[2025-06-27T00:20:59.615+0000] {processor.py:840} INFO - DAG(s) 'example_local_kubernetes_executor' retrieved from /home/airflow/.local/lib/python3.10/site-packages/airflow/example_dags/example_local_kubernetes_executor.py
[2025-06-27T00:20:59.617+0000] {logging_mixin.py:188} INFO - [2025-06-27T00:20:59.617+0000] {dagbag.py:667} DEBUG - Running dagbag.sync_to_db with retries. Try 1 of 3
[2025-06-27T00:20:59.618+0000] {logging_mixin.py:188} INFO - [2025-06-27T00:20:59.618+0000] {dagbag.py:672} DEBUG - Calling the DAG.bulk_sync_to_db method
[2025-06-27T00:20:59.643+0000] {logging_mixin.py:188} INFO - [2025-06-27T00:20:59.642+0000] {serialized_dag.py:166} DEBUG - Checking if DAG (example_local_kubernetes_executor) changed
[2025-06-27T00:20:59.681+0000] {logging_mixin.py:188} INFO - [2025-06-27T00:20:59.681+0000] {serialized_dag.py:177} DEBUG - Serialized DAG (example_local_kubernetes_executor) is unchanged. Skipping writing to DB
[2025-06-27T00:20:59.682+0000] {logging_mixin.py:188} INFO - [2025-06-27T00:20:59.682+0000] {dag.py:3096} INFO - Sync 1 DAGs
[2025-06-27T00:20:59.698+0000] {logging_mixin.py:188} INFO - [2025-06-27T00:20:59.698+0000] {dag.py:3954} INFO - Setting next_dagrun for example_local_kubernetes_executor to None, run_after=None
[2025-06-27T00:20:59.727+0000] {processor.py:183} INFO - Processing /home/airflow/.local/lib/python3.10/site-packages/airflow/example_dags/example_local_kubernetes_executor.py took 0.150 seconds
[2025-06-27T00:21:29.849+0000] {logging_mixin.py:188} INFO - [2025-06-27T00:21:29.847+0000] {settings.py:250} DEBUG - Setting up DB connection pool (PID 13478)
[2025-06-27T00:21:29.852+0000] {logging_mixin.py:188} INFO - [2025-06-27T00:21:29.852+0000] {settings.py:330} DEBUG - settings.prepare_engine_args(): Using pool settings. pool_size=5, max_overflow=10, pool_recycle=1800, pid=13478
[2025-06-27T00:21:29.866+0000] {processor.py:161} INFO - Started process (PID=13478) to work on /home/airflow/.local/lib/python3.10/site-packages/airflow/example_dags/example_local_kubernetes_executor.py
[2025-06-27T00:21:29.868+0000] {processor.py:830} INFO - Processing file /home/airflow/.local/lib/python3.10/site-packages/airflow/example_dags/example_local_kubernetes_executor.py for tasks to queue
[2025-06-27T00:21:29.869+0000] {logging_mixin.py:188} INFO - [2025-06-27T00:21:29.869+0000] {dagbag.py:545} INFO - Filling up the DagBag from /home/airflow/.local/lib/python3.10/site-packages/airflow/example_dags/example_local_kubernetes_executor.py
[2025-06-27T00:21:29.873+0000] {logging_mixin.py:188} INFO - [2025-06-27T00:21:29.872+0000] {dagbag.py:337} DEBUG - Importing /home/airflow/.local/lib/python3.10/site-packages/airflow/example_dags/example_local_kubernetes_executor.py
[2025-06-27T00:21:29.890+0000] {logging_mixin.py:188} INFO - [2025-06-27T00:21:29.887+0000] {dagbag.py:511} DEBUG - Loaded DAG <DAG: example_local_kubernetes_executor>
[2025-06-27T00:21:29.891+0000] {processor.py:840} INFO - DAG(s) 'example_local_kubernetes_executor' retrieved from /home/airflow/.local/lib/python3.10/site-packages/airflow/example_dags/example_local_kubernetes_executor.py
[2025-06-27T00:21:29.894+0000] {logging_mixin.py:188} INFO - [2025-06-27T00:21:29.893+0000] {dagbag.py:667} DEBUG - Running dagbag.sync_to_db with retries. Try 1 of 3
[2025-06-27T00:21:29.894+0000] {logging_mixin.py:188} INFO - [2025-06-27T00:21:29.894+0000] {dagbag.py:672} DEBUG - Calling the DAG.bulk_sync_to_db method
[2025-06-27T00:21:29.921+0000] {logging_mixin.py:188} INFO - [2025-06-27T00:21:29.920+0000] {serialized_dag.py:166} DEBUG - Checking if DAG (example_local_kubernetes_executor) changed
[2025-06-27T00:21:29.969+0000] {logging_mixin.py:188} INFO - [2025-06-27T00:21:29.968+0000] {serialized_dag.py:177} DEBUG - Serialized DAG (example_local_kubernetes_executor) is unchanged. Skipping writing to DB
[2025-06-27T00:21:29.970+0000] {logging_mixin.py:188} INFO - [2025-06-27T00:21:29.970+0000] {dag.py:3096} INFO - Sync 1 DAGs
[2025-06-27T00:21:29.989+0000] {logging_mixin.py:188} INFO - [2025-06-27T00:21:29.989+0000] {dag.py:3954} INFO - Setting next_dagrun for example_local_kubernetes_executor to None, run_after=None
[2025-06-27T00:21:30.038+0000] {processor.py:183} INFO - Processing /home/airflow/.local/lib/python3.10/site-packages/airflow/example_dags/example_local_kubernetes_executor.py took 0.191 seconds
[2025-06-27T00:22:00.415+0000] {logging_mixin.py:188} INFO - [2025-06-27T00:22:00.414+0000] {settings.py:250} DEBUG - Setting up DB connection pool (PID 13541)
[2025-06-27T00:22:00.417+0000] {logging_mixin.py:188} INFO - [2025-06-27T00:22:00.417+0000] {settings.py:330} DEBUG - settings.prepare_engine_args(): Using pool settings. pool_size=5, max_overflow=10, pool_recycle=1800, pid=13541
[2025-06-27T00:22:00.428+0000] {processor.py:161} INFO - Started process (PID=13541) to work on /home/airflow/.local/lib/python3.10/site-packages/airflow/example_dags/example_local_kubernetes_executor.py
[2025-06-27T00:22:00.429+0000] {processor.py:830} INFO - Processing file /home/airflow/.local/lib/python3.10/site-packages/airflow/example_dags/example_local_kubernetes_executor.py for tasks to queue
[2025-06-27T00:22:00.431+0000] {logging_mixin.py:188} INFO - [2025-06-27T00:22:00.431+0000] {dagbag.py:545} INFO - Filling up the DagBag from /home/airflow/.local/lib/python3.10/site-packages/airflow/example_dags/example_local_kubernetes_executor.py
[2025-06-27T00:22:00.434+0000] {logging_mixin.py:188} INFO - [2025-06-27T00:22:00.434+0000] {dagbag.py:337} DEBUG - Importing /home/airflow/.local/lib/python3.10/site-packages/airflow/example_dags/example_local_kubernetes_executor.py
[2025-06-27T00:22:00.447+0000] {logging_mixin.py:188} INFO - [2025-06-27T00:22:00.446+0000] {dagbag.py:511} DEBUG - Loaded DAG <DAG: example_local_kubernetes_executor>
[2025-06-27T00:22:00.448+0000] {processor.py:840} INFO - DAG(s) 'example_local_kubernetes_executor' retrieved from /home/airflow/.local/lib/python3.10/site-packages/airflow/example_dags/example_local_kubernetes_executor.py
[2025-06-27T00:22:00.450+0000] {logging_mixin.py:188} INFO - [2025-06-27T00:22:00.450+0000] {dagbag.py:667} DEBUG - Running dagbag.sync_to_db with retries. Try 1 of 3
[2025-06-27T00:22:00.451+0000] {logging_mixin.py:188} INFO - [2025-06-27T00:22:00.451+0000] {dagbag.py:672} DEBUG - Calling the DAG.bulk_sync_to_db method
[2025-06-27T00:22:00.470+0000] {logging_mixin.py:188} INFO - [2025-06-27T00:22:00.470+0000] {serialized_dag.py:166} DEBUG - Checking if DAG (example_local_kubernetes_executor) changed
[2025-06-27T00:22:00.508+0000] {logging_mixin.py:188} INFO - [2025-06-27T00:22:00.507+0000] {serialized_dag.py:177} DEBUG - Serialized DAG (example_local_kubernetes_executor) is unchanged. Skipping writing to DB
[2025-06-27T00:22:00.509+0000] {logging_mixin.py:188} INFO - [2025-06-27T00:22:00.508+0000] {dag.py:3096} INFO - Sync 1 DAGs
[2025-06-27T00:22:00.525+0000] {logging_mixin.py:188} INFO - [2025-06-27T00:22:00.525+0000] {dag.py:3954} INFO - Setting next_dagrun for example_local_kubernetes_executor to None, run_after=None
[2025-06-27T00:22:00.556+0000] {processor.py:183} INFO - Processing /home/airflow/.local/lib/python3.10/site-packages/airflow/example_dags/example_local_kubernetes_executor.py took 0.142 seconds
[2025-06-27T00:22:31.394+0000] {logging_mixin.py:188} INFO - [2025-06-27T00:22:31.393+0000] {settings.py:250} DEBUG - Setting up DB connection pool (PID 13604)
[2025-06-27T00:22:31.397+0000] {logging_mixin.py:188} INFO - [2025-06-27T00:22:31.396+0000] {settings.py:330} DEBUG - settings.prepare_engine_args(): Using pool settings. pool_size=5, max_overflow=10, pool_recycle=1800, pid=13604
[2025-06-27T00:22:31.409+0000] {processor.py:161} INFO - Started process (PID=13604) to work on /home/airflow/.local/lib/python3.10/site-packages/airflow/example_dags/example_local_kubernetes_executor.py
[2025-06-27T00:22:31.410+0000] {processor.py:830} INFO - Processing file /home/airflow/.local/lib/python3.10/site-packages/airflow/example_dags/example_local_kubernetes_executor.py for tasks to queue
[2025-06-27T00:22:31.412+0000] {logging_mixin.py:188} INFO - [2025-06-27T00:22:31.411+0000] {dagbag.py:545} INFO - Filling up the DagBag from /home/airflow/.local/lib/python3.10/site-packages/airflow/example_dags/example_local_kubernetes_executor.py
[2025-06-27T00:22:31.414+0000] {logging_mixin.py:188} INFO - [2025-06-27T00:22:31.414+0000] {dagbag.py:337} DEBUG - Importing /home/airflow/.local/lib/python3.10/site-packages/airflow/example_dags/example_local_kubernetes_executor.py
[2025-06-27T00:22:31.432+0000] {logging_mixin.py:188} INFO - [2025-06-27T00:22:31.430+0000] {dagbag.py:511} DEBUG - Loaded DAG <DAG: example_local_kubernetes_executor>
[2025-06-27T00:22:31.433+0000] {processor.py:840} INFO - DAG(s) 'example_local_kubernetes_executor' retrieved from /home/airflow/.local/lib/python3.10/site-packages/airflow/example_dags/example_local_kubernetes_executor.py
[2025-06-27T00:22:31.435+0000] {logging_mixin.py:188} INFO - [2025-06-27T00:22:31.435+0000] {dagbag.py:667} DEBUG - Running dagbag.sync_to_db with retries. Try 1 of 3
[2025-06-27T00:22:31.436+0000] {logging_mixin.py:188} INFO - [2025-06-27T00:22:31.436+0000] {dagbag.py:672} DEBUG - Calling the DAG.bulk_sync_to_db method
[2025-06-27T00:22:31.457+0000] {logging_mixin.py:188} INFO - [2025-06-27T00:22:31.457+0000] {serialized_dag.py:166} DEBUG - Checking if DAG (example_local_kubernetes_executor) changed
[2025-06-27T00:22:31.495+0000] {logging_mixin.py:188} INFO - [2025-06-27T00:22:31.494+0000] {serialized_dag.py:177} DEBUG - Serialized DAG (example_local_kubernetes_executor) is unchanged. Skipping writing to DB
[2025-06-27T00:22:31.496+0000] {logging_mixin.py:188} INFO - [2025-06-27T00:22:31.496+0000] {dag.py:3096} INFO - Sync 1 DAGs
[2025-06-27T00:22:31.518+0000] {logging_mixin.py:188} INFO - [2025-06-27T00:22:31.518+0000] {dag.py:3954} INFO - Setting next_dagrun for example_local_kubernetes_executor to None, run_after=None
[2025-06-27T00:22:31.548+0000] {processor.py:183} INFO - Processing /home/airflow/.local/lib/python3.10/site-packages/airflow/example_dags/example_local_kubernetes_executor.py took 0.155 seconds
[2025-06-27T00:23:02.192+0000] {logging_mixin.py:188} INFO - [2025-06-27T00:23:02.190+0000] {settings.py:250} DEBUG - Setting up DB connection pool (PID 13667)
[2025-06-27T00:23:02.194+0000] {logging_mixin.py:188} INFO - [2025-06-27T00:23:02.194+0000] {settings.py:330} DEBUG - settings.prepare_engine_args(): Using pool settings. pool_size=5, max_overflow=10, pool_recycle=1800, pid=13667
[2025-06-27T00:23:02.211+0000] {processor.py:161} INFO - Started process (PID=13667) to work on /home/airflow/.local/lib/python3.10/site-packages/airflow/example_dags/example_local_kubernetes_executor.py
[2025-06-27T00:23:02.212+0000] {processor.py:830} INFO - Processing file /home/airflow/.local/lib/python3.10/site-packages/airflow/example_dags/example_local_kubernetes_executor.py for tasks to queue
[2025-06-27T00:23:02.214+0000] {logging_mixin.py:188} INFO - [2025-06-27T00:23:02.214+0000] {dagbag.py:545} INFO - Filling up the DagBag from /home/airflow/.local/lib/python3.10/site-packages/airflow/example_dags/example_local_kubernetes_executor.py
[2025-06-27T00:23:02.218+0000] {logging_mixin.py:188} INFO - [2025-06-27T00:23:02.217+0000] {dagbag.py:337} DEBUG - Importing /home/airflow/.local/lib/python3.10/site-packages/airflow/example_dags/example_local_kubernetes_executor.py
[2025-06-27T00:23:02.238+0000] {logging_mixin.py:188} INFO - [2025-06-27T00:23:02.236+0000] {dagbag.py:511} DEBUG - Loaded DAG <DAG: example_local_kubernetes_executor>
[2025-06-27T00:23:02.239+0000] {processor.py:840} INFO - DAG(s) 'example_local_kubernetes_executor' retrieved from /home/airflow/.local/lib/python3.10/site-packages/airflow/example_dags/example_local_kubernetes_executor.py
[2025-06-27T00:23:02.243+0000] {logging_mixin.py:188} INFO - [2025-06-27T00:23:02.242+0000] {dagbag.py:667} DEBUG - Running dagbag.sync_to_db with retries. Try 1 of 3
[2025-06-27T00:23:02.244+0000] {logging_mixin.py:188} INFO - [2025-06-27T00:23:02.243+0000] {dagbag.py:672} DEBUG - Calling the DAG.bulk_sync_to_db method
[2025-06-27T00:23:02.269+0000] {logging_mixin.py:188} INFO - [2025-06-27T00:23:02.269+0000] {serialized_dag.py:166} DEBUG - Checking if DAG (example_local_kubernetes_executor) changed
[2025-06-27T00:23:02.313+0000] {logging_mixin.py:188} INFO - [2025-06-27T00:23:02.312+0000] {serialized_dag.py:177} DEBUG - Serialized DAG (example_local_kubernetes_executor) is unchanged. Skipping writing to DB
[2025-06-27T00:23:02.314+0000] {logging_mixin.py:188} INFO - [2025-06-27T00:23:02.313+0000] {dag.py:3096} INFO - Sync 1 DAGs
[2025-06-27T00:23:02.342+0000] {logging_mixin.py:188} INFO - [2025-06-27T00:23:02.341+0000] {dag.py:3954} INFO - Setting next_dagrun for example_local_kubernetes_executor to None, run_after=None
[2025-06-27T00:23:02.391+0000] {processor.py:183} INFO - Processing /home/airflow/.local/lib/python3.10/site-packages/airflow/example_dags/example_local_kubernetes_executor.py took 0.200 seconds
[2025-06-27T00:23:32.652+0000] {logging_mixin.py:188} INFO - [2025-06-27T00:23:32.651+0000] {settings.py:250} DEBUG - Setting up DB connection pool (PID 13730)
[2025-06-27T00:23:32.655+0000] {logging_mixin.py:188} INFO - [2025-06-27T00:23:32.654+0000] {settings.py:330} DEBUG - settings.prepare_engine_args(): Using pool settings. pool_size=5, max_overflow=10, pool_recycle=1800, pid=13730
[2025-06-27T00:23:32.670+0000] {processor.py:161} INFO - Started process (PID=13730) to work on /home/airflow/.local/lib/python3.10/site-packages/airflow/example_dags/example_local_kubernetes_executor.py
[2025-06-27T00:23:32.671+0000] {processor.py:830} INFO - Processing file /home/airflow/.local/lib/python3.10/site-packages/airflow/example_dags/example_local_kubernetes_executor.py for tasks to queue
[2025-06-27T00:23:32.674+0000] {logging_mixin.py:188} INFO - [2025-06-27T00:23:32.673+0000] {dagbag.py:545} INFO - Filling up the DagBag from /home/airflow/.local/lib/python3.10/site-packages/airflow/example_dags/example_local_kubernetes_executor.py
[2025-06-27T00:23:32.677+0000] {logging_mixin.py:188} INFO - [2025-06-27T00:23:32.677+0000] {dagbag.py:337} DEBUG - Importing /home/airflow/.local/lib/python3.10/site-packages/airflow/example_dags/example_local_kubernetes_executor.py
[2025-06-27T00:23:32.693+0000] {logging_mixin.py:188} INFO - [2025-06-27T00:23:32.691+0000] {dagbag.py:511} DEBUG - Loaded DAG <DAG: example_local_kubernetes_executor>
[2025-06-27T00:23:32.694+0000] {processor.py:840} INFO - DAG(s) 'example_local_kubernetes_executor' retrieved from /home/airflow/.local/lib/python3.10/site-packages/airflow/example_dags/example_local_kubernetes_executor.py
[2025-06-27T00:23:32.697+0000] {logging_mixin.py:188} INFO - [2025-06-27T00:23:32.696+0000] {dagbag.py:667} DEBUG - Running dagbag.sync_to_db with retries. Try 1 of 3
[2025-06-27T00:23:32.698+0000] {logging_mixin.py:188} INFO - [2025-06-27T00:23:32.697+0000] {dagbag.py:672} DEBUG - Calling the DAG.bulk_sync_to_db method
[2025-06-27T00:23:32.724+0000] {logging_mixin.py:188} INFO - [2025-06-27T00:23:32.723+0000] {serialized_dag.py:166} DEBUG - Checking if DAG (example_local_kubernetes_executor) changed
[2025-06-27T00:23:32.772+0000] {logging_mixin.py:188} INFO - [2025-06-27T00:23:32.771+0000] {serialized_dag.py:177} DEBUG - Serialized DAG (example_local_kubernetes_executor) is unchanged. Skipping writing to DB
[2025-06-27T00:23:32.774+0000] {logging_mixin.py:188} INFO - [2025-06-27T00:23:32.773+0000] {dag.py:3096} INFO - Sync 1 DAGs
[2025-06-27T00:23:32.795+0000] {logging_mixin.py:188} INFO - [2025-06-27T00:23:32.795+0000] {dag.py:3954} INFO - Setting next_dagrun for example_local_kubernetes_executor to None, run_after=None
[2025-06-27T00:23:32.826+0000] {processor.py:183} INFO - Processing /home/airflow/.local/lib/python3.10/site-packages/airflow/example_dags/example_local_kubernetes_executor.py took 0.175 seconds
[2025-06-27T00:24:03.927+0000] {logging_mixin.py:188} INFO - [2025-06-27T00:24:03.926+0000] {settings.py:250} DEBUG - Setting up DB connection pool (PID 13793)
[2025-06-27T00:24:03.929+0000] {logging_mixin.py:188} INFO - [2025-06-27T00:24:03.929+0000] {settings.py:330} DEBUG - settings.prepare_engine_args(): Using pool settings. pool_size=5, max_overflow=10, pool_recycle=1800, pid=13793
[2025-06-27T00:24:03.940+0000] {processor.py:161} INFO - Started process (PID=13793) to work on /home/airflow/.local/lib/python3.10/site-packages/airflow/example_dags/example_local_kubernetes_executor.py
[2025-06-27T00:24:03.941+0000] {processor.py:830} INFO - Processing file /home/airflow/.local/lib/python3.10/site-packages/airflow/example_dags/example_local_kubernetes_executor.py for tasks to queue
[2025-06-27T00:24:03.943+0000] {logging_mixin.py:188} INFO - [2025-06-27T00:24:03.942+0000] {dagbag.py:545} INFO - Filling up the DagBag from /home/airflow/.local/lib/python3.10/site-packages/airflow/example_dags/example_local_kubernetes_executor.py
[2025-06-27T00:24:03.945+0000] {logging_mixin.py:188} INFO - [2025-06-27T00:24:03.945+0000] {dagbag.py:337} DEBUG - Importing /home/airflow/.local/lib/python3.10/site-packages/airflow/example_dags/example_local_kubernetes_executor.py
[2025-06-27T00:24:03.958+0000] {logging_mixin.py:188} INFO - [2025-06-27T00:24:03.957+0000] {dagbag.py:511} DEBUG - Loaded DAG <DAG: example_local_kubernetes_executor>
[2025-06-27T00:24:03.959+0000] {processor.py:840} INFO - DAG(s) 'example_local_kubernetes_executor' retrieved from /home/airflow/.local/lib/python3.10/site-packages/airflow/example_dags/example_local_kubernetes_executor.py
[2025-06-27T00:24:03.962+0000] {logging_mixin.py:188} INFO - [2025-06-27T00:24:03.961+0000] {dagbag.py:667} DEBUG - Running dagbag.sync_to_db with retries. Try 1 of 3
[2025-06-27T00:24:03.963+0000] {logging_mixin.py:188} INFO - [2025-06-27T00:24:03.963+0000] {dagbag.py:672} DEBUG - Calling the DAG.bulk_sync_to_db method
[2025-06-27T00:24:03.987+0000] {logging_mixin.py:188} INFO - [2025-06-27T00:24:03.986+0000] {serialized_dag.py:166} DEBUG - Checking if DAG (example_local_kubernetes_executor) changed
[2025-06-27T00:24:04.035+0000] {logging_mixin.py:188} INFO - [2025-06-27T00:24:04.035+0000] {serialized_dag.py:177} DEBUG - Serialized DAG (example_local_kubernetes_executor) is unchanged. Skipping writing to DB
[2025-06-27T00:24:04.037+0000] {logging_mixin.py:188} INFO - [2025-06-27T00:24:04.037+0000] {dag.py:3096} INFO - Sync 1 DAGs
[2025-06-27T00:24:04.062+0000] {logging_mixin.py:188} INFO - [2025-06-27T00:24:04.061+0000] {dag.py:3954} INFO - Setting next_dagrun for example_local_kubernetes_executor to None, run_after=None
[2025-06-27T00:24:04.099+0000] {processor.py:183} INFO - Processing /home/airflow/.local/lib/python3.10/site-packages/airflow/example_dags/example_local_kubernetes_executor.py took 0.173 seconds
[2025-06-27T00:24:35.035+0000] {logging_mixin.py:188} INFO - [2025-06-27T00:24:35.034+0000] {settings.py:250} DEBUG - Setting up DB connection pool (PID 13856)
[2025-06-27T00:24:35.037+0000] {logging_mixin.py:188} INFO - [2025-06-27T00:24:35.037+0000] {settings.py:330} DEBUG - settings.prepare_engine_args(): Using pool settings. pool_size=5, max_overflow=10, pool_recycle=1800, pid=13856
[2025-06-27T00:24:35.048+0000] {processor.py:161} INFO - Started process (PID=13856) to work on /home/airflow/.local/lib/python3.10/site-packages/airflow/example_dags/example_local_kubernetes_executor.py
[2025-06-27T00:24:35.050+0000] {processor.py:830} INFO - Processing file /home/airflow/.local/lib/python3.10/site-packages/airflow/example_dags/example_local_kubernetes_executor.py for tasks to queue
[2025-06-27T00:24:35.051+0000] {logging_mixin.py:188} INFO - [2025-06-27T00:24:35.051+0000] {dagbag.py:545} INFO - Filling up the DagBag from /home/airflow/.local/lib/python3.10/site-packages/airflow/example_dags/example_local_kubernetes_executor.py
[2025-06-27T00:24:35.054+0000] {logging_mixin.py:188} INFO - [2025-06-27T00:24:35.053+0000] {dagbag.py:337} DEBUG - Importing /home/airflow/.local/lib/python3.10/site-packages/airflow/example_dags/example_local_kubernetes_executor.py
[2025-06-27T00:24:35.068+0000] {logging_mixin.py:188} INFO - [2025-06-27T00:24:35.066+0000] {dagbag.py:511} DEBUG - Loaded DAG <DAG: example_local_kubernetes_executor>
[2025-06-27T00:24:35.069+0000] {processor.py:840} INFO - DAG(s) 'example_local_kubernetes_executor' retrieved from /home/airflow/.local/lib/python3.10/site-packages/airflow/example_dags/example_local_kubernetes_executor.py
[2025-06-27T00:24:35.071+0000] {logging_mixin.py:188} INFO - [2025-06-27T00:24:35.071+0000] {dagbag.py:667} DEBUG - Running dagbag.sync_to_db with retries. Try 1 of 3
[2025-06-27T00:24:35.072+0000] {logging_mixin.py:188} INFO - [2025-06-27T00:24:35.072+0000] {dagbag.py:672} DEBUG - Calling the DAG.bulk_sync_to_db method
[2025-06-27T00:24:35.099+0000] {logging_mixin.py:188} INFO - [2025-06-27T00:24:35.098+0000] {serialized_dag.py:166} DEBUG - Checking if DAG (example_local_kubernetes_executor) changed
[2025-06-27T00:24:35.148+0000] {logging_mixin.py:188} INFO - [2025-06-27T00:24:35.147+0000] {serialized_dag.py:177} DEBUG - Serialized DAG (example_local_kubernetes_executor) is unchanged. Skipping writing to DB
[2025-06-27T00:24:35.149+0000] {logging_mixin.py:188} INFO - [2025-06-27T00:24:35.149+0000] {dag.py:3096} INFO - Sync 1 DAGs
[2025-06-27T00:24:35.168+0000] {logging_mixin.py:188} INFO - [2025-06-27T00:24:35.167+0000] {dag.py:3954} INFO - Setting next_dagrun for example_local_kubernetes_executor to None, run_after=None
[2025-06-27T00:24:35.204+0000] {processor.py:183} INFO - Processing /home/airflow/.local/lib/python3.10/site-packages/airflow/example_dags/example_local_kubernetes_executor.py took 0.170 seconds
[2025-06-27T00:25:05.945+0000] {logging_mixin.py:188} INFO - [2025-06-27T00:25:05.944+0000] {settings.py:250} DEBUG - Setting up DB connection pool (PID 13917)
[2025-06-27T00:25:05.947+0000] {logging_mixin.py:188} INFO - [2025-06-27T00:25:05.947+0000] {settings.py:330} DEBUG - settings.prepare_engine_args(): Using pool settings. pool_size=5, max_overflow=10, pool_recycle=1800, pid=13917
[2025-06-27T00:25:05.957+0000] {processor.py:161} INFO - Started process (PID=13917) to work on /home/airflow/.local/lib/python3.10/site-packages/airflow/example_dags/example_local_kubernetes_executor.py
[2025-06-27T00:25:05.958+0000] {processor.py:830} INFO - Processing file /home/airflow/.local/lib/python3.10/site-packages/airflow/example_dags/example_local_kubernetes_executor.py for tasks to queue
[2025-06-27T00:25:05.959+0000] {logging_mixin.py:188} INFO - [2025-06-27T00:25:05.959+0000] {dagbag.py:545} INFO - Filling up the DagBag from /home/airflow/.local/lib/python3.10/site-packages/airflow/example_dags/example_local_kubernetes_executor.py
[2025-06-27T00:25:05.962+0000] {logging_mixin.py:188} INFO - [2025-06-27T00:25:05.962+0000] {dagbag.py:337} DEBUG - Importing /home/airflow/.local/lib/python3.10/site-packages/airflow/example_dags/example_local_kubernetes_executor.py
[2025-06-27T00:25:05.975+0000] {logging_mixin.py:188} INFO - [2025-06-27T00:25:05.973+0000] {dagbag.py:511} DEBUG - Loaded DAG <DAG: example_local_kubernetes_executor>
[2025-06-27T00:25:05.976+0000] {processor.py:840} INFO - DAG(s) 'example_local_kubernetes_executor' retrieved from /home/airflow/.local/lib/python3.10/site-packages/airflow/example_dags/example_local_kubernetes_executor.py
[2025-06-27T00:25:05.978+0000] {logging_mixin.py:188} INFO - [2025-06-27T00:25:05.978+0000] {dagbag.py:667} DEBUG - Running dagbag.sync_to_db with retries. Try 1 of 3
[2025-06-27T00:25:05.979+0000] {logging_mixin.py:188} INFO - [2025-06-27T00:25:05.978+0000] {dagbag.py:672} DEBUG - Calling the DAG.bulk_sync_to_db method
[2025-06-27T00:25:05.998+0000] {logging_mixin.py:188} INFO - [2025-06-27T00:25:05.998+0000] {serialized_dag.py:166} DEBUG - Checking if DAG (example_local_kubernetes_executor) changed
[2025-06-27T00:25:06.039+0000] {logging_mixin.py:188} INFO - [2025-06-27T00:25:06.039+0000] {serialized_dag.py:177} DEBUG - Serialized DAG (example_local_kubernetes_executor) is unchanged. Skipping writing to DB
[2025-06-27T00:25:06.040+0000] {logging_mixin.py:188} INFO - [2025-06-27T00:25:06.040+0000] {dag.py:3096} INFO - Sync 1 DAGs
[2025-06-27T00:25:06.057+0000] {logging_mixin.py:188} INFO - [2025-06-27T00:25:06.057+0000] {dag.py:3954} INFO - Setting next_dagrun for example_local_kubernetes_executor to None, run_after=None
[2025-06-27T00:25:06.088+0000] {processor.py:183} INFO - Processing /home/airflow/.local/lib/python3.10/site-packages/airflow/example_dags/example_local_kubernetes_executor.py took 0.144 seconds
[2025-06-27T00:25:36.595+0000] {logging_mixin.py:188} INFO - [2025-06-27T00:25:36.593+0000] {settings.py:250} DEBUG - Setting up DB connection pool (PID 13980)
[2025-06-27T00:25:36.597+0000] {logging_mixin.py:188} INFO - [2025-06-27T00:25:36.596+0000] {settings.py:330} DEBUG - settings.prepare_engine_args(): Using pool settings. pool_size=5, max_overflow=10, pool_recycle=1800, pid=13980
[2025-06-27T00:25:36.611+0000] {processor.py:161} INFO - Started process (PID=13980) to work on /home/airflow/.local/lib/python3.10/site-packages/airflow/example_dags/example_local_kubernetes_executor.py
[2025-06-27T00:25:36.622+0000] {processor.py:830} INFO - Processing file /home/airflow/.local/lib/python3.10/site-packages/airflow/example_dags/example_local_kubernetes_executor.py for tasks to queue
[2025-06-27T00:25:36.624+0000] {logging_mixin.py:188} INFO - [2025-06-27T00:25:36.623+0000] {dagbag.py:545} INFO - Filling up the DagBag from /home/airflow/.local/lib/python3.10/site-packages/airflow/example_dags/example_local_kubernetes_executor.py
[2025-06-27T00:25:36.629+0000] {logging_mixin.py:188} INFO - [2025-06-27T00:25:36.628+0000] {dagbag.py:337} DEBUG - Importing /home/airflow/.local/lib/python3.10/site-packages/airflow/example_dags/example_local_kubernetes_executor.py
[2025-06-27T00:25:36.644+0000] {logging_mixin.py:188} INFO - [2025-06-27T00:25:36.642+0000] {dagbag.py:511} DEBUG - Loaded DAG <DAG: example_local_kubernetes_executor>
[2025-06-27T00:25:36.645+0000] {processor.py:840} INFO - DAG(s) 'example_local_kubernetes_executor' retrieved from /home/airflow/.local/lib/python3.10/site-packages/airflow/example_dags/example_local_kubernetes_executor.py
[2025-06-27T00:25:36.648+0000] {logging_mixin.py:188} INFO - [2025-06-27T00:25:36.648+0000] {dagbag.py:667} DEBUG - Running dagbag.sync_to_db with retries. Try 1 of 3
[2025-06-27T00:25:36.649+0000] {logging_mixin.py:188} INFO - [2025-06-27T00:25:36.649+0000] {dagbag.py:672} DEBUG - Calling the DAG.bulk_sync_to_db method
[2025-06-27T00:25:36.676+0000] {logging_mixin.py:188} INFO - [2025-06-27T00:25:36.675+0000] {serialized_dag.py:166} DEBUG - Checking if DAG (example_local_kubernetes_executor) changed
[2025-06-27T00:25:36.718+0000] {logging_mixin.py:188} INFO - [2025-06-27T00:25:36.718+0000] {serialized_dag.py:177} DEBUG - Serialized DAG (example_local_kubernetes_executor) is unchanged. Skipping writing to DB
[2025-06-27T00:25:36.720+0000] {logging_mixin.py:188} INFO - [2025-06-27T00:25:36.719+0000] {dag.py:3096} INFO - Sync 1 DAGs
[2025-06-27T00:25:36.741+0000] {logging_mixin.py:188} INFO - [2025-06-27T00:25:36.741+0000] {dag.py:3954} INFO - Setting next_dagrun for example_local_kubernetes_executor to None, run_after=None
[2025-06-27T00:25:36.774+0000] {processor.py:183} INFO - Processing /home/airflow/.local/lib/python3.10/site-packages/airflow/example_dags/example_local_kubernetes_executor.py took 0.180 seconds
[2025-06-27T00:26:07.797+0000] {logging_mixin.py:188} INFO - [2025-06-27T00:26:07.795+0000] {settings.py:250} DEBUG - Setting up DB connection pool (PID 14045)
[2025-06-27T00:26:07.799+0000] {logging_mixin.py:188} INFO - [2025-06-27T00:26:07.798+0000] {settings.py:330} DEBUG - settings.prepare_engine_args(): Using pool settings. pool_size=5, max_overflow=10, pool_recycle=1800, pid=14045
[2025-06-27T00:26:07.810+0000] {processor.py:161} INFO - Started process (PID=14045) to work on /home/airflow/.local/lib/python3.10/site-packages/airflow/example_dags/example_local_kubernetes_executor.py
[2025-06-27T00:26:07.812+0000] {processor.py:830} INFO - Processing file /home/airflow/.local/lib/python3.10/site-packages/airflow/example_dags/example_local_kubernetes_executor.py for tasks to queue
[2025-06-27T00:26:07.813+0000] {logging_mixin.py:188} INFO - [2025-06-27T00:26:07.813+0000] {dagbag.py:545} INFO - Filling up the DagBag from /home/airflow/.local/lib/python3.10/site-packages/airflow/example_dags/example_local_kubernetes_executor.py
[2025-06-27T00:26:07.816+0000] {logging_mixin.py:188} INFO - [2025-06-27T00:26:07.816+0000] {dagbag.py:337} DEBUG - Importing /home/airflow/.local/lib/python3.10/site-packages/airflow/example_dags/example_local_kubernetes_executor.py
[2025-06-27T00:26:07.832+0000] {logging_mixin.py:188} INFO - [2025-06-27T00:26:07.829+0000] {dagbag.py:511} DEBUG - Loaded DAG <DAG: example_local_kubernetes_executor>
[2025-06-27T00:26:07.833+0000] {processor.py:840} INFO - DAG(s) 'example_local_kubernetes_executor' retrieved from /home/airflow/.local/lib/python3.10/site-packages/airflow/example_dags/example_local_kubernetes_executor.py
[2025-06-27T00:26:07.835+0000] {logging_mixin.py:188} INFO - [2025-06-27T00:26:07.835+0000] {dagbag.py:667} DEBUG - Running dagbag.sync_to_db with retries. Try 1 of 3
[2025-06-27T00:26:07.836+0000] {logging_mixin.py:188} INFO - [2025-06-27T00:26:07.836+0000] {dagbag.py:672} DEBUG - Calling the DAG.bulk_sync_to_db method
[2025-06-27T00:26:07.854+0000] {logging_mixin.py:188} INFO - [2025-06-27T00:26:07.854+0000] {serialized_dag.py:166} DEBUG - Checking if DAG (example_local_kubernetes_executor) changed
[2025-06-27T00:26:07.888+0000] {logging_mixin.py:188} INFO - [2025-06-27T00:26:07.888+0000] {serialized_dag.py:177} DEBUG - Serialized DAG (example_local_kubernetes_executor) is unchanged. Skipping writing to DB
[2025-06-27T00:26:07.890+0000] {logging_mixin.py:188} INFO - [2025-06-27T00:26:07.889+0000] {dag.py:3096} INFO - Sync 1 DAGs
[2025-06-27T00:26:07.905+0000] {logging_mixin.py:188} INFO - [2025-06-27T00:26:07.905+0000] {dag.py:3954} INFO - Setting next_dagrun for example_local_kubernetes_executor to None, run_after=None
[2025-06-27T00:26:07.934+0000] {processor.py:183} INFO - Processing /home/airflow/.local/lib/python3.10/site-packages/airflow/example_dags/example_local_kubernetes_executor.py took 0.138 seconds
[2025-06-27T00:26:38.568+0000] {logging_mixin.py:188} INFO - [2025-06-27T00:26:38.567+0000] {settings.py:250} DEBUG - Setting up DB connection pool (PID 14109)
[2025-06-27T00:26:38.570+0000] {logging_mixin.py:188} INFO - [2025-06-27T00:26:38.570+0000] {settings.py:330} DEBUG - settings.prepare_engine_args(): Using pool settings. pool_size=5, max_overflow=10, pool_recycle=1800, pid=14109
[2025-06-27T00:26:38.581+0000] {processor.py:161} INFO - Started process (PID=14109) to work on /home/airflow/.local/lib/python3.10/site-packages/airflow/example_dags/example_local_kubernetes_executor.py
[2025-06-27T00:26:38.582+0000] {processor.py:830} INFO - Processing file /home/airflow/.local/lib/python3.10/site-packages/airflow/example_dags/example_local_kubernetes_executor.py for tasks to queue
[2025-06-27T00:26:38.584+0000] {logging_mixin.py:188} INFO - [2025-06-27T00:26:38.583+0000] {dagbag.py:545} INFO - Filling up the DagBag from /home/airflow/.local/lib/python3.10/site-packages/airflow/example_dags/example_local_kubernetes_executor.py
[2025-06-27T00:26:38.586+0000] {logging_mixin.py:188} INFO - [2025-06-27T00:26:38.586+0000] {dagbag.py:337} DEBUG - Importing /home/airflow/.local/lib/python3.10/site-packages/airflow/example_dags/example_local_kubernetes_executor.py
[2025-06-27T00:26:38.599+0000] {logging_mixin.py:188} INFO - [2025-06-27T00:26:38.598+0000] {dagbag.py:511} DEBUG - Loaded DAG <DAG: example_local_kubernetes_executor>
[2025-06-27T00:26:38.601+0000] {processor.py:840} INFO - DAG(s) 'example_local_kubernetes_executor' retrieved from /home/airflow/.local/lib/python3.10/site-packages/airflow/example_dags/example_local_kubernetes_executor.py
[2025-06-27T00:26:38.603+0000] {logging_mixin.py:188} INFO - [2025-06-27T00:26:38.603+0000] {dagbag.py:667} DEBUG - Running dagbag.sync_to_db with retries. Try 1 of 3
[2025-06-27T00:26:38.604+0000] {logging_mixin.py:188} INFO - [2025-06-27T00:26:38.604+0000] {dagbag.py:672} DEBUG - Calling the DAG.bulk_sync_to_db method
[2025-06-27T00:26:38.630+0000] {logging_mixin.py:188} INFO - [2025-06-27T00:26:38.629+0000] {serialized_dag.py:166} DEBUG - Checking if DAG (example_local_kubernetes_executor) changed
[2025-06-27T00:26:38.665+0000] {logging_mixin.py:188} INFO - [2025-06-27T00:26:38.664+0000] {serialized_dag.py:177} DEBUG - Serialized DAG (example_local_kubernetes_executor) is unchanged. Skipping writing to DB
[2025-06-27T00:26:38.666+0000] {logging_mixin.py:188} INFO - [2025-06-27T00:26:38.666+0000] {dag.py:3096} INFO - Sync 1 DAGs
[2025-06-27T00:26:38.682+0000] {logging_mixin.py:188} INFO - [2025-06-27T00:26:38.682+0000] {dag.py:3954} INFO - Setting next_dagrun for example_local_kubernetes_executor to None, run_after=None
[2025-06-27T00:26:38.707+0000] {processor.py:183} INFO - Processing /home/airflow/.local/lib/python3.10/site-packages/airflow/example_dags/example_local_kubernetes_executor.py took 0.140 seconds
[2025-06-27T00:27:08.887+0000] {logging_mixin.py:188} INFO - [2025-06-27T00:27:08.886+0000] {settings.py:250} DEBUG - Setting up DB connection pool (PID 14172)
[2025-06-27T00:27:08.889+0000] {logging_mixin.py:188} INFO - [2025-06-27T00:27:08.889+0000] {settings.py:330} DEBUG - settings.prepare_engine_args(): Using pool settings. pool_size=5, max_overflow=10, pool_recycle=1800, pid=14172
[2025-06-27T00:27:08.898+0000] {processor.py:161} INFO - Started process (PID=14172) to work on /home/airflow/.local/lib/python3.10/site-packages/airflow/example_dags/example_local_kubernetes_executor.py
[2025-06-27T00:27:08.900+0000] {processor.py:830} INFO - Processing file /home/airflow/.local/lib/python3.10/site-packages/airflow/example_dags/example_local_kubernetes_executor.py for tasks to queue
[2025-06-27T00:27:08.901+0000] {logging_mixin.py:188} INFO - [2025-06-27T00:27:08.901+0000] {dagbag.py:545} INFO - Filling up the DagBag from /home/airflow/.local/lib/python3.10/site-packages/airflow/example_dags/example_local_kubernetes_executor.py
[2025-06-27T00:27:08.904+0000] {logging_mixin.py:188} INFO - [2025-06-27T00:27:08.904+0000] {dagbag.py:337} DEBUG - Importing /home/airflow/.local/lib/python3.10/site-packages/airflow/example_dags/example_local_kubernetes_executor.py
[2025-06-27T00:27:08.917+0000] {logging_mixin.py:188} INFO - [2025-06-27T00:27:08.916+0000] {dagbag.py:511} DEBUG - Loaded DAG <DAG: example_local_kubernetes_executor>
[2025-06-27T00:27:08.918+0000] {processor.py:840} INFO - DAG(s) 'example_local_kubernetes_executor' retrieved from /home/airflow/.local/lib/python3.10/site-packages/airflow/example_dags/example_local_kubernetes_executor.py
[2025-06-27T00:27:08.920+0000] {logging_mixin.py:188} INFO - [2025-06-27T00:27:08.920+0000] {dagbag.py:667} DEBUG - Running dagbag.sync_to_db with retries. Try 1 of 3
[2025-06-27T00:27:08.921+0000] {logging_mixin.py:188} INFO - [2025-06-27T00:27:08.920+0000] {dagbag.py:672} DEBUG - Calling the DAG.bulk_sync_to_db method
[2025-06-27T00:27:08.941+0000] {logging_mixin.py:188} INFO - [2025-06-27T00:27:08.941+0000] {serialized_dag.py:166} DEBUG - Checking if DAG (example_local_kubernetes_executor) changed
[2025-06-27T00:27:08.981+0000] {logging_mixin.py:188} INFO - [2025-06-27T00:27:08.980+0000] {serialized_dag.py:177} DEBUG - Serialized DAG (example_local_kubernetes_executor) is unchanged. Skipping writing to DB
[2025-06-27T00:27:08.982+0000] {logging_mixin.py:188} INFO - [2025-06-27T00:27:08.982+0000] {dag.py:3096} INFO - Sync 1 DAGs
[2025-06-27T00:27:09.000+0000] {logging_mixin.py:188} INFO - [2025-06-27T00:27:08.999+0000] {dag.py:3954} INFO - Setting next_dagrun for example_local_kubernetes_executor to None, run_after=None
[2025-06-27T00:27:09.039+0000] {processor.py:183} INFO - Processing /home/airflow/.local/lib/python3.10/site-packages/airflow/example_dags/example_local_kubernetes_executor.py took 0.153 seconds
[2025-06-27T00:27:39.520+0000] {logging_mixin.py:188} INFO - [2025-06-27T00:27:39.518+0000] {settings.py:250} DEBUG - Setting up DB connection pool (PID 14235)
[2025-06-27T00:27:39.522+0000] {logging_mixin.py:188} INFO - [2025-06-27T00:27:39.522+0000] {settings.py:330} DEBUG - settings.prepare_engine_args(): Using pool settings. pool_size=5, max_overflow=10, pool_recycle=1800, pid=14235
[2025-06-27T00:27:39.536+0000] {processor.py:161} INFO - Started process (PID=14235) to work on /home/airflow/.local/lib/python3.10/site-packages/airflow/example_dags/example_local_kubernetes_executor.py
[2025-06-27T00:27:39.538+0000] {processor.py:830} INFO - Processing file /home/airflow/.local/lib/python3.10/site-packages/airflow/example_dags/example_local_kubernetes_executor.py for tasks to queue
[2025-06-27T00:27:39.539+0000] {logging_mixin.py:188} INFO - [2025-06-27T00:27:39.539+0000] {dagbag.py:545} INFO - Filling up the DagBag from /home/airflow/.local/lib/python3.10/site-packages/airflow/example_dags/example_local_kubernetes_executor.py
[2025-06-27T00:27:39.541+0000] {logging_mixin.py:188} INFO - [2025-06-27T00:27:39.541+0000] {dagbag.py:337} DEBUG - Importing /home/airflow/.local/lib/python3.10/site-packages/airflow/example_dags/example_local_kubernetes_executor.py
[2025-06-27T00:27:39.558+0000] {logging_mixin.py:188} INFO - [2025-06-27T00:27:39.556+0000] {dagbag.py:511} DEBUG - Loaded DAG <DAG: example_local_kubernetes_executor>
[2025-06-27T00:27:39.559+0000] {processor.py:840} INFO - DAG(s) 'example_local_kubernetes_executor' retrieved from /home/airflow/.local/lib/python3.10/site-packages/airflow/example_dags/example_local_kubernetes_executor.py
[2025-06-27T00:27:39.563+0000] {logging_mixin.py:188} INFO - [2025-06-27T00:27:39.562+0000] {dagbag.py:667} DEBUG - Running dagbag.sync_to_db with retries. Try 1 of 3
[2025-06-27T00:27:39.564+0000] {logging_mixin.py:188} INFO - [2025-06-27T00:27:39.563+0000] {dagbag.py:672} DEBUG - Calling the DAG.bulk_sync_to_db method
[2025-06-27T00:27:39.591+0000] {logging_mixin.py:188} INFO - [2025-06-27T00:27:39.591+0000] {serialized_dag.py:166} DEBUG - Checking if DAG (example_local_kubernetes_executor) changed
[2025-06-27T00:27:39.651+0000] {logging_mixin.py:188} INFO - [2025-06-27T00:27:39.650+0000] {serialized_dag.py:177} DEBUG - Serialized DAG (example_local_kubernetes_executor) is unchanged. Skipping writing to DB
[2025-06-27T00:27:39.652+0000] {logging_mixin.py:188} INFO - [2025-06-27T00:27:39.652+0000] {dag.py:3096} INFO - Sync 1 DAGs
[2025-06-27T00:27:39.672+0000] {logging_mixin.py:188} INFO - [2025-06-27T00:27:39.672+0000] {dag.py:3954} INFO - Setting next_dagrun for example_local_kubernetes_executor to None, run_after=None
[2025-06-27T00:27:39.709+0000] {processor.py:183} INFO - Processing /home/airflow/.local/lib/python3.10/site-packages/airflow/example_dags/example_local_kubernetes_executor.py took 0.191 seconds
[2025-06-27T00:28:09.868+0000] {logging_mixin.py:188} INFO - [2025-06-27T00:28:09.867+0000] {settings.py:250} DEBUG - Setting up DB connection pool (PID 14298)
[2025-06-27T00:28:09.870+0000] {logging_mixin.py:188} INFO - [2025-06-27T00:28:09.870+0000] {settings.py:330} DEBUG - settings.prepare_engine_args(): Using pool settings. pool_size=5, max_overflow=10, pool_recycle=1800, pid=14298
[2025-06-27T00:28:09.880+0000] {processor.py:161} INFO - Started process (PID=14298) to work on /home/airflow/.local/lib/python3.10/site-packages/airflow/example_dags/example_local_kubernetes_executor.py
[2025-06-27T00:28:09.881+0000] {processor.py:830} INFO - Processing file /home/airflow/.local/lib/python3.10/site-packages/airflow/example_dags/example_local_kubernetes_executor.py for tasks to queue
[2025-06-27T00:28:09.883+0000] {logging_mixin.py:188} INFO - [2025-06-27T00:28:09.882+0000] {dagbag.py:545} INFO - Filling up the DagBag from /home/airflow/.local/lib/python3.10/site-packages/airflow/example_dags/example_local_kubernetes_executor.py
[2025-06-27T00:28:09.885+0000] {logging_mixin.py:188} INFO - [2025-06-27T00:28:09.884+0000] {dagbag.py:337} DEBUG - Importing /home/airflow/.local/lib/python3.10/site-packages/airflow/example_dags/example_local_kubernetes_executor.py
[2025-06-27T00:28:09.897+0000] {logging_mixin.py:188} INFO - [2025-06-27T00:28:09.895+0000] {dagbag.py:511} DEBUG - Loaded DAG <DAG: example_local_kubernetes_executor>
[2025-06-27T00:28:09.897+0000] {processor.py:840} INFO - DAG(s) 'example_local_kubernetes_executor' retrieved from /home/airflow/.local/lib/python3.10/site-packages/airflow/example_dags/example_local_kubernetes_executor.py
[2025-06-27T00:28:09.899+0000] {logging_mixin.py:188} INFO - [2025-06-27T00:28:09.899+0000] {dagbag.py:667} DEBUG - Running dagbag.sync_to_db with retries. Try 1 of 3
[2025-06-27T00:28:09.900+0000] {logging_mixin.py:188} INFO - [2025-06-27T00:28:09.900+0000] {dagbag.py:672} DEBUG - Calling the DAG.bulk_sync_to_db method
[2025-06-27T00:28:09.919+0000] {logging_mixin.py:188} INFO - [2025-06-27T00:28:09.919+0000] {serialized_dag.py:166} DEBUG - Checking if DAG (example_local_kubernetes_executor) changed
[2025-06-27T00:28:09.953+0000] {logging_mixin.py:188} INFO - [2025-06-27T00:28:09.953+0000] {serialized_dag.py:177} DEBUG - Serialized DAG (example_local_kubernetes_executor) is unchanged. Skipping writing to DB
[2025-06-27T00:28:09.954+0000] {logging_mixin.py:188} INFO - [2025-06-27T00:28:09.954+0000] {dag.py:3096} INFO - Sync 1 DAGs
[2025-06-27T00:28:09.969+0000] {logging_mixin.py:188} INFO - [2025-06-27T00:28:09.969+0000] {dag.py:3954} INFO - Setting next_dagrun for example_local_kubernetes_executor to None, run_after=None
[2025-06-27T00:28:09.998+0000] {processor.py:183} INFO - Processing /home/airflow/.local/lib/python3.10/site-packages/airflow/example_dags/example_local_kubernetes_executor.py took 0.132 seconds
[2025-06-27T00:28:40.243+0000] {logging_mixin.py:188} INFO - [2025-06-27T00:28:40.242+0000] {settings.py:250} DEBUG - Setting up DB connection pool (PID 14361)
[2025-06-27T00:28:40.246+0000] {logging_mixin.py:188} INFO - [2025-06-27T00:28:40.245+0000] {settings.py:330} DEBUG - settings.prepare_engine_args(): Using pool settings. pool_size=5, max_overflow=10, pool_recycle=1800, pid=14361
[2025-06-27T00:28:40.259+0000] {processor.py:161} INFO - Started process (PID=14361) to work on /home/airflow/.local/lib/python3.10/site-packages/airflow/example_dags/example_local_kubernetes_executor.py
[2025-06-27T00:28:40.260+0000] {processor.py:830} INFO - Processing file /home/airflow/.local/lib/python3.10/site-packages/airflow/example_dags/example_local_kubernetes_executor.py for tasks to queue
[2025-06-27T00:28:40.262+0000] {logging_mixin.py:188} INFO - [2025-06-27T00:28:40.261+0000] {dagbag.py:545} INFO - Filling up the DagBag from /home/airflow/.local/lib/python3.10/site-packages/airflow/example_dags/example_local_kubernetes_executor.py
[2025-06-27T00:28:40.265+0000] {logging_mixin.py:188} INFO - [2025-06-27T00:28:40.264+0000] {dagbag.py:337} DEBUG - Importing /home/airflow/.local/lib/python3.10/site-packages/airflow/example_dags/example_local_kubernetes_executor.py
[2025-06-27T00:28:40.281+0000] {logging_mixin.py:188} INFO - [2025-06-27T00:28:40.279+0000] {dagbag.py:511} DEBUG - Loaded DAG <DAG: example_local_kubernetes_executor>
[2025-06-27T00:28:40.282+0000] {processor.py:840} INFO - DAG(s) 'example_local_kubernetes_executor' retrieved from /home/airflow/.local/lib/python3.10/site-packages/airflow/example_dags/example_local_kubernetes_executor.py
[2025-06-27T00:28:40.285+0000] {logging_mixin.py:188} INFO - [2025-06-27T00:28:40.285+0000] {dagbag.py:667} DEBUG - Running dagbag.sync_to_db with retries. Try 1 of 3
[2025-06-27T00:28:40.286+0000] {logging_mixin.py:188} INFO - [2025-06-27T00:28:40.286+0000] {dagbag.py:672} DEBUG - Calling the DAG.bulk_sync_to_db method
[2025-06-27T00:28:40.310+0000] {logging_mixin.py:188} INFO - [2025-06-27T00:28:40.309+0000] {serialized_dag.py:166} DEBUG - Checking if DAG (example_local_kubernetes_executor) changed
[2025-06-27T00:28:40.349+0000] {logging_mixin.py:188} INFO - [2025-06-27T00:28:40.348+0000] {serialized_dag.py:177} DEBUG - Serialized DAG (example_local_kubernetes_executor) is unchanged. Skipping writing to DB
[2025-06-27T00:28:40.350+0000] {logging_mixin.py:188} INFO - [2025-06-27T00:28:40.350+0000] {dag.py:3096} INFO - Sync 1 DAGs
[2025-06-27T00:28:40.367+0000] {logging_mixin.py:188} INFO - [2025-06-27T00:28:40.366+0000] {dag.py:3954} INFO - Setting next_dagrun for example_local_kubernetes_executor to None, run_after=None
[2025-06-27T00:28:40.396+0000] {processor.py:183} INFO - Processing /home/airflow/.local/lib/python3.10/site-packages/airflow/example_dags/example_local_kubernetes_executor.py took 0.154 seconds
[2025-06-27T00:29:12.067+0000] {logging_mixin.py:188} INFO - [2025-06-27T00:29:12.066+0000] {settings.py:250} DEBUG - Setting up DB connection pool (PID 14424)
[2025-06-27T00:29:12.069+0000] {logging_mixin.py:188} INFO - [2025-06-27T00:29:12.069+0000] {settings.py:330} DEBUG - settings.prepare_engine_args(): Using pool settings. pool_size=5, max_overflow=10, pool_recycle=1800, pid=14424
[2025-06-27T00:29:12.083+0000] {processor.py:161} INFO - Started process (PID=14424) to work on /home/airflow/.local/lib/python3.10/site-packages/airflow/example_dags/example_local_kubernetes_executor.py
[2025-06-27T00:29:12.085+0000] {processor.py:830} INFO - Processing file /home/airflow/.local/lib/python3.10/site-packages/airflow/example_dags/example_local_kubernetes_executor.py for tasks to queue
[2025-06-27T00:29:12.087+0000] {logging_mixin.py:188} INFO - [2025-06-27T00:29:12.086+0000] {dagbag.py:545} INFO - Filling up the DagBag from /home/airflow/.local/lib/python3.10/site-packages/airflow/example_dags/example_local_kubernetes_executor.py
[2025-06-27T00:29:12.090+0000] {logging_mixin.py:188} INFO - [2025-06-27T00:29:12.090+0000] {dagbag.py:337} DEBUG - Importing /home/airflow/.local/lib/python3.10/site-packages/airflow/example_dags/example_local_kubernetes_executor.py
[2025-06-27T00:29:12.105+0000] {logging_mixin.py:188} INFO - [2025-06-27T00:29:12.103+0000] {dagbag.py:511} DEBUG - Loaded DAG <DAG: example_local_kubernetes_executor>
[2025-06-27T00:29:12.106+0000] {processor.py:840} INFO - DAG(s) 'example_local_kubernetes_executor' retrieved from /home/airflow/.local/lib/python3.10/site-packages/airflow/example_dags/example_local_kubernetes_executor.py
[2025-06-27T00:29:12.108+0000] {logging_mixin.py:188} INFO - [2025-06-27T00:29:12.108+0000] {dagbag.py:667} DEBUG - Running dagbag.sync_to_db with retries. Try 1 of 3
[2025-06-27T00:29:12.109+0000] {logging_mixin.py:188} INFO - [2025-06-27T00:29:12.109+0000] {dagbag.py:672} DEBUG - Calling the DAG.bulk_sync_to_db method
[2025-06-27T00:29:12.133+0000] {logging_mixin.py:188} INFO - [2025-06-27T00:29:12.133+0000] {serialized_dag.py:166} DEBUG - Checking if DAG (example_local_kubernetes_executor) changed
[2025-06-27T00:29:12.182+0000] {logging_mixin.py:188} INFO - [2025-06-27T00:29:12.181+0000] {serialized_dag.py:177} DEBUG - Serialized DAG (example_local_kubernetes_executor) is unchanged. Skipping writing to DB
[2025-06-27T00:29:12.183+0000] {logging_mixin.py:188} INFO - [2025-06-27T00:29:12.183+0000] {dag.py:3096} INFO - Sync 1 DAGs
[2025-06-27T00:29:12.204+0000] {logging_mixin.py:188} INFO - [2025-06-27T00:29:12.204+0000] {dag.py:3954} INFO - Setting next_dagrun for example_local_kubernetes_executor to None, run_after=None
[2025-06-27T00:29:12.239+0000] {processor.py:183} INFO - Processing /home/airflow/.local/lib/python3.10/site-packages/airflow/example_dags/example_local_kubernetes_executor.py took 0.173 seconds
[2025-06-27T00:29:42.389+0000] {logging_mixin.py:188} INFO - [2025-06-27T00:29:42.387+0000] {settings.py:250} DEBUG - Setting up DB connection pool (PID 14485)
[2025-06-27T00:29:42.391+0000] {logging_mixin.py:188} INFO - [2025-06-27T00:29:42.390+0000] {settings.py:330} DEBUG - settings.prepare_engine_args(): Using pool settings. pool_size=5, max_overflow=10, pool_recycle=1800, pid=14485
[2025-06-27T00:29:42.405+0000] {processor.py:161} INFO - Started process (PID=14485) to work on /home/airflow/.local/lib/python3.10/site-packages/airflow/example_dags/example_local_kubernetes_executor.py
[2025-06-27T00:29:42.407+0000] {processor.py:830} INFO - Processing file /home/airflow/.local/lib/python3.10/site-packages/airflow/example_dags/example_local_kubernetes_executor.py for tasks to queue
[2025-06-27T00:29:42.410+0000] {logging_mixin.py:188} INFO - [2025-06-27T00:29:42.409+0000] {dagbag.py:545} INFO - Filling up the DagBag from /home/airflow/.local/lib/python3.10/site-packages/airflow/example_dags/example_local_kubernetes_executor.py
[2025-06-27T00:29:42.414+0000] {logging_mixin.py:188} INFO - [2025-06-27T00:29:42.413+0000] {dagbag.py:337} DEBUG - Importing /home/airflow/.local/lib/python3.10/site-packages/airflow/example_dags/example_local_kubernetes_executor.py
[2025-06-27T00:29:42.436+0000] {logging_mixin.py:188} INFO - [2025-06-27T00:29:42.433+0000] {dagbag.py:511} DEBUG - Loaded DAG <DAG: example_local_kubernetes_executor>
[2025-06-27T00:29:42.438+0000] {processor.py:840} INFO - DAG(s) 'example_local_kubernetes_executor' retrieved from /home/airflow/.local/lib/python3.10/site-packages/airflow/example_dags/example_local_kubernetes_executor.py
[2025-06-27T00:29:42.443+0000] {logging_mixin.py:188} INFO - [2025-06-27T00:29:42.442+0000] {dagbag.py:667} DEBUG - Running dagbag.sync_to_db with retries. Try 1 of 3
[2025-06-27T00:29:42.444+0000] {logging_mixin.py:188} INFO - [2025-06-27T00:29:42.443+0000] {dagbag.py:672} DEBUG - Calling the DAG.bulk_sync_to_db method
[2025-06-27T00:29:42.471+0000] {logging_mixin.py:188} INFO - [2025-06-27T00:29:42.471+0000] {serialized_dag.py:166} DEBUG - Checking if DAG (example_local_kubernetes_executor) changed
[2025-06-27T00:29:42.529+0000] {logging_mixin.py:188} INFO - [2025-06-27T00:29:42.528+0000] {serialized_dag.py:177} DEBUG - Serialized DAG (example_local_kubernetes_executor) is unchanged. Skipping writing to DB
[2025-06-27T00:29:42.530+0000] {logging_mixin.py:188} INFO - [2025-06-27T00:29:42.529+0000] {dag.py:3096} INFO - Sync 1 DAGs
[2025-06-27T00:29:42.557+0000] {logging_mixin.py:188} INFO - [2025-06-27T00:29:42.556+0000] {dag.py:3954} INFO - Setting next_dagrun for example_local_kubernetes_executor to None, run_after=None
[2025-06-27T00:29:42.595+0000] {processor.py:183} INFO - Processing /home/airflow/.local/lib/python3.10/site-packages/airflow/example_dags/example_local_kubernetes_executor.py took 0.207 seconds
[2025-06-27T00:30:12.819+0000] {logging_mixin.py:188} INFO - [2025-06-27T00:30:12.818+0000] {settings.py:250} DEBUG - Setting up DB connection pool (PID 14550)
[2025-06-27T00:30:12.821+0000] {logging_mixin.py:188} INFO - [2025-06-27T00:30:12.820+0000] {settings.py:330} DEBUG - settings.prepare_engine_args(): Using pool settings. pool_size=5, max_overflow=10, pool_recycle=1800, pid=14550
[2025-06-27T00:30:12.837+0000] {processor.py:161} INFO - Started process (PID=14550) to work on /home/airflow/.local/lib/python3.10/site-packages/airflow/example_dags/example_local_kubernetes_executor.py
[2025-06-27T00:30:12.838+0000] {processor.py:830} INFO - Processing file /home/airflow/.local/lib/python3.10/site-packages/airflow/example_dags/example_local_kubernetes_executor.py for tasks to queue
[2025-06-27T00:30:12.840+0000] {logging_mixin.py:188} INFO - [2025-06-27T00:30:12.839+0000] {dagbag.py:545} INFO - Filling up the DagBag from /home/airflow/.local/lib/python3.10/site-packages/airflow/example_dags/example_local_kubernetes_executor.py
[2025-06-27T00:30:12.843+0000] {logging_mixin.py:188} INFO - [2025-06-27T00:30:12.842+0000] {dagbag.py:337} DEBUG - Importing /home/airflow/.local/lib/python3.10/site-packages/airflow/example_dags/example_local_kubernetes_executor.py
[2025-06-27T00:30:12.859+0000] {logging_mixin.py:188} INFO - [2025-06-27T00:30:12.857+0000] {dagbag.py:511} DEBUG - Loaded DAG <DAG: example_local_kubernetes_executor>
[2025-06-27T00:30:12.860+0000] {processor.py:840} INFO - DAG(s) 'example_local_kubernetes_executor' retrieved from /home/airflow/.local/lib/python3.10/site-packages/airflow/example_dags/example_local_kubernetes_executor.py
[2025-06-27T00:30:12.862+0000] {logging_mixin.py:188} INFO - [2025-06-27T00:30:12.862+0000] {dagbag.py:667} DEBUG - Running dagbag.sync_to_db with retries. Try 1 of 3
[2025-06-27T00:30:12.863+0000] {logging_mixin.py:188} INFO - [2025-06-27T00:30:12.863+0000] {dagbag.py:672} DEBUG - Calling the DAG.bulk_sync_to_db method
[2025-06-27T00:30:12.898+0000] {logging_mixin.py:188} INFO - [2025-06-27T00:30:12.898+0000] {serialized_dag.py:166} DEBUG - Checking if DAG (example_local_kubernetes_executor) changed
[2025-06-27T00:30:12.959+0000] {logging_mixin.py:188} INFO - [2025-06-27T00:30:12.959+0000] {serialized_dag.py:177} DEBUG - Serialized DAG (example_local_kubernetes_executor) is unchanged. Skipping writing to DB
[2025-06-27T00:30:12.960+0000] {logging_mixin.py:188} INFO - [2025-06-27T00:30:12.960+0000] {dag.py:3096} INFO - Sync 1 DAGs
[2025-06-27T00:30:12.989+0000] {logging_mixin.py:188} INFO - [2025-06-27T00:30:12.988+0000] {dag.py:3954} INFO - Setting next_dagrun for example_local_kubernetes_executor to None, run_after=None
[2025-06-27T00:30:13.040+0000] {processor.py:183} INFO - Processing /home/airflow/.local/lib/python3.10/site-packages/airflow/example_dags/example_local_kubernetes_executor.py took 0.222 seconds
[2025-06-27T00:30:43.562+0000] {logging_mixin.py:188} INFO - [2025-06-27T00:30:43.561+0000] {settings.py:250} DEBUG - Setting up DB connection pool (PID 14617)
[2025-06-27T00:30:43.565+0000] {logging_mixin.py:188} INFO - [2025-06-27T00:30:43.564+0000] {settings.py:330} DEBUG - settings.prepare_engine_args(): Using pool settings. pool_size=5, max_overflow=10, pool_recycle=1800, pid=14617
[2025-06-27T00:30:43.576+0000] {processor.py:161} INFO - Started process (PID=14617) to work on /home/airflow/.local/lib/python3.10/site-packages/airflow/example_dags/example_local_kubernetes_executor.py
[2025-06-27T00:30:43.577+0000] {processor.py:830} INFO - Processing file /home/airflow/.local/lib/python3.10/site-packages/airflow/example_dags/example_local_kubernetes_executor.py for tasks to queue
[2025-06-27T00:30:43.579+0000] {logging_mixin.py:188} INFO - [2025-06-27T00:30:43.579+0000] {dagbag.py:545} INFO - Filling up the DagBag from /home/airflow/.local/lib/python3.10/site-packages/airflow/example_dags/example_local_kubernetes_executor.py
[2025-06-27T00:30:43.582+0000] {logging_mixin.py:188} INFO - [2025-06-27T00:30:43.582+0000] {dagbag.py:337} DEBUG - Importing /home/airflow/.local/lib/python3.10/site-packages/airflow/example_dags/example_local_kubernetes_executor.py
[2025-06-27T00:30:43.598+0000] {logging_mixin.py:188} INFO - [2025-06-27T00:30:43.596+0000] {dagbag.py:511} DEBUG - Loaded DAG <DAG: example_local_kubernetes_executor>
[2025-06-27T00:30:43.599+0000] {processor.py:840} INFO - DAG(s) 'example_local_kubernetes_executor' retrieved from /home/airflow/.local/lib/python3.10/site-packages/airflow/example_dags/example_local_kubernetes_executor.py
[2025-06-27T00:30:43.601+0000] {logging_mixin.py:188} INFO - [2025-06-27T00:30:43.601+0000] {dagbag.py:667} DEBUG - Running dagbag.sync_to_db with retries. Try 1 of 3
[2025-06-27T00:30:43.602+0000] {logging_mixin.py:188} INFO - [2025-06-27T00:30:43.602+0000] {dagbag.py:672} DEBUG - Calling the DAG.bulk_sync_to_db method
[2025-06-27T00:30:43.628+0000] {logging_mixin.py:188} INFO - [2025-06-27T00:30:43.627+0000] {serialized_dag.py:166} DEBUG - Checking if DAG (example_local_kubernetes_executor) changed
[2025-06-27T00:30:43.689+0000] {logging_mixin.py:188} INFO - [2025-06-27T00:30:43.689+0000] {serialized_dag.py:177} DEBUG - Serialized DAG (example_local_kubernetes_executor) is unchanged. Skipping writing to DB
[2025-06-27T00:30:43.691+0000] {logging_mixin.py:188} INFO - [2025-06-27T00:30:43.691+0000] {dag.py:3096} INFO - Sync 1 DAGs
[2025-06-27T00:30:43.712+0000] {logging_mixin.py:188} INFO - [2025-06-27T00:30:43.712+0000] {dag.py:3954} INFO - Setting next_dagrun for example_local_kubernetes_executor to None, run_after=None
[2025-06-27T00:30:43.746+0000] {processor.py:183} INFO - Processing /home/airflow/.local/lib/python3.10/site-packages/airflow/example_dags/example_local_kubernetes_executor.py took 0.185 seconds
[2025-06-27T00:31:13.926+0000] {logging_mixin.py:188} INFO - [2025-06-27T00:31:13.924+0000] {settings.py:250} DEBUG - Setting up DB connection pool (PID 14681)
[2025-06-27T00:31:13.928+0000] {logging_mixin.py:188} INFO - [2025-06-27T00:31:13.928+0000] {settings.py:330} DEBUG - settings.prepare_engine_args(): Using pool settings. pool_size=5, max_overflow=10, pool_recycle=1800, pid=14681
[2025-06-27T00:31:13.938+0000] {processor.py:161} INFO - Started process (PID=14681) to work on /home/airflow/.local/lib/python3.10/site-packages/airflow/example_dags/example_local_kubernetes_executor.py
[2025-06-27T00:31:13.939+0000] {processor.py:830} INFO - Processing file /home/airflow/.local/lib/python3.10/site-packages/airflow/example_dags/example_local_kubernetes_executor.py for tasks to queue
[2025-06-27T00:31:13.941+0000] {logging_mixin.py:188} INFO - [2025-06-27T00:31:13.940+0000] {dagbag.py:545} INFO - Filling up the DagBag from /home/airflow/.local/lib/python3.10/site-packages/airflow/example_dags/example_local_kubernetes_executor.py
[2025-06-27T00:31:13.946+0000] {logging_mixin.py:188} INFO - [2025-06-27T00:31:13.946+0000] {dagbag.py:337} DEBUG - Importing /home/airflow/.local/lib/python3.10/site-packages/airflow/example_dags/example_local_kubernetes_executor.py
[2025-06-27T00:31:13.958+0000] {logging_mixin.py:188} INFO - [2025-06-27T00:31:13.957+0000] {dagbag.py:511} DEBUG - Loaded DAG <DAG: example_local_kubernetes_executor>
[2025-06-27T00:31:13.959+0000] {processor.py:840} INFO - DAG(s) 'example_local_kubernetes_executor' retrieved from /home/airflow/.local/lib/python3.10/site-packages/airflow/example_dags/example_local_kubernetes_executor.py
[2025-06-27T00:31:13.961+0000] {logging_mixin.py:188} INFO - [2025-06-27T00:31:13.961+0000] {dagbag.py:667} DEBUG - Running dagbag.sync_to_db with retries. Try 1 of 3
[2025-06-27T00:31:13.962+0000] {logging_mixin.py:188} INFO - [2025-06-27T00:31:13.961+0000] {dagbag.py:672} DEBUG - Calling the DAG.bulk_sync_to_db method
[2025-06-27T00:31:13.982+0000] {logging_mixin.py:188} INFO - [2025-06-27T00:31:13.981+0000] {serialized_dag.py:166} DEBUG - Checking if DAG (example_local_kubernetes_executor) changed
[2025-06-27T00:31:14.031+0000] {logging_mixin.py:188} INFO - [2025-06-27T00:31:14.030+0000] {serialized_dag.py:177} DEBUG - Serialized DAG (example_local_kubernetes_executor) is unchanged. Skipping writing to DB
[2025-06-27T00:31:14.032+0000] {logging_mixin.py:188} INFO - [2025-06-27T00:31:14.032+0000] {dag.py:3096} INFO - Sync 1 DAGs
[2025-06-27T00:31:14.052+0000] {logging_mixin.py:188} INFO - [2025-06-27T00:31:14.051+0000] {dag.py:3954} INFO - Setting next_dagrun for example_local_kubernetes_executor to None, run_after=None
[2025-06-27T00:31:14.091+0000] {processor.py:183} INFO - Processing /home/airflow/.local/lib/python3.10/site-packages/airflow/example_dags/example_local_kubernetes_executor.py took 0.167 seconds
[2025-06-27T00:31:45.177+0000] {logging_mixin.py:188} INFO - [2025-06-27T00:31:45.176+0000] {settings.py:250} DEBUG - Setting up DB connection pool (PID 14744)
[2025-06-27T00:31:45.179+0000] {logging_mixin.py:188} INFO - [2025-06-27T00:31:45.179+0000] {settings.py:330} DEBUG - settings.prepare_engine_args(): Using pool settings. pool_size=5, max_overflow=10, pool_recycle=1800, pid=14744
[2025-06-27T00:31:45.194+0000] {processor.py:161} INFO - Started process (PID=14744) to work on /home/airflow/.local/lib/python3.10/site-packages/airflow/example_dags/example_local_kubernetes_executor.py
[2025-06-27T00:31:45.196+0000] {processor.py:830} INFO - Processing file /home/airflow/.local/lib/python3.10/site-packages/airflow/example_dags/example_local_kubernetes_executor.py for tasks to queue
[2025-06-27T00:31:45.198+0000] {logging_mixin.py:188} INFO - [2025-06-27T00:31:45.197+0000] {dagbag.py:545} INFO - Filling up the DagBag from /home/airflow/.local/lib/python3.10/site-packages/airflow/example_dags/example_local_kubernetes_executor.py
[2025-06-27T00:31:45.201+0000] {logging_mixin.py:188} INFO - [2025-06-27T00:31:45.201+0000] {dagbag.py:337} DEBUG - Importing /home/airflow/.local/lib/python3.10/site-packages/airflow/example_dags/example_local_kubernetes_executor.py
[2025-06-27T00:31:45.219+0000] {logging_mixin.py:188} INFO - [2025-06-27T00:31:45.217+0000] {dagbag.py:511} DEBUG - Loaded DAG <DAG: example_local_kubernetes_executor>
[2025-06-27T00:31:45.220+0000] {processor.py:840} INFO - DAG(s) 'example_local_kubernetes_executor' retrieved from /home/airflow/.local/lib/python3.10/site-packages/airflow/example_dags/example_local_kubernetes_executor.py
[2025-06-27T00:31:45.223+0000] {logging_mixin.py:188} INFO - [2025-06-27T00:31:45.222+0000] {dagbag.py:667} DEBUG - Running dagbag.sync_to_db with retries. Try 1 of 3
[2025-06-27T00:31:45.223+0000] {logging_mixin.py:188} INFO - [2025-06-27T00:31:45.223+0000] {dagbag.py:672} DEBUG - Calling the DAG.bulk_sync_to_db method
[2025-06-27T00:31:45.249+0000] {logging_mixin.py:188} INFO - [2025-06-27T00:31:45.248+0000] {serialized_dag.py:166} DEBUG - Checking if DAG (example_local_kubernetes_executor) changed
[2025-06-27T00:31:45.294+0000] {logging_mixin.py:188} INFO - [2025-06-27T00:31:45.293+0000] {serialized_dag.py:177} DEBUG - Serialized DAG (example_local_kubernetes_executor) is unchanged. Skipping writing to DB
[2025-06-27T00:31:45.295+0000] {logging_mixin.py:188} INFO - [2025-06-27T00:31:45.294+0000] {dag.py:3096} INFO - Sync 1 DAGs
[2025-06-27T00:31:45.315+0000] {logging_mixin.py:188} INFO - [2025-06-27T00:31:45.315+0000] {dag.py:3954} INFO - Setting next_dagrun for example_local_kubernetes_executor to None, run_after=None
[2025-06-27T00:31:45.349+0000] {processor.py:183} INFO - Processing /home/airflow/.local/lib/python3.10/site-packages/airflow/example_dags/example_local_kubernetes_executor.py took 0.174 seconds
[2025-06-27T00:32:16.057+0000] {logging_mixin.py:188} INFO - [2025-06-27T00:32:16.055+0000] {settings.py:250} DEBUG - Setting up DB connection pool (PID 14805)
[2025-06-27T00:32:16.059+0000] {logging_mixin.py:188} INFO - [2025-06-27T00:32:16.059+0000] {settings.py:330} DEBUG - settings.prepare_engine_args(): Using pool settings. pool_size=5, max_overflow=10, pool_recycle=1800, pid=14805
[2025-06-27T00:32:16.070+0000] {processor.py:161} INFO - Started process (PID=14805) to work on /home/airflow/.local/lib/python3.10/site-packages/airflow/example_dags/example_local_kubernetes_executor.py
[2025-06-27T00:32:16.071+0000] {processor.py:830} INFO - Processing file /home/airflow/.local/lib/python3.10/site-packages/airflow/example_dags/example_local_kubernetes_executor.py for tasks to queue
[2025-06-27T00:32:16.073+0000] {logging_mixin.py:188} INFO - [2025-06-27T00:32:16.072+0000] {dagbag.py:545} INFO - Filling up the DagBag from /home/airflow/.local/lib/python3.10/site-packages/airflow/example_dags/example_local_kubernetes_executor.py
[2025-06-27T00:32:16.075+0000] {logging_mixin.py:188} INFO - [2025-06-27T00:32:16.075+0000] {dagbag.py:337} DEBUG - Importing /home/airflow/.local/lib/python3.10/site-packages/airflow/example_dags/example_local_kubernetes_executor.py
[2025-06-27T00:32:16.088+0000] {logging_mixin.py:188} INFO - [2025-06-27T00:32:16.086+0000] {dagbag.py:511} DEBUG - Loaded DAG <DAG: example_local_kubernetes_executor>
[2025-06-27T00:32:16.089+0000] {processor.py:840} INFO - DAG(s) 'example_local_kubernetes_executor' retrieved from /home/airflow/.local/lib/python3.10/site-packages/airflow/example_dags/example_local_kubernetes_executor.py
[2025-06-27T00:32:16.091+0000] {logging_mixin.py:188} INFO - [2025-06-27T00:32:16.091+0000] {dagbag.py:667} DEBUG - Running dagbag.sync_to_db with retries. Try 1 of 3
[2025-06-27T00:32:16.092+0000] {logging_mixin.py:188} INFO - [2025-06-27T00:32:16.092+0000] {dagbag.py:672} DEBUG - Calling the DAG.bulk_sync_to_db method
[2025-06-27T00:32:16.115+0000] {logging_mixin.py:188} INFO - [2025-06-27T00:32:16.114+0000] {serialized_dag.py:166} DEBUG - Checking if DAG (example_local_kubernetes_executor) changed
[2025-06-27T00:32:16.162+0000] {logging_mixin.py:188} INFO - [2025-06-27T00:32:16.161+0000] {serialized_dag.py:177} DEBUG - Serialized DAG (example_local_kubernetes_executor) is unchanged. Skipping writing to DB
[2025-06-27T00:32:16.163+0000] {logging_mixin.py:188} INFO - [2025-06-27T00:32:16.162+0000] {dag.py:3096} INFO - Sync 1 DAGs
[2025-06-27T00:32:16.180+0000] {logging_mixin.py:188} INFO - [2025-06-27T00:32:16.180+0000] {dag.py:3954} INFO - Setting next_dagrun for example_local_kubernetes_executor to None, run_after=None
[2025-06-27T00:32:16.205+0000] {processor.py:183} INFO - Processing /home/airflow/.local/lib/python3.10/site-packages/airflow/example_dags/example_local_kubernetes_executor.py took 0.150 seconds
[2025-06-27T00:32:46.737+0000] {logging_mixin.py:188} INFO - [2025-06-27T00:32:46.735+0000] {settings.py:250} DEBUG - Setting up DB connection pool (PID 14868)
[2025-06-27T00:32:46.739+0000] {logging_mixin.py:188} INFO - [2025-06-27T00:32:46.739+0000] {settings.py:330} DEBUG - settings.prepare_engine_args(): Using pool settings. pool_size=5, max_overflow=10, pool_recycle=1800, pid=14868
[2025-06-27T00:32:46.755+0000] {processor.py:161} INFO - Started process (PID=14868) to work on /home/airflow/.local/lib/python3.10/site-packages/airflow/example_dags/example_local_kubernetes_executor.py
[2025-06-27T00:32:46.756+0000] {processor.py:830} INFO - Processing file /home/airflow/.local/lib/python3.10/site-packages/airflow/example_dags/example_local_kubernetes_executor.py for tasks to queue
[2025-06-27T00:32:46.758+0000] {logging_mixin.py:188} INFO - [2025-06-27T00:32:46.758+0000] {dagbag.py:545} INFO - Filling up the DagBag from /home/airflow/.local/lib/python3.10/site-packages/airflow/example_dags/example_local_kubernetes_executor.py
[2025-06-27T00:32:46.761+0000] {logging_mixin.py:188} INFO - [2025-06-27T00:32:46.761+0000] {dagbag.py:337} DEBUG - Importing /home/airflow/.local/lib/python3.10/site-packages/airflow/example_dags/example_local_kubernetes_executor.py
[2025-06-27T00:32:46.786+0000] {logging_mixin.py:188} INFO - [2025-06-27T00:32:46.783+0000] {dagbag.py:511} DEBUG - Loaded DAG <DAG: example_local_kubernetes_executor>
[2025-06-27T00:32:46.787+0000] {processor.py:840} INFO - DAG(s) 'example_local_kubernetes_executor' retrieved from /home/airflow/.local/lib/python3.10/site-packages/airflow/example_dags/example_local_kubernetes_executor.py
[2025-06-27T00:32:46.790+0000] {logging_mixin.py:188} INFO - [2025-06-27T00:32:46.790+0000] {dagbag.py:667} DEBUG - Running dagbag.sync_to_db with retries. Try 1 of 3
[2025-06-27T00:32:46.791+0000] {logging_mixin.py:188} INFO - [2025-06-27T00:32:46.791+0000] {dagbag.py:672} DEBUG - Calling the DAG.bulk_sync_to_db method
[2025-06-27T00:32:46.821+0000] {logging_mixin.py:188} INFO - [2025-06-27T00:32:46.821+0000] {serialized_dag.py:166} DEBUG - Checking if DAG (example_local_kubernetes_executor) changed
[2025-06-27T00:32:46.878+0000] {logging_mixin.py:188} INFO - [2025-06-27T00:32:46.877+0000] {serialized_dag.py:177} DEBUG - Serialized DAG (example_local_kubernetes_executor) is unchanged. Skipping writing to DB
[2025-06-27T00:32:46.879+0000] {logging_mixin.py:188} INFO - [2025-06-27T00:32:46.879+0000] {dag.py:3096} INFO - Sync 1 DAGs
[2025-06-27T00:32:46.905+0000] {logging_mixin.py:188} INFO - [2025-06-27T00:32:46.905+0000] {dag.py:3954} INFO - Setting next_dagrun for example_local_kubernetes_executor to None, run_after=None
[2025-06-27T00:32:46.940+0000] {processor.py:183} INFO - Processing /home/airflow/.local/lib/python3.10/site-packages/airflow/example_dags/example_local_kubernetes_executor.py took 0.205 seconds
[2025-06-27T00:33:17.199+0000] {logging_mixin.py:188} INFO - [2025-06-27T00:33:17.197+0000] {settings.py:250} DEBUG - Setting up DB connection pool (PID 14931)
[2025-06-27T00:33:17.200+0000] {logging_mixin.py:188} INFO - [2025-06-27T00:33:17.200+0000] {settings.py:330} DEBUG - settings.prepare_engine_args(): Using pool settings. pool_size=5, max_overflow=10, pool_recycle=1800, pid=14931
[2025-06-27T00:33:17.210+0000] {processor.py:161} INFO - Started process (PID=14931) to work on /home/airflow/.local/lib/python3.10/site-packages/airflow/example_dags/example_local_kubernetes_executor.py
[2025-06-27T00:33:17.211+0000] {processor.py:830} INFO - Processing file /home/airflow/.local/lib/python3.10/site-packages/airflow/example_dags/example_local_kubernetes_executor.py for tasks to queue
[2025-06-27T00:33:17.213+0000] {logging_mixin.py:188} INFO - [2025-06-27T00:33:17.213+0000] {dagbag.py:545} INFO - Filling up the DagBag from /home/airflow/.local/lib/python3.10/site-packages/airflow/example_dags/example_local_kubernetes_executor.py
[2025-06-27T00:33:17.216+0000] {logging_mixin.py:188} INFO - [2025-06-27T00:33:17.216+0000] {dagbag.py:337} DEBUG - Importing /home/airflow/.local/lib/python3.10/site-packages/airflow/example_dags/example_local_kubernetes_executor.py
[2025-06-27T00:33:17.230+0000] {logging_mixin.py:188} INFO - [2025-06-27T00:33:17.227+0000] {dagbag.py:511} DEBUG - Loaded DAG <DAG: example_local_kubernetes_executor>
[2025-06-27T00:33:17.231+0000] {processor.py:840} INFO - DAG(s) 'example_local_kubernetes_executor' retrieved from /home/airflow/.local/lib/python3.10/site-packages/airflow/example_dags/example_local_kubernetes_executor.py
[2025-06-27T00:33:17.233+0000] {logging_mixin.py:188} INFO - [2025-06-27T00:33:17.233+0000] {dagbag.py:667} DEBUG - Running dagbag.sync_to_db with retries. Try 1 of 3
[2025-06-27T00:33:17.234+0000] {logging_mixin.py:188} INFO - [2025-06-27T00:33:17.234+0000] {dagbag.py:672} DEBUG - Calling the DAG.bulk_sync_to_db method
[2025-06-27T00:33:17.254+0000] {logging_mixin.py:188} INFO - [2025-06-27T00:33:17.254+0000] {serialized_dag.py:166} DEBUG - Checking if DAG (example_local_kubernetes_executor) changed
[2025-06-27T00:33:17.296+0000] {logging_mixin.py:188} INFO - [2025-06-27T00:33:17.295+0000] {serialized_dag.py:177} DEBUG - Serialized DAG (example_local_kubernetes_executor) is unchanged. Skipping writing to DB
[2025-06-27T00:33:17.297+0000] {logging_mixin.py:188} INFO - [2025-06-27T00:33:17.296+0000] {dag.py:3096} INFO - Sync 1 DAGs
[2025-06-27T00:33:17.312+0000] {logging_mixin.py:188} INFO - [2025-06-27T00:33:17.312+0000] {dag.py:3954} INFO - Setting next_dagrun for example_local_kubernetes_executor to None, run_after=None
[2025-06-27T00:33:17.338+0000] {processor.py:183} INFO - Processing /home/airflow/.local/lib/python3.10/site-packages/airflow/example_dags/example_local_kubernetes_executor.py took 0.141 seconds
[2025-06-27T00:33:47.470+0000] {logging_mixin.py:188} INFO - [2025-06-27T00:33:47.469+0000] {settings.py:250} DEBUG - Setting up DB connection pool (PID 14993)
[2025-06-27T00:33:47.472+0000] {logging_mixin.py:188} INFO - [2025-06-27T00:33:47.472+0000] {settings.py:330} DEBUG - settings.prepare_engine_args(): Using pool settings. pool_size=5, max_overflow=10, pool_recycle=1800, pid=14993
[2025-06-27T00:33:47.490+0000] {processor.py:161} INFO - Started process (PID=14993) to work on /home/airflow/.local/lib/python3.10/site-packages/airflow/example_dags/example_local_kubernetes_executor.py
[2025-06-27T00:33:47.492+0000] {processor.py:830} INFO - Processing file /home/airflow/.local/lib/python3.10/site-packages/airflow/example_dags/example_local_kubernetes_executor.py for tasks to queue
[2025-06-27T00:33:47.494+0000] {logging_mixin.py:188} INFO - [2025-06-27T00:33:47.493+0000] {dagbag.py:545} INFO - Filling up the DagBag from /home/airflow/.local/lib/python3.10/site-packages/airflow/example_dags/example_local_kubernetes_executor.py
[2025-06-27T00:33:47.498+0000] {logging_mixin.py:188} INFO - [2025-06-27T00:33:47.498+0000] {dagbag.py:337} DEBUG - Importing /home/airflow/.local/lib/python3.10/site-packages/airflow/example_dags/example_local_kubernetes_executor.py
[2025-06-27T00:33:47.521+0000] {logging_mixin.py:188} INFO - [2025-06-27T00:33:47.518+0000] {dagbag.py:511} DEBUG - Loaded DAG <DAG: example_local_kubernetes_executor>
[2025-06-27T00:33:47.522+0000] {processor.py:840} INFO - DAG(s) 'example_local_kubernetes_executor' retrieved from /home/airflow/.local/lib/python3.10/site-packages/airflow/example_dags/example_local_kubernetes_executor.py
[2025-06-27T00:33:47.525+0000] {logging_mixin.py:188} INFO - [2025-06-27T00:33:47.525+0000] {dagbag.py:667} DEBUG - Running dagbag.sync_to_db with retries. Try 1 of 3
[2025-06-27T00:33:47.526+0000] {logging_mixin.py:188} INFO - [2025-06-27T00:33:47.526+0000] {dagbag.py:672} DEBUG - Calling the DAG.bulk_sync_to_db method
[2025-06-27T00:33:47.555+0000] {logging_mixin.py:188} INFO - [2025-06-27T00:33:47.554+0000] {serialized_dag.py:166} DEBUG - Checking if DAG (example_local_kubernetes_executor) changed
[2025-06-27T00:33:47.612+0000] {logging_mixin.py:188} INFO - [2025-06-27T00:33:47.612+0000] {serialized_dag.py:177} DEBUG - Serialized DAG (example_local_kubernetes_executor) is unchanged. Skipping writing to DB
[2025-06-27T00:33:47.614+0000] {logging_mixin.py:188} INFO - [2025-06-27T00:33:47.613+0000] {dag.py:3096} INFO - Sync 1 DAGs
[2025-06-27T00:33:47.638+0000] {logging_mixin.py:188} INFO - [2025-06-27T00:33:47.638+0000] {dag.py:3954} INFO - Setting next_dagrun for example_local_kubernetes_executor to None, run_after=None
[2025-06-27T00:33:47.671+0000] {processor.py:183} INFO - Processing /home/airflow/.local/lib/python3.10/site-packages/airflow/example_dags/example_local_kubernetes_executor.py took 0.203 seconds
[2025-06-27T00:34:18.227+0000] {logging_mixin.py:188} INFO - [2025-06-27T00:34:18.226+0000] {settings.py:250} DEBUG - Setting up DB connection pool (PID 15057)
[2025-06-27T00:34:18.229+0000] {logging_mixin.py:188} INFO - [2025-06-27T00:34:18.229+0000] {settings.py:330} DEBUG - settings.prepare_engine_args(): Using pool settings. pool_size=5, max_overflow=10, pool_recycle=1800, pid=15057
[2025-06-27T00:34:18.239+0000] {processor.py:161} INFO - Started process (PID=15057) to work on /home/airflow/.local/lib/python3.10/site-packages/airflow/example_dags/example_local_kubernetes_executor.py
[2025-06-27T00:34:18.241+0000] {processor.py:830} INFO - Processing file /home/airflow/.local/lib/python3.10/site-packages/airflow/example_dags/example_local_kubernetes_executor.py for tasks to queue
[2025-06-27T00:34:18.242+0000] {logging_mixin.py:188} INFO - [2025-06-27T00:34:18.242+0000] {dagbag.py:545} INFO - Filling up the DagBag from /home/airflow/.local/lib/python3.10/site-packages/airflow/example_dags/example_local_kubernetes_executor.py
[2025-06-27T00:34:18.244+0000] {logging_mixin.py:188} INFO - [2025-06-27T00:34:18.244+0000] {dagbag.py:337} DEBUG - Importing /home/airflow/.local/lib/python3.10/site-packages/airflow/example_dags/example_local_kubernetes_executor.py
[2025-06-27T00:34:18.257+0000] {logging_mixin.py:188} INFO - [2025-06-27T00:34:18.256+0000] {dagbag.py:511} DEBUG - Loaded DAG <DAG: example_local_kubernetes_executor>
[2025-06-27T00:34:18.258+0000] {processor.py:840} INFO - DAG(s) 'example_local_kubernetes_executor' retrieved from /home/airflow/.local/lib/python3.10/site-packages/airflow/example_dags/example_local_kubernetes_executor.py
[2025-06-27T00:34:18.261+0000] {logging_mixin.py:188} INFO - [2025-06-27T00:34:18.261+0000] {dagbag.py:667} DEBUG - Running dagbag.sync_to_db with retries. Try 1 of 3
[2025-06-27T00:34:18.262+0000] {logging_mixin.py:188} INFO - [2025-06-27T00:34:18.262+0000] {dagbag.py:672} DEBUG - Calling the DAG.bulk_sync_to_db method
[2025-06-27T00:34:18.286+0000] {logging_mixin.py:188} INFO - [2025-06-27T00:34:18.285+0000] {serialized_dag.py:166} DEBUG - Checking if DAG (example_local_kubernetes_executor) changed
[2025-06-27T00:34:18.328+0000] {logging_mixin.py:188} INFO - [2025-06-27T00:34:18.327+0000] {serialized_dag.py:177} DEBUG - Serialized DAG (example_local_kubernetes_executor) is unchanged. Skipping writing to DB
[2025-06-27T00:34:18.329+0000] {logging_mixin.py:188} INFO - [2025-06-27T00:34:18.328+0000] {dag.py:3096} INFO - Sync 1 DAGs
[2025-06-27T00:34:18.346+0000] {logging_mixin.py:188} INFO - [2025-06-27T00:34:18.346+0000] {dag.py:3954} INFO - Setting next_dagrun for example_local_kubernetes_executor to None, run_after=None
[2025-06-27T00:34:18.376+0000] {processor.py:183} INFO - Processing /home/airflow/.local/lib/python3.10/site-packages/airflow/example_dags/example_local_kubernetes_executor.py took 0.150 seconds
[2025-06-27T00:34:49.147+0000] {logging_mixin.py:188} INFO - [2025-06-27T00:34:49.145+0000] {settings.py:250} DEBUG - Setting up DB connection pool (PID 15120)
[2025-06-27T00:34:49.150+0000] {logging_mixin.py:188} INFO - [2025-06-27T00:34:49.149+0000] {settings.py:330} DEBUG - settings.prepare_engine_args(): Using pool settings. pool_size=5, max_overflow=10, pool_recycle=1800, pid=15120
[2025-06-27T00:34:49.166+0000] {processor.py:161} INFO - Started process (PID=15120) to work on /home/airflow/.local/lib/python3.10/site-packages/airflow/example_dags/example_local_kubernetes_executor.py
[2025-06-27T00:34:49.167+0000] {processor.py:830} INFO - Processing file /home/airflow/.local/lib/python3.10/site-packages/airflow/example_dags/example_local_kubernetes_executor.py for tasks to queue
[2025-06-27T00:34:49.168+0000] {logging_mixin.py:188} INFO - [2025-06-27T00:34:49.168+0000] {dagbag.py:545} INFO - Filling up the DagBag from /home/airflow/.local/lib/python3.10/site-packages/airflow/example_dags/example_local_kubernetes_executor.py
[2025-06-27T00:34:49.171+0000] {logging_mixin.py:188} INFO - [2025-06-27T00:34:49.171+0000] {dagbag.py:337} DEBUG - Importing /home/airflow/.local/lib/python3.10/site-packages/airflow/example_dags/example_local_kubernetes_executor.py
[2025-06-27T00:34:49.185+0000] {logging_mixin.py:188} INFO - [2025-06-27T00:34:49.183+0000] {dagbag.py:511} DEBUG - Loaded DAG <DAG: example_local_kubernetes_executor>
[2025-06-27T00:34:49.186+0000] {processor.py:840} INFO - DAG(s) 'example_local_kubernetes_executor' retrieved from /home/airflow/.local/lib/python3.10/site-packages/airflow/example_dags/example_local_kubernetes_executor.py
[2025-06-27T00:34:49.188+0000] {logging_mixin.py:188} INFO - [2025-06-27T00:34:49.188+0000] {dagbag.py:667} DEBUG - Running dagbag.sync_to_db with retries. Try 1 of 3
[2025-06-27T00:34:49.189+0000] {logging_mixin.py:188} INFO - [2025-06-27T00:34:49.189+0000] {dagbag.py:672} DEBUG - Calling the DAG.bulk_sync_to_db method
[2025-06-27T00:34:49.210+0000] {logging_mixin.py:188} INFO - [2025-06-27T00:34:49.209+0000] {serialized_dag.py:166} DEBUG - Checking if DAG (example_local_kubernetes_executor) changed
[2025-06-27T00:34:49.251+0000] {logging_mixin.py:188} INFO - [2025-06-27T00:34:49.250+0000] {serialized_dag.py:177} DEBUG - Serialized DAG (example_local_kubernetes_executor) is unchanged. Skipping writing to DB
[2025-06-27T00:34:49.251+0000] {logging_mixin.py:188} INFO - [2025-06-27T00:34:49.251+0000] {dag.py:3096} INFO - Sync 1 DAGs
[2025-06-27T00:34:49.267+0000] {logging_mixin.py:188} INFO - [2025-06-27T00:34:49.267+0000] {dag.py:3954} INFO - Setting next_dagrun for example_local_kubernetes_executor to None, run_after=None
[2025-06-27T00:34:49.295+0000] {processor.py:183} INFO - Processing /home/airflow/.local/lib/python3.10/site-packages/airflow/example_dags/example_local_kubernetes_executor.py took 0.149 seconds
[2025-06-27T00:35:19.807+0000] {logging_mixin.py:188} INFO - [2025-06-27T00:35:19.805+0000] {settings.py:250} DEBUG - Setting up DB connection pool (PID 15183)
[2025-06-27T00:35:19.810+0000] {logging_mixin.py:188} INFO - [2025-06-27T00:35:19.809+0000] {settings.py:330} DEBUG - settings.prepare_engine_args(): Using pool settings. pool_size=5, max_overflow=10, pool_recycle=1800, pid=15183
[2025-06-27T00:35:19.821+0000] {processor.py:161} INFO - Started process (PID=15183) to work on /home/airflow/.local/lib/python3.10/site-packages/airflow/example_dags/example_local_kubernetes_executor.py
[2025-06-27T00:35:19.822+0000] {processor.py:830} INFO - Processing file /home/airflow/.local/lib/python3.10/site-packages/airflow/example_dags/example_local_kubernetes_executor.py for tasks to queue
[2025-06-27T00:35:19.824+0000] {logging_mixin.py:188} INFO - [2025-06-27T00:35:19.823+0000] {dagbag.py:545} INFO - Filling up the DagBag from /home/airflow/.local/lib/python3.10/site-packages/airflow/example_dags/example_local_kubernetes_executor.py
[2025-06-27T00:35:19.826+0000] {logging_mixin.py:188} INFO - [2025-06-27T00:35:19.826+0000] {dagbag.py:337} DEBUG - Importing /home/airflow/.local/lib/python3.10/site-packages/airflow/example_dags/example_local_kubernetes_executor.py
[2025-06-27T00:35:19.838+0000] {logging_mixin.py:188} INFO - [2025-06-27T00:35:19.837+0000] {dagbag.py:511} DEBUG - Loaded DAG <DAG: example_local_kubernetes_executor>
[2025-06-27T00:35:19.839+0000] {processor.py:840} INFO - DAG(s) 'example_local_kubernetes_executor' retrieved from /home/airflow/.local/lib/python3.10/site-packages/airflow/example_dags/example_local_kubernetes_executor.py
[2025-06-27T00:35:19.841+0000] {logging_mixin.py:188} INFO - [2025-06-27T00:35:19.841+0000] {dagbag.py:667} DEBUG - Running dagbag.sync_to_db with retries. Try 1 of 3
[2025-06-27T00:35:19.842+0000] {logging_mixin.py:188} INFO - [2025-06-27T00:35:19.842+0000] {dagbag.py:672} DEBUG - Calling the DAG.bulk_sync_to_db method
[2025-06-27T00:35:19.863+0000] {logging_mixin.py:188} INFO - [2025-06-27T00:35:19.862+0000] {serialized_dag.py:166} DEBUG - Checking if DAG (example_local_kubernetes_executor) changed
[2025-06-27T00:35:19.898+0000] {logging_mixin.py:188} INFO - [2025-06-27T00:35:19.898+0000] {serialized_dag.py:177} DEBUG - Serialized DAG (example_local_kubernetes_executor) is unchanged. Skipping writing to DB
[2025-06-27T00:35:19.899+0000] {logging_mixin.py:188} INFO - [2025-06-27T00:35:19.898+0000] {dag.py:3096} INFO - Sync 1 DAGs
[2025-06-27T00:35:19.916+0000] {logging_mixin.py:188} INFO - [2025-06-27T00:35:19.916+0000] {dag.py:3954} INFO - Setting next_dagrun for example_local_kubernetes_executor to None, run_after=None
[2025-06-27T00:35:19.956+0000] {processor.py:183} INFO - Processing /home/airflow/.local/lib/python3.10/site-packages/airflow/example_dags/example_local_kubernetes_executor.py took 0.151 seconds
[2025-06-27T00:35:50.494+0000] {logging_mixin.py:188} INFO - [2025-06-27T00:35:50.492+0000] {settings.py:250} DEBUG - Setting up DB connection pool (PID 15246)
[2025-06-27T00:35:50.497+0000] {logging_mixin.py:188} INFO - [2025-06-27T00:35:50.496+0000] {settings.py:330} DEBUG - settings.prepare_engine_args(): Using pool settings. pool_size=5, max_overflow=10, pool_recycle=1800, pid=15246
[2025-06-27T00:35:50.508+0000] {processor.py:161} INFO - Started process (PID=15246) to work on /home/airflow/.local/lib/python3.10/site-packages/airflow/example_dags/example_local_kubernetes_executor.py
[2025-06-27T00:35:50.510+0000] {processor.py:830} INFO - Processing file /home/airflow/.local/lib/python3.10/site-packages/airflow/example_dags/example_local_kubernetes_executor.py for tasks to queue
[2025-06-27T00:35:50.511+0000] {logging_mixin.py:188} INFO - [2025-06-27T00:35:50.511+0000] {dagbag.py:545} INFO - Filling up the DagBag from /home/airflow/.local/lib/python3.10/site-packages/airflow/example_dags/example_local_kubernetes_executor.py
[2025-06-27T00:35:50.514+0000] {logging_mixin.py:188} INFO - [2025-06-27T00:35:50.513+0000] {dagbag.py:337} DEBUG - Importing /home/airflow/.local/lib/python3.10/site-packages/airflow/example_dags/example_local_kubernetes_executor.py
[2025-06-27T00:35:50.529+0000] {logging_mixin.py:188} INFO - [2025-06-27T00:35:50.527+0000] {dagbag.py:511} DEBUG - Loaded DAG <DAG: example_local_kubernetes_executor>
[2025-06-27T00:35:50.531+0000] {processor.py:840} INFO - DAG(s) 'example_local_kubernetes_executor' retrieved from /home/airflow/.local/lib/python3.10/site-packages/airflow/example_dags/example_local_kubernetes_executor.py
[2025-06-27T00:35:50.533+0000] {logging_mixin.py:188} INFO - [2025-06-27T00:35:50.532+0000] {dagbag.py:667} DEBUG - Running dagbag.sync_to_db with retries. Try 1 of 3
[2025-06-27T00:35:50.534+0000] {logging_mixin.py:188} INFO - [2025-06-27T00:35:50.533+0000] {dagbag.py:672} DEBUG - Calling the DAG.bulk_sync_to_db method
[2025-06-27T00:35:50.555+0000] {logging_mixin.py:188} INFO - [2025-06-27T00:35:50.555+0000] {serialized_dag.py:166} DEBUG - Checking if DAG (example_local_kubernetes_executor) changed
[2025-06-27T00:35:50.596+0000] {logging_mixin.py:188} INFO - [2025-06-27T00:35:50.596+0000] {serialized_dag.py:177} DEBUG - Serialized DAG (example_local_kubernetes_executor) is unchanged. Skipping writing to DB
[2025-06-27T00:35:50.597+0000] {logging_mixin.py:188} INFO - [2025-06-27T00:35:50.597+0000] {dag.py:3096} INFO - Sync 1 DAGs
[2025-06-27T00:35:50.616+0000] {logging_mixin.py:188} INFO - [2025-06-27T00:35:50.616+0000] {dag.py:3954} INFO - Setting next_dagrun for example_local_kubernetes_executor to None, run_after=None
[2025-06-27T00:35:50.647+0000] {processor.py:183} INFO - Processing /home/airflow/.local/lib/python3.10/site-packages/airflow/example_dags/example_local_kubernetes_executor.py took 0.155 seconds
[2025-06-27T00:36:21.717+0000] {logging_mixin.py:188} INFO - [2025-06-27T00:36:21.715+0000] {settings.py:250} DEBUG - Setting up DB connection pool (PID 15309)
[2025-06-27T00:36:21.720+0000] {logging_mixin.py:188} INFO - [2025-06-27T00:36:21.719+0000] {settings.py:330} DEBUG - settings.prepare_engine_args(): Using pool settings. pool_size=5, max_overflow=10, pool_recycle=1800, pid=15309
[2025-06-27T00:36:21.735+0000] {processor.py:161} INFO - Started process (PID=15309) to work on /home/airflow/.local/lib/python3.10/site-packages/airflow/example_dags/example_local_kubernetes_executor.py
[2025-06-27T00:36:21.737+0000] {processor.py:830} INFO - Processing file /home/airflow/.local/lib/python3.10/site-packages/airflow/example_dags/example_local_kubernetes_executor.py for tasks to queue
[2025-06-27T00:36:21.740+0000] {logging_mixin.py:188} INFO - [2025-06-27T00:36:21.739+0000] {dagbag.py:545} INFO - Filling up the DagBag from /home/airflow/.local/lib/python3.10/site-packages/airflow/example_dags/example_local_kubernetes_executor.py
[2025-06-27T00:36:21.749+0000] {logging_mixin.py:188} INFO - [2025-06-27T00:36:21.748+0000] {dagbag.py:337} DEBUG - Importing /home/airflow/.local/lib/python3.10/site-packages/airflow/example_dags/example_local_kubernetes_executor.py
[2025-06-27T00:36:21.771+0000] {logging_mixin.py:188} INFO - [2025-06-27T00:36:21.769+0000] {dagbag.py:511} DEBUG - Loaded DAG <DAG: example_local_kubernetes_executor>
[2025-06-27T00:36:21.772+0000] {processor.py:840} INFO - DAG(s) 'example_local_kubernetes_executor' retrieved from /home/airflow/.local/lib/python3.10/site-packages/airflow/example_dags/example_local_kubernetes_executor.py
[2025-06-27T00:36:21.775+0000] {logging_mixin.py:188} INFO - [2025-06-27T00:36:21.775+0000] {dagbag.py:667} DEBUG - Running dagbag.sync_to_db with retries. Try 1 of 3
[2025-06-27T00:36:21.780+0000] {logging_mixin.py:188} INFO - [2025-06-27T00:36:21.776+0000] {dagbag.py:672} DEBUG - Calling the DAG.bulk_sync_to_db method
[2025-06-27T00:36:21.809+0000] {logging_mixin.py:188} INFO - [2025-06-27T00:36:21.809+0000] {serialized_dag.py:166} DEBUG - Checking if DAG (example_local_kubernetes_executor) changed
[2025-06-27T00:36:21.868+0000] {logging_mixin.py:188} INFO - [2025-06-27T00:36:21.867+0000] {serialized_dag.py:177} DEBUG - Serialized DAG (example_local_kubernetes_executor) is unchanged. Skipping writing to DB
[2025-06-27T00:36:21.869+0000] {logging_mixin.py:188} INFO - [2025-06-27T00:36:21.869+0000] {dag.py:3096} INFO - Sync 1 DAGs
[2025-06-27T00:36:21.897+0000] {logging_mixin.py:188} INFO - [2025-06-27T00:36:21.896+0000] {dag.py:3954} INFO - Setting next_dagrun for example_local_kubernetes_executor to None, run_after=None
[2025-06-27T00:36:21.927+0000] {processor.py:183} INFO - Processing /home/airflow/.local/lib/python3.10/site-packages/airflow/example_dags/example_local_kubernetes_executor.py took 0.212 seconds
[2025-06-27T00:36:52.704+0000] {logging_mixin.py:188} INFO - [2025-06-27T00:36:52.703+0000] {settings.py:250} DEBUG - Setting up DB connection pool (PID 15372)
[2025-06-27T00:36:52.706+0000] {logging_mixin.py:188} INFO - [2025-06-27T00:36:52.706+0000] {settings.py:330} DEBUG - settings.prepare_engine_args(): Using pool settings. pool_size=5, max_overflow=10, pool_recycle=1800, pid=15372
[2025-06-27T00:36:52.716+0000] {processor.py:161} INFO - Started process (PID=15372) to work on /home/airflow/.local/lib/python3.10/site-packages/airflow/example_dags/example_local_kubernetes_executor.py
[2025-06-27T00:36:52.718+0000] {processor.py:830} INFO - Processing file /home/airflow/.local/lib/python3.10/site-packages/airflow/example_dags/example_local_kubernetes_executor.py for tasks to queue
[2025-06-27T00:36:52.719+0000] {logging_mixin.py:188} INFO - [2025-06-27T00:36:52.719+0000] {dagbag.py:545} INFO - Filling up the DagBag from /home/airflow/.local/lib/python3.10/site-packages/airflow/example_dags/example_local_kubernetes_executor.py
[2025-06-27T00:36:52.721+0000] {logging_mixin.py:188} INFO - [2025-06-27T00:36:52.721+0000] {dagbag.py:337} DEBUG - Importing /home/airflow/.local/lib/python3.10/site-packages/airflow/example_dags/example_local_kubernetes_executor.py
[2025-06-27T00:36:52.736+0000] {logging_mixin.py:188} INFO - [2025-06-27T00:36:52.734+0000] {dagbag.py:511} DEBUG - Loaded DAG <DAG: example_local_kubernetes_executor>
[2025-06-27T00:36:52.737+0000] {processor.py:840} INFO - DAG(s) 'example_local_kubernetes_executor' retrieved from /home/airflow/.local/lib/python3.10/site-packages/airflow/example_dags/example_local_kubernetes_executor.py
[2025-06-27T00:36:52.739+0000] {logging_mixin.py:188} INFO - [2025-06-27T00:36:52.739+0000] {dagbag.py:667} DEBUG - Running dagbag.sync_to_db with retries. Try 1 of 3
[2025-06-27T00:36:52.740+0000] {logging_mixin.py:188} INFO - [2025-06-27T00:36:52.739+0000] {dagbag.py:672} DEBUG - Calling the DAG.bulk_sync_to_db method
[2025-06-27T00:36:52.763+0000] {logging_mixin.py:188} INFO - [2025-06-27T00:36:52.763+0000] {serialized_dag.py:166} DEBUG - Checking if DAG (example_local_kubernetes_executor) changed
[2025-06-27T00:36:52.809+0000] {logging_mixin.py:188} INFO - [2025-06-27T00:36:52.809+0000] {serialized_dag.py:177} DEBUG - Serialized DAG (example_local_kubernetes_executor) is unchanged. Skipping writing to DB
[2025-06-27T00:36:52.810+0000] {logging_mixin.py:188} INFO - [2025-06-27T00:36:52.810+0000] {dag.py:3096} INFO - Sync 1 DAGs
[2025-06-27T00:36:52.835+0000] {logging_mixin.py:188} INFO - [2025-06-27T00:36:52.835+0000] {dag.py:3954} INFO - Setting next_dagrun for example_local_kubernetes_executor to None, run_after=None
[2025-06-27T00:36:52.866+0000] {processor.py:183} INFO - Processing /home/airflow/.local/lib/python3.10/site-packages/airflow/example_dags/example_local_kubernetes_executor.py took 0.163 seconds
[2025-06-27T00:37:23.143+0000] {logging_mixin.py:188} INFO - [2025-06-27T00:37:23.142+0000] {settings.py:250} DEBUG - Setting up DB connection pool (PID 15434)
[2025-06-27T00:37:23.145+0000] {logging_mixin.py:188} INFO - [2025-06-27T00:37:23.145+0000] {settings.py:330} DEBUG - settings.prepare_engine_args(): Using pool settings. pool_size=5, max_overflow=10, pool_recycle=1800, pid=15434
[2025-06-27T00:37:23.159+0000] {processor.py:161} INFO - Started process (PID=15434) to work on /home/airflow/.local/lib/python3.10/site-packages/airflow/example_dags/example_local_kubernetes_executor.py
[2025-06-27T00:37:23.161+0000] {processor.py:830} INFO - Processing file /home/airflow/.local/lib/python3.10/site-packages/airflow/example_dags/example_local_kubernetes_executor.py for tasks to queue
[2025-06-27T00:37:23.163+0000] {logging_mixin.py:188} INFO - [2025-06-27T00:37:23.162+0000] {dagbag.py:545} INFO - Filling up the DagBag from /home/airflow/.local/lib/python3.10/site-packages/airflow/example_dags/example_local_kubernetes_executor.py
[2025-06-27T00:37:23.166+0000] {logging_mixin.py:188} INFO - [2025-06-27T00:37:23.165+0000] {dagbag.py:337} DEBUG - Importing /home/airflow/.local/lib/python3.10/site-packages/airflow/example_dags/example_local_kubernetes_executor.py
[2025-06-27T00:37:23.182+0000] {logging_mixin.py:188} INFO - [2025-06-27T00:37:23.180+0000] {dagbag.py:511} DEBUG - Loaded DAG <DAG: example_local_kubernetes_executor>
[2025-06-27T00:37:23.183+0000] {processor.py:840} INFO - DAG(s) 'example_local_kubernetes_executor' retrieved from /home/airflow/.local/lib/python3.10/site-packages/airflow/example_dags/example_local_kubernetes_executor.py
[2025-06-27T00:37:23.186+0000] {logging_mixin.py:188} INFO - [2025-06-27T00:37:23.186+0000] {dagbag.py:667} DEBUG - Running dagbag.sync_to_db with retries. Try 1 of 3
[2025-06-27T00:37:23.187+0000] {logging_mixin.py:188} INFO - [2025-06-27T00:37:23.187+0000] {dagbag.py:672} DEBUG - Calling the DAG.bulk_sync_to_db method
[2025-06-27T00:37:23.212+0000] {logging_mixin.py:188} INFO - [2025-06-27T00:37:23.212+0000] {serialized_dag.py:166} DEBUG - Checking if DAG (example_local_kubernetes_executor) changed
[2025-06-27T00:37:23.254+0000] {logging_mixin.py:188} INFO - [2025-06-27T00:37:23.253+0000] {serialized_dag.py:177} DEBUG - Serialized DAG (example_local_kubernetes_executor) is unchanged. Skipping writing to DB
[2025-06-27T00:37:23.255+0000] {logging_mixin.py:188} INFO - [2025-06-27T00:37:23.255+0000] {dag.py:3096} INFO - Sync 1 DAGs
[2025-06-27T00:37:23.276+0000] {logging_mixin.py:188} INFO - [2025-06-27T00:37:23.275+0000] {dag.py:3954} INFO - Setting next_dagrun for example_local_kubernetes_executor to None, run_after=None
[2025-06-27T00:37:23.302+0000] {processor.py:183} INFO - Processing /home/airflow/.local/lib/python3.10/site-packages/airflow/example_dags/example_local_kubernetes_executor.py took 0.161 seconds
[2025-06-27T00:37:53.420+0000] {logging_mixin.py:188} INFO - [2025-06-27T00:37:53.419+0000] {settings.py:250} DEBUG - Setting up DB connection pool (PID 15497)
[2025-06-27T00:37:53.422+0000] {logging_mixin.py:188} INFO - [2025-06-27T00:37:53.422+0000] {settings.py:330} DEBUG - settings.prepare_engine_args(): Using pool settings. pool_size=5, max_overflow=10, pool_recycle=1800, pid=15497
[2025-06-27T00:37:53.436+0000] {processor.py:161} INFO - Started process (PID=15497) to work on /home/airflow/.local/lib/python3.10/site-packages/airflow/example_dags/example_local_kubernetes_executor.py
[2025-06-27T00:37:53.438+0000] {processor.py:830} INFO - Processing file /home/airflow/.local/lib/python3.10/site-packages/airflow/example_dags/example_local_kubernetes_executor.py for tasks to queue
[2025-06-27T00:37:53.440+0000] {logging_mixin.py:188} INFO - [2025-06-27T00:37:53.439+0000] {dagbag.py:545} INFO - Filling up the DagBag from /home/airflow/.local/lib/python3.10/site-packages/airflow/example_dags/example_local_kubernetes_executor.py
[2025-06-27T00:37:53.443+0000] {logging_mixin.py:188} INFO - [2025-06-27T00:37:53.443+0000] {dagbag.py:337} DEBUG - Importing /home/airflow/.local/lib/python3.10/site-packages/airflow/example_dags/example_local_kubernetes_executor.py
[2025-06-27T00:37:53.461+0000] {logging_mixin.py:188} INFO - [2025-06-27T00:37:53.459+0000] {dagbag.py:511} DEBUG - Loaded DAG <DAG: example_local_kubernetes_executor>
[2025-06-27T00:37:53.462+0000] {processor.py:840} INFO - DAG(s) 'example_local_kubernetes_executor' retrieved from /home/airflow/.local/lib/python3.10/site-packages/airflow/example_dags/example_local_kubernetes_executor.py
[2025-06-27T00:37:53.465+0000] {logging_mixin.py:188} INFO - [2025-06-27T00:37:53.464+0000] {dagbag.py:667} DEBUG - Running dagbag.sync_to_db with retries. Try 1 of 3
[2025-06-27T00:37:53.466+0000] {logging_mixin.py:188} INFO - [2025-06-27T00:37:53.466+0000] {dagbag.py:672} DEBUG - Calling the DAG.bulk_sync_to_db method
[2025-06-27T00:37:53.490+0000] {logging_mixin.py:188} INFO - [2025-06-27T00:37:53.490+0000] {serialized_dag.py:166} DEBUG - Checking if DAG (example_local_kubernetes_executor) changed
[2025-06-27T00:37:53.537+0000] {logging_mixin.py:188} INFO - [2025-06-27T00:37:53.536+0000] {serialized_dag.py:177} DEBUG - Serialized DAG (example_local_kubernetes_executor) is unchanged. Skipping writing to DB
[2025-06-27T00:37:53.538+0000] {logging_mixin.py:188} INFO - [2025-06-27T00:37:53.537+0000] {dag.py:3096} INFO - Sync 1 DAGs
[2025-06-27T00:37:53.561+0000] {logging_mixin.py:188} INFO - [2025-06-27T00:37:53.560+0000] {dag.py:3954} INFO - Setting next_dagrun for example_local_kubernetes_executor to None, run_after=None
[2025-06-27T00:37:53.601+0000] {processor.py:183} INFO - Processing /home/airflow/.local/lib/python3.10/site-packages/airflow/example_dags/example_local_kubernetes_executor.py took 0.182 seconds
[2025-06-27T00:38:24.482+0000] {logging_mixin.py:188} INFO - [2025-06-27T00:38:24.481+0000] {settings.py:250} DEBUG - Setting up DB connection pool (PID 15560)
[2025-06-27T00:38:24.484+0000] {logging_mixin.py:188} INFO - [2025-06-27T00:38:24.483+0000] {settings.py:330} DEBUG - settings.prepare_engine_args(): Using pool settings. pool_size=5, max_overflow=10, pool_recycle=1800, pid=15560
[2025-06-27T00:38:24.495+0000] {processor.py:161} INFO - Started process (PID=15560) to work on /home/airflow/.local/lib/python3.10/site-packages/airflow/example_dags/example_local_kubernetes_executor.py
[2025-06-27T00:38:24.496+0000] {processor.py:830} INFO - Processing file /home/airflow/.local/lib/python3.10/site-packages/airflow/example_dags/example_local_kubernetes_executor.py for tasks to queue
[2025-06-27T00:38:24.498+0000] {logging_mixin.py:188} INFO - [2025-06-27T00:38:24.498+0000] {dagbag.py:545} INFO - Filling up the DagBag from /home/airflow/.local/lib/python3.10/site-packages/airflow/example_dags/example_local_kubernetes_executor.py
[2025-06-27T00:38:24.501+0000] {logging_mixin.py:188} INFO - [2025-06-27T00:38:24.500+0000] {dagbag.py:337} DEBUG - Importing /home/airflow/.local/lib/python3.10/site-packages/airflow/example_dags/example_local_kubernetes_executor.py
[2025-06-27T00:38:24.514+0000] {logging_mixin.py:188} INFO - [2025-06-27T00:38:24.512+0000] {dagbag.py:511} DEBUG - Loaded DAG <DAG: example_local_kubernetes_executor>
[2025-06-27T00:38:24.515+0000] {processor.py:840} INFO - DAG(s) 'example_local_kubernetes_executor' retrieved from /home/airflow/.local/lib/python3.10/site-packages/airflow/example_dags/example_local_kubernetes_executor.py
[2025-06-27T00:38:24.518+0000] {logging_mixin.py:188} INFO - [2025-06-27T00:38:24.518+0000] {dagbag.py:667} DEBUG - Running dagbag.sync_to_db with retries. Try 1 of 3
[2025-06-27T00:38:24.519+0000] {logging_mixin.py:188} INFO - [2025-06-27T00:38:24.519+0000] {dagbag.py:672} DEBUG - Calling the DAG.bulk_sync_to_db method
[2025-06-27T00:38:24.546+0000] {logging_mixin.py:188} INFO - [2025-06-27T00:38:24.546+0000] {serialized_dag.py:166} DEBUG - Checking if DAG (example_local_kubernetes_executor) changed
[2025-06-27T00:38:24.592+0000] {logging_mixin.py:188} INFO - [2025-06-27T00:38:24.591+0000] {serialized_dag.py:177} DEBUG - Serialized DAG (example_local_kubernetes_executor) is unchanged. Skipping writing to DB
[2025-06-27T00:38:24.593+0000] {logging_mixin.py:188} INFO - [2025-06-27T00:38:24.592+0000] {dag.py:3096} INFO - Sync 1 DAGs
[2025-06-27T00:38:24.611+0000] {logging_mixin.py:188} INFO - [2025-06-27T00:38:24.611+0000] {dag.py:3954} INFO - Setting next_dagrun for example_local_kubernetes_executor to None, run_after=None
[2025-06-27T00:38:24.640+0000] {processor.py:183} INFO - Processing /home/airflow/.local/lib/python3.10/site-packages/airflow/example_dags/example_local_kubernetes_executor.py took 0.159 seconds
[2025-06-27T00:38:54.823+0000] {logging_mixin.py:188} INFO - [2025-06-27T00:38:54.821+0000] {settings.py:250} DEBUG - Setting up DB connection pool (PID 15624)
[2025-06-27T00:38:54.824+0000] {logging_mixin.py:188} INFO - [2025-06-27T00:38:54.824+0000] {settings.py:330} DEBUG - settings.prepare_engine_args(): Using pool settings. pool_size=5, max_overflow=10, pool_recycle=1800, pid=15624
[2025-06-27T00:38:54.835+0000] {processor.py:161} INFO - Started process (PID=15624) to work on /home/airflow/.local/lib/python3.10/site-packages/airflow/example_dags/example_local_kubernetes_executor.py
[2025-06-27T00:38:54.836+0000] {processor.py:830} INFO - Processing file /home/airflow/.local/lib/python3.10/site-packages/airflow/example_dags/example_local_kubernetes_executor.py for tasks to queue
[2025-06-27T00:38:54.837+0000] {logging_mixin.py:188} INFO - [2025-06-27T00:38:54.837+0000] {dagbag.py:545} INFO - Filling up the DagBag from /home/airflow/.local/lib/python3.10/site-packages/airflow/example_dags/example_local_kubernetes_executor.py
[2025-06-27T00:38:54.840+0000] {logging_mixin.py:188} INFO - [2025-06-27T00:38:54.840+0000] {dagbag.py:337} DEBUG - Importing /home/airflow/.local/lib/python3.10/site-packages/airflow/example_dags/example_local_kubernetes_executor.py
[2025-06-27T00:38:54.853+0000] {logging_mixin.py:188} INFO - [2025-06-27T00:38:54.852+0000] {dagbag.py:511} DEBUG - Loaded DAG <DAG: example_local_kubernetes_executor>
[2025-06-27T00:38:54.854+0000] {processor.py:840} INFO - DAG(s) 'example_local_kubernetes_executor' retrieved from /home/airflow/.local/lib/python3.10/site-packages/airflow/example_dags/example_local_kubernetes_executor.py
[2025-06-27T00:38:54.856+0000] {logging_mixin.py:188} INFO - [2025-06-27T00:38:54.856+0000] {dagbag.py:667} DEBUG - Running dagbag.sync_to_db with retries. Try 1 of 3
[2025-06-27T00:38:54.857+0000] {logging_mixin.py:188} INFO - [2025-06-27T00:38:54.857+0000] {dagbag.py:672} DEBUG - Calling the DAG.bulk_sync_to_db method
[2025-06-27T00:38:54.878+0000] {logging_mixin.py:188} INFO - [2025-06-27T00:38:54.877+0000] {serialized_dag.py:166} DEBUG - Checking if DAG (example_local_kubernetes_executor) changed
[2025-06-27T00:38:54.913+0000] {logging_mixin.py:188} INFO - [2025-06-27T00:38:54.912+0000] {serialized_dag.py:177} DEBUG - Serialized DAG (example_local_kubernetes_executor) is unchanged. Skipping writing to DB
[2025-06-27T00:38:54.913+0000] {logging_mixin.py:188} INFO - [2025-06-27T00:38:54.913+0000] {dag.py:3096} INFO - Sync 1 DAGs
[2025-06-27T00:38:54.935+0000] {logging_mixin.py:188} INFO - [2025-06-27T00:38:54.935+0000] {dag.py:3954} INFO - Setting next_dagrun for example_local_kubernetes_executor to None, run_after=None
[2025-06-27T00:38:54.965+0000] {processor.py:183} INFO - Processing /home/airflow/.local/lib/python3.10/site-packages/airflow/example_dags/example_local_kubernetes_executor.py took 0.143 seconds
[2025-06-27T00:39:25.663+0000] {logging_mixin.py:188} INFO - [2025-06-27T00:39:25.662+0000] {settings.py:250} DEBUG - Setting up DB connection pool (PID 15687)
[2025-06-27T00:39:25.666+0000] {logging_mixin.py:188} INFO - [2025-06-27T00:39:25.665+0000] {settings.py:330} DEBUG - settings.prepare_engine_args(): Using pool settings. pool_size=5, max_overflow=10, pool_recycle=1800, pid=15687
[2025-06-27T00:39:25.679+0000] {processor.py:161} INFO - Started process (PID=15687) to work on /home/airflow/.local/lib/python3.10/site-packages/airflow/example_dags/example_local_kubernetes_executor.py
[2025-06-27T00:39:25.680+0000] {processor.py:830} INFO - Processing file /home/airflow/.local/lib/python3.10/site-packages/airflow/example_dags/example_local_kubernetes_executor.py for tasks to queue
[2025-06-27T00:39:25.682+0000] {logging_mixin.py:188} INFO - [2025-06-27T00:39:25.681+0000] {dagbag.py:545} INFO - Filling up the DagBag from /home/airflow/.local/lib/python3.10/site-packages/airflow/example_dags/example_local_kubernetes_executor.py
[2025-06-27T00:39:25.685+0000] {logging_mixin.py:188} INFO - [2025-06-27T00:39:25.685+0000] {dagbag.py:337} DEBUG - Importing /home/airflow/.local/lib/python3.10/site-packages/airflow/example_dags/example_local_kubernetes_executor.py
[2025-06-27T00:39:25.699+0000] {logging_mixin.py:188} INFO - [2025-06-27T00:39:25.697+0000] {dagbag.py:511} DEBUG - Loaded DAG <DAG: example_local_kubernetes_executor>
[2025-06-27T00:39:25.700+0000] {processor.py:840} INFO - DAG(s) 'example_local_kubernetes_executor' retrieved from /home/airflow/.local/lib/python3.10/site-packages/airflow/example_dags/example_local_kubernetes_executor.py
[2025-06-27T00:39:25.704+0000] {logging_mixin.py:188} INFO - [2025-06-27T00:39:25.704+0000] {dagbag.py:667} DEBUG - Running dagbag.sync_to_db with retries. Try 1 of 3
[2025-06-27T00:39:25.705+0000] {logging_mixin.py:188} INFO - [2025-06-27T00:39:25.705+0000] {dagbag.py:672} DEBUG - Calling the DAG.bulk_sync_to_db method
[2025-06-27T00:39:25.728+0000] {logging_mixin.py:188} INFO - [2025-06-27T00:39:25.728+0000] {serialized_dag.py:166} DEBUG - Checking if DAG (example_local_kubernetes_executor) changed
[2025-06-27T00:39:25.782+0000] {logging_mixin.py:188} INFO - [2025-06-27T00:39:25.781+0000] {serialized_dag.py:177} DEBUG - Serialized DAG (example_local_kubernetes_executor) is unchanged. Skipping writing to DB
[2025-06-27T00:39:25.782+0000] {logging_mixin.py:188} INFO - [2025-06-27T00:39:25.782+0000] {dag.py:3096} INFO - Sync 1 DAGs
[2025-06-27T00:39:25.804+0000] {logging_mixin.py:188} INFO - [2025-06-27T00:39:25.804+0000] {dag.py:3954} INFO - Setting next_dagrun for example_local_kubernetes_executor to None, run_after=None
[2025-06-27T00:39:25.841+0000] {processor.py:183} INFO - Processing /home/airflow/.local/lib/python3.10/site-packages/airflow/example_dags/example_local_kubernetes_executor.py took 0.179 seconds
[2025-06-27T00:39:56.010+0000] {logging_mixin.py:188} INFO - [2025-06-27T00:39:56.008+0000] {settings.py:250} DEBUG - Setting up DB connection pool (PID 15750)
[2025-06-27T00:39:56.012+0000] {logging_mixin.py:188} INFO - [2025-06-27T00:39:56.011+0000] {settings.py:330} DEBUG - settings.prepare_engine_args(): Using pool settings. pool_size=5, max_overflow=10, pool_recycle=1800, pid=15750
[2025-06-27T00:39:56.028+0000] {processor.py:161} INFO - Started process (PID=15750) to work on /home/airflow/.local/lib/python3.10/site-packages/airflow/example_dags/example_local_kubernetes_executor.py
[2025-06-27T00:39:56.031+0000] {processor.py:830} INFO - Processing file /home/airflow/.local/lib/python3.10/site-packages/airflow/example_dags/example_local_kubernetes_executor.py for tasks to queue
[2025-06-27T00:39:56.033+0000] {logging_mixin.py:188} INFO - [2025-06-27T00:39:56.033+0000] {dagbag.py:545} INFO - Filling up the DagBag from /home/airflow/.local/lib/python3.10/site-packages/airflow/example_dags/example_local_kubernetes_executor.py
[2025-06-27T00:39:56.037+0000] {logging_mixin.py:188} INFO - [2025-06-27T00:39:56.037+0000] {dagbag.py:337} DEBUG - Importing /home/airflow/.local/lib/python3.10/site-packages/airflow/example_dags/example_local_kubernetes_executor.py
[2025-06-27T00:39:56.054+0000] {logging_mixin.py:188} INFO - [2025-06-27T00:39:56.052+0000] {dagbag.py:511} DEBUG - Loaded DAG <DAG: example_local_kubernetes_executor>
[2025-06-27T00:39:56.055+0000] {processor.py:840} INFO - DAG(s) 'example_local_kubernetes_executor' retrieved from /home/airflow/.local/lib/python3.10/site-packages/airflow/example_dags/example_local_kubernetes_executor.py
[2025-06-27T00:39:56.057+0000] {logging_mixin.py:188} INFO - [2025-06-27T00:39:56.057+0000] {dagbag.py:667} DEBUG - Running dagbag.sync_to_db with retries. Try 1 of 3
[2025-06-27T00:39:56.058+0000] {logging_mixin.py:188} INFO - [2025-06-27T00:39:56.058+0000] {dagbag.py:672} DEBUG - Calling the DAG.bulk_sync_to_db method
[2025-06-27T00:39:56.082+0000] {logging_mixin.py:188} INFO - [2025-06-27T00:39:56.081+0000] {serialized_dag.py:166} DEBUG - Checking if DAG (example_local_kubernetes_executor) changed
[2025-06-27T00:39:56.119+0000] {logging_mixin.py:188} INFO - [2025-06-27T00:39:56.119+0000] {serialized_dag.py:177} DEBUG - Serialized DAG (example_local_kubernetes_executor) is unchanged. Skipping writing to DB
[2025-06-27T00:39:56.120+0000] {logging_mixin.py:188} INFO - [2025-06-27T00:39:56.120+0000] {dag.py:3096} INFO - Sync 1 DAGs
[2025-06-27T00:39:56.138+0000] {logging_mixin.py:188} INFO - [2025-06-27T00:39:56.138+0000] {dag.py:3954} INFO - Setting next_dagrun for example_local_kubernetes_executor to None, run_after=None
[2025-06-27T00:39:56.173+0000] {processor.py:183} INFO - Processing /home/airflow/.local/lib/python3.10/site-packages/airflow/example_dags/example_local_kubernetes_executor.py took 0.165 seconds
[2025-06-27T00:40:27.034+0000] {logging_mixin.py:188} INFO - [2025-06-27T00:40:27.032+0000] {settings.py:250} DEBUG - Setting up DB connection pool (PID 15813)
[2025-06-27T00:40:27.036+0000] {logging_mixin.py:188} INFO - [2025-06-27T00:40:27.035+0000] {settings.py:330} DEBUG - settings.prepare_engine_args(): Using pool settings. pool_size=5, max_overflow=10, pool_recycle=1800, pid=15813
[2025-06-27T00:40:27.046+0000] {processor.py:161} INFO - Started process (PID=15813) to work on /home/airflow/.local/lib/python3.10/site-packages/airflow/example_dags/example_local_kubernetes_executor.py
[2025-06-27T00:40:27.047+0000] {processor.py:830} INFO - Processing file /home/airflow/.local/lib/python3.10/site-packages/airflow/example_dags/example_local_kubernetes_executor.py for tasks to queue
[2025-06-27T00:40:27.048+0000] {logging_mixin.py:188} INFO - [2025-06-27T00:40:27.048+0000] {dagbag.py:545} INFO - Filling up the DagBag from /home/airflow/.local/lib/python3.10/site-packages/airflow/example_dags/example_local_kubernetes_executor.py
[2025-06-27T00:40:27.051+0000] {logging_mixin.py:188} INFO - [2025-06-27T00:40:27.051+0000] {dagbag.py:337} DEBUG - Importing /home/airflow/.local/lib/python3.10/site-packages/airflow/example_dags/example_local_kubernetes_executor.py
[2025-06-27T00:40:27.064+0000] {logging_mixin.py:188} INFO - [2025-06-27T00:40:27.062+0000] {dagbag.py:511} DEBUG - Loaded DAG <DAG: example_local_kubernetes_executor>
[2025-06-27T00:40:27.065+0000] {processor.py:840} INFO - DAG(s) 'example_local_kubernetes_executor' retrieved from /home/airflow/.local/lib/python3.10/site-packages/airflow/example_dags/example_local_kubernetes_executor.py
[2025-06-27T00:40:27.067+0000] {logging_mixin.py:188} INFO - [2025-06-27T00:40:27.066+0000] {dagbag.py:667} DEBUG - Running dagbag.sync_to_db with retries. Try 1 of 3
[2025-06-27T00:40:27.067+0000] {logging_mixin.py:188} INFO - [2025-06-27T00:40:27.067+0000] {dagbag.py:672} DEBUG - Calling the DAG.bulk_sync_to_db method
[2025-06-27T00:40:27.088+0000] {logging_mixin.py:188} INFO - [2025-06-27T00:40:27.087+0000] {serialized_dag.py:166} DEBUG - Checking if DAG (example_local_kubernetes_executor) changed
[2025-06-27T00:40:27.124+0000] {logging_mixin.py:188} INFO - [2025-06-27T00:40:27.124+0000] {serialized_dag.py:177} DEBUG - Serialized DAG (example_local_kubernetes_executor) is unchanged. Skipping writing to DB
[2025-06-27T00:40:27.125+0000] {logging_mixin.py:188} INFO - [2025-06-27T00:40:27.125+0000] {dag.py:3096} INFO - Sync 1 DAGs
[2025-06-27T00:40:27.154+0000] {logging_mixin.py:188} INFO - [2025-06-27T00:40:27.154+0000] {dag.py:3954} INFO - Setting next_dagrun for example_local_kubernetes_executor to None, run_after=None
[2025-06-27T00:40:27.194+0000] {processor.py:183} INFO - Processing /home/airflow/.local/lib/python3.10/site-packages/airflow/example_dags/example_local_kubernetes_executor.py took 0.162 seconds
[2025-06-27T00:40:57.350+0000] {logging_mixin.py:188} INFO - [2025-06-27T00:40:57.348+0000] {settings.py:250} DEBUG - Setting up DB connection pool (PID 15876)
[2025-06-27T00:40:57.353+0000] {logging_mixin.py:188} INFO - [2025-06-27T00:40:57.352+0000] {settings.py:330} DEBUG - settings.prepare_engine_args(): Using pool settings. pool_size=5, max_overflow=10, pool_recycle=1800, pid=15876
[2025-06-27T00:40:57.369+0000] {processor.py:161} INFO - Started process (PID=15876) to work on /home/airflow/.local/lib/python3.10/site-packages/airflow/example_dags/example_local_kubernetes_executor.py
[2025-06-27T00:40:57.371+0000] {processor.py:830} INFO - Processing file /home/airflow/.local/lib/python3.10/site-packages/airflow/example_dags/example_local_kubernetes_executor.py for tasks to queue
[2025-06-27T00:40:57.373+0000] {logging_mixin.py:188} INFO - [2025-06-27T00:40:57.372+0000] {dagbag.py:545} INFO - Filling up the DagBag from /home/airflow/.local/lib/python3.10/site-packages/airflow/example_dags/example_local_kubernetes_executor.py
[2025-06-27T00:40:57.376+0000] {logging_mixin.py:188} INFO - [2025-06-27T00:40:57.376+0000] {dagbag.py:337} DEBUG - Importing /home/airflow/.local/lib/python3.10/site-packages/airflow/example_dags/example_local_kubernetes_executor.py
[2025-06-27T00:40:57.396+0000] {logging_mixin.py:188} INFO - [2025-06-27T00:40:57.394+0000] {dagbag.py:511} DEBUG - Loaded DAG <DAG: example_local_kubernetes_executor>
[2025-06-27T00:40:57.398+0000] {processor.py:840} INFO - DAG(s) 'example_local_kubernetes_executor' retrieved from /home/airflow/.local/lib/python3.10/site-packages/airflow/example_dags/example_local_kubernetes_executor.py
[2025-06-27T00:40:57.401+0000] {logging_mixin.py:188} INFO - [2025-06-27T00:40:57.400+0000] {dagbag.py:667} DEBUG - Running dagbag.sync_to_db with retries. Try 1 of 3
[2025-06-27T00:40:57.402+0000] {logging_mixin.py:188} INFO - [2025-06-27T00:40:57.401+0000] {dagbag.py:672} DEBUG - Calling the DAG.bulk_sync_to_db method
[2025-06-27T00:40:57.431+0000] {logging_mixin.py:188} INFO - [2025-06-27T00:40:57.431+0000] {serialized_dag.py:166} DEBUG - Checking if DAG (example_local_kubernetes_executor) changed
[2025-06-27T00:40:57.495+0000] {logging_mixin.py:188} INFO - [2025-06-27T00:40:57.495+0000] {serialized_dag.py:177} DEBUG - Serialized DAG (example_local_kubernetes_executor) is unchanged. Skipping writing to DB
[2025-06-27T00:40:57.496+0000] {logging_mixin.py:188} INFO - [2025-06-27T00:40:57.496+0000] {dag.py:3096} INFO - Sync 1 DAGs
[2025-06-27T00:40:57.517+0000] {logging_mixin.py:188} INFO - [2025-06-27T00:40:57.517+0000] {dag.py:3954} INFO - Setting next_dagrun for example_local_kubernetes_executor to None, run_after=None
[2025-06-27T00:40:57.544+0000] {processor.py:183} INFO - Processing /home/airflow/.local/lib/python3.10/site-packages/airflow/example_dags/example_local_kubernetes_executor.py took 0.196 seconds
[2025-06-27T00:41:28.245+0000] {logging_mixin.py:188} INFO - [2025-06-27T00:41:28.244+0000] {settings.py:250} DEBUG - Setting up DB connection pool (PID 15940)
[2025-06-27T00:41:28.247+0000] {logging_mixin.py:188} INFO - [2025-06-27T00:41:28.247+0000] {settings.py:330} DEBUG - settings.prepare_engine_args(): Using pool settings. pool_size=5, max_overflow=10, pool_recycle=1800, pid=15940
[2025-06-27T00:41:28.257+0000] {processor.py:161} INFO - Started process (PID=15940) to work on /home/airflow/.local/lib/python3.10/site-packages/airflow/example_dags/example_local_kubernetes_executor.py
[2025-06-27T00:41:28.258+0000] {processor.py:830} INFO - Processing file /home/airflow/.local/lib/python3.10/site-packages/airflow/example_dags/example_local_kubernetes_executor.py for tasks to queue
[2025-06-27T00:41:28.259+0000] {logging_mixin.py:188} INFO - [2025-06-27T00:41:28.259+0000] {dagbag.py:545} INFO - Filling up the DagBag from /home/airflow/.local/lib/python3.10/site-packages/airflow/example_dags/example_local_kubernetes_executor.py
[2025-06-27T00:41:28.262+0000] {logging_mixin.py:188} INFO - [2025-06-27T00:41:28.261+0000] {dagbag.py:337} DEBUG - Importing /home/airflow/.local/lib/python3.10/site-packages/airflow/example_dags/example_local_kubernetes_executor.py
[2025-06-27T00:41:28.276+0000] {logging_mixin.py:188} INFO - [2025-06-27T00:41:28.274+0000] {dagbag.py:511} DEBUG - Loaded DAG <DAG: example_local_kubernetes_executor>
[2025-06-27T00:41:28.277+0000] {processor.py:840} INFO - DAG(s) 'example_local_kubernetes_executor' retrieved from /home/airflow/.local/lib/python3.10/site-packages/airflow/example_dags/example_local_kubernetes_executor.py
[2025-06-27T00:41:28.279+0000] {logging_mixin.py:188} INFO - [2025-06-27T00:41:28.279+0000] {dagbag.py:667} DEBUG - Running dagbag.sync_to_db with retries. Try 1 of 3
[2025-06-27T00:41:28.280+0000] {logging_mixin.py:188} INFO - [2025-06-27T00:41:28.279+0000] {dagbag.py:672} DEBUG - Calling the DAG.bulk_sync_to_db method
[2025-06-27T00:41:28.300+0000] {logging_mixin.py:188} INFO - [2025-06-27T00:41:28.300+0000] {serialized_dag.py:166} DEBUG - Checking if DAG (example_local_kubernetes_executor) changed
[2025-06-27T00:41:28.343+0000] {logging_mixin.py:188} INFO - [2025-06-27T00:41:28.342+0000] {serialized_dag.py:177} DEBUG - Serialized DAG (example_local_kubernetes_executor) is unchanged. Skipping writing to DB
[2025-06-27T00:41:28.344+0000] {logging_mixin.py:188} INFO - [2025-06-27T00:41:28.343+0000] {dag.py:3096} INFO - Sync 1 DAGs
[2025-06-27T00:41:28.363+0000] {logging_mixin.py:188} INFO - [2025-06-27T00:41:28.363+0000] {dag.py:3954} INFO - Setting next_dagrun for example_local_kubernetes_executor to None, run_after=None
[2025-06-27T00:41:28.392+0000] {processor.py:183} INFO - Processing /home/airflow/.local/lib/python3.10/site-packages/airflow/example_dags/example_local_kubernetes_executor.py took 0.148 seconds
[2025-06-27T00:41:58.492+0000] {logging_mixin.py:188} INFO - [2025-06-27T00:41:58.490+0000] {settings.py:250} DEBUG - Setting up DB connection pool (PID 16001)
[2025-06-27T00:41:58.494+0000] {logging_mixin.py:188} INFO - [2025-06-27T00:41:58.493+0000] {settings.py:330} DEBUG - settings.prepare_engine_args(): Using pool settings. pool_size=5, max_overflow=10, pool_recycle=1800, pid=16001
[2025-06-27T00:41:58.504+0000] {processor.py:161} INFO - Started process (PID=16001) to work on /home/airflow/.local/lib/python3.10/site-packages/airflow/example_dags/example_local_kubernetes_executor.py
[2025-06-27T00:41:58.505+0000] {processor.py:830} INFO - Processing file /home/airflow/.local/lib/python3.10/site-packages/airflow/example_dags/example_local_kubernetes_executor.py for tasks to queue
[2025-06-27T00:41:58.506+0000] {logging_mixin.py:188} INFO - [2025-06-27T00:41:58.506+0000] {dagbag.py:545} INFO - Filling up the DagBag from /home/airflow/.local/lib/python3.10/site-packages/airflow/example_dags/example_local_kubernetes_executor.py
[2025-06-27T00:41:58.508+0000] {logging_mixin.py:188} INFO - [2025-06-27T00:41:58.508+0000] {dagbag.py:337} DEBUG - Importing /home/airflow/.local/lib/python3.10/site-packages/airflow/example_dags/example_local_kubernetes_executor.py
[2025-06-27T00:41:58.523+0000] {logging_mixin.py:188} INFO - [2025-06-27T00:41:58.521+0000] {dagbag.py:511} DEBUG - Loaded DAG <DAG: example_local_kubernetes_executor>
[2025-06-27T00:41:58.524+0000] {processor.py:840} INFO - DAG(s) 'example_local_kubernetes_executor' retrieved from /home/airflow/.local/lib/python3.10/site-packages/airflow/example_dags/example_local_kubernetes_executor.py
[2025-06-27T00:41:58.526+0000] {logging_mixin.py:188} INFO - [2025-06-27T00:41:58.526+0000] {dagbag.py:667} DEBUG - Running dagbag.sync_to_db with retries. Try 1 of 3
[2025-06-27T00:41:58.527+0000] {logging_mixin.py:188} INFO - [2025-06-27T00:41:58.527+0000] {dagbag.py:672} DEBUG - Calling the DAG.bulk_sync_to_db method
[2025-06-27T00:41:58.547+0000] {logging_mixin.py:188} INFO - [2025-06-27T00:41:58.547+0000] {serialized_dag.py:166} DEBUG - Checking if DAG (example_local_kubernetes_executor) changed
[2025-06-27T00:41:58.597+0000] {logging_mixin.py:188} INFO - [2025-06-27T00:41:58.597+0000] {serialized_dag.py:177} DEBUG - Serialized DAG (example_local_kubernetes_executor) is unchanged. Skipping writing to DB
[2025-06-27T00:41:58.598+0000] {logging_mixin.py:188} INFO - [2025-06-27T00:41:58.598+0000] {dag.py:3096} INFO - Sync 1 DAGs
[2025-06-27T00:41:58.617+0000] {logging_mixin.py:188} INFO - [2025-06-27T00:41:58.617+0000] {dag.py:3954} INFO - Setting next_dagrun for example_local_kubernetes_executor to None, run_after=None
[2025-06-27T00:41:58.650+0000] {processor.py:183} INFO - Processing /home/airflow/.local/lib/python3.10/site-packages/airflow/example_dags/example_local_kubernetes_executor.py took 0.160 seconds
[2025-06-27T00:42:28.971+0000] {logging_mixin.py:188} INFO - [2025-06-27T00:42:28.970+0000] {settings.py:250} DEBUG - Setting up DB connection pool (PID 16064)
[2025-06-27T00:42:28.974+0000] {logging_mixin.py:188} INFO - [2025-06-27T00:42:28.974+0000] {settings.py:330} DEBUG - settings.prepare_engine_args(): Using pool settings. pool_size=5, max_overflow=10, pool_recycle=1800, pid=16064
[2025-06-27T00:42:28.984+0000] {processor.py:161} INFO - Started process (PID=16064) to work on /home/airflow/.local/lib/python3.10/site-packages/airflow/example_dags/example_local_kubernetes_executor.py
[2025-06-27T00:42:28.985+0000] {processor.py:830} INFO - Processing file /home/airflow/.local/lib/python3.10/site-packages/airflow/example_dags/example_local_kubernetes_executor.py for tasks to queue
[2025-06-27T00:42:28.987+0000] {logging_mixin.py:188} INFO - [2025-06-27T00:42:28.986+0000] {dagbag.py:545} INFO - Filling up the DagBag from /home/airflow/.local/lib/python3.10/site-packages/airflow/example_dags/example_local_kubernetes_executor.py
[2025-06-27T00:42:28.989+0000] {logging_mixin.py:188} INFO - [2025-06-27T00:42:28.989+0000] {dagbag.py:337} DEBUG - Importing /home/airflow/.local/lib/python3.10/site-packages/airflow/example_dags/example_local_kubernetes_executor.py
[2025-06-27T00:42:29.006+0000] {logging_mixin.py:188} INFO - [2025-06-27T00:42:29.004+0000] {dagbag.py:511} DEBUG - Loaded DAG <DAG: example_local_kubernetes_executor>
[2025-06-27T00:42:29.007+0000] {processor.py:840} INFO - DAG(s) 'example_local_kubernetes_executor' retrieved from /home/airflow/.local/lib/python3.10/site-packages/airflow/example_dags/example_local_kubernetes_executor.py
[2025-06-27T00:42:29.010+0000] {logging_mixin.py:188} INFO - [2025-06-27T00:42:29.010+0000] {dagbag.py:667} DEBUG - Running dagbag.sync_to_db with retries. Try 1 of 3
[2025-06-27T00:42:29.011+0000] {logging_mixin.py:188} INFO - [2025-06-27T00:42:29.011+0000] {dagbag.py:672} DEBUG - Calling the DAG.bulk_sync_to_db method
[2025-06-27T00:42:29.040+0000] {logging_mixin.py:188} INFO - [2025-06-27T00:42:29.039+0000] {serialized_dag.py:166} DEBUG - Checking if DAG (example_local_kubernetes_executor) changed
[2025-06-27T00:42:29.087+0000] {logging_mixin.py:188} INFO - [2025-06-27T00:42:29.087+0000] {serialized_dag.py:177} DEBUG - Serialized DAG (example_local_kubernetes_executor) is unchanged. Skipping writing to DB
[2025-06-27T00:42:29.088+0000] {logging_mixin.py:188} INFO - [2025-06-27T00:42:29.088+0000] {dag.py:3096} INFO - Sync 1 DAGs
[2025-06-27T00:42:29.111+0000] {logging_mixin.py:188} INFO - [2025-06-27T00:42:29.111+0000] {dag.py:3954} INFO - Setting next_dagrun for example_local_kubernetes_executor to None, run_after=None
[2025-06-27T00:42:29.144+0000] {processor.py:183} INFO - Processing /home/airflow/.local/lib/python3.10/site-packages/airflow/example_dags/example_local_kubernetes_executor.py took 0.174 seconds
[2025-06-27T00:42:59.659+0000] {logging_mixin.py:188} INFO - [2025-06-27T00:42:59.658+0000] {settings.py:250} DEBUG - Setting up DB connection pool (PID 16127)
[2025-06-27T00:42:59.661+0000] {logging_mixin.py:188} INFO - [2025-06-27T00:42:59.661+0000] {settings.py:330} DEBUG - settings.prepare_engine_args(): Using pool settings. pool_size=5, max_overflow=10, pool_recycle=1800, pid=16127
[2025-06-27T00:42:59.671+0000] {processor.py:161} INFO - Started process (PID=16127) to work on /home/airflow/.local/lib/python3.10/site-packages/airflow/example_dags/example_local_kubernetes_executor.py
[2025-06-27T00:42:59.672+0000] {processor.py:830} INFO - Processing file /home/airflow/.local/lib/python3.10/site-packages/airflow/example_dags/example_local_kubernetes_executor.py for tasks to queue
[2025-06-27T00:42:59.674+0000] {logging_mixin.py:188} INFO - [2025-06-27T00:42:59.673+0000] {dagbag.py:545} INFO - Filling up the DagBag from /home/airflow/.local/lib/python3.10/site-packages/airflow/example_dags/example_local_kubernetes_executor.py
[2025-06-27T00:42:59.677+0000] {logging_mixin.py:188} INFO - [2025-06-27T00:42:59.676+0000] {dagbag.py:337} DEBUG - Importing /home/airflow/.local/lib/python3.10/site-packages/airflow/example_dags/example_local_kubernetes_executor.py
[2025-06-27T00:42:59.690+0000] {logging_mixin.py:188} INFO - [2025-06-27T00:42:59.689+0000] {dagbag.py:511} DEBUG - Loaded DAG <DAG: example_local_kubernetes_executor>
[2025-06-27T00:42:59.692+0000] {processor.py:840} INFO - DAG(s) 'example_local_kubernetes_executor' retrieved from /home/airflow/.local/lib/python3.10/site-packages/airflow/example_dags/example_local_kubernetes_executor.py
[2025-06-27T00:42:59.694+0000] {logging_mixin.py:188} INFO - [2025-06-27T00:42:59.694+0000] {dagbag.py:667} DEBUG - Running dagbag.sync_to_db with retries. Try 1 of 3
[2025-06-27T00:42:59.695+0000] {logging_mixin.py:188} INFO - [2025-06-27T00:42:59.695+0000] {dagbag.py:672} DEBUG - Calling the DAG.bulk_sync_to_db method
[2025-06-27T00:42:59.716+0000] {logging_mixin.py:188} INFO - [2025-06-27T00:42:59.715+0000] {serialized_dag.py:166} DEBUG - Checking if DAG (example_local_kubernetes_executor) changed
[2025-06-27T00:42:59.754+0000] {logging_mixin.py:188} INFO - [2025-06-27T00:42:59.754+0000] {serialized_dag.py:177} DEBUG - Serialized DAG (example_local_kubernetes_executor) is unchanged. Skipping writing to DB
[2025-06-27T00:42:59.755+0000] {logging_mixin.py:188} INFO - [2025-06-27T00:42:59.755+0000] {dag.py:3096} INFO - Sync 1 DAGs
[2025-06-27T00:42:59.774+0000] {logging_mixin.py:188} INFO - [2025-06-27T00:42:59.773+0000] {dag.py:3954} INFO - Setting next_dagrun for example_local_kubernetes_executor to None, run_after=None
[2025-06-27T00:42:59.805+0000] {processor.py:183} INFO - Processing /home/airflow/.local/lib/python3.10/site-packages/airflow/example_dags/example_local_kubernetes_executor.py took 0.147 seconds
[2025-06-27T00:43:30.022+0000] {logging_mixin.py:188} INFO - [2025-06-27T00:43:30.019+0000] {settings.py:250} DEBUG - Setting up DB connection pool (PID 16190)
[2025-06-27T00:43:30.024+0000] {logging_mixin.py:188} INFO - [2025-06-27T00:43:30.024+0000] {settings.py:330} DEBUG - settings.prepare_engine_args(): Using pool settings. pool_size=5, max_overflow=10, pool_recycle=1800, pid=16190
[2025-06-27T00:43:30.039+0000] {processor.py:161} INFO - Started process (PID=16190) to work on /home/airflow/.local/lib/python3.10/site-packages/airflow/example_dags/example_local_kubernetes_executor.py
[2025-06-27T00:43:30.041+0000] {processor.py:830} INFO - Processing file /home/airflow/.local/lib/python3.10/site-packages/airflow/example_dags/example_local_kubernetes_executor.py for tasks to queue
[2025-06-27T00:43:30.043+0000] {logging_mixin.py:188} INFO - [2025-06-27T00:43:30.042+0000] {dagbag.py:545} INFO - Filling up the DagBag from /home/airflow/.local/lib/python3.10/site-packages/airflow/example_dags/example_local_kubernetes_executor.py
[2025-06-27T00:43:30.045+0000] {logging_mixin.py:188} INFO - [2025-06-27T00:43:30.045+0000] {dagbag.py:337} DEBUG - Importing /home/airflow/.local/lib/python3.10/site-packages/airflow/example_dags/example_local_kubernetes_executor.py
[2025-06-27T00:43:30.067+0000] {logging_mixin.py:188} INFO - [2025-06-27T00:43:30.064+0000] {dagbag.py:511} DEBUG - Loaded DAG <DAG: example_local_kubernetes_executor>
[2025-06-27T00:43:30.069+0000] {processor.py:840} INFO - DAG(s) 'example_local_kubernetes_executor' retrieved from /home/airflow/.local/lib/python3.10/site-packages/airflow/example_dags/example_local_kubernetes_executor.py
[2025-06-27T00:43:30.072+0000] {logging_mixin.py:188} INFO - [2025-06-27T00:43:30.072+0000] {dagbag.py:667} DEBUG - Running dagbag.sync_to_db with retries. Try 1 of 3
[2025-06-27T00:43:30.073+0000] {logging_mixin.py:188} INFO - [2025-06-27T00:43:30.073+0000] {dagbag.py:672} DEBUG - Calling the DAG.bulk_sync_to_db method
[2025-06-27T00:43:30.099+0000] {logging_mixin.py:188} INFO - [2025-06-27T00:43:30.099+0000] {serialized_dag.py:166} DEBUG - Checking if DAG (example_local_kubernetes_executor) changed
[2025-06-27T00:43:30.413+0000] {logging_mixin.py:188} INFO - [2025-06-27T00:43:30.413+0000] {serialized_dag.py:177} DEBUG - Serialized DAG (example_local_kubernetes_executor) is unchanged. Skipping writing to DB
[2025-06-27T00:43:30.415+0000] {logging_mixin.py:188} INFO - [2025-06-27T00:43:30.414+0000] {dag.py:3096} INFO - Sync 1 DAGs
[2025-06-27T00:43:30.431+0000] {logging_mixin.py:188} INFO - [2025-06-27T00:43:30.430+0000] {dag.py:3954} INFO - Setting next_dagrun for example_local_kubernetes_executor to None, run_after=None
[2025-06-27T00:43:30.455+0000] {processor.py:183} INFO - Processing /home/airflow/.local/lib/python3.10/site-packages/airflow/example_dags/example_local_kubernetes_executor.py took 0.439 seconds
[2025-06-27T00:44:00.627+0000] {logging_mixin.py:188} INFO - [2025-06-27T00:44:00.626+0000] {settings.py:250} DEBUG - Setting up DB connection pool (PID 16253)
[2025-06-27T00:44:00.630+0000] {logging_mixin.py:188} INFO - [2025-06-27T00:44:00.630+0000] {settings.py:330} DEBUG - settings.prepare_engine_args(): Using pool settings. pool_size=5, max_overflow=10, pool_recycle=1800, pid=16253
[2025-06-27T00:44:00.642+0000] {processor.py:161} INFO - Started process (PID=16253) to work on /home/airflow/.local/lib/python3.10/site-packages/airflow/example_dags/example_local_kubernetes_executor.py
[2025-06-27T00:44:00.643+0000] {processor.py:830} INFO - Processing file /home/airflow/.local/lib/python3.10/site-packages/airflow/example_dags/example_local_kubernetes_executor.py for tasks to queue
[2025-06-27T00:44:00.645+0000] {logging_mixin.py:188} INFO - [2025-06-27T00:44:00.645+0000] {dagbag.py:545} INFO - Filling up the DagBag from /home/airflow/.local/lib/python3.10/site-packages/airflow/example_dags/example_local_kubernetes_executor.py
[2025-06-27T00:44:00.647+0000] {logging_mixin.py:188} INFO - [2025-06-27T00:44:00.647+0000] {dagbag.py:337} DEBUG - Importing /home/airflow/.local/lib/python3.10/site-packages/airflow/example_dags/example_local_kubernetes_executor.py
[2025-06-27T00:44:00.662+0000] {logging_mixin.py:188} INFO - [2025-06-27T00:44:00.660+0000] {dagbag.py:511} DEBUG - Loaded DAG <DAG: example_local_kubernetes_executor>
[2025-06-27T00:44:00.663+0000] {processor.py:840} INFO - DAG(s) 'example_local_kubernetes_executor' retrieved from /home/airflow/.local/lib/python3.10/site-packages/airflow/example_dags/example_local_kubernetes_executor.py
[2025-06-27T00:44:00.666+0000] {logging_mixin.py:188} INFO - [2025-06-27T00:44:00.665+0000] {dagbag.py:667} DEBUG - Running dagbag.sync_to_db with retries. Try 1 of 3
[2025-06-27T00:44:00.666+0000] {logging_mixin.py:188} INFO - [2025-06-27T00:44:00.666+0000] {dagbag.py:672} DEBUG - Calling the DAG.bulk_sync_to_db method
[2025-06-27T00:44:00.687+0000] {logging_mixin.py:188} INFO - [2025-06-27T00:44:00.687+0000] {serialized_dag.py:166} DEBUG - Checking if DAG (example_local_kubernetes_executor) changed
[2025-06-27T00:44:00.724+0000] {logging_mixin.py:188} INFO - [2025-06-27T00:44:00.723+0000] {serialized_dag.py:177} DEBUG - Serialized DAG (example_local_kubernetes_executor) is unchanged. Skipping writing to DB
[2025-06-27T00:44:00.725+0000] {logging_mixin.py:188} INFO - [2025-06-27T00:44:00.724+0000] {dag.py:3096} INFO - Sync 1 DAGs
[2025-06-27T00:44:00.954+0000] {logging_mixin.py:188} INFO - [2025-06-27T00:44:00.953+0000] {dag.py:3954} INFO - Setting next_dagrun for example_local_kubernetes_executor to None, run_after=None
[2025-06-27T00:44:00.988+0000] {processor.py:183} INFO - Processing /home/airflow/.local/lib/python3.10/site-packages/airflow/example_dags/example_local_kubernetes_executor.py took 0.362 seconds
[2025-06-27T00:44:31.456+0000] {logging_mixin.py:188} INFO - [2025-06-27T00:44:31.455+0000] {settings.py:250} DEBUG - Setting up DB connection pool (PID 16316)
[2025-06-27T00:44:31.458+0000] {logging_mixin.py:188} INFO - [2025-06-27T00:44:31.457+0000] {settings.py:330} DEBUG - settings.prepare_engine_args(): Using pool settings. pool_size=5, max_overflow=10, pool_recycle=1800, pid=16316
[2025-06-27T00:44:31.483+0000] {processor.py:161} INFO - Started process (PID=16316) to work on /home/airflow/.local/lib/python3.10/site-packages/airflow/example_dags/example_local_kubernetes_executor.py
[2025-06-27T00:44:31.485+0000] {processor.py:830} INFO - Processing file /home/airflow/.local/lib/python3.10/site-packages/airflow/example_dags/example_local_kubernetes_executor.py for tasks to queue
[2025-06-27T00:44:31.488+0000] {logging_mixin.py:188} INFO - [2025-06-27T00:44:31.488+0000] {dagbag.py:545} INFO - Filling up the DagBag from /home/airflow/.local/lib/python3.10/site-packages/airflow/example_dags/example_local_kubernetes_executor.py
[2025-06-27T00:44:31.492+0000] {logging_mixin.py:188} INFO - [2025-06-27T00:44:31.491+0000] {dagbag.py:337} DEBUG - Importing /home/airflow/.local/lib/python3.10/site-packages/airflow/example_dags/example_local_kubernetes_executor.py
[2025-06-27T00:44:31.528+0000] {logging_mixin.py:188} INFO - [2025-06-27T00:44:31.525+0000] {dagbag.py:511} DEBUG - Loaded DAG <DAG: example_local_kubernetes_executor>
[2025-06-27T00:44:31.529+0000] {processor.py:840} INFO - DAG(s) 'example_local_kubernetes_executor' retrieved from /home/airflow/.local/lib/python3.10/site-packages/airflow/example_dags/example_local_kubernetes_executor.py
[2025-06-27T00:44:31.532+0000] {logging_mixin.py:188} INFO - [2025-06-27T00:44:31.531+0000] {dagbag.py:667} DEBUG - Running dagbag.sync_to_db with retries. Try 1 of 3
[2025-06-27T00:44:31.533+0000] {logging_mixin.py:188} INFO - [2025-06-27T00:44:31.532+0000] {dagbag.py:672} DEBUG - Calling the DAG.bulk_sync_to_db method
[2025-06-27T00:44:31.561+0000] {logging_mixin.py:188} INFO - [2025-06-27T00:44:31.561+0000] {serialized_dag.py:166} DEBUG - Checking if DAG (example_local_kubernetes_executor) changed
[2025-06-27T00:44:31.616+0000] {logging_mixin.py:188} INFO - [2025-06-27T00:44:31.615+0000] {serialized_dag.py:177} DEBUG - Serialized DAG (example_local_kubernetes_executor) is unchanged. Skipping writing to DB
[2025-06-27T00:44:31.617+0000] {logging_mixin.py:188} INFO - [2025-06-27T00:44:31.617+0000] {dag.py:3096} INFO - Sync 1 DAGs
[2025-06-27T00:44:31.852+0000] {logging_mixin.py:188} INFO - [2025-06-27T00:44:31.852+0000] {dag.py:3954} INFO - Setting next_dagrun for example_local_kubernetes_executor to None, run_after=None
[2025-06-27T00:44:31.888+0000] {processor.py:183} INFO - Processing /home/airflow/.local/lib/python3.10/site-packages/airflow/example_dags/example_local_kubernetes_executor.py took 0.433 seconds
[2025-06-27T00:45:02.283+0000] {logging_mixin.py:188} INFO - [2025-06-27T00:45:02.281+0000] {settings.py:250} DEBUG - Setting up DB connection pool (PID 16379)
[2025-06-27T00:45:02.285+0000] {logging_mixin.py:188} INFO - [2025-06-27T00:45:02.284+0000] {settings.py:330} DEBUG - settings.prepare_engine_args(): Using pool settings. pool_size=5, max_overflow=10, pool_recycle=1800, pid=16379
[2025-06-27T00:45:02.295+0000] {processor.py:161} INFO - Started process (PID=16379) to work on /home/airflow/.local/lib/python3.10/site-packages/airflow/example_dags/example_local_kubernetes_executor.py
[2025-06-27T00:45:02.296+0000] {processor.py:830} INFO - Processing file /home/airflow/.local/lib/python3.10/site-packages/airflow/example_dags/example_local_kubernetes_executor.py for tasks to queue
[2025-06-27T00:45:02.297+0000] {logging_mixin.py:188} INFO - [2025-06-27T00:45:02.297+0000] {dagbag.py:545} INFO - Filling up the DagBag from /home/airflow/.local/lib/python3.10/site-packages/airflow/example_dags/example_local_kubernetes_executor.py
[2025-06-27T00:45:02.300+0000] {logging_mixin.py:188} INFO - [2025-06-27T00:45:02.299+0000] {dagbag.py:337} DEBUG - Importing /home/airflow/.local/lib/python3.10/site-packages/airflow/example_dags/example_local_kubernetes_executor.py
[2025-06-27T00:45:02.315+0000] {logging_mixin.py:188} INFO - [2025-06-27T00:45:02.313+0000] {dagbag.py:511} DEBUG - Loaded DAG <DAG: example_local_kubernetes_executor>
[2025-06-27T00:45:02.316+0000] {processor.py:840} INFO - DAG(s) 'example_local_kubernetes_executor' retrieved from /home/airflow/.local/lib/python3.10/site-packages/airflow/example_dags/example_local_kubernetes_executor.py
[2025-06-27T00:45:02.319+0000] {logging_mixin.py:188} INFO - [2025-06-27T00:45:02.318+0000] {dagbag.py:667} DEBUG - Running dagbag.sync_to_db with retries. Try 1 of 3
[2025-06-27T00:45:02.320+0000] {logging_mixin.py:188} INFO - [2025-06-27T00:45:02.319+0000] {dagbag.py:672} DEBUG - Calling the DAG.bulk_sync_to_db method
[2025-06-27T00:45:02.343+0000] {logging_mixin.py:188} INFO - [2025-06-27T00:45:02.343+0000] {serialized_dag.py:166} DEBUG - Checking if DAG (example_local_kubernetes_executor) changed
[2025-06-27T00:45:02.399+0000] {logging_mixin.py:188} INFO - [2025-06-27T00:45:02.398+0000] {serialized_dag.py:177} DEBUG - Serialized DAG (example_local_kubernetes_executor) is unchanged. Skipping writing to DB
[2025-06-27T00:45:02.400+0000] {logging_mixin.py:188} INFO - [2025-06-27T00:45:02.400+0000] {dag.py:3096} INFO - Sync 1 DAGs
[2025-06-27T00:45:02.420+0000] {logging_mixin.py:188} INFO - [2025-06-27T00:45:02.419+0000] {dag.py:3954} INFO - Setting next_dagrun for example_local_kubernetes_executor to None, run_after=None
[2025-06-27T00:45:02.459+0000] {processor.py:183} INFO - Processing /home/airflow/.local/lib/python3.10/site-packages/airflow/example_dags/example_local_kubernetes_executor.py took 0.178 seconds
[2025-06-27T00:45:32.736+0000] {logging_mixin.py:188} INFO - [2025-06-27T00:45:32.734+0000] {settings.py:250} DEBUG - Setting up DB connection pool (PID 16442)
[2025-06-27T00:45:32.738+0000] {logging_mixin.py:188} INFO - [2025-06-27T00:45:32.738+0000] {settings.py:330} DEBUG - settings.prepare_engine_args(): Using pool settings. pool_size=5, max_overflow=10, pool_recycle=1800, pid=16442
[2025-06-27T00:45:32.748+0000] {processor.py:161} INFO - Started process (PID=16442) to work on /home/airflow/.local/lib/python3.10/site-packages/airflow/example_dags/example_local_kubernetes_executor.py
[2025-06-27T00:45:32.749+0000] {processor.py:830} INFO - Processing file /home/airflow/.local/lib/python3.10/site-packages/airflow/example_dags/example_local_kubernetes_executor.py for tasks to queue
[2025-06-27T00:45:32.750+0000] {logging_mixin.py:188} INFO - [2025-06-27T00:45:32.750+0000] {dagbag.py:545} INFO - Filling up the DagBag from /home/airflow/.local/lib/python3.10/site-packages/airflow/example_dags/example_local_kubernetes_executor.py
[2025-06-27T00:45:32.753+0000] {logging_mixin.py:188} INFO - [2025-06-27T00:45:32.753+0000] {dagbag.py:337} DEBUG - Importing /home/airflow/.local/lib/python3.10/site-packages/airflow/example_dags/example_local_kubernetes_executor.py
[2025-06-27T00:45:32.764+0000] {logging_mixin.py:188} INFO - [2025-06-27T00:45:32.763+0000] {dagbag.py:511} DEBUG - Loaded DAG <DAG: example_local_kubernetes_executor>
[2025-06-27T00:45:32.765+0000] {processor.py:840} INFO - DAG(s) 'example_local_kubernetes_executor' retrieved from /home/airflow/.local/lib/python3.10/site-packages/airflow/example_dags/example_local_kubernetes_executor.py
[2025-06-27T00:45:32.768+0000] {logging_mixin.py:188} INFO - [2025-06-27T00:45:32.768+0000] {dagbag.py:667} DEBUG - Running dagbag.sync_to_db with retries. Try 1 of 3
[2025-06-27T00:45:32.769+0000] {logging_mixin.py:188} INFO - [2025-06-27T00:45:32.769+0000] {dagbag.py:672} DEBUG - Calling the DAG.bulk_sync_to_db method
[2025-06-27T00:45:32.808+0000] {logging_mixin.py:188} INFO - [2025-06-27T00:45:32.806+0000] {serialized_dag.py:166} DEBUG - Checking if DAG (example_local_kubernetes_executor) changed
[2025-06-27T00:45:32.857+0000] {logging_mixin.py:188} INFO - [2025-06-27T00:45:32.856+0000] {serialized_dag.py:177} DEBUG - Serialized DAG (example_local_kubernetes_executor) is unchanged. Skipping writing to DB
[2025-06-27T00:45:32.858+0000] {logging_mixin.py:188} INFO - [2025-06-27T00:45:32.857+0000] {dag.py:3096} INFO - Sync 1 DAGs
[2025-06-27T00:45:32.885+0000] {logging_mixin.py:188} INFO - [2025-06-27T00:45:32.884+0000] {dag.py:3954} INFO - Setting next_dagrun for example_local_kubernetes_executor to None, run_after=None
[2025-06-27T00:45:32.928+0000] {processor.py:183} INFO - Processing /home/airflow/.local/lib/python3.10/site-packages/airflow/example_dags/example_local_kubernetes_executor.py took 0.194 seconds
[2025-06-27T00:46:03.340+0000] {logging_mixin.py:188} INFO - [2025-06-27T00:46:03.339+0000] {settings.py:250} DEBUG - Setting up DB connection pool (PID 16505)
[2025-06-27T00:46:03.342+0000] {logging_mixin.py:188} INFO - [2025-06-27T00:46:03.342+0000] {settings.py:330} DEBUG - settings.prepare_engine_args(): Using pool settings. pool_size=5, max_overflow=10, pool_recycle=1800, pid=16505
[2025-06-27T00:46:03.355+0000] {processor.py:161} INFO - Started process (PID=16505) to work on /home/airflow/.local/lib/python3.10/site-packages/airflow/example_dags/example_local_kubernetes_executor.py
[2025-06-27T00:46:03.356+0000] {processor.py:830} INFO - Processing file /home/airflow/.local/lib/python3.10/site-packages/airflow/example_dags/example_local_kubernetes_executor.py for tasks to queue
[2025-06-27T00:46:03.357+0000] {logging_mixin.py:188} INFO - [2025-06-27T00:46:03.357+0000] {dagbag.py:545} INFO - Filling up the DagBag from /home/airflow/.local/lib/python3.10/site-packages/airflow/example_dags/example_local_kubernetes_executor.py
[2025-06-27T00:46:03.360+0000] {logging_mixin.py:188} INFO - [2025-06-27T00:46:03.360+0000] {dagbag.py:337} DEBUG - Importing /home/airflow/.local/lib/python3.10/site-packages/airflow/example_dags/example_local_kubernetes_executor.py
[2025-06-27T00:46:03.374+0000] {logging_mixin.py:188} INFO - [2025-06-27T00:46:03.372+0000] {dagbag.py:511} DEBUG - Loaded DAG <DAG: example_local_kubernetes_executor>
[2025-06-27T00:46:03.375+0000] {processor.py:840} INFO - DAG(s) 'example_local_kubernetes_executor' retrieved from /home/airflow/.local/lib/python3.10/site-packages/airflow/example_dags/example_local_kubernetes_executor.py
[2025-06-27T00:46:03.377+0000] {logging_mixin.py:188} INFO - [2025-06-27T00:46:03.377+0000] {dagbag.py:667} DEBUG - Running dagbag.sync_to_db with retries. Try 1 of 3
[2025-06-27T00:46:03.378+0000] {logging_mixin.py:188} INFO - [2025-06-27T00:46:03.378+0000] {dagbag.py:672} DEBUG - Calling the DAG.bulk_sync_to_db method
[2025-06-27T00:46:03.404+0000] {logging_mixin.py:188} INFO - [2025-06-27T00:46:03.403+0000] {serialized_dag.py:166} DEBUG - Checking if DAG (example_local_kubernetes_executor) changed
[2025-06-27T00:46:03.448+0000] {logging_mixin.py:188} INFO - [2025-06-27T00:46:03.448+0000] {serialized_dag.py:177} DEBUG - Serialized DAG (example_local_kubernetes_executor) is unchanged. Skipping writing to DB
[2025-06-27T00:46:03.450+0000] {logging_mixin.py:188} INFO - [2025-06-27T00:46:03.449+0000] {dag.py:3096} INFO - Sync 1 DAGs
[2025-06-27T00:46:03.471+0000] {logging_mixin.py:188} INFO - [2025-06-27T00:46:03.471+0000] {dag.py:3954} INFO - Setting next_dagrun for example_local_kubernetes_executor to None, run_after=None
[2025-06-27T00:46:03.508+0000] {processor.py:183} INFO - Processing /home/airflow/.local/lib/python3.10/site-packages/airflow/example_dags/example_local_kubernetes_executor.py took 0.169 seconds
[2025-06-27T00:46:34.574+0000] {logging_mixin.py:188} INFO - [2025-06-27T00:46:34.573+0000] {settings.py:250} DEBUG - Setting up DB connection pool (PID 16569)
[2025-06-27T00:46:34.577+0000] {logging_mixin.py:188} INFO - [2025-06-27T00:46:34.576+0000] {settings.py:330} DEBUG - settings.prepare_engine_args(): Using pool settings. pool_size=5, max_overflow=10, pool_recycle=1800, pid=16569
[2025-06-27T00:46:34.589+0000] {processor.py:161} INFO - Started process (PID=16569) to work on /home/airflow/.local/lib/python3.10/site-packages/airflow/example_dags/example_local_kubernetes_executor.py
[2025-06-27T00:46:34.591+0000] {processor.py:830} INFO - Processing file /home/airflow/.local/lib/python3.10/site-packages/airflow/example_dags/example_local_kubernetes_executor.py for tasks to queue
[2025-06-27T00:46:34.592+0000] {logging_mixin.py:188} INFO - [2025-06-27T00:46:34.592+0000] {dagbag.py:545} INFO - Filling up the DagBag from /home/airflow/.local/lib/python3.10/site-packages/airflow/example_dags/example_local_kubernetes_executor.py
[2025-06-27T00:46:34.595+0000] {logging_mixin.py:188} INFO - [2025-06-27T00:46:34.594+0000] {dagbag.py:337} DEBUG - Importing /home/airflow/.local/lib/python3.10/site-packages/airflow/example_dags/example_local_kubernetes_executor.py
[2025-06-27T00:46:34.611+0000] {logging_mixin.py:188} INFO - [2025-06-27T00:46:34.609+0000] {dagbag.py:511} DEBUG - Loaded DAG <DAG: example_local_kubernetes_executor>
[2025-06-27T00:46:34.612+0000] {processor.py:840} INFO - DAG(s) 'example_local_kubernetes_executor' retrieved from /home/airflow/.local/lib/python3.10/site-packages/airflow/example_dags/example_local_kubernetes_executor.py
[2025-06-27T00:46:34.614+0000] {logging_mixin.py:188} INFO - [2025-06-27T00:46:34.614+0000] {dagbag.py:667} DEBUG - Running dagbag.sync_to_db with retries. Try 1 of 3
[2025-06-27T00:46:34.615+0000] {logging_mixin.py:188} INFO - [2025-06-27T00:46:34.615+0000] {dagbag.py:672} DEBUG - Calling the DAG.bulk_sync_to_db method
[2025-06-27T00:46:34.639+0000] {logging_mixin.py:188} INFO - [2025-06-27T00:46:34.638+0000] {serialized_dag.py:166} DEBUG - Checking if DAG (example_local_kubernetes_executor) changed
[2025-06-27T00:46:34.691+0000] {logging_mixin.py:188} INFO - [2025-06-27T00:46:34.690+0000] {serialized_dag.py:177} DEBUG - Serialized DAG (example_local_kubernetes_executor) is unchanged. Skipping writing to DB
[2025-06-27T00:46:34.692+0000] {logging_mixin.py:188} INFO - [2025-06-27T00:46:34.691+0000] {dag.py:3096} INFO - Sync 1 DAGs
[2025-06-27T00:46:34.711+0000] {logging_mixin.py:188} INFO - [2025-06-27T00:46:34.711+0000] {dag.py:3954} INFO - Setting next_dagrun for example_local_kubernetes_executor to None, run_after=None
[2025-06-27T00:46:34.739+0000] {processor.py:183} INFO - Processing /home/airflow/.local/lib/python3.10/site-packages/airflow/example_dags/example_local_kubernetes_executor.py took 0.167 seconds
[2025-06-27T00:47:04.958+0000] {logging_mixin.py:188} INFO - [2025-06-27T00:47:04.956+0000] {settings.py:250} DEBUG - Setting up DB connection pool (PID 16630)
[2025-06-27T00:47:04.961+0000] {logging_mixin.py:188} INFO - [2025-06-27T00:47:04.960+0000] {settings.py:330} DEBUG - settings.prepare_engine_args(): Using pool settings. pool_size=5, max_overflow=10, pool_recycle=1800, pid=16630
[2025-06-27T00:47:04.971+0000] {processor.py:161} INFO - Started process (PID=16630) to work on /home/airflow/.local/lib/python3.10/site-packages/airflow/example_dags/example_local_kubernetes_executor.py
[2025-06-27T00:47:04.972+0000] {processor.py:830} INFO - Processing file /home/airflow/.local/lib/python3.10/site-packages/airflow/example_dags/example_local_kubernetes_executor.py for tasks to queue
[2025-06-27T00:47:04.974+0000] {logging_mixin.py:188} INFO - [2025-06-27T00:47:04.973+0000] {dagbag.py:545} INFO - Filling up the DagBag from /home/airflow/.local/lib/python3.10/site-packages/airflow/example_dags/example_local_kubernetes_executor.py
[2025-06-27T00:47:04.976+0000] {logging_mixin.py:188} INFO - [2025-06-27T00:47:04.976+0000] {dagbag.py:337} DEBUG - Importing /home/airflow/.local/lib/python3.10/site-packages/airflow/example_dags/example_local_kubernetes_executor.py
[2025-06-27T00:47:04.993+0000] {logging_mixin.py:188} INFO - [2025-06-27T00:47:04.990+0000] {dagbag.py:511} DEBUG - Loaded DAG <DAG: example_local_kubernetes_executor>
[2025-06-27T00:47:04.994+0000] {processor.py:840} INFO - DAG(s) 'example_local_kubernetes_executor' retrieved from /home/airflow/.local/lib/python3.10/site-packages/airflow/example_dags/example_local_kubernetes_executor.py
[2025-06-27T00:47:04.997+0000] {logging_mixin.py:188} INFO - [2025-06-27T00:47:04.997+0000] {dagbag.py:667} DEBUG - Running dagbag.sync_to_db with retries. Try 1 of 3
[2025-06-27T00:47:04.998+0000] {logging_mixin.py:188} INFO - [2025-06-27T00:47:04.998+0000] {dagbag.py:672} DEBUG - Calling the DAG.bulk_sync_to_db method
[2025-06-27T00:47:05.025+0000] {logging_mixin.py:188} INFO - [2025-06-27T00:47:05.025+0000] {serialized_dag.py:166} DEBUG - Checking if DAG (example_local_kubernetes_executor) changed
[2025-06-27T00:47:05.072+0000] {logging_mixin.py:188} INFO - [2025-06-27T00:47:05.071+0000] {serialized_dag.py:177} DEBUG - Serialized DAG (example_local_kubernetes_executor) is unchanged. Skipping writing to DB
[2025-06-27T00:47:05.073+0000] {logging_mixin.py:188} INFO - [2025-06-27T00:47:05.072+0000] {dag.py:3096} INFO - Sync 1 DAGs
[2025-06-27T00:47:05.092+0000] {logging_mixin.py:188} INFO - [2025-06-27T00:47:05.092+0000] {dag.py:3954} INFO - Setting next_dagrun for example_local_kubernetes_executor to None, run_after=None
[2025-06-27T00:47:05.118+0000] {processor.py:183} INFO - Processing /home/airflow/.local/lib/python3.10/site-packages/airflow/example_dags/example_local_kubernetes_executor.py took 0.162 seconds
[2025-06-27T00:47:35.457+0000] {logging_mixin.py:188} INFO - [2025-06-27T00:47:35.455+0000] {settings.py:250} DEBUG - Setting up DB connection pool (PID 16693)
[2025-06-27T00:47:35.460+0000] {logging_mixin.py:188} INFO - [2025-06-27T00:47:35.460+0000] {settings.py:330} DEBUG - settings.prepare_engine_args(): Using pool settings. pool_size=5, max_overflow=10, pool_recycle=1800, pid=16693
[2025-06-27T00:47:35.477+0000] {processor.py:161} INFO - Started process (PID=16693) to work on /home/airflow/.local/lib/python3.10/site-packages/airflow/example_dags/example_local_kubernetes_executor.py
[2025-06-27T00:47:35.478+0000] {processor.py:830} INFO - Processing file /home/airflow/.local/lib/python3.10/site-packages/airflow/example_dags/example_local_kubernetes_executor.py for tasks to queue
[2025-06-27T00:47:35.480+0000] {logging_mixin.py:188} INFO - [2025-06-27T00:47:35.479+0000] {dagbag.py:545} INFO - Filling up the DagBag from /home/airflow/.local/lib/python3.10/site-packages/airflow/example_dags/example_local_kubernetes_executor.py
[2025-06-27T00:47:35.484+0000] {logging_mixin.py:188} INFO - [2025-06-27T00:47:35.483+0000] {dagbag.py:337} DEBUG - Importing /home/airflow/.local/lib/python3.10/site-packages/airflow/example_dags/example_local_kubernetes_executor.py
[2025-06-27T00:47:35.504+0000] {logging_mixin.py:188} INFO - [2025-06-27T00:47:35.501+0000] {dagbag.py:511} DEBUG - Loaded DAG <DAG: example_local_kubernetes_executor>
[2025-06-27T00:47:35.506+0000] {processor.py:840} INFO - DAG(s) 'example_local_kubernetes_executor' retrieved from /home/airflow/.local/lib/python3.10/site-packages/airflow/example_dags/example_local_kubernetes_executor.py
[2025-06-27T00:47:35.509+0000] {logging_mixin.py:188} INFO - [2025-06-27T00:47:35.509+0000] {dagbag.py:667} DEBUG - Running dagbag.sync_to_db with retries. Try 1 of 3
[2025-06-27T00:47:35.511+0000] {logging_mixin.py:188} INFO - [2025-06-27T00:47:35.511+0000] {dagbag.py:672} DEBUG - Calling the DAG.bulk_sync_to_db method
[2025-06-27T00:47:35.537+0000] {logging_mixin.py:188} INFO - [2025-06-27T00:47:35.537+0000] {serialized_dag.py:166} DEBUG - Checking if DAG (example_local_kubernetes_executor) changed
[2025-06-27T00:47:35.587+0000] {logging_mixin.py:188} INFO - [2025-06-27T00:47:35.587+0000] {serialized_dag.py:177} DEBUG - Serialized DAG (example_local_kubernetes_executor) is unchanged. Skipping writing to DB
[2025-06-27T00:47:35.588+0000] {logging_mixin.py:188} INFO - [2025-06-27T00:47:35.588+0000] {dag.py:3096} INFO - Sync 1 DAGs
[2025-06-27T00:47:35.614+0000] {logging_mixin.py:188} INFO - [2025-06-27T00:47:35.614+0000] {dag.py:3954} INFO - Setting next_dagrun for example_local_kubernetes_executor to None, run_after=None
[2025-06-27T00:47:35.649+0000] {processor.py:183} INFO - Processing /home/airflow/.local/lib/python3.10/site-packages/airflow/example_dags/example_local_kubernetes_executor.py took 0.194 seconds
[2025-06-27T00:48:05.753+0000] {logging_mixin.py:188} INFO - [2025-06-27T00:48:05.752+0000] {settings.py:250} DEBUG - Setting up DB connection pool (PID 16755)
[2025-06-27T00:48:05.756+0000] {logging_mixin.py:188} INFO - [2025-06-27T00:48:05.755+0000] {settings.py:330} DEBUG - settings.prepare_engine_args(): Using pool settings. pool_size=5, max_overflow=10, pool_recycle=1800, pid=16755
[2025-06-27T00:48:05.769+0000] {processor.py:161} INFO - Started process (PID=16755) to work on /home/airflow/.local/lib/python3.10/site-packages/airflow/example_dags/example_local_kubernetes_executor.py
[2025-06-27T00:48:05.770+0000] {processor.py:830} INFO - Processing file /home/airflow/.local/lib/python3.10/site-packages/airflow/example_dags/example_local_kubernetes_executor.py for tasks to queue
[2025-06-27T00:48:05.777+0000] {logging_mixin.py:188} INFO - [2025-06-27T00:48:05.776+0000] {dagbag.py:545} INFO - Filling up the DagBag from /home/airflow/.local/lib/python3.10/site-packages/airflow/example_dags/example_local_kubernetes_executor.py
[2025-06-27T00:48:05.781+0000] {logging_mixin.py:188} INFO - [2025-06-27T00:48:05.780+0000] {dagbag.py:337} DEBUG - Importing /home/airflow/.local/lib/python3.10/site-packages/airflow/example_dags/example_local_kubernetes_executor.py
[2025-06-27T00:48:05.797+0000] {logging_mixin.py:188} INFO - [2025-06-27T00:48:05.795+0000] {dagbag.py:511} DEBUG - Loaded DAG <DAG: example_local_kubernetes_executor>
[2025-06-27T00:48:05.797+0000] {processor.py:840} INFO - DAG(s) 'example_local_kubernetes_executor' retrieved from /home/airflow/.local/lib/python3.10/site-packages/airflow/example_dags/example_local_kubernetes_executor.py
[2025-06-27T00:48:05.801+0000] {logging_mixin.py:188} INFO - [2025-06-27T00:48:05.801+0000] {dagbag.py:667} DEBUG - Running dagbag.sync_to_db with retries. Try 1 of 3
[2025-06-27T00:48:05.802+0000] {logging_mixin.py:188} INFO - [2025-06-27T00:48:05.802+0000] {dagbag.py:672} DEBUG - Calling the DAG.bulk_sync_to_db method
[2025-06-27T00:48:05.826+0000] {logging_mixin.py:188} INFO - [2025-06-27T00:48:05.825+0000] {serialized_dag.py:166} DEBUG - Checking if DAG (example_local_kubernetes_executor) changed
[2025-06-27T00:48:05.866+0000] {logging_mixin.py:188} INFO - [2025-06-27T00:48:05.866+0000] {serialized_dag.py:177} DEBUG - Serialized DAG (example_local_kubernetes_executor) is unchanged. Skipping writing to DB
[2025-06-27T00:48:05.868+0000] {logging_mixin.py:188} INFO - [2025-06-27T00:48:05.867+0000] {dag.py:3096} INFO - Sync 1 DAGs
[2025-06-27T00:48:05.891+0000] {logging_mixin.py:188} INFO - [2025-06-27T00:48:05.890+0000] {dag.py:3954} INFO - Setting next_dagrun for example_local_kubernetes_executor to None, run_after=None
[2025-06-27T00:48:05.925+0000] {processor.py:183} INFO - Processing /home/airflow/.local/lib/python3.10/site-packages/airflow/example_dags/example_local_kubernetes_executor.py took 0.173 seconds
[2025-06-27T00:48:36.331+0000] {logging_mixin.py:188} INFO - [2025-06-27T00:48:36.329+0000] {settings.py:250} DEBUG - Setting up DB connection pool (PID 16819)
[2025-06-27T00:48:36.333+0000] {logging_mixin.py:188} INFO - [2025-06-27T00:48:36.333+0000] {settings.py:330} DEBUG - settings.prepare_engine_args(): Using pool settings. pool_size=5, max_overflow=10, pool_recycle=1800, pid=16819
[2025-06-27T00:48:36.349+0000] {processor.py:161} INFO - Started process (PID=16819) to work on /home/airflow/.local/lib/python3.10/site-packages/airflow/example_dags/example_local_kubernetes_executor.py
[2025-06-27T00:48:36.351+0000] {processor.py:830} INFO - Processing file /home/airflow/.local/lib/python3.10/site-packages/airflow/example_dags/example_local_kubernetes_executor.py for tasks to queue
[2025-06-27T00:48:36.353+0000] {logging_mixin.py:188} INFO - [2025-06-27T00:48:36.352+0000] {dagbag.py:545} INFO - Filling up the DagBag from /home/airflow/.local/lib/python3.10/site-packages/airflow/example_dags/example_local_kubernetes_executor.py
[2025-06-27T00:48:36.356+0000] {logging_mixin.py:188} INFO - [2025-06-27T00:48:36.355+0000] {dagbag.py:337} DEBUG - Importing /home/airflow/.local/lib/python3.10/site-packages/airflow/example_dags/example_local_kubernetes_executor.py
[2025-06-27T00:48:36.377+0000] {logging_mixin.py:188} INFO - [2025-06-27T00:48:36.374+0000] {dagbag.py:511} DEBUG - Loaded DAG <DAG: example_local_kubernetes_executor>
[2025-06-27T00:48:36.379+0000] {processor.py:840} INFO - DAG(s) 'example_local_kubernetes_executor' retrieved from /home/airflow/.local/lib/python3.10/site-packages/airflow/example_dags/example_local_kubernetes_executor.py
[2025-06-27T00:48:36.383+0000] {logging_mixin.py:188} INFO - [2025-06-27T00:48:36.382+0000] {dagbag.py:667} DEBUG - Running dagbag.sync_to_db with retries. Try 1 of 3
[2025-06-27T00:48:36.383+0000] {logging_mixin.py:188} INFO - [2025-06-27T00:48:36.383+0000] {dagbag.py:672} DEBUG - Calling the DAG.bulk_sync_to_db method
[2025-06-27T00:48:36.411+0000] {logging_mixin.py:188} INFO - [2025-06-27T00:48:36.411+0000] {serialized_dag.py:166} DEBUG - Checking if DAG (example_local_kubernetes_executor) changed
[2025-06-27T00:48:36.470+0000] {logging_mixin.py:188} INFO - [2025-06-27T00:48:36.470+0000] {serialized_dag.py:177} DEBUG - Serialized DAG (example_local_kubernetes_executor) is unchanged. Skipping writing to DB
[2025-06-27T00:48:36.471+0000] {logging_mixin.py:188} INFO - [2025-06-27T00:48:36.471+0000] {dag.py:3096} INFO - Sync 1 DAGs
[2025-06-27T00:48:36.499+0000] {logging_mixin.py:188} INFO - [2025-06-27T00:48:36.499+0000] {dag.py:3954} INFO - Setting next_dagrun for example_local_kubernetes_executor to None, run_after=None
[2025-06-27T00:48:36.532+0000] {processor.py:183} INFO - Processing /home/airflow/.local/lib/python3.10/site-packages/airflow/example_dags/example_local_kubernetes_executor.py took 0.204 seconds
[2025-06-27T00:49:06.876+0000] {logging_mixin.py:188} INFO - [2025-06-27T00:49:06.875+0000] {settings.py:250} DEBUG - Setting up DB connection pool (PID 16882)
[2025-06-27T00:49:06.878+0000] {logging_mixin.py:188} INFO - [2025-06-27T00:49:06.878+0000] {settings.py:330} DEBUG - settings.prepare_engine_args(): Using pool settings. pool_size=5, max_overflow=10, pool_recycle=1800, pid=16882
[2025-06-27T00:49:06.889+0000] {processor.py:161} INFO - Started process (PID=16882) to work on /home/airflow/.local/lib/python3.10/site-packages/airflow/example_dags/example_local_kubernetes_executor.py
[2025-06-27T00:49:06.890+0000] {processor.py:830} INFO - Processing file /home/airflow/.local/lib/python3.10/site-packages/airflow/example_dags/example_local_kubernetes_executor.py for tasks to queue
[2025-06-27T00:49:06.891+0000] {logging_mixin.py:188} INFO - [2025-06-27T00:49:06.891+0000] {dagbag.py:545} INFO - Filling up the DagBag from /home/airflow/.local/lib/python3.10/site-packages/airflow/example_dags/example_local_kubernetes_executor.py
[2025-06-27T00:49:06.893+0000] {logging_mixin.py:188} INFO - [2025-06-27T00:49:06.893+0000] {dagbag.py:337} DEBUG - Importing /home/airflow/.local/lib/python3.10/site-packages/airflow/example_dags/example_local_kubernetes_executor.py
[2025-06-27T00:49:06.907+0000] {logging_mixin.py:188} INFO - [2025-06-27T00:49:06.905+0000] {dagbag.py:511} DEBUG - Loaded DAG <DAG: example_local_kubernetes_executor>
[2025-06-27T00:49:06.908+0000] {processor.py:840} INFO - DAG(s) 'example_local_kubernetes_executor' retrieved from /home/airflow/.local/lib/python3.10/site-packages/airflow/example_dags/example_local_kubernetes_executor.py
[2025-06-27T00:49:06.911+0000] {logging_mixin.py:188} INFO - [2025-06-27T00:49:06.911+0000] {dagbag.py:667} DEBUG - Running dagbag.sync_to_db with retries. Try 1 of 3
[2025-06-27T00:49:06.912+0000] {logging_mixin.py:188} INFO - [2025-06-27T00:49:06.912+0000] {dagbag.py:672} DEBUG - Calling the DAG.bulk_sync_to_db method
[2025-06-27T00:49:06.935+0000] {logging_mixin.py:188} INFO - [2025-06-27T00:49:06.935+0000] {serialized_dag.py:166} DEBUG - Checking if DAG (example_local_kubernetes_executor) changed
[2025-06-27T00:49:06.986+0000] {logging_mixin.py:188} INFO - [2025-06-27T00:49:06.986+0000] {serialized_dag.py:177} DEBUG - Serialized DAG (example_local_kubernetes_executor) is unchanged. Skipping writing to DB
[2025-06-27T00:49:06.987+0000] {logging_mixin.py:188} INFO - [2025-06-27T00:49:06.987+0000] {dag.py:3096} INFO - Sync 1 DAGs
[2025-06-27T00:49:07.012+0000] {logging_mixin.py:188} INFO - [2025-06-27T00:49:07.011+0000] {dag.py:3954} INFO - Setting next_dagrun for example_local_kubernetes_executor to None, run_after=None
[2025-06-27T00:49:07.050+0000] {processor.py:183} INFO - Processing /home/airflow/.local/lib/python3.10/site-packages/airflow/example_dags/example_local_kubernetes_executor.py took 0.175 seconds
[2025-06-27T00:49:37.643+0000] {logging_mixin.py:188} INFO - [2025-06-27T00:49:37.641+0000] {settings.py:250} DEBUG - Setting up DB connection pool (PID 16945)
[2025-06-27T00:49:37.647+0000] {logging_mixin.py:188} INFO - [2025-06-27T00:49:37.646+0000] {settings.py:330} DEBUG - settings.prepare_engine_args(): Using pool settings. pool_size=5, max_overflow=10, pool_recycle=1800, pid=16945
[2025-06-27T00:49:37.663+0000] {processor.py:161} INFO - Started process (PID=16945) to work on /home/airflow/.local/lib/python3.10/site-packages/airflow/example_dags/example_local_kubernetes_executor.py
[2025-06-27T00:49:37.665+0000] {processor.py:830} INFO - Processing file /home/airflow/.local/lib/python3.10/site-packages/airflow/example_dags/example_local_kubernetes_executor.py for tasks to queue
[2025-06-27T00:49:37.667+0000] {logging_mixin.py:188} INFO - [2025-06-27T00:49:37.667+0000] {dagbag.py:545} INFO - Filling up the DagBag from /home/airflow/.local/lib/python3.10/site-packages/airflow/example_dags/example_local_kubernetes_executor.py
[2025-06-27T00:49:37.671+0000] {logging_mixin.py:188} INFO - [2025-06-27T00:49:37.670+0000] {dagbag.py:337} DEBUG - Importing /home/airflow/.local/lib/python3.10/site-packages/airflow/example_dags/example_local_kubernetes_executor.py
[2025-06-27T00:49:37.690+0000] {logging_mixin.py:188} INFO - [2025-06-27T00:49:37.687+0000] {dagbag.py:511} DEBUG - Loaded DAG <DAG: example_local_kubernetes_executor>
[2025-06-27T00:49:37.692+0000] {processor.py:840} INFO - DAG(s) 'example_local_kubernetes_executor' retrieved from /home/airflow/.local/lib/python3.10/site-packages/airflow/example_dags/example_local_kubernetes_executor.py
[2025-06-27T00:49:37.694+0000] {logging_mixin.py:188} INFO - [2025-06-27T00:49:37.694+0000] {dagbag.py:667} DEBUG - Running dagbag.sync_to_db with retries. Try 1 of 3
[2025-06-27T00:49:37.695+0000] {logging_mixin.py:188} INFO - [2025-06-27T00:49:37.695+0000] {dagbag.py:672} DEBUG - Calling the DAG.bulk_sync_to_db method
[2025-06-27T00:49:37.721+0000] {logging_mixin.py:188} INFO - [2025-06-27T00:49:37.721+0000] {serialized_dag.py:166} DEBUG - Checking if DAG (example_local_kubernetes_executor) changed
[2025-06-27T00:49:37.763+0000] {logging_mixin.py:188} INFO - [2025-06-27T00:49:37.763+0000] {serialized_dag.py:177} DEBUG - Serialized DAG (example_local_kubernetes_executor) is unchanged. Skipping writing to DB
[2025-06-27T00:49:37.765+0000] {logging_mixin.py:188} INFO - [2025-06-27T00:49:37.764+0000] {dag.py:3096} INFO - Sync 1 DAGs
[2025-06-27T00:49:37.784+0000] {logging_mixin.py:188} INFO - [2025-06-27T00:49:37.784+0000] {dag.py:3954} INFO - Setting next_dagrun for example_local_kubernetes_executor to None, run_after=None
[2025-06-27T00:49:37.819+0000] {processor.py:183} INFO - Processing /home/airflow/.local/lib/python3.10/site-packages/airflow/example_dags/example_local_kubernetes_executor.py took 0.178 seconds
[2025-06-27T00:50:08.080+0000] {logging_mixin.py:188} INFO - [2025-06-27T00:50:08.078+0000] {settings.py:250} DEBUG - Setting up DB connection pool (PID 17008)
[2025-06-27T00:50:08.082+0000] {logging_mixin.py:188} INFO - [2025-06-27T00:50:08.082+0000] {settings.py:330} DEBUG - settings.prepare_engine_args(): Using pool settings. pool_size=5, max_overflow=10, pool_recycle=1800, pid=17008
[2025-06-27T00:50:08.097+0000] {processor.py:161} INFO - Started process (PID=17008) to work on /home/airflow/.local/lib/python3.10/site-packages/airflow/example_dags/example_local_kubernetes_executor.py
[2025-06-27T00:50:08.099+0000] {processor.py:830} INFO - Processing file /home/airflow/.local/lib/python3.10/site-packages/airflow/example_dags/example_local_kubernetes_executor.py for tasks to queue
[2025-06-27T00:50:08.101+0000] {logging_mixin.py:188} INFO - [2025-06-27T00:50:08.100+0000] {dagbag.py:545} INFO - Filling up the DagBag from /home/airflow/.local/lib/python3.10/site-packages/airflow/example_dags/example_local_kubernetes_executor.py
[2025-06-27T00:50:08.104+0000] {logging_mixin.py:188} INFO - [2025-06-27T00:50:08.104+0000] {dagbag.py:337} DEBUG - Importing /home/airflow/.local/lib/python3.10/site-packages/airflow/example_dags/example_local_kubernetes_executor.py
[2025-06-27T00:50:08.124+0000] {logging_mixin.py:188} INFO - [2025-06-27T00:50:08.121+0000] {dagbag.py:511} DEBUG - Loaded DAG <DAG: example_local_kubernetes_executor>
[2025-06-27T00:50:08.126+0000] {processor.py:840} INFO - DAG(s) 'example_local_kubernetes_executor' retrieved from /home/airflow/.local/lib/python3.10/site-packages/airflow/example_dags/example_local_kubernetes_executor.py
[2025-06-27T00:50:08.129+0000] {logging_mixin.py:188} INFO - [2025-06-27T00:50:08.128+0000] {dagbag.py:667} DEBUG - Running dagbag.sync_to_db with retries. Try 1 of 3
[2025-06-27T00:50:08.129+0000] {logging_mixin.py:188} INFO - [2025-06-27T00:50:08.129+0000] {dagbag.py:672} DEBUG - Calling the DAG.bulk_sync_to_db method
[2025-06-27T00:50:08.157+0000] {logging_mixin.py:188} INFO - [2025-06-27T00:50:08.156+0000] {serialized_dag.py:166} DEBUG - Checking if DAG (example_local_kubernetes_executor) changed
[2025-06-27T00:50:08.199+0000] {logging_mixin.py:188} INFO - [2025-06-27T00:50:08.199+0000] {serialized_dag.py:177} DEBUG - Serialized DAG (example_local_kubernetes_executor) is unchanged. Skipping writing to DB
[2025-06-27T00:50:08.200+0000] {logging_mixin.py:188} INFO - [2025-06-27T00:50:08.200+0000] {dag.py:3096} INFO - Sync 1 DAGs
[2025-06-27T00:50:08.218+0000] {logging_mixin.py:188} INFO - [2025-06-27T00:50:08.217+0000] {dag.py:3954} INFO - Setting next_dagrun for example_local_kubernetes_executor to None, run_after=None
[2025-06-27T00:50:08.261+0000] {processor.py:183} INFO - Processing /home/airflow/.local/lib/python3.10/site-packages/airflow/example_dags/example_local_kubernetes_executor.py took 0.183 seconds
[2025-06-27T00:50:38.691+0000] {logging_mixin.py:188} INFO - [2025-06-27T00:50:38.689+0000] {settings.py:250} DEBUG - Setting up DB connection pool (PID 17072)
[2025-06-27T00:50:38.693+0000] {logging_mixin.py:188} INFO - [2025-06-27T00:50:38.693+0000] {settings.py:330} DEBUG - settings.prepare_engine_args(): Using pool settings. pool_size=5, max_overflow=10, pool_recycle=1800, pid=17072
[2025-06-27T00:50:38.704+0000] {processor.py:161} INFO - Started process (PID=17072) to work on /home/airflow/.local/lib/python3.10/site-packages/airflow/example_dags/example_local_kubernetes_executor.py
[2025-06-27T00:50:38.705+0000] {processor.py:830} INFO - Processing file /home/airflow/.local/lib/python3.10/site-packages/airflow/example_dags/example_local_kubernetes_executor.py for tasks to queue
[2025-06-27T00:50:38.706+0000] {logging_mixin.py:188} INFO - [2025-06-27T00:50:38.706+0000] {dagbag.py:545} INFO - Filling up the DagBag from /home/airflow/.local/lib/python3.10/site-packages/airflow/example_dags/example_local_kubernetes_executor.py
[2025-06-27T00:50:38.708+0000] {logging_mixin.py:188} INFO - [2025-06-27T00:50:38.708+0000] {dagbag.py:337} DEBUG - Importing /home/airflow/.local/lib/python3.10/site-packages/airflow/example_dags/example_local_kubernetes_executor.py
[2025-06-27T00:50:38.721+0000] {logging_mixin.py:188} INFO - [2025-06-27T00:50:38.719+0000] {dagbag.py:511} DEBUG - Loaded DAG <DAG: example_local_kubernetes_executor>
[2025-06-27T00:50:38.722+0000] {processor.py:840} INFO - DAG(s) 'example_local_kubernetes_executor' retrieved from /home/airflow/.local/lib/python3.10/site-packages/airflow/example_dags/example_local_kubernetes_executor.py
[2025-06-27T00:50:38.725+0000] {logging_mixin.py:188} INFO - [2025-06-27T00:50:38.724+0000] {dagbag.py:667} DEBUG - Running dagbag.sync_to_db with retries. Try 1 of 3
[2025-06-27T00:50:38.726+0000] {logging_mixin.py:188} INFO - [2025-06-27T00:50:38.725+0000] {dagbag.py:672} DEBUG - Calling the DAG.bulk_sync_to_db method
[2025-06-27T00:50:38.749+0000] {logging_mixin.py:188} INFO - [2025-06-27T00:50:38.749+0000] {serialized_dag.py:166} DEBUG - Checking if DAG (example_local_kubernetes_executor) changed
[2025-06-27T00:50:38.796+0000] {logging_mixin.py:188} INFO - [2025-06-27T00:50:38.796+0000] {serialized_dag.py:177} DEBUG - Serialized DAG (example_local_kubernetes_executor) is unchanged. Skipping writing to DB
[2025-06-27T00:50:38.797+0000] {logging_mixin.py:188} INFO - [2025-06-27T00:50:38.797+0000] {dag.py:3096} INFO - Sync 1 DAGs
[2025-06-27T00:50:38.818+0000] {logging_mixin.py:188} INFO - [2025-06-27T00:50:38.817+0000] {dag.py:3954} INFO - Setting next_dagrun for example_local_kubernetes_executor to None, run_after=None
[2025-06-27T00:50:38.856+0000] {processor.py:183} INFO - Processing /home/airflow/.local/lib/python3.10/site-packages/airflow/example_dags/example_local_kubernetes_executor.py took 0.167 seconds
[2025-06-27T00:51:09.359+0000] {logging_mixin.py:188} INFO - [2025-06-27T00:51:09.358+0000] {settings.py:250} DEBUG - Setting up DB connection pool (PID 17135)
[2025-06-27T00:51:09.361+0000] {logging_mixin.py:188} INFO - [2025-06-27T00:51:09.361+0000] {settings.py:330} DEBUG - settings.prepare_engine_args(): Using pool settings. pool_size=5, max_overflow=10, pool_recycle=1800, pid=17135
[2025-06-27T00:51:09.372+0000] {processor.py:161} INFO - Started process (PID=17135) to work on /home/airflow/.local/lib/python3.10/site-packages/airflow/example_dags/example_local_kubernetes_executor.py
[2025-06-27T00:51:09.373+0000] {processor.py:830} INFO - Processing file /home/airflow/.local/lib/python3.10/site-packages/airflow/example_dags/example_local_kubernetes_executor.py for tasks to queue
[2025-06-27T00:51:09.375+0000] {logging_mixin.py:188} INFO - [2025-06-27T00:51:09.375+0000] {dagbag.py:545} INFO - Filling up the DagBag from /home/airflow/.local/lib/python3.10/site-packages/airflow/example_dags/example_local_kubernetes_executor.py
[2025-06-27T00:51:09.377+0000] {logging_mixin.py:188} INFO - [2025-06-27T00:51:09.377+0000] {dagbag.py:337} DEBUG - Importing /home/airflow/.local/lib/python3.10/site-packages/airflow/example_dags/example_local_kubernetes_executor.py
[2025-06-27T00:51:09.393+0000] {logging_mixin.py:188} INFO - [2025-06-27T00:51:09.391+0000] {dagbag.py:511} DEBUG - Loaded DAG <DAG: example_local_kubernetes_executor>
[2025-06-27T00:51:09.394+0000] {processor.py:840} INFO - DAG(s) 'example_local_kubernetes_executor' retrieved from /home/airflow/.local/lib/python3.10/site-packages/airflow/example_dags/example_local_kubernetes_executor.py
[2025-06-27T00:51:09.396+0000] {logging_mixin.py:188} INFO - [2025-06-27T00:51:09.395+0000] {dagbag.py:667} DEBUG - Running dagbag.sync_to_db with retries. Try 1 of 3
[2025-06-27T00:51:09.397+0000] {logging_mixin.py:188} INFO - [2025-06-27T00:51:09.396+0000] {dagbag.py:672} DEBUG - Calling the DAG.bulk_sync_to_db method
[2025-06-27T00:51:09.418+0000] {logging_mixin.py:188} INFO - [2025-06-27T00:51:09.418+0000] {serialized_dag.py:166} DEBUG - Checking if DAG (example_local_kubernetes_executor) changed
[2025-06-27T00:51:09.454+0000] {logging_mixin.py:188} INFO - [2025-06-27T00:51:09.454+0000] {serialized_dag.py:177} DEBUG - Serialized DAG (example_local_kubernetes_executor) is unchanged. Skipping writing to DB
[2025-06-27T00:51:09.455+0000] {logging_mixin.py:188} INFO - [2025-06-27T00:51:09.455+0000] {dag.py:3096} INFO - Sync 1 DAGs
[2025-06-27T00:51:09.471+0000] {logging_mixin.py:188} INFO - [2025-06-27T00:51:09.471+0000] {dag.py:3954} INFO - Setting next_dagrun for example_local_kubernetes_executor to None, run_after=None
[2025-06-27T00:51:09.501+0000] {processor.py:183} INFO - Processing /home/airflow/.local/lib/python3.10/site-packages/airflow/example_dags/example_local_kubernetes_executor.py took 0.143 seconds
[2025-06-27T00:51:39.951+0000] {logging_mixin.py:188} INFO - [2025-06-27T00:51:39.949+0000] {settings.py:250} DEBUG - Setting up DB connection pool (PID 17198)
[2025-06-27T00:51:39.953+0000] {logging_mixin.py:188} INFO - [2025-06-27T00:51:39.952+0000] {settings.py:330} DEBUG - settings.prepare_engine_args(): Using pool settings. pool_size=5, max_overflow=10, pool_recycle=1800, pid=17198
[2025-06-27T00:51:39.965+0000] {processor.py:161} INFO - Started process (PID=17198) to work on /home/airflow/.local/lib/python3.10/site-packages/airflow/example_dags/example_local_kubernetes_executor.py
[2025-06-27T00:51:39.966+0000] {processor.py:830} INFO - Processing file /home/airflow/.local/lib/python3.10/site-packages/airflow/example_dags/example_local_kubernetes_executor.py for tasks to queue
[2025-06-27T00:51:39.968+0000] {logging_mixin.py:188} INFO - [2025-06-27T00:51:39.967+0000] {dagbag.py:545} INFO - Filling up the DagBag from /home/airflow/.local/lib/python3.10/site-packages/airflow/example_dags/example_local_kubernetes_executor.py
[2025-06-27T00:51:39.970+0000] {logging_mixin.py:188} INFO - [2025-06-27T00:51:39.970+0000] {dagbag.py:337} DEBUG - Importing /home/airflow/.local/lib/python3.10/site-packages/airflow/example_dags/example_local_kubernetes_executor.py
[2025-06-27T00:51:39.984+0000] {logging_mixin.py:188} INFO - [2025-06-27T00:51:39.983+0000] {dagbag.py:511} DEBUG - Loaded DAG <DAG: example_local_kubernetes_executor>
[2025-06-27T00:51:39.985+0000] {processor.py:840} INFO - DAG(s) 'example_local_kubernetes_executor' retrieved from /home/airflow/.local/lib/python3.10/site-packages/airflow/example_dags/example_local_kubernetes_executor.py
[2025-06-27T00:51:39.987+0000] {logging_mixin.py:188} INFO - [2025-06-27T00:51:39.987+0000] {dagbag.py:667} DEBUG - Running dagbag.sync_to_db with retries. Try 1 of 3
[2025-06-27T00:51:39.988+0000] {logging_mixin.py:188} INFO - [2025-06-27T00:51:39.988+0000] {dagbag.py:672} DEBUG - Calling the DAG.bulk_sync_to_db method
[2025-06-27T00:51:40.008+0000] {logging_mixin.py:188} INFO - [2025-06-27T00:51:40.008+0000] {serialized_dag.py:166} DEBUG - Checking if DAG (example_local_kubernetes_executor) changed
[2025-06-27T00:51:40.055+0000] {logging_mixin.py:188} INFO - [2025-06-27T00:51:40.055+0000] {serialized_dag.py:177} DEBUG - Serialized DAG (example_local_kubernetes_executor) is unchanged. Skipping writing to DB
[2025-06-27T00:51:40.056+0000] {logging_mixin.py:188} INFO - [2025-06-27T00:51:40.056+0000] {dag.py:3096} INFO - Sync 1 DAGs
[2025-06-27T00:51:40.077+0000] {logging_mixin.py:188} INFO - [2025-06-27T00:51:40.077+0000] {dag.py:3954} INFO - Setting next_dagrun for example_local_kubernetes_executor to None, run_after=None
[2025-06-27T00:51:40.112+0000] {processor.py:183} INFO - Processing /home/airflow/.local/lib/python3.10/site-packages/airflow/example_dags/example_local_kubernetes_executor.py took 0.163 seconds
[2025-06-27T00:52:10.257+0000] {logging_mixin.py:188} INFO - [2025-06-27T00:52:10.256+0000] {settings.py:250} DEBUG - Setting up DB connection pool (PID 17259)
[2025-06-27T00:52:10.259+0000] {logging_mixin.py:188} INFO - [2025-06-27T00:52:10.258+0000] {settings.py:330} DEBUG - settings.prepare_engine_args(): Using pool settings. pool_size=5, max_overflow=10, pool_recycle=1800, pid=17259
[2025-06-27T00:52:10.268+0000] {processor.py:161} INFO - Started process (PID=17259) to work on /home/airflow/.local/lib/python3.10/site-packages/airflow/example_dags/example_local_kubernetes_executor.py
[2025-06-27T00:52:10.269+0000] {processor.py:830} INFO - Processing file /home/airflow/.local/lib/python3.10/site-packages/airflow/example_dags/example_local_kubernetes_executor.py for tasks to queue
[2025-06-27T00:52:10.271+0000] {logging_mixin.py:188} INFO - [2025-06-27T00:52:10.270+0000] {dagbag.py:545} INFO - Filling up the DagBag from /home/airflow/.local/lib/python3.10/site-packages/airflow/example_dags/example_local_kubernetes_executor.py
[2025-06-27T00:52:10.273+0000] {logging_mixin.py:188} INFO - [2025-06-27T00:52:10.273+0000] {dagbag.py:337} DEBUG - Importing /home/airflow/.local/lib/python3.10/site-packages/airflow/example_dags/example_local_kubernetes_executor.py
[2025-06-27T00:52:10.285+0000] {logging_mixin.py:188} INFO - [2025-06-27T00:52:10.283+0000] {dagbag.py:511} DEBUG - Loaded DAG <DAG: example_local_kubernetes_executor>
[2025-06-27T00:52:10.285+0000] {processor.py:840} INFO - DAG(s) 'example_local_kubernetes_executor' retrieved from /home/airflow/.local/lib/python3.10/site-packages/airflow/example_dags/example_local_kubernetes_executor.py
[2025-06-27T00:52:10.288+0000] {logging_mixin.py:188} INFO - [2025-06-27T00:52:10.288+0000] {dagbag.py:667} DEBUG - Running dagbag.sync_to_db with retries. Try 1 of 3
[2025-06-27T00:52:10.289+0000] {logging_mixin.py:188} INFO - [2025-06-27T00:52:10.289+0000] {dagbag.py:672} DEBUG - Calling the DAG.bulk_sync_to_db method
[2025-06-27T00:52:10.308+0000] {logging_mixin.py:188} INFO - [2025-06-27T00:52:10.308+0000] {serialized_dag.py:166} DEBUG - Checking if DAG (example_local_kubernetes_executor) changed
[2025-06-27T00:52:10.345+0000] {logging_mixin.py:188} INFO - [2025-06-27T00:52:10.345+0000] {serialized_dag.py:177} DEBUG - Serialized DAG (example_local_kubernetes_executor) is unchanged. Skipping writing to DB
[2025-06-27T00:52:10.346+0000] {logging_mixin.py:188} INFO - [2025-06-27T00:52:10.346+0000] {dag.py:3096} INFO - Sync 1 DAGs
[2025-06-27T00:52:10.363+0000] {logging_mixin.py:188} INFO - [2025-06-27T00:52:10.362+0000] {dag.py:3954} INFO - Setting next_dagrun for example_local_kubernetes_executor to None, run_after=None
[2025-06-27T00:52:10.396+0000] {processor.py:183} INFO - Processing /home/airflow/.local/lib/python3.10/site-packages/airflow/example_dags/example_local_kubernetes_executor.py took 0.140 seconds
[2025-06-27T00:52:40.768+0000] {logging_mixin.py:188} INFO - [2025-06-27T00:52:40.767+0000] {settings.py:250} DEBUG - Setting up DB connection pool (PID 17322)
[2025-06-27T00:52:40.769+0000] {logging_mixin.py:188} INFO - [2025-06-27T00:52:40.769+0000] {settings.py:330} DEBUG - settings.prepare_engine_args(): Using pool settings. pool_size=5, max_overflow=10, pool_recycle=1800, pid=17322
[2025-06-27T00:52:40.781+0000] {processor.py:161} INFO - Started process (PID=17322) to work on /home/airflow/.local/lib/python3.10/site-packages/airflow/example_dags/example_local_kubernetes_executor.py
[2025-06-27T00:52:40.783+0000] {processor.py:830} INFO - Processing file /home/airflow/.local/lib/python3.10/site-packages/airflow/example_dags/example_local_kubernetes_executor.py for tasks to queue
[2025-06-27T00:52:40.784+0000] {logging_mixin.py:188} INFO - [2025-06-27T00:52:40.784+0000] {dagbag.py:545} INFO - Filling up the DagBag from /home/airflow/.local/lib/python3.10/site-packages/airflow/example_dags/example_local_kubernetes_executor.py
[2025-06-27T00:52:40.786+0000] {logging_mixin.py:188} INFO - [2025-06-27T00:52:40.786+0000] {dagbag.py:337} DEBUG - Importing /home/airflow/.local/lib/python3.10/site-packages/airflow/example_dags/example_local_kubernetes_executor.py
[2025-06-27T00:52:40.801+0000] {logging_mixin.py:188} INFO - [2025-06-27T00:52:40.799+0000] {dagbag.py:511} DEBUG - Loaded DAG <DAG: example_local_kubernetes_executor>
[2025-06-27T00:52:40.801+0000] {processor.py:840} INFO - DAG(s) 'example_local_kubernetes_executor' retrieved from /home/airflow/.local/lib/python3.10/site-packages/airflow/example_dags/example_local_kubernetes_executor.py
[2025-06-27T00:52:40.804+0000] {logging_mixin.py:188} INFO - [2025-06-27T00:52:40.803+0000] {dagbag.py:667} DEBUG - Running dagbag.sync_to_db with retries. Try 1 of 3
[2025-06-27T00:52:40.804+0000] {logging_mixin.py:188} INFO - [2025-06-27T00:52:40.804+0000] {dagbag.py:672} DEBUG - Calling the DAG.bulk_sync_to_db method
[2025-06-27T00:52:40.827+0000] {logging_mixin.py:188} INFO - [2025-06-27T00:52:40.827+0000] {serialized_dag.py:166} DEBUG - Checking if DAG (example_local_kubernetes_executor) changed
[2025-06-27T00:52:40.867+0000] {logging_mixin.py:188} INFO - [2025-06-27T00:52:40.867+0000] {serialized_dag.py:177} DEBUG - Serialized DAG (example_local_kubernetes_executor) is unchanged. Skipping writing to DB
[2025-06-27T00:52:40.868+0000] {logging_mixin.py:188} INFO - [2025-06-27T00:52:40.868+0000] {dag.py:3096} INFO - Sync 1 DAGs
[2025-06-27T00:52:40.884+0000] {logging_mixin.py:188} INFO - [2025-06-27T00:52:40.884+0000] {dag.py:3954} INFO - Setting next_dagrun for example_local_kubernetes_executor to None, run_after=None
[2025-06-27T00:52:40.908+0000] {processor.py:183} INFO - Processing /home/airflow/.local/lib/python3.10/site-packages/airflow/example_dags/example_local_kubernetes_executor.py took 0.141 seconds
[2025-06-27T00:53:11.780+0000] {logging_mixin.py:188} INFO - [2025-06-27T00:53:11.779+0000] {settings.py:250} DEBUG - Setting up DB connection pool (PID 17385)
[2025-06-27T00:53:11.782+0000] {logging_mixin.py:188} INFO - [2025-06-27T00:53:11.781+0000] {settings.py:330} DEBUG - settings.prepare_engine_args(): Using pool settings. pool_size=5, max_overflow=10, pool_recycle=1800, pid=17385
[2025-06-27T00:53:11.791+0000] {processor.py:161} INFO - Started process (PID=17385) to work on /home/airflow/.local/lib/python3.10/site-packages/airflow/example_dags/example_local_kubernetes_executor.py
[2025-06-27T00:53:11.792+0000] {processor.py:830} INFO - Processing file /home/airflow/.local/lib/python3.10/site-packages/airflow/example_dags/example_local_kubernetes_executor.py for tasks to queue
[2025-06-27T00:53:11.794+0000] {logging_mixin.py:188} INFO - [2025-06-27T00:53:11.794+0000] {dagbag.py:545} INFO - Filling up the DagBag from /home/airflow/.local/lib/python3.10/site-packages/airflow/example_dags/example_local_kubernetes_executor.py
[2025-06-27T00:53:11.796+0000] {logging_mixin.py:188} INFO - [2025-06-27T00:53:11.796+0000] {dagbag.py:337} DEBUG - Importing /home/airflow/.local/lib/python3.10/site-packages/airflow/example_dags/example_local_kubernetes_executor.py
[2025-06-27T00:53:11.813+0000] {logging_mixin.py:188} INFO - [2025-06-27T00:53:11.810+0000] {dagbag.py:511} DEBUG - Loaded DAG <DAG: example_local_kubernetes_executor>
[2025-06-27T00:53:11.814+0000] {processor.py:840} INFO - DAG(s) 'example_local_kubernetes_executor' retrieved from /home/airflow/.local/lib/python3.10/site-packages/airflow/example_dags/example_local_kubernetes_executor.py
[2025-06-27T00:53:11.816+0000] {logging_mixin.py:188} INFO - [2025-06-27T00:53:11.816+0000] {dagbag.py:667} DEBUG - Running dagbag.sync_to_db with retries. Try 1 of 3
[2025-06-27T00:53:11.817+0000] {logging_mixin.py:188} INFO - [2025-06-27T00:53:11.817+0000] {dagbag.py:672} DEBUG - Calling the DAG.bulk_sync_to_db method
[2025-06-27T00:53:11.839+0000] {logging_mixin.py:188} INFO - [2025-06-27T00:53:11.838+0000] {serialized_dag.py:166} DEBUG - Checking if DAG (example_local_kubernetes_executor) changed
[2025-06-27T00:53:11.883+0000] {logging_mixin.py:188} INFO - [2025-06-27T00:53:11.882+0000] {serialized_dag.py:177} DEBUG - Serialized DAG (example_local_kubernetes_executor) is unchanged. Skipping writing to DB
[2025-06-27T00:53:11.884+0000] {logging_mixin.py:188} INFO - [2025-06-27T00:53:11.883+0000] {dag.py:3096} INFO - Sync 1 DAGs
[2025-06-27T00:53:11.906+0000] {logging_mixin.py:188} INFO - [2025-06-27T00:53:11.905+0000] {dag.py:3954} INFO - Setting next_dagrun for example_local_kubernetes_executor to None, run_after=None
[2025-06-27T00:53:11.945+0000] {processor.py:183} INFO - Processing /home/airflow/.local/lib/python3.10/site-packages/airflow/example_dags/example_local_kubernetes_executor.py took 0.166 seconds
[2025-06-27T00:53:42.780+0000] {logging_mixin.py:188} INFO - [2025-06-27T00:53:42.778+0000] {settings.py:250} DEBUG - Setting up DB connection pool (PID 17448)
[2025-06-27T00:53:42.783+0000] {logging_mixin.py:188} INFO - [2025-06-27T00:53:42.782+0000] {settings.py:330} DEBUG - settings.prepare_engine_args(): Using pool settings. pool_size=5, max_overflow=10, pool_recycle=1800, pid=17448
[2025-06-27T00:53:42.797+0000] {processor.py:161} INFO - Started process (PID=17448) to work on /home/airflow/.local/lib/python3.10/site-packages/airflow/example_dags/example_local_kubernetes_executor.py
[2025-06-27T00:53:42.798+0000] {processor.py:830} INFO - Processing file /home/airflow/.local/lib/python3.10/site-packages/airflow/example_dags/example_local_kubernetes_executor.py for tasks to queue
[2025-06-27T00:53:42.800+0000] {logging_mixin.py:188} INFO - [2025-06-27T00:53:42.799+0000] {dagbag.py:545} INFO - Filling up the DagBag from /home/airflow/.local/lib/python3.10/site-packages/airflow/example_dags/example_local_kubernetes_executor.py
[2025-06-27T00:53:42.803+0000] {logging_mixin.py:188} INFO - [2025-06-27T00:53:42.803+0000] {dagbag.py:337} DEBUG - Importing /home/airflow/.local/lib/python3.10/site-packages/airflow/example_dags/example_local_kubernetes_executor.py
[2025-06-27T00:53:42.822+0000] {logging_mixin.py:188} INFO - [2025-06-27T00:53:42.818+0000] {dagbag.py:511} DEBUG - Loaded DAG <DAG: example_local_kubernetes_executor>
[2025-06-27T00:53:42.823+0000] {processor.py:840} INFO - DAG(s) 'example_local_kubernetes_executor' retrieved from /home/airflow/.local/lib/python3.10/site-packages/airflow/example_dags/example_local_kubernetes_executor.py
[2025-06-27T00:53:42.826+0000] {logging_mixin.py:188} INFO - [2025-06-27T00:53:42.826+0000] {dagbag.py:667} DEBUG - Running dagbag.sync_to_db with retries. Try 1 of 3
[2025-06-27T00:53:42.827+0000] {logging_mixin.py:188} INFO - [2025-06-27T00:53:42.827+0000] {dagbag.py:672} DEBUG - Calling the DAG.bulk_sync_to_db method
[2025-06-27T00:53:42.854+0000] {logging_mixin.py:188} INFO - [2025-06-27T00:53:42.853+0000] {serialized_dag.py:166} DEBUG - Checking if DAG (example_local_kubernetes_executor) changed
[2025-06-27T00:53:42.909+0000] {logging_mixin.py:188} INFO - [2025-06-27T00:53:42.908+0000] {serialized_dag.py:177} DEBUG - Serialized DAG (example_local_kubernetes_executor) is unchanged. Skipping writing to DB
[2025-06-27T00:53:42.910+0000] {logging_mixin.py:188} INFO - [2025-06-27T00:53:42.910+0000] {dag.py:3096} INFO - Sync 1 DAGs
[2025-06-27T00:53:42.939+0000] {logging_mixin.py:188} INFO - [2025-06-27T00:53:42.938+0000] {dag.py:3954} INFO - Setting next_dagrun for example_local_kubernetes_executor to None, run_after=None
[2025-06-27T00:53:42.985+0000] {processor.py:183} INFO - Processing /home/airflow/.local/lib/python3.10/site-packages/airflow/example_dags/example_local_kubernetes_executor.py took 0.207 seconds
[2025-06-27T00:54:13.669+0000] {logging_mixin.py:188} INFO - [2025-06-27T00:54:13.668+0000] {settings.py:250} DEBUG - Setting up DB connection pool (PID 17511)
[2025-06-27T00:54:13.671+0000] {logging_mixin.py:188} INFO - [2025-06-27T00:54:13.671+0000] {settings.py:330} DEBUG - settings.prepare_engine_args(): Using pool settings. pool_size=5, max_overflow=10, pool_recycle=1800, pid=17511
[2025-06-27T00:54:13.682+0000] {processor.py:161} INFO - Started process (PID=17511) to work on /home/airflow/.local/lib/python3.10/site-packages/airflow/example_dags/example_local_kubernetes_executor.py
[2025-06-27T00:54:13.683+0000] {processor.py:830} INFO - Processing file /home/airflow/.local/lib/python3.10/site-packages/airflow/example_dags/example_local_kubernetes_executor.py for tasks to queue
[2025-06-27T00:54:13.685+0000] {logging_mixin.py:188} INFO - [2025-06-27T00:54:13.685+0000] {dagbag.py:545} INFO - Filling up the DagBag from /home/airflow/.local/lib/python3.10/site-packages/airflow/example_dags/example_local_kubernetes_executor.py
[2025-06-27T00:54:13.687+0000] {logging_mixin.py:188} INFO - [2025-06-27T00:54:13.687+0000] {dagbag.py:337} DEBUG - Importing /home/airflow/.local/lib/python3.10/site-packages/airflow/example_dags/example_local_kubernetes_executor.py
[2025-06-27T00:54:13.700+0000] {logging_mixin.py:188} INFO - [2025-06-27T00:54:13.698+0000] {dagbag.py:511} DEBUG - Loaded DAG <DAG: example_local_kubernetes_executor>
[2025-06-27T00:54:13.701+0000] {processor.py:840} INFO - DAG(s) 'example_local_kubernetes_executor' retrieved from /home/airflow/.local/lib/python3.10/site-packages/airflow/example_dags/example_local_kubernetes_executor.py
[2025-06-27T00:54:13.703+0000] {logging_mixin.py:188} INFO - [2025-06-27T00:54:13.703+0000] {dagbag.py:667} DEBUG - Running dagbag.sync_to_db with retries. Try 1 of 3
[2025-06-27T00:54:13.704+0000] {logging_mixin.py:188} INFO - [2025-06-27T00:54:13.704+0000] {dagbag.py:672} DEBUG - Calling the DAG.bulk_sync_to_db method
[2025-06-27T00:54:13.731+0000] {logging_mixin.py:188} INFO - [2025-06-27T00:54:13.731+0000] {serialized_dag.py:166} DEBUG - Checking if DAG (example_local_kubernetes_executor) changed
[2025-06-27T00:54:13.787+0000] {logging_mixin.py:188} INFO - [2025-06-27T00:54:13.786+0000] {serialized_dag.py:177} DEBUG - Serialized DAG (example_local_kubernetes_executor) is unchanged. Skipping writing to DB
[2025-06-27T00:54:13.788+0000] {logging_mixin.py:188} INFO - [2025-06-27T00:54:13.787+0000] {dag.py:3096} INFO - Sync 1 DAGs
[2025-06-27T00:54:13.820+0000] {logging_mixin.py:188} INFO - [2025-06-27T00:54:13.819+0000] {dag.py:3954} INFO - Setting next_dagrun for example_local_kubernetes_executor to None, run_after=None
[2025-06-27T00:54:13.855+0000] {processor.py:183} INFO - Processing /home/airflow/.local/lib/python3.10/site-packages/airflow/example_dags/example_local_kubernetes_executor.py took 0.187 seconds
[2025-06-27T00:54:44.205+0000] {logging_mixin.py:188} INFO - [2025-06-27T00:54:44.203+0000] {settings.py:250} DEBUG - Setting up DB connection pool (PID 17574)
[2025-06-27T00:54:44.206+0000] {logging_mixin.py:188} INFO - [2025-06-27T00:54:44.206+0000] {settings.py:330} DEBUG - settings.prepare_engine_args(): Using pool settings. pool_size=5, max_overflow=10, pool_recycle=1800, pid=17574
[2025-06-27T00:54:44.217+0000] {processor.py:161} INFO - Started process (PID=17574) to work on /home/airflow/.local/lib/python3.10/site-packages/airflow/example_dags/example_local_kubernetes_executor.py
[2025-06-27T00:54:44.218+0000] {processor.py:830} INFO - Processing file /home/airflow/.local/lib/python3.10/site-packages/airflow/example_dags/example_local_kubernetes_executor.py for tasks to queue
[2025-06-27T00:54:44.220+0000] {logging_mixin.py:188} INFO - [2025-06-27T00:54:44.219+0000] {dagbag.py:545} INFO - Filling up the DagBag from /home/airflow/.local/lib/python3.10/site-packages/airflow/example_dags/example_local_kubernetes_executor.py
[2025-06-27T00:54:44.222+0000] {logging_mixin.py:188} INFO - [2025-06-27T00:54:44.222+0000] {dagbag.py:337} DEBUG - Importing /home/airflow/.local/lib/python3.10/site-packages/airflow/example_dags/example_local_kubernetes_executor.py
[2025-06-27T00:54:44.235+0000] {logging_mixin.py:188} INFO - [2025-06-27T00:54:44.233+0000] {dagbag.py:511} DEBUG - Loaded DAG <DAG: example_local_kubernetes_executor>
[2025-06-27T00:54:44.236+0000] {processor.py:840} INFO - DAG(s) 'example_local_kubernetes_executor' retrieved from /home/airflow/.local/lib/python3.10/site-packages/airflow/example_dags/example_local_kubernetes_executor.py
[2025-06-27T00:54:44.238+0000] {logging_mixin.py:188} INFO - [2025-06-27T00:54:44.238+0000] {dagbag.py:667} DEBUG - Running dagbag.sync_to_db with retries. Try 1 of 3
[2025-06-27T00:54:44.239+0000] {logging_mixin.py:188} INFO - [2025-06-27T00:54:44.238+0000] {dagbag.py:672} DEBUG - Calling the DAG.bulk_sync_to_db method
[2025-06-27T00:54:44.259+0000] {logging_mixin.py:188} INFO - [2025-06-27T00:54:44.259+0000] {serialized_dag.py:166} DEBUG - Checking if DAG (example_local_kubernetes_executor) changed
[2025-06-27T00:54:44.295+0000] {logging_mixin.py:188} INFO - [2025-06-27T00:54:44.295+0000] {serialized_dag.py:177} DEBUG - Serialized DAG (example_local_kubernetes_executor) is unchanged. Skipping writing to DB
[2025-06-27T00:54:44.296+0000] {logging_mixin.py:188} INFO - [2025-06-27T00:54:44.296+0000] {dag.py:3096} INFO - Sync 1 DAGs
[2025-06-27T00:54:44.318+0000] {logging_mixin.py:188} INFO - [2025-06-27T00:54:44.318+0000] {dag.py:3954} INFO - Setting next_dagrun for example_local_kubernetes_executor to None, run_after=None
[2025-06-27T00:54:44.345+0000] {processor.py:183} INFO - Processing /home/airflow/.local/lib/python3.10/site-packages/airflow/example_dags/example_local_kubernetes_executor.py took 0.141 seconds
[2025-06-27T00:55:14.930+0000] {logging_mixin.py:188} INFO - [2025-06-27T00:55:14.929+0000] {settings.py:250} DEBUG - Setting up DB connection pool (PID 17637)
[2025-06-27T00:55:14.932+0000] {logging_mixin.py:188} INFO - [2025-06-27T00:55:14.932+0000] {settings.py:330} DEBUG - settings.prepare_engine_args(): Using pool settings. pool_size=5, max_overflow=10, pool_recycle=1800, pid=17637
[2025-06-27T00:55:14.941+0000] {processor.py:161} INFO - Started process (PID=17637) to work on /home/airflow/.local/lib/python3.10/site-packages/airflow/example_dags/example_local_kubernetes_executor.py
[2025-06-27T00:55:14.942+0000] {processor.py:830} INFO - Processing file /home/airflow/.local/lib/python3.10/site-packages/airflow/example_dags/example_local_kubernetes_executor.py for tasks to queue
[2025-06-27T00:55:14.943+0000] {logging_mixin.py:188} INFO - [2025-06-27T00:55:14.943+0000] {dagbag.py:545} INFO - Filling up the DagBag from /home/airflow/.local/lib/python3.10/site-packages/airflow/example_dags/example_local_kubernetes_executor.py
[2025-06-27T00:55:14.946+0000] {logging_mixin.py:188} INFO - [2025-06-27T00:55:14.945+0000] {dagbag.py:337} DEBUG - Importing /home/airflow/.local/lib/python3.10/site-packages/airflow/example_dags/example_local_kubernetes_executor.py
[2025-06-27T00:55:14.958+0000] {logging_mixin.py:188} INFO - [2025-06-27T00:55:14.957+0000] {dagbag.py:511} DEBUG - Loaded DAG <DAG: example_local_kubernetes_executor>
[2025-06-27T00:55:14.959+0000] {processor.py:840} INFO - DAG(s) 'example_local_kubernetes_executor' retrieved from /home/airflow/.local/lib/python3.10/site-packages/airflow/example_dags/example_local_kubernetes_executor.py
[2025-06-27T00:55:14.961+0000] {logging_mixin.py:188} INFO - [2025-06-27T00:55:14.961+0000] {dagbag.py:667} DEBUG - Running dagbag.sync_to_db with retries. Try 1 of 3
[2025-06-27T00:55:14.962+0000] {logging_mixin.py:188} INFO - [2025-06-27T00:55:14.962+0000] {dagbag.py:672} DEBUG - Calling the DAG.bulk_sync_to_db method
[2025-06-27T00:55:14.984+0000] {logging_mixin.py:188} INFO - [2025-06-27T00:55:14.983+0000] {serialized_dag.py:166} DEBUG - Checking if DAG (example_local_kubernetes_executor) changed
[2025-06-27T00:55:15.041+0000] {logging_mixin.py:188} INFO - [2025-06-27T00:55:15.040+0000] {serialized_dag.py:177} DEBUG - Serialized DAG (example_local_kubernetes_executor) is unchanged. Skipping writing to DB
[2025-06-27T00:55:15.042+0000] {logging_mixin.py:188} INFO - [2025-06-27T00:55:15.041+0000] {dag.py:3096} INFO - Sync 1 DAGs
[2025-06-27T00:55:15.066+0000] {logging_mixin.py:188} INFO - [2025-06-27T00:55:15.065+0000] {dag.py:3954} INFO - Setting next_dagrun for example_local_kubernetes_executor to None, run_after=None
[2025-06-27T00:55:15.100+0000] {processor.py:183} INFO - Processing /home/airflow/.local/lib/python3.10/site-packages/airflow/example_dags/example_local_kubernetes_executor.py took 0.171 seconds
[2025-06-27T00:55:45.280+0000] {logging_mixin.py:188} INFO - [2025-06-27T00:55:45.279+0000] {settings.py:250} DEBUG - Setting up DB connection pool (PID 17698)
[2025-06-27T00:55:45.282+0000] {logging_mixin.py:188} INFO - [2025-06-27T00:55:45.282+0000] {settings.py:330} DEBUG - settings.prepare_engine_args(): Using pool settings. pool_size=5, max_overflow=10, pool_recycle=1800, pid=17698
[2025-06-27T00:55:45.294+0000] {processor.py:161} INFO - Started process (PID=17698) to work on /home/airflow/.local/lib/python3.10/site-packages/airflow/example_dags/example_local_kubernetes_executor.py
[2025-06-27T00:55:45.296+0000] {processor.py:830} INFO - Processing file /home/airflow/.local/lib/python3.10/site-packages/airflow/example_dags/example_local_kubernetes_executor.py for tasks to queue
[2025-06-27T00:55:45.298+0000] {logging_mixin.py:188} INFO - [2025-06-27T00:55:45.297+0000] {dagbag.py:545} INFO - Filling up the DagBag from /home/airflow/.local/lib/python3.10/site-packages/airflow/example_dags/example_local_kubernetes_executor.py
[2025-06-27T00:55:45.301+0000] {logging_mixin.py:188} INFO - [2025-06-27T00:55:45.301+0000] {dagbag.py:337} DEBUG - Importing /home/airflow/.local/lib/python3.10/site-packages/airflow/example_dags/example_local_kubernetes_executor.py
[2025-06-27T00:55:45.316+0000] {logging_mixin.py:188} INFO - [2025-06-27T00:55:45.314+0000] {dagbag.py:511} DEBUG - Loaded DAG <DAG: example_local_kubernetes_executor>
[2025-06-27T00:55:45.317+0000] {processor.py:840} INFO - DAG(s) 'example_local_kubernetes_executor' retrieved from /home/airflow/.local/lib/python3.10/site-packages/airflow/example_dags/example_local_kubernetes_executor.py
[2025-06-27T00:55:45.320+0000] {logging_mixin.py:188} INFO - [2025-06-27T00:55:45.320+0000] {dagbag.py:667} DEBUG - Running dagbag.sync_to_db with retries. Try 1 of 3
[2025-06-27T00:55:45.321+0000] {logging_mixin.py:188} INFO - [2025-06-27T00:55:45.321+0000] {dagbag.py:672} DEBUG - Calling the DAG.bulk_sync_to_db method
[2025-06-27T00:55:45.349+0000] {logging_mixin.py:188} INFO - [2025-06-27T00:55:45.349+0000] {serialized_dag.py:166} DEBUG - Checking if DAG (example_local_kubernetes_executor) changed
[2025-06-27T00:55:45.400+0000] {logging_mixin.py:188} INFO - [2025-06-27T00:55:45.400+0000] {serialized_dag.py:177} DEBUG - Serialized DAG (example_local_kubernetes_executor) is unchanged. Skipping writing to DB
[2025-06-27T00:55:45.401+0000] {logging_mixin.py:188} INFO - [2025-06-27T00:55:45.401+0000] {dag.py:3096} INFO - Sync 1 DAGs
[2025-06-27T00:55:45.421+0000] {logging_mixin.py:188} INFO - [2025-06-27T00:55:45.421+0000] {dag.py:3954} INFO - Setting next_dagrun for example_local_kubernetes_executor to None, run_after=None
[2025-06-27T00:55:45.459+0000] {processor.py:183} INFO - Processing /home/airflow/.local/lib/python3.10/site-packages/airflow/example_dags/example_local_kubernetes_executor.py took 0.181 seconds
[2025-06-27T00:56:16.043+0000] {logging_mixin.py:188} INFO - [2025-06-27T00:56:16.041+0000] {settings.py:250} DEBUG - Setting up DB connection pool (PID 17761)
[2025-06-27T00:56:16.046+0000] {logging_mixin.py:188} INFO - [2025-06-27T00:56:16.045+0000] {settings.py:330} DEBUG - settings.prepare_engine_args(): Using pool settings. pool_size=5, max_overflow=10, pool_recycle=1800, pid=17761
[2025-06-27T00:56:16.059+0000] {processor.py:161} INFO - Started process (PID=17761) to work on /home/airflow/.local/lib/python3.10/site-packages/airflow/example_dags/example_local_kubernetes_executor.py
[2025-06-27T00:56:16.061+0000] {processor.py:830} INFO - Processing file /home/airflow/.local/lib/python3.10/site-packages/airflow/example_dags/example_local_kubernetes_executor.py for tasks to queue
[2025-06-27T00:56:16.063+0000] {logging_mixin.py:188} INFO - [2025-06-27T00:56:16.063+0000] {dagbag.py:545} INFO - Filling up the DagBag from /home/airflow/.local/lib/python3.10/site-packages/airflow/example_dags/example_local_kubernetes_executor.py
[2025-06-27T00:56:16.065+0000] {logging_mixin.py:188} INFO - [2025-06-27T00:56:16.065+0000] {dagbag.py:337} DEBUG - Importing /home/airflow/.local/lib/python3.10/site-packages/airflow/example_dags/example_local_kubernetes_executor.py
[2025-06-27T00:56:16.079+0000] {logging_mixin.py:188} INFO - [2025-06-27T00:56:16.077+0000] {dagbag.py:511} DEBUG - Loaded DAG <DAG: example_local_kubernetes_executor>
[2025-06-27T00:56:16.080+0000] {processor.py:840} INFO - DAG(s) 'example_local_kubernetes_executor' retrieved from /home/airflow/.local/lib/python3.10/site-packages/airflow/example_dags/example_local_kubernetes_executor.py
[2025-06-27T00:56:16.084+0000] {logging_mixin.py:188} INFO - [2025-06-27T00:56:16.083+0000] {dagbag.py:667} DEBUG - Running dagbag.sync_to_db with retries. Try 1 of 3
[2025-06-27T00:56:16.084+0000] {logging_mixin.py:188} INFO - [2025-06-27T00:56:16.084+0000] {dagbag.py:672} DEBUG - Calling the DAG.bulk_sync_to_db method
[2025-06-27T00:56:16.116+0000] {logging_mixin.py:188} INFO - [2025-06-27T00:56:16.116+0000] {serialized_dag.py:166} DEBUG - Checking if DAG (example_local_kubernetes_executor) changed
[2025-06-27T00:56:16.162+0000] {logging_mixin.py:188} INFO - [2025-06-27T00:56:16.161+0000] {serialized_dag.py:177} DEBUG - Serialized DAG (example_local_kubernetes_executor) is unchanged. Skipping writing to DB
[2025-06-27T00:56:16.163+0000] {logging_mixin.py:188} INFO - [2025-06-27T00:56:16.163+0000] {dag.py:3096} INFO - Sync 1 DAGs
[2025-06-27T00:56:16.179+0000] {logging_mixin.py:188} INFO - [2025-06-27T00:56:16.178+0000] {dag.py:3954} INFO - Setting next_dagrun for example_local_kubernetes_executor to None, run_after=None
[2025-06-27T00:56:16.211+0000] {processor.py:183} INFO - Processing /home/airflow/.local/lib/python3.10/site-packages/airflow/example_dags/example_local_kubernetes_executor.py took 0.170 seconds
[2025-06-27T00:56:46.857+0000] {logging_mixin.py:188} INFO - [2025-06-27T00:56:46.856+0000] {settings.py:250} DEBUG - Setting up DB connection pool (PID 17824)
[2025-06-27T00:56:46.859+0000] {logging_mixin.py:188} INFO - [2025-06-27T00:56:46.859+0000] {settings.py:330} DEBUG - settings.prepare_engine_args(): Using pool settings. pool_size=5, max_overflow=10, pool_recycle=1800, pid=17824
[2025-06-27T00:56:46.870+0000] {processor.py:161} INFO - Started process (PID=17824) to work on /home/airflow/.local/lib/python3.10/site-packages/airflow/example_dags/example_local_kubernetes_executor.py
[2025-06-27T00:56:46.871+0000] {processor.py:830} INFO - Processing file /home/airflow/.local/lib/python3.10/site-packages/airflow/example_dags/example_local_kubernetes_executor.py for tasks to queue
[2025-06-27T00:56:46.873+0000] {logging_mixin.py:188} INFO - [2025-06-27T00:56:46.873+0000] {dagbag.py:545} INFO - Filling up the DagBag from /home/airflow/.local/lib/python3.10/site-packages/airflow/example_dags/example_local_kubernetes_executor.py
[2025-06-27T00:56:46.876+0000] {logging_mixin.py:188} INFO - [2025-06-27T00:56:46.876+0000] {dagbag.py:337} DEBUG - Importing /home/airflow/.local/lib/python3.10/site-packages/airflow/example_dags/example_local_kubernetes_executor.py
[2025-06-27T00:56:46.891+0000] {logging_mixin.py:188} INFO - [2025-06-27T00:56:46.889+0000] {dagbag.py:511} DEBUG - Loaded DAG <DAG: example_local_kubernetes_executor>
[2025-06-27T00:56:46.892+0000] {processor.py:840} INFO - DAG(s) 'example_local_kubernetes_executor' retrieved from /home/airflow/.local/lib/python3.10/site-packages/airflow/example_dags/example_local_kubernetes_executor.py
[2025-06-27T00:56:46.894+0000] {logging_mixin.py:188} INFO - [2025-06-27T00:56:46.894+0000] {dagbag.py:667} DEBUG - Running dagbag.sync_to_db with retries. Try 1 of 3
[2025-06-27T00:56:46.895+0000] {logging_mixin.py:188} INFO - [2025-06-27T00:56:46.895+0000] {dagbag.py:672} DEBUG - Calling the DAG.bulk_sync_to_db method
[2025-06-27T00:56:46.920+0000] {logging_mixin.py:188} INFO - [2025-06-27T00:56:46.919+0000] {serialized_dag.py:166} DEBUG - Checking if DAG (example_local_kubernetes_executor) changed
[2025-06-27T00:56:46.973+0000] {logging_mixin.py:188} INFO - [2025-06-27T00:56:46.973+0000] {serialized_dag.py:177} DEBUG - Serialized DAG (example_local_kubernetes_executor) is unchanged. Skipping writing to DB
[2025-06-27T00:56:46.975+0000] {logging_mixin.py:188} INFO - [2025-06-27T00:56:46.974+0000] {dag.py:3096} INFO - Sync 1 DAGs
[2025-06-27T00:56:47.001+0000] {logging_mixin.py:188} INFO - [2025-06-27T00:56:47.001+0000] {dag.py:3954} INFO - Setting next_dagrun for example_local_kubernetes_executor to None, run_after=None
[2025-06-27T00:56:47.044+0000] {processor.py:183} INFO - Processing /home/airflow/.local/lib/python3.10/site-packages/airflow/example_dags/example_local_kubernetes_executor.py took 0.188 seconds
[2025-06-27T00:57:17.356+0000] {logging_mixin.py:188} INFO - [2025-06-27T00:57:17.355+0000] {settings.py:250} DEBUG - Setting up DB connection pool (PID 17885)
[2025-06-27T00:57:17.358+0000] {logging_mixin.py:188} INFO - [2025-06-27T00:57:17.358+0000] {settings.py:330} DEBUG - settings.prepare_engine_args(): Using pool settings. pool_size=5, max_overflow=10, pool_recycle=1800, pid=17885
[2025-06-27T00:57:17.371+0000] {processor.py:161} INFO - Started process (PID=17885) to work on /home/airflow/.local/lib/python3.10/site-packages/airflow/example_dags/example_local_kubernetes_executor.py
[2025-06-27T00:57:17.373+0000] {processor.py:830} INFO - Processing file /home/airflow/.local/lib/python3.10/site-packages/airflow/example_dags/example_local_kubernetes_executor.py for tasks to queue
[2025-06-27T00:57:17.375+0000] {logging_mixin.py:188} INFO - [2025-06-27T00:57:17.374+0000] {dagbag.py:545} INFO - Filling up the DagBag from /home/airflow/.local/lib/python3.10/site-packages/airflow/example_dags/example_local_kubernetes_executor.py
[2025-06-27T00:57:17.378+0000] {logging_mixin.py:188} INFO - [2025-06-27T00:57:17.377+0000] {dagbag.py:337} DEBUG - Importing /home/airflow/.local/lib/python3.10/site-packages/airflow/example_dags/example_local_kubernetes_executor.py
[2025-06-27T00:57:17.393+0000] {logging_mixin.py:188} INFO - [2025-06-27T00:57:17.391+0000] {dagbag.py:511} DEBUG - Loaded DAG <DAG: example_local_kubernetes_executor>
[2025-06-27T00:57:17.394+0000] {processor.py:840} INFO - DAG(s) 'example_local_kubernetes_executor' retrieved from /home/airflow/.local/lib/python3.10/site-packages/airflow/example_dags/example_local_kubernetes_executor.py
[2025-06-27T00:57:17.396+0000] {logging_mixin.py:188} INFO - [2025-06-27T00:57:17.396+0000] {dagbag.py:667} DEBUG - Running dagbag.sync_to_db with retries. Try 1 of 3
[2025-06-27T00:57:17.397+0000] {logging_mixin.py:188} INFO - [2025-06-27T00:57:17.397+0000] {dagbag.py:672} DEBUG - Calling the DAG.bulk_sync_to_db method
[2025-06-27T00:57:17.418+0000] {logging_mixin.py:188} INFO - [2025-06-27T00:57:17.417+0000] {serialized_dag.py:166} DEBUG - Checking if DAG (example_local_kubernetes_executor) changed
[2025-06-27T00:57:17.452+0000] {logging_mixin.py:188} INFO - [2025-06-27T00:57:17.452+0000] {serialized_dag.py:177} DEBUG - Serialized DAG (example_local_kubernetes_executor) is unchanged. Skipping writing to DB
[2025-06-27T00:57:17.454+0000] {logging_mixin.py:188} INFO - [2025-06-27T00:57:17.453+0000] {dag.py:3096} INFO - Sync 1 DAGs
[2025-06-27T00:57:17.468+0000] {logging_mixin.py:188} INFO - [2025-06-27T00:57:17.468+0000] {dag.py:3954} INFO - Setting next_dagrun for example_local_kubernetes_executor to None, run_after=None
[2025-06-27T00:57:17.493+0000] {processor.py:183} INFO - Processing /home/airflow/.local/lib/python3.10/site-packages/airflow/example_dags/example_local_kubernetes_executor.py took 0.138 seconds
[2025-06-27T00:57:47.814+0000] {logging_mixin.py:188} INFO - [2025-06-27T00:57:47.813+0000] {settings.py:250} DEBUG - Setting up DB connection pool (PID 17948)
[2025-06-27T00:57:47.816+0000] {logging_mixin.py:188} INFO - [2025-06-27T00:57:47.816+0000] {settings.py:330} DEBUG - settings.prepare_engine_args(): Using pool settings. pool_size=5, max_overflow=10, pool_recycle=1800, pid=17948
[2025-06-27T00:57:47.826+0000] {processor.py:161} INFO - Started process (PID=17948) to work on /home/airflow/.local/lib/python3.10/site-packages/airflow/example_dags/example_local_kubernetes_executor.py
[2025-06-27T00:57:47.827+0000] {processor.py:830} INFO - Processing file /home/airflow/.local/lib/python3.10/site-packages/airflow/example_dags/example_local_kubernetes_executor.py for tasks to queue
[2025-06-27T00:57:47.829+0000] {logging_mixin.py:188} INFO - [2025-06-27T00:57:47.828+0000] {dagbag.py:545} INFO - Filling up the DagBag from /home/airflow/.local/lib/python3.10/site-packages/airflow/example_dags/example_local_kubernetes_executor.py
[2025-06-27T00:57:47.830+0000] {logging_mixin.py:188} INFO - [2025-06-27T00:57:47.830+0000] {dagbag.py:337} DEBUG - Importing /home/airflow/.local/lib/python3.10/site-packages/airflow/example_dags/example_local_kubernetes_executor.py
[2025-06-27T00:57:47.843+0000] {logging_mixin.py:188} INFO - [2025-06-27T00:57:47.841+0000] {dagbag.py:511} DEBUG - Loaded DAG <DAG: example_local_kubernetes_executor>
[2025-06-27T00:57:47.844+0000] {processor.py:840} INFO - DAG(s) 'example_local_kubernetes_executor' retrieved from /home/airflow/.local/lib/python3.10/site-packages/airflow/example_dags/example_local_kubernetes_executor.py
[2025-06-27T00:57:47.846+0000] {logging_mixin.py:188} INFO - [2025-06-27T00:57:47.846+0000] {dagbag.py:667} DEBUG - Running dagbag.sync_to_db with retries. Try 1 of 3
[2025-06-27T00:57:47.847+0000] {logging_mixin.py:188} INFO - [2025-06-27T00:57:47.847+0000] {dagbag.py:672} DEBUG - Calling the DAG.bulk_sync_to_db method
[2025-06-27T00:57:47.868+0000] {logging_mixin.py:188} INFO - [2025-06-27T00:57:47.868+0000] {serialized_dag.py:166} DEBUG - Checking if DAG (example_local_kubernetes_executor) changed
[2025-06-27T00:57:47.908+0000] {logging_mixin.py:188} INFO - [2025-06-27T00:57:47.908+0000] {serialized_dag.py:177} DEBUG - Serialized DAG (example_local_kubernetes_executor) is unchanged. Skipping writing to DB
[2025-06-27T00:57:47.909+0000] {logging_mixin.py:188} INFO - [2025-06-27T00:57:47.909+0000] {dag.py:3096} INFO - Sync 1 DAGs
[2025-06-27T00:57:47.930+0000] {logging_mixin.py:188} INFO - [2025-06-27T00:57:47.929+0000] {dag.py:3954} INFO - Setting next_dagrun for example_local_kubernetes_executor to None, run_after=None
[2025-06-27T00:57:47.964+0000] {processor.py:183} INFO - Processing /home/airflow/.local/lib/python3.10/site-packages/airflow/example_dags/example_local_kubernetes_executor.py took 0.151 seconds
[2025-06-27T00:58:18.311+0000] {logging_mixin.py:188} INFO - [2025-06-27T00:58:18.309+0000] {settings.py:250} DEBUG - Setting up DB connection pool (PID 18011)
[2025-06-27T00:58:18.316+0000] {logging_mixin.py:188} INFO - [2025-06-27T00:58:18.315+0000] {settings.py:330} DEBUG - settings.prepare_engine_args(): Using pool settings. pool_size=5, max_overflow=10, pool_recycle=1800, pid=18011
[2025-06-27T00:58:18.332+0000] {processor.py:161} INFO - Started process (PID=18011) to work on /home/airflow/.local/lib/python3.10/site-packages/airflow/example_dags/example_local_kubernetes_executor.py
[2025-06-27T00:58:18.333+0000] {processor.py:830} INFO - Processing file /home/airflow/.local/lib/python3.10/site-packages/airflow/example_dags/example_local_kubernetes_executor.py for tasks to queue
[2025-06-27T00:58:18.335+0000] {logging_mixin.py:188} INFO - [2025-06-27T00:58:18.334+0000] {dagbag.py:545} INFO - Filling up the DagBag from /home/airflow/.local/lib/python3.10/site-packages/airflow/example_dags/example_local_kubernetes_executor.py
[2025-06-27T00:58:18.339+0000] {logging_mixin.py:188} INFO - [2025-06-27T00:58:18.339+0000] {dagbag.py:337} DEBUG - Importing /home/airflow/.local/lib/python3.10/site-packages/airflow/example_dags/example_local_kubernetes_executor.py
[2025-06-27T00:58:18.360+0000] {logging_mixin.py:188} INFO - [2025-06-27T00:58:18.357+0000] {dagbag.py:511} DEBUG - Loaded DAG <DAG: example_local_kubernetes_executor>
[2025-06-27T00:58:18.361+0000] {processor.py:840} INFO - DAG(s) 'example_local_kubernetes_executor' retrieved from /home/airflow/.local/lib/python3.10/site-packages/airflow/example_dags/example_local_kubernetes_executor.py
[2025-06-27T00:58:18.365+0000] {logging_mixin.py:188} INFO - [2025-06-27T00:58:18.365+0000] {dagbag.py:667} DEBUG - Running dagbag.sync_to_db with retries. Try 1 of 3
[2025-06-27T00:58:18.366+0000] {logging_mixin.py:188} INFO - [2025-06-27T00:58:18.365+0000] {dagbag.py:672} DEBUG - Calling the DAG.bulk_sync_to_db method
[2025-06-27T00:58:18.396+0000] {logging_mixin.py:188} INFO - [2025-06-27T00:58:18.395+0000] {serialized_dag.py:166} DEBUG - Checking if DAG (example_local_kubernetes_executor) changed
[2025-06-27T00:58:18.458+0000] {logging_mixin.py:188} INFO - [2025-06-27T00:58:18.457+0000] {serialized_dag.py:177} DEBUG - Serialized DAG (example_local_kubernetes_executor) is unchanged. Skipping writing to DB
[2025-06-27T00:58:18.459+0000] {logging_mixin.py:188} INFO - [2025-06-27T00:58:18.459+0000] {dag.py:3096} INFO - Sync 1 DAGs
[2025-06-27T00:58:18.481+0000] {logging_mixin.py:188} INFO - [2025-06-27T00:58:18.481+0000] {dag.py:3954} INFO - Setting next_dagrun for example_local_kubernetes_executor to None, run_after=None
[2025-06-27T00:58:18.511+0000] {processor.py:183} INFO - Processing /home/airflow/.local/lib/python3.10/site-packages/airflow/example_dags/example_local_kubernetes_executor.py took 0.201 seconds
[2025-06-27T00:58:48.605+0000] {logging_mixin.py:188} INFO - [2025-06-27T00:58:48.603+0000] {settings.py:250} DEBUG - Setting up DB connection pool (PID 18073)
[2025-06-27T00:58:48.608+0000] {logging_mixin.py:188} INFO - [2025-06-27T00:58:48.607+0000] {settings.py:330} DEBUG - settings.prepare_engine_args(): Using pool settings. pool_size=5, max_overflow=10, pool_recycle=1800, pid=18073
[2025-06-27T00:58:48.621+0000] {processor.py:161} INFO - Started process (PID=18073) to work on /home/airflow/.local/lib/python3.10/site-packages/airflow/example_dags/example_local_kubernetes_executor.py
[2025-06-27T00:58:48.623+0000] {processor.py:830} INFO - Processing file /home/airflow/.local/lib/python3.10/site-packages/airflow/example_dags/example_local_kubernetes_executor.py for tasks to queue
[2025-06-27T00:58:48.625+0000] {logging_mixin.py:188} INFO - [2025-06-27T00:58:48.625+0000] {dagbag.py:545} INFO - Filling up the DagBag from /home/airflow/.local/lib/python3.10/site-packages/airflow/example_dags/example_local_kubernetes_executor.py
[2025-06-27T00:58:48.628+0000] {logging_mixin.py:188} INFO - [2025-06-27T00:58:48.627+0000] {dagbag.py:337} DEBUG - Importing /home/airflow/.local/lib/python3.10/site-packages/airflow/example_dags/example_local_kubernetes_executor.py
[2025-06-27T00:58:48.643+0000] {logging_mixin.py:188} INFO - [2025-06-27T00:58:48.641+0000] {dagbag.py:511} DEBUG - Loaded DAG <DAG: example_local_kubernetes_executor>
[2025-06-27T00:58:48.645+0000] {processor.py:840} INFO - DAG(s) 'example_local_kubernetes_executor' retrieved from /home/airflow/.local/lib/python3.10/site-packages/airflow/example_dags/example_local_kubernetes_executor.py
[2025-06-27T00:58:48.647+0000] {logging_mixin.py:188} INFO - [2025-06-27T00:58:48.647+0000] {dagbag.py:667} DEBUG - Running dagbag.sync_to_db with retries. Try 1 of 3
[2025-06-27T00:58:48.648+0000] {logging_mixin.py:188} INFO - [2025-06-27T00:58:48.648+0000] {dagbag.py:672} DEBUG - Calling the DAG.bulk_sync_to_db method
[2025-06-27T00:58:48.670+0000] {logging_mixin.py:188} INFO - [2025-06-27T00:58:48.669+0000] {serialized_dag.py:166} DEBUG - Checking if DAG (example_local_kubernetes_executor) changed
[2025-06-27T00:58:48.716+0000] {logging_mixin.py:188} INFO - [2025-06-27T00:58:48.715+0000] {serialized_dag.py:177} DEBUG - Serialized DAG (example_local_kubernetes_executor) is unchanged. Skipping writing to DB
[2025-06-27T00:58:48.717+0000] {logging_mixin.py:188} INFO - [2025-06-27T00:58:48.717+0000] {dag.py:3096} INFO - Sync 1 DAGs
[2025-06-27T00:58:48.740+0000] {logging_mixin.py:188} INFO - [2025-06-27T00:58:48.739+0000] {dag.py:3954} INFO - Setting next_dagrun for example_local_kubernetes_executor to None, run_after=None
[2025-06-27T00:58:48.781+0000] {processor.py:183} INFO - Processing /home/airflow/.local/lib/python3.10/site-packages/airflow/example_dags/example_local_kubernetes_executor.py took 0.178 seconds
[2025-06-27T00:59:18.909+0000] {logging_mixin.py:188} INFO - [2025-06-27T00:59:18.908+0000] {settings.py:250} DEBUG - Setting up DB connection pool (PID 18135)
[2025-06-27T00:59:18.911+0000] {logging_mixin.py:188} INFO - [2025-06-27T00:59:18.911+0000] {settings.py:330} DEBUG - settings.prepare_engine_args(): Using pool settings. pool_size=5, max_overflow=10, pool_recycle=1800, pid=18135
[2025-06-27T00:59:18.923+0000] {processor.py:161} INFO - Started process (PID=18135) to work on /home/airflow/.local/lib/python3.10/site-packages/airflow/example_dags/example_local_kubernetes_executor.py
[2025-06-27T00:59:18.925+0000] {processor.py:830} INFO - Processing file /home/airflow/.local/lib/python3.10/site-packages/airflow/example_dags/example_local_kubernetes_executor.py for tasks to queue
[2025-06-27T00:59:18.926+0000] {logging_mixin.py:188} INFO - [2025-06-27T00:59:18.926+0000] {dagbag.py:545} INFO - Filling up the DagBag from /home/airflow/.local/lib/python3.10/site-packages/airflow/example_dags/example_local_kubernetes_executor.py
[2025-06-27T00:59:18.929+0000] {logging_mixin.py:188} INFO - [2025-06-27T00:59:18.929+0000] {dagbag.py:337} DEBUG - Importing /home/airflow/.local/lib/python3.10/site-packages/airflow/example_dags/example_local_kubernetes_executor.py
[2025-06-27T00:59:18.952+0000] {logging_mixin.py:188} INFO - [2025-06-27T00:59:18.949+0000] {dagbag.py:511} DEBUG - Loaded DAG <DAG: example_local_kubernetes_executor>
[2025-06-27T00:59:18.954+0000] {processor.py:840} INFO - DAG(s) 'example_local_kubernetes_executor' retrieved from /home/airflow/.local/lib/python3.10/site-packages/airflow/example_dags/example_local_kubernetes_executor.py
[2025-06-27T00:59:18.956+0000] {logging_mixin.py:188} INFO - [2025-06-27T00:59:18.956+0000] {dagbag.py:667} DEBUG - Running dagbag.sync_to_db with retries. Try 1 of 3
[2025-06-27T00:59:18.957+0000] {logging_mixin.py:188} INFO - [2025-06-27T00:59:18.957+0000] {dagbag.py:672} DEBUG - Calling the DAG.bulk_sync_to_db method
[2025-06-27T00:59:18.982+0000] {logging_mixin.py:188} INFO - [2025-06-27T00:59:18.981+0000] {serialized_dag.py:166} DEBUG - Checking if DAG (example_local_kubernetes_executor) changed
[2025-06-27T00:59:19.026+0000] {logging_mixin.py:188} INFO - [2025-06-27T00:59:19.026+0000] {serialized_dag.py:177} DEBUG - Serialized DAG (example_local_kubernetes_executor) is unchanged. Skipping writing to DB
[2025-06-27T00:59:19.027+0000] {logging_mixin.py:188} INFO - [2025-06-27T00:59:19.027+0000] {dag.py:3096} INFO - Sync 1 DAGs
[2025-06-27T00:59:19.046+0000] {logging_mixin.py:188} INFO - [2025-06-27T00:59:19.046+0000] {dag.py:3954} INFO - Setting next_dagrun for example_local_kubernetes_executor to None, run_after=None
[2025-06-27T00:59:19.083+0000] {processor.py:183} INFO - Processing /home/airflow/.local/lib/python3.10/site-packages/airflow/example_dags/example_local_kubernetes_executor.py took 0.175 seconds
[2025-06-27T00:59:50.008+0000] {logging_mixin.py:188} INFO - [2025-06-27T00:59:50.006+0000] {settings.py:250} DEBUG - Setting up DB connection pool (PID 18205)
[2025-06-27T00:59:50.010+0000] {logging_mixin.py:188} INFO - [2025-06-27T00:59:50.009+0000] {settings.py:330} DEBUG - settings.prepare_engine_args(): Using pool settings. pool_size=5, max_overflow=10, pool_recycle=1800, pid=18205
[2025-06-27T00:59:50.021+0000] {processor.py:161} INFO - Started process (PID=18205) to work on /home/airflow/.local/lib/python3.10/site-packages/airflow/example_dags/example_local_kubernetes_executor.py
[2025-06-27T00:59:50.022+0000] {processor.py:830} INFO - Processing file /home/airflow/.local/lib/python3.10/site-packages/airflow/example_dags/example_local_kubernetes_executor.py for tasks to queue
[2025-06-27T00:59:50.023+0000] {logging_mixin.py:188} INFO - [2025-06-27T00:59:50.023+0000] {dagbag.py:545} INFO - Filling up the DagBag from /home/airflow/.local/lib/python3.10/site-packages/airflow/example_dags/example_local_kubernetes_executor.py
[2025-06-27T00:59:50.026+0000] {logging_mixin.py:188} INFO - [2025-06-27T00:59:50.026+0000] {dagbag.py:337} DEBUG - Importing /home/airflow/.local/lib/python3.10/site-packages/airflow/example_dags/example_local_kubernetes_executor.py
[2025-06-27T00:59:50.040+0000] {logging_mixin.py:188} INFO - [2025-06-27T00:59:50.038+0000] {dagbag.py:511} DEBUG - Loaded DAG <DAG: example_local_kubernetes_executor>
[2025-06-27T00:59:50.041+0000] {processor.py:840} INFO - DAG(s) 'example_local_kubernetes_executor' retrieved from /home/airflow/.local/lib/python3.10/site-packages/airflow/example_dags/example_local_kubernetes_executor.py
[2025-06-27T00:59:50.043+0000] {logging_mixin.py:188} INFO - [2025-06-27T00:59:50.043+0000] {dagbag.py:667} DEBUG - Running dagbag.sync_to_db with retries. Try 1 of 3
[2025-06-27T00:59:50.044+0000] {logging_mixin.py:188} INFO - [2025-06-27T00:59:50.044+0000] {dagbag.py:672} DEBUG - Calling the DAG.bulk_sync_to_db method
[2025-06-27T00:59:50.070+0000] {logging_mixin.py:188} INFO - [2025-06-27T00:59:50.070+0000] {serialized_dag.py:166} DEBUG - Checking if DAG (example_local_kubernetes_executor) changed
[2025-06-27T00:59:50.108+0000] {logging_mixin.py:188} INFO - [2025-06-27T00:59:50.107+0000] {serialized_dag.py:177} DEBUG - Serialized DAG (example_local_kubernetes_executor) is unchanged. Skipping writing to DB
[2025-06-27T00:59:50.109+0000] {logging_mixin.py:188} INFO - [2025-06-27T00:59:50.109+0000] {dag.py:3096} INFO - Sync 1 DAGs
[2025-06-27T00:59:50.127+0000] {logging_mixin.py:188} INFO - [2025-06-27T00:59:50.127+0000] {dag.py:3954} INFO - Setting next_dagrun for example_local_kubernetes_executor to None, run_after=None
[2025-06-27T00:59:50.162+0000] {processor.py:183} INFO - Processing /home/airflow/.local/lib/python3.10/site-packages/airflow/example_dags/example_local_kubernetes_executor.py took 0.155 seconds
[2025-06-27T01:00:20.809+0000] {logging_mixin.py:188} INFO - [2025-06-27T01:00:20.808+0000] {settings.py:250} DEBUG - Setting up DB connection pool (PID 18268)
[2025-06-27T01:00:20.810+0000] {logging_mixin.py:188} INFO - [2025-06-27T01:00:20.810+0000] {settings.py:330} DEBUG - settings.prepare_engine_args(): Using pool settings. pool_size=5, max_overflow=10, pool_recycle=1800, pid=18268
[2025-06-27T01:00:20.820+0000] {processor.py:161} INFO - Started process (PID=18268) to work on /home/airflow/.local/lib/python3.10/site-packages/airflow/example_dags/example_local_kubernetes_executor.py
[2025-06-27T01:00:20.821+0000] {processor.py:830} INFO - Processing file /home/airflow/.local/lib/python3.10/site-packages/airflow/example_dags/example_local_kubernetes_executor.py for tasks to queue
[2025-06-27T01:00:20.823+0000] {logging_mixin.py:188} INFO - [2025-06-27T01:00:20.823+0000] {dagbag.py:545} INFO - Filling up the DagBag from /home/airflow/.local/lib/python3.10/site-packages/airflow/example_dags/example_local_kubernetes_executor.py
[2025-06-27T01:00:20.826+0000] {logging_mixin.py:188} INFO - [2025-06-27T01:00:20.825+0000] {dagbag.py:337} DEBUG - Importing /home/airflow/.local/lib/python3.10/site-packages/airflow/example_dags/example_local_kubernetes_executor.py
[2025-06-27T01:00:20.839+0000] {logging_mixin.py:188} INFO - [2025-06-27T01:00:20.837+0000] {dagbag.py:511} DEBUG - Loaded DAG <DAG: example_local_kubernetes_executor>
[2025-06-27T01:00:20.840+0000] {processor.py:840} INFO - DAG(s) 'example_local_kubernetes_executor' retrieved from /home/airflow/.local/lib/python3.10/site-packages/airflow/example_dags/example_local_kubernetes_executor.py
[2025-06-27T01:00:20.843+0000] {logging_mixin.py:188} INFO - [2025-06-27T01:00:20.842+0000] {dagbag.py:667} DEBUG - Running dagbag.sync_to_db with retries. Try 1 of 3
[2025-06-27T01:00:20.843+0000] {logging_mixin.py:188} INFO - [2025-06-27T01:00:20.843+0000] {dagbag.py:672} DEBUG - Calling the DAG.bulk_sync_to_db method
[2025-06-27T01:00:20.869+0000] {logging_mixin.py:188} INFO - [2025-06-27T01:00:20.868+0000] {serialized_dag.py:166} DEBUG - Checking if DAG (example_local_kubernetes_executor) changed
[2025-06-27T01:00:20.909+0000] {logging_mixin.py:188} INFO - [2025-06-27T01:00:20.909+0000] {serialized_dag.py:177} DEBUG - Serialized DAG (example_local_kubernetes_executor) is unchanged. Skipping writing to DB
[2025-06-27T01:00:20.911+0000] {logging_mixin.py:188} INFO - [2025-06-27T01:00:20.910+0000] {dag.py:3096} INFO - Sync 1 DAGs
[2025-06-27T01:00:20.937+0000] {logging_mixin.py:188} INFO - [2025-06-27T01:00:20.936+0000] {dag.py:3954} INFO - Setting next_dagrun for example_local_kubernetes_executor to None, run_after=None
[2025-06-27T01:00:20.975+0000] {processor.py:183} INFO - Processing /home/airflow/.local/lib/python3.10/site-packages/airflow/example_dags/example_local_kubernetes_executor.py took 0.167 seconds
[2025-06-27T01:00:51.830+0000] {logging_mixin.py:188} INFO - [2025-06-27T01:00:51.829+0000] {settings.py:250} DEBUG - Setting up DB connection pool (PID 18331)
[2025-06-27T01:00:51.832+0000] {logging_mixin.py:188} INFO - [2025-06-27T01:00:51.832+0000] {settings.py:330} DEBUG - settings.prepare_engine_args(): Using pool settings. pool_size=5, max_overflow=10, pool_recycle=1800, pid=18331
[2025-06-27T01:00:51.845+0000] {processor.py:161} INFO - Started process (PID=18331) to work on /home/airflow/.local/lib/python3.10/site-packages/airflow/example_dags/example_local_kubernetes_executor.py
[2025-06-27T01:00:51.846+0000] {processor.py:830} INFO - Processing file /home/airflow/.local/lib/python3.10/site-packages/airflow/example_dags/example_local_kubernetes_executor.py for tasks to queue
[2025-06-27T01:00:51.848+0000] {logging_mixin.py:188} INFO - [2025-06-27T01:00:51.848+0000] {dagbag.py:545} INFO - Filling up the DagBag from /home/airflow/.local/lib/python3.10/site-packages/airflow/example_dags/example_local_kubernetes_executor.py
[2025-06-27T01:00:51.851+0000] {logging_mixin.py:188} INFO - [2025-06-27T01:00:51.850+0000] {dagbag.py:337} DEBUG - Importing /home/airflow/.local/lib/python3.10/site-packages/airflow/example_dags/example_local_kubernetes_executor.py
[2025-06-27T01:00:51.867+0000] {logging_mixin.py:188} INFO - [2025-06-27T01:00:51.865+0000] {dagbag.py:511} DEBUG - Loaded DAG <DAG: example_local_kubernetes_executor>
[2025-06-27T01:00:51.868+0000] {processor.py:840} INFO - DAG(s) 'example_local_kubernetes_executor' retrieved from /home/airflow/.local/lib/python3.10/site-packages/airflow/example_dags/example_local_kubernetes_executor.py
[2025-06-27T01:00:51.871+0000] {logging_mixin.py:188} INFO - [2025-06-27T01:00:51.870+0000] {dagbag.py:667} DEBUG - Running dagbag.sync_to_db with retries. Try 1 of 3
[2025-06-27T01:00:51.871+0000] {logging_mixin.py:188} INFO - [2025-06-27T01:00:51.871+0000] {dagbag.py:672} DEBUG - Calling the DAG.bulk_sync_to_db method
[2025-06-27T01:00:51.892+0000] {logging_mixin.py:188} INFO - [2025-06-27T01:00:51.891+0000] {serialized_dag.py:166} DEBUG - Checking if DAG (example_local_kubernetes_executor) changed
[2025-06-27T01:00:51.962+0000] {logging_mixin.py:188} INFO - [2025-06-27T01:00:51.961+0000] {serialized_dag.py:177} DEBUG - Serialized DAG (example_local_kubernetes_executor) is unchanged. Skipping writing to DB
[2025-06-27T01:00:51.963+0000] {logging_mixin.py:188} INFO - [2025-06-27T01:00:51.962+0000] {dag.py:3096} INFO - Sync 1 DAGs
[2025-06-27T01:00:51.983+0000] {logging_mixin.py:188} INFO - [2025-06-27T01:00:51.983+0000] {dag.py:3954} INFO - Setting next_dagrun for example_local_kubernetes_executor to None, run_after=None
[2025-06-27T01:00:52.019+0000] {processor.py:183} INFO - Processing /home/airflow/.local/lib/python3.10/site-packages/airflow/example_dags/example_local_kubernetes_executor.py took 0.190 seconds
[2025-06-27T01:01:22.726+0000] {logging_mixin.py:188} INFO - [2025-06-27T01:01:22.724+0000] {settings.py:250} DEBUG - Setting up DB connection pool (PID 18394)
[2025-06-27T01:01:22.728+0000] {logging_mixin.py:188} INFO - [2025-06-27T01:01:22.728+0000] {settings.py:330} DEBUG - settings.prepare_engine_args(): Using pool settings. pool_size=5, max_overflow=10, pool_recycle=1800, pid=18394
[2025-06-27T01:01:22.738+0000] {processor.py:161} INFO - Started process (PID=18394) to work on /home/airflow/.local/lib/python3.10/site-packages/airflow/example_dags/example_local_kubernetes_executor.py
[2025-06-27T01:01:22.739+0000] {processor.py:830} INFO - Processing file /home/airflow/.local/lib/python3.10/site-packages/airflow/example_dags/example_local_kubernetes_executor.py for tasks to queue
[2025-06-27T01:01:22.741+0000] {logging_mixin.py:188} INFO - [2025-06-27T01:01:22.740+0000] {dagbag.py:545} INFO - Filling up the DagBag from /home/airflow/.local/lib/python3.10/site-packages/airflow/example_dags/example_local_kubernetes_executor.py
[2025-06-27T01:01:22.743+0000] {logging_mixin.py:188} INFO - [2025-06-27T01:01:22.743+0000] {dagbag.py:337} DEBUG - Importing /home/airflow/.local/lib/python3.10/site-packages/airflow/example_dags/example_local_kubernetes_executor.py
[2025-06-27T01:01:22.757+0000] {logging_mixin.py:188} INFO - [2025-06-27T01:01:22.755+0000] {dagbag.py:511} DEBUG - Loaded DAG <DAG: example_local_kubernetes_executor>
[2025-06-27T01:01:22.757+0000] {processor.py:840} INFO - DAG(s) 'example_local_kubernetes_executor' retrieved from /home/airflow/.local/lib/python3.10/site-packages/airflow/example_dags/example_local_kubernetes_executor.py
[2025-06-27T01:01:22.760+0000] {logging_mixin.py:188} INFO - [2025-06-27T01:01:22.760+0000] {dagbag.py:667} DEBUG - Running dagbag.sync_to_db with retries. Try 1 of 3
[2025-06-27T01:01:22.761+0000] {logging_mixin.py:188} INFO - [2025-06-27T01:01:22.760+0000] {dagbag.py:672} DEBUG - Calling the DAG.bulk_sync_to_db method
[2025-06-27T01:01:22.785+0000] {logging_mixin.py:188} INFO - [2025-06-27T01:01:22.784+0000] {serialized_dag.py:166} DEBUG - Checking if DAG (example_local_kubernetes_executor) changed
[2025-06-27T01:01:22.827+0000] {logging_mixin.py:188} INFO - [2025-06-27T01:01:22.827+0000] {serialized_dag.py:177} DEBUG - Serialized DAG (example_local_kubernetes_executor) is unchanged. Skipping writing to DB
[2025-06-27T01:01:22.828+0000] {logging_mixin.py:188} INFO - [2025-06-27T01:01:22.828+0000] {dag.py:3096} INFO - Sync 1 DAGs
[2025-06-27T01:01:22.845+0000] {logging_mixin.py:188} INFO - [2025-06-27T01:01:22.845+0000] {dag.py:3954} INFO - Setting next_dagrun for example_local_kubernetes_executor to None, run_after=None
[2025-06-27T01:01:22.888+0000] {processor.py:183} INFO - Processing /home/airflow/.local/lib/python3.10/site-packages/airflow/example_dags/example_local_kubernetes_executor.py took 0.164 seconds
[2025-06-27T01:01:53.545+0000] {logging_mixin.py:188} INFO - [2025-06-27T01:01:53.543+0000] {settings.py:250} DEBUG - Setting up DB connection pool (PID 18457)
[2025-06-27T01:01:53.547+0000] {logging_mixin.py:188} INFO - [2025-06-27T01:01:53.547+0000] {settings.py:330} DEBUG - settings.prepare_engine_args(): Using pool settings. pool_size=5, max_overflow=10, pool_recycle=1800, pid=18457
[2025-06-27T01:01:53.557+0000] {processor.py:161} INFO - Started process (PID=18457) to work on /home/airflow/.local/lib/python3.10/site-packages/airflow/example_dags/example_local_kubernetes_executor.py
[2025-06-27T01:01:53.558+0000] {processor.py:830} INFO - Processing file /home/airflow/.local/lib/python3.10/site-packages/airflow/example_dags/example_local_kubernetes_executor.py for tasks to queue
[2025-06-27T01:01:53.559+0000] {logging_mixin.py:188} INFO - [2025-06-27T01:01:53.559+0000] {dagbag.py:545} INFO - Filling up the DagBag from /home/airflow/.local/lib/python3.10/site-packages/airflow/example_dags/example_local_kubernetes_executor.py
[2025-06-27T01:01:53.562+0000] {logging_mixin.py:188} INFO - [2025-06-27T01:01:53.561+0000] {dagbag.py:337} DEBUG - Importing /home/airflow/.local/lib/python3.10/site-packages/airflow/example_dags/example_local_kubernetes_executor.py
[2025-06-27T01:01:53.576+0000] {logging_mixin.py:188} INFO - [2025-06-27T01:01:53.574+0000] {dagbag.py:511} DEBUG - Loaded DAG <DAG: example_local_kubernetes_executor>
[2025-06-27T01:01:53.577+0000] {processor.py:840} INFO - DAG(s) 'example_local_kubernetes_executor' retrieved from /home/airflow/.local/lib/python3.10/site-packages/airflow/example_dags/example_local_kubernetes_executor.py
[2025-06-27T01:01:53.580+0000] {logging_mixin.py:188} INFO - [2025-06-27T01:01:53.579+0000] {dagbag.py:667} DEBUG - Running dagbag.sync_to_db with retries. Try 1 of 3
[2025-06-27T01:01:53.581+0000] {logging_mixin.py:188} INFO - [2025-06-27T01:01:53.580+0000] {dagbag.py:672} DEBUG - Calling the DAG.bulk_sync_to_db method
[2025-06-27T01:01:53.604+0000] {logging_mixin.py:188} INFO - [2025-06-27T01:01:53.604+0000] {serialized_dag.py:166} DEBUG - Checking if DAG (example_local_kubernetes_executor) changed
[2025-06-27T01:01:53.652+0000] {logging_mixin.py:188} INFO - [2025-06-27T01:01:53.652+0000] {serialized_dag.py:177} DEBUG - Serialized DAG (example_local_kubernetes_executor) is unchanged. Skipping writing to DB
[2025-06-27T01:01:53.654+0000] {logging_mixin.py:188} INFO - [2025-06-27T01:01:53.653+0000] {dag.py:3096} INFO - Sync 1 DAGs
[2025-06-27T01:01:53.674+0000] {logging_mixin.py:188} INFO - [2025-06-27T01:01:53.673+0000] {dag.py:3954} INFO - Setting next_dagrun for example_local_kubernetes_executor to None, run_after=None
[2025-06-27T01:01:53.703+0000] {processor.py:183} INFO - Processing /home/airflow/.local/lib/python3.10/site-packages/airflow/example_dags/example_local_kubernetes_executor.py took 0.160 seconds
[2025-06-27T01:02:24.658+0000] {logging_mixin.py:188} INFO - [2025-06-27T01:02:24.656+0000] {settings.py:250} DEBUG - Setting up DB connection pool (PID 18520)
[2025-06-27T01:02:24.659+0000] {logging_mixin.py:188} INFO - [2025-06-27T01:02:24.659+0000] {settings.py:330} DEBUG - settings.prepare_engine_args(): Using pool settings. pool_size=5, max_overflow=10, pool_recycle=1800, pid=18520
[2025-06-27T01:02:24.673+0000] {processor.py:161} INFO - Started process (PID=18520) to work on /home/airflow/.local/lib/python3.10/site-packages/airflow/example_dags/example_local_kubernetes_executor.py
[2025-06-27T01:02:24.674+0000] {processor.py:830} INFO - Processing file /home/airflow/.local/lib/python3.10/site-packages/airflow/example_dags/example_local_kubernetes_executor.py for tasks to queue
[2025-06-27T01:02:24.676+0000] {logging_mixin.py:188} INFO - [2025-06-27T01:02:24.676+0000] {dagbag.py:545} INFO - Filling up the DagBag from /home/airflow/.local/lib/python3.10/site-packages/airflow/example_dags/example_local_kubernetes_executor.py
[2025-06-27T01:02:24.679+0000] {logging_mixin.py:188} INFO - [2025-06-27T01:02:24.678+0000] {dagbag.py:337} DEBUG - Importing /home/airflow/.local/lib/python3.10/site-packages/airflow/example_dags/example_local_kubernetes_executor.py
[2025-06-27T01:02:24.694+0000] {logging_mixin.py:188} INFO - [2025-06-27T01:02:24.692+0000] {dagbag.py:511} DEBUG - Loaded DAG <DAG: example_local_kubernetes_executor>
[2025-06-27T01:02:24.695+0000] {processor.py:840} INFO - DAG(s) 'example_local_kubernetes_executor' retrieved from /home/airflow/.local/lib/python3.10/site-packages/airflow/example_dags/example_local_kubernetes_executor.py
[2025-06-27T01:02:24.697+0000] {logging_mixin.py:188} INFO - [2025-06-27T01:02:24.697+0000] {dagbag.py:667} DEBUG - Running dagbag.sync_to_db with retries. Try 1 of 3
[2025-06-27T01:02:24.698+0000] {logging_mixin.py:188} INFO - [2025-06-27T01:02:24.698+0000] {dagbag.py:672} DEBUG - Calling the DAG.bulk_sync_to_db method
[2025-06-27T01:02:24.723+0000] {logging_mixin.py:188} INFO - [2025-06-27T01:02:24.722+0000] {serialized_dag.py:166} DEBUG - Checking if DAG (example_local_kubernetes_executor) changed
[2025-06-27T01:02:24.761+0000] {logging_mixin.py:188} INFO - [2025-06-27T01:02:24.761+0000] {serialized_dag.py:177} DEBUG - Serialized DAG (example_local_kubernetes_executor) is unchanged. Skipping writing to DB
[2025-06-27T01:02:24.762+0000] {logging_mixin.py:188} INFO - [2025-06-27T01:02:24.762+0000] {dag.py:3096} INFO - Sync 1 DAGs
[2025-06-27T01:02:24.777+0000] {logging_mixin.py:188} INFO - [2025-06-27T01:02:24.777+0000] {dag.py:3954} INFO - Setting next_dagrun for example_local_kubernetes_executor to None, run_after=None
[2025-06-27T01:02:24.807+0000] {processor.py:183} INFO - Processing /home/airflow/.local/lib/python3.10/site-packages/airflow/example_dags/example_local_kubernetes_executor.py took 0.151 seconds
[2025-06-27T01:02:54.947+0000] {logging_mixin.py:188} INFO - [2025-06-27T01:02:54.946+0000] {settings.py:250} DEBUG - Setting up DB connection pool (PID 18581)
[2025-06-27T01:02:54.949+0000] {logging_mixin.py:188} INFO - [2025-06-27T01:02:54.949+0000] {settings.py:330} DEBUG - settings.prepare_engine_args(): Using pool settings. pool_size=5, max_overflow=10, pool_recycle=1800, pid=18581
[2025-06-27T01:02:54.959+0000] {processor.py:161} INFO - Started process (PID=18581) to work on /home/airflow/.local/lib/python3.10/site-packages/airflow/example_dags/example_local_kubernetes_executor.py
[2025-06-27T01:02:54.961+0000] {processor.py:830} INFO - Processing file /home/airflow/.local/lib/python3.10/site-packages/airflow/example_dags/example_local_kubernetes_executor.py for tasks to queue
[2025-06-27T01:02:54.962+0000] {logging_mixin.py:188} INFO - [2025-06-27T01:02:54.962+0000] {dagbag.py:545} INFO - Filling up the DagBag from /home/airflow/.local/lib/python3.10/site-packages/airflow/example_dags/example_local_kubernetes_executor.py
[2025-06-27T01:02:54.965+0000] {logging_mixin.py:188} INFO - [2025-06-27T01:02:54.964+0000] {dagbag.py:337} DEBUG - Importing /home/airflow/.local/lib/python3.10/site-packages/airflow/example_dags/example_local_kubernetes_executor.py
[2025-06-27T01:02:54.977+0000] {logging_mixin.py:188} INFO - [2025-06-27T01:02:54.975+0000] {dagbag.py:511} DEBUG - Loaded DAG <DAG: example_local_kubernetes_executor>
[2025-06-27T01:02:54.978+0000] {processor.py:840} INFO - DAG(s) 'example_local_kubernetes_executor' retrieved from /home/airflow/.local/lib/python3.10/site-packages/airflow/example_dags/example_local_kubernetes_executor.py
[2025-06-27T01:02:54.979+0000] {logging_mixin.py:188} INFO - [2025-06-27T01:02:54.979+0000] {dagbag.py:667} DEBUG - Running dagbag.sync_to_db with retries. Try 1 of 3
[2025-06-27T01:02:54.980+0000] {logging_mixin.py:188} INFO - [2025-06-27T01:02:54.980+0000] {dagbag.py:672} DEBUG - Calling the DAG.bulk_sync_to_db method
[2025-06-27T01:02:55.002+0000] {logging_mixin.py:188} INFO - [2025-06-27T01:02:55.001+0000] {serialized_dag.py:166} DEBUG - Checking if DAG (example_local_kubernetes_executor) changed
[2025-06-27T01:02:55.040+0000] {logging_mixin.py:188} INFO - [2025-06-27T01:02:55.039+0000] {serialized_dag.py:177} DEBUG - Serialized DAG (example_local_kubernetes_executor) is unchanged. Skipping writing to DB
[2025-06-27T01:02:55.041+0000] {logging_mixin.py:188} INFO - [2025-06-27T01:02:55.041+0000] {dag.py:3096} INFO - Sync 1 DAGs
[2025-06-27T01:02:55.063+0000] {logging_mixin.py:188} INFO - [2025-06-27T01:02:55.063+0000] {dag.py:3954} INFO - Setting next_dagrun for example_local_kubernetes_executor to None, run_after=None
[2025-06-27T01:02:55.109+0000] {processor.py:183} INFO - Processing /home/airflow/.local/lib/python3.10/site-packages/airflow/example_dags/example_local_kubernetes_executor.py took 0.163 seconds
[2025-06-27T01:03:25.474+0000] {logging_mixin.py:188} INFO - [2025-06-27T01:03:25.473+0000] {settings.py:250} DEBUG - Setting up DB connection pool (PID 18644)
[2025-06-27T01:03:25.477+0000] {logging_mixin.py:188} INFO - [2025-06-27T01:03:25.477+0000] {settings.py:330} DEBUG - settings.prepare_engine_args(): Using pool settings. pool_size=5, max_overflow=10, pool_recycle=1800, pid=18644
[2025-06-27T01:03:25.495+0000] {processor.py:161} INFO - Started process (PID=18644) to work on /home/airflow/.local/lib/python3.10/site-packages/airflow/example_dags/example_local_kubernetes_executor.py
[2025-06-27T01:03:25.497+0000] {processor.py:830} INFO - Processing file /home/airflow/.local/lib/python3.10/site-packages/airflow/example_dags/example_local_kubernetes_executor.py for tasks to queue
[2025-06-27T01:03:25.499+0000] {logging_mixin.py:188} INFO - [2025-06-27T01:03:25.499+0000] {dagbag.py:545} INFO - Filling up the DagBag from /home/airflow/.local/lib/python3.10/site-packages/airflow/example_dags/example_local_kubernetes_executor.py
[2025-06-27T01:03:25.503+0000] {logging_mixin.py:188} INFO - [2025-06-27T01:03:25.503+0000] {dagbag.py:337} DEBUG - Importing /home/airflow/.local/lib/python3.10/site-packages/airflow/example_dags/example_local_kubernetes_executor.py
[2025-06-27T01:03:25.527+0000] {logging_mixin.py:188} INFO - [2025-06-27T01:03:25.525+0000] {dagbag.py:511} DEBUG - Loaded DAG <DAG: example_local_kubernetes_executor>
[2025-06-27T01:03:25.529+0000] {processor.py:840} INFO - DAG(s) 'example_local_kubernetes_executor' retrieved from /home/airflow/.local/lib/python3.10/site-packages/airflow/example_dags/example_local_kubernetes_executor.py
[2025-06-27T01:03:25.531+0000] {logging_mixin.py:188} INFO - [2025-06-27T01:03:25.531+0000] {dagbag.py:667} DEBUG - Running dagbag.sync_to_db with retries. Try 1 of 3
[2025-06-27T01:03:25.532+0000] {logging_mixin.py:188} INFO - [2025-06-27T01:03:25.532+0000] {dagbag.py:672} DEBUG - Calling the DAG.bulk_sync_to_db method
[2025-06-27T01:03:25.557+0000] {logging_mixin.py:188} INFO - [2025-06-27T01:03:25.557+0000] {serialized_dag.py:166} DEBUG - Checking if DAG (example_local_kubernetes_executor) changed
[2025-06-27T01:03:25.609+0000] {logging_mixin.py:188} INFO - [2025-06-27T01:03:25.608+0000] {serialized_dag.py:177} DEBUG - Serialized DAG (example_local_kubernetes_executor) is unchanged. Skipping writing to DB
[2025-06-27T01:03:25.610+0000] {logging_mixin.py:188} INFO - [2025-06-27T01:03:25.610+0000] {dag.py:3096} INFO - Sync 1 DAGs
[2025-06-27T01:03:25.635+0000] {logging_mixin.py:188} INFO - [2025-06-27T01:03:25.635+0000] {dag.py:3954} INFO - Setting next_dagrun for example_local_kubernetes_executor to None, run_after=None
[2025-06-27T01:03:25.669+0000] {processor.py:183} INFO - Processing /home/airflow/.local/lib/python3.10/site-packages/airflow/example_dags/example_local_kubernetes_executor.py took 0.196 seconds
[2025-06-27T01:03:56.110+0000] {logging_mixin.py:188} INFO - [2025-06-27T01:03:56.109+0000] {settings.py:250} DEBUG - Setting up DB connection pool (PID 18708)
[2025-06-27T01:03:56.112+0000] {logging_mixin.py:188} INFO - [2025-06-27T01:03:56.112+0000] {settings.py:330} DEBUG - settings.prepare_engine_args(): Using pool settings. pool_size=5, max_overflow=10, pool_recycle=1800, pid=18708
[2025-06-27T01:03:56.122+0000] {processor.py:161} INFO - Started process (PID=18708) to work on /home/airflow/.local/lib/python3.10/site-packages/airflow/example_dags/example_local_kubernetes_executor.py
[2025-06-27T01:03:56.123+0000] {processor.py:830} INFO - Processing file /home/airflow/.local/lib/python3.10/site-packages/airflow/example_dags/example_local_kubernetes_executor.py for tasks to queue
[2025-06-27T01:03:56.125+0000] {logging_mixin.py:188} INFO - [2025-06-27T01:03:56.125+0000] {dagbag.py:545} INFO - Filling up the DagBag from /home/airflow/.local/lib/python3.10/site-packages/airflow/example_dags/example_local_kubernetes_executor.py
[2025-06-27T01:03:56.131+0000] {logging_mixin.py:188} INFO - [2025-06-27T01:03:56.131+0000] {dagbag.py:337} DEBUG - Importing /home/airflow/.local/lib/python3.10/site-packages/airflow/example_dags/example_local_kubernetes_executor.py
[2025-06-27T01:03:56.156+0000] {logging_mixin.py:188} INFO - [2025-06-27T01:03:56.153+0000] {dagbag.py:511} DEBUG - Loaded DAG <DAG: example_local_kubernetes_executor>
[2025-06-27T01:03:56.157+0000] {processor.py:840} INFO - DAG(s) 'example_local_kubernetes_executor' retrieved from /home/airflow/.local/lib/python3.10/site-packages/airflow/example_dags/example_local_kubernetes_executor.py
[2025-06-27T01:03:56.160+0000] {logging_mixin.py:188} INFO - [2025-06-27T01:03:56.159+0000] {dagbag.py:667} DEBUG - Running dagbag.sync_to_db with retries. Try 1 of 3
[2025-06-27T01:03:56.161+0000] {logging_mixin.py:188} INFO - [2025-06-27T01:03:56.161+0000] {dagbag.py:672} DEBUG - Calling the DAG.bulk_sync_to_db method
[2025-06-27T01:03:56.194+0000] {logging_mixin.py:188} INFO - [2025-06-27T01:03:56.193+0000] {serialized_dag.py:166} DEBUG - Checking if DAG (example_local_kubernetes_executor) changed
[2025-06-27T01:03:56.254+0000] {logging_mixin.py:188} INFO - [2025-06-27T01:03:56.253+0000] {serialized_dag.py:177} DEBUG - Serialized DAG (example_local_kubernetes_executor) is unchanged. Skipping writing to DB
[2025-06-27T01:03:56.255+0000] {logging_mixin.py:188} INFO - [2025-06-27T01:03:56.255+0000] {dag.py:3096} INFO - Sync 1 DAGs
[2025-06-27T01:03:56.280+0000] {logging_mixin.py:188} INFO - [2025-06-27T01:03:56.279+0000] {dag.py:3954} INFO - Setting next_dagrun for example_local_kubernetes_executor to None, run_after=None
[2025-06-27T01:03:56.315+0000] {processor.py:183} INFO - Processing /home/airflow/.local/lib/python3.10/site-packages/airflow/example_dags/example_local_kubernetes_executor.py took 0.206 seconds
[2025-06-27T01:04:26.686+0000] {logging_mixin.py:188} INFO - [2025-06-27T01:04:26.685+0000] {settings.py:250} DEBUG - Setting up DB connection pool (PID 18771)
[2025-06-27T01:04:26.689+0000] {logging_mixin.py:188} INFO - [2025-06-27T01:04:26.688+0000] {settings.py:330} DEBUG - settings.prepare_engine_args(): Using pool settings. pool_size=5, max_overflow=10, pool_recycle=1800, pid=18771
[2025-06-27T01:04:26.701+0000] {processor.py:161} INFO - Started process (PID=18771) to work on /home/airflow/.local/lib/python3.10/site-packages/airflow/example_dags/example_local_kubernetes_executor.py
[2025-06-27T01:04:26.702+0000] {processor.py:830} INFO - Processing file /home/airflow/.local/lib/python3.10/site-packages/airflow/example_dags/example_local_kubernetes_executor.py for tasks to queue
[2025-06-27T01:04:26.704+0000] {logging_mixin.py:188} INFO - [2025-06-27T01:04:26.704+0000] {dagbag.py:545} INFO - Filling up the DagBag from /home/airflow/.local/lib/python3.10/site-packages/airflow/example_dags/example_local_kubernetes_executor.py
[2025-06-27T01:04:26.707+0000] {logging_mixin.py:188} INFO - [2025-06-27T01:04:26.707+0000] {dagbag.py:337} DEBUG - Importing /home/airflow/.local/lib/python3.10/site-packages/airflow/example_dags/example_local_kubernetes_executor.py
[2025-06-27T01:04:26.719+0000] {logging_mixin.py:188} INFO - [2025-06-27T01:04:26.718+0000] {dagbag.py:511} DEBUG - Loaded DAG <DAG: example_local_kubernetes_executor>
[2025-06-27T01:04:26.720+0000] {processor.py:840} INFO - DAG(s) 'example_local_kubernetes_executor' retrieved from /home/airflow/.local/lib/python3.10/site-packages/airflow/example_dags/example_local_kubernetes_executor.py
[2025-06-27T01:04:26.723+0000] {logging_mixin.py:188} INFO - [2025-06-27T01:04:26.723+0000] {dagbag.py:667} DEBUG - Running dagbag.sync_to_db with retries. Try 1 of 3
[2025-06-27T01:04:26.724+0000] {logging_mixin.py:188} INFO - [2025-06-27T01:04:26.724+0000] {dagbag.py:672} DEBUG - Calling the DAG.bulk_sync_to_db method
[2025-06-27T01:04:26.743+0000] {logging_mixin.py:188} INFO - [2025-06-27T01:04:26.743+0000] {serialized_dag.py:166} DEBUG - Checking if DAG (example_local_kubernetes_executor) changed
[2025-06-27T01:04:26.779+0000] {logging_mixin.py:188} INFO - [2025-06-27T01:04:26.778+0000] {serialized_dag.py:177} DEBUG - Serialized DAG (example_local_kubernetes_executor) is unchanged. Skipping writing to DB
[2025-06-27T01:04:26.780+0000] {logging_mixin.py:188} INFO - [2025-06-27T01:04:26.780+0000] {dag.py:3096} INFO - Sync 1 DAGs
[2025-06-27T01:04:26.797+0000] {logging_mixin.py:188} INFO - [2025-06-27T01:04:26.796+0000] {dag.py:3954} INFO - Setting next_dagrun for example_local_kubernetes_executor to None, run_after=None
[2025-06-27T01:04:26.824+0000] {processor.py:183} INFO - Processing /home/airflow/.local/lib/python3.10/site-packages/airflow/example_dags/example_local_kubernetes_executor.py took 0.139 seconds
[2025-06-27T01:04:57.041+0000] {logging_mixin.py:188} INFO - [2025-06-27T01:04:57.040+0000] {settings.py:250} DEBUG - Setting up DB connection pool (PID 18834)
[2025-06-27T01:04:57.043+0000] {logging_mixin.py:188} INFO - [2025-06-27T01:04:57.043+0000] {settings.py:330} DEBUG - settings.prepare_engine_args(): Using pool settings. pool_size=5, max_overflow=10, pool_recycle=1800, pid=18834
[2025-06-27T01:04:57.055+0000] {processor.py:161} INFO - Started process (PID=18834) to work on /home/airflow/.local/lib/python3.10/site-packages/airflow/example_dags/example_local_kubernetes_executor.py
[2025-06-27T01:04:57.056+0000] {processor.py:830} INFO - Processing file /home/airflow/.local/lib/python3.10/site-packages/airflow/example_dags/example_local_kubernetes_executor.py for tasks to queue
[2025-06-27T01:04:57.058+0000] {logging_mixin.py:188} INFO - [2025-06-27T01:04:57.057+0000] {dagbag.py:545} INFO - Filling up the DagBag from /home/airflow/.local/lib/python3.10/site-packages/airflow/example_dags/example_local_kubernetes_executor.py
[2025-06-27T01:04:57.060+0000] {logging_mixin.py:188} INFO - [2025-06-27T01:04:57.060+0000] {dagbag.py:337} DEBUG - Importing /home/airflow/.local/lib/python3.10/site-packages/airflow/example_dags/example_local_kubernetes_executor.py
[2025-06-27T01:04:57.081+0000] {logging_mixin.py:188} INFO - [2025-06-27T01:04:57.079+0000] {dagbag.py:511} DEBUG - Loaded DAG <DAG: example_local_kubernetes_executor>
[2025-06-27T01:04:57.082+0000] {processor.py:840} INFO - DAG(s) 'example_local_kubernetes_executor' retrieved from /home/airflow/.local/lib/python3.10/site-packages/airflow/example_dags/example_local_kubernetes_executor.py
[2025-06-27T01:04:57.085+0000] {logging_mixin.py:188} INFO - [2025-06-27T01:04:57.085+0000] {dagbag.py:667} DEBUG - Running dagbag.sync_to_db with retries. Try 1 of 3
[2025-06-27T01:04:57.086+0000] {logging_mixin.py:188} INFO - [2025-06-27T01:04:57.086+0000] {dagbag.py:672} DEBUG - Calling the DAG.bulk_sync_to_db method
[2025-06-27T01:04:57.112+0000] {logging_mixin.py:188} INFO - [2025-06-27T01:04:57.112+0000] {serialized_dag.py:166} DEBUG - Checking if DAG (example_local_kubernetes_executor) changed
[2025-06-27T01:04:57.166+0000] {logging_mixin.py:188} INFO - [2025-06-27T01:04:57.165+0000] {serialized_dag.py:177} DEBUG - Serialized DAG (example_local_kubernetes_executor) is unchanged. Skipping writing to DB
[2025-06-27T01:04:57.167+0000] {logging_mixin.py:188} INFO - [2025-06-27T01:04:57.166+0000] {dag.py:3096} INFO - Sync 1 DAGs
[2025-06-27T01:04:57.187+0000] {logging_mixin.py:188} INFO - [2025-06-27T01:04:57.186+0000] {dag.py:3954} INFO - Setting next_dagrun for example_local_kubernetes_executor to None, run_after=None
[2025-06-27T01:04:57.221+0000] {processor.py:183} INFO - Processing /home/airflow/.local/lib/python3.10/site-packages/airflow/example_dags/example_local_kubernetes_executor.py took 0.181 seconds
[2025-06-27T01:05:27.592+0000] {logging_mixin.py:188} INFO - [2025-06-27T01:05:27.591+0000] {settings.py:250} DEBUG - Setting up DB connection pool (PID 18897)
[2025-06-27T01:05:27.594+0000] {logging_mixin.py:188} INFO - [2025-06-27T01:05:27.593+0000] {settings.py:330} DEBUG - settings.prepare_engine_args(): Using pool settings. pool_size=5, max_overflow=10, pool_recycle=1800, pid=18897
[2025-06-27T01:05:27.604+0000] {processor.py:161} INFO - Started process (PID=18897) to work on /home/airflow/.local/lib/python3.10/site-packages/airflow/example_dags/example_local_kubernetes_executor.py
[2025-06-27T01:05:27.606+0000] {processor.py:830} INFO - Processing file /home/airflow/.local/lib/python3.10/site-packages/airflow/example_dags/example_local_kubernetes_executor.py for tasks to queue
[2025-06-27T01:05:27.608+0000] {logging_mixin.py:188} INFO - [2025-06-27T01:05:27.607+0000] {dagbag.py:545} INFO - Filling up the DagBag from /home/airflow/.local/lib/python3.10/site-packages/airflow/example_dags/example_local_kubernetes_executor.py
[2025-06-27T01:05:27.612+0000] {logging_mixin.py:188} INFO - [2025-06-27T01:05:27.611+0000] {dagbag.py:337} DEBUG - Importing /home/airflow/.local/lib/python3.10/site-packages/airflow/example_dags/example_local_kubernetes_executor.py
[2025-06-27T01:05:27.638+0000] {logging_mixin.py:188} INFO - [2025-06-27T01:05:27.635+0000] {dagbag.py:511} DEBUG - Loaded DAG <DAG: example_local_kubernetes_executor>
[2025-06-27T01:05:27.643+0000] {processor.py:840} INFO - DAG(s) 'example_local_kubernetes_executor' retrieved from /home/airflow/.local/lib/python3.10/site-packages/airflow/example_dags/example_local_kubernetes_executor.py
[2025-06-27T01:05:27.651+0000] {logging_mixin.py:188} INFO - [2025-06-27T01:05:27.647+0000] {dagbag.py:667} DEBUG - Running dagbag.sync_to_db with retries. Try 1 of 3
[2025-06-27T01:05:27.653+0000] {logging_mixin.py:188} INFO - [2025-06-27T01:05:27.652+0000] {dagbag.py:672} DEBUG - Calling the DAG.bulk_sync_to_db method
[2025-06-27T01:05:27.684+0000] {logging_mixin.py:188} INFO - [2025-06-27T01:05:27.684+0000] {serialized_dag.py:166} DEBUG - Checking if DAG (example_local_kubernetes_executor) changed
[2025-06-27T01:05:27.735+0000] {logging_mixin.py:188} INFO - [2025-06-27T01:05:27.735+0000] {serialized_dag.py:177} DEBUG - Serialized DAG (example_local_kubernetes_executor) is unchanged. Skipping writing to DB
[2025-06-27T01:05:27.737+0000] {logging_mixin.py:188} INFO - [2025-06-27T01:05:27.736+0000] {dag.py:3096} INFO - Sync 1 DAGs
[2025-06-27T01:05:27.759+0000] {logging_mixin.py:188} INFO - [2025-06-27T01:05:27.758+0000] {dag.py:3954} INFO - Setting next_dagrun for example_local_kubernetes_executor to None, run_after=None
[2025-06-27T01:05:27.796+0000] {processor.py:183} INFO - Processing /home/airflow/.local/lib/python3.10/site-packages/airflow/example_dags/example_local_kubernetes_executor.py took 0.205 seconds
[2025-06-27T01:05:58.390+0000] {logging_mixin.py:188} INFO - [2025-06-27T01:05:58.389+0000] {settings.py:250} DEBUG - Setting up DB connection pool (PID 18960)
[2025-06-27T01:05:58.391+0000] {logging_mixin.py:188} INFO - [2025-06-27T01:05:58.391+0000] {settings.py:330} DEBUG - settings.prepare_engine_args(): Using pool settings. pool_size=5, max_overflow=10, pool_recycle=1800, pid=18960
[2025-06-27T01:05:58.401+0000] {processor.py:161} INFO - Started process (PID=18960) to work on /home/airflow/.local/lib/python3.10/site-packages/airflow/example_dags/example_local_kubernetes_executor.py
[2025-06-27T01:05:58.402+0000] {processor.py:830} INFO - Processing file /home/airflow/.local/lib/python3.10/site-packages/airflow/example_dags/example_local_kubernetes_executor.py for tasks to queue
[2025-06-27T01:05:58.403+0000] {logging_mixin.py:188} INFO - [2025-06-27T01:05:58.403+0000] {dagbag.py:545} INFO - Filling up the DagBag from /home/airflow/.local/lib/python3.10/site-packages/airflow/example_dags/example_local_kubernetes_executor.py
[2025-06-27T01:05:58.405+0000] {logging_mixin.py:188} INFO - [2025-06-27T01:05:58.405+0000] {dagbag.py:337} DEBUG - Importing /home/airflow/.local/lib/python3.10/site-packages/airflow/example_dags/example_local_kubernetes_executor.py
[2025-06-27T01:05:58.417+0000] {logging_mixin.py:188} INFO - [2025-06-27T01:05:58.416+0000] {dagbag.py:511} DEBUG - Loaded DAG <DAG: example_local_kubernetes_executor>
[2025-06-27T01:05:58.418+0000] {processor.py:840} INFO - DAG(s) 'example_local_kubernetes_executor' retrieved from /home/airflow/.local/lib/python3.10/site-packages/airflow/example_dags/example_local_kubernetes_executor.py
[2025-06-27T01:05:58.421+0000] {logging_mixin.py:188} INFO - [2025-06-27T01:05:58.420+0000] {dagbag.py:667} DEBUG - Running dagbag.sync_to_db with retries. Try 1 of 3
[2025-06-27T01:05:58.421+0000] {logging_mixin.py:188} INFO - [2025-06-27T01:05:58.421+0000] {dagbag.py:672} DEBUG - Calling the DAG.bulk_sync_to_db method
[2025-06-27T01:05:58.447+0000] {logging_mixin.py:188} INFO - [2025-06-27T01:05:58.447+0000] {serialized_dag.py:166} DEBUG - Checking if DAG (example_local_kubernetes_executor) changed
[2025-06-27T01:05:58.487+0000] {logging_mixin.py:188} INFO - [2025-06-27T01:05:58.487+0000] {serialized_dag.py:177} DEBUG - Serialized DAG (example_local_kubernetes_executor) is unchanged. Skipping writing to DB
[2025-06-27T01:05:58.488+0000] {logging_mixin.py:188} INFO - [2025-06-27T01:05:58.488+0000] {dag.py:3096} INFO - Sync 1 DAGs
[2025-06-27T01:05:58.504+0000] {logging_mixin.py:188} INFO - [2025-06-27T01:05:58.504+0000] {dag.py:3954} INFO - Setting next_dagrun for example_local_kubernetes_executor to None, run_after=None
[2025-06-27T01:05:58.530+0000] {processor.py:183} INFO - Processing /home/airflow/.local/lib/python3.10/site-packages/airflow/example_dags/example_local_kubernetes_executor.py took 0.142 seconds
[2025-06-27T01:06:28.814+0000] {logging_mixin.py:188} INFO - [2025-06-27T01:06:28.813+0000] {settings.py:250} DEBUG - Setting up DB connection pool (PID 19023)
[2025-06-27T01:06:28.815+0000] {logging_mixin.py:188} INFO - [2025-06-27T01:06:28.815+0000] {settings.py:330} DEBUG - settings.prepare_engine_args(): Using pool settings. pool_size=5, max_overflow=10, pool_recycle=1800, pid=19023
[2025-06-27T01:06:28.824+0000] {processor.py:161} INFO - Started process (PID=19023) to work on /home/airflow/.local/lib/python3.10/site-packages/airflow/example_dags/example_local_kubernetes_executor.py
[2025-06-27T01:06:28.825+0000] {processor.py:830} INFO - Processing file /home/airflow/.local/lib/python3.10/site-packages/airflow/example_dags/example_local_kubernetes_executor.py for tasks to queue
[2025-06-27T01:06:28.826+0000] {logging_mixin.py:188} INFO - [2025-06-27T01:06:28.826+0000] {dagbag.py:545} INFO - Filling up the DagBag from /home/airflow/.local/lib/python3.10/site-packages/airflow/example_dags/example_local_kubernetes_executor.py
[2025-06-27T01:06:28.829+0000] {logging_mixin.py:188} INFO - [2025-06-27T01:06:28.828+0000] {dagbag.py:337} DEBUG - Importing /home/airflow/.local/lib/python3.10/site-packages/airflow/example_dags/example_local_kubernetes_executor.py
[2025-06-27T01:06:28.841+0000] {logging_mixin.py:188} INFO - [2025-06-27T01:06:28.840+0000] {dagbag.py:511} DEBUG - Loaded DAG <DAG: example_local_kubernetes_executor>
[2025-06-27T01:06:28.843+0000] {processor.py:840} INFO - DAG(s) 'example_local_kubernetes_executor' retrieved from /home/airflow/.local/lib/python3.10/site-packages/airflow/example_dags/example_local_kubernetes_executor.py
[2025-06-27T01:06:28.845+0000] {logging_mixin.py:188} INFO - [2025-06-27T01:06:28.845+0000] {dagbag.py:667} DEBUG - Running dagbag.sync_to_db with retries. Try 1 of 3
[2025-06-27T01:06:28.846+0000] {logging_mixin.py:188} INFO - [2025-06-27T01:06:28.846+0000] {dagbag.py:672} DEBUG - Calling the DAG.bulk_sync_to_db method
[2025-06-27T01:06:28.866+0000] {logging_mixin.py:188} INFO - [2025-06-27T01:06:28.866+0000] {serialized_dag.py:166} DEBUG - Checking if DAG (example_local_kubernetes_executor) changed
[2025-06-27T01:06:28.902+0000] {logging_mixin.py:188} INFO - [2025-06-27T01:06:28.901+0000] {serialized_dag.py:177} DEBUG - Serialized DAG (example_local_kubernetes_executor) is unchanged. Skipping writing to DB
[2025-06-27T01:06:28.903+0000] {logging_mixin.py:188} INFO - [2025-06-27T01:06:28.902+0000] {dag.py:3096} INFO - Sync 1 DAGs
[2025-06-27T01:06:28.933+0000] {logging_mixin.py:188} INFO - [2025-06-27T01:06:28.932+0000] {dag.py:3954} INFO - Setting next_dagrun for example_local_kubernetes_executor to None, run_after=None
[2025-06-27T01:06:28.979+0000] {processor.py:183} INFO - Processing /home/airflow/.local/lib/python3.10/site-packages/airflow/example_dags/example_local_kubernetes_executor.py took 0.166 seconds
[2025-06-27T01:06:59.460+0000] {logging_mixin.py:188} INFO - [2025-06-27T01:06:59.459+0000] {settings.py:250} DEBUG - Setting up DB connection pool (PID 19086)
[2025-06-27T01:06:59.462+0000] {logging_mixin.py:188} INFO - [2025-06-27T01:06:59.462+0000] {settings.py:330} DEBUG - settings.prepare_engine_args(): Using pool settings. pool_size=5, max_overflow=10, pool_recycle=1800, pid=19086
[2025-06-27T01:06:59.471+0000] {processor.py:161} INFO - Started process (PID=19086) to work on /home/airflow/.local/lib/python3.10/site-packages/airflow/example_dags/example_local_kubernetes_executor.py
[2025-06-27T01:06:59.473+0000] {processor.py:830} INFO - Processing file /home/airflow/.local/lib/python3.10/site-packages/airflow/example_dags/example_local_kubernetes_executor.py for tasks to queue
[2025-06-27T01:06:59.474+0000] {logging_mixin.py:188} INFO - [2025-06-27T01:06:59.474+0000] {dagbag.py:545} INFO - Filling up the DagBag from /home/airflow/.local/lib/python3.10/site-packages/airflow/example_dags/example_local_kubernetes_executor.py
[2025-06-27T01:06:59.477+0000] {logging_mixin.py:188} INFO - [2025-06-27T01:06:59.477+0000] {dagbag.py:337} DEBUG - Importing /home/airflow/.local/lib/python3.10/site-packages/airflow/example_dags/example_local_kubernetes_executor.py
[2025-06-27T01:06:59.489+0000] {logging_mixin.py:188} INFO - [2025-06-27T01:06:59.488+0000] {dagbag.py:511} DEBUG - Loaded DAG <DAG: example_local_kubernetes_executor>
[2025-06-27T01:06:59.490+0000] {processor.py:840} INFO - DAG(s) 'example_local_kubernetes_executor' retrieved from /home/airflow/.local/lib/python3.10/site-packages/airflow/example_dags/example_local_kubernetes_executor.py
[2025-06-27T01:06:59.492+0000] {logging_mixin.py:188} INFO - [2025-06-27T01:06:59.492+0000] {dagbag.py:667} DEBUG - Running dagbag.sync_to_db with retries. Try 1 of 3
[2025-06-27T01:06:59.493+0000] {logging_mixin.py:188} INFO - [2025-06-27T01:06:59.492+0000] {dagbag.py:672} DEBUG - Calling the DAG.bulk_sync_to_db method
[2025-06-27T01:06:59.516+0000] {logging_mixin.py:188} INFO - [2025-06-27T01:06:59.515+0000] {serialized_dag.py:166} DEBUG - Checking if DAG (example_local_kubernetes_executor) changed
[2025-06-27T01:06:59.569+0000] {logging_mixin.py:188} INFO - [2025-06-27T01:06:59.569+0000] {serialized_dag.py:177} DEBUG - Serialized DAG (example_local_kubernetes_executor) is unchanged. Skipping writing to DB
[2025-06-27T01:06:59.571+0000] {logging_mixin.py:188} INFO - [2025-06-27T01:06:59.571+0000] {dag.py:3096} INFO - Sync 1 DAGs
[2025-06-27T01:06:59.603+0000] {logging_mixin.py:188} INFO - [2025-06-27T01:06:59.602+0000] {dag.py:3954} INFO - Setting next_dagrun for example_local_kubernetes_executor to None, run_after=None
[2025-06-27T01:06:59.644+0000] {processor.py:183} INFO - Processing /home/airflow/.local/lib/python3.10/site-packages/airflow/example_dags/example_local_kubernetes_executor.py took 0.185 seconds
[2025-06-27T01:07:30.277+0000] {logging_mixin.py:188} INFO - [2025-06-27T01:07:30.276+0000] {settings.py:250} DEBUG - Setting up DB connection pool (PID 19148)
[2025-06-27T01:07:30.280+0000] {logging_mixin.py:188} INFO - [2025-06-27T01:07:30.279+0000] {settings.py:330} DEBUG - settings.prepare_engine_args(): Using pool settings. pool_size=5, max_overflow=10, pool_recycle=1800, pid=19148
[2025-06-27T01:07:30.291+0000] {processor.py:161} INFO - Started process (PID=19148) to work on /home/airflow/.local/lib/python3.10/site-packages/airflow/example_dags/example_local_kubernetes_executor.py
[2025-06-27T01:07:30.292+0000] {processor.py:830} INFO - Processing file /home/airflow/.local/lib/python3.10/site-packages/airflow/example_dags/example_local_kubernetes_executor.py for tasks to queue
[2025-06-27T01:07:30.293+0000] {logging_mixin.py:188} INFO - [2025-06-27T01:07:30.293+0000] {dagbag.py:545} INFO - Filling up the DagBag from /home/airflow/.local/lib/python3.10/site-packages/airflow/example_dags/example_local_kubernetes_executor.py
[2025-06-27T01:07:30.299+0000] {logging_mixin.py:188} INFO - [2025-06-27T01:07:30.298+0000] {dagbag.py:337} DEBUG - Importing /home/airflow/.local/lib/python3.10/site-packages/airflow/example_dags/example_local_kubernetes_executor.py
[2025-06-27T01:07:30.314+0000] {logging_mixin.py:188} INFO - [2025-06-27T01:07:30.311+0000] {dagbag.py:511} DEBUG - Loaded DAG <DAG: example_local_kubernetes_executor>
[2025-06-27T01:07:30.315+0000] {processor.py:840} INFO - DAG(s) 'example_local_kubernetes_executor' retrieved from /home/airflow/.local/lib/python3.10/site-packages/airflow/example_dags/example_local_kubernetes_executor.py
[2025-06-27T01:07:30.317+0000] {logging_mixin.py:188} INFO - [2025-06-27T01:07:30.317+0000] {dagbag.py:667} DEBUG - Running dagbag.sync_to_db with retries. Try 1 of 3
[2025-06-27T01:07:30.318+0000] {logging_mixin.py:188} INFO - [2025-06-27T01:07:30.318+0000] {dagbag.py:672} DEBUG - Calling the DAG.bulk_sync_to_db method
[2025-06-27T01:07:30.341+0000] {logging_mixin.py:188} INFO - [2025-06-27T01:07:30.341+0000] {serialized_dag.py:166} DEBUG - Checking if DAG (example_local_kubernetes_executor) changed
[2025-06-27T01:07:30.378+0000] {logging_mixin.py:188} INFO - [2025-06-27T01:07:30.378+0000] {serialized_dag.py:177} DEBUG - Serialized DAG (example_local_kubernetes_executor) is unchanged. Skipping writing to DB
[2025-06-27T01:07:30.379+0000] {logging_mixin.py:188} INFO - [2025-06-27T01:07:30.379+0000] {dag.py:3096} INFO - Sync 1 DAGs
[2025-06-27T01:07:30.396+0000] {logging_mixin.py:188} INFO - [2025-06-27T01:07:30.396+0000] {dag.py:3954} INFO - Setting next_dagrun for example_local_kubernetes_executor to None, run_after=None
[2025-06-27T01:07:30.421+0000] {processor.py:183} INFO - Processing /home/airflow/.local/lib/python3.10/site-packages/airflow/example_dags/example_local_kubernetes_executor.py took 0.149 seconds
[2025-06-27T01:08:00.521+0000] {logging_mixin.py:188} INFO - [2025-06-27T01:08:00.520+0000] {settings.py:250} DEBUG - Setting up DB connection pool (PID 19210)
[2025-06-27T01:08:00.524+0000] {logging_mixin.py:188} INFO - [2025-06-27T01:08:00.523+0000] {settings.py:330} DEBUG - settings.prepare_engine_args(): Using pool settings. pool_size=5, max_overflow=10, pool_recycle=1800, pid=19210
[2025-06-27T01:08:00.537+0000] {processor.py:161} INFO - Started process (PID=19210) to work on /home/airflow/.local/lib/python3.10/site-packages/airflow/example_dags/example_local_kubernetes_executor.py
[2025-06-27T01:08:00.538+0000] {processor.py:830} INFO - Processing file /home/airflow/.local/lib/python3.10/site-packages/airflow/example_dags/example_local_kubernetes_executor.py for tasks to queue
[2025-06-27T01:08:00.540+0000] {logging_mixin.py:188} INFO - [2025-06-27T01:08:00.540+0000] {dagbag.py:545} INFO - Filling up the DagBag from /home/airflow/.local/lib/python3.10/site-packages/airflow/example_dags/example_local_kubernetes_executor.py
[2025-06-27T01:08:00.543+0000] {logging_mixin.py:188} INFO - [2025-06-27T01:08:00.543+0000] {dagbag.py:337} DEBUG - Importing /home/airflow/.local/lib/python3.10/site-packages/airflow/example_dags/example_local_kubernetes_executor.py
[2025-06-27T01:08:00.560+0000] {logging_mixin.py:188} INFO - [2025-06-27T01:08:00.558+0000] {dagbag.py:511} DEBUG - Loaded DAG <DAG: example_local_kubernetes_executor>
[2025-06-27T01:08:00.561+0000] {processor.py:840} INFO - DAG(s) 'example_local_kubernetes_executor' retrieved from /home/airflow/.local/lib/python3.10/site-packages/airflow/example_dags/example_local_kubernetes_executor.py
[2025-06-27T01:08:00.563+0000] {logging_mixin.py:188} INFO - [2025-06-27T01:08:00.563+0000] {dagbag.py:667} DEBUG - Running dagbag.sync_to_db with retries. Try 1 of 3
[2025-06-27T01:08:00.564+0000] {logging_mixin.py:188} INFO - [2025-06-27T01:08:00.564+0000] {dagbag.py:672} DEBUG - Calling the DAG.bulk_sync_to_db method
[2025-06-27T01:08:00.591+0000] {logging_mixin.py:188} INFO - [2025-06-27T01:08:00.591+0000] {serialized_dag.py:166} DEBUG - Checking if DAG (example_local_kubernetes_executor) changed
[2025-06-27T01:08:00.638+0000] {logging_mixin.py:188} INFO - [2025-06-27T01:08:00.638+0000] {serialized_dag.py:177} DEBUG - Serialized DAG (example_local_kubernetes_executor) is unchanged. Skipping writing to DB
[2025-06-27T01:08:00.639+0000] {logging_mixin.py:188} INFO - [2025-06-27T01:08:00.639+0000] {dag.py:3096} INFO - Sync 1 DAGs
[2025-06-27T01:08:00.660+0000] {logging_mixin.py:188} INFO - [2025-06-27T01:08:00.660+0000] {dag.py:3954} INFO - Setting next_dagrun for example_local_kubernetes_executor to None, run_after=None
[2025-06-27T01:08:00.694+0000] {processor.py:183} INFO - Processing /home/airflow/.local/lib/python3.10/site-packages/airflow/example_dags/example_local_kubernetes_executor.py took 0.175 seconds
[2025-06-27T01:08:30.789+0000] {logging_mixin.py:188} INFO - [2025-06-27T01:08:30.788+0000] {settings.py:250} DEBUG - Setting up DB connection pool (PID 19273)
[2025-06-27T01:08:30.791+0000] {logging_mixin.py:188} INFO - [2025-06-27T01:08:30.791+0000] {settings.py:330} DEBUG - settings.prepare_engine_args(): Using pool settings. pool_size=5, max_overflow=10, pool_recycle=1800, pid=19273
[2025-06-27T01:08:30.803+0000] {processor.py:161} INFO - Started process (PID=19273) to work on /home/airflow/.local/lib/python3.10/site-packages/airflow/example_dags/example_local_kubernetes_executor.py
[2025-06-27T01:08:30.804+0000] {processor.py:830} INFO - Processing file /home/airflow/.local/lib/python3.10/site-packages/airflow/example_dags/example_local_kubernetes_executor.py for tasks to queue
[2025-06-27T01:08:30.805+0000] {logging_mixin.py:188} INFO - [2025-06-27T01:08:30.805+0000] {dagbag.py:545} INFO - Filling up the DagBag from /home/airflow/.local/lib/python3.10/site-packages/airflow/example_dags/example_local_kubernetes_executor.py
[2025-06-27T01:08:30.808+0000] {logging_mixin.py:188} INFO - [2025-06-27T01:08:30.808+0000] {dagbag.py:337} DEBUG - Importing /home/airflow/.local/lib/python3.10/site-packages/airflow/example_dags/example_local_kubernetes_executor.py
[2025-06-27T01:08:30.823+0000] {logging_mixin.py:188} INFO - [2025-06-27T01:08:30.821+0000] {dagbag.py:511} DEBUG - Loaded DAG <DAG: example_local_kubernetes_executor>
[2025-06-27T01:08:30.825+0000] {processor.py:840} INFO - DAG(s) 'example_local_kubernetes_executor' retrieved from /home/airflow/.local/lib/python3.10/site-packages/airflow/example_dags/example_local_kubernetes_executor.py
[2025-06-27T01:08:30.827+0000] {logging_mixin.py:188} INFO - [2025-06-27T01:08:30.827+0000] {dagbag.py:667} DEBUG - Running dagbag.sync_to_db with retries. Try 1 of 3
[2025-06-27T01:08:30.828+0000] {logging_mixin.py:188} INFO - [2025-06-27T01:08:30.828+0000] {dagbag.py:672} DEBUG - Calling the DAG.bulk_sync_to_db method
[2025-06-27T01:08:30.850+0000] {logging_mixin.py:188} INFO - [2025-06-27T01:08:30.849+0000] {serialized_dag.py:166} DEBUG - Checking if DAG (example_local_kubernetes_executor) changed
[2025-06-27T01:08:30.895+0000] {logging_mixin.py:188} INFO - [2025-06-27T01:08:30.894+0000] {serialized_dag.py:177} DEBUG - Serialized DAG (example_local_kubernetes_executor) is unchanged. Skipping writing to DB
[2025-06-27T01:08:30.896+0000] {logging_mixin.py:188} INFO - [2025-06-27T01:08:30.895+0000] {dag.py:3096} INFO - Sync 1 DAGs
[2025-06-27T01:08:30.917+0000] {logging_mixin.py:188} INFO - [2025-06-27T01:08:30.916+0000] {dag.py:3954} INFO - Setting next_dagrun for example_local_kubernetes_executor to None, run_after=None
[2025-06-27T01:08:30.954+0000] {processor.py:183} INFO - Processing /home/airflow/.local/lib/python3.10/site-packages/airflow/example_dags/example_local_kubernetes_executor.py took 0.166 seconds
[2025-06-27T01:09:01.248+0000] {logging_mixin.py:188} INFO - [2025-06-27T01:09:01.247+0000] {settings.py:250} DEBUG - Setting up DB connection pool (PID 19336)
[2025-06-27T01:09:01.250+0000] {logging_mixin.py:188} INFO - [2025-06-27T01:09:01.250+0000] {settings.py:330} DEBUG - settings.prepare_engine_args(): Using pool settings. pool_size=5, max_overflow=10, pool_recycle=1800, pid=19336
[2025-06-27T01:09:01.261+0000] {processor.py:161} INFO - Started process (PID=19336) to work on /home/airflow/.local/lib/python3.10/site-packages/airflow/example_dags/example_local_kubernetes_executor.py
[2025-06-27T01:09:01.264+0000] {processor.py:830} INFO - Processing file /home/airflow/.local/lib/python3.10/site-packages/airflow/example_dags/example_local_kubernetes_executor.py for tasks to queue
[2025-06-27T01:09:01.265+0000] {logging_mixin.py:188} INFO - [2025-06-27T01:09:01.265+0000] {dagbag.py:545} INFO - Filling up the DagBag from /home/airflow/.local/lib/python3.10/site-packages/airflow/example_dags/example_local_kubernetes_executor.py
[2025-06-27T01:09:01.268+0000] {logging_mixin.py:188} INFO - [2025-06-27T01:09:01.268+0000] {dagbag.py:337} DEBUG - Importing /home/airflow/.local/lib/python3.10/site-packages/airflow/example_dags/example_local_kubernetes_executor.py
[2025-06-27T01:09:01.280+0000] {logging_mixin.py:188} INFO - [2025-06-27T01:09:01.279+0000] {dagbag.py:511} DEBUG - Loaded DAG <DAG: example_local_kubernetes_executor>
[2025-06-27T01:09:01.281+0000] {processor.py:840} INFO - DAG(s) 'example_local_kubernetes_executor' retrieved from /home/airflow/.local/lib/python3.10/site-packages/airflow/example_dags/example_local_kubernetes_executor.py
[2025-06-27T01:09:01.283+0000] {logging_mixin.py:188} INFO - [2025-06-27T01:09:01.283+0000] {dagbag.py:667} DEBUG - Running dagbag.sync_to_db with retries. Try 1 of 3
[2025-06-27T01:09:01.284+0000] {logging_mixin.py:188} INFO - [2025-06-27T01:09:01.284+0000] {dagbag.py:672} DEBUG - Calling the DAG.bulk_sync_to_db method
[2025-06-27T01:09:01.303+0000] {logging_mixin.py:188} INFO - [2025-06-27T01:09:01.303+0000] {serialized_dag.py:166} DEBUG - Checking if DAG (example_local_kubernetes_executor) changed
[2025-06-27T01:09:01.347+0000] {logging_mixin.py:188} INFO - [2025-06-27T01:09:01.347+0000] {serialized_dag.py:177} DEBUG - Serialized DAG (example_local_kubernetes_executor) is unchanged. Skipping writing to DB
[2025-06-27T01:09:01.348+0000] {logging_mixin.py:188} INFO - [2025-06-27T01:09:01.348+0000] {dag.py:3096} INFO - Sync 1 DAGs
[2025-06-27T01:09:01.364+0000] {logging_mixin.py:188} INFO - [2025-06-27T01:09:01.364+0000] {dag.py:3954} INFO - Setting next_dagrun for example_local_kubernetes_executor to None, run_after=None
[2025-06-27T01:09:01.389+0000] {processor.py:183} INFO - Processing /home/airflow/.local/lib/python3.10/site-packages/airflow/example_dags/example_local_kubernetes_executor.py took 0.142 seconds
[2025-06-27T01:09:31.740+0000] {logging_mixin.py:188} INFO - [2025-06-27T01:09:31.738+0000] {settings.py:250} DEBUG - Setting up DB connection pool (PID 19400)
[2025-06-27T01:09:31.741+0000] {logging_mixin.py:188} INFO - [2025-06-27T01:09:31.741+0000] {settings.py:330} DEBUG - settings.prepare_engine_args(): Using pool settings. pool_size=5, max_overflow=10, pool_recycle=1800, pid=19400
[2025-06-27T01:09:31.751+0000] {processor.py:161} INFO - Started process (PID=19400) to work on /home/airflow/.local/lib/python3.10/site-packages/airflow/example_dags/example_local_kubernetes_executor.py
[2025-06-27T01:09:31.753+0000] {processor.py:830} INFO - Processing file /home/airflow/.local/lib/python3.10/site-packages/airflow/example_dags/example_local_kubernetes_executor.py for tasks to queue
[2025-06-27T01:09:31.755+0000] {logging_mixin.py:188} INFO - [2025-06-27T01:09:31.755+0000] {dagbag.py:545} INFO - Filling up the DagBag from /home/airflow/.local/lib/python3.10/site-packages/airflow/example_dags/example_local_kubernetes_executor.py
[2025-06-27T01:09:31.757+0000] {logging_mixin.py:188} INFO - [2025-06-27T01:09:31.757+0000] {dagbag.py:337} DEBUG - Importing /home/airflow/.local/lib/python3.10/site-packages/airflow/example_dags/example_local_kubernetes_executor.py
[2025-06-27T01:09:31.771+0000] {logging_mixin.py:188} INFO - [2025-06-27T01:09:31.769+0000] {dagbag.py:511} DEBUG - Loaded DAG <DAG: example_local_kubernetes_executor>
[2025-06-27T01:09:31.772+0000] {processor.py:840} INFO - DAG(s) 'example_local_kubernetes_executor' retrieved from /home/airflow/.local/lib/python3.10/site-packages/airflow/example_dags/example_local_kubernetes_executor.py
[2025-06-27T01:09:31.774+0000] {logging_mixin.py:188} INFO - [2025-06-27T01:09:31.774+0000] {dagbag.py:667} DEBUG - Running dagbag.sync_to_db with retries. Try 1 of 3
[2025-06-27T01:09:31.775+0000] {logging_mixin.py:188} INFO - [2025-06-27T01:09:31.775+0000] {dagbag.py:672} DEBUG - Calling the DAG.bulk_sync_to_db method
[2025-06-27T01:09:31.803+0000] {logging_mixin.py:188} INFO - [2025-06-27T01:09:31.802+0000] {serialized_dag.py:166} DEBUG - Checking if DAG (example_local_kubernetes_executor) changed
[2025-06-27T01:09:31.852+0000] {logging_mixin.py:188} INFO - [2025-06-27T01:09:31.852+0000] {serialized_dag.py:177} DEBUG - Serialized DAG (example_local_kubernetes_executor) is unchanged. Skipping writing to DB
[2025-06-27T01:09:31.853+0000] {logging_mixin.py:188} INFO - [2025-06-27T01:09:31.853+0000] {dag.py:3096} INFO - Sync 1 DAGs
[2025-06-27T01:09:31.873+0000] {logging_mixin.py:188} INFO - [2025-06-27T01:09:31.873+0000] {dag.py:3954} INFO - Setting next_dagrun for example_local_kubernetes_executor to None, run_after=None
[2025-06-27T01:09:31.904+0000] {processor.py:183} INFO - Processing /home/airflow/.local/lib/python3.10/site-packages/airflow/example_dags/example_local_kubernetes_executor.py took 0.166 seconds
[2025-06-27T01:10:02.056+0000] {logging_mixin.py:188} INFO - [2025-06-27T01:10:02.054+0000] {settings.py:250} DEBUG - Setting up DB connection pool (PID 19463)
[2025-06-27T01:10:02.058+0000] {logging_mixin.py:188} INFO - [2025-06-27T01:10:02.058+0000] {settings.py:330} DEBUG - settings.prepare_engine_args(): Using pool settings. pool_size=5, max_overflow=10, pool_recycle=1800, pid=19463
[2025-06-27T01:10:02.073+0000] {processor.py:161} INFO - Started process (PID=19463) to work on /home/airflow/.local/lib/python3.10/site-packages/airflow/example_dags/example_local_kubernetes_executor.py
[2025-06-27T01:10:02.075+0000] {processor.py:830} INFO - Processing file /home/airflow/.local/lib/python3.10/site-packages/airflow/example_dags/example_local_kubernetes_executor.py for tasks to queue
[2025-06-27T01:10:02.076+0000] {logging_mixin.py:188} INFO - [2025-06-27T01:10:02.076+0000] {dagbag.py:545} INFO - Filling up the DagBag from /home/airflow/.local/lib/python3.10/site-packages/airflow/example_dags/example_local_kubernetes_executor.py
[2025-06-27T01:10:02.079+0000] {logging_mixin.py:188} INFO - [2025-06-27T01:10:02.078+0000] {dagbag.py:337} DEBUG - Importing /home/airflow/.local/lib/python3.10/site-packages/airflow/example_dags/example_local_kubernetes_executor.py
[2025-06-27T01:10:02.094+0000] {logging_mixin.py:188} INFO - [2025-06-27T01:10:02.092+0000] {dagbag.py:511} DEBUG - Loaded DAG <DAG: example_local_kubernetes_executor>
[2025-06-27T01:10:02.095+0000] {processor.py:840} INFO - DAG(s) 'example_local_kubernetes_executor' retrieved from /home/airflow/.local/lib/python3.10/site-packages/airflow/example_dags/example_local_kubernetes_executor.py
[2025-06-27T01:10:02.097+0000] {logging_mixin.py:188} INFO - [2025-06-27T01:10:02.097+0000] {dagbag.py:667} DEBUG - Running dagbag.sync_to_db with retries. Try 1 of 3
[2025-06-27T01:10:02.098+0000] {logging_mixin.py:188} INFO - [2025-06-27T01:10:02.098+0000] {dagbag.py:672} DEBUG - Calling the DAG.bulk_sync_to_db method
[2025-06-27T01:10:02.118+0000] {logging_mixin.py:188} INFO - [2025-06-27T01:10:02.117+0000] {serialized_dag.py:166} DEBUG - Checking if DAG (example_local_kubernetes_executor) changed
[2025-06-27T01:10:02.152+0000] {logging_mixin.py:188} INFO - [2025-06-27T01:10:02.152+0000] {serialized_dag.py:177} DEBUG - Serialized DAG (example_local_kubernetes_executor) is unchanged. Skipping writing to DB
[2025-06-27T01:10:02.153+0000] {logging_mixin.py:188} INFO - [2025-06-27T01:10:02.153+0000] {dag.py:3096} INFO - Sync 1 DAGs
[2025-06-27T01:10:02.168+0000] {logging_mixin.py:188} INFO - [2025-06-27T01:10:02.167+0000] {dag.py:3954} INFO - Setting next_dagrun for example_local_kubernetes_executor to None, run_after=None
[2025-06-27T01:10:02.196+0000] {processor.py:183} INFO - Processing /home/airflow/.local/lib/python3.10/site-packages/airflow/example_dags/example_local_kubernetes_executor.py took 0.142 seconds
[2025-06-27T01:10:32.389+0000] {logging_mixin.py:188} INFO - [2025-06-27T01:10:32.388+0000] {settings.py:250} DEBUG - Setting up DB connection pool (PID 19527)
[2025-06-27T01:10:32.391+0000] {logging_mixin.py:188} INFO - [2025-06-27T01:10:32.391+0000] {settings.py:330} DEBUG - settings.prepare_engine_args(): Using pool settings. pool_size=5, max_overflow=10, pool_recycle=1800, pid=19527
[2025-06-27T01:10:32.401+0000] {processor.py:161} INFO - Started process (PID=19527) to work on /home/airflow/.local/lib/python3.10/site-packages/airflow/example_dags/example_local_kubernetes_executor.py
[2025-06-27T01:10:32.403+0000] {processor.py:830} INFO - Processing file /home/airflow/.local/lib/python3.10/site-packages/airflow/example_dags/example_local_kubernetes_executor.py for tasks to queue
[2025-06-27T01:10:32.405+0000] {logging_mixin.py:188} INFO - [2025-06-27T01:10:32.404+0000] {dagbag.py:545} INFO - Filling up the DagBag from /home/airflow/.local/lib/python3.10/site-packages/airflow/example_dags/example_local_kubernetes_executor.py
[2025-06-27T01:10:32.407+0000] {logging_mixin.py:188} INFO - [2025-06-27T01:10:32.407+0000] {dagbag.py:337} DEBUG - Importing /home/airflow/.local/lib/python3.10/site-packages/airflow/example_dags/example_local_kubernetes_executor.py
[2025-06-27T01:10:32.422+0000] {logging_mixin.py:188} INFO - [2025-06-27T01:10:32.420+0000] {dagbag.py:511} DEBUG - Loaded DAG <DAG: example_local_kubernetes_executor>
[2025-06-27T01:10:32.423+0000] {processor.py:840} INFO - DAG(s) 'example_local_kubernetes_executor' retrieved from /home/airflow/.local/lib/python3.10/site-packages/airflow/example_dags/example_local_kubernetes_executor.py
[2025-06-27T01:10:32.425+0000] {logging_mixin.py:188} INFO - [2025-06-27T01:10:32.425+0000] {dagbag.py:667} DEBUG - Running dagbag.sync_to_db with retries. Try 1 of 3
[2025-06-27T01:10:32.426+0000] {logging_mixin.py:188} INFO - [2025-06-27T01:10:32.426+0000] {dagbag.py:672} DEBUG - Calling the DAG.bulk_sync_to_db method
[2025-06-27T01:10:32.451+0000] {logging_mixin.py:188} INFO - [2025-06-27T01:10:32.451+0000] {serialized_dag.py:166} DEBUG - Checking if DAG (example_local_kubernetes_executor) changed
[2025-06-27T01:10:32.505+0000] {logging_mixin.py:188} INFO - [2025-06-27T01:10:32.505+0000] {serialized_dag.py:177} DEBUG - Serialized DAG (example_local_kubernetes_executor) is unchanged. Skipping writing to DB
[2025-06-27T01:10:32.506+0000] {logging_mixin.py:188} INFO - [2025-06-27T01:10:32.506+0000] {dag.py:3096} INFO - Sync 1 DAGs
[2025-06-27T01:10:32.525+0000] {logging_mixin.py:188} INFO - [2025-06-27T01:10:32.525+0000] {dag.py:3954} INFO - Setting next_dagrun for example_local_kubernetes_executor to None, run_after=None
[2025-06-27T01:10:32.557+0000] {processor.py:183} INFO - Processing /home/airflow/.local/lib/python3.10/site-packages/airflow/example_dags/example_local_kubernetes_executor.py took 0.170 seconds
[2025-06-27T01:11:03.035+0000] {logging_mixin.py:188} INFO - [2025-06-27T01:11:03.033+0000] {settings.py:250} DEBUG - Setting up DB connection pool (PID 19589)
[2025-06-27T01:11:03.037+0000] {logging_mixin.py:188} INFO - [2025-06-27T01:11:03.037+0000] {settings.py:330} DEBUG - settings.prepare_engine_args(): Using pool settings. pool_size=5, max_overflow=10, pool_recycle=1800, pid=19589
[2025-06-27T01:11:03.052+0000] {processor.py:161} INFO - Started process (PID=19589) to work on /home/airflow/.local/lib/python3.10/site-packages/airflow/example_dags/example_local_kubernetes_executor.py
[2025-06-27T01:11:03.053+0000] {processor.py:830} INFO - Processing file /home/airflow/.local/lib/python3.10/site-packages/airflow/example_dags/example_local_kubernetes_executor.py for tasks to queue
[2025-06-27T01:11:03.056+0000] {logging_mixin.py:188} INFO - [2025-06-27T01:11:03.056+0000] {dagbag.py:545} INFO - Filling up the DagBag from /home/airflow/.local/lib/python3.10/site-packages/airflow/example_dags/example_local_kubernetes_executor.py
[2025-06-27T01:11:03.059+0000] {logging_mixin.py:188} INFO - [2025-06-27T01:11:03.059+0000] {dagbag.py:337} DEBUG - Importing /home/airflow/.local/lib/python3.10/site-packages/airflow/example_dags/example_local_kubernetes_executor.py
[2025-06-27T01:11:03.077+0000] {logging_mixin.py:188} INFO - [2025-06-27T01:11:03.074+0000] {dagbag.py:511} DEBUG - Loaded DAG <DAG: example_local_kubernetes_executor>
[2025-06-27T01:11:03.078+0000] {processor.py:840} INFO - DAG(s) 'example_local_kubernetes_executor' retrieved from /home/airflow/.local/lib/python3.10/site-packages/airflow/example_dags/example_local_kubernetes_executor.py
[2025-06-27T01:11:03.081+0000] {logging_mixin.py:188} INFO - [2025-06-27T01:11:03.080+0000] {dagbag.py:667} DEBUG - Running dagbag.sync_to_db with retries. Try 1 of 3
[2025-06-27T01:11:03.082+0000] {logging_mixin.py:188} INFO - [2025-06-27T01:11:03.081+0000] {dagbag.py:672} DEBUG - Calling the DAG.bulk_sync_to_db method
[2025-06-27T01:11:03.105+0000] {logging_mixin.py:188} INFO - [2025-06-27T01:11:03.105+0000] {serialized_dag.py:166} DEBUG - Checking if DAG (example_local_kubernetes_executor) changed
[2025-06-27T01:11:03.153+0000] {logging_mixin.py:188} INFO - [2025-06-27T01:11:03.153+0000] {serialized_dag.py:177} DEBUG - Serialized DAG (example_local_kubernetes_executor) is unchanged. Skipping writing to DB
[2025-06-27T01:11:03.155+0000] {logging_mixin.py:188} INFO - [2025-06-27T01:11:03.154+0000] {dag.py:3096} INFO - Sync 1 DAGs
[2025-06-27T01:11:03.174+0000] {logging_mixin.py:188} INFO - [2025-06-27T01:11:03.174+0000] {dag.py:3954} INFO - Setting next_dagrun for example_local_kubernetes_executor to None, run_after=None
[2025-06-27T01:11:03.210+0000] {processor.py:183} INFO - Processing /home/airflow/.local/lib/python3.10/site-packages/airflow/example_dags/example_local_kubernetes_executor.py took 0.178 seconds
[2025-06-27T01:11:34.431+0000] {logging_mixin.py:188} INFO - [2025-06-27T01:11:34.429+0000] {settings.py:250} DEBUG - Setting up DB connection pool (PID 19653)
[2025-06-27T01:11:34.433+0000] {logging_mixin.py:188} INFO - [2025-06-27T01:11:34.432+0000] {settings.py:330} DEBUG - settings.prepare_engine_args(): Using pool settings. pool_size=5, max_overflow=10, pool_recycle=1800, pid=19653
[2025-06-27T01:11:34.443+0000] {processor.py:161} INFO - Started process (PID=19653) to work on /home/airflow/.local/lib/python3.10/site-packages/airflow/example_dags/example_local_kubernetes_executor.py
[2025-06-27T01:11:34.444+0000] {processor.py:830} INFO - Processing file /home/airflow/.local/lib/python3.10/site-packages/airflow/example_dags/example_local_kubernetes_executor.py for tasks to queue
[2025-06-27T01:11:34.445+0000] {logging_mixin.py:188} INFO - [2025-06-27T01:11:34.445+0000] {dagbag.py:545} INFO - Filling up the DagBag from /home/airflow/.local/lib/python3.10/site-packages/airflow/example_dags/example_local_kubernetes_executor.py
[2025-06-27T01:11:34.448+0000] {logging_mixin.py:188} INFO - [2025-06-27T01:11:34.448+0000] {dagbag.py:337} DEBUG - Importing /home/airflow/.local/lib/python3.10/site-packages/airflow/example_dags/example_local_kubernetes_executor.py
[2025-06-27T01:11:34.460+0000] {logging_mixin.py:188} INFO - [2025-06-27T01:11:34.459+0000] {dagbag.py:511} DEBUG - Loaded DAG <DAG: example_local_kubernetes_executor>
[2025-06-27T01:11:34.461+0000] {processor.py:840} INFO - DAG(s) 'example_local_kubernetes_executor' retrieved from /home/airflow/.local/lib/python3.10/site-packages/airflow/example_dags/example_local_kubernetes_executor.py
[2025-06-27T01:11:34.464+0000] {logging_mixin.py:188} INFO - [2025-06-27T01:11:34.464+0000] {dagbag.py:667} DEBUG - Running dagbag.sync_to_db with retries. Try 1 of 3
[2025-06-27T01:11:34.465+0000] {logging_mixin.py:188} INFO - [2025-06-27T01:11:34.465+0000] {dagbag.py:672} DEBUG - Calling the DAG.bulk_sync_to_db method
[2025-06-27T01:11:34.484+0000] {logging_mixin.py:188} INFO - [2025-06-27T01:11:34.484+0000] {serialized_dag.py:166} DEBUG - Checking if DAG (example_local_kubernetes_executor) changed
[2025-06-27T01:11:34.528+0000] {logging_mixin.py:188} INFO - [2025-06-27T01:11:34.528+0000] {serialized_dag.py:177} DEBUG - Serialized DAG (example_local_kubernetes_executor) is unchanged. Skipping writing to DB
[2025-06-27T01:11:34.529+0000] {logging_mixin.py:188} INFO - [2025-06-27T01:11:34.529+0000] {dag.py:3096} INFO - Sync 1 DAGs
[2025-06-27T01:11:34.550+0000] {logging_mixin.py:188} INFO - [2025-06-27T01:11:34.550+0000] {dag.py:3954} INFO - Setting next_dagrun for example_local_kubernetes_executor to None, run_after=None
[2025-06-27T01:11:34.607+0000] {processor.py:183} INFO - Processing /home/airflow/.local/lib/python3.10/site-packages/airflow/example_dags/example_local_kubernetes_executor.py took 0.178 seconds
[2025-06-27T01:12:04.847+0000] {logging_mixin.py:188} INFO - [2025-06-27T01:12:04.845+0000] {settings.py:250} DEBUG - Setting up DB connection pool (PID 19715)
[2025-06-27T01:12:04.849+0000] {logging_mixin.py:188} INFO - [2025-06-27T01:12:04.849+0000] {settings.py:330} DEBUG - settings.prepare_engine_args(): Using pool settings. pool_size=5, max_overflow=10, pool_recycle=1800, pid=19715
[2025-06-27T01:12:04.862+0000] {processor.py:161} INFO - Started process (PID=19715) to work on /home/airflow/.local/lib/python3.10/site-packages/airflow/example_dags/example_local_kubernetes_executor.py
[2025-06-27T01:12:04.865+0000] {processor.py:830} INFO - Processing file /home/airflow/.local/lib/python3.10/site-packages/airflow/example_dags/example_local_kubernetes_executor.py for tasks to queue
[2025-06-27T01:12:04.867+0000] {logging_mixin.py:188} INFO - [2025-06-27T01:12:04.867+0000] {dagbag.py:545} INFO - Filling up the DagBag from /home/airflow/.local/lib/python3.10/site-packages/airflow/example_dags/example_local_kubernetes_executor.py
[2025-06-27T01:12:04.870+0000] {logging_mixin.py:188} INFO - [2025-06-27T01:12:04.869+0000] {dagbag.py:337} DEBUG - Importing /home/airflow/.local/lib/python3.10/site-packages/airflow/example_dags/example_local_kubernetes_executor.py
[2025-06-27T01:12:04.884+0000] {logging_mixin.py:188} INFO - [2025-06-27T01:12:04.883+0000] {dagbag.py:511} DEBUG - Loaded DAG <DAG: example_local_kubernetes_executor>
[2025-06-27T01:12:04.885+0000] {processor.py:840} INFO - DAG(s) 'example_local_kubernetes_executor' retrieved from /home/airflow/.local/lib/python3.10/site-packages/airflow/example_dags/example_local_kubernetes_executor.py
[2025-06-27T01:12:04.888+0000] {logging_mixin.py:188} INFO - [2025-06-27T01:12:04.888+0000] {dagbag.py:667} DEBUG - Running dagbag.sync_to_db with retries. Try 1 of 3
[2025-06-27T01:12:04.889+0000] {logging_mixin.py:188} INFO - [2025-06-27T01:12:04.889+0000] {dagbag.py:672} DEBUG - Calling the DAG.bulk_sync_to_db method
[2025-06-27T01:12:04.914+0000] {logging_mixin.py:188} INFO - [2025-06-27T01:12:04.913+0000] {serialized_dag.py:166} DEBUG - Checking if DAG (example_local_kubernetes_executor) changed
[2025-06-27T01:12:04.965+0000] {logging_mixin.py:188} INFO - [2025-06-27T01:12:04.964+0000] {serialized_dag.py:177} DEBUG - Serialized DAG (example_local_kubernetes_executor) is unchanged. Skipping writing to DB
[2025-06-27T01:12:04.966+0000] {logging_mixin.py:188} INFO - [2025-06-27T01:12:04.965+0000] {dag.py:3096} INFO - Sync 1 DAGs
[2025-06-27T01:12:04.983+0000] {logging_mixin.py:188} INFO - [2025-06-27T01:12:04.983+0000] {dag.py:3954} INFO - Setting next_dagrun for example_local_kubernetes_executor to None, run_after=None
[2025-06-27T01:12:05.015+0000] {processor.py:183} INFO - Processing /home/airflow/.local/lib/python3.10/site-packages/airflow/example_dags/example_local_kubernetes_executor.py took 0.170 seconds
[2025-06-27T01:12:35.148+0000] {logging_mixin.py:188} INFO - [2025-06-27T01:12:35.147+0000] {settings.py:250} DEBUG - Setting up DB connection pool (PID 19778)
[2025-06-27T01:12:35.150+0000] {logging_mixin.py:188} INFO - [2025-06-27T01:12:35.150+0000] {settings.py:330} DEBUG - settings.prepare_engine_args(): Using pool settings. pool_size=5, max_overflow=10, pool_recycle=1800, pid=19778
[2025-06-27T01:12:35.162+0000] {processor.py:161} INFO - Started process (PID=19778) to work on /home/airflow/.local/lib/python3.10/site-packages/airflow/example_dags/example_local_kubernetes_executor.py
[2025-06-27T01:12:35.164+0000] {processor.py:830} INFO - Processing file /home/airflow/.local/lib/python3.10/site-packages/airflow/example_dags/example_local_kubernetes_executor.py for tasks to queue
[2025-06-27T01:12:35.165+0000] {logging_mixin.py:188} INFO - [2025-06-27T01:12:35.165+0000] {dagbag.py:545} INFO - Filling up the DagBag from /home/airflow/.local/lib/python3.10/site-packages/airflow/example_dags/example_local_kubernetes_executor.py
[2025-06-27T01:12:35.168+0000] {logging_mixin.py:188} INFO - [2025-06-27T01:12:35.168+0000] {dagbag.py:337} DEBUG - Importing /home/airflow/.local/lib/python3.10/site-packages/airflow/example_dags/example_local_kubernetes_executor.py
[2025-06-27T01:12:35.182+0000] {logging_mixin.py:188} INFO - [2025-06-27T01:12:35.180+0000] {dagbag.py:511} DEBUG - Loaded DAG <DAG: example_local_kubernetes_executor>
[2025-06-27T01:12:35.183+0000] {processor.py:840} INFO - DAG(s) 'example_local_kubernetes_executor' retrieved from /home/airflow/.local/lib/python3.10/site-packages/airflow/example_dags/example_local_kubernetes_executor.py
[2025-06-27T01:12:35.186+0000] {logging_mixin.py:188} INFO - [2025-06-27T01:12:35.185+0000] {dagbag.py:667} DEBUG - Running dagbag.sync_to_db with retries. Try 1 of 3
[2025-06-27T01:12:35.186+0000] {logging_mixin.py:188} INFO - [2025-06-27T01:12:35.186+0000] {dagbag.py:672} DEBUG - Calling the DAG.bulk_sync_to_db method
[2025-06-27T01:12:35.208+0000] {logging_mixin.py:188} INFO - [2025-06-27T01:12:35.208+0000] {serialized_dag.py:166} DEBUG - Checking if DAG (example_local_kubernetes_executor) changed
[2025-06-27T01:12:35.252+0000] {logging_mixin.py:188} INFO - [2025-06-27T01:12:35.251+0000] {serialized_dag.py:177} DEBUG - Serialized DAG (example_local_kubernetes_executor) is unchanged. Skipping writing to DB
[2025-06-27T01:12:35.253+0000] {logging_mixin.py:188} INFO - [2025-06-27T01:12:35.253+0000] {dag.py:3096} INFO - Sync 1 DAGs
[2025-06-27T01:12:35.274+0000] {logging_mixin.py:188} INFO - [2025-06-27T01:12:35.274+0000] {dag.py:3954} INFO - Setting next_dagrun for example_local_kubernetes_executor to None, run_after=None
[2025-06-27T01:12:35.308+0000] {processor.py:183} INFO - Processing /home/airflow/.local/lib/python3.10/site-packages/airflow/example_dags/example_local_kubernetes_executor.py took 0.161 seconds
[2025-06-27T01:13:05.595+0000] {logging_mixin.py:188} INFO - [2025-06-27T01:13:05.594+0000] {settings.py:250} DEBUG - Setting up DB connection pool (PID 19842)
[2025-06-27T01:13:05.596+0000] {logging_mixin.py:188} INFO - [2025-06-27T01:13:05.596+0000] {settings.py:330} DEBUG - settings.prepare_engine_args(): Using pool settings. pool_size=5, max_overflow=10, pool_recycle=1800, pid=19842
[2025-06-27T01:13:05.611+0000] {processor.py:161} INFO - Started process (PID=19842) to work on /home/airflow/.local/lib/python3.10/site-packages/airflow/example_dags/example_local_kubernetes_executor.py
[2025-06-27T01:13:05.612+0000] {processor.py:830} INFO - Processing file /home/airflow/.local/lib/python3.10/site-packages/airflow/example_dags/example_local_kubernetes_executor.py for tasks to queue
[2025-06-27T01:13:05.614+0000] {logging_mixin.py:188} INFO - [2025-06-27T01:13:05.613+0000] {dagbag.py:545} INFO - Filling up the DagBag from /home/airflow/.local/lib/python3.10/site-packages/airflow/example_dags/example_local_kubernetes_executor.py
[2025-06-27T01:13:05.617+0000] {logging_mixin.py:188} INFO - [2025-06-27T01:13:05.617+0000] {dagbag.py:337} DEBUG - Importing /home/airflow/.local/lib/python3.10/site-packages/airflow/example_dags/example_local_kubernetes_executor.py
[2025-06-27T01:13:05.636+0000] {logging_mixin.py:188} INFO - [2025-06-27T01:13:05.633+0000] {dagbag.py:511} DEBUG - Loaded DAG <DAG: example_local_kubernetes_executor>
[2025-06-27T01:13:05.637+0000] {processor.py:840} INFO - DAG(s) 'example_local_kubernetes_executor' retrieved from /home/airflow/.local/lib/python3.10/site-packages/airflow/example_dags/example_local_kubernetes_executor.py
[2025-06-27T01:13:05.640+0000] {logging_mixin.py:188} INFO - [2025-06-27T01:13:05.639+0000] {dagbag.py:667} DEBUG - Running dagbag.sync_to_db with retries. Try 1 of 3
[2025-06-27T01:13:05.641+0000] {logging_mixin.py:188} INFO - [2025-06-27T01:13:05.640+0000] {dagbag.py:672} DEBUG - Calling the DAG.bulk_sync_to_db method
[2025-06-27T01:13:05.671+0000] {logging_mixin.py:188} INFO - [2025-06-27T01:13:05.670+0000] {serialized_dag.py:166} DEBUG - Checking if DAG (example_local_kubernetes_executor) changed
[2025-06-27T01:13:05.726+0000] {logging_mixin.py:188} INFO - [2025-06-27T01:13:05.725+0000] {serialized_dag.py:177} DEBUG - Serialized DAG (example_local_kubernetes_executor) is unchanged. Skipping writing to DB
[2025-06-27T01:13:05.727+0000] {logging_mixin.py:188} INFO - [2025-06-27T01:13:05.727+0000] {dag.py:3096} INFO - Sync 1 DAGs
[2025-06-27T01:13:05.751+0000] {logging_mixin.py:188} INFO - [2025-06-27T01:13:05.751+0000] {dag.py:3954} INFO - Setting next_dagrun for example_local_kubernetes_executor to None, run_after=None
[2025-06-27T01:13:05.786+0000] {processor.py:183} INFO - Processing /home/airflow/.local/lib/python3.10/site-packages/airflow/example_dags/example_local_kubernetes_executor.py took 0.193 seconds
[2025-06-27T01:13:36.142+0000] {logging_mixin.py:188} INFO - [2025-06-27T01:13:36.141+0000] {settings.py:250} DEBUG - Setting up DB connection pool (PID 19905)
[2025-06-27T01:13:36.144+0000] {logging_mixin.py:188} INFO - [2025-06-27T01:13:36.144+0000] {settings.py:330} DEBUG - settings.prepare_engine_args(): Using pool settings. pool_size=5, max_overflow=10, pool_recycle=1800, pid=19905
[2025-06-27T01:13:36.155+0000] {processor.py:161} INFO - Started process (PID=19905) to work on /home/airflow/.local/lib/python3.10/site-packages/airflow/example_dags/example_local_kubernetes_executor.py
[2025-06-27T01:13:36.156+0000] {processor.py:830} INFO - Processing file /home/airflow/.local/lib/python3.10/site-packages/airflow/example_dags/example_local_kubernetes_executor.py for tasks to queue
[2025-06-27T01:13:36.158+0000] {logging_mixin.py:188} INFO - [2025-06-27T01:13:36.157+0000] {dagbag.py:545} INFO - Filling up the DagBag from /home/airflow/.local/lib/python3.10/site-packages/airflow/example_dags/example_local_kubernetes_executor.py
[2025-06-27T01:13:36.160+0000] {logging_mixin.py:188} INFO - [2025-06-27T01:13:36.160+0000] {dagbag.py:337} DEBUG - Importing /home/airflow/.local/lib/python3.10/site-packages/airflow/example_dags/example_local_kubernetes_executor.py
[2025-06-27T01:13:36.174+0000] {logging_mixin.py:188} INFO - [2025-06-27T01:13:36.173+0000] {dagbag.py:511} DEBUG - Loaded DAG <DAG: example_local_kubernetes_executor>
[2025-06-27T01:13:36.176+0000] {processor.py:840} INFO - DAG(s) 'example_local_kubernetes_executor' retrieved from /home/airflow/.local/lib/python3.10/site-packages/airflow/example_dags/example_local_kubernetes_executor.py
[2025-06-27T01:13:36.178+0000] {logging_mixin.py:188} INFO - [2025-06-27T01:13:36.178+0000] {dagbag.py:667} DEBUG - Running dagbag.sync_to_db with retries. Try 1 of 3
[2025-06-27T01:13:36.179+0000] {logging_mixin.py:188} INFO - [2025-06-27T01:13:36.178+0000] {dagbag.py:672} DEBUG - Calling the DAG.bulk_sync_to_db method
[2025-06-27T01:13:36.203+0000] {logging_mixin.py:188} INFO - [2025-06-27T01:13:36.202+0000] {serialized_dag.py:166} DEBUG - Checking if DAG (example_local_kubernetes_executor) changed
[2025-06-27T01:13:36.258+0000] {logging_mixin.py:188} INFO - [2025-06-27T01:13:36.258+0000] {serialized_dag.py:177} DEBUG - Serialized DAG (example_local_kubernetes_executor) is unchanged. Skipping writing to DB
[2025-06-27T01:13:36.260+0000] {logging_mixin.py:188} INFO - [2025-06-27T01:13:36.260+0000] {dag.py:3096} INFO - Sync 1 DAGs
[2025-06-27T01:13:36.286+0000] {logging_mixin.py:188} INFO - [2025-06-27T01:13:36.285+0000] {dag.py:3954} INFO - Setting next_dagrun for example_local_kubernetes_executor to None, run_after=None
[2025-06-27T01:13:36.330+0000] {processor.py:183} INFO - Processing /home/airflow/.local/lib/python3.10/site-packages/airflow/example_dags/example_local_kubernetes_executor.py took 0.189 seconds
[2025-06-27T01:14:07.004+0000] {logging_mixin.py:188} INFO - [2025-06-27T01:14:07.002+0000] {settings.py:250} DEBUG - Setting up DB connection pool (PID 19968)
[2025-06-27T01:14:07.006+0000] {logging_mixin.py:188} INFO - [2025-06-27T01:14:07.006+0000] {settings.py:330} DEBUG - settings.prepare_engine_args(): Using pool settings. pool_size=5, max_overflow=10, pool_recycle=1800, pid=19968
[2025-06-27T01:14:07.025+0000] {processor.py:161} INFO - Started process (PID=19968) to work on /home/airflow/.local/lib/python3.10/site-packages/airflow/example_dags/example_local_kubernetes_executor.py
[2025-06-27T01:14:07.026+0000] {processor.py:830} INFO - Processing file /home/airflow/.local/lib/python3.10/site-packages/airflow/example_dags/example_local_kubernetes_executor.py for tasks to queue
[2025-06-27T01:14:07.029+0000] {logging_mixin.py:188} INFO - [2025-06-27T01:14:07.028+0000] {dagbag.py:545} INFO - Filling up the DagBag from /home/airflow/.local/lib/python3.10/site-packages/airflow/example_dags/example_local_kubernetes_executor.py
[2025-06-27T01:14:07.032+0000] {logging_mixin.py:188} INFO - [2025-06-27T01:14:07.031+0000] {dagbag.py:337} DEBUG - Importing /home/airflow/.local/lib/python3.10/site-packages/airflow/example_dags/example_local_kubernetes_executor.py
[2025-06-27T01:14:07.054+0000] {logging_mixin.py:188} INFO - [2025-06-27T01:14:07.052+0000] {dagbag.py:511} DEBUG - Loaded DAG <DAG: example_local_kubernetes_executor>
[2025-06-27T01:14:07.055+0000] {processor.py:840} INFO - DAG(s) 'example_local_kubernetes_executor' retrieved from /home/airflow/.local/lib/python3.10/site-packages/airflow/example_dags/example_local_kubernetes_executor.py
[2025-06-27T01:14:07.058+0000] {logging_mixin.py:188} INFO - [2025-06-27T01:14:07.057+0000] {dagbag.py:667} DEBUG - Running dagbag.sync_to_db with retries. Try 1 of 3
[2025-06-27T01:14:07.058+0000] {logging_mixin.py:188} INFO - [2025-06-27T01:14:07.058+0000] {dagbag.py:672} DEBUG - Calling the DAG.bulk_sync_to_db method
[2025-06-27T01:14:07.080+0000] {logging_mixin.py:188} INFO - [2025-06-27T01:14:07.080+0000] {serialized_dag.py:166} DEBUG - Checking if DAG (example_local_kubernetes_executor) changed
[2025-06-27T01:14:07.116+0000] {logging_mixin.py:188} INFO - [2025-06-27T01:14:07.115+0000] {serialized_dag.py:177} DEBUG - Serialized DAG (example_local_kubernetes_executor) is unchanged. Skipping writing to DB
[2025-06-27T01:14:07.117+0000] {logging_mixin.py:188} INFO - [2025-06-27T01:14:07.116+0000] {dag.py:3096} INFO - Sync 1 DAGs
[2025-06-27T01:14:07.133+0000] {logging_mixin.py:188} INFO - [2025-06-27T01:14:07.133+0000] {dag.py:3954} INFO - Setting next_dagrun for example_local_kubernetes_executor to None, run_after=None
[2025-06-27T01:14:07.161+0000] {processor.py:183} INFO - Processing /home/airflow/.local/lib/python3.10/site-packages/airflow/example_dags/example_local_kubernetes_executor.py took 0.159 seconds
[2025-06-27T01:14:37.360+0000] {logging_mixin.py:188} INFO - [2025-06-27T01:14:37.359+0000] {settings.py:250} DEBUG - Setting up DB connection pool (PID 20031)
[2025-06-27T01:14:37.362+0000] {logging_mixin.py:188} INFO - [2025-06-27T01:14:37.361+0000] {settings.py:330} DEBUG - settings.prepare_engine_args(): Using pool settings. pool_size=5, max_overflow=10, pool_recycle=1800, pid=20031
[2025-06-27T01:14:37.376+0000] {processor.py:161} INFO - Started process (PID=20031) to work on /home/airflow/.local/lib/python3.10/site-packages/airflow/example_dags/example_local_kubernetes_executor.py
[2025-06-27T01:14:37.377+0000] {processor.py:830} INFO - Processing file /home/airflow/.local/lib/python3.10/site-packages/airflow/example_dags/example_local_kubernetes_executor.py for tasks to queue
[2025-06-27T01:14:37.379+0000] {logging_mixin.py:188} INFO - [2025-06-27T01:14:37.378+0000] {dagbag.py:545} INFO - Filling up the DagBag from /home/airflow/.local/lib/python3.10/site-packages/airflow/example_dags/example_local_kubernetes_executor.py
[2025-06-27T01:14:37.381+0000] {logging_mixin.py:188} INFO - [2025-06-27T01:14:37.381+0000] {dagbag.py:337} DEBUG - Importing /home/airflow/.local/lib/python3.10/site-packages/airflow/example_dags/example_local_kubernetes_executor.py
[2025-06-27T01:14:37.400+0000] {logging_mixin.py:188} INFO - [2025-06-27T01:14:37.398+0000] {dagbag.py:511} DEBUG - Loaded DAG <DAG: example_local_kubernetes_executor>
[2025-06-27T01:14:37.401+0000] {processor.py:840} INFO - DAG(s) 'example_local_kubernetes_executor' retrieved from /home/airflow/.local/lib/python3.10/site-packages/airflow/example_dags/example_local_kubernetes_executor.py
[2025-06-27T01:14:37.404+0000] {logging_mixin.py:188} INFO - [2025-06-27T01:14:37.404+0000] {dagbag.py:667} DEBUG - Running dagbag.sync_to_db with retries. Try 1 of 3
[2025-06-27T01:14:37.406+0000] {logging_mixin.py:188} INFO - [2025-06-27T01:14:37.405+0000] {dagbag.py:672} DEBUG - Calling the DAG.bulk_sync_to_db method
[2025-06-27T01:14:37.436+0000] {logging_mixin.py:188} INFO - [2025-06-27T01:14:37.435+0000] {serialized_dag.py:166} DEBUG - Checking if DAG (example_local_kubernetes_executor) changed
[2025-06-27T01:14:37.482+0000] {logging_mixin.py:188} INFO - [2025-06-27T01:14:37.481+0000] {serialized_dag.py:177} DEBUG - Serialized DAG (example_local_kubernetes_executor) is unchanged. Skipping writing to DB
[2025-06-27T01:14:37.484+0000] {logging_mixin.py:188} INFO - [2025-06-27T01:14:37.484+0000] {dag.py:3096} INFO - Sync 1 DAGs
[2025-06-27T01:14:37.507+0000] {logging_mixin.py:188} INFO - [2025-06-27T01:14:37.506+0000] {dag.py:3954} INFO - Setting next_dagrun for example_local_kubernetes_executor to None, run_after=None
[2025-06-27T01:14:37.541+0000] {processor.py:183} INFO - Processing /home/airflow/.local/lib/python3.10/site-packages/airflow/example_dags/example_local_kubernetes_executor.py took 0.183 seconds
[2025-06-27T01:15:08.528+0000] {logging_mixin.py:188} INFO - [2025-06-27T01:15:08.527+0000] {settings.py:250} DEBUG - Setting up DB connection pool (PID 20094)
[2025-06-27T01:15:08.529+0000] {logging_mixin.py:188} INFO - [2025-06-27T01:15:08.529+0000] {settings.py:330} DEBUG - settings.prepare_engine_args(): Using pool settings. pool_size=5, max_overflow=10, pool_recycle=1800, pid=20094
[2025-06-27T01:15:08.539+0000] {processor.py:161} INFO - Started process (PID=20094) to work on /home/airflow/.local/lib/python3.10/site-packages/airflow/example_dags/example_local_kubernetes_executor.py
[2025-06-27T01:15:08.540+0000] {processor.py:830} INFO - Processing file /home/airflow/.local/lib/python3.10/site-packages/airflow/example_dags/example_local_kubernetes_executor.py for tasks to queue
[2025-06-27T01:15:08.541+0000] {logging_mixin.py:188} INFO - [2025-06-27T01:15:08.541+0000] {dagbag.py:545} INFO - Filling up the DagBag from /home/airflow/.local/lib/python3.10/site-packages/airflow/example_dags/example_local_kubernetes_executor.py
[2025-06-27T01:15:08.543+0000] {logging_mixin.py:188} INFO - [2025-06-27T01:15:08.543+0000] {dagbag.py:337} DEBUG - Importing /home/airflow/.local/lib/python3.10/site-packages/airflow/example_dags/example_local_kubernetes_executor.py
[2025-06-27T01:15:08.556+0000] {logging_mixin.py:188} INFO - [2025-06-27T01:15:08.555+0000] {dagbag.py:511} DEBUG - Loaded DAG <DAG: example_local_kubernetes_executor>
[2025-06-27T01:15:08.557+0000] {processor.py:840} INFO - DAG(s) 'example_local_kubernetes_executor' retrieved from /home/airflow/.local/lib/python3.10/site-packages/airflow/example_dags/example_local_kubernetes_executor.py
[2025-06-27T01:15:08.559+0000] {logging_mixin.py:188} INFO - [2025-06-27T01:15:08.559+0000] {dagbag.py:667} DEBUG - Running dagbag.sync_to_db with retries. Try 1 of 3
[2025-06-27T01:15:08.561+0000] {logging_mixin.py:188} INFO - [2025-06-27T01:15:08.560+0000] {dagbag.py:672} DEBUG - Calling the DAG.bulk_sync_to_db method
[2025-06-27T01:15:08.588+0000] {logging_mixin.py:188} INFO - [2025-06-27T01:15:08.588+0000] {serialized_dag.py:166} DEBUG - Checking if DAG (example_local_kubernetes_executor) changed
[2025-06-27T01:15:08.628+0000] {logging_mixin.py:188} INFO - [2025-06-27T01:15:08.627+0000] {serialized_dag.py:177} DEBUG - Serialized DAG (example_local_kubernetes_executor) is unchanged. Skipping writing to DB
[2025-06-27T01:15:08.629+0000] {logging_mixin.py:188} INFO - [2025-06-27T01:15:08.628+0000] {dag.py:3096} INFO - Sync 1 DAGs
[2025-06-27T01:15:08.645+0000] {logging_mixin.py:188} INFO - [2025-06-27T01:15:08.645+0000] {dag.py:3954} INFO - Setting next_dagrun for example_local_kubernetes_executor to None, run_after=None
[2025-06-27T01:15:08.676+0000] {processor.py:183} INFO - Processing /home/airflow/.local/lib/python3.10/site-packages/airflow/example_dags/example_local_kubernetes_executor.py took 0.150 seconds
[2025-06-27T01:15:39.290+0000] {logging_mixin.py:188} INFO - [2025-06-27T01:15:39.289+0000] {settings.py:250} DEBUG - Setting up DB connection pool (PID 20157)
[2025-06-27T01:15:39.293+0000] {logging_mixin.py:188} INFO - [2025-06-27T01:15:39.292+0000] {settings.py:330} DEBUG - settings.prepare_engine_args(): Using pool settings. pool_size=5, max_overflow=10, pool_recycle=1800, pid=20157
[2025-06-27T01:15:39.308+0000] {processor.py:161} INFO - Started process (PID=20157) to work on /home/airflow/.local/lib/python3.10/site-packages/airflow/example_dags/example_local_kubernetes_executor.py
[2025-06-27T01:15:39.310+0000] {processor.py:830} INFO - Processing file /home/airflow/.local/lib/python3.10/site-packages/airflow/example_dags/example_local_kubernetes_executor.py for tasks to queue
[2025-06-27T01:15:39.312+0000] {logging_mixin.py:188} INFO - [2025-06-27T01:15:39.311+0000] {dagbag.py:545} INFO - Filling up the DagBag from /home/airflow/.local/lib/python3.10/site-packages/airflow/example_dags/example_local_kubernetes_executor.py
[2025-06-27T01:15:39.315+0000] {logging_mixin.py:188} INFO - [2025-06-27T01:15:39.315+0000] {dagbag.py:337} DEBUG - Importing /home/airflow/.local/lib/python3.10/site-packages/airflow/example_dags/example_local_kubernetes_executor.py
[2025-06-27T01:15:39.337+0000] {logging_mixin.py:188} INFO - [2025-06-27T01:15:39.336+0000] {dagbag.py:511} DEBUG - Loaded DAG <DAG: example_local_kubernetes_executor>
[2025-06-27T01:15:39.338+0000] {processor.py:840} INFO - DAG(s) 'example_local_kubernetes_executor' retrieved from /home/airflow/.local/lib/python3.10/site-packages/airflow/example_dags/example_local_kubernetes_executor.py
[2025-06-27T01:15:39.340+0000] {logging_mixin.py:188} INFO - [2025-06-27T01:15:39.340+0000] {dagbag.py:667} DEBUG - Running dagbag.sync_to_db with retries. Try 1 of 3
[2025-06-27T01:15:39.341+0000] {logging_mixin.py:188} INFO - [2025-06-27T01:15:39.341+0000] {dagbag.py:672} DEBUG - Calling the DAG.bulk_sync_to_db method
[2025-06-27T01:15:39.365+0000] {logging_mixin.py:188} INFO - [2025-06-27T01:15:39.365+0000] {serialized_dag.py:166} DEBUG - Checking if DAG (example_local_kubernetes_executor) changed
[2025-06-27T01:15:39.414+0000] {logging_mixin.py:188} INFO - [2025-06-27T01:15:39.414+0000] {serialized_dag.py:177} DEBUG - Serialized DAG (example_local_kubernetes_executor) is unchanged. Skipping writing to DB
[2025-06-27T01:15:39.416+0000] {logging_mixin.py:188} INFO - [2025-06-27T01:15:39.415+0000] {dag.py:3096} INFO - Sync 1 DAGs
[2025-06-27T01:15:39.434+0000] {logging_mixin.py:188} INFO - [2025-06-27T01:15:39.434+0000] {dag.py:3954} INFO - Setting next_dagrun for example_local_kubernetes_executor to None, run_after=None
[2025-06-27T01:15:39.465+0000] {processor.py:183} INFO - Processing /home/airflow/.local/lib/python3.10/site-packages/airflow/example_dags/example_local_kubernetes_executor.py took 0.176 seconds
[2025-06-27T01:16:10.693+0000] {logging_mixin.py:188} INFO - [2025-06-27T01:16:10.692+0000] {settings.py:250} DEBUG - Setting up DB connection pool (PID 20220)
[2025-06-27T01:16:10.695+0000] {logging_mixin.py:188} INFO - [2025-06-27T01:16:10.694+0000] {settings.py:330} DEBUG - settings.prepare_engine_args(): Using pool settings. pool_size=5, max_overflow=10, pool_recycle=1800, pid=20220
[2025-06-27T01:16:10.705+0000] {processor.py:161} INFO - Started process (PID=20220) to work on /home/airflow/.local/lib/python3.10/site-packages/airflow/example_dags/example_local_kubernetes_executor.py
[2025-06-27T01:16:10.706+0000] {processor.py:830} INFO - Processing file /home/airflow/.local/lib/python3.10/site-packages/airflow/example_dags/example_local_kubernetes_executor.py for tasks to queue
[2025-06-27T01:16:10.707+0000] {logging_mixin.py:188} INFO - [2025-06-27T01:16:10.707+0000] {dagbag.py:545} INFO - Filling up the DagBag from /home/airflow/.local/lib/python3.10/site-packages/airflow/example_dags/example_local_kubernetes_executor.py
[2025-06-27T01:16:10.710+0000] {logging_mixin.py:188} INFO - [2025-06-27T01:16:10.709+0000] {dagbag.py:337} DEBUG - Importing /home/airflow/.local/lib/python3.10/site-packages/airflow/example_dags/example_local_kubernetes_executor.py
[2025-06-27T01:16:10.724+0000] {logging_mixin.py:188} INFO - [2025-06-27T01:16:10.722+0000] {dagbag.py:511} DEBUG - Loaded DAG <DAG: example_local_kubernetes_executor>
[2025-06-27T01:16:10.725+0000] {processor.py:840} INFO - DAG(s) 'example_local_kubernetes_executor' retrieved from /home/airflow/.local/lib/python3.10/site-packages/airflow/example_dags/example_local_kubernetes_executor.py
[2025-06-27T01:16:10.727+0000] {logging_mixin.py:188} INFO - [2025-06-27T01:16:10.727+0000] {dagbag.py:667} DEBUG - Running dagbag.sync_to_db with retries. Try 1 of 3
[2025-06-27T01:16:10.728+0000] {logging_mixin.py:188} INFO - [2025-06-27T01:16:10.728+0000] {dagbag.py:672} DEBUG - Calling the DAG.bulk_sync_to_db method
[2025-06-27T01:16:10.749+0000] {logging_mixin.py:188} INFO - [2025-06-27T01:16:10.748+0000] {serialized_dag.py:166} DEBUG - Checking if DAG (example_local_kubernetes_executor) changed
[2025-06-27T01:16:10.821+0000] {logging_mixin.py:188} INFO - [2025-06-27T01:16:10.821+0000] {serialized_dag.py:177} DEBUG - Serialized DAG (example_local_kubernetes_executor) is unchanged. Skipping writing to DB
[2025-06-27T01:16:10.823+0000] {logging_mixin.py:188} INFO - [2025-06-27T01:16:10.822+0000] {dag.py:3096} INFO - Sync 1 DAGs
[2025-06-27T01:16:10.847+0000] {logging_mixin.py:188} INFO - [2025-06-27T01:16:10.846+0000] {dag.py:3954} INFO - Setting next_dagrun for example_local_kubernetes_executor to None, run_after=None
[2025-06-27T01:16:10.886+0000] {processor.py:183} INFO - Processing /home/airflow/.local/lib/python3.10/site-packages/airflow/example_dags/example_local_kubernetes_executor.py took 0.194 seconds
[2025-06-27T01:16:41.037+0000] {logging_mixin.py:188} INFO - [2025-06-27T01:16:41.035+0000] {settings.py:250} DEBUG - Setting up DB connection pool (PID 20281)
[2025-06-27T01:16:41.040+0000] {logging_mixin.py:188} INFO - [2025-06-27T01:16:41.040+0000] {settings.py:330} DEBUG - settings.prepare_engine_args(): Using pool settings. pool_size=5, max_overflow=10, pool_recycle=1800, pid=20281
[2025-06-27T01:16:41.056+0000] {processor.py:161} INFO - Started process (PID=20281) to work on /home/airflow/.local/lib/python3.10/site-packages/airflow/example_dags/example_local_kubernetes_executor.py
[2025-06-27T01:16:41.057+0000] {processor.py:830} INFO - Processing file /home/airflow/.local/lib/python3.10/site-packages/airflow/example_dags/example_local_kubernetes_executor.py for tasks to queue
[2025-06-27T01:16:41.059+0000] {logging_mixin.py:188} INFO - [2025-06-27T01:16:41.059+0000] {dagbag.py:545} INFO - Filling up the DagBag from /home/airflow/.local/lib/python3.10/site-packages/airflow/example_dags/example_local_kubernetes_executor.py
[2025-06-27T01:16:41.063+0000] {logging_mixin.py:188} INFO - [2025-06-27T01:16:41.063+0000] {dagbag.py:337} DEBUG - Importing /home/airflow/.local/lib/python3.10/site-packages/airflow/example_dags/example_local_kubernetes_executor.py
[2025-06-27T01:16:41.081+0000] {logging_mixin.py:188} INFO - [2025-06-27T01:16:41.080+0000] {dagbag.py:511} DEBUG - Loaded DAG <DAG: example_local_kubernetes_executor>
[2025-06-27T01:16:41.083+0000] {processor.py:840} INFO - DAG(s) 'example_local_kubernetes_executor' retrieved from /home/airflow/.local/lib/python3.10/site-packages/airflow/example_dags/example_local_kubernetes_executor.py
[2025-06-27T01:16:41.086+0000] {logging_mixin.py:188} INFO - [2025-06-27T01:16:41.085+0000] {dagbag.py:667} DEBUG - Running dagbag.sync_to_db with retries. Try 1 of 3
[2025-06-27T01:16:41.086+0000] {logging_mixin.py:188} INFO - [2025-06-27T01:16:41.086+0000] {dagbag.py:672} DEBUG - Calling the DAG.bulk_sync_to_db method
[2025-06-27T01:16:41.111+0000] {logging_mixin.py:188} INFO - [2025-06-27T01:16:41.111+0000] {serialized_dag.py:166} DEBUG - Checking if DAG (example_local_kubernetes_executor) changed
[2025-06-27T01:16:41.160+0000] {logging_mixin.py:188} INFO - [2025-06-27T01:16:41.159+0000] {serialized_dag.py:177} DEBUG - Serialized DAG (example_local_kubernetes_executor) is unchanged. Skipping writing to DB
[2025-06-27T01:16:41.161+0000] {logging_mixin.py:188} INFO - [2025-06-27T01:16:41.161+0000] {dag.py:3096} INFO - Sync 1 DAGs
[2025-06-27T01:16:41.181+0000] {logging_mixin.py:188} INFO - [2025-06-27T01:16:41.181+0000] {dag.py:3954} INFO - Setting next_dagrun for example_local_kubernetes_executor to None, run_after=None
[2025-06-27T01:16:41.216+0000] {processor.py:183} INFO - Processing /home/airflow/.local/lib/python3.10/site-packages/airflow/example_dags/example_local_kubernetes_executor.py took 0.181 seconds
[2025-06-27T01:17:11.412+0000] {logging_mixin.py:188} INFO - [2025-06-27T01:17:11.410+0000] {settings.py:250} DEBUG - Setting up DB connection pool (PID 20344)
[2025-06-27T01:17:11.413+0000] {logging_mixin.py:188} INFO - [2025-06-27T01:17:11.413+0000] {settings.py:330} DEBUG - settings.prepare_engine_args(): Using pool settings. pool_size=5, max_overflow=10, pool_recycle=1800, pid=20344
[2025-06-27T01:17:11.424+0000] {processor.py:161} INFO - Started process (PID=20344) to work on /home/airflow/.local/lib/python3.10/site-packages/airflow/example_dags/example_local_kubernetes_executor.py
[2025-06-27T01:17:11.425+0000] {processor.py:830} INFO - Processing file /home/airflow/.local/lib/python3.10/site-packages/airflow/example_dags/example_local_kubernetes_executor.py for tasks to queue
[2025-06-27T01:17:11.426+0000] {logging_mixin.py:188} INFO - [2025-06-27T01:17:11.426+0000] {dagbag.py:545} INFO - Filling up the DagBag from /home/airflow/.local/lib/python3.10/site-packages/airflow/example_dags/example_local_kubernetes_executor.py
[2025-06-27T01:17:11.428+0000] {logging_mixin.py:188} INFO - [2025-06-27T01:17:11.428+0000] {dagbag.py:337} DEBUG - Importing /home/airflow/.local/lib/python3.10/site-packages/airflow/example_dags/example_local_kubernetes_executor.py
[2025-06-27T01:17:11.441+0000] {logging_mixin.py:188} INFO - [2025-06-27T01:17:11.440+0000] {dagbag.py:511} DEBUG - Loaded DAG <DAG: example_local_kubernetes_executor>
[2025-06-27T01:17:11.442+0000] {processor.py:840} INFO - DAG(s) 'example_local_kubernetes_executor' retrieved from /home/airflow/.local/lib/python3.10/site-packages/airflow/example_dags/example_local_kubernetes_executor.py
[2025-06-27T01:17:11.447+0000] {logging_mixin.py:188} INFO - [2025-06-27T01:17:11.446+0000] {dagbag.py:667} DEBUG - Running dagbag.sync_to_db with retries. Try 1 of 3
[2025-06-27T01:17:11.451+0000] {logging_mixin.py:188} INFO - [2025-06-27T01:17:11.449+0000] {dagbag.py:672} DEBUG - Calling the DAG.bulk_sync_to_db method
[2025-06-27T01:17:11.476+0000] {logging_mixin.py:188} INFO - [2025-06-27T01:17:11.475+0000] {serialized_dag.py:166} DEBUG - Checking if DAG (example_local_kubernetes_executor) changed
[2025-06-27T01:17:11.532+0000] {logging_mixin.py:188} INFO - [2025-06-27T01:17:11.531+0000] {serialized_dag.py:177} DEBUG - Serialized DAG (example_local_kubernetes_executor) is unchanged. Skipping writing to DB
[2025-06-27T01:17:11.533+0000] {logging_mixin.py:188} INFO - [2025-06-27T01:17:11.533+0000] {dag.py:3096} INFO - Sync 1 DAGs
[2025-06-27T01:17:11.556+0000] {logging_mixin.py:188} INFO - [2025-06-27T01:17:11.556+0000] {dag.py:3954} INFO - Setting next_dagrun for example_local_kubernetes_executor to None, run_after=None
[2025-06-27T01:17:11.587+0000] {processor.py:183} INFO - Processing /home/airflow/.local/lib/python3.10/site-packages/airflow/example_dags/example_local_kubernetes_executor.py took 0.177 seconds
[2025-06-27T01:17:41.770+0000] {logging_mixin.py:188} INFO - [2025-06-27T01:17:41.769+0000] {settings.py:250} DEBUG - Setting up DB connection pool (PID 20407)
[2025-06-27T01:17:41.772+0000] {logging_mixin.py:188} INFO - [2025-06-27T01:17:41.772+0000] {settings.py:330} DEBUG - settings.prepare_engine_args(): Using pool settings. pool_size=5, max_overflow=10, pool_recycle=1800, pid=20407
[2025-06-27T01:17:41.782+0000] {processor.py:161} INFO - Started process (PID=20407) to work on /home/airflow/.local/lib/python3.10/site-packages/airflow/example_dags/example_local_kubernetes_executor.py
[2025-06-27T01:17:41.783+0000] {processor.py:830} INFO - Processing file /home/airflow/.local/lib/python3.10/site-packages/airflow/example_dags/example_local_kubernetes_executor.py for tasks to queue
[2025-06-27T01:17:41.784+0000] {logging_mixin.py:188} INFO - [2025-06-27T01:17:41.784+0000] {dagbag.py:545} INFO - Filling up the DagBag from /home/airflow/.local/lib/python3.10/site-packages/airflow/example_dags/example_local_kubernetes_executor.py
[2025-06-27T01:17:41.787+0000] {logging_mixin.py:188} INFO - [2025-06-27T01:17:41.787+0000] {dagbag.py:337} DEBUG - Importing /home/airflow/.local/lib/python3.10/site-packages/airflow/example_dags/example_local_kubernetes_executor.py
[2025-06-27T01:17:41.802+0000] {logging_mixin.py:188} INFO - [2025-06-27T01:17:41.800+0000] {dagbag.py:511} DEBUG - Loaded DAG <DAG: example_local_kubernetes_executor>
[2025-06-27T01:17:41.805+0000] {processor.py:840} INFO - DAG(s) 'example_local_kubernetes_executor' retrieved from /home/airflow/.local/lib/python3.10/site-packages/airflow/example_dags/example_local_kubernetes_executor.py
[2025-06-27T01:17:41.810+0000] {logging_mixin.py:188} INFO - [2025-06-27T01:17:41.809+0000] {dagbag.py:667} DEBUG - Running dagbag.sync_to_db with retries. Try 1 of 3
[2025-06-27T01:17:41.811+0000] {logging_mixin.py:188} INFO - [2025-06-27T01:17:41.811+0000] {dagbag.py:672} DEBUG - Calling the DAG.bulk_sync_to_db method
[2025-06-27T01:17:41.840+0000] {logging_mixin.py:188} INFO - [2025-06-27T01:17:41.839+0000] {serialized_dag.py:166} DEBUG - Checking if DAG (example_local_kubernetes_executor) changed
[2025-06-27T01:17:41.882+0000] {logging_mixin.py:188} INFO - [2025-06-27T01:17:41.882+0000] {serialized_dag.py:177} DEBUG - Serialized DAG (example_local_kubernetes_executor) is unchanged. Skipping writing to DB
[2025-06-27T01:17:41.883+0000] {logging_mixin.py:188} INFO - [2025-06-27T01:17:41.883+0000] {dag.py:3096} INFO - Sync 1 DAGs
[2025-06-27T01:17:41.900+0000] {logging_mixin.py:188} INFO - [2025-06-27T01:17:41.899+0000] {dag.py:3954} INFO - Setting next_dagrun for example_local_kubernetes_executor to None, run_after=None
[2025-06-27T01:17:41.935+0000] {processor.py:183} INFO - Processing /home/airflow/.local/lib/python3.10/site-packages/airflow/example_dags/example_local_kubernetes_executor.py took 0.166 seconds
[2025-06-27T01:18:12.533+0000] {logging_mixin.py:188} INFO - [2025-06-27T01:18:12.531+0000] {settings.py:250} DEBUG - Setting up DB connection pool (PID 20470)
[2025-06-27T01:18:12.536+0000] {logging_mixin.py:188} INFO - [2025-06-27T01:18:12.535+0000] {settings.py:330} DEBUG - settings.prepare_engine_args(): Using pool settings. pool_size=5, max_overflow=10, pool_recycle=1800, pid=20470
[2025-06-27T01:18:12.552+0000] {processor.py:161} INFO - Started process (PID=20470) to work on /home/airflow/.local/lib/python3.10/site-packages/airflow/example_dags/example_local_kubernetes_executor.py
[2025-06-27T01:18:12.553+0000] {processor.py:830} INFO - Processing file /home/airflow/.local/lib/python3.10/site-packages/airflow/example_dags/example_local_kubernetes_executor.py for tasks to queue
[2025-06-27T01:18:12.555+0000] {logging_mixin.py:188} INFO - [2025-06-27T01:18:12.555+0000] {dagbag.py:545} INFO - Filling up the DagBag from /home/airflow/.local/lib/python3.10/site-packages/airflow/example_dags/example_local_kubernetes_executor.py
[2025-06-27T01:18:12.559+0000] {logging_mixin.py:188} INFO - [2025-06-27T01:18:12.559+0000] {dagbag.py:337} DEBUG - Importing /home/airflow/.local/lib/python3.10/site-packages/airflow/example_dags/example_local_kubernetes_executor.py
[2025-06-27T01:18:12.578+0000] {logging_mixin.py:188} INFO - [2025-06-27T01:18:12.574+0000] {dagbag.py:511} DEBUG - Loaded DAG <DAG: example_local_kubernetes_executor>
[2025-06-27T01:18:12.579+0000] {processor.py:840} INFO - DAG(s) 'example_local_kubernetes_executor' retrieved from /home/airflow/.local/lib/python3.10/site-packages/airflow/example_dags/example_local_kubernetes_executor.py
[2025-06-27T01:18:12.582+0000] {logging_mixin.py:188} INFO - [2025-06-27T01:18:12.582+0000] {dagbag.py:667} DEBUG - Running dagbag.sync_to_db with retries. Try 1 of 3
[2025-06-27T01:18:12.583+0000] {logging_mixin.py:188} INFO - [2025-06-27T01:18:12.583+0000] {dagbag.py:672} DEBUG - Calling the DAG.bulk_sync_to_db method
[2025-06-27T01:18:12.615+0000] {logging_mixin.py:188} INFO - [2025-06-27T01:18:12.614+0000] {serialized_dag.py:166} DEBUG - Checking if DAG (example_local_kubernetes_executor) changed
[2025-06-27T01:18:12.671+0000] {logging_mixin.py:188} INFO - [2025-06-27T01:18:12.671+0000] {serialized_dag.py:177} DEBUG - Serialized DAG (example_local_kubernetes_executor) is unchanged. Skipping writing to DB
[2025-06-27T01:18:12.672+0000] {logging_mixin.py:188} INFO - [2025-06-27T01:18:12.672+0000] {dag.py:3096} INFO - Sync 1 DAGs
[2025-06-27T01:18:12.694+0000] {logging_mixin.py:188} INFO - [2025-06-27T01:18:12.694+0000] {dag.py:3954} INFO - Setting next_dagrun for example_local_kubernetes_executor to None, run_after=None
[2025-06-27T01:18:12.726+0000] {processor.py:183} INFO - Processing /home/airflow/.local/lib/python3.10/site-packages/airflow/example_dags/example_local_kubernetes_executor.py took 0.194 seconds
[2025-06-27T01:18:43.064+0000] {logging_mixin.py:188} INFO - [2025-06-27T01:18:43.062+0000] {settings.py:250} DEBUG - Setting up DB connection pool (PID 20533)
[2025-06-27T01:18:43.066+0000] {logging_mixin.py:188} INFO - [2025-06-27T01:18:43.066+0000] {settings.py:330} DEBUG - settings.prepare_engine_args(): Using pool settings. pool_size=5, max_overflow=10, pool_recycle=1800, pid=20533
[2025-06-27T01:18:43.080+0000] {processor.py:161} INFO - Started process (PID=20533) to work on /home/airflow/.local/lib/python3.10/site-packages/airflow/example_dags/example_local_kubernetes_executor.py
[2025-06-27T01:18:43.082+0000] {processor.py:830} INFO - Processing file /home/airflow/.local/lib/python3.10/site-packages/airflow/example_dags/example_local_kubernetes_executor.py for tasks to queue
[2025-06-27T01:18:43.083+0000] {logging_mixin.py:188} INFO - [2025-06-27T01:18:43.083+0000] {dagbag.py:545} INFO - Filling up the DagBag from /home/airflow/.local/lib/python3.10/site-packages/airflow/example_dags/example_local_kubernetes_executor.py
[2025-06-27T01:18:43.090+0000] {logging_mixin.py:188} INFO - [2025-06-27T01:18:43.089+0000] {dagbag.py:337} DEBUG - Importing /home/airflow/.local/lib/python3.10/site-packages/airflow/example_dags/example_local_kubernetes_executor.py
[2025-06-27T01:18:43.105+0000] {logging_mixin.py:188} INFO - [2025-06-27T01:18:43.103+0000] {dagbag.py:511} DEBUG - Loaded DAG <DAG: example_local_kubernetes_executor>
[2025-06-27T01:18:43.105+0000] {processor.py:840} INFO - DAG(s) 'example_local_kubernetes_executor' retrieved from /home/airflow/.local/lib/python3.10/site-packages/airflow/example_dags/example_local_kubernetes_executor.py
[2025-06-27T01:18:43.108+0000] {logging_mixin.py:188} INFO - [2025-06-27T01:18:43.108+0000] {dagbag.py:667} DEBUG - Running dagbag.sync_to_db with retries. Try 1 of 3
[2025-06-27T01:18:43.109+0000] {logging_mixin.py:188} INFO - [2025-06-27T01:18:43.109+0000] {dagbag.py:672} DEBUG - Calling the DAG.bulk_sync_to_db method
[2025-06-27T01:18:43.130+0000] {logging_mixin.py:188} INFO - [2025-06-27T01:18:43.130+0000] {serialized_dag.py:166} DEBUG - Checking if DAG (example_local_kubernetes_executor) changed
[2025-06-27T01:18:43.168+0000] {logging_mixin.py:188} INFO - [2025-06-27T01:18:43.168+0000] {serialized_dag.py:177} DEBUG - Serialized DAG (example_local_kubernetes_executor) is unchanged. Skipping writing to DB
[2025-06-27T01:18:43.170+0000] {logging_mixin.py:188} INFO - [2025-06-27T01:18:43.169+0000] {dag.py:3096} INFO - Sync 1 DAGs
[2025-06-27T01:18:43.191+0000] {logging_mixin.py:188} INFO - [2025-06-27T01:18:43.190+0000] {dag.py:3954} INFO - Setting next_dagrun for example_local_kubernetes_executor to None, run_after=None
[2025-06-27T01:18:43.223+0000] {processor.py:183} INFO - Processing /home/airflow/.local/lib/python3.10/site-packages/airflow/example_dags/example_local_kubernetes_executor.py took 0.161 seconds
[2025-06-27T01:19:13.784+0000] {logging_mixin.py:188} INFO - [2025-06-27T01:19:13.783+0000] {settings.py:250} DEBUG - Setting up DB connection pool (PID 20596)
[2025-06-27T01:19:13.786+0000] {logging_mixin.py:188} INFO - [2025-06-27T01:19:13.786+0000] {settings.py:330} DEBUG - settings.prepare_engine_args(): Using pool settings. pool_size=5, max_overflow=10, pool_recycle=1800, pid=20596
[2025-06-27T01:19:13.801+0000] {processor.py:161} INFO - Started process (PID=20596) to work on /home/airflow/.local/lib/python3.10/site-packages/airflow/example_dags/example_local_kubernetes_executor.py
[2025-06-27T01:19:13.802+0000] {processor.py:830} INFO - Processing file /home/airflow/.local/lib/python3.10/site-packages/airflow/example_dags/example_local_kubernetes_executor.py for tasks to queue
[2025-06-27T01:19:13.804+0000] {logging_mixin.py:188} INFO - [2025-06-27T01:19:13.804+0000] {dagbag.py:545} INFO - Filling up the DagBag from /home/airflow/.local/lib/python3.10/site-packages/airflow/example_dags/example_local_kubernetes_executor.py
[2025-06-27T01:19:13.807+0000] {logging_mixin.py:188} INFO - [2025-06-27T01:19:13.806+0000] {dagbag.py:337} DEBUG - Importing /home/airflow/.local/lib/python3.10/site-packages/airflow/example_dags/example_local_kubernetes_executor.py
[2025-06-27T01:19:13.820+0000] {logging_mixin.py:188} INFO - [2025-06-27T01:19:13.818+0000] {dagbag.py:511} DEBUG - Loaded DAG <DAG: example_local_kubernetes_executor>
[2025-06-27T01:19:13.820+0000] {processor.py:840} INFO - DAG(s) 'example_local_kubernetes_executor' retrieved from /home/airflow/.local/lib/python3.10/site-packages/airflow/example_dags/example_local_kubernetes_executor.py
[2025-06-27T01:19:13.823+0000] {logging_mixin.py:188} INFO - [2025-06-27T01:19:13.823+0000] {dagbag.py:667} DEBUG - Running dagbag.sync_to_db with retries. Try 1 of 3
[2025-06-27T01:19:13.824+0000] {logging_mixin.py:188} INFO - [2025-06-27T01:19:13.824+0000] {dagbag.py:672} DEBUG - Calling the DAG.bulk_sync_to_db method
[2025-06-27T01:19:13.846+0000] {logging_mixin.py:188} INFO - [2025-06-27T01:19:13.846+0000] {serialized_dag.py:166} DEBUG - Checking if DAG (example_local_kubernetes_executor) changed
[2025-06-27T01:19:13.886+0000] {logging_mixin.py:188} INFO - [2025-06-27T01:19:13.885+0000] {serialized_dag.py:177} DEBUG - Serialized DAG (example_local_kubernetes_executor) is unchanged. Skipping writing to DB
[2025-06-27T01:19:13.886+0000] {logging_mixin.py:188} INFO - [2025-06-27T01:19:13.886+0000] {dag.py:3096} INFO - Sync 1 DAGs
[2025-06-27T01:19:13.903+0000] {logging_mixin.py:188} INFO - [2025-06-27T01:19:13.903+0000] {dag.py:3954} INFO - Setting next_dagrun for example_local_kubernetes_executor to None, run_after=None
[2025-06-27T01:19:13.940+0000] {processor.py:183} INFO - Processing /home/airflow/.local/lib/python3.10/site-packages/airflow/example_dags/example_local_kubernetes_executor.py took 0.158 seconds
[2025-06-27T01:19:44.108+0000] {logging_mixin.py:188} INFO - [2025-06-27T01:19:44.106+0000] {settings.py:250} DEBUG - Setting up DB connection pool (PID 20659)
[2025-06-27T01:19:44.111+0000] {logging_mixin.py:188} INFO - [2025-06-27T01:19:44.111+0000] {settings.py:330} DEBUG - settings.prepare_engine_args(): Using pool settings. pool_size=5, max_overflow=10, pool_recycle=1800, pid=20659
[2025-06-27T01:19:44.125+0000] {processor.py:161} INFO - Started process (PID=20659) to work on /home/airflow/.local/lib/python3.10/site-packages/airflow/example_dags/example_local_kubernetes_executor.py
[2025-06-27T01:19:44.127+0000] {processor.py:830} INFO - Processing file /home/airflow/.local/lib/python3.10/site-packages/airflow/example_dags/example_local_kubernetes_executor.py for tasks to queue
[2025-06-27T01:19:44.128+0000] {logging_mixin.py:188} INFO - [2025-06-27T01:19:44.128+0000] {dagbag.py:545} INFO - Filling up the DagBag from /home/airflow/.local/lib/python3.10/site-packages/airflow/example_dags/example_local_kubernetes_executor.py
[2025-06-27T01:19:44.132+0000] {logging_mixin.py:188} INFO - [2025-06-27T01:19:44.131+0000] {dagbag.py:337} DEBUG - Importing /home/airflow/.local/lib/python3.10/site-packages/airflow/example_dags/example_local_kubernetes_executor.py
[2025-06-27T01:19:44.148+0000] {logging_mixin.py:188} INFO - [2025-06-27T01:19:44.146+0000] {dagbag.py:511} DEBUG - Loaded DAG <DAG: example_local_kubernetes_executor>
[2025-06-27T01:19:44.149+0000] {processor.py:840} INFO - DAG(s) 'example_local_kubernetes_executor' retrieved from /home/airflow/.local/lib/python3.10/site-packages/airflow/example_dags/example_local_kubernetes_executor.py
[2025-06-27T01:19:44.152+0000] {logging_mixin.py:188} INFO - [2025-06-27T01:19:44.152+0000] {dagbag.py:667} DEBUG - Running dagbag.sync_to_db with retries. Try 1 of 3
[2025-06-27T01:19:44.153+0000] {logging_mixin.py:188} INFO - [2025-06-27T01:19:44.152+0000] {dagbag.py:672} DEBUG - Calling the DAG.bulk_sync_to_db method
[2025-06-27T01:19:44.176+0000] {logging_mixin.py:188} INFO - [2025-06-27T01:19:44.176+0000] {serialized_dag.py:166} DEBUG - Checking if DAG (example_local_kubernetes_executor) changed
[2025-06-27T01:19:44.221+0000] {logging_mixin.py:188} INFO - [2025-06-27T01:19:44.221+0000] {serialized_dag.py:177} DEBUG - Serialized DAG (example_local_kubernetes_executor) is unchanged. Skipping writing to DB
[2025-06-27T01:19:44.222+0000] {logging_mixin.py:188} INFO - [2025-06-27T01:19:44.222+0000] {dag.py:3096} INFO - Sync 1 DAGs
[2025-06-27T01:19:44.241+0000] {logging_mixin.py:188} INFO - [2025-06-27T01:19:44.241+0000] {dag.py:3954} INFO - Setting next_dagrun for example_local_kubernetes_executor to None, run_after=None
[2025-06-27T01:19:44.266+0000] {processor.py:183} INFO - Processing /home/airflow/.local/lib/python3.10/site-packages/airflow/example_dags/example_local_kubernetes_executor.py took 0.160 seconds
[2025-06-27T01:20:14.648+0000] {logging_mixin.py:188} INFO - [2025-06-27T01:20:14.647+0000] {settings.py:250} DEBUG - Setting up DB connection pool (PID 20723)
[2025-06-27T01:20:14.650+0000] {logging_mixin.py:188} INFO - [2025-06-27T01:20:14.650+0000] {settings.py:330} DEBUG - settings.prepare_engine_args(): Using pool settings. pool_size=5, max_overflow=10, pool_recycle=1800, pid=20723
[2025-06-27T01:20:14.662+0000] {processor.py:161} INFO - Started process (PID=20723) to work on /home/airflow/.local/lib/python3.10/site-packages/airflow/example_dags/example_local_kubernetes_executor.py
[2025-06-27T01:20:14.664+0000] {processor.py:830} INFO - Processing file /home/airflow/.local/lib/python3.10/site-packages/airflow/example_dags/example_local_kubernetes_executor.py for tasks to queue
[2025-06-27T01:20:14.666+0000] {logging_mixin.py:188} INFO - [2025-06-27T01:20:14.665+0000] {dagbag.py:545} INFO - Filling up the DagBag from /home/airflow/.local/lib/python3.10/site-packages/airflow/example_dags/example_local_kubernetes_executor.py
[2025-06-27T01:20:14.669+0000] {logging_mixin.py:188} INFO - [2025-06-27T01:20:14.669+0000] {dagbag.py:337} DEBUG - Importing /home/airflow/.local/lib/python3.10/site-packages/airflow/example_dags/example_local_kubernetes_executor.py
[2025-06-27T01:20:14.686+0000] {logging_mixin.py:188} INFO - [2025-06-27T01:20:14.684+0000] {dagbag.py:511} DEBUG - Loaded DAG <DAG: example_local_kubernetes_executor>
[2025-06-27T01:20:14.687+0000] {processor.py:840} INFO - DAG(s) 'example_local_kubernetes_executor' retrieved from /home/airflow/.local/lib/python3.10/site-packages/airflow/example_dags/example_local_kubernetes_executor.py
[2025-06-27T01:20:14.690+0000] {logging_mixin.py:188} INFO - [2025-06-27T01:20:14.690+0000] {dagbag.py:667} DEBUG - Running dagbag.sync_to_db with retries. Try 1 of 3
[2025-06-27T01:20:14.691+0000] {logging_mixin.py:188} INFO - [2025-06-27T01:20:14.691+0000] {dagbag.py:672} DEBUG - Calling the DAG.bulk_sync_to_db method
[2025-06-27T01:20:14.718+0000] {logging_mixin.py:188} INFO - [2025-06-27T01:20:14.718+0000] {serialized_dag.py:166} DEBUG - Checking if DAG (example_local_kubernetes_executor) changed
[2025-06-27T01:20:14.762+0000] {logging_mixin.py:188} INFO - [2025-06-27T01:20:14.762+0000] {serialized_dag.py:177} DEBUG - Serialized DAG (example_local_kubernetes_executor) is unchanged. Skipping writing to DB
[2025-06-27T01:20:14.763+0000] {logging_mixin.py:188} INFO - [2025-06-27T01:20:14.763+0000] {dag.py:3096} INFO - Sync 1 DAGs
[2025-06-27T01:20:14.787+0000] {logging_mixin.py:188} INFO - [2025-06-27T01:20:14.786+0000] {dag.py:3954} INFO - Setting next_dagrun for example_local_kubernetes_executor to None, run_after=None
[2025-06-27T01:20:14.830+0000] {processor.py:183} INFO - Processing /home/airflow/.local/lib/python3.10/site-packages/airflow/example_dags/example_local_kubernetes_executor.py took 0.183 seconds
[2025-06-27T01:20:45.381+0000] {logging_mixin.py:188} INFO - [2025-06-27T01:20:45.380+0000] {settings.py:250} DEBUG - Setting up DB connection pool (PID 20786)
[2025-06-27T01:20:45.383+0000] {logging_mixin.py:188} INFO - [2025-06-27T01:20:45.383+0000] {settings.py:330} DEBUG - settings.prepare_engine_args(): Using pool settings. pool_size=5, max_overflow=10, pool_recycle=1800, pid=20786
[2025-06-27T01:20:45.395+0000] {processor.py:161} INFO - Started process (PID=20786) to work on /home/airflow/.local/lib/python3.10/site-packages/airflow/example_dags/example_local_kubernetes_executor.py
[2025-06-27T01:20:45.396+0000] {processor.py:830} INFO - Processing file /home/airflow/.local/lib/python3.10/site-packages/airflow/example_dags/example_local_kubernetes_executor.py for tasks to queue
[2025-06-27T01:20:45.397+0000] {logging_mixin.py:188} INFO - [2025-06-27T01:20:45.397+0000] {dagbag.py:545} INFO - Filling up the DagBag from /home/airflow/.local/lib/python3.10/site-packages/airflow/example_dags/example_local_kubernetes_executor.py
[2025-06-27T01:20:45.401+0000] {logging_mixin.py:188} INFO - [2025-06-27T01:20:45.400+0000] {dagbag.py:337} DEBUG - Importing /home/airflow/.local/lib/python3.10/site-packages/airflow/example_dags/example_local_kubernetes_executor.py
[2025-06-27T01:20:45.420+0000] {logging_mixin.py:188} INFO - [2025-06-27T01:20:45.417+0000] {dagbag.py:511} DEBUG - Loaded DAG <DAG: example_local_kubernetes_executor>
[2025-06-27T01:20:45.421+0000] {processor.py:840} INFO - DAG(s) 'example_local_kubernetes_executor' retrieved from /home/airflow/.local/lib/python3.10/site-packages/airflow/example_dags/example_local_kubernetes_executor.py
[2025-06-27T01:20:45.424+0000] {logging_mixin.py:188} INFO - [2025-06-27T01:20:45.423+0000] {dagbag.py:667} DEBUG - Running dagbag.sync_to_db with retries. Try 1 of 3
[2025-06-27T01:20:45.425+0000] {logging_mixin.py:188} INFO - [2025-06-27T01:20:45.425+0000] {dagbag.py:672} DEBUG - Calling the DAG.bulk_sync_to_db method
[2025-06-27T01:20:45.450+0000] {logging_mixin.py:188} INFO - [2025-06-27T01:20:45.450+0000] {serialized_dag.py:166} DEBUG - Checking if DAG (example_local_kubernetes_executor) changed
[2025-06-27T01:20:45.490+0000] {logging_mixin.py:188} INFO - [2025-06-27T01:20:45.490+0000] {serialized_dag.py:177} DEBUG - Serialized DAG (example_local_kubernetes_executor) is unchanged. Skipping writing to DB
[2025-06-27T01:20:45.491+0000] {logging_mixin.py:188} INFO - [2025-06-27T01:20:45.491+0000] {dag.py:3096} INFO - Sync 1 DAGs
[2025-06-27T01:20:45.512+0000] {logging_mixin.py:188} INFO - [2025-06-27T01:20:45.511+0000] {dag.py:3954} INFO - Setting next_dagrun for example_local_kubernetes_executor to None, run_after=None
[2025-06-27T01:20:45.543+0000] {processor.py:183} INFO - Processing /home/airflow/.local/lib/python3.10/site-packages/airflow/example_dags/example_local_kubernetes_executor.py took 0.163 seconds
[2025-06-27T01:21:15.796+0000] {logging_mixin.py:188} INFO - [2025-06-27T01:21:15.795+0000] {settings.py:250} DEBUG - Setting up DB connection pool (PID 20847)
[2025-06-27T01:21:15.799+0000] {logging_mixin.py:188} INFO - [2025-06-27T01:21:15.798+0000] {settings.py:330} DEBUG - settings.prepare_engine_args(): Using pool settings. pool_size=5, max_overflow=10, pool_recycle=1800, pid=20847
[2025-06-27T01:21:15.812+0000] {processor.py:161} INFO - Started process (PID=20847) to work on /home/airflow/.local/lib/python3.10/site-packages/airflow/example_dags/example_local_kubernetes_executor.py
[2025-06-27T01:21:15.813+0000] {processor.py:830} INFO - Processing file /home/airflow/.local/lib/python3.10/site-packages/airflow/example_dags/example_local_kubernetes_executor.py for tasks to queue
[2025-06-27T01:21:15.815+0000] {logging_mixin.py:188} INFO - [2025-06-27T01:21:15.814+0000] {dagbag.py:545} INFO - Filling up the DagBag from /home/airflow/.local/lib/python3.10/site-packages/airflow/example_dags/example_local_kubernetes_executor.py
[2025-06-27T01:21:15.818+0000] {logging_mixin.py:188} INFO - [2025-06-27T01:21:15.817+0000] {dagbag.py:337} DEBUG - Importing /home/airflow/.local/lib/python3.10/site-packages/airflow/example_dags/example_local_kubernetes_executor.py
[2025-06-27T01:21:15.832+0000] {logging_mixin.py:188} INFO - [2025-06-27T01:21:15.830+0000] {dagbag.py:511} DEBUG - Loaded DAG <DAG: example_local_kubernetes_executor>
[2025-06-27T01:21:15.834+0000] {processor.py:840} INFO - DAG(s) 'example_local_kubernetes_executor' retrieved from /home/airflow/.local/lib/python3.10/site-packages/airflow/example_dags/example_local_kubernetes_executor.py
[2025-06-27T01:21:15.836+0000] {logging_mixin.py:188} INFO - [2025-06-27T01:21:15.835+0000] {dagbag.py:667} DEBUG - Running dagbag.sync_to_db with retries. Try 1 of 3
[2025-06-27T01:21:15.837+0000] {logging_mixin.py:188} INFO - [2025-06-27T01:21:15.836+0000] {dagbag.py:672} DEBUG - Calling the DAG.bulk_sync_to_db method
[2025-06-27T01:21:15.859+0000] {logging_mixin.py:188} INFO - [2025-06-27T01:21:15.858+0000] {serialized_dag.py:166} DEBUG - Checking if DAG (example_local_kubernetes_executor) changed
[2025-06-27T01:21:15.905+0000] {logging_mixin.py:188} INFO - [2025-06-27T01:21:15.905+0000] {serialized_dag.py:177} DEBUG - Serialized DAG (example_local_kubernetes_executor) is unchanged. Skipping writing to DB
[2025-06-27T01:21:15.907+0000] {logging_mixin.py:188} INFO - [2025-06-27T01:21:15.906+0000] {dag.py:3096} INFO - Sync 1 DAGs
[2025-06-27T01:21:15.925+0000] {logging_mixin.py:188} INFO - [2025-06-27T01:21:15.925+0000] {dag.py:3954} INFO - Setting next_dagrun for example_local_kubernetes_executor to None, run_after=None
[2025-06-27T01:21:15.954+0000] {processor.py:183} INFO - Processing /home/airflow/.local/lib/python3.10/site-packages/airflow/example_dags/example_local_kubernetes_executor.py took 0.159 seconds
[2025-06-27T01:21:46.214+0000] {logging_mixin.py:188} INFO - [2025-06-27T01:21:46.213+0000] {settings.py:250} DEBUG - Setting up DB connection pool (PID 20908)
[2025-06-27T01:21:46.217+0000] {logging_mixin.py:188} INFO - [2025-06-27T01:21:46.216+0000] {settings.py:330} DEBUG - settings.prepare_engine_args(): Using pool settings. pool_size=5, max_overflow=10, pool_recycle=1800, pid=20908
[2025-06-27T01:21:46.238+0000] {processor.py:161} INFO - Started process (PID=20908) to work on /home/airflow/.local/lib/python3.10/site-packages/airflow/example_dags/example_local_kubernetes_executor.py
[2025-06-27T01:21:46.239+0000] {processor.py:830} INFO - Processing file /home/airflow/.local/lib/python3.10/site-packages/airflow/example_dags/example_local_kubernetes_executor.py for tasks to queue
[2025-06-27T01:21:46.242+0000] {logging_mixin.py:188} INFO - [2025-06-27T01:21:46.241+0000] {dagbag.py:545} INFO - Filling up the DagBag from /home/airflow/.local/lib/python3.10/site-packages/airflow/example_dags/example_local_kubernetes_executor.py
[2025-06-27T01:21:46.245+0000] {logging_mixin.py:188} INFO - [2025-06-27T01:21:46.244+0000] {dagbag.py:337} DEBUG - Importing /home/airflow/.local/lib/python3.10/site-packages/airflow/example_dags/example_local_kubernetes_executor.py
[2025-06-27T01:21:46.261+0000] {logging_mixin.py:188} INFO - [2025-06-27T01:21:46.259+0000] {dagbag.py:511} DEBUG - Loaded DAG <DAG: example_local_kubernetes_executor>
[2025-06-27T01:21:46.262+0000] {processor.py:840} INFO - DAG(s) 'example_local_kubernetes_executor' retrieved from /home/airflow/.local/lib/python3.10/site-packages/airflow/example_dags/example_local_kubernetes_executor.py
[2025-06-27T01:21:46.265+0000] {logging_mixin.py:188} INFO - [2025-06-27T01:21:46.264+0000] {dagbag.py:667} DEBUG - Running dagbag.sync_to_db with retries. Try 1 of 3
[2025-06-27T01:21:46.265+0000] {logging_mixin.py:188} INFO - [2025-06-27T01:21:46.265+0000] {dagbag.py:672} DEBUG - Calling the DAG.bulk_sync_to_db method
[2025-06-27T01:21:46.288+0000] {logging_mixin.py:188} INFO - [2025-06-27T01:21:46.288+0000] {serialized_dag.py:166} DEBUG - Checking if DAG (example_local_kubernetes_executor) changed
[2025-06-27T01:21:46.341+0000] {logging_mixin.py:188} INFO - [2025-06-27T01:21:46.341+0000] {serialized_dag.py:177} DEBUG - Serialized DAG (example_local_kubernetes_executor) is unchanged. Skipping writing to DB
[2025-06-27T01:21:46.342+0000] {logging_mixin.py:188} INFO - [2025-06-27T01:21:46.342+0000] {dag.py:3096} INFO - Sync 1 DAGs
[2025-06-27T01:21:46.365+0000] {logging_mixin.py:188} INFO - [2025-06-27T01:21:46.364+0000] {dag.py:3954} INFO - Setting next_dagrun for example_local_kubernetes_executor to None, run_after=None
[2025-06-27T01:21:46.394+0000] {processor.py:183} INFO - Processing /home/airflow/.local/lib/python3.10/site-packages/airflow/example_dags/example_local_kubernetes_executor.py took 0.181 seconds
[2025-06-27T01:22:17.055+0000] {logging_mixin.py:188} INFO - [2025-06-27T01:22:17.054+0000] {settings.py:250} DEBUG - Setting up DB connection pool (PID 20971)
[2025-06-27T01:22:17.057+0000] {logging_mixin.py:188} INFO - [2025-06-27T01:22:17.057+0000] {settings.py:330} DEBUG - settings.prepare_engine_args(): Using pool settings. pool_size=5, max_overflow=10, pool_recycle=1800, pid=20971
[2025-06-27T01:22:17.069+0000] {processor.py:161} INFO - Started process (PID=20971) to work on /home/airflow/.local/lib/python3.10/site-packages/airflow/example_dags/example_local_kubernetes_executor.py
[2025-06-27T01:22:17.071+0000] {processor.py:830} INFO - Processing file /home/airflow/.local/lib/python3.10/site-packages/airflow/example_dags/example_local_kubernetes_executor.py for tasks to queue
[2025-06-27T01:22:17.072+0000] {logging_mixin.py:188} INFO - [2025-06-27T01:22:17.072+0000] {dagbag.py:545} INFO - Filling up the DagBag from /home/airflow/.local/lib/python3.10/site-packages/airflow/example_dags/example_local_kubernetes_executor.py
[2025-06-27T01:22:17.075+0000] {logging_mixin.py:188} INFO - [2025-06-27T01:22:17.074+0000] {dagbag.py:337} DEBUG - Importing /home/airflow/.local/lib/python3.10/site-packages/airflow/example_dags/example_local_kubernetes_executor.py
[2025-06-27T01:22:17.096+0000] {logging_mixin.py:188} INFO - [2025-06-27T01:22:17.094+0000] {dagbag.py:511} DEBUG - Loaded DAG <DAG: example_local_kubernetes_executor>
[2025-06-27T01:22:17.097+0000] {processor.py:840} INFO - DAG(s) 'example_local_kubernetes_executor' retrieved from /home/airflow/.local/lib/python3.10/site-packages/airflow/example_dags/example_local_kubernetes_executor.py
[2025-06-27T01:22:17.101+0000] {logging_mixin.py:188} INFO - [2025-06-27T01:22:17.100+0000] {dagbag.py:667} DEBUG - Running dagbag.sync_to_db with retries. Try 1 of 3
[2025-06-27T01:22:17.102+0000] {logging_mixin.py:188} INFO - [2025-06-27T01:22:17.102+0000] {dagbag.py:672} DEBUG - Calling the DAG.bulk_sync_to_db method
[2025-06-27T01:22:17.133+0000] {logging_mixin.py:188} INFO - [2025-06-27T01:22:17.133+0000] {serialized_dag.py:166} DEBUG - Checking if DAG (example_local_kubernetes_executor) changed
[2025-06-27T01:22:17.187+0000] {logging_mixin.py:188} INFO - [2025-06-27T01:22:17.186+0000] {serialized_dag.py:177} DEBUG - Serialized DAG (example_local_kubernetes_executor) is unchanged. Skipping writing to DB
[2025-06-27T01:22:17.190+0000] {logging_mixin.py:188} INFO - [2025-06-27T01:22:17.190+0000] {dag.py:3096} INFO - Sync 1 DAGs
[2025-06-27T01:22:17.228+0000] {logging_mixin.py:188} INFO - [2025-06-27T01:22:17.227+0000] {dag.py:3954} INFO - Setting next_dagrun for example_local_kubernetes_executor to None, run_after=None
[2025-06-27T01:22:17.285+0000] {processor.py:183} INFO - Processing /home/airflow/.local/lib/python3.10/site-packages/airflow/example_dags/example_local_kubernetes_executor.py took 0.232 seconds
[2025-06-27T01:22:47.954+0000] {logging_mixin.py:188} INFO - [2025-06-27T01:22:47.952+0000] {settings.py:250} DEBUG - Setting up DB connection pool (PID 21034)
[2025-06-27T01:22:47.956+0000] {logging_mixin.py:188} INFO - [2025-06-27T01:22:47.956+0000] {settings.py:330} DEBUG - settings.prepare_engine_args(): Using pool settings. pool_size=5, max_overflow=10, pool_recycle=1800, pid=21034
[2025-06-27T01:22:47.971+0000] {processor.py:161} INFO - Started process (PID=21034) to work on /home/airflow/.local/lib/python3.10/site-packages/airflow/example_dags/example_local_kubernetes_executor.py
[2025-06-27T01:22:47.972+0000] {processor.py:830} INFO - Processing file /home/airflow/.local/lib/python3.10/site-packages/airflow/example_dags/example_local_kubernetes_executor.py for tasks to queue
[2025-06-27T01:22:47.975+0000] {logging_mixin.py:188} INFO - [2025-06-27T01:22:47.974+0000] {dagbag.py:545} INFO - Filling up the DagBag from /home/airflow/.local/lib/python3.10/site-packages/airflow/example_dags/example_local_kubernetes_executor.py
[2025-06-27T01:22:47.978+0000] {logging_mixin.py:188} INFO - [2025-06-27T01:22:47.977+0000] {dagbag.py:337} DEBUG - Importing /home/airflow/.local/lib/python3.10/site-packages/airflow/example_dags/example_local_kubernetes_executor.py
[2025-06-27T01:22:47.999+0000] {logging_mixin.py:188} INFO - [2025-06-27T01:22:47.997+0000] {dagbag.py:511} DEBUG - Loaded DAG <DAG: example_local_kubernetes_executor>
[2025-06-27T01:22:48.000+0000] {processor.py:840} INFO - DAG(s) 'example_local_kubernetes_executor' retrieved from /home/airflow/.local/lib/python3.10/site-packages/airflow/example_dags/example_local_kubernetes_executor.py
[2025-06-27T01:22:48.003+0000] {logging_mixin.py:188} INFO - [2025-06-27T01:22:48.003+0000] {dagbag.py:667} DEBUG - Running dagbag.sync_to_db with retries. Try 1 of 3
[2025-06-27T01:22:48.004+0000] {logging_mixin.py:188} INFO - [2025-06-27T01:22:48.004+0000] {dagbag.py:672} DEBUG - Calling the DAG.bulk_sync_to_db method
[2025-06-27T01:22:48.033+0000] {logging_mixin.py:188} INFO - [2025-06-27T01:22:48.032+0000] {serialized_dag.py:166} DEBUG - Checking if DAG (example_local_kubernetes_executor) changed
[2025-06-27T01:22:48.095+0000] {logging_mixin.py:188} INFO - [2025-06-27T01:22:48.095+0000] {serialized_dag.py:177} DEBUG - Serialized DAG (example_local_kubernetes_executor) is unchanged. Skipping writing to DB
[2025-06-27T01:22:48.096+0000] {logging_mixin.py:188} INFO - [2025-06-27T01:22:48.096+0000] {dag.py:3096} INFO - Sync 1 DAGs
[2025-06-27T01:22:48.119+0000] {logging_mixin.py:188} INFO - [2025-06-27T01:22:48.119+0000] {dag.py:3954} INFO - Setting next_dagrun for example_local_kubernetes_executor to None, run_after=None
[2025-06-27T01:22:48.153+0000] {processor.py:183} INFO - Processing /home/airflow/.local/lib/python3.10/site-packages/airflow/example_dags/example_local_kubernetes_executor.py took 0.201 seconds
[2025-06-27T01:23:18.406+0000] {logging_mixin.py:188} INFO - [2025-06-27T01:23:18.404+0000] {settings.py:250} DEBUG - Setting up DB connection pool (PID 21099)
[2025-06-27T01:23:18.408+0000] {logging_mixin.py:188} INFO - [2025-06-27T01:23:18.408+0000] {settings.py:330} DEBUG - settings.prepare_engine_args(): Using pool settings. pool_size=5, max_overflow=10, pool_recycle=1800, pid=21099
[2025-06-27T01:23:18.427+0000] {processor.py:161} INFO - Started process (PID=21099) to work on /home/airflow/.local/lib/python3.10/site-packages/airflow/example_dags/example_local_kubernetes_executor.py
[2025-06-27T01:23:18.429+0000] {processor.py:830} INFO - Processing file /home/airflow/.local/lib/python3.10/site-packages/airflow/example_dags/example_local_kubernetes_executor.py for tasks to queue
[2025-06-27T01:23:18.432+0000] {logging_mixin.py:188} INFO - [2025-06-27T01:23:18.431+0000] {dagbag.py:545} INFO - Filling up the DagBag from /home/airflow/.local/lib/python3.10/site-packages/airflow/example_dags/example_local_kubernetes_executor.py
[2025-06-27T01:23:18.435+0000] {logging_mixin.py:188} INFO - [2025-06-27T01:23:18.434+0000] {dagbag.py:337} DEBUG - Importing /home/airflow/.local/lib/python3.10/site-packages/airflow/example_dags/example_local_kubernetes_executor.py
[2025-06-27T01:23:18.458+0000] {logging_mixin.py:188} INFO - [2025-06-27T01:23:18.455+0000] {dagbag.py:511} DEBUG - Loaded DAG <DAG: example_local_kubernetes_executor>
[2025-06-27T01:23:18.458+0000] {processor.py:840} INFO - DAG(s) 'example_local_kubernetes_executor' retrieved from /home/airflow/.local/lib/python3.10/site-packages/airflow/example_dags/example_local_kubernetes_executor.py
[2025-06-27T01:23:18.461+0000] {logging_mixin.py:188} INFO - [2025-06-27T01:23:18.461+0000] {dagbag.py:667} DEBUG - Running dagbag.sync_to_db with retries. Try 1 of 3
[2025-06-27T01:23:18.462+0000] {logging_mixin.py:188} INFO - [2025-06-27T01:23:18.461+0000] {dagbag.py:672} DEBUG - Calling the DAG.bulk_sync_to_db method
[2025-06-27T01:23:18.487+0000] {logging_mixin.py:188} INFO - [2025-06-27T01:23:18.486+0000] {serialized_dag.py:166} DEBUG - Checking if DAG (example_local_kubernetes_executor) changed
[2025-06-27T01:23:18.526+0000] {logging_mixin.py:188} INFO - [2025-06-27T01:23:18.525+0000] {serialized_dag.py:177} DEBUG - Serialized DAG (example_local_kubernetes_executor) is unchanged. Skipping writing to DB
[2025-06-27T01:23:18.527+0000] {logging_mixin.py:188} INFO - [2025-06-27T01:23:18.527+0000] {dag.py:3096} INFO - Sync 1 DAGs
[2025-06-27T01:23:18.547+0000] {logging_mixin.py:188} INFO - [2025-06-27T01:23:18.547+0000] {dag.py:3954} INFO - Setting next_dagrun for example_local_kubernetes_executor to None, run_after=None
[2025-06-27T01:23:18.584+0000] {processor.py:183} INFO - Processing /home/airflow/.local/lib/python3.10/site-packages/airflow/example_dags/example_local_kubernetes_executor.py took 0.179 seconds
[2025-06-27T01:23:48.828+0000] {logging_mixin.py:188} INFO - [2025-06-27T01:23:48.826+0000] {settings.py:250} DEBUG - Setting up DB connection pool (PID 21162)
[2025-06-27T01:23:48.829+0000] {logging_mixin.py:188} INFO - [2025-06-27T01:23:48.829+0000] {settings.py:330} DEBUG - settings.prepare_engine_args(): Using pool settings. pool_size=5, max_overflow=10, pool_recycle=1800, pid=21162
[2025-06-27T01:23:48.840+0000] {processor.py:161} INFO - Started process (PID=21162) to work on /home/airflow/.local/lib/python3.10/site-packages/airflow/example_dags/example_local_kubernetes_executor.py
[2025-06-27T01:23:48.841+0000] {processor.py:830} INFO - Processing file /home/airflow/.local/lib/python3.10/site-packages/airflow/example_dags/example_local_kubernetes_executor.py for tasks to queue
[2025-06-27T01:23:48.842+0000] {logging_mixin.py:188} INFO - [2025-06-27T01:23:48.842+0000] {dagbag.py:545} INFO - Filling up the DagBag from /home/airflow/.local/lib/python3.10/site-packages/airflow/example_dags/example_local_kubernetes_executor.py
[2025-06-27T01:23:48.845+0000] {logging_mixin.py:188} INFO - [2025-06-27T01:23:48.845+0000] {dagbag.py:337} DEBUG - Importing /home/airflow/.local/lib/python3.10/site-packages/airflow/example_dags/example_local_kubernetes_executor.py
[2025-06-27T01:23:48.859+0000] {logging_mixin.py:188} INFO - [2025-06-27T01:23:48.857+0000] {dagbag.py:511} DEBUG - Loaded DAG <DAG: example_local_kubernetes_executor>
[2025-06-27T01:23:48.860+0000] {processor.py:840} INFO - DAG(s) 'example_local_kubernetes_executor' retrieved from /home/airflow/.local/lib/python3.10/site-packages/airflow/example_dags/example_local_kubernetes_executor.py
[2025-06-27T01:23:48.864+0000] {logging_mixin.py:188} INFO - [2025-06-27T01:23:48.864+0000] {dagbag.py:667} DEBUG - Running dagbag.sync_to_db with retries. Try 1 of 3
[2025-06-27T01:23:48.865+0000] {logging_mixin.py:188} INFO - [2025-06-27T01:23:48.865+0000] {dagbag.py:672} DEBUG - Calling the DAG.bulk_sync_to_db method
[2025-06-27T01:23:48.885+0000] {logging_mixin.py:188} INFO - [2025-06-27T01:23:48.885+0000] {serialized_dag.py:166} DEBUG - Checking if DAG (example_local_kubernetes_executor) changed
[2025-06-27T01:23:48.926+0000] {logging_mixin.py:188} INFO - [2025-06-27T01:23:48.925+0000] {serialized_dag.py:177} DEBUG - Serialized DAG (example_local_kubernetes_executor) is unchanged. Skipping writing to DB
[2025-06-27T01:23:48.927+0000] {logging_mixin.py:188} INFO - [2025-06-27T01:23:48.926+0000] {dag.py:3096} INFO - Sync 1 DAGs
[2025-06-27T01:23:48.947+0000] {logging_mixin.py:188} INFO - [2025-06-27T01:23:48.947+0000] {dag.py:3954} INFO - Setting next_dagrun for example_local_kubernetes_executor to None, run_after=None
[2025-06-27T01:23:48.976+0000] {processor.py:183} INFO - Processing /home/airflow/.local/lib/python3.10/site-packages/airflow/example_dags/example_local_kubernetes_executor.py took 0.151 seconds
[2025-06-27T01:24:19.785+0000] {logging_mixin.py:188} INFO - [2025-06-27T01:24:19.783+0000] {settings.py:250} DEBUG - Setting up DB connection pool (PID 21225)
[2025-06-27T01:24:19.788+0000] {logging_mixin.py:188} INFO - [2025-06-27T01:24:19.788+0000] {settings.py:330} DEBUG - settings.prepare_engine_args(): Using pool settings. pool_size=5, max_overflow=10, pool_recycle=1800, pid=21225
[2025-06-27T01:24:19.799+0000] {processor.py:161} INFO - Started process (PID=21225) to work on /home/airflow/.local/lib/python3.10/site-packages/airflow/example_dags/example_local_kubernetes_executor.py
[2025-06-27T01:24:19.801+0000] {processor.py:830} INFO - Processing file /home/airflow/.local/lib/python3.10/site-packages/airflow/example_dags/example_local_kubernetes_executor.py for tasks to queue
[2025-06-27T01:24:19.802+0000] {logging_mixin.py:188} INFO - [2025-06-27T01:24:19.802+0000] {dagbag.py:545} INFO - Filling up the DagBag from /home/airflow/.local/lib/python3.10/site-packages/airflow/example_dags/example_local_kubernetes_executor.py
[2025-06-27T01:24:19.805+0000] {logging_mixin.py:188} INFO - [2025-06-27T01:24:19.805+0000] {dagbag.py:337} DEBUG - Importing /home/airflow/.local/lib/python3.10/site-packages/airflow/example_dags/example_local_kubernetes_executor.py
[2025-06-27T01:24:19.823+0000] {logging_mixin.py:188} INFO - [2025-06-27T01:24:19.821+0000] {dagbag.py:511} DEBUG - Loaded DAG <DAG: example_local_kubernetes_executor>
[2025-06-27T01:24:19.824+0000] {processor.py:840} INFO - DAG(s) 'example_local_kubernetes_executor' retrieved from /home/airflow/.local/lib/python3.10/site-packages/airflow/example_dags/example_local_kubernetes_executor.py
[2025-06-27T01:24:19.827+0000] {logging_mixin.py:188} INFO - [2025-06-27T01:24:19.827+0000] {dagbag.py:667} DEBUG - Running dagbag.sync_to_db with retries. Try 1 of 3
[2025-06-27T01:24:19.828+0000] {logging_mixin.py:188} INFO - [2025-06-27T01:24:19.828+0000] {dagbag.py:672} DEBUG - Calling the DAG.bulk_sync_to_db method
[2025-06-27T01:24:19.853+0000] {logging_mixin.py:188} INFO - [2025-06-27T01:24:19.852+0000] {serialized_dag.py:166} DEBUG - Checking if DAG (example_local_kubernetes_executor) changed
[2025-06-27T01:24:19.897+0000] {logging_mixin.py:188} INFO - [2025-06-27T01:24:19.896+0000] {serialized_dag.py:177} DEBUG - Serialized DAG (example_local_kubernetes_executor) is unchanged. Skipping writing to DB
[2025-06-27T01:24:19.898+0000] {logging_mixin.py:188} INFO - [2025-06-27T01:24:19.898+0000] {dag.py:3096} INFO - Sync 1 DAGs
[2025-06-27T01:24:19.918+0000] {logging_mixin.py:188} INFO - [2025-06-27T01:24:19.917+0000] {dag.py:3954} INFO - Setting next_dagrun for example_local_kubernetes_executor to None, run_after=None
[2025-06-27T01:24:19.960+0000] {processor.py:183} INFO - Processing /home/airflow/.local/lib/python3.10/site-packages/airflow/example_dags/example_local_kubernetes_executor.py took 0.176 seconds
[2025-06-27T01:24:50.731+0000] {logging_mixin.py:188} INFO - [2025-06-27T01:24:50.730+0000] {settings.py:250} DEBUG - Setting up DB connection pool (PID 21288)
[2025-06-27T01:24:50.734+0000] {logging_mixin.py:188} INFO - [2025-06-27T01:24:50.733+0000] {settings.py:330} DEBUG - settings.prepare_engine_args(): Using pool settings. pool_size=5, max_overflow=10, pool_recycle=1800, pid=21288
[2025-06-27T01:24:50.749+0000] {processor.py:161} INFO - Started process (PID=21288) to work on /home/airflow/.local/lib/python3.10/site-packages/airflow/example_dags/example_local_kubernetes_executor.py
[2025-06-27T01:24:50.750+0000] {processor.py:830} INFO - Processing file /home/airflow/.local/lib/python3.10/site-packages/airflow/example_dags/example_local_kubernetes_executor.py for tasks to queue
[2025-06-27T01:24:50.752+0000] {logging_mixin.py:188} INFO - [2025-06-27T01:24:50.751+0000] {dagbag.py:545} INFO - Filling up the DagBag from /home/airflow/.local/lib/python3.10/site-packages/airflow/example_dags/example_local_kubernetes_executor.py
[2025-06-27T01:24:50.755+0000] {logging_mixin.py:188} INFO - [2025-06-27T01:24:50.755+0000] {dagbag.py:337} DEBUG - Importing /home/airflow/.local/lib/python3.10/site-packages/airflow/example_dags/example_local_kubernetes_executor.py
[2025-06-27T01:24:50.774+0000] {logging_mixin.py:188} INFO - [2025-06-27T01:24:50.772+0000] {dagbag.py:511} DEBUG - Loaded DAG <DAG: example_local_kubernetes_executor>
[2025-06-27T01:24:50.774+0000] {processor.py:840} INFO - DAG(s) 'example_local_kubernetes_executor' retrieved from /home/airflow/.local/lib/python3.10/site-packages/airflow/example_dags/example_local_kubernetes_executor.py
[2025-06-27T01:24:50.777+0000] {logging_mixin.py:188} INFO - [2025-06-27T01:24:50.777+0000] {dagbag.py:667} DEBUG - Running dagbag.sync_to_db with retries. Try 1 of 3
[2025-06-27T01:24:50.778+0000] {logging_mixin.py:188} INFO - [2025-06-27T01:24:50.777+0000] {dagbag.py:672} DEBUG - Calling the DAG.bulk_sync_to_db method
[2025-06-27T01:24:50.804+0000] {logging_mixin.py:188} INFO - [2025-06-27T01:24:50.804+0000] {serialized_dag.py:166} DEBUG - Checking if DAG (example_local_kubernetes_executor) changed
[2025-06-27T01:24:50.845+0000] {logging_mixin.py:188} INFO - [2025-06-27T01:24:50.844+0000] {serialized_dag.py:177} DEBUG - Serialized DAG (example_local_kubernetes_executor) is unchanged. Skipping writing to DB
[2025-06-27T01:24:50.846+0000] {logging_mixin.py:188} INFO - [2025-06-27T01:24:50.845+0000] {dag.py:3096} INFO - Sync 1 DAGs
[2025-06-27T01:24:50.862+0000] {logging_mixin.py:188} INFO - [2025-06-27T01:24:50.861+0000] {dag.py:3954} INFO - Setting next_dagrun for example_local_kubernetes_executor to None, run_after=None
[2025-06-27T01:24:50.890+0000] {processor.py:183} INFO - Processing /home/airflow/.local/lib/python3.10/site-packages/airflow/example_dags/example_local_kubernetes_executor.py took 0.160 seconds
[2025-06-27T01:25:21.309+0000] {logging_mixin.py:188} INFO - [2025-06-27T01:25:21.308+0000] {settings.py:250} DEBUG - Setting up DB connection pool (PID 21351)
[2025-06-27T01:25:21.311+0000] {logging_mixin.py:188} INFO - [2025-06-27T01:25:21.310+0000] {settings.py:330} DEBUG - settings.prepare_engine_args(): Using pool settings. pool_size=5, max_overflow=10, pool_recycle=1800, pid=21351
[2025-06-27T01:25:21.322+0000] {processor.py:161} INFO - Started process (PID=21351) to work on /home/airflow/.local/lib/python3.10/site-packages/airflow/example_dags/example_local_kubernetes_executor.py
[2025-06-27T01:25:21.323+0000] {processor.py:830} INFO - Processing file /home/airflow/.local/lib/python3.10/site-packages/airflow/example_dags/example_local_kubernetes_executor.py for tasks to queue
[2025-06-27T01:25:21.325+0000] {logging_mixin.py:188} INFO - [2025-06-27T01:25:21.324+0000] {dagbag.py:545} INFO - Filling up the DagBag from /home/airflow/.local/lib/python3.10/site-packages/airflow/example_dags/example_local_kubernetes_executor.py
[2025-06-27T01:25:21.328+0000] {logging_mixin.py:188} INFO - [2025-06-27T01:25:21.327+0000] {dagbag.py:337} DEBUG - Importing /home/airflow/.local/lib/python3.10/site-packages/airflow/example_dags/example_local_kubernetes_executor.py
[2025-06-27T01:25:21.343+0000] {logging_mixin.py:188} INFO - [2025-06-27T01:25:21.341+0000] {dagbag.py:511} DEBUG - Loaded DAG <DAG: example_local_kubernetes_executor>
[2025-06-27T01:25:21.344+0000] {processor.py:840} INFO - DAG(s) 'example_local_kubernetes_executor' retrieved from /home/airflow/.local/lib/python3.10/site-packages/airflow/example_dags/example_local_kubernetes_executor.py
[2025-06-27T01:25:21.347+0000] {logging_mixin.py:188} INFO - [2025-06-27T01:25:21.347+0000] {dagbag.py:667} DEBUG - Running dagbag.sync_to_db with retries. Try 1 of 3
[2025-06-27T01:25:21.348+0000] {logging_mixin.py:188} INFO - [2025-06-27T01:25:21.348+0000] {dagbag.py:672} DEBUG - Calling the DAG.bulk_sync_to_db method
[2025-06-27T01:25:21.373+0000] {logging_mixin.py:188} INFO - [2025-06-27T01:25:21.373+0000] {serialized_dag.py:166} DEBUG - Checking if DAG (example_local_kubernetes_executor) changed
[2025-06-27T01:25:21.422+0000] {logging_mixin.py:188} INFO - [2025-06-27T01:25:21.421+0000] {serialized_dag.py:177} DEBUG - Serialized DAG (example_local_kubernetes_executor) is unchanged. Skipping writing to DB
[2025-06-27T01:25:21.423+0000] {logging_mixin.py:188} INFO - [2025-06-27T01:25:21.423+0000] {dag.py:3096} INFO - Sync 1 DAGs
[2025-06-27T01:25:21.445+0000] {logging_mixin.py:188} INFO - [2025-06-27T01:25:21.445+0000] {dag.py:3954} INFO - Setting next_dagrun for example_local_kubernetes_executor to None, run_after=None
[2025-06-27T01:25:21.477+0000] {processor.py:183} INFO - Processing /home/airflow/.local/lib/python3.10/site-packages/airflow/example_dags/example_local_kubernetes_executor.py took 0.169 seconds
[2025-06-27T01:25:52.292+0000] {logging_mixin.py:188} INFO - [2025-06-27T01:25:52.290+0000] {settings.py:250} DEBUG - Setting up DB connection pool (PID 21414)
[2025-06-27T01:25:52.295+0000] {logging_mixin.py:188} INFO - [2025-06-27T01:25:52.295+0000] {settings.py:330} DEBUG - settings.prepare_engine_args(): Using pool settings. pool_size=5, max_overflow=10, pool_recycle=1800, pid=21414
[2025-06-27T01:25:52.312+0000] {processor.py:161} INFO - Started process (PID=21414) to work on /home/airflow/.local/lib/python3.10/site-packages/airflow/example_dags/example_local_kubernetes_executor.py
[2025-06-27T01:25:52.313+0000] {processor.py:830} INFO - Processing file /home/airflow/.local/lib/python3.10/site-packages/airflow/example_dags/example_local_kubernetes_executor.py for tasks to queue
[2025-06-27T01:25:52.315+0000] {logging_mixin.py:188} INFO - [2025-06-27T01:25:52.314+0000] {dagbag.py:545} INFO - Filling up the DagBag from /home/airflow/.local/lib/python3.10/site-packages/airflow/example_dags/example_local_kubernetes_executor.py
[2025-06-27T01:25:52.318+0000] {logging_mixin.py:188} INFO - [2025-06-27T01:25:52.318+0000] {dagbag.py:337} DEBUG - Importing /home/airflow/.local/lib/python3.10/site-packages/airflow/example_dags/example_local_kubernetes_executor.py
[2025-06-27T01:25:52.340+0000] {logging_mixin.py:188} INFO - [2025-06-27T01:25:52.337+0000] {dagbag.py:511} DEBUG - Loaded DAG <DAG: example_local_kubernetes_executor>
[2025-06-27T01:25:52.341+0000] {processor.py:840} INFO - DAG(s) 'example_local_kubernetes_executor' retrieved from /home/airflow/.local/lib/python3.10/site-packages/airflow/example_dags/example_local_kubernetes_executor.py
[2025-06-27T01:25:52.345+0000] {logging_mixin.py:188} INFO - [2025-06-27T01:25:52.344+0000] {dagbag.py:667} DEBUG - Running dagbag.sync_to_db with retries. Try 1 of 3
[2025-06-27T01:25:52.345+0000] {logging_mixin.py:188} INFO - [2025-06-27T01:25:52.345+0000] {dagbag.py:672} DEBUG - Calling the DAG.bulk_sync_to_db method
[2025-06-27T01:25:52.375+0000] {logging_mixin.py:188} INFO - [2025-06-27T01:25:52.375+0000] {serialized_dag.py:166} DEBUG - Checking if DAG (example_local_kubernetes_executor) changed
[2025-06-27T01:25:52.431+0000] {logging_mixin.py:188} INFO - [2025-06-27T01:25:52.430+0000] {serialized_dag.py:177} DEBUG - Serialized DAG (example_local_kubernetes_executor) is unchanged. Skipping writing to DB
[2025-06-27T01:25:52.432+0000] {logging_mixin.py:188} INFO - [2025-06-27T01:25:52.432+0000] {dag.py:3096} INFO - Sync 1 DAGs
[2025-06-27T01:25:52.460+0000] {logging_mixin.py:188} INFO - [2025-06-27T01:25:52.459+0000] {dag.py:3954} INFO - Setting next_dagrun for example_local_kubernetes_executor to None, run_after=None
[2025-06-27T01:25:52.503+0000] {processor.py:183} INFO - Processing /home/airflow/.local/lib/python3.10/site-packages/airflow/example_dags/example_local_kubernetes_executor.py took 0.213 seconds
[2025-06-27T01:26:22.712+0000] {logging_mixin.py:188} INFO - [2025-06-27T01:26:22.711+0000] {settings.py:250} DEBUG - Setting up DB connection pool (PID 21477)
[2025-06-27T01:26:22.715+0000] {logging_mixin.py:188} INFO - [2025-06-27T01:26:22.714+0000] {settings.py:330} DEBUG - settings.prepare_engine_args(): Using pool settings. pool_size=5, max_overflow=10, pool_recycle=1800, pid=21477
[2025-06-27T01:26:22.729+0000] {processor.py:161} INFO - Started process (PID=21477) to work on /home/airflow/.local/lib/python3.10/site-packages/airflow/example_dags/example_local_kubernetes_executor.py
[2025-06-27T01:26:22.731+0000] {processor.py:830} INFO - Processing file /home/airflow/.local/lib/python3.10/site-packages/airflow/example_dags/example_local_kubernetes_executor.py for tasks to queue
[2025-06-27T01:26:22.733+0000] {logging_mixin.py:188} INFO - [2025-06-27T01:26:22.732+0000] {dagbag.py:545} INFO - Filling up the DagBag from /home/airflow/.local/lib/python3.10/site-packages/airflow/example_dags/example_local_kubernetes_executor.py
[2025-06-27T01:26:22.736+0000] {logging_mixin.py:188} INFO - [2025-06-27T01:26:22.736+0000] {dagbag.py:337} DEBUG - Importing /home/airflow/.local/lib/python3.10/site-packages/airflow/example_dags/example_local_kubernetes_executor.py
[2025-06-27T01:26:22.754+0000] {logging_mixin.py:188} INFO - [2025-06-27T01:26:22.751+0000] {dagbag.py:511} DEBUG - Loaded DAG <DAG: example_local_kubernetes_executor>
[2025-06-27T01:26:22.755+0000] {processor.py:840} INFO - DAG(s) 'example_local_kubernetes_executor' retrieved from /home/airflow/.local/lib/python3.10/site-packages/airflow/example_dags/example_local_kubernetes_executor.py
[2025-06-27T01:26:22.758+0000] {logging_mixin.py:188} INFO - [2025-06-27T01:26:22.758+0000] {dagbag.py:667} DEBUG - Running dagbag.sync_to_db with retries. Try 1 of 3
[2025-06-27T01:26:22.759+0000] {logging_mixin.py:188} INFO - [2025-06-27T01:26:22.759+0000] {dagbag.py:672} DEBUG - Calling the DAG.bulk_sync_to_db method
[2025-06-27T01:26:22.786+0000] {logging_mixin.py:188} INFO - [2025-06-27T01:26:22.786+0000] {serialized_dag.py:166} DEBUG - Checking if DAG (example_local_kubernetes_executor) changed
[2025-06-27T01:26:22.840+0000] {logging_mixin.py:188} INFO - [2025-06-27T01:26:22.839+0000] {serialized_dag.py:177} DEBUG - Serialized DAG (example_local_kubernetes_executor) is unchanged. Skipping writing to DB
[2025-06-27T01:26:22.841+0000] {logging_mixin.py:188} INFO - [2025-06-27T01:26:22.841+0000] {dag.py:3096} INFO - Sync 1 DAGs
[2025-06-27T01:26:22.865+0000] {logging_mixin.py:188} INFO - [2025-06-27T01:26:22.864+0000] {dag.py:3954} INFO - Setting next_dagrun for example_local_kubernetes_executor to None, run_after=None
[2025-06-27T01:26:22.904+0000] {processor.py:183} INFO - Processing /home/airflow/.local/lib/python3.10/site-packages/airflow/example_dags/example_local_kubernetes_executor.py took 0.194 seconds
[2025-06-27T01:26:54.120+0000] {logging_mixin.py:188} INFO - [2025-06-27T01:26:54.119+0000] {settings.py:250} DEBUG - Setting up DB connection pool (PID 21540)
[2025-06-27T01:26:54.122+0000] {logging_mixin.py:188} INFO - [2025-06-27T01:26:54.122+0000] {settings.py:330} DEBUG - settings.prepare_engine_args(): Using pool settings. pool_size=5, max_overflow=10, pool_recycle=1800, pid=21540
[2025-06-27T01:26:54.133+0000] {processor.py:161} INFO - Started process (PID=21540) to work on /home/airflow/.local/lib/python3.10/site-packages/airflow/example_dags/example_local_kubernetes_executor.py
[2025-06-27T01:26:54.134+0000] {processor.py:830} INFO - Processing file /home/airflow/.local/lib/python3.10/site-packages/airflow/example_dags/example_local_kubernetes_executor.py for tasks to queue
[2025-06-27T01:26:54.135+0000] {logging_mixin.py:188} INFO - [2025-06-27T01:26:54.135+0000] {dagbag.py:545} INFO - Filling up the DagBag from /home/airflow/.local/lib/python3.10/site-packages/airflow/example_dags/example_local_kubernetes_executor.py
[2025-06-27T01:26:54.138+0000] {logging_mixin.py:188} INFO - [2025-06-27T01:26:54.137+0000] {dagbag.py:337} DEBUG - Importing /home/airflow/.local/lib/python3.10/site-packages/airflow/example_dags/example_local_kubernetes_executor.py
[2025-06-27T01:26:54.153+0000] {logging_mixin.py:188} INFO - [2025-06-27T01:26:54.151+0000] {dagbag.py:511} DEBUG - Loaded DAG <DAG: example_local_kubernetes_executor>
[2025-06-27T01:26:54.154+0000] {processor.py:840} INFO - DAG(s) 'example_local_kubernetes_executor' retrieved from /home/airflow/.local/lib/python3.10/site-packages/airflow/example_dags/example_local_kubernetes_executor.py
[2025-06-27T01:26:54.156+0000] {logging_mixin.py:188} INFO - [2025-06-27T01:26:54.156+0000] {dagbag.py:667} DEBUG - Running dagbag.sync_to_db with retries. Try 1 of 3
[2025-06-27T01:26:54.157+0000] {logging_mixin.py:188} INFO - [2025-06-27T01:26:54.157+0000] {dagbag.py:672} DEBUG - Calling the DAG.bulk_sync_to_db method
[2025-06-27T01:26:54.177+0000] {logging_mixin.py:188} INFO - [2025-06-27T01:26:54.176+0000] {serialized_dag.py:166} DEBUG - Checking if DAG (example_local_kubernetes_executor) changed
[2025-06-27T01:26:54.240+0000] {logging_mixin.py:188} INFO - [2025-06-27T01:26:54.240+0000] {serialized_dag.py:177} DEBUG - Serialized DAG (example_local_kubernetes_executor) is unchanged. Skipping writing to DB
[2025-06-27T01:26:54.242+0000] {logging_mixin.py:188} INFO - [2025-06-27T01:26:54.241+0000] {dag.py:3096} INFO - Sync 1 DAGs
[2025-06-27T01:26:54.268+0000] {logging_mixin.py:188} INFO - [2025-06-27T01:26:54.268+0000] {dag.py:3954} INFO - Setting next_dagrun for example_local_kubernetes_executor to None, run_after=None
[2025-06-27T01:26:54.308+0000] {processor.py:183} INFO - Processing /home/airflow/.local/lib/python3.10/site-packages/airflow/example_dags/example_local_kubernetes_executor.py took 0.189 seconds
[2025-06-27T01:27:24.715+0000] {logging_mixin.py:188} INFO - [2025-06-27T01:27:24.714+0000] {settings.py:250} DEBUG - Setting up DB connection pool (PID 21601)
[2025-06-27T01:27:24.718+0000] {logging_mixin.py:188} INFO - [2025-06-27T01:27:24.717+0000] {settings.py:330} DEBUG - settings.prepare_engine_args(): Using pool settings. pool_size=5, max_overflow=10, pool_recycle=1800, pid=21601
[2025-06-27T01:27:24.730+0000] {processor.py:161} INFO - Started process (PID=21601) to work on /home/airflow/.local/lib/python3.10/site-packages/airflow/example_dags/example_local_kubernetes_executor.py
[2025-06-27T01:27:24.732+0000] {processor.py:830} INFO - Processing file /home/airflow/.local/lib/python3.10/site-packages/airflow/example_dags/example_local_kubernetes_executor.py for tasks to queue
[2025-06-27T01:27:24.733+0000] {logging_mixin.py:188} INFO - [2025-06-27T01:27:24.733+0000] {dagbag.py:545} INFO - Filling up the DagBag from /home/airflow/.local/lib/python3.10/site-packages/airflow/example_dags/example_local_kubernetes_executor.py
[2025-06-27T01:27:24.736+0000] {logging_mixin.py:188} INFO - [2025-06-27T01:27:24.736+0000] {dagbag.py:337} DEBUG - Importing /home/airflow/.local/lib/python3.10/site-packages/airflow/example_dags/example_local_kubernetes_executor.py
[2025-06-27T01:27:24.751+0000] {logging_mixin.py:188} INFO - [2025-06-27T01:27:24.749+0000] {dagbag.py:511} DEBUG - Loaded DAG <DAG: example_local_kubernetes_executor>
[2025-06-27T01:27:24.752+0000] {processor.py:840} INFO - DAG(s) 'example_local_kubernetes_executor' retrieved from /home/airflow/.local/lib/python3.10/site-packages/airflow/example_dags/example_local_kubernetes_executor.py
[2025-06-27T01:27:24.755+0000] {logging_mixin.py:188} INFO - [2025-06-27T01:27:24.755+0000] {dagbag.py:667} DEBUG - Running dagbag.sync_to_db with retries. Try 1 of 3
[2025-06-27T01:27:24.756+0000] {logging_mixin.py:188} INFO - [2025-06-27T01:27:24.756+0000] {dagbag.py:672} DEBUG - Calling the DAG.bulk_sync_to_db method
[2025-06-27T01:27:24.790+0000] {logging_mixin.py:188} INFO - [2025-06-27T01:27:24.790+0000] {serialized_dag.py:166} DEBUG - Checking if DAG (example_local_kubernetes_executor) changed
[2025-06-27T01:27:24.862+0000] {logging_mixin.py:188} INFO - [2025-06-27T01:27:24.862+0000] {serialized_dag.py:177} DEBUG - Serialized DAG (example_local_kubernetes_executor) is unchanged. Skipping writing to DB
[2025-06-27T01:27:24.864+0000] {logging_mixin.py:188} INFO - [2025-06-27T01:27:24.864+0000] {dag.py:3096} INFO - Sync 1 DAGs
[2025-06-27T01:27:24.894+0000] {logging_mixin.py:188} INFO - [2025-06-27T01:27:24.893+0000] {dag.py:3954} INFO - Setting next_dagrun for example_local_kubernetes_executor to None, run_after=None
[2025-06-27T01:27:24.937+0000] {processor.py:183} INFO - Processing /home/airflow/.local/lib/python3.10/site-packages/airflow/example_dags/example_local_kubernetes_executor.py took 0.224 seconds
[2025-06-27T01:27:55.624+0000] {logging_mixin.py:188} INFO - [2025-06-27T01:27:55.622+0000] {settings.py:250} DEBUG - Setting up DB connection pool (PID 21665)
[2025-06-27T01:27:55.627+0000] {logging_mixin.py:188} INFO - [2025-06-27T01:27:55.627+0000] {settings.py:330} DEBUG - settings.prepare_engine_args(): Using pool settings. pool_size=5, max_overflow=10, pool_recycle=1800, pid=21665
[2025-06-27T01:27:55.638+0000] {processor.py:161} INFO - Started process (PID=21665) to work on /home/airflow/.local/lib/python3.10/site-packages/airflow/example_dags/example_local_kubernetes_executor.py
[2025-06-27T01:27:55.639+0000] {processor.py:830} INFO - Processing file /home/airflow/.local/lib/python3.10/site-packages/airflow/example_dags/example_local_kubernetes_executor.py for tasks to queue
[2025-06-27T01:27:55.641+0000] {logging_mixin.py:188} INFO - [2025-06-27T01:27:55.640+0000] {dagbag.py:545} INFO - Filling up the DagBag from /home/airflow/.local/lib/python3.10/site-packages/airflow/example_dags/example_local_kubernetes_executor.py
[2025-06-27T01:27:55.644+0000] {logging_mixin.py:188} INFO - [2025-06-27T01:27:55.644+0000] {dagbag.py:337} DEBUG - Importing /home/airflow/.local/lib/python3.10/site-packages/airflow/example_dags/example_local_kubernetes_executor.py
[2025-06-27T01:27:55.667+0000] {logging_mixin.py:188} INFO - [2025-06-27T01:27:55.664+0000] {dagbag.py:511} DEBUG - Loaded DAG <DAG: example_local_kubernetes_executor>
[2025-06-27T01:27:55.669+0000] {processor.py:840} INFO - DAG(s) 'example_local_kubernetes_executor' retrieved from /home/airflow/.local/lib/python3.10/site-packages/airflow/example_dags/example_local_kubernetes_executor.py
[2025-06-27T01:27:55.672+0000] {logging_mixin.py:188} INFO - [2025-06-27T01:27:55.672+0000] {dagbag.py:667} DEBUG - Running dagbag.sync_to_db with retries. Try 1 of 3
[2025-06-27T01:27:55.673+0000] {logging_mixin.py:188} INFO - [2025-06-27T01:27:55.673+0000] {dagbag.py:672} DEBUG - Calling the DAG.bulk_sync_to_db method
[2025-06-27T01:27:55.705+0000] {logging_mixin.py:188} INFO - [2025-06-27T01:27:55.704+0000] {serialized_dag.py:166} DEBUG - Checking if DAG (example_local_kubernetes_executor) changed
[2025-06-27T01:27:55.750+0000] {logging_mixin.py:188} INFO - [2025-06-27T01:27:55.749+0000] {serialized_dag.py:177} DEBUG - Serialized DAG (example_local_kubernetes_executor) is unchanged. Skipping writing to DB
[2025-06-27T01:27:55.751+0000] {logging_mixin.py:188} INFO - [2025-06-27T01:27:55.750+0000] {dag.py:3096} INFO - Sync 1 DAGs
[2025-06-27T01:27:55.779+0000] {logging_mixin.py:188} INFO - [2025-06-27T01:27:55.778+0000] {dag.py:3954} INFO - Setting next_dagrun for example_local_kubernetes_executor to None, run_after=None
[2025-06-27T01:27:55.811+0000] {processor.py:183} INFO - Processing /home/airflow/.local/lib/python3.10/site-packages/airflow/example_dags/example_local_kubernetes_executor.py took 0.189 seconds
[2025-06-27T01:28:25.944+0000] {logging_mixin.py:188} INFO - [2025-06-27T01:28:25.943+0000] {settings.py:250} DEBUG - Setting up DB connection pool (PID 21728)
[2025-06-27T01:28:25.946+0000] {logging_mixin.py:188} INFO - [2025-06-27T01:28:25.946+0000] {settings.py:330} DEBUG - settings.prepare_engine_args(): Using pool settings. pool_size=5, max_overflow=10, pool_recycle=1800, pid=21728
[2025-06-27T01:28:25.958+0000] {processor.py:161} INFO - Started process (PID=21728) to work on /home/airflow/.local/lib/python3.10/site-packages/airflow/example_dags/example_local_kubernetes_executor.py
[2025-06-27T01:28:25.960+0000] {processor.py:830} INFO - Processing file /home/airflow/.local/lib/python3.10/site-packages/airflow/example_dags/example_local_kubernetes_executor.py for tasks to queue
[2025-06-27T01:28:25.963+0000] {logging_mixin.py:188} INFO - [2025-06-27T01:28:25.962+0000] {dagbag.py:545} INFO - Filling up the DagBag from /home/airflow/.local/lib/python3.10/site-packages/airflow/example_dags/example_local_kubernetes_executor.py
[2025-06-27T01:28:25.965+0000] {logging_mixin.py:188} INFO - [2025-06-27T01:28:25.965+0000] {dagbag.py:337} DEBUG - Importing /home/airflow/.local/lib/python3.10/site-packages/airflow/example_dags/example_local_kubernetes_executor.py
[2025-06-27T01:28:25.981+0000] {logging_mixin.py:188} INFO - [2025-06-27T01:28:25.979+0000] {dagbag.py:511} DEBUG - Loaded DAG <DAG: example_local_kubernetes_executor>
[2025-06-27T01:28:25.982+0000] {processor.py:840} INFO - DAG(s) 'example_local_kubernetes_executor' retrieved from /home/airflow/.local/lib/python3.10/site-packages/airflow/example_dags/example_local_kubernetes_executor.py
[2025-06-27T01:28:25.985+0000] {logging_mixin.py:188} INFO - [2025-06-27T01:28:25.984+0000] {dagbag.py:667} DEBUG - Running dagbag.sync_to_db with retries. Try 1 of 3
[2025-06-27T01:28:25.986+0000] {logging_mixin.py:188} INFO - [2025-06-27T01:28:25.986+0000] {dagbag.py:672} DEBUG - Calling the DAG.bulk_sync_to_db method
[2025-06-27T01:28:26.013+0000] {logging_mixin.py:188} INFO - [2025-06-27T01:28:26.012+0000] {serialized_dag.py:166} DEBUG - Checking if DAG (example_local_kubernetes_executor) changed
[2025-06-27T01:28:26.087+0000] {logging_mixin.py:188} INFO - [2025-06-27T01:28:26.086+0000] {serialized_dag.py:177} DEBUG - Serialized DAG (example_local_kubernetes_executor) is unchanged. Skipping writing to DB
[2025-06-27T01:28:26.088+0000] {logging_mixin.py:188} INFO - [2025-06-27T01:28:26.088+0000] {dag.py:3096} INFO - Sync 1 DAGs
[2025-06-27T01:28:26.113+0000] {logging_mixin.py:188} INFO - [2025-06-27T01:28:26.112+0000] {dag.py:3954} INFO - Setting next_dagrun for example_local_kubernetes_executor to None, run_after=None
[2025-06-27T01:28:26.143+0000] {processor.py:183} INFO - Processing /home/airflow/.local/lib/python3.10/site-packages/airflow/example_dags/example_local_kubernetes_executor.py took 0.201 seconds
[2025-06-27T01:28:56.356+0000] {logging_mixin.py:188} INFO - [2025-06-27T01:28:56.354+0000] {settings.py:250} DEBUG - Setting up DB connection pool (PID 21791)
[2025-06-27T01:28:56.359+0000] {logging_mixin.py:188} INFO - [2025-06-27T01:28:56.359+0000] {settings.py:330} DEBUG - settings.prepare_engine_args(): Using pool settings. pool_size=5, max_overflow=10, pool_recycle=1800, pid=21791
[2025-06-27T01:28:56.376+0000] {processor.py:161} INFO - Started process (PID=21791) to work on /home/airflow/.local/lib/python3.10/site-packages/airflow/example_dags/example_local_kubernetes_executor.py
[2025-06-27T01:28:56.377+0000] {processor.py:830} INFO - Processing file /home/airflow/.local/lib/python3.10/site-packages/airflow/example_dags/example_local_kubernetes_executor.py for tasks to queue
[2025-06-27T01:28:56.379+0000] {logging_mixin.py:188} INFO - [2025-06-27T01:28:56.379+0000] {dagbag.py:545} INFO - Filling up the DagBag from /home/airflow/.local/lib/python3.10/site-packages/airflow/example_dags/example_local_kubernetes_executor.py
[2025-06-27T01:28:56.383+0000] {logging_mixin.py:188} INFO - [2025-06-27T01:28:56.383+0000] {dagbag.py:337} DEBUG - Importing /home/airflow/.local/lib/python3.10/site-packages/airflow/example_dags/example_local_kubernetes_executor.py
[2025-06-27T01:28:56.405+0000] {logging_mixin.py:188} INFO - [2025-06-27T01:28:56.403+0000] {dagbag.py:511} DEBUG - Loaded DAG <DAG: example_local_kubernetes_executor>
[2025-06-27T01:28:56.406+0000] {processor.py:840} INFO - DAG(s) 'example_local_kubernetes_executor' retrieved from /home/airflow/.local/lib/python3.10/site-packages/airflow/example_dags/example_local_kubernetes_executor.py
[2025-06-27T01:28:56.409+0000] {logging_mixin.py:188} INFO - [2025-06-27T01:28:56.409+0000] {dagbag.py:667} DEBUG - Running dagbag.sync_to_db with retries. Try 1 of 3
[2025-06-27T01:28:56.410+0000] {logging_mixin.py:188} INFO - [2025-06-27T01:28:56.409+0000] {dagbag.py:672} DEBUG - Calling the DAG.bulk_sync_to_db method
[2025-06-27T01:28:56.444+0000] {logging_mixin.py:188} INFO - [2025-06-27T01:28:56.443+0000] {serialized_dag.py:166} DEBUG - Checking if DAG (example_local_kubernetes_executor) changed
[2025-06-27T01:28:56.512+0000] {logging_mixin.py:188} INFO - [2025-06-27T01:28:56.511+0000] {serialized_dag.py:177} DEBUG - Serialized DAG (example_local_kubernetes_executor) is unchanged. Skipping writing to DB
[2025-06-27T01:28:56.513+0000] {logging_mixin.py:188} INFO - [2025-06-27T01:28:56.512+0000] {dag.py:3096} INFO - Sync 1 DAGs
[2025-06-27T01:28:56.542+0000] {logging_mixin.py:188} INFO - [2025-06-27T01:28:56.541+0000] {dag.py:3954} INFO - Setting next_dagrun for example_local_kubernetes_executor to None, run_after=None
[2025-06-27T01:28:56.578+0000] {processor.py:183} INFO - Processing /home/airflow/.local/lib/python3.10/site-packages/airflow/example_dags/example_local_kubernetes_executor.py took 0.224 seconds
[2025-06-27T01:29:26.777+0000] {logging_mixin.py:188} INFO - [2025-06-27T01:29:26.776+0000] {settings.py:250} DEBUG - Setting up DB connection pool (PID 21854)
[2025-06-27T01:29:26.779+0000] {logging_mixin.py:188} INFO - [2025-06-27T01:29:26.778+0000] {settings.py:330} DEBUG - settings.prepare_engine_args(): Using pool settings. pool_size=5, max_overflow=10, pool_recycle=1800, pid=21854
[2025-06-27T01:29:26.790+0000] {processor.py:161} INFO - Started process (PID=21854) to work on /home/airflow/.local/lib/python3.10/site-packages/airflow/example_dags/example_local_kubernetes_executor.py
[2025-06-27T01:29:26.791+0000] {processor.py:830} INFO - Processing file /home/airflow/.local/lib/python3.10/site-packages/airflow/example_dags/example_local_kubernetes_executor.py for tasks to queue
[2025-06-27T01:29:26.793+0000] {logging_mixin.py:188} INFO - [2025-06-27T01:29:26.792+0000] {dagbag.py:545} INFO - Filling up the DagBag from /home/airflow/.local/lib/python3.10/site-packages/airflow/example_dags/example_local_kubernetes_executor.py
[2025-06-27T01:29:26.796+0000] {logging_mixin.py:188} INFO - [2025-06-27T01:29:26.795+0000] {dagbag.py:337} DEBUG - Importing /home/airflow/.local/lib/python3.10/site-packages/airflow/example_dags/example_local_kubernetes_executor.py
[2025-06-27T01:29:26.811+0000] {logging_mixin.py:188} INFO - [2025-06-27T01:29:26.810+0000] {dagbag.py:511} DEBUG - Loaded DAG <DAG: example_local_kubernetes_executor>
[2025-06-27T01:29:26.812+0000] {processor.py:840} INFO - DAG(s) 'example_local_kubernetes_executor' retrieved from /home/airflow/.local/lib/python3.10/site-packages/airflow/example_dags/example_local_kubernetes_executor.py
[2025-06-27T01:29:26.816+0000] {logging_mixin.py:188} INFO - [2025-06-27T01:29:26.815+0000] {dagbag.py:667} DEBUG - Running dagbag.sync_to_db with retries. Try 1 of 3
[2025-06-27T01:29:26.817+0000] {logging_mixin.py:188} INFO - [2025-06-27T01:29:26.816+0000] {dagbag.py:672} DEBUG - Calling the DAG.bulk_sync_to_db method
[2025-06-27T01:29:26.844+0000] {logging_mixin.py:188} INFO - [2025-06-27T01:29:26.844+0000] {serialized_dag.py:166} DEBUG - Checking if DAG (example_local_kubernetes_executor) changed
[2025-06-27T01:29:26.888+0000] {logging_mixin.py:188} INFO - [2025-06-27T01:29:26.888+0000] {serialized_dag.py:177} DEBUG - Serialized DAG (example_local_kubernetes_executor) is unchanged. Skipping writing to DB
[2025-06-27T01:29:26.890+0000] {logging_mixin.py:188} INFO - [2025-06-27T01:29:26.889+0000] {dag.py:3096} INFO - Sync 1 DAGs
[2025-06-27T01:29:26.926+0000] {logging_mixin.py:188} INFO - [2025-06-27T01:29:26.925+0000] {dag.py:3954} INFO - Setting next_dagrun for example_local_kubernetes_executor to None, run_after=None
[2025-06-27T01:29:26.968+0000] {processor.py:183} INFO - Processing /home/airflow/.local/lib/python3.10/site-packages/airflow/example_dags/example_local_kubernetes_executor.py took 0.192 seconds
[2025-06-27T01:29:57.490+0000] {logging_mixin.py:188} INFO - [2025-06-27T01:29:57.489+0000] {settings.py:250} DEBUG - Setting up DB connection pool (PID 21925)
[2025-06-27T01:29:57.494+0000] {logging_mixin.py:188} INFO - [2025-06-27T01:29:57.493+0000] {settings.py:330} DEBUG - settings.prepare_engine_args(): Using pool settings. pool_size=5, max_overflow=10, pool_recycle=1800, pid=21925
[2025-06-27T01:29:57.509+0000] {processor.py:161} INFO - Started process (PID=21925) to work on /home/airflow/.local/lib/python3.10/site-packages/airflow/example_dags/example_local_kubernetes_executor.py
[2025-06-27T01:29:57.510+0000] {processor.py:830} INFO - Processing file /home/airflow/.local/lib/python3.10/site-packages/airflow/example_dags/example_local_kubernetes_executor.py for tasks to queue
[2025-06-27T01:29:57.514+0000] {logging_mixin.py:188} INFO - [2025-06-27T01:29:57.512+0000] {dagbag.py:545} INFO - Filling up the DagBag from /home/airflow/.local/lib/python3.10/site-packages/airflow/example_dags/example_local_kubernetes_executor.py
[2025-06-27T01:29:57.518+0000] {logging_mixin.py:188} INFO - [2025-06-27T01:29:57.517+0000] {dagbag.py:337} DEBUG - Importing /home/airflow/.local/lib/python3.10/site-packages/airflow/example_dags/example_local_kubernetes_executor.py
[2025-06-27T01:29:57.541+0000] {logging_mixin.py:188} INFO - [2025-06-27T01:29:57.535+0000] {dagbag.py:511} DEBUG - Loaded DAG <DAG: example_local_kubernetes_executor>
[2025-06-27T01:29:57.542+0000] {processor.py:840} INFO - DAG(s) 'example_local_kubernetes_executor' retrieved from /home/airflow/.local/lib/python3.10/site-packages/airflow/example_dags/example_local_kubernetes_executor.py
[2025-06-27T01:29:57.545+0000] {logging_mixin.py:188} INFO - [2025-06-27T01:29:57.545+0000] {dagbag.py:667} DEBUG - Running dagbag.sync_to_db with retries. Try 1 of 3
[2025-06-27T01:29:57.547+0000] {logging_mixin.py:188} INFO - [2025-06-27T01:29:57.546+0000] {dagbag.py:672} DEBUG - Calling the DAG.bulk_sync_to_db method
[2025-06-27T01:29:57.578+0000] {logging_mixin.py:188} INFO - [2025-06-27T01:29:57.577+0000] {serialized_dag.py:166} DEBUG - Checking if DAG (example_local_kubernetes_executor) changed
[2025-06-27T01:29:57.637+0000] {logging_mixin.py:188} INFO - [2025-06-27T01:29:57.637+0000] {serialized_dag.py:177} DEBUG - Serialized DAG (example_local_kubernetes_executor) is unchanged. Skipping writing to DB
[2025-06-27T01:29:57.640+0000] {logging_mixin.py:188} INFO - [2025-06-27T01:29:57.639+0000] {dag.py:3096} INFO - Sync 1 DAGs
[2025-06-27T01:29:57.679+0000] {logging_mixin.py:188} INFO - [2025-06-27T01:29:57.679+0000] {dag.py:3954} INFO - Setting next_dagrun for example_local_kubernetes_executor to None, run_after=None
[2025-06-27T01:29:57.990+0000] {processor.py:183} INFO - Processing /home/airflow/.local/lib/python3.10/site-packages/airflow/example_dags/example_local_kubernetes_executor.py took 0.502 seconds
[2025-06-27T01:30:28.295+0000] {logging_mixin.py:188} INFO - [2025-06-27T01:30:28.293+0000] {settings.py:250} DEBUG - Setting up DB connection pool (PID 21988)
[2025-06-27T01:30:28.298+0000] {logging_mixin.py:188} INFO - [2025-06-27T01:30:28.297+0000] {settings.py:330} DEBUG - settings.prepare_engine_args(): Using pool settings. pool_size=5, max_overflow=10, pool_recycle=1800, pid=21988
[2025-06-27T01:30:28.311+0000] {processor.py:161} INFO - Started process (PID=21988) to work on /home/airflow/.local/lib/python3.10/site-packages/airflow/example_dags/example_local_kubernetes_executor.py
[2025-06-27T01:30:28.313+0000] {processor.py:830} INFO - Processing file /home/airflow/.local/lib/python3.10/site-packages/airflow/example_dags/example_local_kubernetes_executor.py for tasks to queue
[2025-06-27T01:30:28.315+0000] {logging_mixin.py:188} INFO - [2025-06-27T01:30:28.314+0000] {dagbag.py:545} INFO - Filling up the DagBag from /home/airflow/.local/lib/python3.10/site-packages/airflow/example_dags/example_local_kubernetes_executor.py
[2025-06-27T01:30:28.318+0000] {logging_mixin.py:188} INFO - [2025-06-27T01:30:28.317+0000] {dagbag.py:337} DEBUG - Importing /home/airflow/.local/lib/python3.10/site-packages/airflow/example_dags/example_local_kubernetes_executor.py
[2025-06-27T01:30:28.331+0000] {logging_mixin.py:188} INFO - [2025-06-27T01:30:28.329+0000] {dagbag.py:511} DEBUG - Loaded DAG <DAG: example_local_kubernetes_executor>
[2025-06-27T01:30:28.332+0000] {processor.py:840} INFO - DAG(s) 'example_local_kubernetes_executor' retrieved from /home/airflow/.local/lib/python3.10/site-packages/airflow/example_dags/example_local_kubernetes_executor.py
[2025-06-27T01:30:28.335+0000] {logging_mixin.py:188} INFO - [2025-06-27T01:30:28.334+0000] {dagbag.py:667} DEBUG - Running dagbag.sync_to_db with retries. Try 1 of 3
[2025-06-27T01:30:28.336+0000] {logging_mixin.py:188} INFO - [2025-06-27T01:30:28.335+0000] {dagbag.py:672} DEBUG - Calling the DAG.bulk_sync_to_db method
[2025-06-27T01:30:28.358+0000] {logging_mixin.py:188} INFO - [2025-06-27T01:30:28.358+0000] {serialized_dag.py:166} DEBUG - Checking if DAG (example_local_kubernetes_executor) changed
[2025-06-27T01:30:28.400+0000] {logging_mixin.py:188} INFO - [2025-06-27T01:30:28.399+0000] {serialized_dag.py:177} DEBUG - Serialized DAG (example_local_kubernetes_executor) is unchanged. Skipping writing to DB
[2025-06-27T01:30:28.401+0000] {logging_mixin.py:188} INFO - [2025-06-27T01:30:28.400+0000] {dag.py:3096} INFO - Sync 1 DAGs
[2025-06-27T01:30:28.421+0000] {logging_mixin.py:188} INFO - [2025-06-27T01:30:28.421+0000] {dag.py:3954} INFO - Setting next_dagrun for example_local_kubernetes_executor to None, run_after=None
[2025-06-27T01:30:28.652+0000] {processor.py:183} INFO - Processing /home/airflow/.local/lib/python3.10/site-packages/airflow/example_dags/example_local_kubernetes_executor.py took 0.358 seconds
[2025-06-27T01:30:59.329+0000] {logging_mixin.py:188} INFO - [2025-06-27T01:30:59.327+0000] {settings.py:250} DEBUG - Setting up DB connection pool (PID 22051)
[2025-06-27T01:30:59.331+0000] {logging_mixin.py:188} INFO - [2025-06-27T01:30:59.331+0000] {settings.py:330} DEBUG - settings.prepare_engine_args(): Using pool settings. pool_size=5, max_overflow=10, pool_recycle=1800, pid=22051
[2025-06-27T01:30:59.345+0000] {processor.py:161} INFO - Started process (PID=22051) to work on /home/airflow/.local/lib/python3.10/site-packages/airflow/example_dags/example_local_kubernetes_executor.py
[2025-06-27T01:30:59.347+0000] {processor.py:830} INFO - Processing file /home/airflow/.local/lib/python3.10/site-packages/airflow/example_dags/example_local_kubernetes_executor.py for tasks to queue
[2025-06-27T01:30:59.349+0000] {logging_mixin.py:188} INFO - [2025-06-27T01:30:59.349+0000] {dagbag.py:545} INFO - Filling up the DagBag from /home/airflow/.local/lib/python3.10/site-packages/airflow/example_dags/example_local_kubernetes_executor.py
[2025-06-27T01:30:59.352+0000] {logging_mixin.py:188} INFO - [2025-06-27T01:30:59.351+0000] {dagbag.py:337} DEBUG - Importing /home/airflow/.local/lib/python3.10/site-packages/airflow/example_dags/example_local_kubernetes_executor.py
[2025-06-27T01:30:59.369+0000] {logging_mixin.py:188} INFO - [2025-06-27T01:30:59.367+0000] {dagbag.py:511} DEBUG - Loaded DAG <DAG: example_local_kubernetes_executor>
[2025-06-27T01:30:59.371+0000] {processor.py:840} INFO - DAG(s) 'example_local_kubernetes_executor' retrieved from /home/airflow/.local/lib/python3.10/site-packages/airflow/example_dags/example_local_kubernetes_executor.py
[2025-06-27T01:30:59.375+0000] {logging_mixin.py:188} INFO - [2025-06-27T01:30:59.374+0000] {dagbag.py:667} DEBUG - Running dagbag.sync_to_db with retries. Try 1 of 3
[2025-06-27T01:30:59.376+0000] {logging_mixin.py:188} INFO - [2025-06-27T01:30:59.376+0000] {dagbag.py:672} DEBUG - Calling the DAG.bulk_sync_to_db method
[2025-06-27T01:30:59.401+0000] {logging_mixin.py:188} INFO - [2025-06-27T01:30:59.401+0000] {serialized_dag.py:166} DEBUG - Checking if DAG (example_local_kubernetes_executor) changed
[2025-06-27T01:30:59.446+0000] {logging_mixin.py:188} INFO - [2025-06-27T01:30:59.445+0000] {serialized_dag.py:177} DEBUG - Serialized DAG (example_local_kubernetes_executor) is unchanged. Skipping writing to DB
[2025-06-27T01:30:59.447+0000] {logging_mixin.py:188} INFO - [2025-06-27T01:30:59.447+0000] {dag.py:3096} INFO - Sync 1 DAGs
[2025-06-27T01:30:59.468+0000] {logging_mixin.py:188} INFO - [2025-06-27T01:30:59.467+0000] {dag.py:3954} INFO - Setting next_dagrun for example_local_kubernetes_executor to None, run_after=None
[2025-06-27T01:30:59.507+0000] {processor.py:183} INFO - Processing /home/airflow/.local/lib/python3.10/site-packages/airflow/example_dags/example_local_kubernetes_executor.py took 0.181 seconds
[2025-06-27T01:31:30.448+0000] {logging_mixin.py:188} INFO - [2025-06-27T01:31:30.447+0000] {settings.py:250} DEBUG - Setting up DB connection pool (PID 22114)
[2025-06-27T01:31:30.450+0000] {logging_mixin.py:188} INFO - [2025-06-27T01:31:30.450+0000] {settings.py:330} DEBUG - settings.prepare_engine_args(): Using pool settings. pool_size=5, max_overflow=10, pool_recycle=1800, pid=22114
[2025-06-27T01:31:30.462+0000] {processor.py:161} INFO - Started process (PID=22114) to work on /home/airflow/.local/lib/python3.10/site-packages/airflow/example_dags/example_local_kubernetes_executor.py
[2025-06-27T01:31:30.464+0000] {processor.py:830} INFO - Processing file /home/airflow/.local/lib/python3.10/site-packages/airflow/example_dags/example_local_kubernetes_executor.py for tasks to queue
[2025-06-27T01:31:30.465+0000] {logging_mixin.py:188} INFO - [2025-06-27T01:31:30.465+0000] {dagbag.py:545} INFO - Filling up the DagBag from /home/airflow/.local/lib/python3.10/site-packages/airflow/example_dags/example_local_kubernetes_executor.py
[2025-06-27T01:31:30.465+0000] {logging_mixin.py:188} INFO - [2025-06-27T01:31:30.467+0000] {dagbag.py:337} DEBUG - Importing /home/airflow/.local/lib/python3.10/site-packages/airflow/example_dags/example_local_kubernetes_executor.py
[2025-06-27T01:31:30.479+0000] {logging_mixin.py:188} INFO - [2025-06-27T01:31:30.478+0000] {dagbag.py:511} DEBUG - Loaded DAG <DAG: example_local_kubernetes_executor>
[2025-06-27T01:31:30.480+0000] {processor.py:840} INFO - DAG(s) 'example_local_kubernetes_executor' retrieved from /home/airflow/.local/lib/python3.10/site-packages/airflow/example_dags/example_local_kubernetes_executor.py
[2025-06-27T01:31:30.482+0000] {logging_mixin.py:188} INFO - [2025-06-27T01:31:30.482+0000] {dagbag.py:667} DEBUG - Running dagbag.sync_to_db with retries. Try 1 of 3
[2025-06-27T01:31:30.483+0000] {logging_mixin.py:188} INFO - [2025-06-27T01:31:30.483+0000] {dagbag.py:672} DEBUG - Calling the DAG.bulk_sync_to_db method
[2025-06-27T01:31:30.503+0000] {logging_mixin.py:188} INFO - [2025-06-27T01:31:30.503+0000] {serialized_dag.py:166} DEBUG - Checking if DAG (example_local_kubernetes_executor) changed
[2025-06-27T01:31:30.549+0000] {logging_mixin.py:188} INFO - [2025-06-27T01:31:30.548+0000] {serialized_dag.py:177} DEBUG - Serialized DAG (example_local_kubernetes_executor) is unchanged. Skipping writing to DB
[2025-06-27T01:31:30.550+0000] {logging_mixin.py:188} INFO - [2025-06-27T01:31:30.550+0000] {dag.py:3096} INFO - Sync 1 DAGs
[2025-06-27T01:31:30.573+0000] {logging_mixin.py:188} INFO - [2025-06-27T01:31:30.573+0000] {dag.py:3954} INFO - Setting next_dagrun for example_local_kubernetes_executor to None, run_after=None
[2025-06-27T01:31:30.619+0000] {processor.py:183} INFO - Processing /home/airflow/.local/lib/python3.10/site-packages/airflow/example_dags/example_local_kubernetes_executor.py took 0.174 seconds
[2025-06-27T01:32:00.793+0000] {logging_mixin.py:188} INFO - [2025-06-27T01:32:00.792+0000] {settings.py:250} DEBUG - Setting up DB connection pool (PID 22175)
[2025-06-27T01:32:00.795+0000] {logging_mixin.py:188} INFO - [2025-06-27T01:32:00.795+0000] {settings.py:330} DEBUG - settings.prepare_engine_args(): Using pool settings. pool_size=5, max_overflow=10, pool_recycle=1800, pid=22175
[2025-06-27T01:32:00.813+0000] {processor.py:161} INFO - Started process (PID=22175) to work on /home/airflow/.local/lib/python3.10/site-packages/airflow/example_dags/example_local_kubernetes_executor.py
[2025-06-27T01:32:00.814+0000] {processor.py:830} INFO - Processing file /home/airflow/.local/lib/python3.10/site-packages/airflow/example_dags/example_local_kubernetes_executor.py for tasks to queue
[2025-06-27T01:32:00.816+0000] {logging_mixin.py:188} INFO - [2025-06-27T01:32:00.815+0000] {dagbag.py:545} INFO - Filling up the DagBag from /home/airflow/.local/lib/python3.10/site-packages/airflow/example_dags/example_local_kubernetes_executor.py
[2025-06-27T01:32:00.819+0000] {logging_mixin.py:188} INFO - [2025-06-27T01:32:00.818+0000] {dagbag.py:337} DEBUG - Importing /home/airflow/.local/lib/python3.10/site-packages/airflow/example_dags/example_local_kubernetes_executor.py
[2025-06-27T01:32:00.834+0000] {logging_mixin.py:188} INFO - [2025-06-27T01:32:00.832+0000] {dagbag.py:511} DEBUG - Loaded DAG <DAG: example_local_kubernetes_executor>
[2025-06-27T01:32:00.836+0000] {processor.py:840} INFO - DAG(s) 'example_local_kubernetes_executor' retrieved from /home/airflow/.local/lib/python3.10/site-packages/airflow/example_dags/example_local_kubernetes_executor.py
[2025-06-27T01:32:00.839+0000] {logging_mixin.py:188} INFO - [2025-06-27T01:32:00.839+0000] {dagbag.py:667} DEBUG - Running dagbag.sync_to_db with retries. Try 1 of 3
[2025-06-27T01:32:00.840+0000] {logging_mixin.py:188} INFO - [2025-06-27T01:32:00.840+0000] {dagbag.py:672} DEBUG - Calling the DAG.bulk_sync_to_db method
[2025-06-27T01:32:00.870+0000] {logging_mixin.py:188} INFO - [2025-06-27T01:32:00.870+0000] {serialized_dag.py:166} DEBUG - Checking if DAG (example_local_kubernetes_executor) changed
[2025-06-27T01:32:00.923+0000] {logging_mixin.py:188} INFO - [2025-06-27T01:32:00.923+0000] {serialized_dag.py:177} DEBUG - Serialized DAG (example_local_kubernetes_executor) is unchanged. Skipping writing to DB
[2025-06-27T01:32:00.924+0000] {logging_mixin.py:188} INFO - [2025-06-27T01:32:00.924+0000] {dag.py:3096} INFO - Sync 1 DAGs
[2025-06-27T01:32:00.955+0000] {logging_mixin.py:188} INFO - [2025-06-27T01:32:00.955+0000] {dag.py:3954} INFO - Setting next_dagrun for example_local_kubernetes_executor to None, run_after=None
[2025-06-27T01:32:01.338+0000] {processor.py:183} INFO - Processing /home/airflow/.local/lib/python3.10/site-packages/airflow/example_dags/example_local_kubernetes_executor.py took 0.546 seconds
[2025-06-27T01:32:31.676+0000] {logging_mixin.py:188} INFO - [2025-06-27T01:32:31.675+0000] {settings.py:250} DEBUG - Setting up DB connection pool (PID 22238)
[2025-06-27T01:32:31.678+0000] {logging_mixin.py:188} INFO - [2025-06-27T01:32:31.677+0000] {settings.py:330} DEBUG - settings.prepare_engine_args(): Using pool settings. pool_size=5, max_overflow=10, pool_recycle=1800, pid=22238
[2025-06-27T01:32:31.689+0000] {processor.py:161} INFO - Started process (PID=22238) to work on /home/airflow/.local/lib/python3.10/site-packages/airflow/example_dags/example_local_kubernetes_executor.py
[2025-06-27T01:32:31.690+0000] {processor.py:830} INFO - Processing file /home/airflow/.local/lib/python3.10/site-packages/airflow/example_dags/example_local_kubernetes_executor.py for tasks to queue
[2025-06-27T01:32:31.692+0000] {logging_mixin.py:188} INFO - [2025-06-27T01:32:31.692+0000] {dagbag.py:545} INFO - Filling up the DagBag from /home/airflow/.local/lib/python3.10/site-packages/airflow/example_dags/example_local_kubernetes_executor.py
[2025-06-27T01:32:31.695+0000] {logging_mixin.py:188} INFO - [2025-06-27T01:32:31.695+0000] {dagbag.py:337} DEBUG - Importing /home/airflow/.local/lib/python3.10/site-packages/airflow/example_dags/example_local_kubernetes_executor.py
[2025-06-27T01:32:31.710+0000] {logging_mixin.py:188} INFO - [2025-06-27T01:32:31.708+0000] {dagbag.py:511} DEBUG - Loaded DAG <DAG: example_local_kubernetes_executor>
[2025-06-27T01:32:31.711+0000] {processor.py:840} INFO - DAG(s) 'example_local_kubernetes_executor' retrieved from /home/airflow/.local/lib/python3.10/site-packages/airflow/example_dags/example_local_kubernetes_executor.py
[2025-06-27T01:32:31.714+0000] {logging_mixin.py:188} INFO - [2025-06-27T01:32:31.713+0000] {dagbag.py:667} DEBUG - Running dagbag.sync_to_db with retries. Try 1 of 3
[2025-06-27T01:32:31.715+0000] {logging_mixin.py:188} INFO - [2025-06-27T01:32:31.714+0000] {dagbag.py:672} DEBUG - Calling the DAG.bulk_sync_to_db method
[2025-06-27T01:32:31.739+0000] {logging_mixin.py:188} INFO - [2025-06-27T01:32:31.739+0000] {serialized_dag.py:166} DEBUG - Checking if DAG (example_local_kubernetes_executor) changed
[2025-06-27T01:32:31.782+0000] {logging_mixin.py:188} INFO - [2025-06-27T01:32:31.782+0000] {serialized_dag.py:177} DEBUG - Serialized DAG (example_local_kubernetes_executor) is unchanged. Skipping writing to DB
[2025-06-27T01:32:31.783+0000] {logging_mixin.py:188} INFO - [2025-06-27T01:32:31.783+0000] {dag.py:3096} INFO - Sync 1 DAGs
[2025-06-27T01:32:31.801+0000] {logging_mixin.py:188} INFO - [2025-06-27T01:32:31.800+0000] {dag.py:3954} INFO - Setting next_dagrun for example_local_kubernetes_executor to None, run_after=None
[2025-06-27T01:32:31.832+0000] {processor.py:183} INFO - Processing /home/airflow/.local/lib/python3.10/site-packages/airflow/example_dags/example_local_kubernetes_executor.py took 0.157 seconds
[2025-06-27T01:33:02.053+0000] {logging_mixin.py:188} INFO - [2025-06-27T01:33:02.051+0000] {settings.py:250} DEBUG - Setting up DB connection pool (PID 22301)
[2025-06-27T01:33:02.055+0000] {logging_mixin.py:188} INFO - [2025-06-27T01:33:02.054+0000] {settings.py:330} DEBUG - settings.prepare_engine_args(): Using pool settings. pool_size=5, max_overflow=10, pool_recycle=1800, pid=22301
[2025-06-27T01:33:02.065+0000] {processor.py:161} INFO - Started process (PID=22301) to work on /home/airflow/.local/lib/python3.10/site-packages/airflow/example_dags/example_local_kubernetes_executor.py
[2025-06-27T01:33:02.066+0000] {processor.py:830} INFO - Processing file /home/airflow/.local/lib/python3.10/site-packages/airflow/example_dags/example_local_kubernetes_executor.py for tasks to queue
[2025-06-27T01:33:02.068+0000] {logging_mixin.py:188} INFO - [2025-06-27T01:33:02.068+0000] {dagbag.py:545} INFO - Filling up the DagBag from /home/airflow/.local/lib/python3.10/site-packages/airflow/example_dags/example_local_kubernetes_executor.py
[2025-06-27T01:33:02.070+0000] {logging_mixin.py:188} INFO - [2025-06-27T01:33:02.070+0000] {dagbag.py:337} DEBUG - Importing /home/airflow/.local/lib/python3.10/site-packages/airflow/example_dags/example_local_kubernetes_executor.py
[2025-06-27T01:33:02.084+0000] {logging_mixin.py:188} INFO - [2025-06-27T01:33:02.083+0000] {dagbag.py:511} DEBUG - Loaded DAG <DAG: example_local_kubernetes_executor>
[2025-06-27T01:33:02.085+0000] {processor.py:840} INFO - DAG(s) 'example_local_kubernetes_executor' retrieved from /home/airflow/.local/lib/python3.10/site-packages/airflow/example_dags/example_local_kubernetes_executor.py
[2025-06-27T01:33:02.088+0000] {logging_mixin.py:188} INFO - [2025-06-27T01:33:02.088+0000] {dagbag.py:667} DEBUG - Running dagbag.sync_to_db with retries. Try 1 of 3
[2025-06-27T01:33:02.089+0000] {logging_mixin.py:188} INFO - [2025-06-27T01:33:02.089+0000] {dagbag.py:672} DEBUG - Calling the DAG.bulk_sync_to_db method
[2025-06-27T01:33:02.114+0000] {logging_mixin.py:188} INFO - [2025-06-27T01:33:02.113+0000] {serialized_dag.py:166} DEBUG - Checking if DAG (example_local_kubernetes_executor) changed
[2025-06-27T01:33:02.167+0000] {logging_mixin.py:188} INFO - [2025-06-27T01:33:02.166+0000] {serialized_dag.py:177} DEBUG - Serialized DAG (example_local_kubernetes_executor) is unchanged. Skipping writing to DB
[2025-06-27T01:33:02.168+0000] {logging_mixin.py:188} INFO - [2025-06-27T01:33:02.167+0000] {dag.py:3096} INFO - Sync 1 DAGs
[2025-06-27T01:33:02.191+0000] {logging_mixin.py:188} INFO - [2025-06-27T01:33:02.190+0000] {dag.py:3954} INFO - Setting next_dagrun for example_local_kubernetes_executor to None, run_after=None
[2025-06-27T01:33:02.227+0000] {processor.py:183} INFO - Processing /home/airflow/.local/lib/python3.10/site-packages/airflow/example_dags/example_local_kubernetes_executor.py took 0.176 seconds
[2025-06-27T01:33:32.338+0000] {logging_mixin.py:188} INFO - [2025-06-27T01:33:32.336+0000] {settings.py:250} DEBUG - Setting up DB connection pool (PID 22363)
[2025-06-27T01:33:32.340+0000] {logging_mixin.py:188} INFO - [2025-06-27T01:33:32.340+0000] {settings.py:330} DEBUG - settings.prepare_engine_args(): Using pool settings. pool_size=5, max_overflow=10, pool_recycle=1800, pid=22363
[2025-06-27T01:33:32.350+0000] {processor.py:161} INFO - Started process (PID=22363) to work on /home/airflow/.local/lib/python3.10/site-packages/airflow/example_dags/example_local_kubernetes_executor.py
[2025-06-27T01:33:32.351+0000] {processor.py:830} INFO - Processing file /home/airflow/.local/lib/python3.10/site-packages/airflow/example_dags/example_local_kubernetes_executor.py for tasks to queue
[2025-06-27T01:33:32.353+0000] {logging_mixin.py:188} INFO - [2025-06-27T01:33:32.353+0000] {dagbag.py:545} INFO - Filling up the DagBag from /home/airflow/.local/lib/python3.10/site-packages/airflow/example_dags/example_local_kubernetes_executor.py
[2025-06-27T01:33:32.355+0000] {logging_mixin.py:188} INFO - [2025-06-27T01:33:32.355+0000] {dagbag.py:337} DEBUG - Importing /home/airflow/.local/lib/python3.10/site-packages/airflow/example_dags/example_local_kubernetes_executor.py
[2025-06-27T01:33:32.371+0000] {logging_mixin.py:188} INFO - [2025-06-27T01:33:32.369+0000] {dagbag.py:511} DEBUG - Loaded DAG <DAG: example_local_kubernetes_executor>
[2025-06-27T01:33:32.372+0000] {processor.py:840} INFO - DAG(s) 'example_local_kubernetes_executor' retrieved from /home/airflow/.local/lib/python3.10/site-packages/airflow/example_dags/example_local_kubernetes_executor.py
[2025-06-27T01:33:32.375+0000] {logging_mixin.py:188} INFO - [2025-06-27T01:33:32.374+0000] {dagbag.py:667} DEBUG - Running dagbag.sync_to_db with retries. Try 1 of 3
[2025-06-27T01:33:32.376+0000] {logging_mixin.py:188} INFO - [2025-06-27T01:33:32.376+0000] {dagbag.py:672} DEBUG - Calling the DAG.bulk_sync_to_db method
[2025-06-27T01:33:32.399+0000] {logging_mixin.py:188} INFO - [2025-06-27T01:33:32.398+0000] {serialized_dag.py:166} DEBUG - Checking if DAG (example_local_kubernetes_executor) changed
[2025-06-27T01:33:32.441+0000] {logging_mixin.py:188} INFO - [2025-06-27T01:33:32.440+0000] {serialized_dag.py:177} DEBUG - Serialized DAG (example_local_kubernetes_executor) is unchanged. Skipping writing to DB
[2025-06-27T01:33:32.442+0000] {logging_mixin.py:188} INFO - [2025-06-27T01:33:32.442+0000] {dag.py:3096} INFO - Sync 1 DAGs
[2025-06-27T01:33:32.460+0000] {logging_mixin.py:188} INFO - [2025-06-27T01:33:32.460+0000] {dag.py:3954} INFO - Setting next_dagrun for example_local_kubernetes_executor to None, run_after=None
[2025-06-27T01:33:32.487+0000] {processor.py:183} INFO - Processing /home/airflow/.local/lib/python3.10/site-packages/airflow/example_dags/example_local_kubernetes_executor.py took 0.151 seconds
[2025-06-27T01:34:02.600+0000] {logging_mixin.py:188} INFO - [2025-06-27T01:34:02.599+0000] {settings.py:250} DEBUG - Setting up DB connection pool (PID 22426)
[2025-06-27T01:34:02.602+0000] {logging_mixin.py:188} INFO - [2025-06-27T01:34:02.602+0000] {settings.py:330} DEBUG - settings.prepare_engine_args(): Using pool settings. pool_size=5, max_overflow=10, pool_recycle=1800, pid=22426
[2025-06-27T01:34:02.612+0000] {processor.py:161} INFO - Started process (PID=22426) to work on /home/airflow/.local/lib/python3.10/site-packages/airflow/example_dags/example_local_kubernetes_executor.py
[2025-06-27T01:34:02.613+0000] {processor.py:830} INFO - Processing file /home/airflow/.local/lib/python3.10/site-packages/airflow/example_dags/example_local_kubernetes_executor.py for tasks to queue
[2025-06-27T01:34:02.614+0000] {logging_mixin.py:188} INFO - [2025-06-27T01:34:02.614+0000] {dagbag.py:545} INFO - Filling up the DagBag from /home/airflow/.local/lib/python3.10/site-packages/airflow/example_dags/example_local_kubernetes_executor.py
[2025-06-27T01:34:02.617+0000] {logging_mixin.py:188} INFO - [2025-06-27T01:34:02.616+0000] {dagbag.py:337} DEBUG - Importing /home/airflow/.local/lib/python3.10/site-packages/airflow/example_dags/example_local_kubernetes_executor.py
[2025-06-27T01:34:02.632+0000] {logging_mixin.py:188} INFO - [2025-06-27T01:34:02.629+0000] {dagbag.py:511} DEBUG - Loaded DAG <DAG: example_local_kubernetes_executor>
[2025-06-27T01:34:02.633+0000] {processor.py:840} INFO - DAG(s) 'example_local_kubernetes_executor' retrieved from /home/airflow/.local/lib/python3.10/site-packages/airflow/example_dags/example_local_kubernetes_executor.py
[2025-06-27T01:34:02.636+0000] {logging_mixin.py:188} INFO - [2025-06-27T01:34:02.635+0000] {dagbag.py:667} DEBUG - Running dagbag.sync_to_db with retries. Try 1 of 3
[2025-06-27T01:34:02.636+0000] {logging_mixin.py:188} INFO - [2025-06-27T01:34:02.636+0000] {dagbag.py:672} DEBUG - Calling the DAG.bulk_sync_to_db method
[2025-06-27T01:34:02.659+0000] {logging_mixin.py:188} INFO - [2025-06-27T01:34:02.658+0000] {serialized_dag.py:166} DEBUG - Checking if DAG (example_local_kubernetes_executor) changed
[2025-06-27T01:34:02.700+0000] {logging_mixin.py:188} INFO - [2025-06-27T01:34:02.699+0000] {serialized_dag.py:177} DEBUG - Serialized DAG (example_local_kubernetes_executor) is unchanged. Skipping writing to DB
[2025-06-27T01:34:02.701+0000] {logging_mixin.py:188} INFO - [2025-06-27T01:34:02.700+0000] {dag.py:3096} INFO - Sync 1 DAGs
[2025-06-27T01:34:02.723+0000] {logging_mixin.py:188} INFO - [2025-06-27T01:34:02.722+0000] {dag.py:3954} INFO - Setting next_dagrun for example_local_kubernetes_executor to None, run_after=None
[2025-06-27T01:34:02.764+0000] {processor.py:183} INFO - Processing /home/airflow/.local/lib/python3.10/site-packages/airflow/example_dags/example_local_kubernetes_executor.py took 0.165 seconds
[2025-06-27T01:34:32.921+0000] {logging_mixin.py:188} INFO - [2025-06-27T01:34:32.920+0000] {settings.py:250} DEBUG - Setting up DB connection pool (PID 22488)
[2025-06-27T01:34:32.923+0000] {logging_mixin.py:188} INFO - [2025-06-27T01:34:32.922+0000] {settings.py:330} DEBUG - settings.prepare_engine_args(): Using pool settings. pool_size=5, max_overflow=10, pool_recycle=1800, pid=22488
[2025-06-27T01:34:32.933+0000] {processor.py:161} INFO - Started process (PID=22488) to work on /home/airflow/.local/lib/python3.10/site-packages/airflow/example_dags/example_local_kubernetes_executor.py
[2025-06-27T01:34:32.935+0000] {processor.py:830} INFO - Processing file /home/airflow/.local/lib/python3.10/site-packages/airflow/example_dags/example_local_kubernetes_executor.py for tasks to queue
[2025-06-27T01:34:32.936+0000] {logging_mixin.py:188} INFO - [2025-06-27T01:34:32.936+0000] {dagbag.py:545} INFO - Filling up the DagBag from /home/airflow/.local/lib/python3.10/site-packages/airflow/example_dags/example_local_kubernetes_executor.py
[2025-06-27T01:34:32.939+0000] {logging_mixin.py:188} INFO - [2025-06-27T01:34:32.939+0000] {dagbag.py:337} DEBUG - Importing /home/airflow/.local/lib/python3.10/site-packages/airflow/example_dags/example_local_kubernetes_executor.py
[2025-06-27T01:34:32.953+0000] {logging_mixin.py:188} INFO - [2025-06-27T01:34:32.950+0000] {dagbag.py:511} DEBUG - Loaded DAG <DAG: example_local_kubernetes_executor>
[2025-06-27T01:34:32.953+0000] {processor.py:840} INFO - DAG(s) 'example_local_kubernetes_executor' retrieved from /home/airflow/.local/lib/python3.10/site-packages/airflow/example_dags/example_local_kubernetes_executor.py
[2025-06-27T01:34:32.956+0000] {logging_mixin.py:188} INFO - [2025-06-27T01:34:32.956+0000] {dagbag.py:667} DEBUG - Running dagbag.sync_to_db with retries. Try 1 of 3
[2025-06-27T01:34:32.957+0000] {logging_mixin.py:188} INFO - [2025-06-27T01:34:32.957+0000] {dagbag.py:672} DEBUG - Calling the DAG.bulk_sync_to_db method
[2025-06-27T01:34:32.979+0000] {logging_mixin.py:188} INFO - [2025-06-27T01:34:32.979+0000] {serialized_dag.py:166} DEBUG - Checking if DAG (example_local_kubernetes_executor) changed
[2025-06-27T01:34:33.018+0000] {logging_mixin.py:188} INFO - [2025-06-27T01:34:33.018+0000] {serialized_dag.py:177} DEBUG - Serialized DAG (example_local_kubernetes_executor) is unchanged. Skipping writing to DB
[2025-06-27T01:34:33.019+0000] {logging_mixin.py:188} INFO - [2025-06-27T01:34:33.019+0000] {dag.py:3096} INFO - Sync 1 DAGs
[2025-06-27T01:34:33.035+0000] {logging_mixin.py:188} INFO - [2025-06-27T01:34:33.035+0000] {dag.py:3954} INFO - Setting next_dagrun for example_local_kubernetes_executor to None, run_after=None
[2025-06-27T01:34:33.060+0000] {processor.py:183} INFO - Processing /home/airflow/.local/lib/python3.10/site-packages/airflow/example_dags/example_local_kubernetes_executor.py took 0.140 seconds
[2025-06-27T01:35:03.439+0000] {logging_mixin.py:188} INFO - [2025-06-27T01:35:03.438+0000] {settings.py:250} DEBUG - Setting up DB connection pool (PID 22551)
[2025-06-27T01:35:03.442+0000] {logging_mixin.py:188} INFO - [2025-06-27T01:35:03.441+0000] {settings.py:330} DEBUG - settings.prepare_engine_args(): Using pool settings. pool_size=5, max_overflow=10, pool_recycle=1800, pid=22551
[2025-06-27T01:35:03.454+0000] {processor.py:161} INFO - Started process (PID=22551) to work on /home/airflow/.local/lib/python3.10/site-packages/airflow/example_dags/example_local_kubernetes_executor.py
[2025-06-27T01:35:03.456+0000] {processor.py:830} INFO - Processing file /home/airflow/.local/lib/python3.10/site-packages/airflow/example_dags/example_local_kubernetes_executor.py for tasks to queue
[2025-06-27T01:35:03.458+0000] {logging_mixin.py:188} INFO - [2025-06-27T01:35:03.457+0000] {dagbag.py:545} INFO - Filling up the DagBag from /home/airflow/.local/lib/python3.10/site-packages/airflow/example_dags/example_local_kubernetes_executor.py
[2025-06-27T01:35:03.460+0000] {logging_mixin.py:188} INFO - [2025-06-27T01:35:03.460+0000] {dagbag.py:337} DEBUG - Importing /home/airflow/.local/lib/python3.10/site-packages/airflow/example_dags/example_local_kubernetes_executor.py
[2025-06-27T01:35:03.477+0000] {logging_mixin.py:188} INFO - [2025-06-27T01:35:03.475+0000] {dagbag.py:511} DEBUG - Loaded DAG <DAG: example_local_kubernetes_executor>
[2025-06-27T01:35:03.478+0000] {processor.py:840} INFO - DAG(s) 'example_local_kubernetes_executor' retrieved from /home/airflow/.local/lib/python3.10/site-packages/airflow/example_dags/example_local_kubernetes_executor.py
[2025-06-27T01:35:03.481+0000] {logging_mixin.py:188} INFO - [2025-06-27T01:35:03.480+0000] {dagbag.py:667} DEBUG - Running dagbag.sync_to_db with retries. Try 1 of 3
[2025-06-27T01:35:03.481+0000] {logging_mixin.py:188} INFO - [2025-06-27T01:35:03.481+0000] {dagbag.py:672} DEBUG - Calling the DAG.bulk_sync_to_db method
[2025-06-27T01:35:03.506+0000] {logging_mixin.py:188} INFO - [2025-06-27T01:35:03.506+0000] {serialized_dag.py:166} DEBUG - Checking if DAG (example_local_kubernetes_executor) changed
[2025-06-27T01:35:03.548+0000] {logging_mixin.py:188} INFO - [2025-06-27T01:35:03.547+0000] {serialized_dag.py:177} DEBUG - Serialized DAG (example_local_kubernetes_executor) is unchanged. Skipping writing to DB
[2025-06-27T01:35:03.549+0000] {logging_mixin.py:188} INFO - [2025-06-27T01:35:03.549+0000] {dag.py:3096} INFO - Sync 1 DAGs
[2025-06-27T01:35:03.569+0000] {logging_mixin.py:188} INFO - [2025-06-27T01:35:03.569+0000] {dag.py:3954} INFO - Setting next_dagrun for example_local_kubernetes_executor to None, run_after=None
[2025-06-27T01:35:03.600+0000] {processor.py:183} INFO - Processing /home/airflow/.local/lib/python3.10/site-packages/airflow/example_dags/example_local_kubernetes_executor.py took 0.162 seconds
[2025-06-27T01:35:33.926+0000] {logging_mixin.py:188} INFO - [2025-06-27T01:35:33.925+0000] {settings.py:250} DEBUG - Setting up DB connection pool (PID 22614)
[2025-06-27T01:35:33.928+0000] {logging_mixin.py:188} INFO - [2025-06-27T01:35:33.928+0000] {settings.py:330} DEBUG - settings.prepare_engine_args(): Using pool settings. pool_size=5, max_overflow=10, pool_recycle=1800, pid=22614
[2025-06-27T01:35:33.943+0000] {processor.py:161} INFO - Started process (PID=22614) to work on /home/airflow/.local/lib/python3.10/site-packages/airflow/example_dags/example_local_kubernetes_executor.py
[2025-06-27T01:35:33.944+0000] {processor.py:830} INFO - Processing file /home/airflow/.local/lib/python3.10/site-packages/airflow/example_dags/example_local_kubernetes_executor.py for tasks to queue
[2025-06-27T01:35:33.945+0000] {logging_mixin.py:188} INFO - [2025-06-27T01:35:33.945+0000] {dagbag.py:545} INFO - Filling up the DagBag from /home/airflow/.local/lib/python3.10/site-packages/airflow/example_dags/example_local_kubernetes_executor.py
[2025-06-27T01:35:33.948+0000] {logging_mixin.py:188} INFO - [2025-06-27T01:35:33.948+0000] {dagbag.py:337} DEBUG - Importing /home/airflow/.local/lib/python3.10/site-packages/airflow/example_dags/example_local_kubernetes_executor.py
[2025-06-27T01:35:33.965+0000] {logging_mixin.py:188} INFO - [2025-06-27T01:35:33.963+0000] {dagbag.py:511} DEBUG - Loaded DAG <DAG: example_local_kubernetes_executor>
[2025-06-27T01:35:33.966+0000] {processor.py:840} INFO - DAG(s) 'example_local_kubernetes_executor' retrieved from /home/airflow/.local/lib/python3.10/site-packages/airflow/example_dags/example_local_kubernetes_executor.py
[2025-06-27T01:35:33.968+0000] {logging_mixin.py:188} INFO - [2025-06-27T01:35:33.968+0000] {dagbag.py:667} DEBUG - Running dagbag.sync_to_db with retries. Try 1 of 3
[2025-06-27T01:35:33.969+0000] {logging_mixin.py:188} INFO - [2025-06-27T01:35:33.969+0000] {dagbag.py:672} DEBUG - Calling the DAG.bulk_sync_to_db method
[2025-06-27T01:35:33.994+0000] {logging_mixin.py:188} INFO - [2025-06-27T01:35:33.994+0000] {serialized_dag.py:166} DEBUG - Checking if DAG (example_local_kubernetes_executor) changed
[2025-06-27T01:35:34.044+0000] {logging_mixin.py:188} INFO - [2025-06-27T01:35:34.044+0000] {serialized_dag.py:177} DEBUG - Serialized DAG (example_local_kubernetes_executor) is unchanged. Skipping writing to DB
[2025-06-27T01:35:34.045+0000] {logging_mixin.py:188} INFO - [2025-06-27T01:35:34.045+0000] {dag.py:3096} INFO - Sync 1 DAGs
[2025-06-27T01:35:34.063+0000] {logging_mixin.py:188} INFO - [2025-06-27T01:35:34.063+0000] {dag.py:3954} INFO - Setting next_dagrun for example_local_kubernetes_executor to None, run_after=None
[2025-06-27T01:35:34.093+0000] {processor.py:183} INFO - Processing /home/airflow/.local/lib/python3.10/site-packages/airflow/example_dags/example_local_kubernetes_executor.py took 0.169 seconds
[2025-06-27T01:36:04.329+0000] {logging_mixin.py:188} INFO - [2025-06-27T01:36:04.328+0000] {settings.py:250} DEBUG - Setting up DB connection pool (PID 22677)
[2025-06-27T01:36:04.331+0000] {logging_mixin.py:188} INFO - [2025-06-27T01:36:04.331+0000] {settings.py:330} DEBUG - settings.prepare_engine_args(): Using pool settings. pool_size=5, max_overflow=10, pool_recycle=1800, pid=22677
[2025-06-27T01:36:04.348+0000] {processor.py:161} INFO - Started process (PID=22677) to work on /home/airflow/.local/lib/python3.10/site-packages/airflow/example_dags/example_local_kubernetes_executor.py
[2025-06-27T01:36:04.350+0000] {processor.py:830} INFO - Processing file /home/airflow/.local/lib/python3.10/site-packages/airflow/example_dags/example_local_kubernetes_executor.py for tasks to queue
[2025-06-27T01:36:04.351+0000] {logging_mixin.py:188} INFO - [2025-06-27T01:36:04.351+0000] {dagbag.py:545} INFO - Filling up the DagBag from /home/airflow/.local/lib/python3.10/site-packages/airflow/example_dags/example_local_kubernetes_executor.py
[2025-06-27T01:36:04.354+0000] {logging_mixin.py:188} INFO - [2025-06-27T01:36:04.354+0000] {dagbag.py:337} DEBUG - Importing /home/airflow/.local/lib/python3.10/site-packages/airflow/example_dags/example_local_kubernetes_executor.py
[2025-06-27T01:36:04.373+0000] {logging_mixin.py:188} INFO - [2025-06-27T01:36:04.370+0000] {dagbag.py:511} DEBUG - Loaded DAG <DAG: example_local_kubernetes_executor>
[2025-06-27T01:36:04.374+0000] {processor.py:840} INFO - DAG(s) 'example_local_kubernetes_executor' retrieved from /home/airflow/.local/lib/python3.10/site-packages/airflow/example_dags/example_local_kubernetes_executor.py
[2025-06-27T01:36:04.377+0000] {logging_mixin.py:188} INFO - [2025-06-27T01:36:04.377+0000] {dagbag.py:667} DEBUG - Running dagbag.sync_to_db with retries. Try 1 of 3
[2025-06-27T01:36:04.378+0000] {logging_mixin.py:188} INFO - [2025-06-27T01:36:04.378+0000] {dagbag.py:672} DEBUG - Calling the DAG.bulk_sync_to_db method
[2025-06-27T01:36:04.406+0000] {logging_mixin.py:188} INFO - [2025-06-27T01:36:04.406+0000] {serialized_dag.py:166} DEBUG - Checking if DAG (example_local_kubernetes_executor) changed
[2025-06-27T01:36:04.458+0000] {logging_mixin.py:188} INFO - [2025-06-27T01:36:04.458+0000] {serialized_dag.py:177} DEBUG - Serialized DAG (example_local_kubernetes_executor) is unchanged. Skipping writing to DB
[2025-06-27T01:36:04.459+0000] {logging_mixin.py:188} INFO - [2025-06-27T01:36:04.459+0000] {dag.py:3096} INFO - Sync 1 DAGs
[2025-06-27T01:36:04.485+0000] {logging_mixin.py:188} INFO - [2025-06-27T01:36:04.484+0000] {dag.py:3954} INFO - Setting next_dagrun for example_local_kubernetes_executor to None, run_after=None
[2025-06-27T01:36:04.518+0000] {processor.py:183} INFO - Processing /home/airflow/.local/lib/python3.10/site-packages/airflow/example_dags/example_local_kubernetes_executor.py took 0.191 seconds
[2025-06-27T01:36:34.624+0000] {logging_mixin.py:188} INFO - [2025-06-27T01:36:34.622+0000] {settings.py:250} DEBUG - Setting up DB connection pool (PID 22738)
[2025-06-27T01:36:34.627+0000] {logging_mixin.py:188} INFO - [2025-06-27T01:36:34.626+0000] {settings.py:330} DEBUG - settings.prepare_engine_args(): Using pool settings. pool_size=5, max_overflow=10, pool_recycle=1800, pid=22738
[2025-06-27T01:36:34.648+0000] {processor.py:161} INFO - Started process (PID=22738) to work on /home/airflow/.local/lib/python3.10/site-packages/airflow/example_dags/example_local_kubernetes_executor.py
[2025-06-27T01:36:34.650+0000] {processor.py:830} INFO - Processing file /home/airflow/.local/lib/python3.10/site-packages/airflow/example_dags/example_local_kubernetes_executor.py for tasks to queue
[2025-06-27T01:36:34.652+0000] {logging_mixin.py:188} INFO - [2025-06-27T01:36:34.652+0000] {dagbag.py:545} INFO - Filling up the DagBag from /home/airflow/.local/lib/python3.10/site-packages/airflow/example_dags/example_local_kubernetes_executor.py
[2025-06-27T01:36:34.656+0000] {logging_mixin.py:188} INFO - [2025-06-27T01:36:34.656+0000] {dagbag.py:337} DEBUG - Importing /home/airflow/.local/lib/python3.10/site-packages/airflow/example_dags/example_local_kubernetes_executor.py
[2025-06-27T01:36:34.680+0000] {logging_mixin.py:188} INFO - [2025-06-27T01:36:34.676+0000] {dagbag.py:511} DEBUG - Loaded DAG <DAG: example_local_kubernetes_executor>
[2025-06-27T01:36:34.682+0000] {processor.py:840} INFO - DAG(s) 'example_local_kubernetes_executor' retrieved from /home/airflow/.local/lib/python3.10/site-packages/airflow/example_dags/example_local_kubernetes_executor.py
[2025-06-27T01:36:34.687+0000] {logging_mixin.py:188} INFO - [2025-06-27T01:36:34.687+0000] {dagbag.py:667} DEBUG - Running dagbag.sync_to_db with retries. Try 1 of 3
[2025-06-27T01:36:34.689+0000] {logging_mixin.py:188} INFO - [2025-06-27T01:36:34.688+0000] {dagbag.py:672} DEBUG - Calling the DAG.bulk_sync_to_db method
[2025-06-27T01:36:34.723+0000] {logging_mixin.py:188} INFO - [2025-06-27T01:36:34.723+0000] {serialized_dag.py:166} DEBUG - Checking if DAG (example_local_kubernetes_executor) changed
[2025-06-27T01:36:34.799+0000] {logging_mixin.py:188} INFO - [2025-06-27T01:36:34.798+0000] {serialized_dag.py:177} DEBUG - Serialized DAG (example_local_kubernetes_executor) is unchanged. Skipping writing to DB
[2025-06-27T01:36:34.800+0000] {logging_mixin.py:188} INFO - [2025-06-27T01:36:34.800+0000] {dag.py:3096} INFO - Sync 1 DAGs
[2025-06-27T01:36:34.824+0000] {logging_mixin.py:188} INFO - [2025-06-27T01:36:34.824+0000] {dag.py:3954} INFO - Setting next_dagrun for example_local_kubernetes_executor to None, run_after=None
[2025-06-27T01:36:34.856+0000] {processor.py:183} INFO - Processing /home/airflow/.local/lib/python3.10/site-packages/airflow/example_dags/example_local_kubernetes_executor.py took 0.234 seconds
[2025-06-27T01:37:05.059+0000] {logging_mixin.py:188} INFO - [2025-06-27T01:37:05.057+0000] {settings.py:250} DEBUG - Setting up DB connection pool (PID 22801)
[2025-06-27T01:37:05.062+0000] {logging_mixin.py:188} INFO - [2025-06-27T01:37:05.062+0000] {settings.py:330} DEBUG - settings.prepare_engine_args(): Using pool settings. pool_size=5, max_overflow=10, pool_recycle=1800, pid=22801
[2025-06-27T01:37:05.079+0000] {processor.py:161} INFO - Started process (PID=22801) to work on /home/airflow/.local/lib/python3.10/site-packages/airflow/example_dags/example_local_kubernetes_executor.py
[2025-06-27T01:37:05.081+0000] {processor.py:830} INFO - Processing file /home/airflow/.local/lib/python3.10/site-packages/airflow/example_dags/example_local_kubernetes_executor.py for tasks to queue
[2025-06-27T01:37:05.083+0000] {logging_mixin.py:188} INFO - [2025-06-27T01:37:05.083+0000] {dagbag.py:545} INFO - Filling up the DagBag from /home/airflow/.local/lib/python3.10/site-packages/airflow/example_dags/example_local_kubernetes_executor.py
[2025-06-27T01:37:05.086+0000] {logging_mixin.py:188} INFO - [2025-06-27T01:37:05.086+0000] {dagbag.py:337} DEBUG - Importing /home/airflow/.local/lib/python3.10/site-packages/airflow/example_dags/example_local_kubernetes_executor.py
[2025-06-27T01:37:05.107+0000] {logging_mixin.py:188} INFO - [2025-06-27T01:37:05.104+0000] {dagbag.py:511} DEBUG - Loaded DAG <DAG: example_local_kubernetes_executor>
[2025-06-27T01:37:05.109+0000] {processor.py:840} INFO - DAG(s) 'example_local_kubernetes_executor' retrieved from /home/airflow/.local/lib/python3.10/site-packages/airflow/example_dags/example_local_kubernetes_executor.py
[2025-06-27T01:37:05.112+0000] {logging_mixin.py:188} INFO - [2025-06-27T01:37:05.111+0000] {dagbag.py:667} DEBUG - Running dagbag.sync_to_db with retries. Try 1 of 3
[2025-06-27T01:37:05.113+0000] {logging_mixin.py:188} INFO - [2025-06-27T01:37:05.112+0000] {dagbag.py:672} DEBUG - Calling the DAG.bulk_sync_to_db method
[2025-06-27T01:37:05.139+0000] {logging_mixin.py:188} INFO - [2025-06-27T01:37:05.138+0000] {serialized_dag.py:166} DEBUG - Checking if DAG (example_local_kubernetes_executor) changed
[2025-06-27T01:37:05.190+0000] {logging_mixin.py:188} INFO - [2025-06-27T01:37:05.188+0000] {serialized_dag.py:177} DEBUG - Serialized DAG (example_local_kubernetes_executor) is unchanged. Skipping writing to DB
[2025-06-27T01:37:05.192+0000] {logging_mixin.py:188} INFO - [2025-06-27T01:37:05.192+0000] {dag.py:3096} INFO - Sync 1 DAGs
[2025-06-27T01:37:05.216+0000] {logging_mixin.py:188} INFO - [2025-06-27T01:37:05.216+0000] {dag.py:3954} INFO - Setting next_dagrun for example_local_kubernetes_executor to None, run_after=None
[2025-06-27T01:37:05.249+0000] {processor.py:183} INFO - Processing /home/airflow/.local/lib/python3.10/site-packages/airflow/example_dags/example_local_kubernetes_executor.py took 0.192 seconds
[2025-06-27T01:37:35.966+0000] {logging_mixin.py:188} INFO - [2025-06-27T01:37:35.965+0000] {settings.py:250} DEBUG - Setting up DB connection pool (PID 22866)
[2025-06-27T01:37:35.968+0000] {logging_mixin.py:188} INFO - [2025-06-27T01:37:35.968+0000] {settings.py:330} DEBUG - settings.prepare_engine_args(): Using pool settings. pool_size=5, max_overflow=10, pool_recycle=1800, pid=22866
[2025-06-27T01:37:35.981+0000] {processor.py:161} INFO - Started process (PID=22866) to work on /home/airflow/.local/lib/python3.10/site-packages/airflow/example_dags/example_local_kubernetes_executor.py
[2025-06-27T01:37:35.982+0000] {processor.py:830} INFO - Processing file /home/airflow/.local/lib/python3.10/site-packages/airflow/example_dags/example_local_kubernetes_executor.py for tasks to queue
[2025-06-27T01:37:35.983+0000] {logging_mixin.py:188} INFO - [2025-06-27T01:37:35.983+0000] {dagbag.py:545} INFO - Filling up the DagBag from /home/airflow/.local/lib/python3.10/site-packages/airflow/example_dags/example_local_kubernetes_executor.py
[2025-06-27T01:37:35.986+0000] {logging_mixin.py:188} INFO - [2025-06-27T01:37:35.985+0000] {dagbag.py:337} DEBUG - Importing /home/airflow/.local/lib/python3.10/site-packages/airflow/example_dags/example_local_kubernetes_executor.py
[2025-06-27T01:37:35.998+0000] {logging_mixin.py:188} INFO - [2025-06-27T01:37:35.997+0000] {dagbag.py:511} DEBUG - Loaded DAG <DAG: example_local_kubernetes_executor>
[2025-06-27T01:37:36.000+0000] {processor.py:840} INFO - DAG(s) 'example_local_kubernetes_executor' retrieved from /home/airflow/.local/lib/python3.10/site-packages/airflow/example_dags/example_local_kubernetes_executor.py
[2025-06-27T01:37:36.002+0000] {logging_mixin.py:188} INFO - [2025-06-27T01:37:36.002+0000] {dagbag.py:667} DEBUG - Running dagbag.sync_to_db with retries. Try 1 of 3
[2025-06-27T01:37:36.003+0000] {logging_mixin.py:188} INFO - [2025-06-27T01:37:36.003+0000] {dagbag.py:672} DEBUG - Calling the DAG.bulk_sync_to_db method
[2025-06-27T01:37:36.022+0000] {logging_mixin.py:188} INFO - [2025-06-27T01:37:36.022+0000] {serialized_dag.py:166} DEBUG - Checking if DAG (example_local_kubernetes_executor) changed
[2025-06-27T01:37:36.083+0000] {logging_mixin.py:188} INFO - [2025-06-27T01:37:36.082+0000] {serialized_dag.py:177} DEBUG - Serialized DAG (example_local_kubernetes_executor) is unchanged. Skipping writing to DB
[2025-06-27T01:37:36.084+0000] {logging_mixin.py:188} INFO - [2025-06-27T01:37:36.084+0000] {dag.py:3096} INFO - Sync 1 DAGs
[2025-06-27T01:37:36.109+0000] {logging_mixin.py:188} INFO - [2025-06-27T01:37:36.108+0000] {dag.py:3954} INFO - Setting next_dagrun for example_local_kubernetes_executor to None, run_after=None
[2025-06-27T01:37:36.137+0000] {processor.py:183} INFO - Processing /home/airflow/.local/lib/python3.10/site-packages/airflow/example_dags/example_local_kubernetes_executor.py took 0.172 seconds
[2025-06-27T01:38:06.390+0000] {logging_mixin.py:188} INFO - [2025-06-27T01:38:06.389+0000] {settings.py:250} DEBUG - Setting up DB connection pool (PID 22929)
[2025-06-27T01:38:06.393+0000] {logging_mixin.py:188} INFO - [2025-06-27T01:38:06.393+0000] {settings.py:330} DEBUG - settings.prepare_engine_args(): Using pool settings. pool_size=5, max_overflow=10, pool_recycle=1800, pid=22929
[2025-06-27T01:38:06.409+0000] {processor.py:161} INFO - Started process (PID=22929) to work on /home/airflow/.local/lib/python3.10/site-packages/airflow/example_dags/example_local_kubernetes_executor.py
[2025-06-27T01:38:06.410+0000] {processor.py:830} INFO - Processing file /home/airflow/.local/lib/python3.10/site-packages/airflow/example_dags/example_local_kubernetes_executor.py for tasks to queue
[2025-06-27T01:38:06.412+0000] {logging_mixin.py:188} INFO - [2025-06-27T01:38:06.412+0000] {dagbag.py:545} INFO - Filling up the DagBag from /home/airflow/.local/lib/python3.10/site-packages/airflow/example_dags/example_local_kubernetes_executor.py
[2025-06-27T01:38:06.415+0000] {logging_mixin.py:188} INFO - [2025-06-27T01:38:06.415+0000] {dagbag.py:337} DEBUG - Importing /home/airflow/.local/lib/python3.10/site-packages/airflow/example_dags/example_local_kubernetes_executor.py
[2025-06-27T01:38:06.430+0000] {logging_mixin.py:188} INFO - [2025-06-27T01:38:06.428+0000] {dagbag.py:511} DEBUG - Loaded DAG <DAG: example_local_kubernetes_executor>
[2025-06-27T01:38:06.431+0000] {processor.py:840} INFO - DAG(s) 'example_local_kubernetes_executor' retrieved from /home/airflow/.local/lib/python3.10/site-packages/airflow/example_dags/example_local_kubernetes_executor.py
[2025-06-27T01:38:06.434+0000] {logging_mixin.py:188} INFO - [2025-06-27T01:38:06.434+0000] {dagbag.py:667} DEBUG - Running dagbag.sync_to_db with retries. Try 1 of 3
[2025-06-27T01:38:06.435+0000] {logging_mixin.py:188} INFO - [2025-06-27T01:38:06.435+0000] {dagbag.py:672} DEBUG - Calling the DAG.bulk_sync_to_db method
[2025-06-27T01:38:06.459+0000] {logging_mixin.py:188} INFO - [2025-06-27T01:38:06.459+0000] {serialized_dag.py:166} DEBUG - Checking if DAG (example_local_kubernetes_executor) changed
[2025-06-27T01:38:06.505+0000] {logging_mixin.py:188} INFO - [2025-06-27T01:38:06.505+0000] {serialized_dag.py:177} DEBUG - Serialized DAG (example_local_kubernetes_executor) is unchanged. Skipping writing to DB
[2025-06-27T01:38:06.506+0000] {logging_mixin.py:188} INFO - [2025-06-27T01:38:06.506+0000] {dag.py:3096} INFO - Sync 1 DAGs
[2025-06-27T01:38:06.538+0000] {logging_mixin.py:188} INFO - [2025-06-27T01:38:06.538+0000] {dag.py:3954} INFO - Setting next_dagrun for example_local_kubernetes_executor to None, run_after=None
[2025-06-27T01:38:06.569+0000] {processor.py:183} INFO - Processing /home/airflow/.local/lib/python3.10/site-packages/airflow/example_dags/example_local_kubernetes_executor.py took 0.180 seconds
[2025-06-27T01:38:36.844+0000] {logging_mixin.py:188} INFO - [2025-06-27T01:38:36.843+0000] {settings.py:250} DEBUG - Setting up DB connection pool (PID 22992)
[2025-06-27T01:38:36.846+0000] {logging_mixin.py:188} INFO - [2025-06-27T01:38:36.846+0000] {settings.py:330} DEBUG - settings.prepare_engine_args(): Using pool settings. pool_size=5, max_overflow=10, pool_recycle=1800, pid=22992
[2025-06-27T01:38:36.862+0000] {processor.py:161} INFO - Started process (PID=22992) to work on /home/airflow/.local/lib/python3.10/site-packages/airflow/example_dags/example_local_kubernetes_executor.py
[2025-06-27T01:38:36.863+0000] {processor.py:830} INFO - Processing file /home/airflow/.local/lib/python3.10/site-packages/airflow/example_dags/example_local_kubernetes_executor.py for tasks to queue
[2025-06-27T01:38:36.865+0000] {logging_mixin.py:188} INFO - [2025-06-27T01:38:36.865+0000] {dagbag.py:545} INFO - Filling up the DagBag from /home/airflow/.local/lib/python3.10/site-packages/airflow/example_dags/example_local_kubernetes_executor.py
[2025-06-27T01:38:36.869+0000] {logging_mixin.py:188} INFO - [2025-06-27T01:38:36.869+0000] {dagbag.py:337} DEBUG - Importing /home/airflow/.local/lib/python3.10/site-packages/airflow/example_dags/example_local_kubernetes_executor.py
[2025-06-27T01:38:36.886+0000] {logging_mixin.py:188} INFO - [2025-06-27T01:38:36.884+0000] {dagbag.py:511} DEBUG - Loaded DAG <DAG: example_local_kubernetes_executor>
[2025-06-27T01:38:36.887+0000] {processor.py:840} INFO - DAG(s) 'example_local_kubernetes_executor' retrieved from /home/airflow/.local/lib/python3.10/site-packages/airflow/example_dags/example_local_kubernetes_executor.py
[2025-06-27T01:38:36.889+0000] {logging_mixin.py:188} INFO - [2025-06-27T01:38:36.889+0000] {dagbag.py:667} DEBUG - Running dagbag.sync_to_db with retries. Try 1 of 3
[2025-06-27T01:38:36.890+0000] {logging_mixin.py:188} INFO - [2025-06-27T01:38:36.890+0000] {dagbag.py:672} DEBUG - Calling the DAG.bulk_sync_to_db method
[2025-06-27T01:38:36.914+0000] {logging_mixin.py:188} INFO - [2025-06-27T01:38:36.914+0000] {serialized_dag.py:166} DEBUG - Checking if DAG (example_local_kubernetes_executor) changed
[2025-06-27T01:38:36.961+0000] {logging_mixin.py:188} INFO - [2025-06-27T01:38:36.961+0000] {serialized_dag.py:177} DEBUG - Serialized DAG (example_local_kubernetes_executor) is unchanged. Skipping writing to DB
[2025-06-27T01:38:36.963+0000] {logging_mixin.py:188} INFO - [2025-06-27T01:38:36.962+0000] {dag.py:3096} INFO - Sync 1 DAGs
[2025-06-27T01:38:36.985+0000] {logging_mixin.py:188} INFO - [2025-06-27T01:38:36.985+0000] {dag.py:3954} INFO - Setting next_dagrun for example_local_kubernetes_executor to None, run_after=None
[2025-06-27T01:38:37.021+0000] {processor.py:183} INFO - Processing /home/airflow/.local/lib/python3.10/site-packages/airflow/example_dags/example_local_kubernetes_executor.py took 0.178 seconds
[2025-06-27T01:39:07.638+0000] {logging_mixin.py:188} INFO - [2025-06-27T01:39:07.636+0000] {settings.py:250} DEBUG - Setting up DB connection pool (PID 23057)
[2025-06-27T01:39:07.640+0000] {logging_mixin.py:188} INFO - [2025-06-27T01:39:07.640+0000] {settings.py:330} DEBUG - settings.prepare_engine_args(): Using pool settings. pool_size=5, max_overflow=10, pool_recycle=1800, pid=23057
[2025-06-27T01:39:07.651+0000] {processor.py:161} INFO - Started process (PID=23057) to work on /home/airflow/.local/lib/python3.10/site-packages/airflow/example_dags/example_local_kubernetes_executor.py
[2025-06-27T01:39:07.652+0000] {processor.py:830} INFO - Processing file /home/airflow/.local/lib/python3.10/site-packages/airflow/example_dags/example_local_kubernetes_executor.py for tasks to queue
[2025-06-27T01:39:07.654+0000] {logging_mixin.py:188} INFO - [2025-06-27T01:39:07.653+0000] {dagbag.py:545} INFO - Filling up the DagBag from /home/airflow/.local/lib/python3.10/site-packages/airflow/example_dags/example_local_kubernetes_executor.py
[2025-06-27T01:39:07.656+0000] {logging_mixin.py:188} INFO - [2025-06-27T01:39:07.656+0000] {dagbag.py:337} DEBUG - Importing /home/airflow/.local/lib/python3.10/site-packages/airflow/example_dags/example_local_kubernetes_executor.py
[2025-06-27T01:39:07.673+0000] {logging_mixin.py:188} INFO - [2025-06-27T01:39:07.670+0000] {dagbag.py:511} DEBUG - Loaded DAG <DAG: example_local_kubernetes_executor>
[2025-06-27T01:39:07.675+0000] {processor.py:840} INFO - DAG(s) 'example_local_kubernetes_executor' retrieved from /home/airflow/.local/lib/python3.10/site-packages/airflow/example_dags/example_local_kubernetes_executor.py
[2025-06-27T01:39:07.678+0000] {logging_mixin.py:188} INFO - [2025-06-27T01:39:07.678+0000] {dagbag.py:667} DEBUG - Running dagbag.sync_to_db with retries. Try 1 of 3
[2025-06-27T01:39:07.679+0000] {logging_mixin.py:188} INFO - [2025-06-27T01:39:07.679+0000] {dagbag.py:672} DEBUG - Calling the DAG.bulk_sync_to_db method
[2025-06-27T01:39:07.707+0000] {logging_mixin.py:188} INFO - [2025-06-27T01:39:07.706+0000] {serialized_dag.py:166} DEBUG - Checking if DAG (example_local_kubernetes_executor) changed
[2025-06-27T01:39:07.766+0000] {logging_mixin.py:188} INFO - [2025-06-27T01:39:07.765+0000] {serialized_dag.py:177} DEBUG - Serialized DAG (example_local_kubernetes_executor) is unchanged. Skipping writing to DB
[2025-06-27T01:39:07.767+0000] {logging_mixin.py:188} INFO - [2025-06-27T01:39:07.766+0000] {dag.py:3096} INFO - Sync 1 DAGs
[2025-06-27T01:39:07.794+0000] {logging_mixin.py:188} INFO - [2025-06-27T01:39:07.794+0000] {dag.py:3954} INFO - Setting next_dagrun for example_local_kubernetes_executor to None, run_after=None
[2025-06-27T01:39:07.832+0000] {processor.py:183} INFO - Processing /home/airflow/.local/lib/python3.10/site-packages/airflow/example_dags/example_local_kubernetes_executor.py took 0.197 seconds
[2025-06-27T01:39:37.946+0000] {logging_mixin.py:188} INFO - [2025-06-27T01:39:37.944+0000] {settings.py:250} DEBUG - Setting up DB connection pool (PID 23119)
[2025-06-27T01:39:37.948+0000] {logging_mixin.py:188} INFO - [2025-06-27T01:39:37.948+0000] {settings.py:330} DEBUG - settings.prepare_engine_args(): Using pool settings. pool_size=5, max_overflow=10, pool_recycle=1800, pid=23119
[2025-06-27T01:39:37.962+0000] {processor.py:161} INFO - Started process (PID=23119) to work on /home/airflow/.local/lib/python3.10/site-packages/airflow/example_dags/example_local_kubernetes_executor.py
[2025-06-27T01:39:37.963+0000] {processor.py:830} INFO - Processing file /home/airflow/.local/lib/python3.10/site-packages/airflow/example_dags/example_local_kubernetes_executor.py for tasks to queue
[2025-06-27T01:39:37.965+0000] {logging_mixin.py:188} INFO - [2025-06-27T01:39:37.964+0000] {dagbag.py:545} INFO - Filling up the DagBag from /home/airflow/.local/lib/python3.10/site-packages/airflow/example_dags/example_local_kubernetes_executor.py
[2025-06-27T01:39:37.968+0000] {logging_mixin.py:188} INFO - [2025-06-27T01:39:37.967+0000] {dagbag.py:337} DEBUG - Importing /home/airflow/.local/lib/python3.10/site-packages/airflow/example_dags/example_local_kubernetes_executor.py
[2025-06-27T01:39:37.982+0000] {logging_mixin.py:188} INFO - [2025-06-27T01:39:37.981+0000] {dagbag.py:511} DEBUG - Loaded DAG <DAG: example_local_kubernetes_executor>
[2025-06-27T01:39:37.983+0000] {processor.py:840} INFO - DAG(s) 'example_local_kubernetes_executor' retrieved from /home/airflow/.local/lib/python3.10/site-packages/airflow/example_dags/example_local_kubernetes_executor.py
[2025-06-27T01:39:37.986+0000] {logging_mixin.py:188} INFO - [2025-06-27T01:39:37.986+0000] {dagbag.py:667} DEBUG - Running dagbag.sync_to_db with retries. Try 1 of 3
[2025-06-27T01:39:37.987+0000] {logging_mixin.py:188} INFO - [2025-06-27T01:39:37.987+0000] {dagbag.py:672} DEBUG - Calling the DAG.bulk_sync_to_db method
[2025-06-27T01:39:38.013+0000] {logging_mixin.py:188} INFO - [2025-06-27T01:39:38.013+0000] {serialized_dag.py:166} DEBUG - Checking if DAG (example_local_kubernetes_executor) changed
[2025-06-27T01:39:38.072+0000] {logging_mixin.py:188} INFO - [2025-06-27T01:39:38.072+0000] {serialized_dag.py:177} DEBUG - Serialized DAG (example_local_kubernetes_executor) is unchanged. Skipping writing to DB
[2025-06-27T01:39:38.076+0000] {logging_mixin.py:188} INFO - [2025-06-27T01:39:38.075+0000] {dag.py:3096} INFO - Sync 1 DAGs
[2025-06-27T01:39:38.105+0000] {logging_mixin.py:188} INFO - [2025-06-27T01:39:38.104+0000] {dag.py:3954} INFO - Setting next_dagrun for example_local_kubernetes_executor to None, run_after=None
[2025-06-27T01:39:38.135+0000] {processor.py:183} INFO - Processing /home/airflow/.local/lib/python3.10/site-packages/airflow/example_dags/example_local_kubernetes_executor.py took 0.191 seconds
